{
"type": "FeatureCollection",
"name": "anhanguera",
"crs": { "type": "name", "properties": { "name": "urn:ogc:def:crs:OGC:1.3:CRS84" } },
"xy_coordinate_resolution": 1e-06,
"features": [
{ "type": "Feature", "properties": { "CD_SETOR": "355030803000005", "faces": 8, "pavimentada": 100.0, "bueiro": 12.5, "iluminacao": 100.0, "onibus": 12.5, "ciclovia": 0.0, "calcada": 75.0, "obstaculo": 100.0, "rampa": 0.0, "rampa_faces": 0.0, "sem_calcada": 25.0, "sem_arvore": 25.0, "muitas_arvores": 37.5, "vao": 100.0, "V05400": 8, "V05421": 6, "V05406": 8, "V05412": 8, "V05422": 2, "V05424": 6, "V05427": 0, "V05409": 1, "V05415": 1, "V05418": 0, "V05430": 2, "V05433": 3, "criancas_0a4": 8, "em_favela": false }, "geometry": { "type": "Polygon", "coordinates": [ [ [ -46.790091, -23.442685 ], [ -46.790336, -23.442771 ], [ -46.790685, -23.442575 ], [ -46.790861, -23.442634 ], [ -46.79092, -23.442716 ], [ -46.790946, -23.442929 ], [ -46.79079, -23.443599 ], [ -46.790906, -23.443842 ], [ -46.791106, -23.444066 ], [ -46.791168, -23.443608 ], [ -46.791227, -23.443534 ], [ -46.791307, -23.443485 ], [ -46.791585, -23.443519 ], [ -46.791642, -23.443415 ], [ -46.791615, -23.442696 ], [ -46.791551, -23.44251 ], [ -46.791329, -23.442226 ], [ -46.790724, -23.441968 ], [ -46.790602, -23.441869 ], [ -46.790425, -23.441579 ], [ -46.790203, -23.441768 ], [ -46.790016, -23.442189 ], [ -46.789999, -23.442369 ], [ -46.790091, -23.442685 ] ] ] } },
{ "type": "Feature", "properties": { "CD_SETOR": "355030803000013", "faces": 16, "pavimentada": 100.0, "bueiro": 56.25, "iluminacao": 93.75, "onibus": 12.5, "ciclovia": 6.25, "calcada": 93.75, "obstaculo": 86.67, "rampa": 20.0, "rampa_faces": 18.75, "sem_calcada": 6.25, "sem_arvore": 37.5, "muitas_arvores": 31.25, "vao": 81.25, "V05400": 16, "V05421": 15, "V05406": 16, "V05412": 15, "V05422": 1, "V05424": 13, "V05427": 3, "V05409": 9, "V05415": 2, "V05418": 1, "V05430": 6, "V05433": 5, "criancas_0a4": 61, "em_favela": false }, "geometry": { "type": "Polygon", "coordinates": [ [ [ -46.790179, -23.432802 ], [ -46.790529, -23.432685 ], [ -46.790708, -23.43277 ], [ -46.790765, -23.432855 ], [ -46.790766, -23.433017 ], [ -46.790583, -23.433371 ], [ -46.790892, -23.433748 ], [ -46.790825, -23.433957 ], [ -46.788463, -23.435413 ], [ -46.788307, -23.435353 ], [ -46.788135, -23.435377 ], [ -46.787589, -23.435764 ], [ -46.787285, -23.436065 ], [ -46.787089, -23.436084 ], [ -46.786537, -23.435976 ], [ -46.786365, -23.436022 ], [ -46.786196, -23.436144 ], [ -46.785962, -23.43767 ], [ -46.788038, -23.436329 ], [ -46.788977, -23.435637 ], [ -46.789532, -23.435638 ], [ -46.789535, -23.435365 ], [ -46.789738, -23.435199 ], [ -46.792174, -23.433796 ], [ -46.792335, -23.433751 ], [ -46.792337, -23.43357 ], [ -46.791997, -23.432817 ], [ -46.791962, -23.432349 ], [ -46.791706, -23.432105 ], [ -46.791354, -23.432306 ], [ -46.791209, -23.432139 ], [ -46.79105, -23.43208 ], [ -46.790345, -23.432036 ], [ -46.789984, -23.432134 ], [ -46.790179, -23.432802 ] ] ] } },
{ "type": "Feature", "properties": { "CD_SETOR": "355030803000016", "faces": 30, "pavimentada": 100.0, "bueiro": 76.67, "iluminacao": 100.0, "onibus": 16.67, "ciclovia": 0.0, "calcada": 100.0, "obstaculo": 76.67, "rampa": 36.67, "rampa_faces": 36.67, "sem_calcada": 0.0, "sem_arvore": 26.67, "muitas_arvores": 36.67, "vao": 63.33, "V05400": 30, "V05421": 30, "V05406": 30, "V05412": 30, "V05422": 0, "V05424": 23, "V05427": 11, "V05409": 23, "V05415": 5, "V05418": 0, "V05430": 8, "V05433": 11, "criancas_0a4": 9, "em_favela": false }, "geometry": { "type": "Polygon", "coordinates": [ [ [ -46.791207, -23.429944 ], [ -46.791218, -23.430037 ], [ -46.792042, -23.431715 ], [ -46.792529, -23.432588 ], [ -46.792852, -23.433315 ], [ -46.792853, -23.433405 ], [ -46.792362, -23.434115 ], [ -46.792257, -23.434367 ], [ -46.792659, -23.434593 ], [ -46.793535, -23.43326 ], [ -46.794549, -23.43302 ], [ -46.79453, -23.431937 ], [ -46.794732, -23.431113 ], [ -46.794025, -23.431452 ], [ -46.793993, -23.431526 ], [ -46.793291, -23.431421 ], [ -46.792909, -23.430654 ], [ -46.792953, -23.430618 ], [ -46.793336, -23.429101 ], [ -46.793309, -23.428987 ], [ -46.791806, -23.429886 ], [ -46.791504, -23.429952 ], [ -46.791207, -23.429944 ] ] ] } },
{ "type": "Feature", "properties": { "CD_SETOR": "355030803000020", "faces": 11, "pavimentada": 100.0, "bueiro": 72.73, "iluminacao": 90.91, "onibus": 0.0, "ciclovia": 0.0, "calcada": 81.82, "obstaculo": 100.0, "rampa": 0.0, "rampa_faces": 0.0, "sem_calcada": 18.18, "sem_arvore": 54.55, "muitas_arvores": 0.0, "vao": 100.0, "V05400": 11, "V05421": 9, "V05406": 11, "V05412": 10, "V05422": 2, "V05424": 9, "V05427": 0, "V05409": 8, "V05415": 0, "V05418": 0, "V05430": 6, "V05433": 0, "criancas_0a4": 28, "em_favela": false }, "geometry": { "type": "Polygon", "coordinates": [ [ [ -46.790298, -23.452257 ], [ -46.791343, -23.453155 ], [ -46.791488, -23.453008 ], [ -46.791377, -23.452904 ], [ -46.791505, -23.452754 ], [ -46.791017, -23.452405 ], [ -46.790829, -23.452449 ], [ -46.790651, -23.452322 ], [ -46.790684, -23.452209 ], [ -46.790982, -23.452006 ], [ -46.790291, -23.451306 ], [ -46.788713, -23.450184 ], [ -46.788623, -23.450895 ], [ -46.789322, -23.451443 ], [ -46.789711, -23.451646 ], [ -46.789729, -23.451712 ], [ -46.790298, -23.452257 ] ] ] } },
{ "type": "Feature", "properties": { "CD_SETOR": "355030803000022", "faces": 17, "pavimentada": 100.0, "bueiro": 47.06, "iluminacao": 100.0, "onibus": 17.65, "ciclovia": 0.0, "calcada": 76.47, "obstaculo": 100.0, "rampa": 0.0, "rampa_faces": 0.0, "sem_calcada": 23.53, "sem_arvore": 35.29, "muitas_arvores": 17.65, "vao": 100.0, "V05400": 17, "V05421": 13, "V05406": 17, "V05412": 17, "V05422": 4, "V05424": 13, "V05427": 0, "V05409": 8, "V05415": 3, "V05418": 0, "V05430": 6, "V05433": 3, "criancas_0a4": 28, "em_favela": false }, "geometry": { "type": "Polygon", "coordinates": [ [ [ -46.790549, -23.438643 ], [ -46.790527, -23.43926 ], [ -46.790338, -23.439272 ], [ -46.790222, -23.439332 ], [ -46.790346, -23.439467 ], [ -46.790421, -23.439693 ], [ -46.790039, -23.440774 ], [ -46.790046, -23.440981 ], [ -46.790217, -23.441182 ], [ -46.790521, -23.440772 ], [ -46.790661, -23.440742 ], [ -46.7909, -23.440444 ], [ -46.791143, -23.440512 ], [ -46.791443, -23.440491 ], [ -46.791499, -23.440121 ], [ -46.791896, -23.439942 ], [ -46.791929, -23.439703 ], [ -46.792282, -23.438969 ], [ -46.792204, -23.438736 ], [ -46.792032, -23.43865 ], [ -46.790885, -23.438762 ], [ -46.790718, -23.438748 ], [ -46.790549, -23.438643 ] ] ] } },
{ "type": "Feature", "properties": { "CD_SETOR": "355030803000023", "faces": 18, "pavimentada": 100.0, "bueiro": 61.11, "iluminacao": 88.89, "onibus": 11.11, "ciclovia": 0.0, "calcada": 88.89, "obstaculo": 100.0, "rampa": 6.25, "rampa_faces": 5.56, "sem_calcada": 11.11, "sem_arvore": 16.67, "muitas_arvores": 33.33, "vao": 94.44, "V05400": 18, "V05421": 16, "V05406": 18, "V05412": 16, "V05422": 2, "V05424": 16, "V05427": 1, "V05409": 11, "V05415": 2, "V05418": 0, "V05430": 3, "V05433": 6, "criancas_0a4": 32, "em_favela": false }, "geometry": { "type": "Polygon", "coordinates": [ [ [ -46.790529, -23.432685 ], [ -46.789756, -23.432988 ], [ -46.789569, -23.432963 ], [ -46.78935, -23.432829 ], [ -46.789354, -23.433474 ], [ -46.789261, -23.433843 ], [ -46.788512, -23.435355 ], [ -46.790711, -23.434044 ], [ -46.790866, -23.433898 ], [ -46.790873, -23.433703 ], [ -46.790611, -23.433449 ], [ -46.790583, -23.433371 ], [ -46.790766, -23.433017 ], [ -46.790742, -23.432814 ], [ -46.790529, -23.432685 ] ] ] } },
{ "type": "Feature", "properties": { "CD_SETOR": "355030803000029", "faces": 11, "pavimentada": 100.0, "bueiro": 63.64, "iluminacao": 100.0, "onibus": 0.0, "ciclovia": 0.0, "calcada": 100.0, "obstaculo": 100.0, "rampa": 0.0, "rampa_faces": 0.0, "sem_calcada": 0.0, "sem_arvore": 27.27, "muitas_arvores": 36.36, "vao": 100.0, "V05400": 11, "V05421": 11, "V05406": 11, "V05412": 11, "V05422": 0, "V05424": 11, "V05427": 0, "V05409": 7, "V05415": 0, "V05418": 0, "V05430": 3, "V05433": 4, "criancas_0a4": 39, "em_favela": false }, "geometry": { "type": "Polygon", "coordinates": [ [ [ -46.796181, -23.446788 ], [ -46.795948, -23.447846 ], [ -46.795965, -23.447945 ], [ -46.796492, -23.448804 ], [ -46.796679, -23.44982 ], [ -46.796583, -23.450404 ], [ -46.797126, -23.450961 ], [ -46.797482, -23.451127 ], [ -46.797429, -23.450149 ], [ -46.797251, -23.449604 ], [ -46.796916, -23.448021 ], [ -46.796835, -23.447986 ], [ -46.796869, -23.447871 ], [ -46.796975, -23.447774 ], [ -46.79754, -23.447648 ], [ -46.797418, -23.4472 ], [ -46.797027, -23.446503 ], [ -46.796519, -23.446674 ], [ -46.79648, -23.446837 ], [ -46.796181, -23.446788 ] ] ] } },
{ "type": "Feature", "properties": { "CD_SETOR": "355030803000031", "faces": 16, "pavimentada": 100.0, "bueiro": 75.0, "iluminacao": 100.0, "onibus": 37.5, "ciclovia": 0.0, "calcada": 100.0, "obstaculo": 93.75, "rampa": 0.0, "rampa_faces": 0.0, "sem_calcada": 0.0, "sem_arvore": 43.75, "muitas_arvores": 12.5, "vao": 100.0, "V05400": 16, "V05421": 16, "V05406": 16, "V05412": 16, "V05422": 0, "V05424": 15, "V05427": 0, "V05409": 12, "V05415": 6, "V05418": 0, "V05430": 7, "V05433": 2, "criancas_0a4": 32, "em_favela": false }, "geometry": { "type": "Polygon", "coordinates": [ [ [ -46.797268, -23.444807 ], [ -46.797606, -23.445649 ], [ -46.797991, -23.445898 ], [ -46.798116, -23.446036 ], [ -46.799869, -23.445757 ], [ -46.799364, -23.445651 ], [ -46.798428, -23.444872 ], [ -46.798348, -23.444681 ], [ -46.797268, -23.444807 ] ] ] } },
{ "type": "Feature", "properties": { "CD_SETOR": "355030803000051", "faces": 10, "pavimentada": 100.0, "bueiro": 60.0, "iluminacao": 80.0, "onibus": 10.0, "ciclovia": 0.0, "calcada": 80.0, "obstaculo": 100.0, "rampa": 0.0, "rampa_faces": 0.0, "sem_calcada": 20.0, "sem_arvore": 40.0, "muitas_arvores": 20.0, "vao": 100.0, "V05400": 10, "V05421": 8, "V05406": 10, "V05412": 8, "V05422": 2, "V05424": 8, "V05427": 0, "V05409": 6, "V05415": 1, "V05418": 0, "V05430": 4, "V05433": 2, "criancas_0a4": 40, "em_favela": false }, "geometry": { "type": "Polygon", "coordinates": [ [ [ -46.792582, -23.446835 ], [ -46.796464, -23.445959 ], [ -46.796429, -23.445761 ], [ -46.79601, -23.445393 ], [ -46.795987, -23.445487 ], [ -46.796067, -23.445855 ], [ -46.796032, -23.445954 ], [ -46.795927, -23.445924 ], [ -46.795573, -23.445401 ], [ -46.795414, -23.445342 ], [ -46.795086, -23.445461 ], [ -46.79478, -23.445721 ], [ -46.794555, -23.445977 ], [ -46.79451, -23.446102 ], [ -46.794396, -23.44612 ], [ -46.793972, -23.445697 ], [ -46.793806, -23.445688 ], [ -46.793646, -23.445742 ], [ -46.792882, -23.446449 ], [ -46.792785, -23.44627 ], [ -46.792828, -23.445813 ], [ -46.792587, -23.445145 ], [ -46.792452, -23.445016 ], [ -46.791695, -23.444627 ], [ -46.791873, -23.445125 ], [ -46.792175, -23.446287 ], [ -46.792458, -23.446583 ], [ -46.792582, -23.446835 ] ] ] } },
{ "type": "Feature", "properties": { "CD_SETOR": "355030803000052", "faces": 14, "pavimentada": 100.0, "bueiro": 0.0, "iluminacao": 100.0, "onibus": 7.14, "ciclovia": 0.0, "calcada": 85.71, "obstaculo": 100.0, "rampa": 0.0, "rampa_faces": 0.0, "sem_calcada": 14.29, "sem_arvore": 42.86, "muitas_arvores": 21.43, "vao": 100.0, "V05400": 14, "V05421": 12, "V05406": 14, "V05412": 14, "V05422": 2, "V05424": 12, "V05427": 0, "V05409": 0, "V05415": 1, "V05418": 0, "V05430": 6, "V05433": 3, "criancas_0a4": 31, "em_favela": false }, "geometry": { "type": "Polygon", "coordinates": [ [ [ -46.790217, -23.441182 ], [ -46.790602, -23.441869 ], [ -46.790724, -23.441968 ], [ -46.791329, -23.442226 ], [ -46.791551, -23.44251 ], [ -46.791615, -23.442696 ], [ -46.791642, -23.443415 ], [ -46.79185, -23.443258 ], [ -46.792388, -23.442572 ], [ -46.79346, -23.441884 ], [ -46.792508, -23.441765 ], [ -46.792246, -23.441786 ], [ -46.792145, -23.441841 ], [ -46.79223, -23.441234 ], [ -46.791988, -23.44132 ], [ -46.791848, -23.44128 ], [ -46.791541, -23.440954 ], [ -46.791381, -23.44088 ], [ -46.790217, -23.441182 ] ] ] } },
{ "type": "Feature", "properties": { "CD_SETOR": "355030803000053", "faces": 25, "pavimentada": 88.0, "bueiro": 52.0, "iluminacao": 92.0, "onibus": 20.0, "ciclovia": 4.0, "calcada": 76.0, "obstaculo": 84.21, "rampa": 5.26, "rampa_faces": 4.0, "sem_calcada": 24.0, "sem_arvore": 48.0, "muitas_arvores": 40.0, "vao": 84.0, "V05400": 25, "V05421": 19, "V05406": 22, "V05412": 23, "V05422": 6, "V05424": 16, "V05427": 1, "V05409": 13, "V05415": 5, "V05418": 1, "V05430": 12, "V05433": 10, "criancas_0a4": 31, "em_favela": false }, "geometry": { "type": "Polygon", "coordinates": [ [ [ -46.796379, -23.442711 ], [ -46.796637, -23.443169 ], [ -46.796753, -23.443977 ], [ -46.797083, -23.444345 ], [ -46.797268, -23.444807 ], [ -46.798348, -23.444681 ], [ -46.798399, -23.444543 ], [ -46.798667, -23.444283 ], [ -46.799389, -23.445231 ], [ -46.799456, -23.444332 ], [ -46.800514, -23.444763 ], [ -46.801054, -23.444692 ], [ -46.801028, -23.444601 ], [ -46.800839, -23.444421 ], [ -46.800422, -23.444209 ], [ -46.800234, -23.444032 ], [ -46.799287, -23.44343 ], [ -46.798932, -23.443124 ], [ -46.798381, -23.442845 ], [ -46.798048, -23.442753 ], [ -46.796379, -23.442711 ] ] ] } },
{ "type": "Feature", "properties": { "CD_SETOR": "355030803000058", "faces": 21, "pavimentada": 100.0, "bueiro": 76.19, "iluminacao": 95.24, "onibus": 28.57, "ciclovia": 0.0, "calcada": 52.38, "obstaculo": 100.0, "rampa": 0.0, "rampa_faces": 0.0, "sem_calcada": 47.62, "sem_arvore": 23.81, "muitas_arvores": 38.1, "vao": 100.0, "V05400": 21, "V05421": 11, "V05406": 21, "V05412": 20, "V05422": 10, "V05424": 11, "V05427": 0, "V05409": 16, "V05415": 6, "V05418": 0, "V05430": 5, "V05433": 8, "criancas_0a4": 25, "em_favela": false }, "geometry": { "type": "Polygon", "coordinates": [ [ [ -46.80766, -23.413519 ], [ -46.806661, -23.414148 ], [ -46.802828, -23.416268 ], [ -46.802989, -23.416536 ], [ -46.803107, -23.416631 ], [ -46.803044, -23.417033 ], [ -46.803246, -23.417565 ], [ -46.803678, -23.417332 ], [ -46.803724, -23.417259 ], [ -46.804274, -23.416903 ], [ -46.804253, -23.416653 ], [ -46.804535, -23.416603 ], [ -46.804877, -23.416699 ], [ -46.805108, -23.41666 ], [ -46.805376, -23.41682 ], [ -46.80554, -23.416995 ], [ -46.805549, -23.41735 ], [ -46.805273, -23.418676 ], [ -46.805616, -23.41867 ], [ -46.806325, -23.41857 ], [ -46.807231, -23.418268 ], [ -46.807692, -23.41797 ], [ -46.808652, -23.417145 ], [ -46.808968, -23.416852 ], [ -46.80998, -23.415701 ], [ -46.810039, -23.415566 ], [ -46.809987, -23.415151 ], [ -46.809054, -23.414364 ], [ -46.80897, -23.414336 ], [ -46.808209, -23.413649 ], [ -46.807908, -23.413523 ], [ -46.80766, -23.413519 ] ] ] } },
{ "type": "Feature", "properties": { "CD_SETOR": "355030803000073", "faces": 28, "pavimentada": 78.57, "bueiro": 57.14, "iluminacao": 75.0, "onibus": 3.57, "ciclovia": 0.0, "calcada": 67.86, "obstaculo": 89.47, "rampa": 0.0, "rampa_faces": 0.0, "sem_calcada": 17.86, "sem_arvore": 0.0, "muitas_arvores": 10.71, "vao": 78.57, "V05400": 28, "V05421": 19, "V05406": 22, "V05412": 21, "V05422": 5, "V05424": 17, "V05427": 0, "V05409": 16, "V05415": 1, "V05418": 0, "V05430": 0, "V05433": 3, "criancas_0a4": 12, "em_favela": false }, "geometry": { "type": "Polygon", "coordinates": [ [ [ -46.761569, -23.431776 ], [ -46.761854, -23.431722 ], [ -46.762133, -23.431438 ], [ -46.76222, -23.431143 ], [ -46.762319, -23.430102 ], [ -46.762664, -23.429744 ], [ -46.762731, -23.429303 ], [ -46.763063, -23.428469 ], [ -46.763338, -23.428503 ], [ -46.763727, -23.428624 ], [ -46.763995, -23.428866 ], [ -46.764397, -23.428991 ], [ -46.765197, -23.429354 ], [ -46.766183, -23.429952 ], [ -46.766858, -23.430053 ], [ -46.767117, -23.430221 ], [ -46.767377, -23.43053 ], [ -46.767539, -23.430846 ], [ -46.76761, -23.431202 ], [ -46.767383, -23.432015 ], [ -46.767069, -23.433652 ], [ -46.767202, -23.434855 ], [ -46.76827, -23.439576 ], [ -46.768624, -23.439464 ], [ -46.769385, -23.438849 ], [ -46.769638, -23.438727 ], [ -46.770126, -23.437015 ], [ -46.770436, -23.436568 ], [ -46.770848, -23.435792 ], [ -46.770777, -23.435347 ], [ -46.770605, -23.435421 ], [ -46.770344, -23.434933 ], [ -46.770132, -23.434304 ], [ -46.770192, -23.434157 ], [ -46.770851, -23.434183 ], [ -46.771405, -23.434298 ], [ -46.771944, -23.433985 ], [ -46.772461, -23.433431 ], [ -46.772704, -23.432982 ], [ -46.772826, -23.432613 ], [ -46.772679, -23.43201 ], [ -46.772456, -23.431761 ], [ -46.77246, -23.431511 ], [ -46.77235, -23.431045 ], [ -46.772018, -23.431004 ], [ -46.771691, -23.430888 ], [ -46.768758, -23.429763 ], [ -46.766649, -23.429242 ], [ -46.766411, -23.428649 ], [ -46.766184, -23.428498 ], [ -46.766549, -23.427242 ], [ -46.766587, -23.426953 ], [ -46.765953, -23.426798 ], [ -46.766512, -23.422951 ], [ -46.767023, -23.422168 ], [ -46.768927, -23.420726 ], [ -46.768766, -23.419921 ], [ -46.768749, -23.419498 ], [ -46.768538, -23.419613 ], [ -46.768132, -23.419404 ], [ -46.767631, -23.419361 ], [ -46.767124, -23.419132 ], [ -46.766857, -23.419121 ], [ -46.766262, -23.419289 ], [ -46.766048, -23.419222 ], [ -46.765735, -23.418892 ], [ -46.765568, -23.418826 ], [ -46.765255, -23.419034 ], [ -46.76511, -23.419529 ], [ -46.765028, -23.419584 ], [ -46.764923, -23.419634 ], [ -46.764148, -23.419665 ], [ -46.763899, -23.419913 ], [ -46.763607, -23.420019 ], [ -46.763493, -23.420121 ], [ -46.763153, -23.420519 ], [ -46.763064, -23.420924 ], [ -46.762875, -23.42108 ], [ -46.762789, -23.421225 ], [ -46.762642, -23.421658 ], [ -46.762275, -23.422002 ], [ -46.761707, -23.422808 ], [ -46.761504, -23.423518 ], [ -46.761589, -23.423663 ], [ -46.762228, -23.424307 ], [ -46.762253, -23.424398 ], [ -46.762117, -23.424478 ], [ -46.762087, -23.424546 ], [ -46.762476, -23.424994 ], [ -46.762533, -23.425184 ], [ -46.762167, -23.425933 ], [ -46.761637, -23.42638 ], [ -46.761333, -23.426468 ], [ -46.761076, -23.427225 ], [ -46.761065, -23.427418 ], [ -46.761168, -23.427918 ], [ -46.761287, -23.428185 ], [ -46.761974, -23.428321 ], [ -46.762101, -23.428465 ], [ -46.76212, -23.428995 ], [ -46.761813, -23.428966 ], [ -46.761655, -23.429029 ], [ -46.761564, -23.429124 ], [ -46.76152, -23.429331 ], [ -46.761571, -23.42979 ], [ -46.76178, -23.429932 ], [ -46.761833, -23.430001 ], [ -46.761813, -23.430069 ], [ -46.761225, -23.43078 ], [ -46.761261, -23.430993 ], [ -46.761624, -23.431283 ], [ -46.761641, -23.43151 ], [ -46.761569, -23.431776 ] ] ] } },
{ "type": "Feature", "properties": { "CD_SETOR": "355030803000080", "faces": 11, "pavimentada": 100.0, "bueiro": 45.45, "iluminacao": 90.91, "onibus": 9.09, "ciclovia": 0.0, "calcada": 100.0, "obstaculo": 100.0, "rampa": 0.0, "rampa_faces": 0.0, "sem_calcada": 0.0, "sem_arvore": 18.18, "muitas_arvores": 36.36, "vao": 100.0, "V05400": 11, "V05421": 11, "V05406": 11, "V05412": 10, "V05422": 0, "V05424": 11, "V05427": 0, "V05409": 5, "V05415": 1, "V05418": 0, "V05430": 2, "V05433": 4, "criancas_0a4": 44, "em_favela": false }, "geometry": { "type": "Polygon", "coordinates": [ [ [ -46.803012, -23.446955 ], [ -46.803227, -23.447111 ], [ -46.803614, -23.446572 ], [ -46.804203, -23.445016 ], [ -46.803845, -23.445034 ], [ -46.803382, -23.445508 ], [ -46.803009, -23.44575 ], [ -46.802483, -23.445661 ], [ -46.801349, -23.44515 ], [ -46.800858, -23.446349 ], [ -46.80213, -23.446662 ], [ -46.802926, -23.446961 ], [ -46.803012, -23.446955 ] ] ] } },
{ "type": "Feature", "properties": { "CD_SETOR": "355030803000083", "faces": 3, "pavimentada": 66.67, "bueiro": 33.33, "iluminacao": 66.67, "onibus": 33.33, "ciclovia": 0.0, "calcada": 66.67, "obstaculo": 100.0, "rampa": 0.0, "rampa_faces": 0.0, "sem_calcada": 0.0, "sem_arvore": 0.0, "muitas_arvores": 33.33, "vao": 66.67, "V05400": 3, "V05421": 2, "V05406": 2, "V05412": 2, "V05422": 0, "V05424": 2, "V05427": 0, "V05409": 1, "V05415": 1, "V05418": 0, "V05430": 0, "V05433": 1, "criancas_0a4": 0, "em_favela": false }, "geometry": { "type": "Polygon", "coordinates": [ [ [ -46.792582, -23.446835 ], [ -46.792596, -23.446971 ], [ -46.792492, -23.447265 ], [ -46.7924, -23.447907 ], [ -46.792413, -23.4481 ], [ -46.7926, -23.448286 ], [ -46.793066, -23.448395 ], [ -46.79315, -23.448463 ], [ -46.793545, -23.449174 ], [ -46.794352, -23.449005 ], [ -46.794656, -23.449026 ], [ -46.794961, -23.449139 ], [ -46.7952, -23.449159 ], [ -46.796526, -23.449001 ], [ -46.796492, -23.448804 ], [ -46.795965, -23.447945 ], [ -46.795948, -23.447846 ], [ -46.796181, -23.446788 ], [ -46.796421, -23.44618 ], [ -46.796464, -23.445959 ], [ -46.792582, -23.446835 ] ] ] } },
{ "type": "Feature", "properties": { "CD_SETOR": "355030803000086", "faces": 1, "pavimentada": 100.0, "bueiro": 100.0, "iluminacao": 100.0, "onibus": 0.0, "ciclovia": 0.0, "calcada": 100.0, "obstaculo": 100.0, "rampa": 0.0, "rampa_faces": 0.0, "sem_calcada": 0.0, "sem_arvore": 0.0, "muitas_arvores": 100.0, "vao": 100.0, "V05400": 1, "V05421": 1, "V05406": 1, "V05412": 1, "V05422": 0, "V05424": 1, "V05427": 0, "V05409": 1, "V05415": 0, "V05418": 0, "V05430": 0, "V05433": 1, "criancas_0a4": 0, "em_favela": false }, "geometry": { "type": "Polygon", "coordinates": [ [ [ -46.793415, -23.453135 ], [ -46.793043, -23.453252 ], [ -46.792446, -23.453804 ], [ -46.79213, -23.453957 ], [ -46.791943, -23.453993 ], [ -46.791604, -23.453975 ], [ -46.791469, -23.453905 ], [ -46.790857, -23.453259 ], [ -46.790604, -23.453335 ], [ -46.791051, -23.453875 ], [ -46.791371, -23.454137 ], [ -46.791747, -23.454234 ], [ -46.791962, -23.454227 ], [ -46.792532, -23.454064 ], [ -46.794007, -23.453222 ], [ -46.793513, -23.452925 ], [ -46.793303, -23.452693 ], [ -46.793433, -23.452897 ], [ -46.793456, -23.453032 ], [ -46.793415, -23.453135 ] ] ] } },
{ "type": "Feature", "properties": { "CD_SETOR": "355030803000102", "faces": 23, "pavimentada": 78.26, "bueiro": 52.17, "iluminacao": 78.26, "onibus": 4.35, "ciclovia": 0.0, "calcada": 78.26, "obstaculo": 94.44, "rampa": 0.0, "rampa_faces": 0.0, "sem_calcada": 0.0, "sem_arvore": 0.0, "muitas_arvores": 8.7, "vao": 78.26, "V05400": 23, "V05421": 18, "V05406": 18, "V05412": 18, "V05422": 0, "V05424": 17, "V05427": 0, "V05409": 12, "V05415": 1, "V05418": 0, "V05430": 0, "V05433": 2, "criancas_0a4": 7, "em_favela": false }, "geometry": { "type": "Polygon", "coordinates": [ [ [ -46.761569, -23.431776 ], [ -46.761618, -23.432125 ], [ -46.761558, -23.432782 ], [ -46.761601, -23.43313 ], [ -46.761701, -23.433216 ], [ -46.761884, -23.433254 ], [ -46.762173, -23.433488 ], [ -46.762421, -23.433516 ], [ -46.762813, -23.433694 ], [ -46.763238, -23.43382 ], [ -46.763537, -23.434475 ], [ -46.763592, -23.434738 ], [ -46.763755, -23.434907 ], [ -46.763839, -23.435198 ], [ -46.764183, -23.435436 ], [ -46.76439, -23.435723 ], [ -46.764603, -23.435804 ], [ -46.764847, -23.435975 ], [ -46.764862, -23.436067 ], [ -46.764342, -23.436901 ], [ -46.764671, -23.437152 ], [ -46.765092, -23.438106 ], [ -46.765182, -23.438211 ], [ -46.765635, -23.438504 ], [ -46.766257, -23.439152 ], [ -46.766974, -23.439488 ], [ -46.767209, -23.439559 ], [ -46.767929, -23.439512 ], [ -46.76827, -23.439576 ], [ -46.767202, -23.434855 ], [ -46.767069, -23.433652 ], [ -46.767383, -23.432015 ], [ -46.76761, -23.431202 ], [ -46.767539, -23.430846 ], [ -46.767377, -23.43053 ], [ -46.767117, -23.430221 ], [ -46.766858, -23.430053 ], [ -46.766183, -23.429952 ], [ -46.765197, -23.429354 ], [ -46.764397, -23.428991 ], [ -46.763995, -23.428866 ], [ -46.763727, -23.428624 ], [ -46.763338, -23.428503 ], [ -46.763063, -23.428469 ], [ -46.762731, -23.429303 ], [ -46.762664, -23.429744 ], [ -46.762319, -23.430102 ], [ -46.76222, -23.431143 ], [ -46.762133, -23.431438 ], [ -46.761854, -23.431722 ], [ -46.761569, -23.431776 ] ] ] } },
{ "type": "Feature", "properties": { "CD_SETOR": "355030803000104", "faces": 2, "pavimentada": 50.0, "bueiro": 0.0, "iluminacao": 100.0, "onibus": 0.0, "ciclovia": 0.0, "calcada": 0.0, "obstaculo": null, "rampa": null, "rampa_faces": 0.0, "sem_calcada": 100.0, "sem_arvore": 0.0, "muitas_arvores": 100.0, "vao": 50.0, "V05400": 2, "V05421": 0, "V05406": 1, "V05412": 2, "V05422": 2, "V05424": 0, "V05427": 0, "V05409": 0, "V05415": 0, "V05418": 0, "V05430": 0, "V05433": 2, "criancas_0a4": 18, "em_favela": false }, "geometry": { "type": "Polygon", "coordinates": [ [ [ -46.817223, -23.414364 ], [ -46.813312, -23.413902 ], [ -46.812457, -23.413908 ], [ -46.811579, -23.414135 ], [ -46.81128, -23.414289 ], [ -46.810517, -23.414824 ], [ -46.810682, -23.415583 ], [ -46.811173, -23.4166 ], [ -46.811989, -23.41782 ], [ -46.81209, -23.418435 ], [ -46.812354, -23.418982 ], [ -46.812351, -23.419723 ], [ -46.812206, -23.420542 ], [ -46.812377, -23.421227 ], [ -46.812591, -23.421699 ], [ -46.812657, -23.421986 ], [ -46.81267, -23.42251 ], [ -46.812953, -23.423307 ], [ -46.813023, -23.423734 ], [ -46.814783, -23.424333 ], [ -46.815709, -23.424808 ], [ -46.816106, -23.424798 ], [ -46.816301, -23.424139 ], [ -46.818004, -23.422737 ], [ -46.816174, -23.420895 ], [ -46.815048, -23.419262 ], [ -46.813887, -23.419131 ], [ -46.813517, -23.418985 ], [ -46.813447, -23.418688 ], [ -46.813613, -23.418361 ], [ -46.813526, -23.418332 ], [ -46.813535, -23.418104 ], [ -46.813419, -23.417607 ], [ -46.813593, -23.417728 ], [ -46.816093, -23.417226 ], [ -46.816325, -23.417144 ], [ -46.81751, -23.41726 ], [ -46.817871, -23.417196 ], [ -46.818094, -23.416934 ], [ -46.818236, -23.416547 ], [ -46.818167, -23.416238 ], [ -46.817763, -23.415856 ], [ -46.817751, -23.415697 ], [ -46.817871, -23.415237 ], [ -46.817836, -23.415177 ], [ -46.817403, -23.414924 ], [ -46.817222, -23.414473 ], [ -46.817223, -23.414364 ] ] ] } },
{ "type": "Feature", "properties": { "CD_SETOR": "355030803000112", "faces": 12, "pavimentada": 100.0, "bueiro": 50.0, "iluminacao": 66.67, "onibus": 0.0, "ciclovia": 0.0, "calcada": 33.33, "obstaculo": 100.0, "rampa": 0.0, "rampa_faces": 0.0, "sem_calcada": 66.67, "sem_arvore": 91.67, "muitas_arvores": 0.0, "vao": 100.0, "V05400": 12, "V05421": 4, "V05406": 12, "V05412": 8, "V05422": 8, "V05424": 4, "V05427": 0, "V05409": 6, "V05415": 0, "V05418": 0, "V05430": 11, "V05433": 0, "criancas_0a4": 22, "em_favela": true }, "geometry": { "type": "Polygon", "coordinates": [ [ [ -46.788532, -23.451526 ], [ -46.788698, -23.451757 ], [ -46.789005, -23.452037 ], [ -46.789285, -23.451966 ], [ -46.789353, -23.452509 ], [ -46.790001, -23.452979 ], [ -46.790621, -23.453323 ], [ -46.790822, -23.453289 ], [ -46.790936, -23.453171 ], [ -46.790645, -23.452923 ], [ -46.79054, -23.45304 ], [ -46.790308, -23.452871 ], [ -46.790344, -23.452834 ], [ -46.790231, -23.452713 ], [ -46.789809, -23.452348 ], [ -46.789818, -23.452255 ], [ -46.788724, -23.451382 ], [ -46.788532, -23.451526 ] ] ] } },
{ "type": "Feature", "properties": { "CD_SETOR": "355030803000113", "faces": 14, "pavimentada": 100.0, "bueiro": 21.43, "iluminacao": 85.71, "onibus": 0.0, "ciclovia": 0.0, "calcada": 57.14, "obstaculo": 100.0, "rampa": 0.0, "rampa_faces": 0.0, "sem_calcada": 42.86, "sem_arvore": 100.0, "muitas_arvores": 0.0, "vao": 100.0, "V05400": 14, "V05421": 8, "V05406": 14, "V05412": 12, "V05422": 6, "V05424": 8, "V05427": 0, "V05409": 3, "V05415": 0, "V05418": 0, "V05430": 14, "V05433": 0, "criancas_0a4": 22, "em_favela": true }, "geometry": { "type": "Polygon", "coordinates": [ [ [ -46.791343, -23.453155 ], [ -46.791602, -23.453413 ], [ -46.791794, -23.453488 ], [ -46.791962, -23.453369 ], [ -46.792053, -23.453059 ], [ -46.791928, -23.452827 ], [ -46.791708, -23.452569 ], [ -46.790982, -23.452006 ], [ -46.790684, -23.452209 ], [ -46.790651, -23.452322 ], [ -46.790829, -23.452449 ], [ -46.791017, -23.452405 ], [ -46.791505, -23.452754 ], [ -46.791377, -23.452904 ], [ -46.791488, -23.453008 ], [ -46.791343, -23.453155 ] ] ] } },
{ "type": "Feature", "properties": { "CD_SETOR": "355030803000114", "faces": 28, "pavimentada": 100.0, "bueiro": 64.29, "iluminacao": 85.71, "onibus": 7.14, "ciclovia": 0.0, "calcada": 25.0, "obstaculo": 100.0, "rampa": 0.0, "rampa_faces": 0.0, "sem_calcada": 75.0, "sem_arvore": 100.0, "muitas_arvores": 0.0, "vao": 100.0, "V05400": 28, "V05421": 7, "V05406": 28, "V05412": 24, "V05422": 21, "V05424": 7, "V05427": 0, "V05409": 18, "V05415": 2, "V05418": 0, "V05430": 28, "V05433": 0, "criancas_0a4": 9, "em_favela": true }, "geometry": { "type": "Polygon", "coordinates": [ [ [ -46.791708, -23.452569 ], [ -46.791928, -23.452827 ], [ -46.792053, -23.453059 ], [ -46.792231, -23.453051 ], [ -46.792597, -23.452858 ], [ -46.793038, -23.453013 ], [ -46.793239, -23.453207 ], [ -46.793444, -23.453092 ], [ -46.793433, -23.452897 ], [ -46.793189, -23.452468 ], [ -46.792624, -23.452348 ], [ -46.792253, -23.452169 ], [ -46.792134, -23.452257 ], [ -46.79213, -23.452349 ], [ -46.791997, -23.452494 ], [ -46.791847, -23.452405 ], [ -46.791708, -23.452569 ] ] ] } },
{ "type": "Feature", "properties": { "CD_SETOR": "355030803000116", "faces": 1, "pavimentada": 100.0, "bueiro": 100.0, "iluminacao": 100.0, "onibus": 0.0, "ciclovia": 0.0, "calcada": 100.0, "obstaculo": 100.0, "rampa": 0.0, "rampa_faces": 0.0, "sem_calcada": 0.0, "sem_arvore": 100.0, "muitas_arvores": 0.0, "vao": 100.0, "V05400": 1, "V05421": 1, "V05406": 1, "V05412": 1, "V05422": 0, "V05424": 1, "V05427": 0, "V05409": 1, "V05415": 0, "V05418": 0, "V05430": 1, "V05433": 0, "criancas_0a4": 42, "em_favela": true }, "geometry": { "type": "Polygon", "coordinates": [ [ [ -46.790336, -23.442771 ], [ -46.790006, -23.443249 ], [ -46.790115, -23.4433 ], [ -46.79038, -23.443297 ], [ -46.790383, -23.443555 ], [ -46.79079, -23.443599 ], [ -46.790936, -23.443042 ], [ -46.79092, -23.442716 ], [ -46.790861, -23.442634 ], [ -46.790685, -23.442575 ], [ -46.790336, -23.442771 ] ] ] } },
{ "type": "Feature", "properties": { "CD_SETOR": "355030803000117", "faces": 15, "pavimentada": 100.0, "bueiro": 0.0, "iluminacao": 53.33, "onibus": 0.0, "ciclovia": 0.0, "calcada": 6.67, "obstaculo": 100.0, "rampa": 0.0, "rampa_faces": 0.0, "sem_calcada": 93.33, "sem_arvore": 86.67, "muitas_arvores": 0.0, "vao": 100.0, "V05400": 15, "V05421": 1, "V05406": 15, "V05412": 8, "V05422": 14, "V05424": 1, "V05427": 0, "V05409": 0, "V05415": 0, "V05418": 0, "V05430": 13, "V05433": 0, "criancas_0a4": 24, "em_favela": true }, "geometry": { "type": "Polygon", "coordinates": [ [ [ -46.794779, -23.442583 ], [ -46.795026, -23.443191 ], [ -46.795452, -23.442953 ], [ -46.795594, -23.442583 ], [ -46.795628, -23.442238 ], [ -46.796006, -23.441816 ], [ -46.795023, -23.441825 ], [ -46.795027, -23.442275 ], [ -46.794779, -23.442583 ] ] ] } },
{ "type": "Feature", "properties": { "CD_SETOR": "355030803000118", "faces": 2, "pavimentada": 100.0, "bueiro": 50.0, "iluminacao": 100.0, "onibus": 0.0, "ciclovia": 0.0, "calcada": 100.0, "obstaculo": 100.0, "rampa": 0.0, "rampa_faces": 0.0, "sem_calcada": 0.0, "sem_arvore": 100.0, "muitas_arvores": 0.0, "vao": 100.0, "V05400": 2, "V05421": 2, "V05406": 2, "V05412": 2, "V05422": 0, "V05424": 2, "V05427": 0, "V05409": 1, "V05415": 0, "V05418": 0, "V05430": 2, "V05433": 0, "criancas_0a4": 14, "em_favela": true }, "geometry": { "type": "Polygon", "coordinates": [ [ [ -46.787503, -23.440599 ], [ -46.788109, -23.440694 ], [ -46.788538, -23.440675 ], [ -46.788664, -23.440595 ], [ -46.788492, -23.440367 ], [ -46.78865, -23.440272 ], [ -46.788628, -23.440057 ], [ -46.788526, -23.439945 ], [ -46.787972, -23.440367 ], [ -46.787922, -23.440323 ], [ -46.787503, -23.440599 ] ] ] } },
{ "type": "Feature", "properties": { "CD_SETOR": "355030803000119", "faces": 27, "pavimentada": 100.0, "bueiro": 0.0, "iluminacao": 44.44, "onibus": 3.7, "ciclovia": 0.0, "calcada": 100.0, "obstaculo": 100.0, "rampa": 0.0, "rampa_faces": 0.0, "sem_calcada": 0.0, "sem_arvore": 92.59, "muitas_arvores": 0.0, "vao": 100.0, "V05400": 27, "V05421": 27, "V05406": 27, "V05412": 12, "V05422": 0, "V05424": 27, "V05427": 0, "V05409": 0, "V05415": 1, "V05418": 0, "V05430": 25, "V05433": 0, "criancas_0a4": 34, "em_favela": true }, "geometry": { "type": "Polygon", "coordinates": [ [ [ -46.785836, -23.445387 ], [ -46.785394, -23.446269 ], [ -46.784864, -23.447553 ], [ -46.784854, -23.44767 ], [ -46.784905, -23.447699 ], [ -46.785402, -23.447754 ], [ -46.785637, -23.44749 ], [ -46.785743, -23.447116 ], [ -46.785642, -23.447119 ], [ -46.785637, -23.447053 ], [ -46.78598, -23.446148 ], [ -46.785914, -23.446134 ], [ -46.78588, -23.446067 ], [ -46.785887, -23.445791 ], [ -46.786074, -23.445533 ], [ -46.786248, -23.445388 ], [ -46.785836, -23.445387 ] ] ] } },
{ "type": "Feature", "properties": { "CD_SETOR": "355030803000120", "faces": 21, "pavimentada": 100.0, "bueiro": 9.52, "iluminacao": 76.19, "onibus": 0.0, "ciclovia": 0.0, "calcada": 14.29, "obstaculo": 66.67, "rampa": 0.0, "rampa_faces": 0.0, "sem_calcada": 85.71, "sem_arvore": 95.24, "muitas_arvores": 4.76, "vao": 100.0, "V05400": 21, "V05421": 3, "V05406": 21, "V05412": 16, "V05422": 18, "V05424": 2, "V05427": 0, "V05409": 2, "V05415": 0, "V05418": 0, "V05430": 20, "V05433": 1, "criancas_0a4": 50, "em_favela": true }, "geometry": { "type": "Polygon", "coordinates": [ [ [ -46.789005, -23.452037 ], [ -46.78892, -23.452286 ], [ -46.788945, -23.45245 ], [ -46.789451, -23.453114 ], [ -46.789432, -23.453183 ], [ -46.78989, -23.45377 ], [ -46.790128, -23.453741 ], [ -46.790621, -23.453323 ], [ -46.790001, -23.452979 ], [ -46.789353, -23.452509 ], [ -46.789285, -23.451966 ], [ -46.789005, -23.452037 ] ] ] } },
{ "type": "Feature", "properties": { "CD_SETOR": "355030803000122", "faces": 8, "pavimentada": 100.0, "bueiro": 37.5, "iluminacao": 100.0, "onibus": 37.5, "ciclovia": 0.0, "calcada": 100.0, "obstaculo": 87.5, "rampa": 0.0, "rampa_faces": 0.0, "sem_calcada": 0.0, "sem_arvore": 62.5, "muitas_arvores": 12.5, "vao": 100.0, "V05400": 8, "V05421": 8, "V05406": 8, "V05412": 8, "V05422": 0, "V05424": 7, "V05427": 0, "V05409": 3, "V05415": 3, "V05418": 0, "V05430": 5, "V05433": 1, "criancas_0a4": 21, "em_favela": false }, "geometry": { "type": "Polygon", "coordinates": [ [ [ -46.784161, -23.446034 ], [ -46.784365, -23.445607 ], [ -46.784996, -23.445848 ], [ -46.785301, -23.445112 ], [ -46.785874, -23.445159 ], [ -46.78582, -23.444075 ], [ -46.786462, -23.443424 ], [ -46.786341, -23.442782 ], [ -46.785855, -23.442952 ], [ -46.785426, -23.443033 ], [ -46.784853, -23.44336 ], [ -46.784655, -23.443635 ], [ -46.784556, -23.444122 ], [ -46.784384, -23.444563 ], [ -46.784362, -23.445126 ], [ -46.784161, -23.446034 ] ] ] } },
{ "type": "Feature", "properties": { "CD_SETOR": "355030803000123", "faces": 10, "pavimentada": 100.0, "bueiro": 10.0, "iluminacao": 100.0, "onibus": 30.0, "ciclovia": 0.0, "calcada": 100.0, "obstaculo": 90.0, "rampa": 0.0, "rampa_faces": 0.0, "sem_calcada": 0.0, "sem_arvore": 40.0, "muitas_arvores": 0.0, "vao": 100.0, "V05400": 10, "V05421": 10, "V05406": 10, "V05412": 10, "V05422": 0, "V05424": 9, "V05427": 0, "V05409": 1, "V05415": 3, "V05418": 0, "V05430": 4, "V05433": 0, "criancas_0a4": 29, "em_favela": false }, "geometry": { "type": "Polygon", "coordinates": [ [ [ -46.783717, -23.4462 ], [ -46.783549, -23.446287 ], [ -46.783543, -23.446923 ], [ -46.783493, -23.447243 ], [ -46.783336, -23.447459 ], [ -46.78255, -23.447689 ], [ -46.783369, -23.448166 ], [ -46.783924, -23.448278 ], [ -46.784599, -23.448156 ], [ -46.784577, -23.447806 ], [ -46.784881, -23.447803 ], [ -46.784864, -23.447553 ], [ -46.785394, -23.446269 ], [ -46.785865, -23.445322 ], [ -46.785874, -23.445159 ], [ -46.785301, -23.445112 ], [ -46.784996, -23.445848 ], [ -46.784365, -23.445607 ], [ -46.784055, -23.446311 ], [ -46.783717, -23.4462 ] ] ] } },
{ "type": "Feature", "properties": { "CD_SETOR": "355030803000124", "faces": 9, "pavimentada": 100.0, "bueiro": 66.67, "iluminacao": 88.89, "onibus": 0.0, "ciclovia": 0.0, "calcada": 88.89, "obstaculo": 100.0, "rampa": 12.5, "rampa_faces": 11.11, "sem_calcada": 11.11, "sem_arvore": 44.44, "muitas_arvores": 0.0, "vao": 88.89, "V05400": 9, "V05421": 8, "V05406": 9, "V05412": 8, "V05422": 1, "V05424": 8, "V05427": 1, "V05409": 6, "V05415": 0, "V05418": 0, "V05430": 4, "V05433": 0, "criancas_0a4": 16, "em_favela": false }, "geometry": { "type": "Polygon", "coordinates": [ [ [ -46.787976, -23.451462 ], [ -46.788514, -23.451532 ], [ -46.788724, -23.451382 ], [ -46.789818, -23.452255 ], [ -46.789809, -23.452348 ], [ -46.790231, -23.452713 ], [ -46.790344, -23.452834 ], [ -46.790308, -23.452871 ], [ -46.79054, -23.45304 ], [ -46.790645, -23.452923 ], [ -46.790936, -23.453171 ], [ -46.791128, -23.452957 ], [ -46.790298, -23.452257 ], [ -46.789729, -23.451712 ], [ -46.789711, -23.451646 ], [ -46.789322, -23.451443 ], [ -46.788623, -23.450895 ], [ -46.788713, -23.450184 ], [ -46.788011, -23.449883 ], [ -46.787714, -23.449835 ], [ -46.78784, -23.45095 ], [ -46.787976, -23.451462 ] ] ] } },
{ "type": "Feature", "properties": { "CD_SETOR": "355030803000125", "faces": 28, "pavimentada": 100.0, "bueiro": 35.71, "iluminacao": 60.71, "onibus": 0.0, "ciclovia": 0.0, "calcada": 35.71, "obstaculo": 100.0, "rampa": 10.0, "rampa_faces": 3.57, "sem_calcada": 64.29, "sem_arvore": 92.86, "muitas_arvores": 0.0, "vao": 96.43, "V05400": 28, "V05421": 10, "V05406": 28, "V05412": 17, "V05422": 18, "V05424": 10, "V05427": 1, "V05409": 10, "V05415": 0, "V05418": 0, "V05430": 26, "V05433": 0, "criancas_0a4": 46, "em_favela": true }, "geometry": { "type": "Polygon", "coordinates": [ [ [ -46.792053, -23.453059 ], [ -46.791962, -23.453369 ], [ -46.791794, -23.453488 ], [ -46.791602, -23.453413 ], [ -46.791128, -23.452957 ], [ -46.790857, -23.453259 ], [ -46.791469, -23.453905 ], [ -46.791758, -23.454001 ], [ -46.79213, -23.453957 ], [ -46.792299, -23.453889 ], [ -46.792581, -23.453696 ], [ -46.793043, -23.453252 ], [ -46.793239, -23.453207 ], [ -46.793038, -23.453013 ], [ -46.79267, -23.452866 ], [ -46.792514, -23.452871 ], [ -46.792231, -23.453051 ], [ -46.792053, -23.453059 ] ] ] } },
{ "type": "Feature", "properties": { "CD_SETOR": "355030803000126", "faces": 18, "pavimentada": 100.0, "bueiro": 50.0, "iluminacao": 94.44, "onibus": 27.78, "ciclovia": 0.0, "calcada": 94.44, "obstaculo": 88.24, "rampa": 5.88, "rampa_faces": 5.56, "sem_calcada": 5.56, "sem_arvore": 44.44, "muitas_arvores": 27.78, "vao": 94.44, "V05400": 18, "V05421": 17, "V05406": 18, "V05412": 17, "V05422": 1, "V05424": 15, "V05427": 1, "V05409": 9, "V05415": 5, "V05418": 0, "V05430": 8, "V05433": 5, "criancas_0a4": 22, "em_favela": false }, "geometry": { "type": "Polygon", "coordinates": [ [ [ -46.787714, -23.449835 ], [ -46.788011, -23.449883 ], [ -46.788713, -23.450184 ], [ -46.790291, -23.451306 ], [ -46.790863, -23.450971 ], [ -46.789944, -23.450288 ], [ -46.789094, -23.44973 ], [ -46.788104, -23.449315 ], [ -46.788207, -23.448908 ], [ -46.788651, -23.448396 ], [ -46.788997, -23.448254 ], [ -46.789184, -23.448293 ], [ -46.789399, -23.448419 ], [ -46.789567, -23.448181 ], [ -46.7893, -23.447633 ], [ -46.789365, -23.447124 ], [ -46.789305, -23.446841 ], [ -46.789194, -23.446645 ], [ -46.788747, -23.446802 ], [ -46.788659, -23.446518 ], [ -46.787651, -23.44604 ], [ -46.787849, -23.447136 ], [ -46.787896, -23.447789 ], [ -46.787847, -23.448722 ], [ -46.787714, -23.449835 ] ] ] } },
{ "type": "Feature", "properties": { "CD_SETOR": "355030803000128", "faces": 14, "pavimentada": 100.0, "bueiro": 28.57, "iluminacao": 100.0, "onibus": 21.43, "ciclovia": 0.0, "calcada": 71.43, "obstaculo": 100.0, "rampa": 0.0, "rampa_faces": 0.0, "sem_calcada": 28.57, "sem_arvore": 35.71, "muitas_arvores": 7.14, "vao": 100.0, "V05400": 14, "V05421": 10, "V05406": 14, "V05412": 14, "V05422": 4, "V05424": 10, "V05427": 0, "V05409": 4, "V05415": 3, "V05418": 0, "V05430": 5, "V05433": 1, "criancas_0a4": 21, "em_favela": false }, "geometry": { "type": "Polygon", "coordinates": [ [ [ -46.789086, -23.440323 ], [ -46.788845, -23.441048 ], [ -46.788867, -23.441157 ], [ -46.789042, -23.441245 ], [ -46.789153, -23.44124 ], [ -46.78964, -23.440055 ], [ -46.790228, -23.440252 ], [ -46.790421, -23.439693 ], [ -46.790346, -23.439467 ], [ -46.790222, -23.439332 ], [ -46.790338, -23.439272 ], [ -46.790527, -23.43926 ], [ -46.790549, -23.438643 ], [ -46.790171, -23.438523 ], [ -46.78971, -23.438577 ], [ -46.789534, -23.438631 ], [ -46.789418, -23.438728 ], [ -46.789348, -23.43902 ], [ -46.789442, -23.439411 ], [ -46.78893, -23.43992 ], [ -46.789086, -23.440323 ] ] ] } },
{ "type": "Feature", "properties": { "CD_SETOR": "355030803000129", "faces": 13, "pavimentada": 100.0, "bueiro": 7.69, "iluminacao": 100.0, "onibus": 7.69, "ciclovia": 0.0, "calcada": 61.54, "obstaculo": 100.0, "rampa": 0.0, "rampa_faces": 0.0, "sem_calcada": 38.46, "sem_arvore": 46.15, "muitas_arvores": 0.0, "vao": 100.0, "V05400": 13, "V05421": 8, "V05406": 13, "V05412": 13, "V05422": 5, "V05424": 8, "V05427": 0, "V05409": 1, "V05415": 1, "V05418": 0, "V05430": 6, "V05433": 0, "criancas_0a4": 16, "em_favela": false }, "geometry": { "type": "Polygon", "coordinates": [ [ [ -46.789153, -23.44124 ], [ -46.789373, -23.441477 ], [ -46.789521, -23.44174 ], [ -46.789534, -23.441971 ], [ -46.789372, -23.442314 ], [ -46.78945, -23.442489 ], [ -46.789807, -23.442693 ], [ -46.790091, -23.442685 ], [ -46.789999, -23.442369 ], [ -46.790016, -23.442189 ], [ -46.790203, -23.441768 ], [ -46.790425, -23.441579 ], [ -46.790303, -23.441282 ], [ -46.790106, -23.441082 ], [ -46.790032, -23.440895 ], [ -46.790228, -23.440252 ], [ -46.78964, -23.440055 ], [ -46.789153, -23.44124 ] ] ] } },
{ "type": "Feature", "properties": { "CD_SETOR": "355030803000130", "faces": 23, "pavimentada": 100.0, "bueiro": 30.43, "iluminacao": 100.0, "onibus": 21.74, "ciclovia": 0.0, "calcada": 65.22, "obstaculo": 100.0, "rampa": 6.67, "rampa_faces": 4.35, "sem_calcada": 34.78, "sem_arvore": 47.83, "muitas_arvores": 30.43, "vao": 95.65, "V05400": 23, "V05421": 15, "V05406": 23, "V05412": 23, "V05422": 8, "V05424": 15, "V05427": 1, "V05409": 7, "V05415": 5, "V05418": 0, "V05430": 11, "V05433": 7, "criancas_0a4": 49, "em_favela": false }, "geometry": { "type": "Polygon", "coordinates": [ [ [ -46.791896, -23.439942 ], [ -46.791499, -23.440121 ], [ -46.791443, -23.440491 ], [ -46.791613, -23.440494 ], [ -46.792222, -23.440716 ], [ -46.792458, -23.440732 ], [ -46.792736, -23.440679 ], [ -46.792941, -23.440618 ], [ -46.793874, -23.440111 ], [ -46.793993, -23.440174 ], [ -46.794378, -23.439649 ], [ -46.794599, -23.439842 ], [ -46.794891, -23.439217 ], [ -46.794088, -23.438874 ], [ -46.793631, -23.438547 ], [ -46.792964, -23.439305 ], [ -46.792067, -23.439906 ], [ -46.791902, -23.439975 ], [ -46.791896, -23.439942 ] ] ] } },
{ "type": "Feature", "properties": { "CD_SETOR": "355030803000131", "faces": 10, "pavimentada": 100.0, "bueiro": 30.0, "iluminacao": 100.0, "onibus": 0.0, "ciclovia": 0.0, "calcada": 70.0, "obstaculo": 100.0, "rampa": 0.0, "rampa_faces": 0.0, "sem_calcada": 30.0, "sem_arvore": 40.0, "muitas_arvores": 10.0, "vao": 100.0, "V05400": 10, "V05421": 7, "V05406": 10, "V05412": 10, "V05422": 3, "V05424": 7, "V05427": 0, "V05409": 3, "V05415": 0, "V05418": 0, "V05430": 4, "V05433": 1, "criancas_0a4": 27, "em_favela": false }, "geometry": { "type": "Polygon", "coordinates": [ [ [ -46.790217, -23.441182 ], [ -46.791381, -23.44088 ], [ -46.791541, -23.440954 ], [ -46.791848, -23.44128 ], [ -46.791988, -23.44132 ], [ -46.79223, -23.441234 ], [ -46.792145, -23.441841 ], [ -46.792246, -23.441786 ], [ -46.792508, -23.441765 ], [ -46.793732, -23.441899 ], [ -46.793801, -23.441739 ], [ -46.793817, -23.441358 ], [ -46.794219, -23.441372 ], [ -46.79428, -23.440972 ], [ -46.793651, -23.440713 ], [ -46.793205, -23.44075 ], [ -46.792941, -23.440618 ], [ -46.792458, -23.440732 ], [ -46.792222, -23.440716 ], [ -46.791613, -23.440494 ], [ -46.791143, -23.440512 ], [ -46.7909, -23.440444 ], [ -46.790661, -23.440742 ], [ -46.790521, -23.440772 ], [ -46.790217, -23.441182 ] ] ] } },
{ "type": "Feature", "properties": { "CD_SETOR": "355030803000133", "faces": 11, "pavimentada": 100.0, "bueiro": 72.73, "iluminacao": 100.0, "onibus": 27.27, "ciclovia": 0.0, "calcada": 81.82, "obstaculo": 66.67, "rampa": 22.22, "rampa_faces": 18.18, "sem_calcada": 18.18, "sem_arvore": 36.36, "muitas_arvores": 27.27, "vao": 81.82, "V05400": 11, "V05421": 9, "V05406": 11, "V05412": 11, "V05422": 2, "V05424": 6, "V05427": 2, "V05409": 8, "V05415": 3, "V05418": 0, "V05430": 4, "V05433": 3, "criancas_0a4": 15, "em_favela": false }, "geometry": { "type": "Polygon", "coordinates": [ [ [ -46.791777, -23.435512 ], [ -46.792571, -23.437028 ], [ -46.791787, -23.437428 ], [ -46.791812, -23.437485 ], [ -46.792453, -23.437979 ], [ -46.792742, -23.438115 ], [ -46.793122, -23.437649 ], [ -46.793219, -23.437761 ], [ -46.793519, -23.438382 ], [ -46.793759, -23.438665 ], [ -46.794298, -23.438978 ], [ -46.794996, -23.439255 ], [ -46.795119, -23.439366 ], [ -46.795315, -23.439707 ], [ -46.795497, -23.440499 ], [ -46.795921, -23.441269 ], [ -46.796044, -23.441815 ], [ -46.796206, -23.441767 ], [ -46.796081, -23.441182 ], [ -46.795759, -23.440568 ], [ -46.795669, -23.440271 ], [ -46.795679, -23.440135 ], [ -46.796216, -23.440028 ], [ -46.796092, -23.439444 ], [ -46.795567, -23.439586 ], [ -46.795539, -23.439191 ], [ -46.795333, -23.438962 ], [ -46.795203, -23.438363 ], [ -46.795156, -23.43832 ], [ -46.794895, -23.438354 ], [ -46.794522, -23.438293 ], [ -46.794248, -23.438123 ], [ -46.794118, -23.437934 ], [ -46.793678, -23.436531 ], [ -46.793538, -23.436337 ], [ -46.793416, -23.436257 ], [ -46.793017, -23.435703 ], [ -46.792803, -23.435677 ], [ -46.79262, -23.43554 ], [ -46.792472, -23.435065 ], [ -46.79252, -23.43485 ], [ -46.792659, -23.434593 ], [ -46.792257, -23.434367 ], [ -46.791777, -23.435512 ] ] ] } },
{ "type": "Feature", "properties": { "CD_SETOR": "355030803000134", "faces": 15, "pavimentada": 100.0, "bueiro": 73.33, "iluminacao": 100.0, "onibus": 26.67, "ciclovia": 0.0, "calcada": 93.33, "obstaculo": 100.0, "rampa": 0.0, "rampa_faces": 0.0, "sem_calcada": 6.67, "sem_arvore": 40.0, "muitas_arvores": 20.0, "vao": 100.0, "V05400": 15, "V05421": 14, "V05406": 15, "V05412": 15, "V05422": 1, "V05424": 14, "V05427": 0, "V05409": 11, "V05415": 4, "V05418": 0, "V05430": 6, "V05433": 3, "criancas_0a4": 31, "em_favela": false }, "geometry": { "type": "Polygon", "coordinates": [ [ [ -46.791787, -23.437428 ], [ -46.790252, -23.437761 ], [ -46.78982, -23.437901 ], [ -46.789739, -23.437979 ], [ -46.789728, -23.438107 ], [ -46.789841, -23.438212 ], [ -46.790481, -23.438266 ], [ -46.790605, -23.43842 ], [ -46.790603, -23.438552 ], [ -46.790549, -23.438643 ], [ -46.790718, -23.438748 ], [ -46.791415, -23.43874 ], [ -46.791943, -23.438642 ], [ -46.792204, -23.438736 ], [ -46.792282, -23.438969 ], [ -46.791929, -23.439703 ], [ -46.791902, -23.439975 ], [ -46.792964, -23.439305 ], [ -46.793631, -23.438547 ], [ -46.793122, -23.437649 ], [ -46.792742, -23.438115 ], [ -46.792453, -23.437979 ], [ -46.791787, -23.437428 ] ] ] } },
{ "type": "Feature", "properties": { "CD_SETOR": "355030803000136", "faces": 10, "pavimentada": 100.0, "bueiro": 70.0, "iluminacao": 100.0, "onibus": 40.0, "ciclovia": 0.0, "calcada": 100.0, "obstaculo": 90.0, "rampa": 20.0, "rampa_faces": 20.0, "sem_calcada": 0.0, "sem_arvore": 20.0, "muitas_arvores": 10.0, "vao": 80.0, "V05400": 10, "V05421": 10, "V05406": 10, "V05412": 10, "V05422": 0, "V05424": 9, "V05427": 2, "V05409": 7, "V05415": 4, "V05418": 0, "V05430": 2, "V05433": 1, "criancas_0a4": 20, "em_favela": false }, "geometry": { "type": "Polygon", "coordinates": [ [ [ -46.790425, -23.435522 ], [ -46.791212, -23.436407 ], [ -46.7912, -23.436815 ], [ -46.791333, -23.436815 ], [ -46.791349, -23.436879 ], [ -46.791667, -23.436811 ], [ -46.791787, -23.437428 ], [ -46.792571, -23.437028 ], [ -46.791777, -23.435512 ], [ -46.790425, -23.435522 ] ] ] } },
{ "type": "Feature", "properties": { "CD_SETOR": "355030803000137", "faces": 12, "pavimentada": 100.0, "bueiro": 50.0, "iluminacao": 100.0, "onibus": 0.0, "ciclovia": 0.0, "calcada": 100.0, "obstaculo": 100.0, "rampa": 0.0, "rampa_faces": 0.0, "sem_calcada": 0.0, "sem_arvore": 33.33, "muitas_arvores": 8.33, "vao": 100.0, "V05400": 12, "V05421": 12, "V05406": 12, "V05412": 12, "V05422": 0, "V05424": 12, "V05427": 0, "V05409": 6, "V05415": 0, "V05418": 0, "V05430": 4, "V05433": 1, "criancas_0a4": 32, "em_favela": false }, "geometry": { "type": "Polygon", "coordinates": [ [ [ -46.788038, -23.436329 ], [ -46.789148, -23.437656 ], [ -46.790279, -23.437145 ], [ -46.789033, -23.435637 ], [ -46.788977, -23.435637 ], [ -46.788038, -23.436329 ] ] ] } },
{ "type": "Feature", "properties": { "CD_SETOR": "355030803000138", "faces": 16, "pavimentada": 100.0, "bueiro": 62.5, "iluminacao": 100.0, "onibus": 0.0, "ciclovia": 0.0, "calcada": 68.75, "obstaculo": 81.82, "rampa": 0.0, "rampa_faces": 0.0, "sem_calcada": 31.25, "sem_arvore": 62.5, "muitas_arvores": 6.25, "vao": 100.0, "V05400": 16, "V05421": 11, "V05406": 16, "V05412": 16, "V05422": 5, "V05424": 9, "V05427": 0, "V05409": 10, "V05415": 0, "V05418": 0, "V05430": 10, "V05433": 1, "criancas_0a4": 48, "em_favela": false }, "geometry": { "type": "Polygon", "coordinates": [ [ [ -46.790884, -23.436759 ], [ -46.789963, -23.437312 ], [ -46.787854, -23.438284 ], [ -46.786045, -23.439438 ], [ -46.786369, -23.441084 ], [ -46.786702, -23.441034 ], [ -46.787314, -23.440627 ], [ -46.787503, -23.440599 ], [ -46.787922, -23.440323 ], [ -46.787972, -23.440367 ], [ -46.788526, -23.439945 ], [ -46.788628, -23.440057 ], [ -46.78865, -23.440272 ], [ -46.788492, -23.440367 ], [ -46.788664, -23.440595 ], [ -46.789086, -23.440323 ], [ -46.78893, -23.43992 ], [ -46.789442, -23.439411 ], [ -46.789348, -23.43902 ], [ -46.789418, -23.438728 ], [ -46.789534, -23.438631 ], [ -46.78971, -23.438577 ], [ -46.790171, -23.438523 ], [ -46.790549, -23.438643 ], [ -46.790603, -23.438552 ], [ -46.790605, -23.43842 ], [ -46.790481, -23.438266 ], [ -46.789841, -23.438212 ], [ -46.789728, -23.438107 ], [ -46.789724, -23.438039 ], [ -46.789766, -23.437943 ], [ -46.789965, -23.437841 ], [ -46.790688, -23.437682 ], [ -46.790964, -23.437069 ], [ -46.790884, -23.436759 ] ] ] } },
{ "type": "Feature", "properties": { "CD_SETOR": "355030803000139", "faces": 4, "pavimentada": 100.0, "bueiro": 75.0, "iluminacao": 100.0, "onibus": 0.0, "ciclovia": 0.0, "calcada": 100.0, "obstaculo": 75.0, "rampa": 0.0, "rampa_faces": 0.0, "sem_calcada": 0.0, "sem_arvore": 25.0, "muitas_arvores": 25.0, "vao": 100.0, "V05400": 4, "V05421": 4, "V05406": 4, "V05412": 4, "V05422": 0, "V05424": 3, "V05427": 0, "V05409": 3, "V05415": 0, "V05418": 0, "V05430": 1, "V05433": 1, "criancas_0a4": 5, "em_favela": false }, "geometry": { "type": "Polygon", "coordinates": [ [ [ -46.7912, -23.436815 ], [ -46.790945, -23.436969 ], [ -46.790964, -23.437069 ], [ -46.790688, -23.437682 ], [ -46.791787, -23.437428 ], [ -46.791667, -23.436811 ], [ -46.791349, -23.436879 ], [ -46.791333, -23.436815 ], [ -46.7912, -23.436815 ] ] ] } },
{ "type": "Feature", "properties": { "CD_SETOR": "355030803000140", "faces": 13, "pavimentada": 100.0, "bueiro": 46.15, "iluminacao": 100.0, "onibus": 7.69, "ciclovia": 0.0, "calcada": 92.31, "obstaculo": 66.67, "rampa": 0.0, "rampa_faces": 0.0, "sem_calcada": 7.69, "sem_arvore": 76.92, "muitas_arvores": 0.0, "vao": 100.0, "V05400": 13, "V05421": 12, "V05406": 13, "V05412": 13, "V05422": 1, "V05424": 8, "V05427": 0, "V05409": 6, "V05415": 1, "V05418": 0, "V05430": 10, "V05433": 0, "criancas_0a4": 42, "em_favela": false }, "geometry": { "type": "Polygon", "coordinates": [ [ [ -46.785962, -23.43767 ], [ -46.785951, -23.438594 ], [ -46.786045, -23.439438 ], [ -46.787611, -23.438443 ], [ -46.787398, -23.436736 ], [ -46.785962, -23.43767 ] ] ] } },
{ "type": "Feature", "properties": { "CD_SETOR": "355030803000141", "faces": 16, "pavimentada": 100.0, "bueiro": 12.5, "iluminacao": 100.0, "onibus": 0.0, "ciclovia": 0.0, "calcada": 100.0, "obstaculo": 81.25, "rampa": 0.0, "rampa_faces": 0.0, "sem_calcada": 0.0, "sem_arvore": 37.5, "muitas_arvores": 6.25, "vao": 100.0, "V05400": 16, "V05421": 16, "V05406": 16, "V05412": 16, "V05422": 0, "V05424": 13, "V05427": 0, "V05409": 2, "V05415": 0, "V05418": 0, "V05430": 6, "V05433": 1, "criancas_0a4": 52, "em_favela": false }, "geometry": { "type": "Polygon", "coordinates": [ [ [ -46.787398, -23.436736 ], [ -46.787611, -23.438443 ], [ -46.787854, -23.438284 ], [ -46.789148, -23.437656 ], [ -46.788038, -23.436329 ], [ -46.787398, -23.436736 ] ] ] } },
{ "type": "Feature", "properties": { "CD_SETOR": "355030803000142", "faces": 9, "pavimentada": 100.0, "bueiro": 77.78, "iluminacao": 100.0, "onibus": 11.11, "ciclovia": 0.0, "calcada": 100.0, "obstaculo": 100.0, "rampa": 0.0, "rampa_faces": 0.0, "sem_calcada": 0.0, "sem_arvore": 11.11, "muitas_arvores": 0.0, "vao": 100.0, "V05400": 9, "V05421": 9, "V05406": 9, "V05412": 9, "V05422": 0, "V05424": 9, "V05427": 0, "V05409": 7, "V05415": 1, "V05418": 0, "V05430": 1, "V05433": 0, "criancas_0a4": 19, "em_favela": false }, "geometry": { "type": "Polygon", "coordinates": [ [ [ -46.789532, -23.435638 ], [ -46.790707, -23.435495 ], [ -46.791777, -23.435512 ], [ -46.791714, -23.435398 ], [ -46.790844, -23.434556 ], [ -46.789568, -23.435316 ], [ -46.789532, -23.435638 ] ] ] } },
{ "type": "Feature", "properties": { "CD_SETOR": "355030803000143", "faces": 12, "pavimentada": 100.0, "bueiro": 66.67, "iluminacao": 100.0, "onibus": 8.33, "ciclovia": 0.0, "calcada": 91.67, "obstaculo": 100.0, "rampa": 9.09, "rampa_faces": 8.33, "sem_calcada": 8.33, "sem_arvore": 66.67, "muitas_arvores": 16.67, "vao": 91.67, "V05400": 12, "V05421": 11, "V05406": 12, "V05412": 12, "V05422": 1, "V05424": 11, "V05427": 1, "V05409": 8, "V05415": 1, "V05418": 0, "V05430": 8, "V05433": 2, "criancas_0a4": 29, "em_favela": false }, "geometry": { "type": "Polygon", "coordinates": [ [ [ -46.790844, -23.434556 ], [ -46.791714, -23.435398 ], [ -46.791777, -23.435512 ], [ -46.792143, -23.434589 ], [ -46.792351, -23.434189 ], [ -46.792335, -23.433751 ], [ -46.792174, -23.433796 ], [ -46.790844, -23.434556 ] ] ] } },
{ "type": "Feature", "properties": { "CD_SETOR": "355030803000144", "faces": 14, "pavimentada": 100.0, "bueiro": 50.0, "iluminacao": 100.0, "onibus": 50.0, "ciclovia": 0.0, "calcada": 85.71, "obstaculo": 75.0, "rampa": 16.67, "rampa_faces": 14.29, "sem_calcada": 14.29, "sem_arvore": 35.71, "muitas_arvores": 35.71, "vao": 85.71, "V05400": 14, "V05421": 12, "V05406": 14, "V05412": 14, "V05422": 2, "V05424": 9, "V05427": 2, "V05409": 7, "V05415": 7, "V05418": 0, "V05430": 5, "V05433": 5, "criancas_0a4": 20, "em_favela": false }, "geometry": { "type": "Polygon", "coordinates": [ [ [ -46.786977, -23.430821 ], [ -46.786625, -23.433127 ], [ -46.789358, -23.433372 ], [ -46.789302, -23.432413 ], [ -46.789218, -23.432106 ], [ -46.789139, -23.432004 ], [ -46.788829, -23.431868 ], [ -46.787197, -23.431704 ], [ -46.787369, -23.430589 ], [ -46.787109, -23.430697 ], [ -46.786977, -23.430821 ] ] ] } },
{ "type": "Feature", "properties": { "CD_SETOR": "355030803000145", "faces": 17, "pavimentada": 100.0, "bueiro": 47.06, "iluminacao": 100.0, "onibus": 11.76, "ciclovia": 0.0, "calcada": 100.0, "obstaculo": 82.35, "rampa": 23.53, "rampa_faces": 23.53, "sem_calcada": 0.0, "sem_arvore": 17.65, "muitas_arvores": 41.18, "vao": 76.47, "V05400": 17, "V05421": 17, "V05406": 17, "V05412": 17, "V05422": 0, "V05424": 14, "V05427": 4, "V05409": 8, "V05415": 2, "V05418": 0, "V05430": 3, "V05433": 7, "criancas_0a4": 34, "em_favela": false }, "geometry": { "type": "Polygon", "coordinates": [ [ [ -46.78935, -23.432829 ], [ -46.789569, -23.432963 ], [ -46.789756, -23.432988 ], [ -46.790179, -23.432802 ], [ -46.789984, -23.432134 ], [ -46.790345, -23.432036 ], [ -46.79105, -23.43208 ], [ -46.791209, -23.432139 ], [ -46.791354, -23.432306 ], [ -46.791706, -23.432105 ], [ -46.791418, -23.431813 ], [ -46.791252, -23.431493 ], [ -46.788021, -23.431158 ], [ -46.788082, -23.430675 ], [ -46.787369, -23.430589 ], [ -46.787197, -23.431704 ], [ -46.788829, -23.431868 ], [ -46.789, -23.431922 ], [ -46.789139, -23.432004 ], [ -46.789263, -23.432222 ], [ -46.78935, -23.432829 ] ] ] } },
{ "type": "Feature", "properties": { "CD_SETOR": "355030803000146", "faces": 21, "pavimentada": 100.0, "bueiro": 47.62, "iluminacao": 100.0, "onibus": 23.81, "ciclovia": 0.0, "calcada": 100.0, "obstaculo": 85.71, "rampa": 42.86, "rampa_faces": 42.86, "sem_calcada": 0.0, "sem_arvore": 9.52, "muitas_arvores": 52.38, "vao": 57.14, "V05400": 21, "V05421": 21, "V05406": 21, "V05412": 21, "V05422": 0, "V05424": 18, "V05427": 9, "V05409": 10, "V05415": 5, "V05418": 0, "V05430": 2, "V05433": 11, "criancas_0a4": 10, "em_favela": false }, "geometry": { "type": "Polygon", "coordinates": [ [ [ -46.788082, -23.430675 ], [ -46.788021, -23.431158 ], [ -46.791252, -23.431493 ], [ -46.79071, -23.430414 ], [ -46.790558, -23.429926 ], [ -46.789578, -23.430017 ], [ -46.789169, -23.43018 ], [ -46.78858, -23.430589 ], [ -46.788082, -23.430675 ] ] ] } },
{ "type": "Feature", "properties": { "CD_SETOR": "355030803000147", "faces": 12, "pavimentada": 100.0, "bueiro": 66.67, "iluminacao": 100.0, "onibus": 16.67, "ciclovia": 0.0, "calcada": 100.0, "obstaculo": 58.33, "rampa": 33.33, "rampa_faces": 33.33, "sem_calcada": 0.0, "sem_arvore": 33.33, "muitas_arvores": 33.33, "vao": 66.67, "V05400": 12, "V05421": 12, "V05406": 12, "V05412": 12, "V05422": 0, "V05424": 7, "V05427": 4, "V05409": 8, "V05415": 2, "V05418": 0, "V05430": 4, "V05433": 4, "criancas_0a4": 18, "em_favela": false }, "geometry": { "type": "Polygon", "coordinates": [ [ [ -46.790558, -23.429926 ], [ -46.79071, -23.430414 ], [ -46.791418, -23.431813 ], [ -46.791962, -23.432349 ], [ -46.79203, -23.432926 ], [ -46.792337, -23.43357 ], [ -46.792362, -23.434115 ], [ -46.792853, -23.433405 ], [ -46.792814, -23.433218 ], [ -46.791218, -23.430037 ], [ -46.791207, -23.429944 ], [ -46.790558, -23.429926 ] ] ] } },
{ "type": "Feature", "properties": { "CD_SETOR": "355030803000148", "faces": 21, "pavimentada": 100.0, "bueiro": 57.14, "iluminacao": 90.48, "onibus": 14.29, "ciclovia": 0.0, "calcada": 100.0, "obstaculo": 100.0, "rampa": 14.29, "rampa_faces": 14.29, "sem_calcada": 0.0, "sem_arvore": 23.81, "muitas_arvores": 61.9, "vao": 85.71, "V05400": 21, "V05421": 21, "V05406": 21, "V05412": 19, "V05422": 0, "V05424": 21, "V05427": 3, "V05409": 12, "V05415": 3, "V05418": 0, "V05430": 5, "V05433": 13, "criancas_0a4": 14, "em_favela": false }, "geometry": { "type": "Polygon", "coordinates": [ [ [ -46.794388, -23.427036 ], [ -46.794407, -23.427163 ], [ -46.794091, -23.428488 ], [ -46.794048, -23.428561 ], [ -46.793309, -23.428987 ], [ -46.793336, -23.429101 ], [ -46.792953, -23.430618 ], [ -46.792909, -23.430654 ], [ -46.793341, -23.431453 ], [ -46.793787, -23.429655 ], [ -46.79441, -23.429805 ], [ -46.79485, -23.428165 ], [ -46.795876, -23.428248 ], [ -46.796119, -23.427686 ], [ -46.796262, -23.427123 ], [ -46.794557, -23.426944 ], [ -46.794388, -23.427036 ] ] ] } },
{ "type": "Feature", "properties": { "CD_SETOR": "355030803000149", "faces": 25, "pavimentada": 100.0, "bueiro": 36.0, "iluminacao": 100.0, "onibus": 28.0, "ciclovia": 0.0, "calcada": 100.0, "obstaculo": 80.0, "rampa": 4.0, "rampa_faces": 4.0, "sem_calcada": 0.0, "sem_arvore": 12.0, "muitas_arvores": 44.0, "vao": 96.0, "V05400": 25, "V05421": 25, "V05406": 25, "V05412": 25, "V05422": 0, "V05424": 20, "V05427": 1, "V05409": 9, "V05415": 7, "V05418": 0, "V05430": 3, "V05433": 11, "criancas_0a4": 16, "em_favela": false }, "geometry": { "type": "Polygon", "coordinates": [ [ [ -46.793354, -23.431401 ], [ -46.793993, -23.431526 ], [ -46.794025, -23.431452 ], [ -46.794732, -23.431113 ], [ -46.794972, -23.430096 ], [ -46.795589, -23.430202 ], [ -46.796288, -23.429192 ], [ -46.796615, -23.428935 ], [ -46.795773, -23.428774 ], [ -46.795716, -23.428641 ], [ -46.795821, -23.428243 ], [ -46.79485, -23.428165 ], [ -46.79441, -23.429805 ], [ -46.793787, -23.429655 ], [ -46.793354, -23.431401 ] ] ] } },
{ "type": "Feature", "properties": { "CD_SETOR": "355030803000150", "faces": 17, "pavimentada": 100.0, "bueiro": 70.59, "iluminacao": 100.0, "onibus": 0.0, "ciclovia": 0.0, "calcada": 100.0, "obstaculo": 100.0, "rampa": 0.0, "rampa_faces": 0.0, "sem_calcada": 0.0, "sem_arvore": 29.41, "muitas_arvores": 29.41, "vao": 100.0, "V05400": 17, "V05421": 17, "V05406": 17, "V05412": 17, "V05422": 0, "V05424": 17, "V05427": 0, "V05409": 12, "V05415": 0, "V05418": 0, "V05430": 5, "V05433": 5, "criancas_0a4": 28, "em_favela": false }, "geometry": { "type": "Polygon", "coordinates": [ [ [ -46.795876, -23.428248 ], [ -46.797498, -23.428534 ], [ -46.798285, -23.428169 ], [ -46.798439, -23.427799 ], [ -46.798437, -23.427498 ], [ -46.796262, -23.427123 ], [ -46.796119, -23.427686 ], [ -46.795876, -23.428248 ] ] ] } },
{ "type": "Feature", "properties": { "CD_SETOR": "355030803000151", "faces": 17, "pavimentada": 100.0, "bueiro": 58.82, "iluminacao": 88.24, "onibus": 0.0, "ciclovia": 0.0, "calcada": 100.0, "obstaculo": 100.0, "rampa": 0.0, "rampa_faces": 0.0, "sem_calcada": 0.0, "sem_arvore": 29.41, "muitas_arvores": 29.41, "vao": 100.0, "V05400": 17, "V05421": 17, "V05406": 17, "V05412": 15, "V05422": 0, "V05424": 17, "V05427": 0, "V05409": 10, "V05415": 0, "V05418": 0, "V05430": 5, "V05433": 5, "criancas_0a4": 25, "em_favela": false }, "geometry": { "type": "Polygon", "coordinates": [ [ [ -46.796288, -23.429192 ], [ -46.795525, -23.430304 ], [ -46.795845, -23.430391 ], [ -46.796078, -23.430548 ], [ -46.796544, -23.430555 ], [ -46.796845, -23.430664 ], [ -46.797108, -23.430661 ], [ -46.797234, -23.430747 ], [ -46.797508, -23.430748 ], [ -46.797888, -23.430207 ], [ -46.798269, -23.429339 ], [ -46.798483, -23.42915 ], [ -46.798604, -23.429102 ], [ -46.798828, -23.428773 ], [ -46.799157, -23.428486 ], [ -46.798954, -23.428251 ], [ -46.798717, -23.42847 ], [ -46.798218, -23.429105 ], [ -46.797924, -23.42933 ], [ -46.797919, -23.429133 ], [ -46.798285, -23.428169 ], [ -46.797498, -23.428534 ], [ -46.795821, -23.428243 ], [ -46.795716, -23.428641 ], [ -46.795773, -23.428774 ], [ -46.796615, -23.428935 ], [ -46.796288, -23.429192 ] ] ] } },
{ "type": "Feature", "properties": { "CD_SETOR": "355030803000152", "faces": 9, "pavimentada": 100.0, "bueiro": 55.56, "iluminacao": 100.0, "onibus": 0.0, "ciclovia": 0.0, "calcada": 100.0, "obstaculo": 77.78, "rampa": 11.11, "rampa_faces": 11.11, "sem_calcada": 0.0, "sem_arvore": 33.33, "muitas_arvores": 55.56, "vao": 88.89, "V05400": 9, "V05421": 9, "V05406": 9, "V05412": 9, "V05422": 0, "V05424": 7, "V05427": 1, "V05409": 5, "V05415": 0, "V05418": 0, "V05430": 3, "V05433": 5, "criancas_0a4": 19, "em_favela": false }, "geometry": { "type": "Polygon", "coordinates": [ [ [ -46.786961, -23.43415 ], [ -46.787501, -23.434107 ], [ -46.787378, -23.434478 ], [ -46.787391, -23.434655 ], [ -46.787584, -23.434838 ], [ -46.787739, -23.434869 ], [ -46.787927, -23.434831 ], [ -46.788131, -23.434585 ], [ -46.788402, -23.433968 ], [ -46.788474, -23.433286 ], [ -46.786988, -23.433167 ], [ -46.786961, -23.43415 ] ] ] } },
{ "type": "Feature", "properties": { "CD_SETOR": "355030803000154", "faces": 12, "pavimentada": 100.0, "bueiro": 8.33, "iluminacao": 100.0, "onibus": 0.0, "ciclovia": 0.0, "calcada": 100.0, "obstaculo": 100.0, "rampa": 0.0, "rampa_faces": 0.0, "sem_calcada": 0.0, "sem_arvore": 0.0, "muitas_arvores": 41.67, "vao": 100.0, "V05400": 12, "V05421": 12, "V05406": 12, "V05412": 12, "V05422": 0, "V05424": 12, "V05427": 0, "V05409": 1, "V05415": 0, "V05418": 0, "V05430": 0, "V05433": 5, "criancas_0a4": 16, "em_favela": false }, "geometry": { "type": "Polygon", "coordinates": [ [ [ -46.792562, -23.426469 ], [ -46.792351, -23.426964 ], [ -46.792454, -23.42743 ], [ -46.791619, -23.427962 ], [ -46.791736, -23.428528 ], [ -46.79289, -23.427856 ], [ -46.793213, -23.428339 ], [ -46.794259, -23.427744 ], [ -46.794421, -23.427079 ], [ -46.794388, -23.427036 ], [ -46.794117, -23.427173 ], [ -46.794477, -23.426456 ], [ -46.794345, -23.426262 ], [ -46.794479, -23.426042 ], [ -46.793777, -23.426356 ], [ -46.792935, -23.426497 ], [ -46.792562, -23.426469 ] ] ] } },
{ "type": "Feature", "properties": { "CD_SETOR": "355030803000155", "faces": 15, "pavimentada": 100.0, "bueiro": 46.67, "iluminacao": 100.0, "onibus": 13.33, "ciclovia": 0.0, "calcada": 93.33, "obstaculo": 100.0, "rampa": 7.14, "rampa_faces": 6.67, "sem_calcada": 6.67, "sem_arvore": 20.0, "muitas_arvores": 46.67, "vao": 93.33, "V05400": 15, "V05421": 14, "V05406": 15, "V05412": 15, "V05422": 1, "V05424": 14, "V05427": 1, "V05409": 7, "V05415": 2, "V05418": 0, "V05430": 3, "V05433": 7, "criancas_0a4": 19, "em_favela": false }, "geometry": { "type": "Polygon", "coordinates": [ [ [ -46.791736, -23.428528 ], [ -46.791709, -23.428831 ], [ -46.79157, -23.429216 ], [ -46.791288, -23.429421 ], [ -46.79059, -23.429443 ], [ -46.790593, -23.429922 ], [ -46.791504, -23.429952 ], [ -46.791806, -23.429886 ], [ -46.794048, -23.428561 ], [ -46.794259, -23.427744 ], [ -46.793213, -23.428339 ], [ -46.79289, -23.427856 ], [ -46.791736, -23.428528 ] ] ] } },
{ "type": "Feature", "properties": { "CD_SETOR": "355030803000156", "faces": 6, "pavimentada": 100.0, "bueiro": 66.67, "iluminacao": 100.0, "onibus": 0.0, "ciclovia": 0.0, "calcada": 83.33, "obstaculo": 60.0, "rampa": 20.0, "rampa_faces": 16.67, "sem_calcada": 16.67, "sem_arvore": 0.0, "muitas_arvores": 33.33, "vao": 83.33, "V05400": 6, "V05421": 5, "V05406": 6, "V05412": 6, "V05422": 1, "V05424": 3, "V05427": 1, "V05409": 4, "V05415": 0, "V05418": 0, "V05430": 0, "V05433": 2, "criancas_0a4": 20, "em_favela": false }, "geometry": { "type": "Polygon", "coordinates": [ [ [ -46.794479, -23.426042 ], [ -46.794345, -23.426262 ], [ -46.794433, -23.426378 ], [ -46.794569, -23.426323 ], [ -46.794921, -23.426428 ], [ -46.79686, -23.42663 ], [ -46.79836, -23.426897 ], [ -46.79845, -23.427581 ], [ -46.798439, -23.427799 ], [ -46.797919, -23.429133 ], [ -46.797924, -23.42933 ], [ -46.798218, -23.429105 ], [ -46.798717, -23.42847 ], [ -46.798954, -23.428251 ], [ -46.798997, -23.428126 ], [ -46.798837, -23.427434 ], [ -46.798807, -23.426881 ], [ -46.798592, -23.426379 ], [ -46.798534, -23.426347 ], [ -46.798161, -23.426168 ], [ -46.797978, -23.426136 ], [ -46.796586, -23.426295 ], [ -46.796565, -23.426168 ], [ -46.796241, -23.426097 ], [ -46.796057, -23.42598 ], [ -46.795885, -23.425994 ], [ -46.79545, -23.42578 ], [ -46.795154, -23.425735 ], [ -46.794885, -23.425793 ], [ -46.794479, -23.426042 ] ] ] } },
{ "type": "Feature", "properties": { "CD_SETOR": "355030803000157", "faces": 12, "pavimentada": 100.0, "bueiro": 66.67, "iluminacao": 100.0, "onibus": 0.0, "ciclovia": 0.0, "calcada": 100.0, "obstaculo": 83.33, "rampa": 0.0, "rampa_faces": 0.0, "sem_calcada": 0.0, "sem_arvore": 8.33, "muitas_arvores": 58.33, "vao": 100.0, "V05400": 12, "V05421": 12, "V05406": 12, "V05412": 12, "V05422": 0, "V05424": 10, "V05427": 0, "V05409": 8, "V05415": 0, "V05418": 0, "V05430": 1, "V05433": 7, "criancas_0a4": 18, "em_favela": false }, "geometry": { "type": "Polygon", "coordinates": [ [ [ -46.794433, -23.426378 ], [ -46.794477, -23.426456 ], [ -46.794117, -23.427173 ], [ -46.794557, -23.426944 ], [ -46.794653, -23.42695 ], [ -46.796262, -23.427123 ], [ -46.798437, -23.427498 ], [ -46.79836, -23.426897 ], [ -46.79686, -23.42663 ], [ -46.794921, -23.426428 ], [ -46.794569, -23.426323 ], [ -46.794433, -23.426378 ] ] ] } },
{ "type": "Feature", "properties": { "CD_SETOR": "355030803000158", "faces": 8, "pavimentada": 100.0, "bueiro": 100.0, "iluminacao": 100.0, "onibus": 25.0, "ciclovia": 0.0, "calcada": 100.0, "obstaculo": 100.0, "rampa": 0.0, "rampa_faces": 0.0, "sem_calcada": 0.0, "sem_arvore": 75.0, "muitas_arvores": 12.5, "vao": 100.0, "V05400": 8, "V05421": 8, "V05406": 8, "V05412": 8, "V05422": 0, "V05424": 8, "V05427": 0, "V05409": 8, "V05415": 2, "V05418": 0, "V05430": 6, "V05433": 1, "criancas_0a4": 16, "em_favela": false }, "geometry": { "type": "Polygon", "coordinates": [ [ [ -46.798116, -23.446036 ], [ -46.798506, -23.446727 ], [ -46.79931, -23.446592 ], [ -46.799214, -23.44624 ], [ -46.799981, -23.446116 ], [ -46.799817, -23.445767 ], [ -46.798116, -23.446036 ] ] ] } },
{ "type": "Feature", "properties": { "CD_SETOR": "355030803000159", "faces": 8, "pavimentada": 100.0, "bueiro": 100.0, "iluminacao": 100.0, "onibus": 0.0, "ciclovia": 0.0, "calcada": 100.0, "obstaculo": 100.0, "rampa": 0.0, "rampa_faces": 0.0, "sem_calcada": 0.0, "sem_arvore": 50.0, "muitas_arvores": 12.5, "vao": 100.0, "V05400": 8, "V05421": 8, "V05406": 8, "V05412": 8, "V05422": 0, "V05424": 8, "V05427": 0, "V05409": 8, "V05415": 0, "V05418": 0, "V05430": 4, "V05433": 1, "criancas_0a4": 42, "em_favela": false }, "geometry": { "type": "Polygon", "coordinates": [ [ [ -46.799214, -23.44624 ], [ -46.799591, -23.447596 ], [ -46.799817, -23.447964 ], [ -46.800447, -23.447866 ], [ -46.799981, -23.446116 ], [ -46.799214, -23.44624 ] ] ] } },
{ "type": "Feature", "properties": { "CD_SETOR": "355030803000160", "faces": 19, "pavimentada": 100.0, "bueiro": 84.21, "iluminacao": 100.0, "onibus": 5.26, "ciclovia": 0.0, "calcada": 100.0, "obstaculo": 94.74, "rampa": 0.0, "rampa_faces": 0.0, "sem_calcada": 0.0, "sem_arvore": 31.58, "muitas_arvores": 31.58, "vao": 100.0, "V05400": 19, "V05421": 19, "V05406": 19, "V05412": 19, "V05422": 0, "V05424": 18, "V05427": 0, "V05409": 16, "V05415": 1, "V05418": 0, "V05430": 6, "V05433": 6, "criancas_0a4": 40, "em_favela": false }, "geometry": { "type": "Polygon", "coordinates": [ [ [ -46.799817, -23.445767 ], [ -46.799981, -23.446116 ], [ -46.800447, -23.447866 ], [ -46.799817, -23.447964 ], [ -46.799591, -23.447596 ], [ -46.79931, -23.446592 ], [ -46.798506, -23.446727 ], [ -46.799732, -23.448295 ], [ -46.799924, -23.448341 ], [ -46.800675, -23.448175 ], [ -46.800984, -23.448281 ], [ -46.801092, -23.448394 ], [ -46.801308, -23.447653 ], [ -46.801555, -23.447697 ], [ -46.801866, -23.446599 ], [ -46.800707, -23.446317 ], [ -46.800082, -23.445858 ], [ -46.799817, -23.445767 ] ] ] } },
{ "type": "Feature", "properties": { "CD_SETOR": "355030803000161", "faces": 10, "pavimentada": 100.0, "bueiro": 30.0, "iluminacao": 100.0, "onibus": 0.0, "ciclovia": 0.0, "calcada": 100.0, "obstaculo": 90.0, "rampa": 0.0, "rampa_faces": 0.0, "sem_calcada": 0.0, "sem_arvore": 20.0, "muitas_arvores": 10.0, "vao": 100.0, "V05400": 10, "V05421": 10, "V05406": 10, "V05412": 10, "V05422": 0, "V05424": 9, "V05427": 0, "V05409": 3, "V05415": 0, "V05418": 0, "V05430": 2, "V05433": 1, "criancas_0a4": 29, "em_favela": false }, "geometry": { "type": "Polygon", "coordinates": [ [ [ -46.804497, -23.443993 ], [ -46.804713, -23.44343 ], [ -46.805205, -23.443009 ], [ -46.804956, -23.442752 ], [ -46.805508, -23.442224 ], [ -46.805268, -23.44197 ], [ -46.804686, -23.442123 ], [ -46.803698, -23.443109 ], [ -46.801927, -23.44227 ], [ -46.801965, -23.442819 ], [ -46.804497, -23.443993 ] ] ] } },
{ "type": "Feature", "properties": { "CD_SETOR": "355030803000162", "faces": 26, "pavimentada": 100.0, "bueiro": 76.92, "iluminacao": 84.62, "onibus": 11.54, "ciclovia": 0.0, "calcada": 100.0, "obstaculo": 100.0, "rampa": 0.0, "rampa_faces": 0.0, "sem_calcada": 0.0, "sem_arvore": 23.08, "muitas_arvores": 61.54, "vao": 100.0, "V05400": 26, "V05421": 26, "V05406": 26, "V05412": 22, "V05422": 0, "V05424": 26, "V05427": 0, "V05409": 20, "V05415": 3, "V05418": 0, "V05430": 6, "V05433": 16, "criancas_0a4": 93, "em_favela": false }, "geometry": { "type": "Polygon", "coordinates": [ [ [ -46.804795, -23.440333 ], [ -46.804585, -23.440386 ], [ -46.804915, -23.440653 ], [ -46.805016, -23.441339 ], [ -46.805324, -23.441465 ], [ -46.805268, -23.44197 ], [ -46.805508, -23.442224 ], [ -46.805522, -23.442113 ], [ -46.805982, -23.44139 ], [ -46.806147, -23.440684 ], [ -46.806159, -23.440137 ], [ -46.80628, -23.439988 ], [ -46.806616, -23.439783 ], [ -46.806676, -23.43966 ], [ -46.806671, -23.438982 ], [ -46.806755, -23.438585 ], [ -46.806738, -23.438405 ], [ -46.806622, -23.438238 ], [ -46.805776, -23.437189 ], [ -46.805706, -23.436758 ], [ -46.805841, -23.43647 ], [ -46.805373, -23.436313 ], [ -46.805238, -23.43683 ], [ -46.805457, -23.437677 ], [ -46.805534, -23.438326 ], [ -46.805785, -23.438915 ], [ -46.805762, -23.43901 ], [ -46.805428, -23.439194 ], [ -46.80508, -23.439576 ], [ -46.804992, -23.440356 ], [ -46.804885, -23.440406 ], [ -46.804795, -23.440333 ] ] ] } },
{ "type": "Feature", "properties": { "CD_SETOR": "355030803000163", "faces": 24, "pavimentada": 87.5, "bueiro": 41.67, "iluminacao": 79.17, "onibus": 37.5, "ciclovia": 0.0, "calcada": 79.17, "obstaculo": 89.47, "rampa": 0.0, "rampa_faces": 0.0, "sem_calcada": 12.5, "sem_arvore": 37.5, "muitas_arvores": 16.67, "vao": 87.5, "V05400": 24, "V05421": 19, "V05406": 21, "V05412": 19, "V05422": 3, "V05424": 17, "V05427": 0, "V05409": 10, "V05415": 9, "V05418": 0, "V05430": 9, "V05433": 4, "criancas_0a4": 42, "em_favela": false }, "geometry": { "type": "Polygon", "coordinates": [ [ [ -46.802153, -23.435468 ], [ -46.802704, -23.436673 ], [ -46.802989, -23.436635 ], [ -46.803216, -23.436777 ], [ -46.802846, -23.43742 ], [ -46.803139, -23.437813 ], [ -46.803313, -23.437816 ], [ -46.803578, -23.43798 ], [ -46.803688, -23.437766 ], [ -46.804421, -23.438159 ], [ -46.804561, -23.439275 ], [ -46.804709, -23.439787 ], [ -46.804746, -23.439361 ], [ -46.805023, -23.438996 ], [ -46.805402, -23.438727 ], [ -46.805329, -23.438591 ], [ -46.804904, -23.438299 ], [ -46.804787, -23.438008 ], [ -46.804459, -23.437837 ], [ -46.80452, -23.437677 ], [ -46.804535, -23.437439 ], [ -46.804493, -23.437273 ], [ -46.804025, -23.436624 ], [ -46.804035, -23.436313 ], [ -46.804148, -23.43598 ], [ -46.802153, -23.435468 ] ] ] } },
{ "type": "Feature", "properties": { "CD_SETOR": "355030803000164", "faces": 16, "pavimentada": 100.0, "bueiro": 56.25, "iluminacao": 87.5, "onibus": 25.0, "ciclovia": 0.0, "calcada": 93.75, "obstaculo": 100.0, "rampa": 0.0, "rampa_faces": 0.0, "sem_calcada": 6.25, "sem_arvore": 43.75, "muitas_arvores": 31.25, "vao": 100.0, "V05400": 16, "V05421": 15, "V05406": 16, "V05412": 14, "V05422": 1, "V05424": 15, "V05427": 0, "V05409": 9, "V05415": 4, "V05418": 0, "V05430": 7, "V05433": 5, "criancas_0a4": 28, "em_favela": false }, "geometry": { "type": "Polygon", "coordinates": [ [ [ -46.804709, -23.439787 ], [ -46.804795, -23.440333 ], [ -46.804822, -23.440384 ], [ -46.804944, -23.440395 ], [ -46.804992, -23.440356 ], [ -46.80508, -23.439576 ], [ -46.805428, -23.439194 ], [ -46.805762, -23.43901 ], [ -46.805785, -23.438915 ], [ -46.805534, -23.438326 ], [ -46.805457, -23.437677 ], [ -46.805238, -23.43683 ], [ -46.805373, -23.436313 ], [ -46.804148, -23.43598 ], [ -46.804035, -23.436313 ], [ -46.804025, -23.436624 ], [ -46.804493, -23.437273 ], [ -46.804535, -23.437439 ], [ -46.80452, -23.437677 ], [ -46.804459, -23.437837 ], [ -46.804787, -23.438008 ], [ -46.804904, -23.438299 ], [ -46.805329, -23.438591 ], [ -46.805402, -23.438727 ], [ -46.805023, -23.438996 ], [ -46.804746, -23.439361 ], [ -46.804709, -23.439787 ] ] ] } },
{ "type": "Feature", "properties": { "CD_SETOR": "355030803000165", "faces": 11, "pavimentada": 100.0, "bueiro": 18.18, "iluminacao": 100.0, "onibus": 0.0, "ciclovia": 0.0, "calcada": 100.0, "obstaculo": 90.91, "rampa": 0.0, "rampa_faces": 0.0, "sem_calcada": 0.0, "sem_arvore": 81.82, "muitas_arvores": 0.0, "vao": 100.0, "V05400": 11, "V05421": 11, "V05406": 11, "V05412": 11, "V05422": 0, "V05424": 10, "V05427": 0, "V05409": 2, "V05415": 0, "V05418": 0, "V05430": 9, "V05433": 0, "criancas_0a4": 28, "em_favela": false }, "geometry": { "type": "Polygon", "coordinates": [ [ [ -46.777031, -23.432181 ], [ -46.777109, -23.433245 ], [ -46.777508, -23.433159 ], [ -46.778259, -23.4327 ], [ -46.778213, -23.432091 ], [ -46.777031, -23.432181 ] ] ] } },
{ "type": "Feature", "properties": { "CD_SETOR": "355030803000166", "faces": 28, "pavimentada": 100.0, "bueiro": 57.14, "iluminacao": 100.0, "onibus": 7.14, "ciclovia": 0.0, "calcada": 100.0, "obstaculo": 89.29, "rampa": 3.57, "rampa_faces": 3.57, "sem_calcada": 0.0, "sem_arvore": 46.43, "muitas_arvores": 7.14, "vao": 96.43, "V05400": 28, "V05421": 28, "V05406": 28, "V05412": 28, "V05422": 0, "V05424": 25, "V05427": 1, "V05409": 16, "V05415": 2, "V05418": 0, "V05430": 13, "V05433": 2, "criancas_0a4": 29, "em_favela": false }, "geometry": { "type": "Polygon", "coordinates": [ [ [ -46.779389, -23.431999 ], [ -46.778213, -23.432091 ], [ -46.778259, -23.4327 ], [ -46.777508, -23.433159 ], [ -46.776948, -23.433302 ], [ -46.776801, -23.433447 ], [ -46.776772, -23.433642 ], [ -46.778647, -23.433536 ], [ -46.778653, -23.433391 ], [ -46.779826, -23.43336 ], [ -46.779783, -23.43266 ], [ -46.77943, -23.432677 ], [ -46.779389, -23.431999 ] ] ] } },
{ "type": "Feature", "properties": { "CD_SETOR": "355030803000167", "faces": 14, "pavimentada": 100.0, "bueiro": 35.71, "iluminacao": 100.0, "onibus": 0.0, "ciclovia": 0.0, "calcada": 100.0, "obstaculo": 78.57, "rampa": 0.0, "rampa_faces": 0.0, "sem_calcada": 0.0, "sem_arvore": 71.43, "muitas_arvores": 7.14, "vao": 100.0, "V05400": 14, "V05421": 14, "V05406": 14, "V05412": 14, "V05422": 0, "V05424": 11, "V05427": 0, "V05409": 5, "V05415": 0, "V05418": 0, "V05430": 10, "V05433": 1, "criancas_0a4": 26, "em_favela": false }, "geometry": { "type": "Polygon", "coordinates": [ [ [ -46.773077, -23.432511 ], [ -46.773193, -23.432978 ], [ -46.773284, -23.433104 ], [ -46.774657, -23.433859 ], [ -46.774877, -23.432906 ], [ -46.774487, -23.432803 ], [ -46.773664, -23.432707 ], [ -46.773277, -23.432353 ], [ -46.773077, -23.432511 ] ] ] } },
{ "type": "Feature", "properties": { "CD_SETOR": "355030803000168", "faces": 17, "pavimentada": 100.0, "bueiro": 23.53, "iluminacao": 100.0, "onibus": 11.76, "ciclovia": 0.0, "calcada": 100.0, "obstaculo": 70.59, "rampa": 5.88, "rampa_faces": 5.88, "sem_calcada": 0.0, "sem_arvore": 58.82, "muitas_arvores": 17.65, "vao": 94.12, "V05400": 17, "V05421": 17, "V05406": 17, "V05412": 17, "V05422": 0, "V05424": 12, "V05427": 1, "V05409": 4, "V05415": 2, "V05418": 0, "V05430": 10, "V05433": 3, "criancas_0a4": 33, "em_favela": false }, "geometry": { "type": "Polygon", "coordinates": [ [ [ -46.774487, -23.432803 ], [ -46.776688, -23.433345 ], [ -46.776441, -23.434485 ], [ -46.776941, -23.434459 ], [ -46.776801, -23.434062 ], [ -46.776775, -23.433535 ], [ -46.776862, -23.433365 ], [ -46.777109, -23.433245 ], [ -46.777069, -23.432713 ], [ -46.776299, -23.432367 ], [ -46.775962, -23.432317 ], [ -46.77455, -23.432747 ], [ -46.774487, -23.432803 ] ] ] } },
{ "type": "Feature", "properties": { "CD_SETOR": "355030803000169", "faces": 30, "pavimentada": 100.0, "bueiro": 63.33, "iluminacao": 100.0, "onibus": 0.0, "ciclovia": 0.0, "calcada": 100.0, "obstaculo": 70.0, "rampa": 0.0, "rampa_faces": 0.0, "sem_calcada": 0.0, "sem_arvore": 56.67, "muitas_arvores": 10.0, "vao": 100.0, "V05400": 30, "V05421": 30, "V05406": 30, "V05412": 30, "V05422": 0, "V05424": 21, "V05427": 0, "V05409": 19, "V05415": 0, "V05418": 0, "V05430": 17, "V05433": 3, "criancas_0a4": 35, "em_favela": false }, "geometry": { "type": "Polygon", "coordinates": [ [ [ -46.774657, -23.433859 ], [ -46.775653, -23.434338 ], [ -46.776441, -23.434485 ], [ -46.776688, -23.433345 ], [ -46.774877, -23.432906 ], [ -46.774657, -23.433859 ] ] ] } },
{ "type": "Feature", "properties": { "CD_SETOR": "355030803000170", "faces": 29, "pavimentada": 100.0, "bueiro": 37.93, "iluminacao": 96.55, "onibus": 0.0, "ciclovia": 0.0, "calcada": 100.0, "obstaculo": 86.21, "rampa": 3.45, "rampa_faces": 3.45, "sem_calcada": 0.0, "sem_arvore": 44.83, "muitas_arvores": 13.79, "vao": 96.55, "V05400": 29, "V05421": 29, "V05406": 29, "V05412": 28, "V05422": 0, "V05424": 25, "V05427": 1, "V05409": 11, "V05415": 0, "V05418": 0, "V05430": 13, "V05433": 4, "criancas_0a4": 19, "em_favela": false }, "geometry": { "type": "Polygon", "coordinates": [ [ [ -46.774165, -23.436508 ], [ -46.774381, -23.436502 ], [ -46.774887, -23.43615 ], [ -46.774806, -23.435785 ], [ -46.775355, -23.435664 ], [ -46.775244, -23.434967 ], [ -46.774745, -23.434723 ], [ -46.774965, -23.434425 ], [ -46.774309, -23.434097 ], [ -46.773627, -23.435359 ], [ -46.77328, -23.435207 ], [ -46.773171, -23.435394 ], [ -46.773572, -23.435604 ], [ -46.774165, -23.436508 ] ] ] } },
{ "type": "Feature", "properties": { "CD_SETOR": "355030803000171", "faces": 17, "pavimentada": 100.0, "bueiro": 11.76, "iluminacao": 100.0, "onibus": 0.0, "ciclovia": 0.0, "calcada": 100.0, "obstaculo": 76.47, "rampa": 5.88, "rampa_faces": 5.88, "sem_calcada": 0.0, "sem_arvore": 47.06, "muitas_arvores": 17.65, "vao": 94.12, "V05400": 17, "V05421": 17, "V05406": 17, "V05412": 17, "V05422": 0, "V05424": 13, "V05427": 1, "V05409": 2, "V05415": 0, "V05418": 0, "V05430": 8, "V05433": 3, "criancas_0a4": 33, "em_favela": false }, "geometry": { "type": "Polygon", "coordinates": [ [ [ -46.773965, -23.433924 ], [ -46.774965, -23.434425 ], [ -46.774745, -23.434723 ], [ -46.775244, -23.434967 ], [ -46.775355, -23.435664 ], [ -46.774806, -23.435785 ], [ -46.774887, -23.43615 ], [ -46.77592, -23.435924 ], [ -46.776409, -23.435506 ], [ -46.77672, -23.435154 ], [ -46.776704, -23.434957 ], [ -46.776937, -23.434609 ], [ -46.776941, -23.434459 ], [ -46.776357, -23.434478 ], [ -46.775577, -23.434311 ], [ -46.774177, -23.433623 ], [ -46.773965, -23.433924 ] ] ] } },
{ "type": "Feature", "properties": { "CD_SETOR": "355030803000172", "faces": 16, "pavimentada": 100.0, "bueiro": 68.75, "iluminacao": 87.5, "onibus": 6.25, "ciclovia": 0.0, "calcada": 87.5, "obstaculo": 85.71, "rampa": 21.43, "rampa_faces": 18.75, "sem_calcada": 12.5, "sem_arvore": 37.5, "muitas_arvores": 12.5, "vao": 81.25, "V05400": 16, "V05421": 14, "V05406": 16, "V05412": 14, "V05422": 2, "V05424": 12, "V05427": 3, "V05409": 11, "V05415": 1, "V05418": 0, "V05430": 6, "V05433": 2, "criancas_0a4": 25, "em_favela": false }, "geometry": { "type": "Polygon", "coordinates": [ [ [ -46.769638, -23.438727 ], [ -46.771788, -23.438009 ], [ -46.772875, -23.437722 ], [ -46.773788, -23.437341 ], [ -46.773912, -23.437235 ], [ -46.774091, -23.4368 ], [ -46.774381, -23.436502 ], [ -46.773794, -23.436508 ], [ -46.773614, -23.436417 ], [ -46.773486, -23.436879 ], [ -46.771226, -23.43641 ], [ -46.771127, -23.43634 ], [ -46.77112, -23.436224 ], [ -46.771233, -23.435843 ], [ -46.771863, -23.435752 ], [ -46.77209, -23.435675 ], [ -46.771834, -23.43499 ], [ -46.772485, -23.434786 ], [ -46.772435, -23.434661 ], [ -46.772983, -23.433411 ], [ -46.773075, -23.433321 ], [ -46.772753, -23.432845 ], [ -46.772461, -23.433431 ], [ -46.772113, -23.433842 ], [ -46.771405, -23.434298 ], [ -46.770851, -23.434183 ], [ -46.770192, -23.434157 ], [ -46.770132, -23.434304 ], [ -46.770344, -23.434933 ], [ -46.770605, -23.435421 ], [ -46.770777, -23.435347 ], [ -46.770848, -23.435792 ], [ -46.770436, -23.436568 ], [ -46.770126, -23.437015 ], [ -46.769638, -23.438727 ] ] ] } },
{ "type": "Feature", "properties": { "CD_SETOR": "355030803000173", "faces": 15, "pavimentada": 100.0, "bueiro": 66.67, "iluminacao": 100.0, "onibus": 0.0, "ciclovia": 0.0, "calcada": 100.0, "obstaculo": 46.67, "rampa": 0.0, "rampa_faces": 0.0, "sem_calcada": 0.0, "sem_arvore": 73.33, "muitas_arvores": 0.0, "vao": 100.0, "V05400": 15, "V05421": 15, "V05406": 15, "V05412": 15, "V05422": 0, "V05424": 7, "V05427": 0, "V05409": 10, "V05415": 0, "V05418": 0, "V05430": 11, "V05433": 0, "criancas_0a4": 20, "em_favela": false }, "geometry": { "type": "Polygon", "coordinates": [ [ [ -46.771781, -23.435762 ], [ -46.772124, -23.435838 ], [ -46.773423, -23.436103 ], [ -46.773074, -23.435561 ], [ -46.772485, -23.434786 ], [ -46.771834, -23.43499 ], [ -46.77209, -23.435675 ], [ -46.771781, -23.435762 ] ] ] } },
{ "type": "Feature", "properties": { "CD_SETOR": "355030803000174", "faces": 24, "pavimentada": 100.0, "bueiro": 16.67, "iluminacao": 83.33, "onibus": 0.0, "ciclovia": 0.0, "calcada": 100.0, "obstaculo": 50.0, "rampa": 0.0, "rampa_faces": 0.0, "sem_calcada": 0.0, "sem_arvore": 75.0, "muitas_arvores": 4.17, "vao": 100.0, "V05400": 24, "V05421": 24, "V05406": 24, "V05412": 20, "V05422": 0, "V05424": 12, "V05427": 0, "V05409": 4, "V05415": 0, "V05418": 0, "V05430": 18, "V05433": 1, "criancas_0a4": 45, "em_favela": false }, "geometry": { "type": "Polygon", "coordinates": [ [ [ -46.773614, -23.436417 ], [ -46.773423, -23.436103 ], [ -46.771781, -23.435762 ], [ -46.771233, -23.435843 ], [ -46.77112, -23.436224 ], [ -46.771148, -23.436379 ], [ -46.771226, -23.43641 ], [ -46.773486, -23.436879 ], [ -46.773614, -23.436417 ] ] ] } },
{ "type": "Feature", "properties": { "CD_SETOR": "355030803000175", "faces": 12, "pavimentada": 100.0, "bueiro": 41.67, "iluminacao": 100.0, "onibus": 25.0, "ciclovia": 0.0, "calcada": 100.0, "obstaculo": 75.0, "rampa": 0.0, "rampa_faces": 0.0, "sem_calcada": 0.0, "sem_arvore": 58.33, "muitas_arvores": 0.0, "vao": 100.0, "V05400": 12, "V05421": 12, "V05406": 12, "V05412": 12, "V05422": 0, "V05424": 9, "V05427": 0, "V05409": 5, "V05415": 3, "V05418": 0, "V05430": 7, "V05433": 0, "criancas_0a4": 30, "em_favela": false }, "geometry": { "type": "Polygon", "coordinates": [ [ [ -46.770476, -23.438445 ], [ -46.770524, -23.438576 ], [ -46.770761, -23.438749 ], [ -46.771658, -23.438448 ], [ -46.772707, -23.438182 ], [ -46.773724, -23.437811 ], [ -46.774178, -23.437576 ], [ -46.774016, -23.43734 ], [ -46.77389, -23.437254 ], [ -46.773788, -23.437341 ], [ -46.772875, -23.437722 ], [ -46.771901, -23.437974 ], [ -46.770476, -23.438445 ] ] ] } },
{ "type": "Feature", "properties": { "CD_SETOR": "355030803000176", "faces": 12, "pavimentada": 100.0, "bueiro": 33.33, "iluminacao": 100.0, "onibus": 0.0, "ciclovia": 0.0, "calcada": 100.0, "obstaculo": 66.67, "rampa": 0.0, "rampa_faces": 0.0, "sem_calcada": 0.0, "sem_arvore": 83.33, "muitas_arvores": 0.0, "vao": 100.0, "V05400": 12, "V05421": 12, "V05406": 12, "V05412": 12, "V05422": 0, "V05424": 8, "V05427": 0, "V05409": 4, "V05415": 0, "V05418": 0, "V05430": 10, "V05433": 0, "criancas_0a4": 41, "em_favela": false }, "geometry": { "type": "Polygon", "coordinates": [ [ [ -46.770761, -23.438749 ], [ -46.77101, -23.439046 ], [ -46.772106, -23.438682 ], [ -46.772774, -23.438533 ], [ -46.774257, -23.438022 ], [ -46.774343, -23.437939 ], [ -46.774178, -23.437576 ], [ -46.773724, -23.437811 ], [ -46.772707, -23.438182 ], [ -46.771658, -23.438448 ], [ -46.770761, -23.438749 ] ] ] } },
{ "type": "Feature", "properties": { "CD_SETOR": "355030803000177", "faces": 3, "pavimentada": 100.0, "bueiro": 100.0, "iluminacao": 100.0, "onibus": 33.33, "ciclovia": 0.0, "calcada": 100.0, "obstaculo": 100.0, "rampa": 0.0, "rampa_faces": 0.0, "sem_calcada": 0.0, "sem_arvore": 0.0, "muitas_arvores": 33.33, "vao": 100.0, "V05400": 3, "V05421": 3, "V05406": 3, "V05412": 3, "V05422": 0, "V05424": 3, "V05427": 0, "V05409": 3, "V05415": 1, "V05418": 0, "V05430": 0, "V05433": 1, "criancas_0a4": 17, "em_favela": false }, "geometry": { "type": "Polygon", "coordinates": [ [ [ -46.799437, -23.444838 ], [ -46.799827, -23.444952 ], [ -46.801171, -23.4456 ], [ -46.801349, -23.44515 ], [ -46.799456, -23.444332 ], [ -46.799437, -23.444838 ] ] ] } },
{ "type": "Feature", "properties": { "CD_SETOR": "355030803000178", "faces": 7, "pavimentada": 100.0, "bueiro": 71.43, "iluminacao": 85.71, "onibus": 42.86, "ciclovia": 0.0, "calcada": 100.0, "obstaculo": 71.43, "rampa": 0.0, "rampa_faces": 0.0, "sem_calcada": 0.0, "sem_arvore": 14.29, "muitas_arvores": 28.57, "vao": 100.0, "V05400": 7, "V05421": 7, "V05406": 7, "V05412": 6, "V05422": 0, "V05424": 5, "V05427": 0, "V05409": 5, "V05415": 3, "V05418": 0, "V05430": 1, "V05433": 2, "criancas_0a4": 37, "em_favela": false }, "geometry": { "type": "Polygon", "coordinates": [ [ [ -46.798348, -23.444681 ], [ -46.798428, -23.444872 ], [ -46.799364, -23.445651 ], [ -46.799935, -23.445784 ], [ -46.800204, -23.445938 ], [ -46.800533, -23.446226 ], [ -46.800858, -23.446349 ], [ -46.801171, -23.4456 ], [ -46.799827, -23.444952 ], [ -46.799437, -23.444838 ], [ -46.799389, -23.445231 ], [ -46.798667, -23.444283 ], [ -46.798399, -23.444543 ], [ -46.798348, -23.444681 ] ] ] } },
{ "type": "Feature", "properties": { "CD_SETOR": "355030803000179", "faces": 10, "pavimentada": 100.0, "bueiro": 30.0, "iluminacao": 100.0, "onibus": 0.0, "ciclovia": 0.0, "calcada": 100.0, "obstaculo": 60.0, "rampa": 0.0, "rampa_faces": 0.0, "sem_calcada": 0.0, "sem_arvore": 40.0, "muitas_arvores": 20.0, "vao": 100.0, "V05400": 10, "V05421": 10, "V05406": 10, "V05412": 10, "V05422": 0, "V05424": 6, "V05427": 0, "V05409": 3, "V05415": 0, "V05418": 0, "V05430": 4, "V05433": 2, "criancas_0a4": 19, "em_favela": false }, "geometry": { "type": "Polygon", "coordinates": [ [ [ -46.772753, -23.432845 ], [ -46.773075, -23.433321 ], [ -46.772983, -23.433411 ], [ -46.772435, -23.434661 ], [ -46.772466, -23.434755 ], [ -46.772536, -23.43476 ], [ -46.772742, -23.434595 ], [ -46.772873, -23.434339 ], [ -46.773586, -23.434658 ], [ -46.773965, -23.433924 ], [ -46.774177, -23.433623 ], [ -46.773284, -23.433104 ], [ -46.773193, -23.432978 ], [ -46.773077, -23.432511 ], [ -46.772772, -23.432287 ], [ -46.772826, -23.432613 ], [ -46.772753, -23.432845 ] ] ] } },
{ "type": "Feature", "properties": { "CD_SETOR": "355030803000180", "faces": 19, "pavimentada": 100.0, "bueiro": 52.63, "iluminacao": 100.0, "onibus": 0.0, "ciclovia": 0.0, "calcada": 100.0, "obstaculo": 63.16, "rampa": 0.0, "rampa_faces": 0.0, "sem_calcada": 0.0, "sem_arvore": 36.84, "muitas_arvores": 0.0, "vao": 100.0, "V05400": 19, "V05421": 19, "V05406": 19, "V05412": 19, "V05422": 0, "V05424": 12, "V05427": 0, "V05409": 10, "V05415": 0, "V05418": 0, "V05430": 7, "V05433": 0, "criancas_0a4": 44, "em_favela": false }, "geometry": { "type": "Polygon", "coordinates": [ [ [ -46.772485, -23.434786 ], [ -46.773074, -23.435561 ], [ -46.773614, -23.436417 ], [ -46.773794, -23.436508 ], [ -46.774165, -23.436508 ], [ -46.773572, -23.435604 ], [ -46.773171, -23.435394 ], [ -46.77328, -23.435207 ], [ -46.773627, -23.435359 ], [ -46.774309, -23.434097 ], [ -46.773965, -23.433924 ], [ -46.773586, -23.434658 ], [ -46.772873, -23.434339 ], [ -46.772742, -23.434595 ], [ -46.772485, -23.434786 ] ] ] } },
{ "type": "Feature", "properties": { "CD_SETOR": "355030803000184", "faces": 15, "pavimentada": 100.0, "bueiro": 86.67, "iluminacao": 100.0, "onibus": 0.0, "ciclovia": 0.0, "calcada": 100.0, "obstaculo": 100.0, "rampa": 0.0, "rampa_faces": 0.0, "sem_calcada": 0.0, "sem_arvore": 60.0, "muitas_arvores": 13.33, "vao": 100.0, "V05400": 15, "V05421": 15, "V05406": 15, "V05412": 15, "V05422": 0, "V05424": 15, "V05427": 0, "V05409": 13, "V05415": 0, "V05418": 0, "V05430": 9, "V05433": 2, "criancas_0a4": 38, "em_favela": false }, "geometry": { "type": "Polygon", "coordinates": [ [ [ -46.801287, -23.438057 ], [ -46.800593, -23.439394 ], [ -46.799943, -23.440824 ], [ -46.799762, -23.440851 ], [ -46.799576, -23.441018 ], [ -46.799359, -23.441041 ], [ -46.799347, -23.441324 ], [ -46.80082, -23.441205 ], [ -46.800362, -23.440988 ], [ -46.801402, -23.438841 ], [ -46.801829, -23.439043 ], [ -46.802068, -23.438609 ], [ -46.80163, -23.438411 ], [ -46.801736, -23.438225 ], [ -46.801287, -23.438057 ] ] ] } },
{ "type": "Feature", "properties": { "CD_SETOR": "355030803000186", "faces": 22, "pavimentada": 100.0, "bueiro": 50.0, "iluminacao": 81.82, "onibus": 0.0, "ciclovia": 0.0, "calcada": 100.0, "obstaculo": 72.73, "rampa": 0.0, "rampa_faces": 0.0, "sem_calcada": 0.0, "sem_arvore": 50.0, "muitas_arvores": 27.27, "vao": 100.0, "V05400": 22, "V05421": 22, "V05406": 22, "V05412": 18, "V05422": 0, "V05424": 16, "V05427": 0, "V05409": 11, "V05415": 0, "V05418": 0, "V05430": 11, "V05433": 6, "criancas_0a4": 46, "em_favela": false }, "geometry": { "type": "Polygon", "coordinates": [ [ [ -46.776231, -23.432347 ], [ -46.777069, -23.432713 ], [ -46.777031, -23.432181 ], [ -46.776966, -23.431941 ], [ -46.776481, -23.430792 ], [ -46.777042, -23.430586 ], [ -46.776899, -23.430274 ], [ -46.777003, -23.429557 ], [ -46.776968, -23.428709 ], [ -46.775111, -23.428798 ], [ -46.775186, -23.429095 ], [ -46.775477, -23.429504 ], [ -46.776595, -23.432028 ], [ -46.776648, -23.432231 ], [ -46.776292, -23.432074 ], [ -46.776231, -23.432347 ] ] ] } },
{ "type": "Feature", "properties": { "CD_SETOR": "355030803000188", "faces": 6, "pavimentada": 100.0, "bueiro": 83.33, "iluminacao": 83.33, "onibus": 0.0, "ciclovia": 0.0, "calcada": 83.33, "obstaculo": 100.0, "rampa": 0.0, "rampa_faces": 0.0, "sem_calcada": 16.67, "sem_arvore": 16.67, "muitas_arvores": 66.67, "vao": 100.0, "V05400": 6, "V05421": 5, "V05406": 6, "V05412": 5, "V05422": 1, "V05424": 5, "V05427": 0, "V05409": 5, "V05415": 0, "V05418": 0, "V05430": 1, "V05433": 4, "criancas_0a4": 69, "em_favela": true }, "geometry": { "type": "Polygon", "coordinates": [ [ [ -46.799775, -23.448321 ], [ -46.799611, -23.44859 ], [ -46.799745, -23.448813 ], [ -46.79984, -23.449151 ], [ -46.79985, -23.449771 ], [ -46.799621, -23.450271 ], [ -46.799257, -23.450761 ], [ -46.79927, -23.45087 ], [ -46.799738, -23.451083 ], [ -46.799888, -23.451063 ], [ -46.799969, -23.450935 ], [ -46.800054, -23.450452 ], [ -46.80013, -23.450308 ], [ -46.800406, -23.450138 ], [ -46.800565, -23.450098 ], [ -46.800491, -23.45082 ], [ -46.800998, -23.45076 ], [ -46.801784, -23.450875 ], [ -46.802065, -23.451051 ], [ -46.802268, -23.451012 ], [ -46.80259, -23.450374 ], [ -46.802258, -23.450463 ], [ -46.80188, -23.450363 ], [ -46.801392, -23.450368 ], [ -46.801183, -23.450295 ], [ -46.80113, -23.45023 ], [ -46.800742, -23.448551 ], [ -46.801272, -23.448691 ], [ -46.801029, -23.448322 ], [ -46.800675, -23.448175 ], [ -46.799924, -23.448341 ], [ -46.799775, -23.448321 ] ] ] } },
{ "type": "Feature", "properties": { "CD_SETOR": "355030803000192", "faces": 9, "pavimentada": 100.0, "bueiro": 44.44, "iluminacao": 100.0, "onibus": 0.0, "ciclovia": 0.0, "calcada": 88.89, "obstaculo": 100.0, "rampa": 0.0, "rampa_faces": 0.0, "sem_calcada": 11.11, "sem_arvore": 22.22, "muitas_arvores": 33.33, "vao": 100.0, "V05400": 9, "V05421": 8, "V05406": 9, "V05412": 9, "V05422": 1, "V05424": 8, "V05427": 0, "V05409": 4, "V05415": 0, "V05418": 0, "V05430": 2, "V05433": 3, "criancas_0a4": 37, "em_favela": false }, "geometry": { "type": "Polygon", "coordinates": [ [ [ -46.793535, -23.43326 ], [ -46.792621, -23.43465 ], [ -46.792763, -23.434742 ], [ -46.792793, -23.434813 ], [ -46.792774, -23.435002 ], [ -46.792895, -23.43512 ], [ -46.79313, -23.435152 ], [ -46.793669, -23.434344 ], [ -46.79412, -23.434582 ], [ -46.794331, -23.434213 ], [ -46.794335, -23.434104 ], [ -46.794509, -23.434051 ], [ -46.79453, -23.434427 ], [ -46.794483, -23.434607 ], [ -46.794753, -23.434518 ], [ -46.794706, -23.433641 ], [ -46.794622, -23.43355 ], [ -46.79438, -23.433564 ], [ -46.794078, -23.434034 ], [ -46.793958, -23.434123 ], [ -46.793535, -23.43326 ] ] ] } },
{ "type": "Feature", "properties": { "CD_SETOR": "355030803000193", "faces": 18, "pavimentada": 88.89, "bueiro": 33.33, "iluminacao": 88.89, "onibus": 0.0, "ciclovia": 0.0, "calcada": 83.33, "obstaculo": 100.0, "rampa": 0.0, "rampa_faces": 0.0, "sem_calcada": 5.56, "sem_arvore": 38.89, "muitas_arvores": 16.67, "vao": 88.89, "V05400": 18, "V05421": 15, "V05406": 16, "V05412": 16, "V05422": 1, "V05424": 15, "V05427": 0, "V05409": 6, "V05415": 0, "V05418": 0, "V05430": 7, "V05433": 3, "criancas_0a4": 34, "em_favela": false }, "geometry": { "type": "Polygon", "coordinates": [ [ [ -46.795446, -23.435493 ], [ -46.795087, -23.43456 ], [ -46.794988, -23.43187 ], [ -46.795192, -23.431859 ], [ -46.795457, -23.431576 ], [ -46.795898, -23.431409 ], [ -46.796166, -23.430824 ], [ -46.796544, -23.430555 ], [ -46.796078, -23.430548 ], [ -46.795845, -23.430391 ], [ -46.795525, -23.430304 ], [ -46.795589, -23.430202 ], [ -46.794972, -23.430096 ], [ -46.79453, -23.431937 ], [ -46.794549, -23.43302 ], [ -46.793535, -23.43326 ], [ -46.793958, -23.434123 ], [ -46.794078, -23.434034 ], [ -46.79438, -23.433564 ], [ -46.794539, -23.433534 ], [ -46.794673, -23.433586 ], [ -46.794741, -23.434441 ], [ -46.794937, -23.435705 ], [ -46.795446, -23.435493 ] ] ] } },
{ "type": "Feature", "properties": { "CD_SETOR": "355030803000196", "faces": 8, "pavimentada": 100.0, "bueiro": 37.5, "iluminacao": 87.5, "onibus": 0.0, "ciclovia": 0.0, "calcada": 87.5, "obstaculo": 100.0, "rampa": 0.0, "rampa_faces": 0.0, "sem_calcada": 12.5, "sem_arvore": 37.5, "muitas_arvores": 12.5, "vao": 100.0, "V05400": 8, "V05421": 7, "V05406": 8, "V05412": 7, "V05422": 1, "V05424": 7, "V05427": 0, "V05409": 3, "V05415": 0, "V05418": 0, "V05430": 3, "V05433": 1, "criancas_0a4": 29, "em_favela": false }, "geometry": { "type": "Polygon", "coordinates": [ [ [ -46.798459, -23.447218 ], [ -46.799048, -23.449591 ], [ -46.799056, -23.450005 ], [ -46.798925, -23.450355 ], [ -46.799009, -23.450614 ], [ -46.799238, -23.450803 ], [ -46.799621, -23.450271 ], [ -46.799311, -23.449899 ], [ -46.799284, -23.449593 ], [ -46.799072, -23.448695 ], [ -46.799244, -23.448662 ], [ -46.799243, -23.448506 ], [ -46.798822, -23.44713 ], [ -46.798459, -23.447218 ] ] ] } },
{ "type": "Feature", "properties": { "CD_SETOR": "355030803000197", "faces": 19, "pavimentada": 100.0, "bueiro": 57.89, "iluminacao": 100.0, "onibus": 0.0, "ciclovia": 0.0, "calcada": 73.68, "obstaculo": 92.86, "rampa": 0.0, "rampa_faces": 0.0, "sem_calcada": 26.32, "sem_arvore": 21.05, "muitas_arvores": 36.84, "vao": 100.0, "V05400": 19, "V05421": 14, "V05406": 19, "V05412": 19, "V05422": 5, "V05424": 13, "V05427": 0, "V05409": 11, "V05415": 0, "V05418": 0, "V05430": 4, "V05433": 7, "criancas_0a4": 46, "em_favela": false }, "geometry": { "type": "Polygon", "coordinates": [ [ [ -46.799347, -23.441324 ], [ -46.799417, -23.442854 ], [ -46.799472, -23.442976 ], [ -46.799999, -23.443395 ], [ -46.7999, -23.442358 ], [ -46.799842, -23.442185 ], [ -46.80133, -23.442038 ], [ -46.801116, -23.441895 ], [ -46.8011, -23.441632 ], [ -46.801182, -23.441582 ], [ -46.80123, -23.441466 ], [ -46.80082, -23.441205 ], [ -46.799347, -23.441324 ] ] ] } },
{ "type": "Feature", "properties": { "CD_SETOR": "355030803000198", "faces": 12, "pavimentada": 100.0, "bueiro": 100.0, "iluminacao": 100.0, "onibus": 0.0, "ciclovia": 0.0, "calcada": 100.0, "obstaculo": 100.0, "rampa": 0.0, "rampa_faces": 0.0, "sem_calcada": 0.0, "sem_arvore": 33.33, "muitas_arvores": 33.33, "vao": 100.0, "V05400": 12, "V05421": 12, "V05406": 12, "V05412": 12, "V05422": 0, "V05424": 12, "V05427": 0, "V05409": 12, "V05415": 0, "V05418": 0, "V05430": 4, "V05433": 4, "criancas_0a4": 46, "em_favela": false }, "geometry": { "type": "Polygon", "coordinates": [ [ [ -46.799999, -23.443395 ], [ -46.800254, -23.443549 ], [ -46.800864, -23.443423 ], [ -46.801476, -23.443377 ], [ -46.80133, -23.442038 ], [ -46.799842, -23.442185 ], [ -46.7999, -23.442358 ], [ -46.799999, -23.443395 ] ] ] } },
{ "type": "Feature", "properties": { "CD_SETOR": "355030803000199", "faces": 14, "pavimentada": 100.0, "bueiro": 85.71, "iluminacao": 85.71, "onibus": 0.0, "ciclovia": 0.0, "calcada": 100.0, "obstaculo": 92.86, "rampa": 0.0, "rampa_faces": 0.0, "sem_calcada": 0.0, "sem_arvore": 50.0, "muitas_arvores": 0.0, "vao": 100.0, "V05400": 14, "V05421": 14, "V05406": 14, "V05412": 12, "V05422": 0, "V05424": 13, "V05427": 0, "V05409": 12, "V05415": 0, "V05418": 0, "V05430": 7, "V05433": 0, "criancas_0a4": 43, "em_favela": false }, "geometry": { "type": "Polygon", "coordinates": [ [ [ -46.800964, -23.443413 ], [ -46.800984, -23.443688 ], [ -46.801081, -23.443736 ], [ -46.801191, -23.4439 ], [ -46.801228, -23.444137 ], [ -46.801403, -23.444251 ], [ -46.801557, -23.444282 ], [ -46.801554, -23.444315 ], [ -46.801423, -23.444505 ], [ -46.801258, -23.444626 ], [ -46.800514, -23.444763 ], [ -46.801227, -23.445094 ], [ -46.8015, -23.445041 ], [ -46.80195, -23.444606 ], [ -46.802087, -23.444252 ], [ -46.801927, -23.44227 ], [ -46.80133, -23.442038 ], [ -46.801476, -23.443377 ], [ -46.800964, -23.443413 ] ] ] } },
{ "type": "Feature", "properties": { "CD_SETOR": "355030803000200", "faces": 33, "pavimentada": 100.0, "bueiro": 36.36, "iluminacao": 100.0, "onibus": 3.03, "ciclovia": 0.0, "calcada": 100.0, "obstaculo": 69.7, "rampa": 0.0, "rampa_faces": 0.0, "sem_calcada": 0.0, "sem_arvore": 60.61, "muitas_arvores": 0.0, "vao": 100.0, "V05400": 33, "V05421": 33, "V05406": 33, "V05412": 33, "V05422": 0, "V05424": 23, "V05427": 0, "V05409": 12, "V05415": 1, "V05418": 0, "V05430": 20, "V05433": 0, "criancas_0a4": 33, "em_favela": false }, "geometry": { "type": "Polygon", "coordinates": [ [ [ -46.779389, -23.431999 ], [ -46.77943, -23.432677 ], [ -46.781402, -23.432563 ], [ -46.781414, -23.432241 ], [ -46.78136, -23.432155 ], [ -46.781297, -23.431471 ], [ -46.779389, -23.431999 ] ] ] } },
{ "type": "Feature", "properties": { "CD_SETOR": "355030803000201", "faces": 15, "pavimentada": 100.0, "bueiro": 46.67, "iluminacao": 100.0, "onibus": 6.67, "ciclovia": 0.0, "calcada": 100.0, "obstaculo": 66.67, "rampa": 13.33, "rampa_faces": 13.33, "sem_calcada": 0.0, "sem_arvore": 26.67, "muitas_arvores": 20.0, "vao": 86.67, "V05400": 15, "V05421": 15, "V05406": 15, "V05412": 15, "V05422": 0, "V05424": 10, "V05427": 2, "V05409": 7, "V05415": 1, "V05418": 0, "V05430": 4, "V05433": 3, "criancas_0a4": 19, "em_favela": false }, "geometry": { "type": "Polygon", "coordinates": [ [ [ -46.781297, -23.431471 ], [ -46.78136, -23.432155 ], [ -46.781414, -23.432241 ], [ -46.781402, -23.432563 ], [ -46.782566, -23.4328 ], [ -46.782791, -23.431391 ], [ -46.78167, -23.43121 ], [ -46.781574, -23.431335 ], [ -46.781297, -23.431471 ] ] ] } },
{ "type": "Feature", "properties": { "CD_SETOR": "355030803000202", "faces": 29, "pavimentada": 96.55, "bueiro": 44.83, "iluminacao": 96.55, "onibus": 6.9, "ciclovia": 0.0, "calcada": 96.55, "obstaculo": 67.86, "rampa": 10.71, "rampa_faces": 10.34, "sem_calcada": 3.45, "sem_arvore": 27.59, "muitas_arvores": 34.48, "vao": 86.21, "V05400": 29, "V05421": 28, "V05406": 28, "V05412": 28, "V05422": 1, "V05424": 19, "V05427": 3, "V05409": 13, "V05415": 2, "V05418": 0, "V05430": 8, "V05433": 10, "criancas_0a4": 35, "em_favela": false }, "geometry": { "type": "Polygon", "coordinates": [ [ [ -46.778668, -23.437521 ], [ -46.778397, -23.439394 ], [ -46.778171, -23.439651 ], [ -46.779486, -23.439971 ], [ -46.779453, -23.439444 ], [ -46.779595, -23.438389 ], [ -46.779372, -23.438367 ], [ -46.77937, -23.437915 ], [ -46.779618, -23.43784 ], [ -46.779791, -23.437538 ], [ -46.779862, -23.43716 ], [ -46.780021, -23.4369 ], [ -46.780085, -23.436822 ], [ -46.780437, -23.436762 ], [ -46.780646, -23.436322 ], [ -46.780119, -23.436306 ], [ -46.779219, -23.436732 ], [ -46.778733, -23.437398 ], [ -46.778668, -23.437521 ] ] ] } },
{ "type": "Feature", "properties": { "CD_SETOR": "355030803000203", "faces": 21, "pavimentada": 95.24, "bueiro": 38.1, "iluminacao": 95.24, "onibus": 14.29, "ciclovia": 0.0, "calcada": 95.24, "obstaculo": 70.0, "rampa": 10.0, "rampa_faces": 9.52, "sem_calcada": 0.0, "sem_arvore": 14.29, "muitas_arvores": 28.57, "vao": 85.71, "V05400": 21, "V05421": 20, "V05406": 20, "V05412": 20, "V05422": 0, "V05424": 14, "V05427": 2, "V05409": 8, "V05415": 3, "V05418": 0, "V05430": 3, "V05433": 6, "criancas_0a4": 25, "em_favela": false }, "geometry": { "type": "Polygon", "coordinates": [ [ [ -46.779486, -23.439971 ], [ -46.779793, -23.439922 ], [ -46.779942, -23.439801 ], [ -46.780333, -23.439657 ], [ -46.780579, -23.43833 ], [ -46.780583, -23.437115 ], [ -46.780646, -23.436322 ], [ -46.780437, -23.436762 ], [ -46.780085, -23.436822 ], [ -46.780021, -23.4369 ], [ -46.779862, -23.43716 ], [ -46.779791, -23.437538 ], [ -46.779618, -23.43784 ], [ -46.77937, -23.437915 ], [ -46.779372, -23.438367 ], [ -46.779595, -23.438389 ], [ -46.779453, -23.439444 ], [ -46.779486, -23.439971 ] ] ] } },
{ "type": "Feature", "properties": { "CD_SETOR": "355030803000205", "faces": 6, "pavimentada": 100.0, "bueiro": 83.33, "iluminacao": 100.0, "onibus": 16.67, "ciclovia": 0.0, "calcada": 100.0, "obstaculo": 100.0, "rampa": 0.0, "rampa_faces": 0.0, "sem_calcada": 0.0, "sem_arvore": 0.0, "muitas_arvores": 33.33, "vao": 100.0, "V05400": 6, "V05421": 6, "V05406": 6, "V05412": 6, "V05422": 0, "V05424": 6, "V05427": 0, "V05409": 5, "V05415": 1, "V05418": 0, "V05430": 0, "V05433": 2, "criancas_0a4": 35, "em_favela": false }, "geometry": { "type": "Polygon", "coordinates": [ [ [ -46.802846, -23.43742 ], [ -46.802023, -23.43869 ], [ -46.802073, -23.438714 ], [ -46.802362, -23.439704 ], [ -46.803207, -23.438596 ], [ -46.803408, -23.438235 ], [ -46.803405, -23.437881 ], [ -46.803313, -23.437816 ], [ -46.803139, -23.437813 ], [ -46.802846, -23.43742 ] ] ] } },
{ "type": "Feature", "properties": { "CD_SETOR": "355030803000208", "faces": 7, "pavimentada": 100.0, "bueiro": 71.43, "iluminacao": 100.0, "onibus": 0.0, "ciclovia": 0.0, "calcada": 71.43, "obstaculo": 100.0, "rampa": 0.0, "rampa_faces": 0.0, "sem_calcada": 28.57, "sem_arvore": 57.14, "muitas_arvores": 42.86, "vao": 100.0, "V05400": 7, "V05421": 5, "V05406": 7, "V05412": 7, "V05422": 2, "V05424": 5, "V05427": 0, "V05409": 5, "V05415": 0, "V05418": 0, "V05430": 4, "V05433": 3, "criancas_0a4": 23, "em_favela": false }, "geometry": { "type": "Polygon", "coordinates": [ [ [ -46.784599, -23.448156 ], [ -46.785344, -23.448099 ], [ -46.785756, -23.447958 ], [ -46.786328, -23.44767 ], [ -46.78682, -23.446741 ], [ -46.786913, -23.446382 ], [ -46.786938, -23.446006 ], [ -46.786903, -23.445716 ], [ -46.786862, -23.445925 ], [ -46.78598, -23.446148 ], [ -46.785637, -23.447053 ], [ -46.785642, -23.447119 ], [ -46.785743, -23.447116 ], [ -46.785637, -23.44749 ], [ -46.785402, -23.447754 ], [ -46.784854, -23.44767 ], [ -46.784881, -23.447803 ], [ -46.784577, -23.447806 ], [ -46.784599, -23.448156 ] ] ] } },
{ "type": "Feature", "properties": { "CD_SETOR": "355030803000210", "faces": 21, "pavimentada": 100.0, "bueiro": 71.43, "iluminacao": 90.48, "onibus": 14.29, "ciclovia": 0.0, "calcada": 100.0, "obstaculo": 100.0, "rampa": 0.0, "rampa_faces": 0.0, "sem_calcada": 0.0, "sem_arvore": 33.33, "muitas_arvores": 14.29, "vao": 100.0, "V05400": 21, "V05421": 21, "V05406": 21, "V05412": 19, "V05422": 0, "V05424": 21, "V05427": 0, "V05409": 15, "V05415": 3, "V05418": 0, "V05430": 7, "V05433": 3, "criancas_0a4": 49, "em_favela": false }, "geometry": { "type": "Polygon", "coordinates": [ [ [ -46.806671, -23.438982 ], [ -46.806867, -23.439009 ], [ -46.807139, -23.439123 ], [ -46.807514, -23.439169 ], [ -46.808239, -23.439155 ], [ -46.808413, -23.439205 ], [ -46.808837, -23.439217 ], [ -46.808819, -23.438773 ], [ -46.809271, -23.438793 ], [ -46.809223, -23.438362 ], [ -46.809676, -23.438454 ], [ -46.809663, -23.437933 ], [ -46.808167, -23.437837 ], [ -46.807917, -23.43791 ], [ -46.807801, -23.437859 ], [ -46.80772, -23.437382 ], [ -46.807591, -23.437204 ], [ -46.807403, -23.437117 ], [ -46.806935, -23.437255 ], [ -46.806695, -23.437219 ], [ -46.805841, -23.43647 ], [ -46.805706, -23.436758 ], [ -46.805776, -23.437189 ], [ -46.806738, -23.438405 ], [ -46.806755, -23.438585 ], [ -46.806671, -23.438982 ] ] ] } },
{ "type": "Feature", "properties": { "CD_SETOR": "355030803000211", "faces": 22, "pavimentada": 100.0, "bueiro": 63.64, "iluminacao": 100.0, "onibus": 9.09, "ciclovia": 0.0, "calcada": 100.0, "obstaculo": 95.45, "rampa": 0.0, "rampa_faces": 0.0, "sem_calcada": 0.0, "sem_arvore": 40.91, "muitas_arvores": 13.64, "vao": 100.0, "V05400": 22, "V05421": 22, "V05406": 22, "V05412": 22, "V05422": 0, "V05424": 21, "V05427": 0, "V05409": 14, "V05415": 2, "V05418": 0, "V05430": 9, "V05433": 3, "criancas_0a4": 61, "em_favela": false }, "geometry": { "type": "Polygon", "coordinates": [ [ [ -46.810655, -23.436475 ], [ -46.810666, -23.43662 ], [ -46.810557, -23.436756 ], [ -46.809925, -23.436807 ], [ -46.809556, -23.436895 ], [ -46.808619, -23.437408 ], [ -46.808167, -23.437837 ], [ -46.809663, -23.437933 ], [ -46.809676, -23.438454 ], [ -46.809223, -23.438362 ], [ -46.809271, -23.438793 ], [ -46.808819, -23.438773 ], [ -46.808935, -23.440491 ], [ -46.80923, -23.440478 ], [ -46.809193, -23.440232 ], [ -46.809297, -23.440237 ], [ -46.809328, -23.439701 ], [ -46.809881, -23.439628 ], [ -46.809972, -23.438797 ], [ -46.810024, -23.4388 ], [ -46.810039, -23.438501 ], [ -46.810147, -23.438255 ], [ -46.810353, -23.438309 ], [ -46.810711, -23.437909 ], [ -46.810689, -23.437654 ], [ -46.811069, -23.437091 ], [ -46.81112, -23.436445 ], [ -46.810655, -23.436475 ] ] ] } },
{ "type": "Feature", "properties": { "CD_SETOR": "355030803000212", "faces": 20, "pavimentada": 100.0, "bueiro": 20.0, "iluminacao": 100.0, "onibus": 20.0, "ciclovia": 0.0, "calcada": 95.0, "obstaculo": 100.0, "rampa": 0.0, "rampa_faces": 0.0, "sem_calcada": 5.0, "sem_arvore": 85.0, "muitas_arvores": 0.0, "vao": 100.0, "V05400": 20, "V05421": 19, "V05406": 20, "V05412": 20, "V05422": 1, "V05424": 19, "V05427": 0, "V05409": 4, "V05415": 4, "V05418": 0, "V05430": 17, "V05433": 0, "criancas_0a4": 25, "em_favela": false }, "geometry": { "type": "Polygon", "coordinates": [ [ [ -46.789668, -23.450107 ], [ -46.790287, -23.449435 ], [ -46.789996, -23.449158 ], [ -46.789399, -23.448419 ], [ -46.789082, -23.448265 ], [ -46.788864, -23.448278 ], [ -46.788651, -23.448396 ], [ -46.788318, -23.448749 ], [ -46.788143, -23.449069 ], [ -46.788104, -23.449315 ], [ -46.788962, -23.449654 ], [ -46.789668, -23.450107 ] ] ] } },
{ "type": "Feature", "properties": { "CD_SETOR": "355030803000213", "faces": 10, "pavimentada": 100.0, "bueiro": 30.0, "iluminacao": 100.0, "onibus": 10.0, "ciclovia": 0.0, "calcada": 90.0, "obstaculo": 100.0, "rampa": 0.0, "rampa_faces": 0.0, "sem_calcada": 10.0, "sem_arvore": 60.0, "muitas_arvores": 10.0, "vao": 100.0, "V05400": 10, "V05421": 9, "V05406": 10, "V05412": 10, "V05422": 1, "V05424": 9, "V05427": 0, "V05409": 3, "V05415": 1, "V05418": 0, "V05430": 6, "V05433": 1, "criancas_0a4": 19, "em_favela": false }, "geometry": { "type": "Polygon", "coordinates": [ [ [ -46.810315, -23.43433 ], [ -46.809769, -23.434406 ], [ -46.80977, -23.43503 ], [ -46.810372, -23.435238 ], [ -46.811714, -23.434717 ], [ -46.812068, -23.43453 ], [ -46.811787, -23.434269 ], [ -46.811712, -23.434063 ], [ -46.811509, -23.434136 ], [ -46.810626, -23.434158 ], [ -46.810315, -23.43433 ] ] ] } },
{ "type": "Feature", "properties": { "CD_SETOR": "355030803000214", "faces": 18, "pavimentada": 100.0, "bueiro": 66.67, "iluminacao": 77.78, "onibus": 22.22, "ciclovia": 0.0, "calcada": 88.89, "obstaculo": 87.5, "rampa": 0.0, "rampa_faces": 0.0, "sem_calcada": 11.11, "sem_arvore": 50.0, "muitas_arvores": 5.56, "vao": 100.0, "V05400": 18, "V05421": 16, "V05406": 18, "V05412": 14, "V05422": 2, "V05424": 14, "V05427": 0, "V05409": 12, "V05415": 4, "V05418": 0, "V05430": 9, "V05433": 1, "criancas_0a4": 28, "em_favela": false }, "geometry": { "type": "Polygon", "coordinates": [ [ [ -46.810495, -23.436489 ], [ -46.811356, -23.436392 ], [ -46.811511, -23.436344 ], [ -46.812022, -23.436036 ], [ -46.812415, -23.435942 ], [ -46.812539, -23.435709 ], [ -46.812589, -23.435252 ], [ -46.812688, -23.435039 ], [ -46.813008, -23.434763 ], [ -46.812715, -23.434631 ], [ -46.812068, -23.43453 ], [ -46.811714, -23.434717 ], [ -46.810372, -23.435238 ], [ -46.80977, -23.43503 ], [ -46.809769, -23.434406 ], [ -46.809594, -23.434376 ], [ -46.809559, -23.435355 ], [ -46.8096, -23.435842 ], [ -46.810263, -23.436593 ], [ -46.810495, -23.436489 ] ] ] } },
{ "type": "Feature", "properties": { "CD_SETOR": "355030803000217", "faces": 11, "pavimentada": 90.91, "bueiro": 54.55, "iluminacao": 9.09, "onibus": 0.0, "ciclovia": 0.0, "calcada": 36.36, "obstaculo": 100.0, "rampa": 0.0, "rampa_faces": 0.0, "sem_calcada": 63.64, "sem_arvore": 63.64, "muitas_arvores": 9.09, "vao": 90.91, "V05400": 11, "V05421": 4, "V05406": 10, "V05412": 1, "V05422": 7, "V05424": 4, "V05427": 0, "V05409": 6, "V05415": 0, "V05418": 0, "V05430": 7, "V05433": 1, "criancas_0a4": 23, "em_favela": true }, "geometry": { "type": "Polygon", "coordinates": [ [ [ -46.821084, -23.424864 ], [ -46.820977, -23.424921 ], [ -46.820365, -23.424874 ], [ -46.819514, -23.42489 ], [ -46.819234, -23.42472 ], [ -46.819164, -23.424603 ], [ -46.818363, -23.424075 ], [ -46.818114, -23.42411 ], [ -46.818065, -23.424542 ], [ -46.817555, -23.424788 ], [ -46.817602, -23.425031 ], [ -46.818361, -23.424832 ], [ -46.818548, -23.424856 ], [ -46.818555, -23.425021 ], [ -46.81834, -23.425383 ], [ -46.818329, -23.425588 ], [ -46.818777, -23.425415 ], [ -46.81902, -23.425382 ], [ -46.819436, -23.425565 ], [ -46.819892, -23.425622 ], [ -46.820282, -23.425745 ], [ -46.820369, -23.425743 ], [ -46.820406, -23.425658 ], [ -46.820732, -23.425641 ], [ -46.820855, -23.425686 ], [ -46.82094, -23.425781 ], [ -46.821084, -23.424864 ] ] ] } },
{ "type": "Feature", "properties": { "CD_SETOR": "355030803000218", "faces": 14, "pavimentada": 64.29, "bueiro": 7.14, "iluminacao": 21.43, "onibus": 0.0, "ciclovia": 0.0, "calcada": 7.14, "obstaculo": 100.0, "rampa": 0.0, "rampa_faces": 0.0, "sem_calcada": 92.86, "sem_arvore": 14.29, "muitas_arvores": 64.29, "vao": 64.29, "V05400": 14, "V05421": 1, "V05406": 9, "V05412": 3, "V05422": 13, "V05424": 1, "V05427": 0, "V05409": 1, "V05415": 0, "V05418": 0, "V05430": 2, "V05433": 9, "criancas_0a4": 23, "em_favela": true }, "geometry": { "type": "Polygon", "coordinates": [ [ [ -46.807374, -23.433519 ], [ -46.808981, -23.434404 ], [ -46.810062, -23.434386 ], [ -46.810008, -23.434187 ], [ -46.809811, -23.431417 ], [ -46.809488, -23.431464 ], [ -46.808948, -23.431435 ], [ -46.808724, -23.431532 ], [ -46.808406, -23.431836 ], [ -46.808184, -23.432236 ], [ -46.807813, -23.432703 ], [ -46.807374, -23.433519 ] ] ] } },
{ "type": "Feature", "properties": { "CD_SETOR": "355030803000220", "faces": 46, "pavimentada": 78.26, "bueiro": 0.0, "iluminacao": 95.65, "onibus": 19.57, "ciclovia": 0.0, "calcada": 4.35, "obstaculo": 50.0, "rampa": 100.0, "rampa_faces": 4.35, "sem_calcada": 91.3, "sem_arvore": 56.52, "muitas_arvores": 39.13, "vao": 73.91, "V05400": 46, "V05421": 2, "V05406": 36, "V05412": 44, "V05422": 42, "V05424": 1, "V05427": 2, "V05409": 0, "V05415": 9, "V05418": 0, "V05430": 26, "V05433": 18, "criancas_0a4": 19, "em_favela": false }, "geometry": { "type": "Polygon", "coordinates": [ [ [ -46.778758, -23.463787 ], [ -46.778103, -23.46458 ], [ -46.777924, -23.464882 ], [ -46.777915, -23.464998 ], [ -46.778492, -23.46491 ], [ -46.778977, -23.465234 ], [ -46.779427, -23.465135 ], [ -46.779964, -23.46518 ], [ -46.780272, -23.465129 ], [ -46.780449, -23.465062 ], [ -46.780558, -23.464963 ], [ -46.780696, -23.464091 ], [ -46.780832, -23.463949 ], [ -46.781017, -23.463855 ], [ -46.781372, -23.463808 ], [ -46.781845, -23.463885 ], [ -46.782456, -23.464195 ], [ -46.782772, -23.463986 ], [ -46.782975, -23.463949 ], [ -46.783182, -23.464061 ], [ -46.78329, -23.464232 ], [ -46.783402, -23.464669 ], [ -46.783543, -23.464785 ], [ -46.784196, -23.464975 ], [ -46.784407, -23.464987 ], [ -46.785064, -23.464215 ], [ -46.784983, -23.463918 ], [ -46.784642, -23.463597 ], [ -46.784955, -23.4633 ], [ -46.784933, -23.463219 ], [ -46.78477, -23.462861 ], [ -46.784414, -23.462332 ], [ -46.784227, -23.461796 ], [ -46.784275, -23.461026 ], [ -46.784392, -23.460686 ], [ -46.784381, -23.460567 ], [ -46.784312, -23.460467 ], [ -46.785417, -23.4595 ], [ -46.785427, -23.460286 ], [ -46.785282, -23.460672 ], [ -46.785181, -23.461339 ], [ -46.785282, -23.461571 ], [ -46.78542, -23.461714 ], [ -46.785891, -23.461805 ], [ -46.786228, -23.461835 ], [ -46.786527, -23.461727 ], [ -46.786777, -23.461369 ], [ -46.786869, -23.461049 ], [ -46.786896, -23.46085 ], [ -46.786722, -23.460543 ], [ -46.78667, -23.46019 ], [ -46.786729, -23.460054 ], [ -46.787045, -23.459721 ], [ -46.787009, -23.459351 ], [ -46.786821, -23.459126 ], [ -46.786526, -23.459044 ], [ -46.786202, -23.459047 ], [ -46.785874, -23.459124 ], [ -46.785868, -23.458877 ], [ -46.785781, -23.458778 ], [ -46.785633, -23.458736 ], [ -46.785461, -23.458798 ], [ -46.784499, -23.458692 ], [ -46.78331, -23.458115 ], [ -46.780402, -23.462 ], [ -46.778758, -23.463787 ] ] ] } },
{ "type": "Feature", "properties": { "CD_SETOR": "355030803000222", "faces": 4, "pavimentada": 100.0, "bueiro": 75.0, "iluminacao": 100.0, "onibus": 50.0, "ciclovia": 0.0, "calcada": 100.0, "obstaculo": 100.0, "rampa": 0.0, "rampa_faces": 0.0, "sem_calcada": 0.0, "sem_arvore": 25.0, "muitas_arvores": 25.0, "vao": 100.0, "V05400": 4, "V05421": 4, "V05406": 4, "V05412": 4, "V05422": 0, "V05424": 4, "V05427": 0, "V05409": 3, "V05415": 2, "V05418": 0, "V05430": 1, "V05433": 1, "criancas_0a4": 35, "em_favela": false }, "geometry": { "type": "Polygon", "coordinates": [ [ [ -46.801906, -23.436023 ], [ -46.798989, -23.439695 ], [ -46.798671, -23.440129 ], [ -46.799051, -23.440325 ], [ -46.799105, -23.440312 ], [ -46.799546, -23.439389 ], [ -46.799777, -23.43902 ], [ -46.802327, -23.435838 ], [ -46.802153, -23.435468 ], [ -46.801963, -23.435397 ], [ -46.801691, -23.435897 ], [ -46.801906, -23.436023 ] ] ] } },
{ "type": "Feature", "properties": { "CD_SETOR": "355030803000225", "faces": 2, "pavimentada": 100.0, "bueiro": 0.0, "iluminacao": 100.0, "onibus": 0.0, "ciclovia": 0.0, "calcada": 100.0, "obstaculo": 100.0, "rampa": 0.0, "rampa_faces": 0.0, "sem_calcada": 0.0, "sem_arvore": 50.0, "muitas_arvores": 50.0, "vao": 100.0, "V05400": 2, "V05421": 2, "V05406": 2, "V05412": 2, "V05422": 0, "V05424": 2, "V05427": 0, "V05409": 0, "V05415": 0, "V05418": 0, "V05430": 1, "V05433": 1, "criancas_0a4": 10, "em_favela": false }, "geometry": { "type": "Polygon", "coordinates": [ [ [ -46.803421, -23.437918 ], [ -46.803408, -23.438235 ], [ -46.803207, -23.438596 ], [ -46.802362, -23.439704 ], [ -46.8025, -23.440014 ], [ -46.80338, -23.438876 ], [ -46.803716, -23.438331 ], [ -46.803716, -23.438068 ], [ -46.803421, -23.437918 ] ] ] } },
{ "type": "Feature", "properties": { "CD_SETOR": "355030803000226", "faces": 50, "pavimentada": 22.0, "bueiro": 2.0, "iluminacao": 16.0, "onibus": 0.0, "ciclovia": 0.0, "calcada": 12.0, "obstaculo": 83.33, "rampa": 0.0, "rampa_faces": 0.0, "sem_calcada": 10.0, "sem_arvore": 4.0, "muitas_arvores": 10.0, "vao": 22.0, "V05400": 50, "V05421": 6, "V05406": 11, "V05412": 8, "V05422": 5, "V05424": 5, "V05427": 0, "V05409": 1, "V05415": 0, "V05418": 0, "V05430": 2, "V05433": 5, "criancas_0a4": 24, "em_favela": false }, "geometry": { "type": "Polygon", "coordinates": [ [ [ -46.793545, -23.449174 ], [ -46.793904, -23.449879 ], [ -46.794026, -23.450574 ], [ -46.794237, -23.451072 ], [ -46.794916, -23.451685 ], [ -46.795715, -23.452262 ], [ -46.795854, -23.452522 ], [ -46.795862, -23.452667 ], [ -46.797392, -23.451681 ], [ -46.797412, -23.451281 ], [ -46.797482, -23.451127 ], [ -46.797126, -23.450961 ], [ -46.796583, -23.450404 ], [ -46.796679, -23.44982 ], [ -46.796526, -23.449001 ], [ -46.7952, -23.449159 ], [ -46.794961, -23.449139 ], [ -46.794656, -23.449026 ], [ -46.794352, -23.449005 ], [ -46.793545, -23.449174 ] ] ] } },
{ "type": "Feature", "properties": { "CD_SETOR": "355030803000229", "faces": 14, "pavimentada": 7.14, "bueiro": 0.0, "iluminacao": 0.0, "onibus": 0.0, "ciclovia": 0.0, "calcada": 0.0, "obstaculo": null, "rampa": null, "rampa_faces": 0.0, "sem_calcada": 42.86, "sem_arvore": 0.0, "muitas_arvores": 0.0, "vao": 7.14, "V05400": 14, "V05421": 0, "V05406": 1, "V05412": 0, "V05422": 6, "V05424": 0, "V05427": 0, "V05409": 0, "V05415": 0, "V05418": 0, "V05430": 0, "V05433": 0, "criancas_0a4": 62, "em_favela": true }, "geometry": { "type": "Polygon", "coordinates": [ [ [ -46.788651, -23.442943 ], [ -46.788707, -23.443108 ], [ -46.7887, -23.44326 ], [ -46.788116, -23.444266 ], [ -46.788262, -23.444528 ], [ -46.788468, -23.44471 ], [ -46.789007, -23.444751 ], [ -46.790661, -23.444495 ], [ -46.790709, -23.444222 ], [ -46.790611, -23.444095 ], [ -46.790539, -23.443724 ], [ -46.790383, -23.443555 ], [ -46.79038, -23.443297 ], [ -46.790115, -23.4433 ], [ -46.790006, -23.443249 ], [ -46.789721, -23.443003 ], [ -46.789542, -23.442961 ], [ -46.789069, -23.44263 ], [ -46.788651, -23.442943 ] ] ] } },
{ "type": "Feature", "properties": { "CD_SETOR": "355030803000230", "faces": 45, "pavimentada": 82.22, "bueiro": 4.44, "iluminacao": 66.67, "onibus": 28.89, "ciclovia": 0.0, "calcada": 48.89, "obstaculo": 100.0, "rampa": 0.0, "rampa_faces": 0.0, "sem_calcada": 51.11, "sem_arvore": 62.22, "muitas_arvores": 22.22, "vao": 82.22, "V05400": 45, "V05421": 22, "V05406": 37, "V05412": 30, "V05422": 23, "V05424": 22, "V05427": 0, "V05409": 2, "V05415": 13, "V05418": 0, "V05430": 28, "V05433": 10, "criancas_0a4": 87, "em_favela": false }, "geometry": { "type": "Polygon", "coordinates": [ [ [ -46.786369, -23.441084 ], [ -46.787125, -23.444573 ], [ -46.787337, -23.445891 ], [ -46.788659, -23.446518 ], [ -46.788747, -23.446802 ], [ -46.789194, -23.446645 ], [ -46.788999, -23.446283 ], [ -46.789011, -23.446145 ], [ -46.789144, -23.445844 ], [ -46.790521, -23.445507 ], [ -46.790576, -23.44575 ], [ -46.790419, -23.446902 ], [ -46.790564, -23.44712 ], [ -46.79075, -23.447172 ], [ -46.791233, -23.447163 ], [ -46.791876, -23.447437 ], [ -46.792134, -23.447427 ], [ -46.792492, -23.447265 ], [ -46.792596, -23.446971 ], [ -46.792543, -23.446711 ], [ -46.792175, -23.446287 ], [ -46.791873, -23.445125 ], [ -46.791579, -23.444397 ], [ -46.791585, -23.443519 ], [ -46.791307, -23.443485 ], [ -46.791227, -23.443534 ], [ -46.791168, -23.443608 ], [ -46.791106, -23.444066 ], [ -46.790906, -23.443842 ], [ -46.79079, -23.443599 ], [ -46.790383, -23.443555 ], [ -46.790539, -23.443724 ], [ -46.790611, -23.444095 ], [ -46.790709, -23.444222 ], [ -46.790661, -23.444495 ], [ -46.789007, -23.444751 ], [ -46.788468, -23.44471 ], [ -46.788262, -23.444528 ], [ -46.788116, -23.444266 ], [ -46.7887, -23.44326 ], [ -46.788707, -23.443108 ], [ -46.788651, -23.442943 ], [ -46.788218, -23.443035 ], [ -46.787993, -23.442845 ], [ -46.787874, -23.44268 ], [ -46.787867, -23.442522 ], [ -46.787818, -23.442481 ], [ -46.787547, -23.44265 ], [ -46.787287, -23.442642 ], [ -46.787124, -23.442558 ], [ -46.786978, -23.442408 ], [ -46.786702, -23.441034 ], [ -46.786369, -23.441084 ] ] ] } },
{ "type": "Feature", "properties": { "CD_SETOR": "355030803000231", "faces": 9, "pavimentada": 100.0, "bueiro": 0.0, "iluminacao": 100.0, "onibus": 0.0, "ciclovia": 0.0, "calcada": 77.78, "obstaculo": 100.0, "rampa": 0.0, "rampa_faces": 0.0, "sem_calcada": 22.22, "sem_arvore": 33.33, "muitas_arvores": 66.67, "vao": 100.0, "V05400": 9, "V05421": 7, "V05406": 9, "V05412": 9, "V05422": 2, "V05424": 7, "V05427": 0, "V05409": 0, "V05415": 0, "V05418": 0, "V05430": 3, "V05433": 6, "criancas_0a4": 14, "em_favela": false }, "geometry": { "type": "Polygon", "coordinates": [ [ [ -46.788523, -23.442303 ], [ -46.788539, -23.442388 ], [ -46.788779, -23.442336 ], [ -46.788867, -23.44241 ], [ -46.789079, -23.442475 ], [ -46.789115, -23.442567 ], [ -46.789069, -23.44263 ], [ -46.789542, -23.442961 ], [ -46.789721, -23.443003 ], [ -46.790006, -23.443249 ], [ -46.790328, -23.442801 ], [ -46.790336, -23.442771 ], [ -46.790091, -23.442685 ], [ -46.78973, -23.442668 ], [ -46.78945, -23.442489 ], [ -46.789372, -23.442314 ], [ -46.788973, -23.44223 ], [ -46.788523, -23.442303 ] ] ] } },
{ "type": "Feature", "properties": { "CD_SETOR": "355030803000232", "faces": 9, "pavimentada": 100.0, "bueiro": 55.56, "iluminacao": 100.0, "onibus": 11.11, "ciclovia": 0.0, "calcada": 55.56, "obstaculo": 100.0, "rampa": 0.0, "rampa_faces": 0.0, "sem_calcada": 44.44, "sem_arvore": 66.67, "muitas_arvores": 22.22, "vao": 100.0, "V05400": 9, "V05421": 5, "V05406": 9, "V05412": 9, "V05422": 4, "V05424": 5, "V05427": 0, "V05409": 5, "V05415": 1, "V05418": 0, "V05430": 6, "V05433": 2, "criancas_0a4": 23, "em_favela": false }, "geometry": { "type": "Polygon", "coordinates": [ [ [ -46.789086, -23.440323 ], [ -46.788538, -23.440675 ], [ -46.78835, -23.44094 ], [ -46.788371, -23.44101 ], [ -46.788697, -23.441323 ], [ -46.788868, -23.441662 ], [ -46.788861, -23.441752 ], [ -46.78849, -23.442035 ], [ -46.788523, -23.442303 ], [ -46.788973, -23.44223 ], [ -46.789372, -23.442314 ], [ -46.789534, -23.441971 ], [ -46.789521, -23.44174 ], [ -46.789267, -23.441336 ], [ -46.789153, -23.44124 ], [ -46.78894, -23.441214 ], [ -46.788867, -23.441157 ], [ -46.788845, -23.441048 ], [ -46.789086, -23.440323 ] ] ] } },
{ "type": "Feature", "properties": { "CD_SETOR": "355030803000233", "faces": 8, "pavimentada": 100.0, "bueiro": 37.5, "iluminacao": 62.5, "onibus": 0.0, "ciclovia": 0.0, "calcada": 50.0, "obstaculo": 100.0, "rampa": 0.0, "rampa_faces": 0.0, "sem_calcada": 50.0, "sem_arvore": 62.5, "muitas_arvores": 25.0, "vao": 100.0, "V05400": 8, "V05421": 4, "V05406": 8, "V05412": 5, "V05422": 4, "V05424": 4, "V05427": 0, "V05409": 3, "V05415": 0, "V05418": 0, "V05430": 5, "V05433": 2, "criancas_0a4": 39, "em_favela": true }, "geometry": { "type": "Polygon", "coordinates": [ [ [ -46.787228, -23.440684 ], [ -46.787704, -23.441473 ], [ -46.787962, -23.441738 ], [ -46.78823, -23.441658 ], [ -46.78853, -23.441737 ], [ -46.788861, -23.441752 ], [ -46.788868, -23.441662 ], [ -46.788697, -23.441323 ], [ -46.788371, -23.44101 ], [ -46.78835, -23.44094 ], [ -46.788538, -23.440675 ], [ -46.788109, -23.440694 ], [ -46.787503, -23.440599 ], [ -46.787228, -23.440684 ] ] ] } },
{ "type": "Feature", "properties": { "CD_SETOR": "355030803000234", "faces": 15, "pavimentada": 100.0, "bueiro": 26.67, "iluminacao": 73.33, "onibus": 0.0, "ciclovia": 0.0, "calcada": 20.0, "obstaculo": 100.0, "rampa": 0.0, "rampa_faces": 0.0, "sem_calcada": 80.0, "sem_arvore": 93.33, "muitas_arvores": 6.67, "vao": 100.0, "V05400": 15, "V05421": 3, "V05406": 15, "V05412": 11, "V05422": 12, "V05424": 3, "V05427": 0, "V05409": 4, "V05415": 0, "V05418": 0, "V05430": 14, "V05433": 1, "criancas_0a4": 25, "em_favela": true }, "geometry": { "type": "Polygon", "coordinates": [ [ [ -46.786702, -23.441034 ], [ -46.786922, -23.442128 ], [ -46.787962, -23.441738 ], [ -46.787704, -23.441473 ], [ -46.787228, -23.440684 ], [ -46.786702, -23.441034 ] ] ] } },
{ "type": "Feature", "properties": { "CD_SETOR": "355030803000235", "faces": 8, "pavimentada": 75.0, "bueiro": 12.5, "iluminacao": 50.0, "onibus": 0.0, "ciclovia": 0.0, "calcada": 25.0, "obstaculo": 100.0, "rampa": 0.0, "rampa_faces": 0.0, "sem_calcada": 75.0, "sem_arvore": 62.5, "muitas_arvores": 0.0, "vao": 75.0, "V05400": 8, "V05421": 2, "V05406": 6, "V05412": 4, "V05422": 6, "V05424": 2, "V05427": 0, "V05409": 1, "V05415": 0, "V05418": 0, "V05430": 5, "V05433": 0, "criancas_0a4": 18, "em_favela": true }, "geometry": { "type": "Polygon", "coordinates": [ [ [ -46.786922, -23.442128 ], [ -46.786978, -23.442408 ], [ -46.787124, -23.442558 ], [ -46.787287, -23.442642 ], [ -46.787547, -23.44265 ], [ -46.787818, -23.442481 ], [ -46.78788, -23.442499 ], [ -46.787757, -23.441984 ], [ -46.787836, -23.44185 ], [ -46.787808, -23.441798 ], [ -46.786922, -23.442128 ] ] ] } },
{ "type": "Feature", "properties": { "CD_SETOR": "355030803000236", "faces": 9, "pavimentada": 88.89, "bueiro": 11.11, "iluminacao": 22.22, "onibus": 0.0, "ciclovia": 0.0, "calcada": 22.22, "obstaculo": 100.0, "rampa": 0.0, "rampa_faces": 0.0, "sem_calcada": 77.78, "sem_arvore": 77.78, "muitas_arvores": 0.0, "vao": 88.89, "V05400": 9, "V05421": 2, "V05406": 8, "V05412": 2, "V05422": 7, "V05424": 2, "V05427": 0, "V05409": 1, "V05415": 0, "V05418": 0, "V05430": 7, "V05433": 0, "criancas_0a4": 35, "em_favela": true }, "geometry": { "type": "Polygon", "coordinates": [ [ [ -46.78823, -23.441658 ], [ -46.787808, -23.441798 ], [ -46.787836, -23.44185 ], [ -46.787757, -23.441984 ], [ -46.78788, -23.442499 ], [ -46.787874, -23.44268 ], [ -46.788218, -23.443035 ], [ -46.788695, -23.442934 ], [ -46.789069, -23.44263 ], [ -46.789115, -23.442567 ], [ -46.789079, -23.442475 ], [ -46.788867, -23.44241 ], [ -46.788779, -23.442336 ], [ -46.788539, -23.442388 ], [ -46.78849, -23.442035 ], [ -46.788861, -23.441752 ], [ -46.78853, -23.441737 ], [ -46.78823, -23.441658 ] ] ] } },
{ "type": "Feature", "properties": { "CD_SETOR": "355030803000237", "faces": 16, "pavimentada": 100.0, "bueiro": 31.25, "iluminacao": 100.0, "onibus": 0.0, "ciclovia": 0.0, "calcada": 87.5, "obstaculo": 100.0, "rampa": 0.0, "rampa_faces": 0.0, "sem_calcada": 12.5, "sem_arvore": 43.75, "muitas_arvores": 6.25, "vao": 100.0, "V05400": 16, "V05421": 14, "V05406": 16, "V05412": 16, "V05422": 2, "V05424": 14, "V05427": 0, "V05409": 5, "V05415": 0, "V05418": 0, "V05430": 7, "V05433": 1, "criancas_0a4": 35, "em_favela": false }, "geometry": { "type": "Polygon", "coordinates": [ [ [ -46.791642, -23.443415 ], [ -46.791967, -23.443603 ], [ -46.792576, -23.44284 ], [ -46.793021, -23.442563 ], [ -46.793276, -23.442994 ], [ -46.793965, -23.442935 ], [ -46.79406, -23.443181 ], [ -46.794885, -23.442843 ], [ -46.794779, -23.442583 ], [ -46.794218, -23.442816 ], [ -46.793923, -23.442121 ], [ -46.793787, -23.442071 ], [ -46.793732, -23.441899 ], [ -46.79346, -23.441884 ], [ -46.792388, -23.442572 ], [ -46.79185, -23.443258 ], [ -46.791642, -23.443415 ] ] ] } },
{ "type": "Feature", "properties": { "CD_SETOR": "355030803000238", "faces": 12, "pavimentada": 83.33, "bueiro": 58.33, "iluminacao": 83.33, "onibus": 8.33, "ciclovia": 0.0, "calcada": 83.33, "obstaculo": 100.0, "rampa": 0.0, "rampa_faces": 0.0, "sem_calcada": 16.67, "sem_arvore": 58.33, "muitas_arvores": 33.33, "vao": 83.33, "V05400": 12, "V05421": 10, "V05406": 10, "V05412": 10, "V05422": 2, "V05424": 10, "V05427": 0, "V05409": 7, "V05415": 1, "V05418": 0, "V05430": 7, "V05433": 4, "criancas_0a4": 55, "em_favela": false }, "geometry": { "type": "Polygon", "coordinates": [ [ [ -46.794885, -23.442843 ], [ -46.79406, -23.443181 ], [ -46.793965, -23.442935 ], [ -46.793276, -23.442994 ], [ -46.793021, -23.442563 ], [ -46.792576, -23.44284 ], [ -46.791967, -23.443603 ], [ -46.791642, -23.443415 ], [ -46.791585, -23.443519 ], [ -46.791579, -23.444397 ], [ -46.791695, -23.444627 ], [ -46.792452, -23.445016 ], [ -46.792587, -23.445145 ], [ -46.792828, -23.445813 ], [ -46.79281, -23.44636 ], [ -46.792882, -23.446449 ], [ -46.793646, -23.445742 ], [ -46.793806, -23.445688 ], [ -46.793972, -23.445697 ], [ -46.794396, -23.44612 ], [ -46.79451, -23.446102 ], [ -46.794555, -23.445977 ], [ -46.79478, -23.445721 ], [ -46.795086, -23.445461 ], [ -46.795414, -23.445342 ], [ -46.795573, -23.445401 ], [ -46.795927, -23.445924 ], [ -46.796032, -23.445954 ], [ -46.796067, -23.445855 ], [ -46.795987, -23.445487 ], [ -46.79601, -23.445393 ], [ -46.796429, -23.445761 ], [ -46.796464, -23.445959 ], [ -46.796421, -23.44618 ], [ -46.796181, -23.446788 ], [ -46.79648, -23.446837 ], [ -46.796519, -23.446674 ], [ -46.797282, -23.446417 ], [ -46.79724, -23.446329 ], [ -46.796538, -23.445708 ], [ -46.79644, -23.445511 ], [ -46.796384, -23.445304 ], [ -46.796331, -23.444561 ], [ -46.796189, -23.444327 ], [ -46.796324, -23.44406 ], [ -46.796262, -23.443805 ], [ -46.796302, -23.443269 ], [ -46.796175, -23.442833 ], [ -46.795801, -23.442328 ], [ -46.795628, -23.442238 ], [ -46.795594, -23.442583 ], [ -46.795452, -23.442953 ], [ -46.795026, -23.443191 ], [ -46.794885, -23.442843 ] ] ] } },
{ "type": "Feature", "properties": { "CD_SETOR": "355030803000241", "faces": 8, "pavimentada": 100.0, "bueiro": 87.5, "iluminacao": 100.0, "onibus": 50.0, "ciclovia": 0.0, "calcada": 87.5, "obstaculo": 100.0, "rampa": 0.0, "rampa_faces": 0.0, "sem_calcada": 12.5, "sem_arvore": 50.0, "muitas_arvores": 12.5, "vao": 100.0, "V05400": 8, "V05421": 7, "V05406": 8, "V05412": 8, "V05422": 1, "V05424": 7, "V05427": 0, "V05409": 7, "V05415": 4, "V05418": 0, "V05430": 4, "V05433": 1, "criancas_0a4": 11, "em_favela": false }, "geometry": { "type": "Polygon", "coordinates": [ [ [ -46.785874, -23.445159 ], [ -46.785836, -23.445387 ], [ -46.786248, -23.445388 ], [ -46.786074, -23.445533 ], [ -46.785887, -23.445791 ], [ -46.785914, -23.446134 ], [ -46.786862, -23.445925 ], [ -46.786903, -23.445716 ], [ -46.786844, -23.445282 ], [ -46.786462, -23.443424 ], [ -46.78582, -23.444075 ], [ -46.785874, -23.445159 ] ] ] } },
{ "type": "Feature", "properties": { "CD_SETOR": "355030803000242", "faces": 11, "pavimentada": 100.0, "bueiro": 81.82, "iluminacao": 100.0, "onibus": 36.36, "ciclovia": 0.0, "calcada": 63.64, "obstaculo": 100.0, "rampa": 0.0, "rampa_faces": 0.0, "sem_calcada": 36.36, "sem_arvore": 45.45, "muitas_arvores": 36.36, "vao": 100.0, "V05400": 11, "V05421": 7, "V05406": 11, "V05412": 11, "V05422": 4, "V05424": 7, "V05427": 0, "V05409": 9, "V05415": 4, "V05418": 0, "V05430": 5, "V05433": 4, "criancas_0a4": 5, "em_favela": false }, "geometry": { "type": "Polygon", "coordinates": [ [ [ -46.787167, -23.429494 ], [ -46.786977, -23.430821 ], [ -46.787109, -23.430697 ], [ -46.787369, -23.430589 ], [ -46.788082, -23.430675 ], [ -46.78858, -23.430589 ], [ -46.789169, -23.43018 ], [ -46.789388, -23.430079 ], [ -46.789578, -23.430017 ], [ -46.790593, -23.429922 ], [ -46.79059, -23.429443 ], [ -46.791288, -23.429421 ], [ -46.79157, -23.429216 ], [ -46.791709, -23.428831 ], [ -46.791736, -23.428528 ], [ -46.791619, -23.427962 ], [ -46.792454, -23.42743 ], [ -46.792351, -23.426964 ], [ -46.792562, -23.426469 ], [ -46.792144, -23.426517 ], [ -46.791457, -23.426393 ], [ -46.790744, -23.42645 ], [ -46.790411, -23.426535 ], [ -46.790299, -23.426615 ], [ -46.790079, -23.427117 ], [ -46.789659, -23.427613 ], [ -46.789256, -23.428553 ], [ -46.7891, -23.428811 ], [ -46.78842, -23.429578 ], [ -46.788142, -23.42969 ], [ -46.788027, -23.429691 ], [ -46.787704, -23.429655 ], [ -46.787484, -23.429543 ], [ -46.787167, -23.429494 ] ] ] } },
{ "type": "Feature", "properties": { "CD_SETOR": "355030803000252", "faces": 5, "pavimentada": 100.0, "bueiro": 80.0, "iluminacao": 100.0, "onibus": 20.0, "ciclovia": 0.0, "calcada": 100.0, "obstaculo": 100.0, "rampa": 0.0, "rampa_faces": 0.0, "sem_calcada": 0.0, "sem_arvore": 40.0, "muitas_arvores": 20.0, "vao": 100.0, "V05400": 5, "V05421": 5, "V05406": 5, "V05412": 5, "V05422": 0, "V05424": 5, "V05427": 0, "V05409": 4, "V05415": 1, "V05418": 0, "V05430": 2, "V05433": 1, "criancas_0a4": 26, "em_favela": true }, "geometry": { "type": "Polygon", "coordinates": [ [ [ -46.799621, -23.450271 ], [ -46.79985, -23.449771 ], [ -46.79984, -23.449151 ], [ -46.799745, -23.448813 ], [ -46.799611, -23.44859 ], [ -46.799775, -23.448321 ], [ -46.799582, -23.448139 ], [ -46.799173, -23.447537 ], [ -46.798822, -23.44713 ], [ -46.799243, -23.448506 ], [ -46.799244, -23.448662 ], [ -46.799072, -23.448695 ], [ -46.799284, -23.449593 ], [ -46.799311, -23.449899 ], [ -46.799621, -23.450271 ] ] ] } },
{ "type": "Feature", "properties": { "CD_SETOR": "355030803000257", "faces": 11, "pavimentada": 100.0, "bueiro": 63.64, "iluminacao": 100.0, "onibus": 18.18, "ciclovia": 0.0, "calcada": 100.0, "obstaculo": 100.0, "rampa": 0.0, "rampa_faces": 0.0, "sem_calcada": 0.0, "sem_arvore": 54.55, "muitas_arvores": 18.18, "vao": 100.0, "V05400": 11, "V05421": 11, "V05406": 11, "V05412": 11, "V05422": 0, "V05424": 11, "V05427": 0, "V05409": 7, "V05415": 2, "V05418": 0, "V05430": 6, "V05433": 2, "criancas_0a4": 36, "em_favela": false }, "geometry": { "type": "Polygon", "coordinates": [ [ [ -46.790129, -23.449291 ], [ -46.790598, -23.44968 ], [ -46.790357, -23.449955 ], [ -46.79003, -23.449713 ], [ -46.789668, -23.450107 ], [ -46.790863, -23.450971 ], [ -46.790291, -23.451306 ], [ -46.790982, -23.452006 ], [ -46.791708, -23.452569 ], [ -46.791847, -23.452405 ], [ -46.791997, -23.452494 ], [ -46.79213, -23.452349 ], [ -46.792134, -23.452257 ], [ -46.792253, -23.452169 ], [ -46.791343, -23.451578 ], [ -46.791591, -23.451357 ], [ -46.791882, -23.450812 ], [ -46.792248, -23.451105 ], [ -46.79238, -23.451104 ], [ -46.792449, -23.451036 ], [ -46.792676, -23.449957 ], [ -46.792394, -23.449458 ], [ -46.792206, -23.448918 ], [ -46.791562, -23.448395 ], [ -46.79093, -23.448191 ], [ -46.790681, -23.448158 ], [ -46.790155, -23.448286 ], [ -46.789567, -23.448181 ], [ -46.789399, -23.448419 ], [ -46.790129, -23.449291 ] ] ] } },
{ "type": "Feature", "properties": { "CD_SETOR": "355030803000258", "faces": 4, "pavimentada": 50.0, "bueiro": 25.0, "iluminacao": 50.0, "onibus": 0.0, "ciclovia": 0.0, "calcada": 50.0, "obstaculo": 100.0, "rampa": 0.0, "rampa_faces": 0.0, "sem_calcada": 0.0, "sem_arvore": 25.0, "muitas_arvores": 0.0, "vao": 50.0, "V05400": 4, "V05421": 2, "V05406": 2, "V05412": 2, "V05422": 0, "V05424": 2, "V05427": 0, "V05409": 1, "V05415": 0, "V05418": 0, "V05430": 1, "V05433": 0, "criancas_0a4": 0, "em_favela": false }, "geometry": { "type": "Polygon", "coordinates": [ [ [ -46.79003, -23.449713 ], [ -46.790357, -23.449955 ], [ -46.790598, -23.44968 ], [ -46.790287, -23.449435 ], [ -46.79003, -23.449713 ] ] ] } },
{ "type": "Feature", "properties": { "CD_SETOR": "355030803000259", "faces": 15, "pavimentada": 100.0, "bueiro": 53.33, "iluminacao": 100.0, "onibus": 33.33, "ciclovia": 0.0, "calcada": 80.0, "obstaculo": 100.0, "rampa": 25.0, "rampa_faces": 20.0, "sem_calcada": 20.0, "sem_arvore": 40.0, "muitas_arvores": 26.67, "vao": 80.0, "V05400": 15, "V05421": 12, "V05406": 15, "V05412": 15, "V05422": 3, "V05424": 12, "V05427": 3, "V05409": 8, "V05415": 5, "V05418": 0, "V05430": 6, "V05433": 4, "criancas_0a4": 20, "em_favela": false }, "geometry": { "type": "Polygon", "coordinates": [ [ [ -46.793993, -23.440174 ], [ -46.794875, -23.440642 ], [ -46.795023, -23.441825 ], [ -46.796044, -23.441815 ], [ -46.795921, -23.441269 ], [ -46.795497, -23.440499 ], [ -46.795261, -23.439568 ], [ -46.794996, -23.439255 ], [ -46.794891, -23.439217 ], [ -46.794599, -23.439842 ], [ -46.794378, -23.439649 ], [ -46.793993, -23.440174 ] ] ] } },
{ "type": "Feature", "properties": { "CD_SETOR": "355030803000260", "faces": 27, "pavimentada": 100.0, "bueiro": 40.74, "iluminacao": 92.59, "onibus": 0.0, "ciclovia": 0.0, "calcada": 74.07, "obstaculo": 100.0, "rampa": 0.0, "rampa_faces": 0.0, "sem_calcada": 25.93, "sem_arvore": 29.63, "muitas_arvores": 22.22, "vao": 100.0, "V05400": 27, "V05421": 20, "V05406": 27, "V05412": 25, "V05422": 7, "V05424": 20, "V05427": 0, "V05409": 11, "V05415": 0, "V05418": 0, "V05430": 8, "V05433": 6, "criancas_0a4": 27, "em_favela": false }, "geometry": { "type": "Polygon", "coordinates": [ [ [ -46.795052, -23.442145 ], [ -46.794875, -23.440642 ], [ -46.793874, -23.440111 ], [ -46.792941, -23.440618 ], [ -46.793205, -23.44075 ], [ -46.793651, -23.440713 ], [ -46.79428, -23.440972 ], [ -46.794219, -23.441372 ], [ -46.793817, -23.441358 ], [ -46.793801, -23.441739 ], [ -46.793732, -23.441899 ], [ -46.793787, -23.442071 ], [ -46.793923, -23.442121 ], [ -46.794218, -23.442816 ], [ -46.794779, -23.442583 ], [ -46.794953, -23.442401 ], [ -46.795052, -23.442145 ] ] ] } },
{ "type": "Feature", "properties": { "CD_SETOR": "355030803000261", "faces": 4, "pavimentada": 100.0, "bueiro": 75.0, "iluminacao": 100.0, "onibus": 25.0, "ciclovia": 0.0, "calcada": 100.0, "obstaculo": 100.0, "rampa": 0.0, "rampa_faces": 0.0, "sem_calcada": 0.0, "sem_arvore": 75.0, "muitas_arvores": 0.0, "vao": 100.0, "V05400": 4, "V05421": 4, "V05406": 4, "V05412": 4, "V05422": 0, "V05424": 4, "V05427": 0, "V05409": 3, "V05415": 1, "V05418": 0, "V05430": 3, "V05433": 0, "criancas_0a4": 21, "em_favela": false }, "geometry": { "type": "Polygon", "coordinates": [ [ [ -46.790279, -23.437145 ], [ -46.790609, -23.436932 ], [ -46.789532, -23.435638 ], [ -46.789033, -23.435637 ], [ -46.790279, -23.437145 ] ] ] } },
{ "type": "Feature", "properties": { "CD_SETOR": "355030803000262", "faces": 9, "pavimentada": 100.0, "bueiro": 66.67, "iluminacao": 100.0, "onibus": 22.22, "ciclovia": 0.0, "calcada": 100.0, "obstaculo": 88.89, "rampa": 0.0, "rampa_faces": 0.0, "sem_calcada": 0.0, "sem_arvore": 44.44, "muitas_arvores": 22.22, "vao": 100.0, "V05400": 9, "V05421": 9, "V05406": 9, "V05412": 9, "V05422": 0, "V05424": 8, "V05427": 0, "V05409": 6, "V05415": 2, "V05418": 0, "V05430": 4, "V05433": 2, "criancas_0a4": 42, "em_favela": false }, "geometry": { "type": "Polygon", "coordinates": [ [ [ -46.790425, -23.435522 ], [ -46.789532, -23.435638 ], [ -46.789545, -23.435692 ], [ -46.790609, -23.436932 ], [ -46.790884, -23.436759 ], [ -46.790945, -23.436969 ], [ -46.7912, -23.436815 ], [ -46.791212, -23.436407 ], [ -46.790425, -23.435522 ] ] ] } },
{ "type": "Feature", "properties": { "CD_SETOR": "355030803000263", "faces": 6, "pavimentada": 100.0, "bueiro": 0.0, "iluminacao": 100.0, "onibus": 0.0, "ciclovia": 0.0, "calcada": 100.0, "obstaculo": 100.0, "rampa": 0.0, "rampa_faces": 0.0, "sem_calcada": 0.0, "sem_arvore": 0.0, "muitas_arvores": 33.33, "vao": 100.0, "V05400": 6, "V05421": 6, "V05406": 6, "V05412": 6, "V05422": 0, "V05424": 6, "V05427": 0, "V05409": 0, "V05415": 0, "V05418": 0, "V05430": 0, "V05433": 2, "criancas_0a4": 24, "em_favela": false }, "geometry": { "type": "Polygon", "coordinates": [ [ [ -46.799105, -23.440312 ], [ -46.799459, -23.440517 ], [ -46.79958, -23.44045 ], [ -46.800525, -23.438415 ], [ -46.800472, -23.438186 ], [ -46.799777, -23.43902 ], [ -46.799546, -23.439389 ], [ -46.799105, -23.440312 ] ] ] } },
{ "type": "Feature", "properties": { "CD_SETOR": "355030803000264", "faces": 8, "pavimentada": 100.0, "bueiro": 75.0, "iluminacao": 100.0, "onibus": 0.0, "ciclovia": 0.0, "calcada": 100.0, "obstaculo": 100.0, "rampa": 0.0, "rampa_faces": 0.0, "sem_calcada": 0.0, "sem_arvore": 25.0, "muitas_arvores": 12.5, "vao": 100.0, "V05400": 8, "V05421": 8, "V05406": 8, "V05412": 8, "V05422": 0, "V05424": 8, "V05427": 0, "V05409": 6, "V05415": 0, "V05418": 0, "V05430": 2, "V05433": 1, "criancas_0a4": 49, "em_favela": false }, "geometry": { "type": "Polygon", "coordinates": [ [ [ -46.800472, -23.438186 ], [ -46.800525, -23.438415 ], [ -46.79958, -23.44045 ], [ -46.799459, -23.440517 ], [ -46.799579, -23.440652 ], [ -46.799943, -23.440824 ], [ -46.800593, -23.439394 ], [ -46.801287, -23.438057 ], [ -46.800738, -23.437803 ], [ -46.800472, -23.438186 ] ] ] } },
{ "type": "Feature", "properties": { "CD_SETOR": "355030803000265", "faces": 4, "pavimentada": 100.0, "bueiro": 75.0, "iluminacao": 100.0, "onibus": 0.0, "ciclovia": 0.0, "calcada": 100.0, "obstaculo": 100.0, "rampa": 0.0, "rampa_faces": 0.0, "sem_calcada": 0.0, "sem_arvore": 25.0, "muitas_arvores": 25.0, "vao": 100.0, "V05400": 4, "V05421": 4, "V05406": 4, "V05412": 4, "V05422": 0, "V05424": 4, "V05427": 0, "V05409": 3, "V05415": 0, "V05418": 0, "V05430": 1, "V05433": 1, "criancas_0a4": 21, "em_favela": false }, "geometry": { "type": "Polygon", "coordinates": [ [ [ -46.802023, -23.43869 ], [ -46.80082, -23.441205 ], [ -46.80123, -23.441466 ], [ -46.80224, -23.439345 ], [ -46.802073, -23.438714 ], [ -46.802023, -23.43869 ] ] ] } },
{ "type": "Feature", "properties": { "CD_SETOR": "355030803000266", "faces": 4, "pavimentada": 100.0, "bueiro": 75.0, "iluminacao": 100.0, "onibus": 0.0, "ciclovia": 0.0, "calcada": 100.0, "obstaculo": 100.0, "rampa": 0.0, "rampa_faces": 0.0, "sem_calcada": 0.0, "sem_arvore": 25.0, "muitas_arvores": 75.0, "vao": 100.0, "V05400": 4, "V05421": 4, "V05406": 4, "V05412": 4, "V05422": 0, "V05424": 4, "V05427": 0, "V05409": 3, "V05415": 0, "V05418": 0, "V05430": 1, "V05433": 3, "criancas_0a4": 22, "em_favela": false }, "geometry": { "type": "Polygon", "coordinates": [ [ [ -46.800362, -23.440988 ], [ -46.80082, -23.441205 ], [ -46.801829, -23.439043 ], [ -46.801402, -23.438841 ], [ -46.800362, -23.440988 ] ] ] } },
{ "type": "Feature", "properties": { "CD_SETOR": "355030803000267", "faces": 26, "pavimentada": 100.0, "bueiro": 76.92, "iluminacao": 80.77, "onibus": 0.0, "ciclovia": 0.0, "calcada": 92.31, "obstaculo": 100.0, "rampa": 0.0, "rampa_faces": 0.0, "sem_calcada": 7.69, "sem_arvore": 42.31, "muitas_arvores": 26.92, "vao": 100.0, "V05400": 26, "V05421": 24, "V05406": 26, "V05412": 21, "V05422": 2, "V05424": 24, "V05427": 0, "V05409": 20, "V05415": 0, "V05418": 0, "V05430": 11, "V05433": 7, "criancas_0a4": 55, "em_favela": true }, "geometry": { "type": "Polygon", "coordinates": [ [ [ -46.802553, -23.450377 ], [ -46.802719, -23.450239 ], [ -46.802886, -23.45001 ], [ -46.803011, -23.449043 ], [ -46.803101, -23.448891 ], [ -46.802848, -23.448818 ], [ -46.802277, -23.448479 ], [ -46.802004, -23.44856 ], [ -46.801829, -23.448455 ], [ -46.801556, -23.448472 ], [ -46.801104, -23.448352 ], [ -46.801272, -23.448691 ], [ -46.800742, -23.448551 ], [ -46.80115, -23.450263 ], [ -46.801461, -23.450381 ], [ -46.80188, -23.450363 ], [ -46.802258, -23.450463 ], [ -46.802553, -23.450377 ] ] ] } },
{ "type": "Feature", "properties": { "CD_SETOR": "355030803000268", "faces": 11, "pavimentada": 81.82, "bueiro": 27.27, "iluminacao": 54.55, "onibus": 0.0, "ciclovia": 0.0, "calcada": 81.82, "obstaculo": 100.0, "rampa": 0.0, "rampa_faces": 0.0, "sem_calcada": 18.18, "sem_arvore": 45.45, "muitas_arvores": 18.18, "vao": 81.82, "V05400": 11, "V05421": 9, "V05406": 9, "V05412": 6, "V05422": 2, "V05424": 9, "V05427": 0, "V05409": 3, "V05415": 0, "V05418": 0, "V05430": 5, "V05433": 2, "criancas_0a4": 29, "em_favela": true }, "geometry": { "type": "Polygon", "coordinates": [ [ [ -46.800957, -23.451477 ], [ -46.802073, -23.452024 ], [ -46.803251, -23.451772 ], [ -46.80373, -23.451574 ], [ -46.804029, -23.451031 ], [ -46.803958, -23.450619 ], [ -46.803264, -23.450153 ], [ -46.803329, -23.448957 ], [ -46.803101, -23.448891 ], [ -46.803011, -23.449043 ], [ -46.802886, -23.45001 ], [ -46.80259, -23.450374 ], [ -46.802241, -23.451029 ], [ -46.802065, -23.451051 ], [ -46.801784, -23.450875 ], [ -46.800998, -23.45076 ], [ -46.800491, -23.45082 ], [ -46.800565, -23.450098 ], [ -46.800406, -23.450138 ], [ -46.80013, -23.450308 ], [ -46.800054, -23.450452 ], [ -46.799969, -23.450935 ], [ -46.799845, -23.451083 ], [ -46.799738, -23.451083 ], [ -46.799348, -23.450915 ], [ -46.799061, -23.450657 ], [ -46.798974, -23.450784 ], [ -46.799141, -23.451098 ], [ -46.800675, -23.451605 ], [ -46.800957, -23.451477 ] ] ] } },
{ "type": "Feature", "properties": { "CD_SETOR": "355030803000269", "faces": 19, "pavimentada": 100.0, "bueiro": 26.32, "iluminacao": 100.0, "onibus": 0.0, "ciclovia": 0.0, "calcada": 89.47, "obstaculo": 100.0, "rampa": 0.0, "rampa_faces": 0.0, "sem_calcada": 10.53, "sem_arvore": 57.89, "muitas_arvores": 5.26, "vao": 100.0, "V05400": 19, "V05421": 17, "V05406": 19, "V05412": 19, "V05422": 2, "V05424": 17, "V05427": 0, "V05409": 5, "V05415": 0, "V05418": 0, "V05430": 11, "V05433": 1, "criancas_0a4": 39, "em_favela": false }, "geometry": { "type": "Polygon", "coordinates": [ [ [ -46.798846, -23.44874 ], [ -46.797606, -23.448998 ], [ -46.79781, -23.449872 ], [ -46.797979, -23.450315 ], [ -46.799056, -23.450005 ], [ -46.799048, -23.449591 ], [ -46.798846, -23.44874 ] ] ] } },
{ "type": "Feature", "properties": { "CD_SETOR": "355030803000270", "faces": 14, "pavimentada": 100.0, "bueiro": 42.86, "iluminacao": 85.71, "onibus": 0.0, "ciclovia": 0.0, "calcada": 92.86, "obstaculo": 100.0, "rampa": 0.0, "rampa_faces": 0.0, "sem_calcada": 7.14, "sem_arvore": 28.57, "muitas_arvores": 7.14, "vao": 100.0, "V05400": 14, "V05421": 13, "V05406": 14, "V05412": 12, "V05422": 1, "V05424": 13, "V05427": 0, "V05409": 6, "V05415": 0, "V05418": 0, "V05430": 4, "V05433": 1, "criancas_0a4": 37, "em_favela": false }, "geometry": { "type": "Polygon", "coordinates": [ [ [ -46.799056, -23.450005 ], [ -46.797979, -23.450315 ], [ -46.79781, -23.449872 ], [ -46.797606, -23.448998 ], [ -46.798162, -23.448887 ], [ -46.79726, -23.448179 ], [ -46.796916, -23.448021 ], [ -46.797251, -23.449604 ], [ -46.797429, -23.450149 ], [ -46.797482, -23.451127 ], [ -46.797409, -23.451334 ], [ -46.798062, -23.450918 ], [ -46.79893, -23.450263 ], [ -46.799056, -23.450005 ] ] ] } },
{ "type": "Feature", "properties": { "CD_SETOR": "355030803000271", "faces": 12, "pavimentada": 100.0, "bueiro": 58.33, "iluminacao": 100.0, "onibus": 0.0, "ciclovia": 0.0, "calcada": 100.0, "obstaculo": 100.0, "rampa": 0.0, "rampa_faces": 0.0, "sem_calcada": 0.0, "sem_arvore": 25.0, "muitas_arvores": 41.67, "vao": 100.0, "V05400": 12, "V05421": 12, "V05406": 12, "V05412": 12, "V05422": 0, "V05424": 12, "V05427": 0, "V05409": 7, "V05415": 0, "V05418": 0, "V05430": 3, "V05433": 5, "criancas_0a4": 30, "em_favela": false }, "geometry": { "type": "Polygon", "coordinates": [ [ [ -46.798846, -23.44874 ], [ -46.79851, -23.447449 ], [ -46.796975, -23.447774 ], [ -46.796869, -23.447871 ], [ -46.796835, -23.447986 ], [ -46.79726, -23.448179 ], [ -46.798162, -23.448887 ], [ -46.798846, -23.44874 ] ] ] } },
{ "type": "Feature", "properties": { "CD_SETOR": "355030803000272", "faces": 10, "pavimentada": 100.0, "bueiro": 70.0, "iluminacao": 100.0, "onibus": 20.0, "ciclovia": 0.0, "calcada": 80.0, "obstaculo": 100.0, "rampa": 0.0, "rampa_faces": 0.0, "sem_calcada": 20.0, "sem_arvore": 50.0, "muitas_arvores": 10.0, "vao": 100.0, "V05400": 10, "V05421": 8, "V05406": 10, "V05412": 10, "V05422": 2, "V05424": 8, "V05427": 0, "V05409": 7, "V05415": 2, "V05418": 0, "V05430": 5, "V05433": 1, "criancas_0a4": 9, "em_favela": false }, "geometry": { "type": "Polygon", "coordinates": [ [ [ -46.79754, -23.447648 ], [ -46.79851, -23.447449 ], [ -46.798459, -23.447218 ], [ -46.798822, -23.44713 ], [ -46.798506, -23.446727 ], [ -46.798102, -23.446014 ], [ -46.797919, -23.445844 ], [ -46.797665, -23.445701 ], [ -46.79755, -23.445564 ], [ -46.79717, -23.444502 ], [ -46.797026, -23.444269 ], [ -46.796753, -23.443977 ], [ -46.796621, -23.443119 ], [ -46.796148, -23.442382 ], [ -46.796065, -23.44214 ], [ -46.796044, -23.441815 ], [ -46.796006, -23.441816 ], [ -46.795628, -23.442238 ], [ -46.795801, -23.442328 ], [ -46.796175, -23.442833 ], [ -46.796267, -23.44305 ], [ -46.796302, -23.443269 ], [ -46.796262, -23.443805 ], [ -46.796324, -23.44406 ], [ -46.796189, -23.444327 ], [ -46.796331, -23.444561 ], [ -46.796384, -23.445304 ], [ -46.796538, -23.445708 ], [ -46.79724, -23.446329 ], [ -46.797282, -23.446417 ], [ -46.797027, -23.446503 ], [ -46.797418, -23.4472 ], [ -46.79754, -23.447648 ] ] ] } },
{ "type": "Feature", "properties": { "CD_SETOR": "355030803000273", "faces": 4, "pavimentada": 100.0, "bueiro": 75.0, "iluminacao": 100.0, "onibus": 50.0, "ciclovia": 0.0, "calcada": 100.0, "obstaculo": 100.0, "rampa": 0.0, "rampa_faces": 0.0, "sem_calcada": 0.0, "sem_arvore": 25.0, "muitas_arvores": 25.0, "vao": 100.0, "V05400": 4, "V05421": 4, "V05406": 4, "V05412": 4, "V05422": 0, "V05424": 4, "V05427": 0, "V05409": 3, "V05415": 2, "V05418": 0, "V05430": 1, "V05433": 1, "criancas_0a4": 25, "em_favela": false }, "geometry": { "type": "Polygon", "coordinates": [ [ [ -46.802704, -23.436673 ], [ -46.801736, -23.438225 ], [ -46.80163, -23.438411 ], [ -46.802068, -23.438609 ], [ -46.803216, -23.436808 ], [ -46.80317, -23.436718 ], [ -46.802989, -23.436635 ], [ -46.802704, -23.436673 ] ] ] } },
{ "type": "Feature", "properties": { "CD_SETOR": "355030803000274", "faces": 8, "pavimentada": 100.0, "bueiro": 100.0, "iluminacao": 100.0, "onibus": 37.5, "ciclovia": 0.0, "calcada": 100.0, "obstaculo": 100.0, "rampa": 0.0, "rampa_faces": 0.0, "sem_calcada": 0.0, "sem_arvore": 50.0, "muitas_arvores": 12.5, "vao": 100.0, "V05400": 8, "V05421": 8, "V05406": 8, "V05412": 8, "V05422": 0, "V05424": 8, "V05427": 0, "V05409": 8, "V05415": 3, "V05418": 0, "V05430": 4, "V05433": 1, "criancas_0a4": 47, "em_favela": false }, "geometry": { "type": "Polygon", "coordinates": [ [ [ -46.801736, -23.438225 ], [ -46.802704, -23.436673 ], [ -46.802327, -23.435838 ], [ -46.800738, -23.437803 ], [ -46.801736, -23.438225 ] ] ] } },
{ "type": "Feature", "properties": { "CD_SETOR": "355030803000275", "faces": 7, "pavimentada": 100.0, "bueiro": 42.86, "iluminacao": 100.0, "onibus": 42.86, "ciclovia": 0.0, "calcada": 100.0, "obstaculo": 85.71, "rampa": 0.0, "rampa_faces": 0.0, "sem_calcada": 0.0, "sem_arvore": 14.29, "muitas_arvores": 42.86, "vao": 100.0, "V05400": 7, "V05421": 7, "V05406": 7, "V05412": 7, "V05422": 0, "V05424": 6, "V05427": 0, "V05409": 3, "V05415": 3, "V05418": 0, "V05430": 1, "V05433": 3, "criancas_0a4": 37, "em_favela": false }, "geometry": { "type": "Polygon", "coordinates": [ [ [ -46.806228, -23.441988 ], [ -46.80721, -23.440249 ], [ -46.807505, -23.439167 ], [ -46.807139, -23.439123 ], [ -46.806867, -23.439009 ], [ -46.806671, -23.438982 ], [ -46.806676, -23.43966 ], [ -46.806616, -23.439783 ], [ -46.80628, -23.439988 ], [ -46.806159, -23.440137 ], [ -46.806147, -23.440684 ], [ -46.805982, -23.44139 ], [ -46.805522, -23.442113 ], [ -46.805508, -23.442224 ], [ -46.805713, -23.442027 ], [ -46.806228, -23.441988 ] ] ] } },
{ "type": "Feature", "properties": { "CD_SETOR": "355030803000276", "faces": 16, "pavimentada": 100.0, "bueiro": 18.75, "iluminacao": 100.0, "onibus": 0.0, "ciclovia": 0.0, "calcada": 93.75, "obstaculo": 100.0, "rampa": 0.0, "rampa_faces": 0.0, "sem_calcada": 6.25, "sem_arvore": 68.75, "muitas_arvores": 6.25, "vao": 100.0, "V05400": 16, "V05421": 15, "V05406": 16, "V05412": 16, "V05422": 1, "V05424": 15, "V05427": 0, "V05409": 3, "V05415": 0, "V05418": 0, "V05430": 11, "V05433": 1, "criancas_0a4": 10, "em_favela": false }, "geometry": { "type": "Polygon", "coordinates": [ [ [ -46.807505, -23.439167 ], [ -46.80721, -23.440249 ], [ -46.806732, -23.441042 ], [ -46.807038, -23.441204 ], [ -46.807116, -23.441336 ], [ -46.80766, -23.441068 ], [ -46.807923, -23.440653 ], [ -46.80793, -23.440322 ], [ -46.807836, -23.439602 ], [ -46.80839, -23.439638 ], [ -46.808413, -23.439205 ], [ -46.808376, -23.439183 ], [ -46.807505, -23.439167 ] ] ] } },
{ "type": "Feature", "properties": { "CD_SETOR": "355030803000277", "faces": 7, "pavimentada": 100.0, "bueiro": 28.57, "iluminacao": 100.0, "onibus": 0.0, "ciclovia": 0.0, "calcada": 100.0, "obstaculo": 100.0, "rampa": 0.0, "rampa_faces": 0.0, "sem_calcada": 0.0, "sem_arvore": 42.86, "muitas_arvores": 0.0, "vao": 100.0, "V05400": 7, "V05421": 7, "V05406": 7, "V05412": 7, "V05422": 0, "V05424": 7, "V05427": 0, "V05409": 2, "V05415": 0, "V05418": 0, "V05430": 3, "V05433": 0, "criancas_0a4": 17, "em_favela": false }, "geometry": { "type": "Polygon", "coordinates": [ [ [ -46.806228, -23.441988 ], [ -46.807014, -23.441818 ], [ -46.807377, -23.441678 ], [ -46.808005, -23.441323 ], [ -46.808496, -23.440449 ], [ -46.80839, -23.439638 ], [ -46.807836, -23.439602 ], [ -46.807933, -23.440605 ], [ -46.807717, -23.441006 ], [ -46.807584, -23.441126 ], [ -46.807116, -23.441336 ], [ -46.807038, -23.441204 ], [ -46.806732, -23.441042 ], [ -46.806399, -23.441601 ], [ -46.806228, -23.441988 ] ] ] } },
{ "type": "Feature", "properties": { "CD_SETOR": "355030803000278", "faces": 4, "pavimentada": 100.0, "bueiro": 50.0, "iluminacao": 100.0, "onibus": 0.0, "ciclovia": 0.0, "calcada": 100.0, "obstaculo": 100.0, "rampa": 0.0, "rampa_faces": 0.0, "sem_calcada": 0.0, "sem_arvore": 0.0, "muitas_arvores": 25.0, "vao": 100.0, "V05400": 4, "V05421": 4, "V05406": 4, "V05412": 4, "V05422": 0, "V05424": 4, "V05427": 0, "V05409": 2, "V05415": 0, "V05418": 0, "V05430": 0, "V05433": 1, "criancas_0a4": 31, "em_favela": false }, "geometry": { "type": "Polygon", "coordinates": [ [ [ -46.808394, -23.439581 ], [ -46.808496, -23.440449 ], [ -46.808005, -23.441323 ], [ -46.807377, -23.441678 ], [ -46.807014, -23.441818 ], [ -46.806324, -23.441978 ], [ -46.805713, -23.442027 ], [ -46.804956, -23.442752 ], [ -46.805205, -23.443009 ], [ -46.805827, -23.4424 ], [ -46.806543, -23.442264 ], [ -46.808121, -23.441724 ], [ -46.808202, -23.441657 ], [ -46.808648, -23.440773 ], [ -46.80899, -23.440805 ], [ -46.808837, -23.439217 ], [ -46.808413, -23.439205 ], [ -46.808394, -23.439581 ] ] ] } },
{ "type": "Feature", "properties": { "CD_SETOR": "355030803000283", "faces": 23, "pavimentada": 56.52, "bueiro": 0.0, "iluminacao": 0.0, "onibus": 0.0, "ciclovia": 0.0, "calcada": 0.0, "obstaculo": null, "rampa": null, "rampa_faces": 0.0, "sem_calcada": 100.0, "sem_arvore": 52.17, "muitas_arvores": 8.7, "vao": 56.52, "V05400": 23, "V05421": 0, "V05406": 13, "V05412": 0, "V05422": 23, "V05424": 0, "V05427": 0, "V05409": 0, "V05415": 0, "V05418": 0, "V05430": 12, "V05433": 2, "criancas_0a4": 17, "em_favela": true }, "geometry": { "type": "Polygon", "coordinates": [ [ [ -46.821084, -23.424864 ], [ -46.820598, -23.424435 ], [ -46.820561, -23.424 ], [ -46.819951, -23.423854 ], [ -46.819558, -23.424414 ], [ -46.819164, -23.424603 ], [ -46.819234, -23.42472 ], [ -46.819514, -23.42489 ], [ -46.820365, -23.424874 ], [ -46.820977, -23.424921 ], [ -46.821084, -23.424864 ] ] ] } },
{ "type": "Feature", "properties": { "CD_SETOR": "355030803000287", "faces": 15, "pavimentada": 100.0, "bueiro": 26.67, "iluminacao": 33.33, "onibus": 26.67, "ciclovia": 0.0, "calcada": 13.33, "obstaculo": 50.0, "rampa": 50.0, "rampa_faces": 6.67, "sem_calcada": 86.67, "sem_arvore": 100.0, "muitas_arvores": 0.0, "vao": 93.33, "V05400": 15, "V05421": 2, "V05406": 15, "V05412": 5, "V05422": 13, "V05424": 1, "V05427": 1, "V05409": 4, "V05415": 4, "V05418": 0, "V05430": 15, "V05433": 0, "criancas_0a4": 0, "em_favela": false }, "geometry": { "type": "Polygon", "coordinates": [ [ [ -46.803227, -23.447111 ], [ -46.802467, -23.448564 ], [ -46.802848, -23.448818 ], [ -46.803329, -23.448957 ], [ -46.803264, -23.450153 ], [ -46.803958, -23.450619 ], [ -46.804029, -23.451031 ], [ -46.80373, -23.451574 ], [ -46.803251, -23.451772 ], [ -46.802073, -23.452024 ], [ -46.800957, -23.451477 ], [ -46.800675, -23.451605 ], [ -46.799141, -23.451098 ], [ -46.798974, -23.450784 ], [ -46.799061, -23.450657 ], [ -46.798954, -23.450479 ], [ -46.79893, -23.450263 ], [ -46.798062, -23.450918 ], [ -46.797409, -23.451334 ], [ -46.797392, -23.451681 ], [ -46.795862, -23.452667 ], [ -46.795882, -23.453004 ], [ -46.795376, -23.453337 ], [ -46.794323, -23.453377 ], [ -46.794007, -23.453222 ], [ -46.792532, -23.454064 ], [ -46.792163, -23.454188 ], [ -46.791747, -23.454234 ], [ -46.791371, -23.454137 ], [ -46.791206, -23.454024 ], [ -46.790604, -23.453335 ], [ -46.790128, -23.453741 ], [ -46.78989, -23.45377 ], [ -46.78983, -23.453721 ], [ -46.789432, -23.453183 ], [ -46.789451, -23.453114 ], [ -46.788945, -23.45245 ], [ -46.78892, -23.452286 ], [ -46.789005, -23.452037 ], [ -46.788698, -23.451757 ], [ -46.788532, -23.451526 ], [ -46.787976, -23.451462 ], [ -46.78784, -23.45095 ], [ -46.787714, -23.449835 ], [ -46.787507, -23.449788 ], [ -46.787189, -23.449413 ], [ -46.786713, -23.452033 ], [ -46.790685, -23.455267 ], [ -46.795875, -23.462874 ], [ -46.796027, -23.46293 ], [ -46.796131, -23.463076 ], [ -46.796192, -23.463333 ], [ -46.796237, -23.464124 ], [ -46.796282, -23.464282 ], [ -46.796693, -23.464999 ], [ -46.796723, -23.465194 ], [ -46.796715, -23.46589 ], [ -46.796444, -23.466507 ], [ -46.796449, -23.467112 ], [ -46.796473, -23.467279 ], [ -46.796624, -23.467569 ], [ -46.796722, -23.468286 ], [ -46.796997, -23.468837 ], [ -46.79703, -23.46968 ], [ -46.797074, -23.469801 ], [ -46.797143, -23.469905 ], [ -46.797495, -23.470071 ], [ -46.798018, -23.470175 ], [ -46.7988, -23.470455 ], [ -46.799528, -23.471383 ], [ -46.799695, -23.471089 ], [ -46.799913, -23.470852 ], [ -46.800222, -23.470588 ], [ -46.800691, -23.470356 ], [ -46.800523, -23.469644 ], [ -46.800322, -23.469277 ], [ -46.800333, -23.468503 ], [ -46.800459, -23.467896 ], [ -46.80077, -23.467228 ], [ -46.800956, -23.466953 ], [ -46.802194, -23.465936 ], [ -46.802771, -23.465155 ], [ -46.803415, -23.464572 ], [ -46.804645, -23.463141 ], [ -46.804844, -23.462927 ], [ -46.805259, -23.462612 ], [ -46.805357, -23.462459 ], [ -46.805593, -23.461537 ], [ -46.805625, -23.460679 ], [ -46.805775, -23.460058 ], [ -46.805677, -23.458855 ], [ -46.80569, -23.45862 ], [ -46.805851, -23.458163 ], [ -46.80583, -23.457997 ], [ -46.805633, -23.457629 ], [ -46.805625, -23.457477 ], [ -46.805676, -23.45717 ], [ -46.805839, -23.456775 ], [ -46.805937, -23.455759 ], [ -46.806131, -23.455407 ], [ -46.80745, -23.453732 ], [ -46.807782, -23.452963 ], [ -46.80818, -23.45256 ], [ -46.808443, -23.452 ], [ -46.80859, -23.45185 ], [ -46.809052, -23.45021 ], [ -46.809047, -23.449841 ], [ -46.808882, -23.448937 ], [ -46.809177, -23.448437 ], [ -46.80932, -23.448014 ], [ -46.809304, -23.447685 ], [ -46.80906, -23.446701 ], [ -46.809065, -23.4464 ], [ -46.809096, -23.44617 ], [ -46.809523, -23.445101 ], [ -46.809557, -23.444866 ], [ -46.809453, -23.443371 ], [ -46.809469, -23.442276 ], [ -46.809817, -23.441796 ], [ -46.810169, -23.441439 ], [ -46.811576, -23.440685 ], [ -46.811727, -23.440204 ], [ -46.811805, -23.439736 ], [ -46.811685, -23.439161 ], [ -46.811525, -23.437856 ], [ -46.811549, -23.436913 ], [ -46.811759, -23.436601 ], [ -46.812183, -23.436278 ], [ -46.812415, -23.435942 ], [ -46.812022, -23.436036 ], [ -46.811511, -23.436344 ], [ -46.81112, -23.436445 ], [ -46.811105, -23.436968 ], [ -46.811069, -23.437091 ], [ -46.810689, -23.437654 ], [ -46.810711, -23.437909 ], [ -46.810353, -23.438309 ], [ -46.810147, -23.438255 ], [ -46.810039, -23.438501 ], [ -46.809881, -23.439628 ], [ -46.809328, -23.439701 ], [ -46.809297, -23.440237 ], [ -46.809193, -23.440232 ], [ -46.80923, -23.440478 ], [ -46.808935, -23.440491 ], [ -46.80899, -23.440805 ], [ -46.808648, -23.440773 ], [ -46.808202, -23.441657 ], [ -46.808121, -23.441724 ], [ -46.806543, -23.442264 ], [ -46.805827, -23.4424 ], [ -46.804713, -23.44343 ], [ -46.804497, -23.443993 ], [ -46.804203, -23.445016 ], [ -46.803614, -23.446572 ], [ -46.803227, -23.447111 ] ] ] } },
{ "type": "Feature", "properties": { "CD_SETOR": "355030803000290", "faces": 40, "pavimentada": 97.5, "bueiro": 35.0, "iluminacao": 87.5, "onibus": 20.0, "ciclovia": 0.0, "calcada": 50.0, "obstaculo": 75.0, "rampa": 0.0, "rampa_faces": 0.0, "sem_calcada": 47.5, "sem_arvore": 57.5, "muitas_arvores": 30.0, "vao": 97.5, "V05400": 40, "V05421": 20, "V05406": 39, "V05412": 35, "V05422": 19, "V05424": 15, "V05427": 0, "V05409": 14, "V05415": 8, "V05418": 0, "V05430": 23, "V05433": 12, "criancas_0a4": 18, "em_favela": false }, "geometry": { "type": "Polygon", "coordinates": [ [ [ -46.782537, -23.434223 ], [ -46.782361, -23.434828 ], [ -46.782877, -23.435225 ], [ -46.783022, -23.435288 ], [ -46.783557, -23.435209 ], [ -46.785043, -23.435457 ], [ -46.785264, -23.435514 ], [ -46.785426, -23.435617 ], [ -46.785753, -23.435675 ], [ -46.786145, -23.435436 ], [ -46.786289, -23.435453 ], [ -46.787555, -23.426936 ], [ -46.787779, -23.425838 ], [ -46.788043, -23.425187 ], [ -46.78854, -23.424403 ], [ -46.789221, -23.423706 ], [ -46.789941, -23.423202 ], [ -46.788902, -23.422601 ], [ -46.787239, -23.421755 ], [ -46.786116, -23.421659 ], [ -46.785724, -23.421543 ], [ -46.785442, -23.421383 ], [ -46.78454, -23.42159 ], [ -46.783113, -23.431422 ], [ -46.782791, -23.431391 ], [ -46.782566, -23.4328 ], [ -46.782697, -23.432896 ], [ -46.782701, -23.433004 ], [ -46.782537, -23.434223 ] ] ] } },
{ "type": "Feature", "properties": { "CD_SETOR": "355030803000291", "faces": 5, "pavimentada": 100.0, "bueiro": 80.0, "iluminacao": 100.0, "onibus": 100.0, "ciclovia": 0.0, "calcada": 20.0, "obstaculo": 100.0, "rampa": 0.0, "rampa_faces": 0.0, "sem_calcada": 80.0, "sem_arvore": 100.0, "muitas_arvores": 0.0, "vao": 100.0, "V05400": 5, "V05421": 1, "V05406": 5, "V05412": 5, "V05422": 4, "V05424": 1, "V05427": 0, "V05409": 4, "V05415": 5, "V05418": 0, "V05430": 5, "V05433": 0, "criancas_0a4": 0, "em_favela": false }, "geometry": { "type": "Polygon", "coordinates": [ [ [ -46.780691, -23.446517 ], [ -46.780564, -23.447031 ], [ -46.782575, -23.448714 ], [ -46.784489, -23.450519 ], [ -46.785125, -23.451481 ], [ -46.785292, -23.451844 ], [ -46.785446, -23.452354 ], [ -46.785599, -23.45317 ], [ -46.785604, -23.453622 ], [ -46.785283, -23.454867 ], [ -46.784953, -23.45555 ], [ -46.783598, -23.457693 ], [ -46.783608, -23.457769 ], [ -46.783703, -23.457743 ], [ -46.785549, -23.45524 ], [ -46.786057, -23.45437 ], [ -46.786285, -23.45389 ], [ -46.786529, -23.453073 ], [ -46.787189, -23.449413 ], [ -46.787507, -23.449788 ], [ -46.787714, -23.449835 ], [ -46.787815, -23.449046 ], [ -46.787896, -23.447789 ], [ -46.787746, -23.446469 ], [ -46.787651, -23.44604 ], [ -46.787337, -23.445891 ], [ -46.787125, -23.444573 ], [ -46.786369, -23.441084 ], [ -46.785991, -23.439096 ], [ -46.785962, -23.43767 ], [ -46.786289, -23.435453 ], [ -46.786145, -23.435436 ], [ -46.785753, -23.435675 ], [ -46.785426, -23.435617 ], [ -46.785264, -23.435514 ], [ -46.785043, -23.435457 ], [ -46.783438, -23.435213 ], [ -46.783096, -23.435298 ], [ -46.782715, -23.435783 ], [ -46.782183, -23.435742 ], [ -46.782172, -23.436596 ], [ -46.782428, -23.436625 ], [ -46.782338, -23.436677 ], [ -46.782051, -23.437043 ], [ -46.781766, -23.437495 ], [ -46.78152, -23.438006 ], [ -46.781441, -23.438255 ], [ -46.781349, -23.439468 ], [ -46.781254, -23.439965 ], [ -46.781256, -23.44011 ], [ -46.781378, -23.440402 ], [ -46.781394, -23.440787 ], [ -46.781606, -23.441425 ], [ -46.781682, -23.44316 ], [ -46.781461, -23.443657 ], [ -46.781231, -23.443802 ], [ -46.780912, -23.444277 ], [ -46.780762, -23.444816 ], [ -46.780232, -23.445273 ], [ -46.780738, -23.445684 ], [ -46.780912, -23.446164 ], [ -46.780691, -23.446517 ] ], [ [ -46.784599, -23.448156 ], [ -46.783924, -23.448278 ], [ -46.783369, -23.448166 ], [ -46.78255, -23.447689 ], [ -46.783336, -23.447459 ], [ -46.783493, -23.447243 ], [ -46.783543, -23.446923 ], [ -46.783549, -23.446287 ], [ -46.783717, -23.4462 ], [ -46.784055, -23.446311 ], [ -46.784161, -23.446034 ], [ -46.784362, -23.445126 ], [ -46.784384, -23.444563 ], [ -46.784556, -23.444122 ], [ -46.784655, -23.443635 ], [ -46.784853, -23.44336 ], [ -46.785426, -23.443033 ], [ -46.785855, -23.442952 ], [ -46.786341, -23.442782 ], [ -46.786903, -23.445716 ], [ -46.786938, -23.446006 ], [ -46.786913, -23.446382 ], [ -46.78682, -23.446741 ], [ -46.786328, -23.44767 ], [ -46.785756, -23.447958 ], [ -46.785344, -23.448099 ], [ -46.784599, -23.448156 ] ] ] } },
{ "type": "Feature", "properties": { "CD_SETOR": "355030803000292", "faces": 42, "pavimentada": 92.86, "bueiro": 19.05, "iluminacao": 71.43, "onibus": 45.24, "ciclovia": 0.0, "calcada": 23.81, "obstaculo": 100.0, "rampa": 10.0, "rampa_faces": 2.38, "sem_calcada": 76.19, "sem_arvore": 76.19, "muitas_arvores": 16.67, "vao": 90.48, "V05400": 42, "V05421": 10, "V05406": 39, "V05412": 30, "V05422": 32, "V05424": 10, "V05427": 1, "V05409": 8, "V05415": 19, "V05418": 0, "V05430": 32, "V05433": 7, "criancas_0a4": 3, "em_favela": false }, "geometry": { "type": "Polygon", "coordinates": [ [ [ -46.810209, -23.431411 ], [ -46.810498, -23.431294 ], [ -46.811146, -23.431236 ], [ -46.811329, -23.431129 ], [ -46.811879, -23.43065 ], [ -46.811974, -23.430256 ], [ -46.811883, -23.42993 ], [ -46.811894, -23.429594 ], [ -46.811974, -23.429348 ], [ -46.811973, -23.42905 ], [ -46.812151, -23.428222 ], [ -46.812169, -23.427844 ], [ -46.81265, -23.426773 ], [ -46.812888, -23.426549 ], [ -46.81317, -23.426373 ], [ -46.81329, -23.4262 ], [ -46.813328, -23.426052 ], [ -46.813585, -23.426114 ], [ -46.814239, -23.426112 ], [ -46.814241, -23.425959 ], [ -46.814174, -23.425867 ], [ -46.813545, -23.425264 ], [ -46.813569, -23.425105 ], [ -46.813209, -23.424536 ], [ -46.812953, -23.423307 ], [ -46.81267, -23.42251 ], [ -46.812657, -23.421986 ], [ -46.812591, -23.421699 ], [ -46.812377, -23.421227 ], [ -46.812206, -23.420542 ], [ -46.812351, -23.419723 ], [ -46.812354, -23.418982 ], [ -46.81209, -23.418435 ], [ -46.811989, -23.41782 ], [ -46.811173, -23.4166 ], [ -46.810682, -23.415583 ], [ -46.810517, -23.414824 ], [ -46.810052, -23.415173 ], [ -46.809987, -23.415151 ], [ -46.810039, -23.415566 ], [ -46.80998, -23.415701 ], [ -46.809583, -23.416175 ], [ -46.808968, -23.416852 ], [ -46.807692, -23.41797 ], [ -46.807231, -23.418268 ], [ -46.806671, -23.418473 ], [ -46.806058, -23.418625 ], [ -46.805385, -23.418682 ], [ -46.806192, -23.420128 ], [ -46.805106, -23.420975 ], [ -46.804829, -23.420744 ], [ -46.80393, -23.420364 ], [ -46.80359, -23.420173 ], [ -46.803304, -23.41977 ], [ -46.80327, -23.419527 ], [ -46.803316, -23.418874 ], [ -46.803533, -23.418506 ], [ -46.803594, -23.418312 ], [ -46.803072, -23.417145 ], [ -46.803034, -23.416925 ], [ -46.803107, -23.416631 ], [ -46.802989, -23.416536 ], [ -46.802828, -23.416268 ], [ -46.802089, -23.416711 ], [ -46.801878, -23.416776 ], [ -46.799352, -23.418395 ], [ -46.797693, -23.419198 ], [ -46.796078, -23.419876 ], [ -46.795656, -23.420102 ], [ -46.795554, -23.420217 ], [ -46.795281, -23.42037 ], [ -46.792066, -23.422026 ], [ -46.791361, -23.422462 ], [ -46.791291, -23.42246 ], [ -46.789644, -23.423382 ], [ -46.789221, -23.423706 ], [ -46.788736, -23.424166 ], [ -46.788292, -23.42475 ], [ -46.787947, -23.425393 ], [ -46.787779, -23.425838 ], [ -46.787644, -23.426412 ], [ -46.787167, -23.429494 ], [ -46.787484, -23.429543 ], [ -46.787704, -23.429655 ], [ -46.788027, -23.429691 ], [ -46.788142, -23.42969 ], [ -46.78842, -23.429578 ], [ -46.7891, -23.428811 ], [ -46.789256, -23.428553 ], [ -46.789659, -23.427613 ], [ -46.790079, -23.427117 ], [ -46.790299, -23.426615 ], [ -46.790411, -23.426535 ], [ -46.790744, -23.42645 ], [ -46.791457, -23.426393 ], [ -46.792144, -23.426517 ], [ -46.792412, -23.426471 ], [ -46.792935, -23.426497 ], [ -46.793298, -23.426453 ], [ -46.794023, -23.426276 ], [ -46.795024, -23.425747 ], [ -46.79545, -23.42578 ], [ -46.795885, -23.425994 ], [ -46.796315, -23.425927 ], [ -46.797344, -23.425639 ], [ -46.797769, -23.425397 ], [ -46.797944, -23.424813 ], [ -46.797957, -23.423513 ], [ -46.798512, -23.423623 ], [ -46.798355, -23.424358 ], [ -46.798248, -23.424586 ], [ -46.798117, -23.425115 ], [ -46.798413, -23.425985 ], [ -46.798807, -23.426881 ], [ -46.798837, -23.427434 ], [ -46.798997, -23.428126 ], [ -46.798954, -23.428251 ], [ -46.799376, -23.428775 ], [ -46.8, -23.429117 ], [ -46.800262, -23.429581 ], [ -46.800437, -23.430626 ], [ -46.800519, -23.432156 ], [ -46.800433, -23.432679 ], [ -46.80047, -23.432994 ], [ -46.801125, -23.435002 ], [ -46.801332, -23.435208 ], [ -46.801695, -23.435343 ], [ -46.804804, -23.436151 ], [ -46.805841, -23.43647 ], [ -46.806695, -23.437219 ], [ -46.806935, -23.437255 ], [ -46.807303, -23.43712 ], [ -46.807498, -23.437141 ], [ -46.807677, -23.437278 ], [ -46.807801, -23.437859 ], [ -46.807917, -23.43791 ], [ -46.808167, -23.437837 ], [ -46.808619, -23.437408 ], [ -46.809556, -23.436895 ], [ -46.809925, -23.436807 ], [ -46.810557, -23.436756 ], [ -46.810666, -23.43662 ], [ -46.810655, -23.436475 ], [ -46.810495, -23.436489 ], [ -46.810263, -23.436593 ], [ -46.8096, -23.435842 ], [ -46.809559, -23.435355 ], [ -46.809594, -23.434376 ], [ -46.808981, -23.434404 ], [ -46.807374, -23.433519 ], [ -46.807813, -23.432703 ], [ -46.808184, -23.432236 ], [ -46.808362, -23.431893 ], [ -46.808724, -23.431532 ], [ -46.809024, -23.431425 ], [ -46.809488, -23.431464 ], [ -46.810209, -23.431411 ] ] ] } },
{ "type": "Feature", "properties": { "CD_SETOR": "355030803000293", "faces": 4, "pavimentada": 75.0, "bueiro": 25.0, "iluminacao": 100.0, "onibus": 0.0, "ciclovia": 25.0, "calcada": 50.0, "obstaculo": 100.0, "rampa": 0.0, "rampa_faces": 0.0, "sem_calcada": 50.0, "sem_arvore": 25.0, "muitas_arvores": 50.0, "vao": 75.0, "V05400": 4, "V05421": 2, "V05406": 3, "V05412": 4, "V05422": 2, "V05424": 2, "V05427": 0, "V05409": 1, "V05415": 0, "V05418": 1, "V05430": 1, "V05433": 2, "criancas_0a4": 33, "em_favela": false }, "geometry": { "type": "Polygon", "coordinates": [ [ [ -46.811973, -23.42905 ], [ -46.812003, -23.429133 ], [ -46.811894, -23.429594 ], [ -46.811883, -23.42993 ], [ -46.811974, -23.430256 ], [ -46.811879, -23.43065 ], [ -46.811329, -23.431129 ], [ -46.811146, -23.431236 ], [ -46.810498, -23.431294 ], [ -46.810209, -23.431411 ], [ -46.809811, -23.431417 ], [ -46.810008, -23.434187 ], [ -46.810062, -23.434386 ], [ -46.810315, -23.43433 ], [ -46.810626, -23.434158 ], [ -46.811509, -23.434136 ], [ -46.811712, -23.434063 ], [ -46.811787, -23.434269 ], [ -46.812068, -23.43453 ], [ -46.812715, -23.434631 ], [ -46.813008, -23.434763 ], [ -46.813255, -23.434694 ], [ -46.813585, -23.435192 ], [ -46.813682, -23.435257 ], [ -46.813829, -23.435272 ], [ -46.813896, -23.435226 ], [ -46.814142, -23.434575 ], [ -46.814949, -23.433858 ], [ -46.815343, -23.433324 ], [ -46.815611, -23.432751 ], [ -46.815673, -23.432478 ], [ -46.81569, -23.432334 ], [ -46.815573, -23.431728 ], [ -46.815593, -23.431613 ], [ -46.815656, -23.431472 ], [ -46.815991, -23.431227 ], [ -46.816434, -23.430408 ], [ -46.816786, -23.430074 ], [ -46.816949, -23.42972 ], [ -46.817446, -23.429685 ], [ -46.818505, -23.429441 ], [ -46.818635, -23.42939 ], [ -46.819089, -23.429007 ], [ -46.819207, -23.428951 ], [ -46.819594, -23.428915 ], [ -46.819748, -23.428807 ], [ -46.820478, -23.428142 ], [ -46.821461, -23.42711 ], [ -46.822602, -23.425325 ], [ -46.822636, -23.4252 ], [ -46.822577, -23.424785 ], [ -46.823151, -23.423665 ], [ -46.823268, -23.422463 ], [ -46.82331, -23.422374 ], [ -46.823213, -23.422368 ], [ -46.823149, -23.422309 ], [ -46.823101, -23.42224 ], [ -46.823093, -23.422051 ], [ -46.823047, -23.422015 ], [ -46.82281, -23.422022 ], [ -46.822657, -23.421882 ], [ -46.822582, -23.421538 ], [ -46.822657, -23.421388 ], [ -46.822506, -23.421092 ], [ -46.822492, -23.420659 ], [ -46.822435, -23.420571 ], [ -46.821243, -23.420204 ], [ -46.821473, -23.420708 ], [ -46.82051, -23.420375 ], [ -46.820288, -23.420226 ], [ -46.820047, -23.419932 ], [ -46.81978, -23.419124 ], [ -46.819372, -23.418531 ], [ -46.819245, -23.418103 ], [ -46.819265, -23.417897 ], [ -46.819448, -23.417661 ], [ -46.820017, -23.416209 ], [ -46.82011, -23.41562 ], [ -46.820063, -23.41542 ], [ -46.819904, -23.415202 ], [ -46.819233, -23.41462 ], [ -46.818976, -23.414544 ], [ -46.817223, -23.414364 ], [ -46.817222, -23.414473 ], [ -46.817403, -23.414924 ], [ -46.817836, -23.415177 ], [ -46.817871, -23.415237 ], [ -46.817751, -23.415697 ], [ -46.817763, -23.415856 ], [ -46.818167, -23.416238 ], [ -46.818236, -23.416547 ], [ -46.818094, -23.416934 ], [ -46.817871, -23.417196 ], [ -46.81751, -23.41726 ], [ -46.816325, -23.417144 ], [ -46.816093, -23.417226 ], [ -46.813593, -23.417728 ], [ -46.813419, -23.417607 ], [ -46.813535, -23.418104 ], [ -46.813526, -23.418332 ], [ -46.813613, -23.418361 ], [ -46.813447, -23.418688 ], [ -46.813517, -23.418985 ], [ -46.813887, -23.419131 ], [ -46.815048, -23.419262 ], [ -46.816174, -23.420895 ], [ -46.818004, -23.422737 ], [ -46.816301, -23.424139 ], [ -46.816106, -23.424798 ], [ -46.815709, -23.424808 ], [ -46.814783, -23.424333 ], [ -46.813023, -23.423734 ], [ -46.813209, -23.424536 ], [ -46.813569, -23.425105 ], [ -46.813545, -23.425264 ], [ -46.814174, -23.425867 ], [ -46.814241, -23.425959 ], [ -46.814239, -23.426112 ], [ -46.813585, -23.426114 ], [ -46.813328, -23.426052 ], [ -46.81329, -23.4262 ], [ -46.81317, -23.426373 ], [ -46.812888, -23.426549 ], [ -46.81265, -23.426773 ], [ -46.812169, -23.427844 ], [ -46.812151, -23.428222 ], [ -46.811973, -23.42905 ] ], [ [ -46.821084, -23.424864 ], [ -46.820804, -23.42634 ], [ -46.820829, -23.426775 ], [ -46.820272, -23.426952 ], [ -46.821156, -23.427348 ], [ -46.819475, -23.428592 ], [ -46.818877, -23.427899 ], [ -46.818791, -23.427227 ], [ -46.819986, -23.426738 ], [ -46.819554, -23.426264 ], [ -46.818889, -23.425991 ], [ -46.818329, -23.425588 ], [ -46.81834, -23.425383 ], [ -46.818555, -23.425021 ], [ -46.818548, -23.424856 ], [ -46.818361, -23.424832 ], [ -46.817602, -23.425031 ], [ -46.817555, -23.424788 ], [ -46.818065, -23.424542 ], [ -46.818114, -23.42411 ], [ -46.818363, -23.424075 ], [ -46.819164, -23.424603 ], [ -46.819558, -23.424414 ], [ -46.819951, -23.423854 ], [ -46.820561, -23.424 ], [ -46.820598, -23.424435 ], [ -46.821084, -23.424864 ] ] ] } },
{ "type": "Feature", "properties": { "CD_SETOR": "355030803000294", "faces": 47, "pavimentada": 91.49, "bueiro": 51.06, "iluminacao": 100.0, "onibus": 10.64, "ciclovia": 14.89, "calcada": 82.98, "obstaculo": 92.31, "rampa": 0.0, "rampa_faces": 0.0, "sem_calcada": 17.02, "sem_arvore": 85.11, "muitas_arvores": 6.38, "vao": 91.49, "V05400": 47, "V05421": 39, "V05406": 43, "V05412": 47, "V05422": 8, "V05424": 36, "V05427": 0, "V05409": 24, "V05415": 5, "V05418": 7, "V05430": 40, "V05433": 3, "criancas_0a4": 38, "em_favela": false }, "geometry": { "type": "Polygon", "coordinates": [ [ [ -46.813312, -23.413902 ], [ -46.819122, -23.414578 ], [ -46.819381, -23.414733 ], [ -46.819904, -23.415202 ], [ -46.820063, -23.41542 ], [ -46.82011, -23.41562 ], [ -46.820091, -23.415879 ], [ -46.820017, -23.416209 ], [ -46.819766, -23.416898 ], [ -46.819448, -23.417661 ], [ -46.819265, -23.417897 ], [ -46.819245, -23.418103 ], [ -46.819288, -23.418299 ], [ -46.819372, -23.418531 ], [ -46.81978, -23.419124 ], [ -46.820047, -23.419932 ], [ -46.820168, -23.4201 ], [ -46.82051, -23.420375 ], [ -46.821473, -23.420708 ], [ -46.821243, -23.420204 ], [ -46.820393, -23.420066 ], [ -46.820268, -23.420001 ], [ -46.820093, -23.41908 ], [ -46.819715, -23.418343 ], [ -46.819653, -23.418123 ], [ -46.819671, -23.417899 ], [ -46.819924, -23.417183 ], [ -46.820231, -23.41665 ], [ -46.820297, -23.416362 ], [ -46.820392, -23.416299 ], [ -46.820383, -23.415263 ], [ -46.820866, -23.414656 ], [ -46.821839, -23.413848 ], [ -46.822107, -23.41332 ], [ -46.822241, -23.412834 ], [ -46.822226, -23.41225 ], [ -46.822399, -23.411868 ], [ -46.822615, -23.411705 ], [ -46.823117, -23.411797 ], [ -46.823316, -23.411748 ], [ -46.823908, -23.411406 ], [ -46.824286, -23.411254 ], [ -46.824608, -23.411044 ], [ -46.824743, -23.410769 ], [ -46.824961, -23.41061 ], [ -46.825125, -23.410387 ], [ -46.825386, -23.409698 ], [ -46.826132, -23.409017 ], [ -46.826191, -23.408908 ], [ -46.82617, -23.408731 ], [ -46.825991, -23.408524 ], [ -46.825861, -23.408456 ], [ -46.825699, -23.408138 ], [ -46.824506, -23.407344 ], [ -46.824465, -23.407002 ], [ -46.824348, -23.406844 ], [ -46.824245, -23.40653 ], [ -46.822711, -23.407857 ], [ -46.822598, -23.40789 ], [ -46.822189, -23.408186 ], [ -46.82097, -23.409137 ], [ -46.819958, -23.409765 ], [ -46.819254, -23.410089 ], [ -46.818417, -23.410342 ], [ -46.818366, -23.41041 ], [ -46.817752, -23.410494 ], [ -46.813436, -23.410647 ], [ -46.812362, -23.410781 ], [ -46.811486, -23.411018 ], [ -46.810359, -23.411517 ], [ -46.809609, -23.41197 ], [ -46.80766, -23.413519 ], [ -46.807908, -23.413523 ], [ -46.808209, -23.413649 ], [ -46.80897, -23.414336 ], [ -46.810052, -23.415173 ], [ -46.81128, -23.414289 ], [ -46.811579, -23.414135 ], [ -46.812457, -23.413908 ], [ -46.813312, -23.413902 ] ] ] } },
{ "type": "Feature", "properties": { "CD_SETOR": "355030803000295", "faces": 5, "pavimentada": 80.0, "bueiro": 60.0, "iluminacao": 60.0, "onibus": 40.0, "ciclovia": 0.0, "calcada": 20.0, "obstaculo": 100.0, "rampa": 0.0, "rampa_faces": 0.0, "sem_calcada": 80.0, "sem_arvore": 80.0, "muitas_arvores": 20.0, "vao": 80.0, "V05400": 5, "V05421": 1, "V05406": 4, "V05412": 3, "V05422": 4, "V05424": 1, "V05427": 0, "V05409": 3, "V05415": 2, "V05418": 0, "V05430": 4, "V05433": 1, "criancas_0a4": 0, "em_favela": false }, "geometry": { "type": "Polygon", "coordinates": [ [ [ -46.797771, -23.439282 ], [ -46.797945, -23.439494 ], [ -46.798719, -23.44005 ], [ -46.801906, -23.436023 ], [ -46.801691, -23.435897 ], [ -46.801963, -23.435397 ], [ -46.80139, -23.435243 ], [ -46.801125, -23.435002 ], [ -46.800504, -23.433126 ], [ -46.800433, -23.432679 ], [ -46.800519, -23.432156 ], [ -46.800437, -23.430626 ], [ -46.800293, -23.429711 ], [ -46.800202, -23.429416 ], [ -46.8, -23.429117 ], [ -46.799376, -23.428775 ], [ -46.799157, -23.428486 ], [ -46.798828, -23.428773 ], [ -46.798604, -23.429102 ], [ -46.798483, -23.42915 ], [ -46.798269, -23.429339 ], [ -46.797888, -23.430207 ], [ -46.797508, -23.430748 ], [ -46.797234, -23.430747 ], [ -46.797108, -23.430661 ], [ -46.796845, -23.430664 ], [ -46.796544, -23.430555 ], [ -46.796166, -23.430824 ], [ -46.795898, -23.431409 ], [ -46.795457, -23.431576 ], [ -46.795192, -23.431859 ], [ -46.794988, -23.43187 ], [ -46.794968, -23.431984 ], [ -46.795087, -23.43456 ], [ -46.795198, -23.434914 ], [ -46.796134, -23.437031 ], [ -46.796448, -23.437391 ], [ -46.797189, -23.437448 ], [ -46.797818, -23.43788 ], [ -46.797665, -23.439056 ], [ -46.797771, -23.439282 ] ] ] } },
{ "type": "Feature", "properties": { "CD_SETOR": "355030803000298", "faces": 17, "pavimentada": 100.0, "bueiro": 70.59, "iluminacao": 88.24, "onibus": 41.18, "ciclovia": 0.0, "calcada": 82.35, "obstaculo": 92.86, "rampa": 14.29, "rampa_faces": 11.76, "sem_calcada": 17.65, "sem_arvore": 29.41, "muitas_arvores": 41.18, "vao": 88.24, "V05400": 17, "V05421": 14, "V05406": 17, "V05412": 15, "V05422": 3, "V05424": 13, "V05427": 2, "V05409": 12, "V05415": 7, "V05418": 0, "V05430": 5, "V05433": 7, "criancas_0a4": 31, "em_favela": false }, "geometry": { "type": "Polygon", "coordinates": [ [ [ -46.787089, -23.436084 ], [ -46.787333, -23.436041 ], [ -46.787589, -23.435764 ], [ -46.788135, -23.435377 ], [ -46.788307, -23.435353 ], [ -46.788463, -23.435413 ], [ -46.788512, -23.435355 ], [ -46.789261, -23.433843 ], [ -46.789358, -23.433372 ], [ -46.788474, -23.433286 ], [ -46.788402, -23.433968 ], [ -46.788131, -23.434585 ], [ -46.787927, -23.434831 ], [ -46.787674, -23.434867 ], [ -46.787508, -23.434792 ], [ -46.787391, -23.434655 ], [ -46.787378, -23.434478 ], [ -46.787501, -23.434107 ], [ -46.786961, -23.43415 ], [ -46.786988, -23.433167 ], [ -46.786625, -23.433127 ], [ -46.786196, -23.436144 ], [ -46.786365, -23.436022 ], [ -46.786537, -23.435976 ], [ -46.787089, -23.436084 ] ] ] } },
{ "type": "Feature", "properties": { "CD_SETOR": "355030803000299", "faces": 11, "pavimentada": 81.82, "bueiro": 9.09, "iluminacao": 9.09, "onibus": 0.0, "ciclovia": 0.0, "calcada": 18.18, "obstaculo": 100.0, "rampa": 0.0, "rampa_faces": 0.0, "sem_calcada": 81.82, "sem_arvore": 63.64, "muitas_arvores": 18.18, "vao": 81.82, "V05400": 11, "V05421": 2, "V05406": 9, "V05412": 1, "V05422": 9, "V05424": 2, "V05427": 0, "V05409": 1, "V05415": 0, "V05418": 0, "V05430": 7, "V05433": 2, "criancas_0a4": 25, "em_favela": true }, "geometry": { "type": "Polygon", "coordinates": [ [ [ -46.819986, -23.426738 ], [ -46.818791, -23.427227 ], [ -46.818877, -23.427899 ], [ -46.819475, -23.428592 ], [ -46.821156, -23.427348 ], [ -46.820272, -23.426952 ], [ -46.820829, -23.426775 ], [ -46.820804, -23.42634 ], [ -46.82094, -23.425781 ], [ -46.820855, -23.425686 ], [ -46.820732, -23.425641 ], [ -46.820406, -23.425658 ], [ -46.820369, -23.425743 ], [ -46.820282, -23.425745 ], [ -46.819892, -23.425622 ], [ -46.819436, -23.425565 ], [ -46.81902, -23.425382 ], [ -46.818777, -23.425415 ], [ -46.818329, -23.425588 ], [ -46.818889, -23.425991 ], [ -46.819554, -23.426264 ], [ -46.819986, -23.426738 ] ] ] } }
]
}
