{
"type": "FeatureCollection",
"name": "brasilandia",
"crs": { "type": "name", "properties": { "name": "urn:ogc:def:crs:OGC:1.3:CRS84" } },
"xy_coordinate_resolution": 1e-06,
"features": [
{ "type": "Feature", "properties": { "CD_SETOR": "355030811000001", "faces": 18, "pavimentada": 100.0, "bueiro": 11.11, "iluminacao": 100.0, "onibus": 0.0, "ciclovia": 0.0, "calcada": 77.78, "obstaculo": 100.0, "rampa": 0.0, "rampa_faces": 0.0, "sem_calcada": 22.22, "sem_arvore": 66.67, "muitas_arvores": 0.0, "vao": 100.0, "V05400": 18, "V05421": 14, "V05406": 18, "V05412": 18, "V05422": 4, "V05424": 14, "V05427": 0, "V05409": 2, "V05415": 0, "V05418": 0, "V05430": 12, "V05433": 0, "criancas_0a4": 40, "em_favela": false }, "geometry": { "type": "Polygon", "coordinates": [ [ [ -46.684557, -23.46838 ], [ -46.684747, -23.468545 ], [ -46.68528, -23.468759 ], [ -46.685596, -23.469086 ], [ -46.685752, -23.468939 ], [ -46.685772, -23.46889 ], [ -46.685622, -23.468458 ], [ -46.685633, -23.468322 ], [ -46.686241, -23.465445 ], [ -46.685387, -23.465316 ], [ -46.684813, -23.467976 ], [ -46.684557, -23.46838 ] ] ] } },
{ "type": "Feature", "properties": { "CD_SETOR": "355030811000002", "faces": 10, "pavimentada": 100.0, "bueiro": 30.0, "iluminacao": 100.0, "onibus": 0.0, "ciclovia": 0.0, "calcada": 100.0, "obstaculo": 100.0, "rampa": 0.0, "rampa_faces": 0.0, "sem_calcada": 0.0, "sem_arvore": 70.0, "muitas_arvores": 0.0, "vao": 100.0, "V05400": 10, "V05421": 10, "V05406": 10, "V05412": 10, "V05422": 0, "V05424": 10, "V05427": 0, "V05409": 3, "V05415": 0, "V05418": 0, "V05430": 7, "V05433": 0, "criancas_0a4": 36, "em_favela": false }, "geometry": { "type": "Polygon", "coordinates": [ [ [ -46.686461, -23.464333 ], [ -46.686032, -23.466403 ], [ -46.6857, -23.468009 ], [ -46.686727, -23.4675 ], [ -46.686792, -23.467428 ], [ -46.686586, -23.466309 ], [ -46.686646, -23.46582 ], [ -46.686722, -23.465668 ], [ -46.687181, -23.465259 ], [ -46.686795, -23.464512 ], [ -46.686461, -23.464333 ] ] ] } },
{ "type": "Feature", "properties": { "CD_SETOR": "355030811000005", "faces": 15, "pavimentada": 100.0, "bueiro": 6.67, "iluminacao": 100.0, "onibus": 0.0, "ciclovia": 0.0, "calcada": 86.67, "obstaculo": 100.0, "rampa": 0.0, "rampa_faces": 0.0, "sem_calcada": 13.33, "sem_arvore": 60.0, "muitas_arvores": 0.0, "vao": 100.0, "V05400": 15, "V05421": 13, "V05406": 15, "V05412": 15, "V05422": 2, "V05424": 13, "V05427": 0, "V05409": 1, "V05415": 0, "V05418": 0, "V05430": 9, "V05433": 0, "criancas_0a4": 46, "em_favela": false }, "geometry": { "type": "Polygon", "coordinates": [ [ [ -46.684103, -23.464252 ], [ -46.684291, -23.464379 ], [ -46.684349, -23.464472 ], [ -46.684344, -23.464769 ], [ -46.684148, -23.465254 ], [ -46.684181, -23.465483 ], [ -46.684313, -23.465693 ], [ -46.684524, -23.465892 ], [ -46.683282, -23.467708 ], [ -46.684235, -23.468199 ], [ -46.684966, -23.464769 ], [ -46.684981, -23.463482 ], [ -46.684875, -23.463057 ], [ -46.684103, -23.464252 ] ] ] } },
{ "type": "Feature", "properties": { "CD_SETOR": "355030811000006", "faces": 4, "pavimentada": 100.0, "bueiro": 25.0, "iluminacao": 100.0, "onibus": 25.0, "ciclovia": 0.0, "calcada": 100.0, "obstaculo": 100.0, "rampa": 0.0, "rampa_faces": 0.0, "sem_calcada": 0.0, "sem_arvore": 75.0, "muitas_arvores": 0.0, "vao": 100.0, "V05400": 4, "V05421": 4, "V05406": 4, "V05412": 4, "V05422": 0, "V05424": 4, "V05427": 0, "V05409": 1, "V05415": 1, "V05418": 0, "V05430": 3, "V05433": 0, "criancas_0a4": 35, "em_favela": false }, "geometry": { "type": "Polygon", "coordinates": [ [ [ -46.68344, -23.464973 ], [ -46.683263, -23.465237 ], [ -46.683561, -23.465365 ], [ -46.683707, -23.465804 ], [ -46.683712, -23.466017 ], [ -46.682861, -23.467341 ], [ -46.683282, -23.467708 ], [ -46.684524, -23.465892 ], [ -46.684273, -23.465642 ], [ -46.684161, -23.465395 ], [ -46.684175, -23.465131 ], [ -46.684353, -23.4647 ], [ -46.684349, -23.464472 ], [ -46.684291, -23.464379 ], [ -46.684103, -23.464252 ], [ -46.68344, -23.464973 ] ] ] } },
{ "type": "Feature", "properties": { "CD_SETOR": "355030811000009", "faces": 6, "pavimentada": 100.0, "bueiro": 83.33, "iluminacao": 100.0, "onibus": 33.33, "ciclovia": 0.0, "calcada": 83.33, "obstaculo": 100.0, "rampa": 0.0, "rampa_faces": 0.0, "sem_calcada": 16.67, "sem_arvore": 100.0, "muitas_arvores": 0.0, "vao": 100.0, "V05400": 6, "V05421": 5, "V05406": 6, "V05412": 6, "V05422": 1, "V05424": 5, "V05427": 0, "V05409": 5, "V05415": 2, "V05418": 0, "V05430": 6, "V05433": 0, "criancas_0a4": 47, "em_favela": false }, "geometry": { "type": "Polygon", "coordinates": [ [ [ -46.687267, -23.464473 ], [ -46.687342, -23.464509 ], [ -46.687303, -23.464617 ], [ -46.687363, -23.464798 ], [ -46.687636, -23.465086 ], [ -46.687663, -23.465259 ], [ -46.68754, -23.465462 ], [ -46.687169, -23.465793 ], [ -46.68703, -23.466002 ], [ -46.686957, -23.4666 ], [ -46.687094, -23.467061 ], [ -46.687144, -23.467503 ], [ -46.68668, -23.467833 ], [ -46.686417, -23.467943 ], [ -46.686211, -23.468176 ], [ -46.686081, -23.468494 ], [ -46.686001, -23.469151 ], [ -46.685849, -23.469409 ], [ -46.685918, -23.469449 ], [ -46.686164, -23.469165 ], [ -46.686379, -23.468592 ], [ -46.686653, -23.468299 ], [ -46.688477, -23.467273 ], [ -46.689259, -23.467008 ], [ -46.688996, -23.466442 ], [ -46.687762, -23.466951 ], [ -46.687571, -23.466965 ], [ -46.687395, -23.466843 ], [ -46.687302, -23.466438 ], [ -46.687299, -23.466129 ], [ -46.687962, -23.465611 ], [ -46.688051, -23.465459 ], [ -46.688058, -23.46533 ], [ -46.688013, -23.465161 ], [ -46.687602, -23.464452 ], [ -46.687511, -23.464371 ], [ -46.687267, -23.464473 ] ] ] } },
{ "type": "Feature", "properties": { "CD_SETOR": "355030811000011", "faces": 12, "pavimentada": 100.0, "bueiro": 16.67, "iluminacao": 100.0, "onibus": 0.0, "ciclovia": 0.0, "calcada": 83.33, "obstaculo": 100.0, "rampa": 0.0, "rampa_faces": 0.0, "sem_calcada": 16.67, "sem_arvore": 41.67, "muitas_arvores": 8.33, "vao": 100.0, "V05400": 12, "V05421": 10, "V05406": 12, "V05412": 12, "V05422": 2, "V05424": 10, "V05427": 0, "V05409": 2, "V05415": 0, "V05418": 0, "V05430": 5, "V05433": 1, "criancas_0a4": 44, "em_favela": false }, "geometry": { "type": "Polygon", "coordinates": [ [ [ -46.689492, -23.464182 ], [ -46.688723, -23.464821 ], [ -46.688453, -23.464111 ], [ -46.688183, -23.464218 ], [ -46.688056, -23.464366 ], [ -46.68767, -23.464561 ], [ -46.688041, -23.465225 ], [ -46.688051, -23.465459 ], [ -46.687899, -23.465671 ], [ -46.687445, -23.465986 ], [ -46.687546, -23.466086 ], [ -46.688419, -23.465676 ], [ -46.689498, -23.464777 ], [ -46.689807, -23.464926 ], [ -46.690013, -23.464529 ], [ -46.690135, -23.464422 ], [ -46.689826, -23.464268 ], [ -46.689511, -23.464021 ], [ -46.689492, -23.464182 ] ] ] } },
{ "type": "Feature", "properties": { "CD_SETOR": "355030811000013", "faces": 3, "pavimentada": 100.0, "bueiro": 0.0, "iluminacao": 100.0, "onibus": 0.0, "ciclovia": 0.0, "calcada": 66.67, "obstaculo": 100.0, "rampa": 0.0, "rampa_faces": 0.0, "sem_calcada": 33.33, "sem_arvore": 100.0, "muitas_arvores": 0.0, "vao": 100.0, "V05400": 3, "V05421": 2, "V05406": 3, "V05412": 3, "V05422": 1, "V05424": 2, "V05427": 0, "V05409": 0, "V05415": 0, "V05418": 0, "V05430": 3, "V05433": 0, "criancas_0a4": 21, "em_favela": false }, "geometry": { "type": "Polygon", "coordinates": [ [ [ -46.686894, -23.460916 ], [ -46.68632, -23.462122 ], [ -46.686203, -23.462657 ], [ -46.686111, -23.462807 ], [ -46.686377, -23.462929 ], [ -46.68725, -23.461522 ], [ -46.68717, -23.461248 ], [ -46.686894, -23.460916 ] ] ] } },
{ "type": "Feature", "properties": { "CD_SETOR": "355030811000016", "faces": 13, "pavimentada": 92.31, "bueiro": 61.54, "iluminacao": 92.31, "onibus": 38.46, "ciclovia": 15.38, "calcada": 76.92, "obstaculo": 100.0, "rampa": 0.0, "rampa_faces": 0.0, "sem_calcada": 23.08, "sem_arvore": 46.15, "muitas_arvores": 7.69, "vao": 92.31, "V05400": 13, "V05421": 10, "V05406": 12, "V05412": 12, "V05422": 3, "V05424": 10, "V05427": 0, "V05409": 8, "V05415": 5, "V05418": 2, "V05430": 6, "V05433": 1, "criancas_0a4": 29, "em_favela": true }, "geometry": { "type": "Polygon", "coordinates": [ [ [ -46.685949, -23.45941 ], [ -46.684714, -23.45998 ], [ -46.684534, -23.460113 ], [ -46.684372, -23.460371 ], [ -46.684091, -23.461415 ], [ -46.684458, -23.46122 ], [ -46.685017, -23.460687 ], [ -46.68534, -23.4605 ], [ -46.685529, -23.460467 ], [ -46.685865, -23.460523 ], [ -46.686185, -23.460417 ], [ -46.686509, -23.460421 ], [ -46.686254, -23.460029 ], [ -46.685949, -23.45941 ] ] ] } },
{ "type": "Feature", "properties": { "CD_SETOR": "355030811000017", "faces": 8, "pavimentada": 87.5, "bueiro": 37.5, "iluminacao": 100.0, "onibus": 37.5, "ciclovia": 0.0, "calcada": 62.5, "obstaculo": 100.0, "rampa": 0.0, "rampa_faces": 0.0, "sem_calcada": 37.5, "sem_arvore": 50.0, "muitas_arvores": 12.5, "vao": 87.5, "V05400": 8, "V05421": 5, "V05406": 7, "V05412": 8, "V05422": 3, "V05424": 5, "V05427": 0, "V05409": 3, "V05415": 3, "V05418": 0, "V05430": 4, "V05433": 1, "criancas_0a4": 38, "em_favela": false }, "geometry": { "type": "Polygon", "coordinates": [ [ [ -46.684733, -23.462739 ], [ -46.684036, -23.463126 ], [ -46.683429, -23.463806 ], [ -46.683248, -23.463938 ], [ -46.683056, -23.463992 ], [ -46.683007, -23.46475 ], [ -46.68308, -23.465049 ], [ -46.68344, -23.464973 ], [ -46.684103, -23.464252 ], [ -46.685203, -23.462519 ], [ -46.685028, -23.462528 ], [ -46.684733, -23.462739 ] ] ] } },
{ "type": "Feature", "properties": { "CD_SETOR": "355030811000018", "faces": 18, "pavimentada": 100.0, "bueiro": 72.22, "iluminacao": 100.0, "onibus": 22.22, "ciclovia": 0.0, "calcada": 77.78, "obstaculo": 100.0, "rampa": 0.0, "rampa_faces": 0.0, "sem_calcada": 22.22, "sem_arvore": 66.67, "muitas_arvores": 0.0, "vao": 100.0, "V05400": 18, "V05421": 14, "V05406": 18, "V05412": 18, "V05422": 4, "V05424": 14, "V05427": 0, "V05409": 13, "V05415": 4, "V05418": 0, "V05430": 12, "V05433": 0, "criancas_0a4": 37, "em_favela": false }, "geometry": { "type": "Polygon", "coordinates": [ [ [ -46.682016, -23.464538 ], [ -46.681917, -23.465293 ], [ -46.681758, -23.466404 ], [ -46.682803, -23.466037 ], [ -46.683138, -23.465678 ], [ -46.683263, -23.465237 ], [ -46.68344, -23.464973 ], [ -46.68308, -23.465049 ], [ -46.683007, -23.46475 ], [ -46.683056, -23.463992 ], [ -46.682608, -23.463939 ], [ -46.681973, -23.463766 ], [ -46.681866, -23.464033 ], [ -46.681966, -23.46425 ], [ -46.682016, -23.464538 ] ] ] } },
{ "type": "Feature", "properties": { "CD_SETOR": "355030811000019", "faces": 3, "pavimentada": 100.0, "bueiro": 100.0, "iluminacao": 100.0, "onibus": 66.67, "ciclovia": 0.0, "calcada": 100.0, "obstaculo": 100.0, "rampa": 0.0, "rampa_faces": 0.0, "sem_calcada": 0.0, "sem_arvore": 33.33, "muitas_arvores": 33.33, "vao": 100.0, "V05400": 3, "V05421": 3, "V05406": 3, "V05412": 3, "V05422": 0, "V05424": 3, "V05427": 0, "V05409": 3, "V05415": 2, "V05418": 0, "V05430": 1, "V05433": 1, "criancas_0a4": 29, "em_favela": false }, "geometry": { "type": "Polygon", "coordinates": [ [ [ -46.681758, -23.466404 ], [ -46.6813, -23.466782 ], [ -46.680919, -23.467504 ], [ -46.681626, -23.467803 ], [ -46.681782, -23.467764 ], [ -46.682091, -23.46742 ], [ -46.683047, -23.465981 ], [ -46.683138, -23.465678 ], [ -46.68291, -23.46594 ], [ -46.682691, -23.466096 ], [ -46.681758, -23.466404 ] ] ] } },
{ "type": "Feature", "properties": { "CD_SETOR": "355030811000020", "faces": 20, "pavimentada": 85.0, "bueiro": 25.0, "iluminacao": 55.0, "onibus": 5.0, "ciclovia": 0.0, "calcada": 50.0, "obstaculo": 100.0, "rampa": 0.0, "rampa_faces": 0.0, "sem_calcada": 35.0, "sem_arvore": 80.0, "muitas_arvores": 5.0, "vao": 85.0, "V05400": 20, "V05421": 10, "V05406": 17, "V05412": 11, "V05422": 7, "V05424": 10, "V05427": 0, "V05409": 5, "V05415": 1, "V05418": 0, "V05430": 16, "V05433": 1, "criancas_0a4": 46, "em_favela": true }, "geometry": { "type": "Polygon", "coordinates": [ [ [ -46.680738, -23.468609 ], [ -46.681214, -23.46913 ], [ -46.681329, -23.469645 ], [ -46.681693, -23.470532 ], [ -46.682115, -23.470289 ], [ -46.682021, -23.470075 ], [ -46.681962, -23.469229 ], [ -46.681834, -23.468873 ], [ -46.682266, -23.468219 ], [ -46.681627, -23.468493 ], [ -46.681408, -23.468477 ], [ -46.681289, -23.468311 ], [ -46.681283, -23.468227 ], [ -46.681493, -23.467757 ], [ -46.680919, -23.467504 ], [ -46.6807, -23.468099 ], [ -46.680738, -23.468609 ] ] ] } },
{ "type": "Feature", "properties": { "CD_SETOR": "355030811000023", "faces": 6, "pavimentada": 100.0, "bueiro": 0.0, "iluminacao": 83.33, "onibus": 16.67, "ciclovia": 0.0, "calcada": 83.33, "obstaculo": 0.0, "rampa": 0.0, "rampa_faces": 0.0, "sem_calcada": 16.67, "sem_arvore": 66.67, "muitas_arvores": 0.0, "vao": 100.0, "V05400": 6, "V05421": 5, "V05406": 6, "V05412": 5, "V05422": 1, "V05424": 0, "V05427": 0, "V05409": 0, "V05415": 1, "V05418": 0, "V05430": 4, "V05433": 0, "criancas_0a4": 29, "em_favela": false }, "geometry": { "type": "Polygon", "coordinates": [ [ [ -46.689704, -23.462028 ], [ -46.689187, -23.462309 ], [ -46.688986, -23.462492 ], [ -46.688879, -23.462739 ], [ -46.688996, -23.462998 ], [ -46.690427, -23.463043 ], [ -46.692078, -23.462846 ], [ -46.692088, -23.46237 ], [ -46.692184, -23.462014 ], [ -46.691994, -23.461935 ], [ -46.69188, -23.462052 ], [ -46.691761, -23.46209 ], [ -46.690639, -23.46206 ], [ -46.689974, -23.462429 ], [ -46.689704, -23.462028 ] ] ] } },
{ "type": "Feature", "properties": { "CD_SETOR": "355030811000024", "faces": 13, "pavimentada": 100.0, "bueiro": 23.08, "iluminacao": 100.0, "onibus": 23.08, "ciclovia": 0.0, "calcada": 76.92, "obstaculo": 100.0, "rampa": 0.0, "rampa_faces": 0.0, "sem_calcada": 23.08, "sem_arvore": 46.15, "muitas_arvores": 23.08, "vao": 100.0, "V05400": 13, "V05421": 10, "V05406": 13, "V05412": 13, "V05422": 3, "V05424": 10, "V05427": 0, "V05409": 3, "V05415": 3, "V05418": 0, "V05430": 6, "V05433": 3, "criancas_0a4": 26, "em_favela": false }, "geometry": { "type": "Polygon", "coordinates": [ [ [ -46.687218, -23.461572 ], [ -46.687775, -23.461865 ], [ -46.687752, -23.462325 ], [ -46.687808, -23.462407 ], [ -46.688411, -23.462437 ], [ -46.688447, -23.462638 ], [ -46.688885, -23.462704 ], [ -46.688954, -23.46254 ], [ -46.689109, -23.462362 ], [ -46.690377, -23.461652 ], [ -46.690403, -23.461563 ], [ -46.688217, -23.46148 ], [ -46.687012, -23.461052 ], [ -46.687211, -23.46132 ], [ -46.687252, -23.461508 ], [ -46.687218, -23.461572 ] ] ] } },
{ "type": "Feature", "properties": { "CD_SETOR": "355030811000025", "faces": 4, "pavimentada": 100.0, "bueiro": 50.0, "iluminacao": 100.0, "onibus": 25.0, "ciclovia": 0.0, "calcada": 75.0, "obstaculo": 100.0, "rampa": 0.0, "rampa_faces": 0.0, "sem_calcada": 25.0, "sem_arvore": 50.0, "muitas_arvores": 25.0, "vao": 100.0, "V05400": 4, "V05421": 3, "V05406": 4, "V05412": 4, "V05422": 1, "V05424": 3, "V05427": 0, "V05409": 2, "V05415": 1, "V05418": 0, "V05430": 2, "V05433": 1, "criancas_0a4": 33, "em_favela": false }, "geometry": { "type": "Polygon", "coordinates": [ [ [ -46.68777, -23.460787 ], [ -46.688061, -23.460952 ], [ -46.68834, -23.461012 ], [ -46.690072, -23.461075 ], [ -46.69032, -23.461038 ], [ -46.691276, -23.459679 ], [ -46.690847, -23.459439 ], [ -46.690194, -23.460354 ], [ -46.690058, -23.460455 ], [ -46.68777, -23.460787 ] ] ] } },
{ "type": "Feature", "properties": { "CD_SETOR": "355030811000028", "faces": 3, "pavimentada": 100.0, "bueiro": 66.67, "iluminacao": 100.0, "onibus": 0.0, "ciclovia": 0.0, "calcada": 100.0, "obstaculo": 100.0, "rampa": 0.0, "rampa_faces": 0.0, "sem_calcada": 0.0, "sem_arvore": 100.0, "muitas_arvores": 0.0, "vao": 100.0, "V05400": 3, "V05421": 3, "V05406": 3, "V05412": 3, "V05422": 0, "V05424": 3, "V05427": 0, "V05409": 2, "V05415": 0, "V05418": 0, "V05430": 3, "V05433": 0, "criancas_0a4": 10, "em_favela": true }, "geometry": { "type": "Polygon", "coordinates": [ [ [ -46.68259, -23.456294 ], [ -46.682924, -23.456497 ], [ -46.683155, -23.456811 ], [ -46.683545, -23.45656 ], [ -46.682762, -23.455968 ], [ -46.68259, -23.456294 ] ] ] } },
{ "type": "Feature", "properties": { "CD_SETOR": "355030811000030", "faces": 13, "pavimentada": 100.0, "bueiro": 76.92, "iluminacao": 100.0, "onibus": 30.77, "ciclovia": 0.0, "calcada": 69.23, "obstaculo": 100.0, "rampa": 11.11, "rampa_faces": 7.69, "sem_calcada": 30.77, "sem_arvore": 69.23, "muitas_arvores": 7.69, "vao": 92.31, "V05400": 13, "V05421": 9, "V05406": 13, "V05412": 13, "V05422": 4, "V05424": 9, "V05427": 1, "V05409": 10, "V05415": 4, "V05418": 0, "V05430": 9, "V05433": 1, "criancas_0a4": 52, "em_favela": false }, "geometry": { "type": "Polygon", "coordinates": [ [ [ -46.683609, -23.460797 ], [ -46.682771, -23.461365 ], [ -46.682723, -23.461635 ], [ -46.682586, -23.461799 ], [ -46.681497, -23.462432 ], [ -46.681407, -23.462565 ], [ -46.681335, -23.463002 ], [ -46.681388, -23.463319 ], [ -46.681261, -23.463411 ], [ -46.681179, -23.46357 ], [ -46.683173, -23.462813 ], [ -46.683635, -23.462471 ], [ -46.683951, -23.461924 ], [ -46.684091, -23.461415 ], [ -46.683987, -23.461504 ], [ -46.683845, -23.461461 ], [ -46.683832, -23.461222 ], [ -46.683609, -23.460797 ] ] ] } },
{ "type": "Feature", "properties": { "CD_SETOR": "355030811000032", "faces": 10, "pavimentada": 100.0, "bueiro": 70.0, "iluminacao": 100.0, "onibus": 10.0, "ciclovia": 0.0, "calcada": 80.0, "obstaculo": 100.0, "rampa": 0.0, "rampa_faces": 0.0, "sem_calcada": 20.0, "sem_arvore": 40.0, "muitas_arvores": 20.0, "vao": 100.0, "V05400": 10, "V05421": 8, "V05406": 10, "V05412": 10, "V05422": 2, "V05424": 8, "V05427": 0, "V05409": 7, "V05415": 1, "V05418": 0, "V05430": 4, "V05433": 2, "criancas_0a4": 17, "em_favela": false }, "geometry": { "type": "Polygon", "coordinates": [ [ [ -46.680884, -23.465078 ], [ -46.680476, -23.466509 ], [ -46.680579, -23.466505 ], [ -46.681252, -23.466851 ], [ -46.681758, -23.466404 ], [ -46.682016, -23.464538 ], [ -46.680952, -23.464986 ], [ -46.680884, -23.465078 ] ] ] } },
{ "type": "Feature", "properties": { "CD_SETOR": "355030811000033", "faces": 15, "pavimentada": 100.0, "bueiro": 20.0, "iluminacao": 100.0, "onibus": 13.33, "ciclovia": 13.33, "calcada": 80.0, "obstaculo": 91.67, "rampa": 0.0, "rampa_faces": 0.0, "sem_calcada": 20.0, "sem_arvore": 53.33, "muitas_arvores": 13.33, "vao": 100.0, "V05400": 15, "V05421": 12, "V05406": 15, "V05412": 15, "V05422": 3, "V05424": 11, "V05427": 0, "V05409": 3, "V05415": 2, "V05418": 2, "V05430": 8, "V05433": 2, "criancas_0a4": 31, "em_favela": false }, "geometry": { "type": "Polygon", "coordinates": [ [ [ -46.678965, -23.467043 ], [ -46.678952, -23.467188 ], [ -46.678362, -23.468378 ], [ -46.678333, -23.468549 ], [ -46.678444, -23.46898 ], [ -46.679791, -23.467927 ], [ -46.680064, -23.467861 ], [ -46.680233, -23.467302 ], [ -46.679952, -23.467228 ], [ -46.679618, -23.466848 ], [ -46.680045, -23.466546 ], [ -46.680476, -23.466509 ], [ -46.680735, -23.465563 ], [ -46.680515, -23.46551 ], [ -46.68037, -23.465737 ], [ -46.679492, -23.466388 ], [ -46.679203, -23.466404 ], [ -46.679178, -23.466835 ], [ -46.679145, -23.466916 ], [ -46.678965, -23.467043 ] ] ] } },
{ "type": "Feature", "properties": { "CD_SETOR": "355030811000034", "faces": 20, "pavimentada": 100.0, "bueiro": 45.0, "iluminacao": 100.0, "onibus": 25.0, "ciclovia": 10.0, "calcada": 90.0, "obstaculo": 94.44, "rampa": 11.11, "rampa_faces": 10.0, "sem_calcada": 10.0, "sem_arvore": 50.0, "muitas_arvores": 30.0, "vao": 90.0, "V05400": 20, "V05421": 18, "V05406": 20, "V05412": 20, "V05422": 2, "V05424": 17, "V05427": 2, "V05409": 9, "V05415": 5, "V05418": 2, "V05430": 10, "V05433": 6, "criancas_0a4": 34, "em_favela": false }, "geometry": { "type": "Polygon", "coordinates": [ [ [ -46.680476, -23.466509 ], [ -46.680406, -23.467021 ], [ -46.680246, -23.467268 ], [ -46.680064, -23.467861 ], [ -46.679791, -23.467927 ], [ -46.678444, -23.46898 ], [ -46.678654, -23.46942 ], [ -46.67907, -23.469907 ], [ -46.680738, -23.468609 ], [ -46.680716, -23.468036 ], [ -46.680848, -23.467651 ], [ -46.681252, -23.466851 ], [ -46.680579, -23.466505 ], [ -46.680476, -23.466509 ] ] ] } },
{ "type": "Feature", "properties": { "CD_SETOR": "355030811000035", "faces": 29, "pavimentada": 100.0, "bueiro": 6.9, "iluminacao": 37.93, "onibus": 3.45, "ciclovia": 3.45, "calcada": 13.79, "obstaculo": 100.0, "rampa": 0.0, "rampa_faces": 0.0, "sem_calcada": 86.21, "sem_arvore": 100.0, "muitas_arvores": 0.0, "vao": 100.0, "V05400": 29, "V05421": 4, "V05406": 29, "V05412": 11, "V05422": 25, "V05424": 4, "V05427": 0, "V05409": 2, "V05415": 1, "V05418": 1, "V05430": 29, "V05433": 0, "criancas_0a4": 100, "em_favela": true }, "geometry": { "type": "Polygon", "coordinates": [ [ [ -46.68044, -23.468832 ], [ -46.680689, -23.469066 ], [ -46.680175, -23.469457 ], [ -46.681034, -23.470879 ], [ -46.681045, -23.47094 ], [ -46.680921, -23.471097 ], [ -46.681933, -23.471532 ], [ -46.681979, -23.471497 ], [ -46.682084, -23.471044 ], [ -46.681841, -23.470784 ], [ -46.681653, -23.470447 ], [ -46.681329, -23.469645 ], [ -46.681182, -23.46907 ], [ -46.680738, -23.468609 ], [ -46.68044, -23.468832 ] ] ] } },
{ "type": "Feature", "properties": { "CD_SETOR": "355030811000036", "faces": 13, "pavimentada": 100.0, "bueiro": 69.23, "iluminacao": 100.0, "onibus": 30.77, "ciclovia": 7.69, "calcada": 100.0, "obstaculo": 61.54, "rampa": 0.0, "rampa_faces": 0.0, "sem_calcada": 0.0, "sem_arvore": 53.85, "muitas_arvores": 7.69, "vao": 100.0, "V05400": 13, "V05421": 13, "V05406": 13, "V05412": 13, "V05422": 0, "V05424": 8, "V05427": 0, "V05409": 9, "V05415": 4, "V05418": 1, "V05430": 7, "V05433": 1, "criancas_0a4": 30, "em_favela": false }, "geometry": { "type": "Polygon", "coordinates": [ [ [ -46.67907, -23.469907 ], [ -46.677483, -23.471156 ], [ -46.67753, -23.471292 ], [ -46.677831, -23.471628 ], [ -46.678176, -23.471671 ], [ -46.680267, -23.472211 ], [ -46.680799, -23.471043 ], [ -46.679899, -23.470648 ], [ -46.67907, -23.469907 ] ] ] } },
{ "type": "Feature", "properties": { "CD_SETOR": "355030811000037", "faces": 2, "pavimentada": 100.0, "bueiro": 0.0, "iluminacao": 100.0, "onibus": 0.0, "ciclovia": 0.0, "calcada": 100.0, "obstaculo": 100.0, "rampa": 0.0, "rampa_faces": 0.0, "sem_calcada": 0.0, "sem_arvore": 0.0, "muitas_arvores": 0.0, "vao": 100.0, "V05400": 2, "V05421": 2, "V05406": 2, "V05412": 2, "V05422": 0, "V05424": 2, "V05427": 0, "V05409": 0, "V05415": 0, "V05418": 0, "V05430": 0, "V05433": 0, "criancas_0a4": 5, "em_favela": false }, "geometry": { "type": "Polygon", "coordinates": [ [ [ -46.687417, -23.471307 ], [ -46.68747, -23.471369 ], [ -46.687484, -23.471643 ], [ -46.687359, -23.472005 ], [ -46.688469, -23.472353 ], [ -46.688496, -23.472294 ], [ -46.687757, -23.471797 ], [ -46.687668, -23.471687 ], [ -46.689039, -23.471711 ], [ -46.688809, -23.471477 ], [ -46.687631, -23.47126 ], [ -46.687491, -23.471254 ], [ -46.687417, -23.471307 ] ] ] } },
{ "type": "Feature", "properties": { "CD_SETOR": "355030811000038", "faces": 1, "pavimentada": 100.0, "bueiro": 100.0, "iluminacao": 100.0, "onibus": 0.0, "ciclovia": 0.0, "calcada": 100.0, "obstaculo": 100.0, "rampa": 0.0, "rampa_faces": 0.0, "sem_calcada": 0.0, "sem_arvore": 100.0, "muitas_arvores": 0.0, "vao": 100.0, "V05400": 1, "V05421": 1, "V05406": 1, "V05412": 1, "V05422": 0, "V05424": 1, "V05427": 0, "V05409": 1, "V05415": 0, "V05418": 0, "V05430": 1, "V05433": 0, "criancas_0a4": 34, "em_favela": false }, "geometry": { "type": "Polygon", "coordinates": [ [ [ -46.686646, -23.47226 ], [ -46.686158, -23.472702 ], [ -46.685775, -23.47348 ], [ -46.685982, -23.47347 ], [ -46.68664, -23.473599 ], [ -46.687329, -23.473545 ], [ -46.687297, -23.473437 ], [ -46.686936, -23.473104 ], [ -46.686966, -23.472424 ], [ -46.686646, -23.47226 ] ] ] } },
{ "type": "Feature", "properties": { "CD_SETOR": "355030811000040", "faces": 1, "pavimentada": 100.0, "bueiro": 100.0, "iluminacao": 100.0, "onibus": 0.0, "ciclovia": 0.0, "calcada": 100.0, "obstaculo": 100.0, "rampa": 0.0, "rampa_faces": 0.0, "sem_calcada": 0.0, "sem_arvore": 100.0, "muitas_arvores": 0.0, "vao": 100.0, "V05400": 1, "V05421": 1, "V05406": 1, "V05412": 1, "V05422": 0, "V05424": 1, "V05427": 0, "V05409": 1, "V05415": 0, "V05418": 0, "V05430": 1, "V05433": 0, "criancas_0a4": 17, "em_favela": false }, "geometry": { "type": "Polygon", "coordinates": [ [ [ -46.685853, -23.472563 ], [ -46.685582, -23.472326 ], [ -46.685473, -23.472158 ], [ -46.685076, -23.472544 ], [ -46.684712, -23.472397 ], [ -46.684208, -23.473499 ], [ -46.684221, -23.473587 ], [ -46.684469, -23.473628 ], [ -46.685775, -23.47348 ], [ -46.686158, -23.472702 ], [ -46.685962, -23.472529 ], [ -46.685853, -23.472563 ] ] ] } },
{ "type": "Feature", "properties": { "CD_SETOR": "355030811000041", "faces": 1, "pavimentada": 100.0, "bueiro": 100.0, "iluminacao": 100.0, "onibus": 0.0, "ciclovia": 0.0, "calcada": 100.0, "obstaculo": 100.0, "rampa": 0.0, "rampa_faces": 0.0, "sem_calcada": 0.0, "sem_arvore": 100.0, "muitas_arvores": 0.0, "vao": 100.0, "V05400": 1, "V05421": 1, "V05406": 1, "V05412": 1, "V05422": 0, "V05424": 1, "V05427": 0, "V05409": 1, "V05415": 0, "V05418": 0, "V05430": 1, "V05433": 0, "criancas_0a4": 22, "em_favela": false }, "geometry": { "type": "Polygon", "coordinates": [ [ [ -46.686158, -23.472702 ], [ -46.686646, -23.47226 ], [ -46.686375, -23.472297 ], [ -46.686104, -23.472035 ], [ -46.686124, -23.471843 ], [ -46.686014, -23.471719 ], [ -46.685952, -23.47151 ], [ -46.685843, -23.47154 ], [ -46.685113, -23.471434 ], [ -46.684712, -23.472397 ], [ -46.685076, -23.472544 ], [ -46.685473, -23.472158 ], [ -46.685582, -23.472326 ], [ -46.685853, -23.472563 ], [ -46.685962, -23.472529 ], [ -46.686158, -23.472702 ] ] ] } },
{ "type": "Feature", "properties": { "CD_SETOR": "355030811000042", "faces": 1, "pavimentada": 100.0, "bueiro": 0.0, "iluminacao": 100.0, "onibus": 0.0, "ciclovia": 0.0, "calcada": 100.0, "obstaculo": 100.0, "rampa": 0.0, "rampa_faces": 0.0, "sem_calcada": 0.0, "sem_arvore": 100.0, "muitas_arvores": 0.0, "vao": 100.0, "V05400": 1, "V05421": 1, "V05406": 1, "V05412": 1, "V05422": 0, "V05424": 1, "V05427": 0, "V05409": 0, "V05415": 0, "V05418": 0, "V05430": 1, "V05433": 0, "criancas_0a4": 28, "em_favela": false }, "geometry": { "type": "Polygon", "coordinates": [ [ [ -46.686646, -23.47226 ], [ -46.687041, -23.471962 ], [ -46.686449, -23.471387 ], [ -46.685952, -23.47151 ], [ -46.686014, -23.471719 ], [ -46.686124, -23.471843 ], [ -46.686104, -23.472035 ], [ -46.686375, -23.472297 ], [ -46.686646, -23.47226 ] ] ] } },
{ "type": "Feature", "properties": { "CD_SETOR": "355030811000043", "faces": 1, "pavimentada": 100.0, "bueiro": 0.0, "iluminacao": 100.0, "onibus": 0.0, "ciclovia": 0.0, "calcada": 100.0, "obstaculo": 100.0, "rampa": 0.0, "rampa_faces": 0.0, "sem_calcada": 0.0, "sem_arvore": 100.0, "muitas_arvores": 0.0, "vao": 100.0, "V05400": 1, "V05421": 1, "V05406": 1, "V05412": 1, "V05422": 0, "V05424": 1, "V05427": 0, "V05409": 0, "V05415": 0, "V05418": 0, "V05430": 1, "V05433": 0, "criancas_0a4": 24, "em_favela": false }, "geometry": { "type": "Polygon", "coordinates": [ [ [ -46.68736, -23.472528 ], [ -46.687764, -23.472132 ], [ -46.687359, -23.472005 ], [ -46.687484, -23.471643 ], [ -46.68747, -23.471369 ], [ -46.687417, -23.471307 ], [ -46.686726, -23.471254 ], [ -46.686449, -23.471387 ], [ -46.687041, -23.471962 ], [ -46.686646, -23.47226 ], [ -46.687158, -23.472499 ], [ -46.68736, -23.472528 ] ] ] } },
{ "type": "Feature", "properties": { "CD_SETOR": "355030811000044", "faces": 16, "pavimentada": 100.0, "bueiro": 12.5, "iluminacao": 100.0, "onibus": 31.25, "ciclovia": 0.0, "calcada": 87.5, "obstaculo": 100.0, "rampa": 0.0, "rampa_faces": 0.0, "sem_calcada": 12.5, "sem_arvore": 68.75, "muitas_arvores": 12.5, "vao": 100.0, "V05400": 16, "V05421": 14, "V05406": 16, "V05412": 16, "V05422": 2, "V05424": 14, "V05427": 0, "V05409": 2, "V05415": 5, "V05418": 0, "V05430": 11, "V05433": 2, "criancas_0a4": 35, "em_favela": false }, "geometry": { "type": "Polygon", "coordinates": [ [ [ -46.686164, -23.469165 ], [ -46.687806, -23.468668 ], [ -46.688623, -23.468225 ], [ -46.689184, -23.467737 ], [ -46.689503, -23.46756 ], [ -46.689259, -23.467008 ], [ -46.688477, -23.467273 ], [ -46.686762, -23.46822 ], [ -46.686379, -23.468592 ], [ -46.686164, -23.469165 ] ] ] } },
{ "type": "Feature", "properties": { "CD_SETOR": "355030811000045", "faces": 18, "pavimentada": 100.0, "bueiro": 66.67, "iluminacao": 100.0, "onibus": 11.11, "ciclovia": 0.0, "calcada": 94.44, "obstaculo": 70.59, "rampa": 35.29, "rampa_faces": 33.33, "sem_calcada": 5.56, "sem_arvore": 83.33, "muitas_arvores": 0.0, "vao": 66.67, "V05400": 18, "V05421": 17, "V05406": 18, "V05412": 18, "V05422": 1, "V05424": 12, "V05427": 6, "V05409": 12, "V05415": 2, "V05418": 0, "V05430": 15, "V05433": 0, "criancas_0a4": 52, "em_favela": false }, "geometry": { "type": "Polygon", "coordinates": [ [ [ -46.689503, -23.46756 ], [ -46.689184, -23.467737 ], [ -46.688623, -23.468225 ], [ -46.688756, -23.468417 ], [ -46.689378, -23.4684 ], [ -46.689268, -23.468824 ], [ -46.689266, -23.469129 ], [ -46.689337, -23.469168 ], [ -46.68983, -23.469991 ], [ -46.68991, -23.470286 ], [ -46.69145, -23.468738 ], [ -46.691636, -23.468076 ], [ -46.691956, -23.467825 ], [ -46.692031, -23.4677 ], [ -46.691673, -23.467402 ], [ -46.691465, -23.467567 ], [ -46.690758, -23.466997 ], [ -46.690238, -23.467307 ], [ -46.689503, -23.46756 ] ] ] } },
{ "type": "Feature", "properties": { "CD_SETOR": "355030811000046", "faces": 4, "pavimentada": 100.0, "bueiro": 25.0, "iluminacao": 100.0, "onibus": 50.0, "ciclovia": 0.0, "calcada": 100.0, "obstaculo": 100.0, "rampa": 0.0, "rampa_faces": 0.0, "sem_calcada": 0.0, "sem_arvore": 75.0, "muitas_arvores": 25.0, "vao": 100.0, "V05400": 4, "V05421": 4, "V05406": 4, "V05412": 4, "V05422": 0, "V05424": 4, "V05427": 0, "V05409": 1, "V05415": 2, "V05418": 0, "V05430": 3, "V05433": 1, "criancas_0a4": 33, "em_favela": false }, "geometry": { "type": "Polygon", "coordinates": [ [ [ -46.691618, -23.466444 ], [ -46.691031, -23.466742 ], [ -46.690758, -23.466997 ], [ -46.691465, -23.467567 ], [ -46.691673, -23.467402 ], [ -46.692064, -23.466897 ], [ -46.693108, -23.466128 ], [ -46.694037, -23.465367 ], [ -46.694118, -23.465145 ], [ -46.694073, -23.464591 ], [ -46.693142, -23.464461 ], [ -46.692978, -23.465039 ], [ -46.692775, -23.465471 ], [ -46.691618, -23.466444 ] ] ] } },
{ "type": "Feature", "properties": { "CD_SETOR": "355030811000049", "faces": 4, "pavimentada": 100.0, "bueiro": 50.0, "iluminacao": 100.0, "onibus": 25.0, "ciclovia": 0.0, "calcada": 100.0, "obstaculo": 100.0, "rampa": 0.0, "rampa_faces": 0.0, "sem_calcada": 0.0, "sem_arvore": 50.0, "muitas_arvores": 0.0, "vao": 100.0, "V05400": 4, "V05421": 4, "V05406": 4, "V05412": 4, "V05422": 0, "V05424": 4, "V05427": 0, "V05409": 2, "V05415": 1, "V05418": 0, "V05430": 2, "V05433": 0, "criancas_0a4": 19, "em_favela": false }, "geometry": { "type": "Polygon", "coordinates": [ [ [ -46.694631, -23.461844 ], [ -46.694707, -23.462423 ], [ -46.696247, -23.462281 ], [ -46.69635, -23.461652 ], [ -46.694631, -23.461844 ] ] ] } },
{ "type": "Feature", "properties": { "CD_SETOR": "355030811000050", "faces": 6, "pavimentada": 100.0, "bueiro": 0.0, "iluminacao": 100.0, "onibus": 0.0, "ciclovia": 0.0, "calcada": 100.0, "obstaculo": 0.0, "rampa": 0.0, "rampa_faces": 0.0, "sem_calcada": 0.0, "sem_arvore": 66.67, "muitas_arvores": 0.0, "vao": 100.0, "V05400": 6, "V05421": 6, "V05406": 6, "V05412": 6, "V05422": 0, "V05424": 0, "V05427": 0, "V05409": 0, "V05415": 0, "V05418": 0, "V05430": 4, "V05433": 0, "criancas_0a4": 20, "em_favela": false }, "geometry": { "type": "Polygon", "coordinates": [ [ [ -46.693017, -23.46177 ], [ -46.693425, -23.462183 ], [ -46.693892, -23.461925 ], [ -46.694015, -23.462533 ], [ -46.694707, -23.462423 ], [ -46.694627, -23.4619 ], [ -46.694646, -23.46178 ], [ -46.695037, -23.461287 ], [ -46.693765, -23.461443 ], [ -46.693216, -23.461643 ], [ -46.693017, -23.46177 ] ] ] } },
{ "type": "Feature", "properties": { "CD_SETOR": "355030811000051", "faces": 9, "pavimentada": 100.0, "bueiro": 11.11, "iluminacao": 100.0, "onibus": 22.22, "ciclovia": 0.0, "calcada": 77.78, "obstaculo": 100.0, "rampa": 0.0, "rampa_faces": 0.0, "sem_calcada": 22.22, "sem_arvore": 55.56, "muitas_arvores": 0.0, "vao": 100.0, "V05400": 9, "V05421": 7, "V05406": 9, "V05412": 9, "V05422": 2, "V05424": 7, "V05427": 0, "V05409": 1, "V05415": 2, "V05418": 0, "V05430": 5, "V05433": 0, "criancas_0a4": 35, "em_favela": false }, "geometry": { "type": "Polygon", "coordinates": [ [ [ -46.692304, -23.459955 ], [ -46.691333, -23.460506 ], [ -46.691256, -23.460594 ], [ -46.691335, -23.461593 ], [ -46.691539, -23.461625 ], [ -46.691829, -23.461778 ], [ -46.691856, -23.461709 ], [ -46.691785, -23.460991 ], [ -46.69182, -23.460803 ], [ -46.692673, -23.46031 ], [ -46.692844, -23.460367 ], [ -46.693419, -23.461034 ], [ -46.693959, -23.4609 ], [ -46.693216, -23.460035 ], [ -46.693064, -23.459922 ], [ -46.69266, -23.459826 ], [ -46.692304, -23.459955 ] ] ] } },
{ "type": "Feature", "properties": { "CD_SETOR": "355030811000052", "faces": 5, "pavimentada": 100.0, "bueiro": 60.0, "iluminacao": 100.0, "onibus": 20.0, "ciclovia": 0.0, "calcada": 80.0, "obstaculo": 100.0, "rampa": 0.0, "rampa_faces": 0.0, "sem_calcada": 20.0, "sem_arvore": 60.0, "muitas_arvores": 0.0, "vao": 100.0, "V05400": 5, "V05421": 4, "V05406": 5, "V05412": 5, "V05422": 1, "V05424": 4, "V05427": 0, "V05409": 3, "V05415": 1, "V05418": 0, "V05430": 3, "V05433": 0, "criancas_0a4": 31, "em_favela": false }, "geometry": { "type": "Polygon", "coordinates": [ [ [ -46.692304, -23.459955 ], [ -46.69266, -23.459826 ], [ -46.693005, -23.45989 ], [ -46.693216, -23.460035 ], [ -46.693959, -23.4609 ], [ -46.694522, -23.460792 ], [ -46.693383, -23.459453 ], [ -46.692667, -23.459381 ], [ -46.692195, -23.459472 ], [ -46.692039, -23.459562 ], [ -46.692304, -23.459955 ] ] ] } },
{ "type": "Feature", "properties": { "CD_SETOR": "355030811000054", "faces": 15, "pavimentada": 93.33, "bueiro": 73.33, "iluminacao": 93.33, "onibus": 6.67, "ciclovia": 0.0, "calcada": 60.0, "obstaculo": 77.78, "rampa": 0.0, "rampa_faces": 0.0, "sem_calcada": 40.0, "sem_arvore": 66.67, "muitas_arvores": 0.0, "vao": 93.33, "V05400": 15, "V05421": 9, "V05406": 14, "V05412": 14, "V05422": 6, "V05424": 7, "V05427": 0, "V05409": 11, "V05415": 1, "V05418": 0, "V05430": 10, "V05433": 0, "criancas_0a4": 42, "em_favela": false }, "geometry": { "type": "Polygon", "coordinates": [ [ [ -46.681893, -23.461762 ], [ -46.682796, -23.461354 ], [ -46.683249, -23.461046 ], [ -46.682598, -23.460732 ], [ -46.682531, -23.460657 ], [ -46.682539, -23.460512 ], [ -46.68273, -23.460221 ], [ -46.682724, -23.459998 ], [ -46.682513, -23.460082 ], [ -46.68223, -23.460104 ], [ -46.68211, -23.460083 ], [ -46.681982, -23.459859 ], [ -46.681775, -23.459997 ], [ -46.681462, -23.459846 ], [ -46.680791, -23.459985 ], [ -46.680527, -23.459997 ], [ -46.680286, -23.459919 ], [ -46.680093, -23.45978 ], [ -46.680063, -23.459867 ], [ -46.680115, -23.460071 ], [ -46.680228, -23.460342 ], [ -46.680351, -23.46049 ], [ -46.680634, -23.460577 ], [ -46.681261, -23.460471 ], [ -46.681893, -23.461762 ] ] ] } },
{ "type": "Feature", "properties": { "CD_SETOR": "355030811000055", "faces": 10, "pavimentada": 100.0, "bueiro": 30.0, "iluminacao": 90.0, "onibus": 0.0, "ciclovia": 0.0, "calcada": 20.0, "obstaculo": 50.0, "rampa": 0.0, "rampa_faces": 0.0, "sem_calcada": 80.0, "sem_arvore": 80.0, "muitas_arvores": 0.0, "vao": 100.0, "V05400": 10, "V05421": 2, "V05406": 10, "V05412": 9, "V05422": 8, "V05424": 1, "V05427": 0, "V05409": 3, "V05415": 0, "V05418": 0, "V05430": 8, "V05433": 0, "criancas_0a4": 15, "em_favela": true }, "geometry": { "type": "Polygon", "coordinates": [ [ [ -46.68147, -23.459344 ], [ -46.681339, -23.45943 ], [ -46.681357, -23.459511 ], [ -46.68145, -23.459601 ], [ -46.681703, -23.459608 ], [ -46.681883, -23.459691 ], [ -46.68211, -23.460083 ], [ -46.682513, -23.460082 ], [ -46.682724, -23.459998 ], [ -46.682615, -23.459762 ], [ -46.682516, -23.459677 ], [ -46.681788, -23.459336 ], [ -46.68147, -23.459344 ] ] ] } },
{ "type": "Feature", "properties": { "CD_SETOR": "355030811000056", "faces": 14, "pavimentada": 100.0, "bueiro": 50.0, "iluminacao": 100.0, "onibus": 35.71, "ciclovia": 0.0, "calcada": 85.71, "obstaculo": 75.0, "rampa": 25.0, "rampa_faces": 21.43, "sem_calcada": 14.29, "sem_arvore": 50.0, "muitas_arvores": 21.43, "vao": 78.57, "V05400": 14, "V05421": 12, "V05406": 14, "V05412": 14, "V05422": 2, "V05424": 9, "V05427": 3, "V05409": 7, "V05415": 5, "V05418": 0, "V05430": 7, "V05433": 3, "criancas_0a4": 37, "em_favela": false }, "geometry": { "type": "Polygon", "coordinates": [ [ [ -46.681164, -23.45747 ], [ -46.679934, -23.457978 ], [ -46.679764, -23.458115 ], [ -46.679287, -23.458703 ], [ -46.679127, -23.458812 ], [ -46.678752, -23.45894 ], [ -46.679175, -23.459037 ], [ -46.679112, -23.45962 ], [ -46.679441, -23.459705 ], [ -46.679106, -23.460843 ], [ -46.679488, -23.460864 ], [ -46.679812, -23.460941 ], [ -46.681385, -23.461768 ], [ -46.681468, -23.461858 ], [ -46.681746, -23.461937 ], [ -46.681875, -23.461827 ], [ -46.681873, -23.461668 ], [ -46.681261, -23.460471 ], [ -46.680767, -23.460569 ], [ -46.680438, -23.460537 ], [ -46.680296, -23.460453 ], [ -46.680228, -23.460342 ], [ -46.680063, -23.459867 ], [ -46.680206, -23.459019 ], [ -46.680355, -23.458812 ], [ -46.680631, -23.45813 ], [ -46.681133, -23.457645 ], [ -46.681164, -23.45747 ] ] ] } },
{ "type": "Feature", "properties": { "CD_SETOR": "355030811000057", "faces": 18, "pavimentada": 100.0, "bueiro": 83.33, "iluminacao": 100.0, "onibus": 55.56, "ciclovia": 0.0, "calcada": 77.78, "obstaculo": 85.71, "rampa": 0.0, "rampa_faces": 0.0, "sem_calcada": 22.22, "sem_arvore": 61.11, "muitas_arvores": 11.11, "vao": 100.0, "V05400": 18, "V05421": 14, "V05406": 18, "V05412": 18, "V05422": 4, "V05424": 12, "V05427": 0, "V05409": 15, "V05415": 10, "V05418": 0, "V05430": 11, "V05433": 2, "criancas_0a4": 48, "em_favela": false }, "geometry": { "type": "Polygon", "coordinates": [ [ [ -46.679089, -23.461058 ], [ -46.679165, -23.461827 ], [ -46.679883, -23.4621 ], [ -46.680617, -23.462605 ], [ -46.680873, -23.462723 ], [ -46.681146, -23.463378 ], [ -46.681179, -23.46357 ], [ -46.681261, -23.463411 ], [ -46.681388, -23.463319 ], [ -46.681335, -23.463002 ], [ -46.681407, -23.462565 ], [ -46.681497, -23.462432 ], [ -46.682586, -23.461799 ], [ -46.682723, -23.461635 ], [ -46.682775, -23.46138 ], [ -46.681893, -23.461762 ], [ -46.681746, -23.461937 ], [ -46.681468, -23.461858 ], [ -46.681385, -23.461768 ], [ -46.679812, -23.460941 ], [ -46.679488, -23.460864 ], [ -46.678905, -23.46084 ], [ -46.679089, -23.461058 ] ] ] } },
{ "type": "Feature", "properties": { "CD_SETOR": "355030811000059", "faces": 9, "pavimentada": 100.0, "bueiro": 77.78, "iluminacao": 88.89, "onibus": 22.22, "ciclovia": 0.0, "calcada": 66.67, "obstaculo": 100.0, "rampa": 16.67, "rampa_faces": 11.11, "sem_calcada": 33.33, "sem_arvore": 66.67, "muitas_arvores": 0.0, "vao": 88.89, "V05400": 9, "V05421": 6, "V05406": 9, "V05412": 8, "V05422": 3, "V05424": 6, "V05427": 1, "V05409": 7, "V05415": 2, "V05418": 0, "V05430": 6, "V05433": 0, "criancas_0a4": 23, "em_favela": false }, "geometry": { "type": "Polygon", "coordinates": [ [ [ -46.67946, -23.465325 ], [ -46.678326, -23.465982 ], [ -46.678814, -23.467139 ], [ -46.679145, -23.466916 ], [ -46.679193, -23.466778 ], [ -46.679203, -23.466404 ], [ -46.679492, -23.466388 ], [ -46.680268, -23.465823 ], [ -46.680468, -23.465628 ], [ -46.680657, -23.465068 ], [ -46.680627, -23.465046 ], [ -46.6795, -23.465801 ], [ -46.679283, -23.465739 ], [ -46.67946, -23.465325 ] ] ] } },
{ "type": "Feature", "properties": { "CD_SETOR": "355030811000060", "faces": 12, "pavimentada": 100.0, "bueiro": 66.67, "iluminacao": 100.0, "onibus": 8.33, "ciclovia": 0.0, "calcada": 100.0, "obstaculo": 91.67, "rampa": 16.67, "rampa_faces": 16.67, "sem_calcada": 0.0, "sem_arvore": 58.33, "muitas_arvores": 0.0, "vao": 83.33, "V05400": 12, "V05421": 12, "V05406": 12, "V05412": 12, "V05422": 0, "V05424": 11, "V05427": 2, "V05409": 8, "V05415": 1, "V05418": 0, "V05430": 7, "V05433": 0, "criancas_0a4": 36, "em_favela": false }, "geometry": { "type": "Polygon", "coordinates": [ [ [ -46.67611, -23.465358 ], [ -46.675037, -23.4656 ], [ -46.675083, -23.465852 ], [ -46.675254, -23.466268 ], [ -46.677424, -23.465904 ], [ -46.678269, -23.467386 ], [ -46.678814, -23.467139 ], [ -46.678164, -23.465569 ], [ -46.678109, -23.465242 ], [ -46.677814, -23.465253 ], [ -46.677027, -23.464968 ], [ -46.67685, -23.465083 ], [ -46.67611, -23.465358 ] ] ] } },
{ "type": "Feature", "properties": { "CD_SETOR": "355030811000061", "faces": 15, "pavimentada": 100.0, "bueiro": 13.33, "iluminacao": 100.0, "onibus": 13.33, "ciclovia": 0.0, "calcada": 100.0, "obstaculo": 73.33, "rampa": 13.33, "rampa_faces": 13.33, "sem_calcada": 0.0, "sem_arvore": 60.0, "muitas_arvores": 13.33, "vao": 86.67, "V05400": 15, "V05421": 15, "V05406": 15, "V05412": 15, "V05422": 0, "V05424": 11, "V05427": 2, "V05409": 2, "V05415": 2, "V05418": 0, "V05430": 9, "V05433": 2, "criancas_0a4": 27, "em_favela": false }, "geometry": { "type": "Polygon", "coordinates": [ [ [ -46.675869, -23.467508 ], [ -46.674277, -23.468009 ], [ -46.674504, -23.468485 ], [ -46.674479, -23.468864 ], [ -46.67662, -23.468795 ], [ -46.677129, -23.468871 ], [ -46.677308, -23.468328 ], [ -46.677616, -23.4679 ], [ -46.677396, -23.467616 ], [ -46.676531, -23.466725 ], [ -46.676415, -23.466705 ], [ -46.676281, -23.466727 ], [ -46.676153, -23.466824 ], [ -46.675869, -23.467508 ] ] ] } },
{ "type": "Feature", "properties": { "CD_SETOR": "355030811000063", "faces": 17, "pavimentada": 100.0, "bueiro": 0.0, "iluminacao": 100.0, "onibus": 5.88, "ciclovia": 0.0, "calcada": 100.0, "obstaculo": 70.59, "rampa": 5.88, "rampa_faces": 5.88, "sem_calcada": 0.0, "sem_arvore": 88.24, "muitas_arvores": 0.0, "vao": 94.12, "V05400": 17, "V05421": 17, "V05406": 17, "V05412": 17, "V05422": 0, "V05424": 12, "V05427": 1, "V05409": 0, "V05415": 1, "V05418": 0, "V05430": 15, "V05433": 0, "criancas_0a4": 21, "em_favela": false }, "geometry": { "type": "Polygon", "coordinates": [ [ [ -46.67868, -23.473675 ], [ -46.680301, -23.47328 ], [ -46.680044, -23.472397 ], [ -46.680487, -23.472268 ], [ -46.678176, -23.471671 ], [ -46.677831, -23.471628 ], [ -46.677973, -23.471778 ], [ -46.677483, -23.472174 ], [ -46.67737, -23.472337 ], [ -46.677444, -23.472974 ], [ -46.678509, -23.473355 ], [ -46.67868, -23.473675 ] ] ] } },
{ "type": "Feature", "properties": { "CD_SETOR": "355030811000064", "faces": 31, "pavimentada": 100.0, "bueiro": 6.45, "iluminacao": 100.0, "onibus": 12.9, "ciclovia": 0.0, "calcada": 93.55, "obstaculo": 55.17, "rampa": 0.0, "rampa_faces": 0.0, "sem_calcada": 6.45, "sem_arvore": 51.61, "muitas_arvores": 3.23, "vao": 100.0, "V05400": 31, "V05421": 29, "V05406": 31, "V05412": 31, "V05422": 2, "V05424": 16, "V05427": 0, "V05409": 2, "V05415": 4, "V05418": 0, "V05430": 16, "V05433": 1, "criancas_0a4": 29, "em_favela": false }, "geometry": { "type": "Polygon", "coordinates": [ [ [ -46.67868, -23.473675 ], [ -46.678824, -23.474006 ], [ -46.678864, -23.474669 ], [ -46.679071, -23.475255 ], [ -46.678574, -23.475438 ], [ -46.678245, -23.475903 ], [ -46.678568, -23.476749 ], [ -46.678268, -23.477225 ], [ -46.679455, -23.476985 ], [ -46.680662, -23.47708 ], [ -46.679782, -23.476766 ], [ -46.679603, -23.476621 ], [ -46.679412, -23.476321 ], [ -46.679296, -23.475805 ], [ -46.679114, -23.475352 ], [ -46.680368, -23.474833 ], [ -46.680348, -23.474237 ], [ -46.680375, -23.473747 ], [ -46.680427, -23.473734 ], [ -46.680301, -23.47328 ], [ -46.67868, -23.473675 ] ] ] } },
{ "type": "Feature", "properties": { "CD_SETOR": "355030811000065", "faces": 17, "pavimentada": 100.0, "bueiro": 70.59, "iluminacao": 100.0, "onibus": 17.65, "ciclovia": 5.88, "calcada": 100.0, "obstaculo": 47.06, "rampa": 11.76, "rampa_faces": 11.76, "sem_calcada": 0.0, "sem_arvore": 58.82, "muitas_arvores": 23.53, "vao": 88.24, "V05400": 17, "V05421": 17, "V05406": 17, "V05412": 17, "V05422": 0, "V05424": 8, "V05427": 2, "V05409": 12, "V05415": 3, "V05418": 1, "V05430": 10, "V05433": 4, "criancas_0a4": 31, "em_favela": false }, "geometry": { "type": "Polygon", "coordinates": [ [ [ -46.683131, -23.472558 ], [ -46.683001, -23.472542 ], [ -46.681964, -23.472865 ], [ -46.680301, -23.47328 ], [ -46.680427, -23.473734 ], [ -46.68108, -23.473585 ], [ -46.68169, -23.47393 ], [ -46.682161, -23.47376 ], [ -46.682101, -23.473584 ], [ -46.68241, -23.473482 ], [ -46.682238, -23.473036 ], [ -46.6824, -23.473022 ], [ -46.682657, -23.473621 ], [ -46.683391, -23.474572 ], [ -46.683096, -23.474722 ], [ -46.683231, -23.475638 ], [ -46.683219, -23.47589 ], [ -46.683587, -23.475958 ], [ -46.683771, -23.47582 ], [ -46.683579, -23.474479 ], [ -46.683923, -23.474308 ], [ -46.68394, -23.473959 ], [ -46.684078, -23.473703 ], [ -46.684284, -23.473615 ], [ -46.684221, -23.473587 ], [ -46.684208, -23.473499 ], [ -46.684777, -23.472233 ], [ -46.684079, -23.472312 ], [ -46.683131, -23.472558 ] ] ] } },
{ "type": "Feature", "properties": { "CD_SETOR": "355030811000066", "faces": 8, "pavimentada": 100.0, "bueiro": 25.0, "iluminacao": 87.5, "onibus": 0.0, "ciclovia": 0.0, "calcada": 50.0, "obstaculo": 100.0, "rampa": 0.0, "rampa_faces": 0.0, "sem_calcada": 50.0, "sem_arvore": 87.5, "muitas_arvores": 0.0, "vao": 100.0, "V05400": 8, "V05421": 4, "V05406": 8, "V05412": 7, "V05422": 4, "V05424": 4, "V05427": 0, "V05409": 2, "V05415": 0, "V05418": 0, "V05430": 7, "V05433": 0, "criancas_0a4": 29, "em_favela": true }, "geometry": { "type": "Polygon", "coordinates": [ [ [ -46.682658, -23.473888 ], [ -46.682076, -23.474134 ], [ -46.682457, -23.474355 ], [ -46.682571, -23.474661 ], [ -46.682651, -23.475019 ], [ -46.682678, -23.475692 ], [ -46.682634, -23.47578 ], [ -46.683219, -23.47589 ], [ -46.683231, -23.475638 ], [ -46.683096, -23.474722 ], [ -46.683242, -23.474647 ], [ -46.683155, -23.474491 ], [ -46.683185, -23.474474 ], [ -46.683106, -23.474338 ], [ -46.683032, -23.474374 ], [ -46.682658, -23.473888 ] ] ] } },
{ "type": "Feature", "properties": { "CD_SETOR": "355030811000067", "faces": 14, "pavimentada": 92.86, "bueiro": 35.71, "iluminacao": 100.0, "onibus": 0.0, "ciclovia": 0.0, "calcada": 64.29, "obstaculo": 55.56, "rampa": 0.0, "rampa_faces": 0.0, "sem_calcada": 35.71, "sem_arvore": 71.43, "muitas_arvores": 7.14, "vao": 92.86, "V05400": 14, "V05421": 9, "V05406": 13, "V05412": 14, "V05422": 5, "V05424": 5, "V05427": 0, "V05409": 5, "V05415": 0, "V05418": 0, "V05430": 10, "V05433": 1, "criancas_0a4": 28, "em_favela": false }, "geometry": { "type": "Polygon", "coordinates": [ [ [ -46.683342, -23.476495 ], [ -46.684054, -23.477682 ], [ -46.68454, -23.478688 ], [ -46.685257, -23.478318 ], [ -46.685317, -23.478249 ], [ -46.685181, -23.477809 ], [ -46.68471, -23.477889 ], [ -46.684259, -23.477068 ], [ -46.684001, -23.477129 ], [ -46.683936, -23.476998 ], [ -46.683972, -23.476976 ], [ -46.683942, -23.476871 ], [ -46.683612, -23.476371 ], [ -46.683342, -23.476495 ] ] ] } },
{ "type": "Feature", "properties": { "CD_SETOR": "355030811000069", "faces": 18, "pavimentada": 100.0, "bueiro": 50.0, "iluminacao": 100.0, "onibus": 0.0, "ciclovia": 0.0, "calcada": 88.89, "obstaculo": 56.25, "rampa": 6.25, "rampa_faces": 5.56, "sem_calcada": 11.11, "sem_arvore": 38.89, "muitas_arvores": 22.22, "vao": 94.44, "V05400": 18, "V05421": 16, "V05406": 18, "V05412": 18, "V05422": 2, "V05424": 9, "V05427": 1, "V05409": 9, "V05415": 0, "V05418": 0, "V05430": 7, "V05433": 4, "criancas_0a4": 7, "em_favela": false }, "geometry": { "type": "Polygon", "coordinates": [ [ [ -46.688496, -23.472294 ], [ -46.688187, -23.472791 ], [ -46.688211, -23.472859 ], [ -46.687972, -23.473116 ], [ -46.687539, -23.473405 ], [ -46.687494, -23.473508 ], [ -46.68664, -23.473599 ], [ -46.685982, -23.47347 ], [ -46.685478, -23.47352 ], [ -46.685695, -23.474936 ], [ -46.686016, -23.474895 ], [ -46.686032, -23.474761 ], [ -46.686268, -23.474682 ], [ -46.686418, -23.474573 ], [ -46.686545, -23.474153 ], [ -46.686759, -23.474003 ], [ -46.687454, -23.474008 ], [ -46.688245, -23.473772 ], [ -46.689086, -23.473806 ], [ -46.688999, -23.472622 ], [ -46.688496, -23.472294 ] ] ] } },
{ "type": "Feature", "properties": { "CD_SETOR": "355030811000070", "faces": 23, "pavimentada": 100.0, "bueiro": 13.04, "iluminacao": 91.3, "onibus": 17.39, "ciclovia": 0.0, "calcada": 73.91, "obstaculo": 41.18, "rampa": 0.0, "rampa_faces": 0.0, "sem_calcada": 26.09, "sem_arvore": 65.22, "muitas_arvores": 13.04, "vao": 100.0, "V05400": 23, "V05421": 17, "V05406": 23, "V05412": 21, "V05422": 6, "V05424": 7, "V05427": 0, "V05409": 3, "V05415": 4, "V05418": 0, "V05430": 15, "V05433": 3, "criancas_0a4": 17, "em_favela": false }, "geometry": { "type": "Polygon", "coordinates": [ [ [ -46.686029, -23.475194 ], [ -46.686054, -23.476102 ], [ -46.685983, -23.4768 ], [ -46.684851, -23.476694 ], [ -46.685317, -23.478249 ], [ -46.687016, -23.477188 ], [ -46.687136, -23.477015 ], [ -46.687199, -23.476382 ], [ -46.687438, -23.475055 ], [ -46.687068, -23.474993 ], [ -46.68696, -23.475201 ], [ -46.686029, -23.475194 ] ] ] } },
{ "type": "Feature", "properties": { "CD_SETOR": "355030811000072", "faces": 25, "pavimentada": 100.0, "bueiro": 72.0, "iluminacao": 100.0, "onibus": 16.0, "ciclovia": 0.0, "calcada": 88.0, "obstaculo": 95.45, "rampa": 4.55, "rampa_faces": 4.0, "sem_calcada": 12.0, "sem_arvore": 60.0, "muitas_arvores": 16.0, "vao": 96.0, "V05400": 25, "V05421": 22, "V05406": 25, "V05412": 25, "V05422": 3, "V05424": 21, "V05427": 1, "V05409": 18, "V05415": 4, "V05418": 0, "V05430": 15, "V05433": 4, "criancas_0a4": 45, "em_favela": false }, "geometry": { "type": "Polygon", "coordinates": [ [ [ -46.68819, -23.477076 ], [ -46.690303, -23.476836 ], [ -46.690234, -23.476317 ], [ -46.69007, -23.475921 ], [ -46.690626, -23.475896 ], [ -46.690169, -23.474995 ], [ -46.68862, -23.474902 ], [ -46.688304, -23.475394 ], [ -46.68816, -23.476463 ], [ -46.688141, -23.476752 ], [ -46.68819, -23.477076 ] ] ] } },
{ "type": "Feature", "properties": { "CD_SETOR": "355030811000073", "faces": 22, "pavimentada": 100.0, "bueiro": 13.64, "iluminacao": 100.0, "onibus": 9.09, "ciclovia": 0.0, "calcada": 90.91, "obstaculo": 95.0, "rampa": 5.0, "rampa_faces": 4.55, "sem_calcada": 9.09, "sem_arvore": 68.18, "muitas_arvores": 9.09, "vao": 95.45, "V05400": 22, "V05421": 20, "V05406": 22, "V05412": 22, "V05422": 2, "V05424": 19, "V05427": 1, "V05409": 3, "V05415": 2, "V05418": 0, "V05430": 15, "V05433": 2, "criancas_0a4": 24, "em_favela": false }, "geometry": { "type": "Polygon", "coordinates": [ [ [ -46.686032, -23.474761 ], [ -46.686029, -23.475194 ], [ -46.68696, -23.475201 ], [ -46.687068, -23.474993 ], [ -46.687438, -23.475055 ], [ -46.687469, -23.474891 ], [ -46.687899, -23.474857 ], [ -46.690169, -23.474995 ], [ -46.690001, -23.474515 ], [ -46.689222, -23.474031 ], [ -46.689838, -23.473163 ], [ -46.688999, -23.472622 ], [ -46.689086, -23.473806 ], [ -46.688245, -23.473772 ], [ -46.687454, -23.474008 ], [ -46.686759, -23.474003 ], [ -46.686545, -23.474153 ], [ -46.686418, -23.474573 ], [ -46.686268, -23.474682 ], [ -46.686032, -23.474761 ] ] ] } },
{ "type": "Feature", "properties": { "CD_SETOR": "355030811000076", "faces": 14, "pavimentada": 100.0, "bueiro": 21.43, "iluminacao": 100.0, "onibus": 28.57, "ciclovia": 0.0, "calcada": 85.71, "obstaculo": 91.67, "rampa": 0.0, "rampa_faces": 0.0, "sem_calcada": 14.29, "sem_arvore": 85.71, "muitas_arvores": 0.0, "vao": 100.0, "V05400": 14, "V05421": 12, "V05406": 14, "V05412": 14, "V05422": 2, "V05424": 11, "V05427": 0, "V05409": 3, "V05415": 4, "V05418": 0, "V05430": 12, "V05433": 0, "criancas_0a4": 13, "em_favela": false }, "geometry": { "type": "Polygon", "coordinates": [ [ [ -46.693156, -23.467724 ], [ -46.69425, -23.469286 ], [ -46.694419, -23.469052 ], [ -46.694582, -23.468985 ], [ -46.694878, -23.468975 ], [ -46.695367, -23.469094 ], [ -46.695848, -23.469092 ], [ -46.695788, -23.468967 ], [ -46.69522, -23.468486 ], [ -46.695364, -23.468008 ], [ -46.694829, -23.467871 ], [ -46.694892, -23.46777 ], [ -46.694904, -23.467397 ], [ -46.694661, -23.466842 ], [ -46.693156, -23.467724 ] ] ] } },
{ "type": "Feature", "properties": { "CD_SETOR": "355030811000077", "faces": 24, "pavimentada": 79.17, "bueiro": 58.33, "iluminacao": 83.33, "onibus": 4.17, "ciclovia": 0.0, "calcada": 66.67, "obstaculo": 100.0, "rampa": 0.0, "rampa_faces": 0.0, "sem_calcada": 33.33, "sem_arvore": 75.0, "muitas_arvores": 0.0, "vao": 79.17, "V05400": 24, "V05421": 16, "V05406": 19, "V05412": 20, "V05422": 8, "V05424": 16, "V05427": 0, "V05409": 14, "V05415": 1, "V05418": 0, "V05430": 18, "V05433": 0, "criancas_0a4": 40, "em_favela": false }, "geometry": { "type": "Polygon", "coordinates": [ [ [ -46.692018, -23.467747 ], [ -46.691636, -23.468076 ], [ -46.69145, -23.468738 ], [ -46.694661, -23.466842 ], [ -46.694459, -23.466374 ], [ -46.694396, -23.466156 ], [ -46.694422, -23.466024 ], [ -46.693678, -23.466248 ], [ -46.693056, -23.466659 ], [ -46.692673, -23.466849 ], [ -46.692407, -23.467108 ], [ -46.692334, -23.467546 ], [ -46.692128, -23.467754 ], [ -46.692018, -23.467747 ] ] ] } },
{ "type": "Feature", "properties": { "CD_SETOR": "355030811000078", "faces": 9, "pavimentada": 100.0, "bueiro": 88.89, "iluminacao": 100.0, "onibus": 22.22, "ciclovia": 0.0, "calcada": 77.78, "obstaculo": 100.0, "rampa": 0.0, "rampa_faces": 0.0, "sem_calcada": 22.22, "sem_arvore": 55.56, "muitas_arvores": 11.11, "vao": 100.0, "V05400": 9, "V05421": 7, "V05406": 9, "V05412": 9, "V05422": 2, "V05424": 7, "V05427": 0, "V05409": 8, "V05415": 2, "V05418": 0, "V05430": 5, "V05433": 1, "criancas_0a4": 13, "em_favela": false }, "geometry": { "type": "Polygon", "coordinates": [ [ [ -46.695634, -23.463765 ], [ -46.695459, -23.464234 ], [ -46.694422, -23.466024 ], [ -46.694819, -23.465849 ], [ -46.69574, -23.46488 ], [ -46.696344, -23.464949 ], [ -46.696647, -23.464893 ], [ -46.69674, -23.464828 ], [ -46.696833, -23.464424 ], [ -46.697007, -23.464236 ], [ -46.697015, -23.464171 ], [ -46.696677, -23.464145 ], [ -46.696997, -23.463742 ], [ -46.696901, -23.463598 ], [ -46.69673, -23.463519 ], [ -46.696546, -23.463781 ], [ -46.696325, -23.46387 ], [ -46.695634, -23.463765 ] ] ] } },
{ "type": "Feature", "properties": { "CD_SETOR": "355030811000079", "faces": 19, "pavimentada": 100.0, "bueiro": 84.21, "iluminacao": 100.0, "onibus": 0.0, "ciclovia": 5.26, "calcada": 100.0, "obstaculo": 100.0, "rampa": 0.0, "rampa_faces": 0.0, "sem_calcada": 0.0, "sem_arvore": 100.0, "muitas_arvores": 0.0, "vao": 100.0, "V05400": 19, "V05421": 19, "V05406": 19, "V05412": 19, "V05422": 0, "V05424": 19, "V05427": 0, "V05409": 16, "V05415": 0, "V05418": 1, "V05430": 19, "V05433": 0, "criancas_0a4": 32, "em_favela": true }, "geometry": { "type": "Polygon", "coordinates": [ [ [ -46.697189, -23.463918 ], [ -46.697007, -23.464236 ], [ -46.697095, -23.464242 ], [ -46.698156, -23.463979 ], [ -46.69835, -23.46369 ], [ -46.69886, -23.463293 ], [ -46.699351, -23.462592 ], [ -46.699198, -23.4624 ], [ -46.699092, -23.462369 ], [ -46.698658, -23.462514 ], [ -46.698316, -23.462537 ], [ -46.697844, -23.462209 ], [ -46.697764, -23.462433 ], [ -46.697754, -23.462777 ], [ -46.697796, -23.462935 ], [ -46.697732, -23.462955 ], [ -46.697635, -23.463246 ], [ -46.697678, -23.463428 ], [ -46.697598, -23.463641 ], [ -46.697397, -23.463551 ], [ -46.697331, -23.463598 ], [ -46.697189, -23.463918 ] ] ] } },
{ "type": "Feature", "properties": { "CD_SETOR": "355030811000080", "faces": 7, "pavimentada": 28.57, "bueiro": 14.29, "iluminacao": 28.57, "onibus": 14.29, "ciclovia": 0.0, "calcada": 14.29, "obstaculo": 100.0, "rampa": 0.0, "rampa_faces": 0.0, "sem_calcada": 14.29, "sem_arvore": 28.57, "muitas_arvores": 0.0, "vao": 28.57, "V05400": 7, "V05421": 1, "V05406": 2, "V05412": 2, "V05422": 1, "V05424": 1, "V05427": 0, "V05409": 1, "V05415": 1, "V05418": 0, "V05430": 2, "V05433": 0, "criancas_0a4": 8, "em_favela": false }, "geometry": { "type": "Polygon", "coordinates": [ [ [ -46.69635, -23.461652 ], [ -46.696233, -23.462347 ], [ -46.695901, -23.463151 ], [ -46.696092, -23.463209 ], [ -46.696208, -23.4632 ], [ -46.696655, -23.46212 ], [ -46.696655, -23.461632 ], [ -46.69635, -23.461652 ] ] ] } },
{ "type": "Feature", "properties": { "CD_SETOR": "355030811000083", "faces": 15, "pavimentada": 100.0, "bueiro": 0.0, "iluminacao": 100.0, "onibus": 20.0, "ciclovia": 0.0, "calcada": 93.33, "obstaculo": 100.0, "rampa": 0.0, "rampa_faces": 0.0, "sem_calcada": 6.67, "sem_arvore": 60.0, "muitas_arvores": 0.0, "vao": 100.0, "V05400": 15, "V05421": 14, "V05406": 15, "V05412": 15, "V05422": 1, "V05424": 14, "V05427": 0, "V05409": 0, "V05415": 3, "V05418": 0, "V05430": 9, "V05433": 0, "criancas_0a4": 18, "em_favela": false }, "geometry": { "type": "Polygon", "coordinates": [ [ [ -46.695454, -23.456992 ], [ -46.69544, -23.457441 ], [ -46.695051, -23.457447 ], [ -46.694965, -23.45752 ], [ -46.694954, -23.457793 ], [ -46.694999, -23.458019 ], [ -46.69555, -23.458018 ], [ -46.695709, -23.457971 ], [ -46.695654, -23.458376 ], [ -46.695689, -23.458713 ], [ -46.69618, -23.458359 ], [ -46.696543, -23.458058 ], [ -46.696639, -23.457925 ], [ -46.697257, -23.457444 ], [ -46.697081, -23.457058 ], [ -46.697029, -23.457015 ], [ -46.696865, -23.457057 ], [ -46.696902, -23.456793 ], [ -46.696593, -23.456456 ], [ -46.696137, -23.456845 ], [ -46.695728, -23.456979 ], [ -46.695454, -23.456992 ] ] ] } },
{ "type": "Feature", "properties": { "CD_SETOR": "355030811000084", "faces": 18, "pavimentada": 100.0, "bueiro": 61.11, "iluminacao": 88.89, "onibus": 0.0, "ciclovia": 0.0, "calcada": 38.89, "obstaculo": 71.43, "rampa": 0.0, "rampa_faces": 0.0, "sem_calcada": 61.11, "sem_arvore": 77.78, "muitas_arvores": 5.56, "vao": 100.0, "V05400": 18, "V05421": 7, "V05406": 18, "V05412": 16, "V05422": 11, "V05424": 5, "V05427": 0, "V05409": 11, "V05415": 0, "V05418": 0, "V05430": 14, "V05433": 1, "criancas_0a4": 15, "em_favela": true }, "geometry": { "type": "Polygon", "coordinates": [ [ [ -46.694708, -23.45945 ], [ -46.694198, -23.459022 ], [ -46.694054, -23.459007 ], [ -46.69393, -23.458314 ], [ -46.693778, -23.458322 ], [ -46.693288, -23.458021 ], [ -46.692951, -23.457728 ], [ -46.692731, -23.457363 ], [ -46.692462, -23.457628 ], [ -46.694472, -23.459941 ], [ -46.69486, -23.459663 ], [ -46.694708, -23.45945 ] ] ] } },
{ "type": "Feature", "properties": { "CD_SETOR": "355030811000085", "faces": 9, "pavimentada": 100.0, "bueiro": 55.56, "iluminacao": 100.0, "onibus": 0.0, "ciclovia": 0.0, "calcada": 66.67, "obstaculo": 83.33, "rampa": 0.0, "rampa_faces": 0.0, "sem_calcada": 33.33, "sem_arvore": 66.67, "muitas_arvores": 11.11, "vao": 100.0, "V05400": 9, "V05421": 6, "V05406": 9, "V05412": 9, "V05422": 3, "V05424": 5, "V05427": 0, "V05409": 5, "V05415": 0, "V05418": 0, "V05430": 6, "V05433": 1, "criancas_0a4": 67, "em_favela": true }, "geometry": { "type": "Polygon", "coordinates": [ [ [ -46.693913, -23.455352 ], [ -46.692236, -23.455969 ], [ -46.692652, -23.456868 ], [ -46.692684, -23.457287 ], [ -46.692951, -23.457728 ], [ -46.693288, -23.458021 ], [ -46.693778, -23.458322 ], [ -46.69393, -23.458314 ], [ -46.693923, -23.458113 ], [ -46.6943, -23.458098 ], [ -46.693444, -23.45733 ], [ -46.693343, -23.457176 ], [ -46.693308, -23.456983 ], [ -46.693437, -23.45637 ], [ -46.693965, -23.455689 ], [ -46.694012, -23.455527 ], [ -46.694264, -23.45543 ], [ -46.694256, -23.455295 ], [ -46.693913, -23.455352 ] ] ] } },
{ "type": "Feature", "properties": { "CD_SETOR": "355030811000086", "faces": 12, "pavimentada": 100.0, "bueiro": 50.0, "iluminacao": 100.0, "onibus": 0.0, "ciclovia": 0.0, "calcada": 58.33, "obstaculo": 100.0, "rampa": 0.0, "rampa_faces": 0.0, "sem_calcada": 41.67, "sem_arvore": 75.0, "muitas_arvores": 0.0, "vao": 100.0, "V05400": 12, "V05421": 7, "V05406": 12, "V05412": 12, "V05422": 5, "V05424": 7, "V05427": 0, "V05409": 6, "V05415": 0, "V05418": 0, "V05430": 9, "V05433": 0, "criancas_0a4": 32, "em_favela": false }, "geometry": { "type": "Polygon", "coordinates": [ [ [ -46.693631, -23.456122 ], [ -46.693527, -23.456235 ], [ -46.693999, -23.456635 ], [ -46.694118, -23.456513 ], [ -46.694295, -23.456446 ], [ -46.695592, -23.456447 ], [ -46.696, -23.456224 ], [ -46.696712, -23.455586 ], [ -46.697357, -23.455497 ], [ -46.696884, -23.454946 ], [ -46.696782, -23.454884 ], [ -46.696223, -23.455328 ], [ -46.695646, -23.455885 ], [ -46.694187, -23.455892 ], [ -46.693631, -23.456122 ] ] ] } },
{ "type": "Feature", "properties": { "CD_SETOR": "355030811000087", "faces": 18, "pavimentada": 100.0, "bueiro": 11.11, "iluminacao": 83.33, "onibus": 16.67, "ciclovia": 0.0, "calcada": 33.33, "obstaculo": 100.0, "rampa": 0.0, "rampa_faces": 0.0, "sem_calcada": 66.67, "sem_arvore": 72.22, "muitas_arvores": 0.0, "vao": 100.0, "V05400": 18, "V05421": 6, "V05406": 18, "V05412": 15, "V05422": 12, "V05424": 6, "V05427": 0, "V05409": 2, "V05415": 3, "V05418": 0, "V05430": 13, "V05433": 0, "criancas_0a4": 70, "em_favela": true }, "geometry": { "type": "Polygon", "coordinates": [ [ [ -46.694256, -23.455295 ], [ -46.694264, -23.45543 ], [ -46.694012, -23.455527 ], [ -46.693965, -23.455689 ], [ -46.693631, -23.456122 ], [ -46.694187, -23.455892 ], [ -46.695646, -23.455885 ], [ -46.696223, -23.455328 ], [ -46.696782, -23.454884 ], [ -46.696723, -23.454589 ], [ -46.696894, -23.454106 ], [ -46.696783, -23.453765 ], [ -46.696735, -23.45392 ], [ -46.696533, -23.454175 ], [ -46.695991, -23.454655 ], [ -46.69567, -23.454864 ], [ -46.694968, -23.455151 ], [ -46.694256, -23.455295 ] ] ] } },
{ "type": "Feature", "properties": { "CD_SETOR": "355030811000089", "faces": 10, "pavimentada": 100.0, "bueiro": 10.0, "iluminacao": 80.0, "onibus": 20.0, "ciclovia": 0.0, "calcada": 40.0, "obstaculo": 100.0, "rampa": 0.0, "rampa_faces": 0.0, "sem_calcada": 60.0, "sem_arvore": 80.0, "muitas_arvores": 0.0, "vao": 100.0, "V05400": 10, "V05421": 4, "V05406": 10, "V05412": 8, "V05422": 6, "V05424": 4, "V05427": 0, "V05409": 1, "V05415": 2, "V05418": 0, "V05430": 8, "V05433": 0, "criancas_0a4": 25, "em_favela": true }, "geometry": { "type": "Polygon", "coordinates": [ [ [ -46.688626, -23.459673 ], [ -46.688907, -23.459706 ], [ -46.689138, -23.459672 ], [ -46.689498, -23.459387 ], [ -46.690381, -23.458143 ], [ -46.691315, -23.456628 ], [ -46.691717, -23.456226 ], [ -46.692091, -23.45603 ], [ -46.692045, -23.45593 ], [ -46.69166, -23.456081 ], [ -46.691367, -23.4563 ], [ -46.690965, -23.456914 ], [ -46.690571, -23.457378 ], [ -46.690175, -23.458118 ], [ -46.68965, -23.458759 ], [ -46.689529, -23.458811 ], [ -46.689277, -23.458782 ], [ -46.689135, -23.458869 ], [ -46.688913, -23.458834 ], [ -46.688795, -23.458882 ], [ -46.688669, -23.459123 ], [ -46.688626, -23.459673 ] ] ] } },
{ "type": "Feature", "properties": { "CD_SETOR": "355030811000097", "faces": 22, "pavimentada": 100.0, "bueiro": 45.45, "iluminacao": 100.0, "onibus": 0.0, "ciclovia": 0.0, "calcada": 68.18, "obstaculo": 100.0, "rampa": 0.0, "rampa_faces": 0.0, "sem_calcada": 31.82, "sem_arvore": 81.82, "muitas_arvores": 4.55, "vao": 100.0, "V05400": 22, "V05421": 15, "V05406": 22, "V05412": 22, "V05422": 7, "V05424": 15, "V05427": 0, "V05409": 10, "V05415": 0, "V05418": 0, "V05430": 18, "V05433": 1, "criancas_0a4": 81, "em_favela": false }, "geometry": { "type": "Polygon", "coordinates": [ [ [ -46.676791, -23.454328 ], [ -46.676567, -23.454857 ], [ -46.676613, -23.456265 ], [ -46.676483, -23.456478 ], [ -46.676158, -23.456558 ], [ -46.676334, -23.457557 ], [ -46.676631, -23.457519 ], [ -46.676583, -23.457111 ], [ -46.677095, -23.457061 ], [ -46.67715, -23.457264 ], [ -46.677788, -23.457379 ], [ -46.677843, -23.457295 ], [ -46.678412, -23.457045 ], [ -46.678267, -23.456977 ], [ -46.677667, -23.456907 ], [ -46.677602, -23.45683 ], [ -46.677511, -23.456525 ], [ -46.677333, -23.456466 ], [ -46.677157, -23.456022 ], [ -46.677037, -23.454858 ], [ -46.677447, -23.453994 ], [ -46.677037, -23.453818 ], [ -46.676923, -23.453814 ], [ -46.676791, -23.454328 ] ] ] } },
{ "type": "Feature", "properties": { "CD_SETOR": "355030811000098", "faces": 7, "pavimentada": 100.0, "bueiro": 42.86, "iluminacao": 100.0, "onibus": 0.0, "ciclovia": 0.0, "calcada": 57.14, "obstaculo": 100.0, "rampa": 25.0, "rampa_faces": 14.29, "sem_calcada": 42.86, "sem_arvore": 57.14, "muitas_arvores": 14.29, "vao": 85.71, "V05400": 7, "V05421": 4, "V05406": 7, "V05412": 7, "V05422": 3, "V05424": 4, "V05427": 1, "V05409": 3, "V05415": 0, "V05418": 0, "V05430": 4, "V05433": 1, "criancas_0a4": 25, "em_favela": false }, "geometry": { "type": "Polygon", "coordinates": [ [ [ -46.676583, -23.457111 ], [ -46.676655, -23.457645 ], [ -46.676755, -23.45773 ], [ -46.678243, -23.45791 ], [ -46.679104, -23.457723 ], [ -46.679433, -23.457586 ], [ -46.67725, -23.457304 ], [ -46.677128, -23.457236 ], [ -46.677095, -23.457061 ], [ -46.676583, -23.457111 ] ] ] } },
{ "type": "Feature", "properties": { "CD_SETOR": "355030811000099", "faces": 14, "pavimentada": 100.0, "bueiro": 78.57, "iluminacao": 100.0, "onibus": 7.14, "ciclovia": 0.0, "calcada": 78.57, "obstaculo": 90.91, "rampa": 0.0, "rampa_faces": 0.0, "sem_calcada": 21.43, "sem_arvore": 64.29, "muitas_arvores": 14.29, "vao": 100.0, "V05400": 14, "V05421": 11, "V05406": 14, "V05412": 14, "V05422": 3, "V05424": 10, "V05427": 0, "V05409": 11, "V05415": 1, "V05418": 0, "V05430": 9, "V05433": 2, "criancas_0a4": 40, "em_favela": false }, "geometry": { "type": "Polygon", "coordinates": [ [ [ -46.676334, -23.457557 ], [ -46.676496, -23.458775 ], [ -46.676614, -23.458853 ], [ -46.676593, -23.458895 ], [ -46.676894, -23.459093 ], [ -46.677213, -23.459198 ], [ -46.678582, -23.458913 ], [ -46.678836, -23.458521 ], [ -46.679624, -23.457652 ], [ -46.679433, -23.457586 ], [ -46.679104, -23.457723 ], [ -46.678243, -23.45791 ], [ -46.676755, -23.45773 ], [ -46.676655, -23.457645 ], [ -46.676631, -23.457519 ], [ -46.676334, -23.457557 ] ] ] } },
{ "type": "Feature", "properties": { "CD_SETOR": "355030811000102", "faces": 32, "pavimentada": 100.0, "bueiro": 0.0, "iluminacao": 100.0, "onibus": 6.25, "ciclovia": 0.0, "calcada": 100.0, "obstaculo": 90.62, "rampa": 6.25, "rampa_faces": 6.25, "sem_calcada": 0.0, "sem_arvore": 40.62, "muitas_arvores": 9.38, "vao": 93.75, "V05400": 32, "V05421": 32, "V05406": 32, "V05412": 32, "V05422": 0, "V05424": 29, "V05427": 2, "V05409": 0, "V05415": 2, "V05418": 0, "V05430": 13, "V05433": 3, "criancas_0a4": 32, "em_favela": false }, "geometry": { "type": "Polygon", "coordinates": [ [ [ -46.675219, -23.462375 ], [ -46.67722, -23.463055 ], [ -46.677949, -23.461284 ], [ -46.675949, -23.46061 ], [ -46.675219, -23.462375 ] ] ] } },
{ "type": "Feature", "properties": { "CD_SETOR": "355030811000103", "faces": 19, "pavimentada": 100.0, "bueiro": 0.0, "iluminacao": 100.0, "onibus": 0.0, "ciclovia": 0.0, "calcada": 100.0, "obstaculo": 89.47, "rampa": 0.0, "rampa_faces": 0.0, "sem_calcada": 0.0, "sem_arvore": 57.89, "muitas_arvores": 0.0, "vao": 100.0, "V05400": 19, "V05421": 19, "V05406": 19, "V05412": 19, "V05422": 0, "V05424": 17, "V05427": 0, "V05409": 0, "V05415": 0, "V05418": 0, "V05430": 11, "V05433": 0, "criancas_0a4": 30, "em_favela": false }, "geometry": { "type": "Polygon", "coordinates": [ [ [ -46.674489, -23.464195 ], [ -46.675112, -23.464824 ], [ -46.675229, -23.464907 ], [ -46.675337, -23.464908 ], [ -46.676209, -23.462703 ], [ -46.675219, -23.462375 ], [ -46.674489, -23.464195 ] ] ] } },
{ "type": "Feature", "properties": { "CD_SETOR": "355030811000104", "faces": 27, "pavimentada": 100.0, "bueiro": 29.63, "iluminacao": 100.0, "onibus": 0.0, "ciclovia": 0.0, "calcada": 88.89, "obstaculo": 83.33, "rampa": 0.0, "rampa_faces": 0.0, "sem_calcada": 11.11, "sem_arvore": 51.85, "muitas_arvores": 3.7, "vao": 100.0, "V05400": 27, "V05421": 24, "V05406": 27, "V05412": 27, "V05422": 3, "V05424": 20, "V05427": 0, "V05409": 8, "V05415": 0, "V05418": 0, "V05430": 14, "V05433": 1, "criancas_0a4": 44, "em_favela": false }, "geometry": { "type": "Polygon", "coordinates": [ [ [ -46.675374, -23.464833 ], [ -46.675927, -23.46467 ], [ -46.67611, -23.465358 ], [ -46.67685, -23.465083 ], [ -46.677027, -23.464968 ], [ -46.677814, -23.465253 ], [ -46.67847, -23.465227 ], [ -46.67852, -23.464573 ], [ -46.677943, -23.464593 ], [ -46.678038, -23.463818 ], [ -46.677041, -23.463476 ], [ -46.67722, -23.463055 ], [ -46.676209, -23.462703 ], [ -46.675374, -23.464833 ] ] ] } },
{ "type": "Feature", "properties": { "CD_SETOR": "355030811000105", "faces": 22, "pavimentada": 100.0, "bueiro": 18.18, "iluminacao": 100.0, "onibus": 0.0, "ciclovia": 0.0, "calcada": 90.91, "obstaculo": 100.0, "rampa": 0.0, "rampa_faces": 0.0, "sem_calcada": 9.09, "sem_arvore": 59.09, "muitas_arvores": 4.55, "vao": 100.0, "V05400": 22, "V05421": 20, "V05406": 22, "V05412": 22, "V05422": 2, "V05424": 20, "V05427": 0, "V05409": 4, "V05415": 0, "V05418": 0, "V05430": 13, "V05433": 1, "criancas_0a4": 44, "em_favela": false }, "geometry": { "type": "Polygon", "coordinates": [ [ [ -46.672977, -23.46415 ], [ -46.673983, -23.464666 ], [ -46.674831, -23.465349 ], [ -46.675037, -23.4656 ], [ -46.67611, -23.465358 ], [ -46.675927, -23.46467 ], [ -46.675374, -23.464833 ], [ -46.675292, -23.464924 ], [ -46.675229, -23.464907 ], [ -46.673561, -23.463274 ], [ -46.672977, -23.46415 ] ] ] } },
{ "type": "Feature", "properties": { "CD_SETOR": "355030811000106", "faces": 26, "pavimentada": 100.0, "bueiro": 53.85, "iluminacao": 100.0, "onibus": 0.0, "ciclovia": 0.0, "calcada": 100.0, "obstaculo": 96.15, "rampa": 0.0, "rampa_faces": 0.0, "sem_calcada": 0.0, "sem_arvore": 57.69, "muitas_arvores": 0.0, "vao": 100.0, "V05400": 26, "V05421": 26, "V05406": 26, "V05412": 26, "V05422": 0, "V05424": 25, "V05427": 0, "V05409": 14, "V05415": 0, "V05418": 0, "V05430": 15, "V05433": 0, "criancas_0a4": 36, "em_favela": false }, "geometry": { "type": "Polygon", "coordinates": [ [ [ -46.671573, -23.466948 ], [ -46.673603, -23.466294 ], [ -46.675083, -23.465852 ], [ -46.673603, -23.465338 ], [ -46.673342, -23.464696 ], [ -46.672897, -23.464424 ], [ -46.671597, -23.465513 ], [ -46.671537, -23.465659 ], [ -46.671573, -23.466948 ] ] ] } },
{ "type": "Feature", "properties": { "CD_SETOR": "355030811000108", "faces": 10, "pavimentada": 100.0, "bueiro": 100.0, "iluminacao": 100.0, "onibus": 20.0, "ciclovia": 40.0, "calcada": 90.0, "obstaculo": 77.78, "rampa": 11.11, "rampa_faces": 10.0, "sem_calcada": 10.0, "sem_arvore": 70.0, "muitas_arvores": 10.0, "vao": 90.0, "V05400": 10, "V05421": 9, "V05406": 10, "V05412": 10, "V05422": 1, "V05424": 7, "V05427": 1, "V05409": 10, "V05415": 2, "V05418": 4, "V05430": 7, "V05433": 1, "criancas_0a4": 39, "em_favela": false }, "geometry": { "type": "Polygon", "coordinates": [ [ [ -46.672139, -23.464008 ], [ -46.670694, -23.465928 ], [ -46.670421, -23.466428 ], [ -46.670214, -23.467056 ], [ -46.670113, -23.46768 ], [ -46.670117, -23.468345 ], [ -46.670209, -23.46841 ], [ -46.670344, -23.468406 ], [ -46.671477, -23.468013 ], [ -46.671435, -23.467712 ], [ -46.67157, -23.467456 ], [ -46.671565, -23.465582 ], [ -46.671883, -23.465251 ], [ -46.672897, -23.464424 ], [ -46.672878, -23.464326 ], [ -46.672273, -23.463957 ], [ -46.672139, -23.464008 ] ] ] } },
{ "type": "Feature", "properties": { "CD_SETOR": "355030811000110", "faces": 17, "pavimentada": 100.0, "bueiro": 52.94, "iluminacao": 100.0, "onibus": 5.88, "ciclovia": 0.0, "calcada": 100.0, "obstaculo": 88.24, "rampa": 5.88, "rampa_faces": 5.88, "sem_calcada": 0.0, "sem_arvore": 70.59, "muitas_arvores": 11.76, "vao": 94.12, "V05400": 17, "V05421": 17, "V05406": 17, "V05412": 17, "V05422": 0, "V05424": 15, "V05427": 1, "V05409": 9, "V05415": 1, "V05418": 0, "V05430": 12, "V05433": 2, "criancas_0a4": 16, "em_favela": false }, "geometry": { "type": "Polygon", "coordinates": [ [ [ -46.672814, -23.470683 ], [ -46.672733, -23.471266 ], [ -46.671563, -23.47182 ], [ -46.671589, -23.473282 ], [ -46.671858, -23.473165 ], [ -46.672474, -23.472619 ], [ -46.672839, -23.472408 ], [ -46.674005, -23.471897 ], [ -46.674517, -23.470511 ], [ -46.673422, -23.470785 ], [ -46.672814, -23.470683 ] ] ] } },
{ "type": "Feature", "properties": { "CD_SETOR": "355030811000112", "faces": 2, "pavimentada": 100.0, "bueiro": 100.0, "iluminacao": 100.0, "onibus": 100.0, "ciclovia": 0.0, "calcada": 100.0, "obstaculo": 50.0, "rampa": 50.0, "rampa_faces": 50.0, "sem_calcada": 0.0, "sem_arvore": 50.0, "muitas_arvores": 50.0, "vao": 50.0, "V05400": 2, "V05421": 2, "V05406": 2, "V05412": 2, "V05422": 0, "V05424": 1, "V05427": 1, "V05409": 2, "V05415": 2, "V05418": 0, "V05430": 1, "V05433": 1, "criancas_0a4": 6, "em_favela": false }, "geometry": { "type": "Polygon", "coordinates": [ [ [ -46.670042, -23.474027 ], [ -46.670044, -23.474094 ], [ -46.670756, -23.474388 ], [ -46.671131, -23.474448 ], [ -46.67142, -23.474437 ], [ -46.671347, -23.474404 ], [ -46.671014, -23.47348 ], [ -46.670469, -23.473686 ], [ -46.670042, -23.474027 ] ] ] } },
{ "type": "Feature", "properties": { "CD_SETOR": "355030811000114", "faces": 20, "pavimentada": 100.0, "bueiro": 0.0, "iluminacao": 100.0, "onibus": 20.0, "ciclovia": 0.0, "calcada": 100.0, "obstaculo": 60.0, "rampa": 0.0, "rampa_faces": 0.0, "sem_calcada": 0.0, "sem_arvore": 75.0, "muitas_arvores": 20.0, "vao": 100.0, "V05400": 20, "V05421": 20, "V05406": 20, "V05412": 20, "V05422": 0, "V05424": 12, "V05427": 0, "V05409": 0, "V05415": 4, "V05418": 0, "V05430": 15, "V05433": 4, "criancas_0a4": 23, "em_favela": false }, "geometry": { "type": "Polygon", "coordinates": [ [ [ -46.676132, -23.470664 ], [ -46.676669, -23.470906 ], [ -46.676892, -23.471512 ], [ -46.676604, -23.472323 ], [ -46.676446, -23.472378 ], [ -46.676404, -23.472941 ], [ -46.676931, -23.472935 ], [ -46.677015, -23.473472 ], [ -46.676531, -23.474001 ], [ -46.676893, -23.474293 ], [ -46.677449, -23.473724 ], [ -46.677769, -23.473589 ], [ -46.678815, -23.473976 ], [ -46.678509, -23.473355 ], [ -46.677444, -23.472974 ], [ -46.67737, -23.472337 ], [ -46.677483, -23.472174 ], [ -46.677973, -23.471778 ], [ -46.67753, -23.471292 ], [ -46.676885, -23.469621 ], [ -46.676581, -23.470173 ], [ -46.676132, -23.470664 ] ] ] } },
{ "type": "Feature", "properties": { "CD_SETOR": "355030811000117", "faces": 8, "pavimentada": 100.0, "bueiro": 37.5, "iluminacao": 100.0, "onibus": 0.0, "ciclovia": 0.0, "calcada": 87.5, "obstaculo": 85.71, "rampa": 0.0, "rampa_faces": 0.0, "sem_calcada": 12.5, "sem_arvore": 75.0, "muitas_arvores": 0.0, "vao": 100.0, "V05400": 8, "V05421": 7, "V05406": 8, "V05412": 8, "V05422": 1, "V05424": 6, "V05427": 0, "V05409": 3, "V05415": 0, "V05418": 0, "V05430": 6, "V05433": 0, "criancas_0a4": 11, "em_favela": false }, "geometry": { "type": "Polygon", "coordinates": [ [ [ -46.67754, -23.473668 ], [ -46.67762, -23.475003 ], [ -46.676988, -23.47604 ], [ -46.677446, -23.476244 ], [ -46.678274, -23.474896 ], [ -46.678314, -23.474734 ], [ -46.678257, -23.473762 ], [ -46.677769, -23.473589 ], [ -46.67754, -23.473668 ] ] ] } },
{ "type": "Feature", "properties": { "CD_SETOR": "355030811000118", "faces": 5, "pavimentada": 100.0, "bueiro": 0.0, "iluminacao": 100.0, "onibus": 0.0, "ciclovia": 0.0, "calcada": 40.0, "obstaculo": 50.0, "rampa": 0.0, "rampa_faces": 0.0, "sem_calcada": 60.0, "sem_arvore": 100.0, "muitas_arvores": 0.0, "vao": 100.0, "V05400": 5, "V05421": 2, "V05406": 5, "V05412": 5, "V05422": 3, "V05424": 1, "V05427": 0, "V05409": 0, "V05415": 0, "V05418": 0, "V05430": 5, "V05433": 0, "criancas_0a4": 12, "em_favela": true }, "geometry": { "type": "Polygon", "coordinates": [ [ [ -46.677138, -23.476866 ], [ -46.677398, -23.476921 ], [ -46.677665, -23.476529 ], [ -46.677437, -23.476362 ], [ -46.677446, -23.476244 ], [ -46.676988, -23.47604 ], [ -46.676932, -23.476276 ], [ -46.676984, -23.476554 ], [ -46.677138, -23.476866 ] ] ] } },
{ "type": "Feature", "properties": { "CD_SETOR": "355030811000119", "faces": 13, "pavimentada": 100.0, "bueiro": 23.08, "iluminacao": 100.0, "onibus": 7.69, "ciclovia": 0.0, "calcada": 92.31, "obstaculo": 66.67, "rampa": 0.0, "rampa_faces": 0.0, "sem_calcada": 7.69, "sem_arvore": 69.23, "muitas_arvores": 7.69, "vao": 100.0, "V05400": 13, "V05421": 12, "V05406": 13, "V05412": 13, "V05422": 1, "V05424": 8, "V05427": 0, "V05409": 3, "V05415": 1, "V05418": 0, "V05430": 9, "V05433": 1, "criancas_0a4": 35, "em_favela": false }, "geometry": { "type": "Polygon", "coordinates": [ [ [ -46.677446, -23.476244 ], [ -46.677437, -23.476362 ], [ -46.677665, -23.476529 ], [ -46.677398, -23.476921 ], [ -46.677325, -23.476911 ], [ -46.677059, -23.477334 ], [ -46.677808, -23.477304 ], [ -46.678268, -23.477225 ], [ -46.678568, -23.476749 ], [ -46.678245, -23.475903 ], [ -46.678574, -23.475438 ], [ -46.679071, -23.475255 ], [ -46.678864, -23.474669 ], [ -46.678815, -23.473976 ], [ -46.678257, -23.473762 ], [ -46.678305, -23.474808 ], [ -46.677446, -23.476244 ] ] ] } },
{ "type": "Feature", "properties": { "CD_SETOR": "355030811000120", "faces": 8, "pavimentada": 100.0, "bueiro": 12.5, "iluminacao": 100.0, "onibus": 12.5, "ciclovia": 0.0, "calcada": 75.0, "obstaculo": 33.33, "rampa": 0.0, "rampa_faces": 0.0, "sem_calcada": 25.0, "sem_arvore": 62.5, "muitas_arvores": 0.0, "vao": 100.0, "V05400": 8, "V05421": 6, "V05406": 8, "V05412": 8, "V05422": 2, "V05424": 2, "V05427": 0, "V05409": 1, "V05415": 1, "V05418": 0, "V05430": 5, "V05433": 0, "criancas_0a4": 16, "em_favela": false }, "geometry": { "type": "Polygon", "coordinates": [ [ [ -46.681379, -23.474423 ], [ -46.679114, -23.475352 ], [ -46.679265, -23.475706 ], [ -46.679444, -23.476378 ], [ -46.679676, -23.475882 ], [ -46.679958, -23.475625 ], [ -46.680676, -23.47533 ], [ -46.681342, -23.475249 ], [ -46.681716, -23.475123 ], [ -46.681379, -23.474423 ] ] ] } },
{ "type": "Feature", "properties": { "CD_SETOR": "355030811000121", "faces": 22, "pavimentada": 100.0, "bueiro": 9.09, "iluminacao": 100.0, "onibus": 13.64, "ciclovia": 0.0, "calcada": 81.82, "obstaculo": 38.89, "rampa": 0.0, "rampa_faces": 0.0, "sem_calcada": 18.18, "sem_arvore": 59.09, "muitas_arvores": 9.09, "vao": 100.0, "V05400": 22, "V05421": 18, "V05406": 22, "V05412": 22, "V05422": 4, "V05424": 7, "V05427": 0, "V05409": 2, "V05415": 3, "V05418": 0, "V05430": 13, "V05433": 2, "criancas_0a4": 40, "em_favela": false }, "geometry": { "type": "Polygon", "coordinates": [ [ [ -46.679672, -23.47669 ], [ -46.67996, -23.476837 ], [ -46.680453, -23.47698 ], [ -46.681406, -23.477371 ], [ -46.681683, -23.477567 ], [ -46.682579, -23.478396 ], [ -46.682635, -23.478585 ], [ -46.683211, -23.478285 ], [ -46.68316, -23.478177 ], [ -46.683612, -23.477959 ], [ -46.682871, -23.476731 ], [ -46.682731, -23.476611 ], [ -46.682297, -23.476411 ], [ -46.681, -23.47606 ], [ -46.680951, -23.476141 ], [ -46.680601, -23.476313 ], [ -46.680183, -23.476363 ], [ -46.679672, -23.47669 ] ] ] } },
{ "type": "Feature", "properties": { "CD_SETOR": "355030811000122", "faces": 8, "pavimentada": 100.0, "bueiro": 25.0, "iluminacao": 100.0, "onibus": 0.0, "ciclovia": 0.0, "calcada": 75.0, "obstaculo": 33.33, "rampa": 0.0, "rampa_faces": 0.0, "sem_calcada": 25.0, "sem_arvore": 50.0, "muitas_arvores": 25.0, "vao": 100.0, "V05400": 8, "V05421": 6, "V05406": 8, "V05412": 8, "V05422": 2, "V05424": 2, "V05427": 0, "V05409": 2, "V05415": 0, "V05418": 0, "V05430": 4, "V05433": 2, "criancas_0a4": 44, "em_favela": false }, "geometry": { "type": "Polygon", "coordinates": [ [ [ -46.681, -23.47606 ], [ -46.682297, -23.476411 ], [ -46.682731, -23.476611 ], [ -46.682871, -23.476731 ], [ -46.683665, -23.478063 ], [ -46.684258, -23.479311 ], [ -46.684524, -23.479983 ], [ -46.685133, -23.480086 ], [ -46.685112, -23.479896 ], [ -46.684054, -23.477682 ], [ -46.683244, -23.476315 ], [ -46.683277, -23.476195 ], [ -46.683587, -23.475958 ], [ -46.682634, -23.47578 ], [ -46.68256, -23.475826 ], [ -46.681274, -23.475736 ], [ -46.681142, -23.4758 ], [ -46.681, -23.47606 ] ] ] } },
{ "type": "Feature", "properties": { "CD_SETOR": "355030811000123", "faces": 11, "pavimentada": 100.0, "bueiro": 72.73, "iluminacao": 100.0, "onibus": 27.27, "ciclovia": 18.18, "calcada": 90.91, "obstaculo": 50.0, "rampa": 0.0, "rampa_faces": 0.0, "sem_calcada": 9.09, "sem_arvore": 63.64, "muitas_arvores": 18.18, "vao": 100.0, "V05400": 11, "V05421": 10, "V05406": 11, "V05412": 11, "V05422": 1, "V05424": 5, "V05427": 0, "V05409": 8, "V05415": 3, "V05418": 2, "V05430": 7, "V05433": 2, "criancas_0a4": 25, "em_favela": false }, "geometry": { "type": "Polygon", "coordinates": [ [ [ -46.68454, -23.478688 ], [ -46.685128, -23.479984 ], [ -46.685094, -23.480616 ], [ -46.684903, -23.481212 ], [ -46.686461, -23.480799 ], [ -46.686088, -23.479693 ], [ -46.685444, -23.478624 ], [ -46.685317, -23.478249 ], [ -46.685257, -23.478318 ], [ -46.68454, -23.478688 ] ] ] } },
{ "type": "Feature", "properties": { "CD_SETOR": "355030811000124", "faces": 12, "pavimentada": 100.0, "bueiro": 66.67, "iluminacao": 100.0, "onibus": 8.33, "ciclovia": 0.0, "calcada": 100.0, "obstaculo": 100.0, "rampa": 0.0, "rampa_faces": 0.0, "sem_calcada": 0.0, "sem_arvore": 91.67, "muitas_arvores": 0.0, "vao": 100.0, "V05400": 12, "V05421": 12, "V05406": 12, "V05412": 12, "V05422": 0, "V05424": 12, "V05427": 0, "V05409": 8, "V05415": 1, "V05418": 0, "V05430": 11, "V05433": 0, "criancas_0a4": 25, "em_favela": false }, "geometry": { "type": "Polygon", "coordinates": [ [ [ -46.68819, -23.477076 ], [ -46.688429, -23.47795 ], [ -46.690946, -23.477685 ], [ -46.690967, -23.477342 ], [ -46.690872, -23.476543 ], [ -46.690834, -23.476357 ], [ -46.690626, -23.475896 ], [ -46.69007, -23.475921 ], [ -46.690234, -23.476317 ], [ -46.690303, -23.476836 ], [ -46.68819, -23.477076 ] ] ] } },
{ "type": "Feature", "properties": { "CD_SETOR": "355030811000125", "faces": 20, "pavimentada": 100.0, "bueiro": 80.0, "iluminacao": 100.0, "onibus": 20.0, "ciclovia": 0.0, "calcada": 100.0, "obstaculo": 80.0, "rampa": 20.0, "rampa_faces": 20.0, "sem_calcada": 0.0, "sem_arvore": 65.0, "muitas_arvores": 5.0, "vao": 80.0, "V05400": 20, "V05421": 20, "V05406": 20, "V05412": 20, "V05422": 0, "V05424": 16, "V05427": 4, "V05409": 16, "V05415": 4, "V05418": 0, "V05430": 13, "V05433": 1, "criancas_0a4": 25, "em_favela": false }, "geometry": { "type": "Polygon", "coordinates": [ [ [ -46.690834, -23.476357 ], [ -46.690967, -23.477342 ], [ -46.690929, -23.477864 ], [ -46.691019, -23.477874 ], [ -46.693468, -23.478017 ], [ -46.693525, -23.477799 ], [ -46.694068, -23.477624 ], [ -46.69449, -23.476624 ], [ -46.694454, -23.476546 ], [ -46.694033, -23.476397 ], [ -46.693908, -23.476689 ], [ -46.693752, -23.476671 ], [ -46.693662, -23.47679 ], [ -46.690834, -23.476357 ] ] ] } },
{ "type": "Feature", "properties": { "CD_SETOR": "355030811000127", "faces": 14, "pavimentada": 100.0, "bueiro": 0.0, "iluminacao": 100.0, "onibus": 14.29, "ciclovia": 0.0, "calcada": 100.0, "obstaculo": 100.0, "rampa": 7.14, "rampa_faces": 7.14, "sem_calcada": 0.0, "sem_arvore": 85.71, "muitas_arvores": 0.0, "vao": 92.86, "V05400": 14, "V05421": 14, "V05406": 14, "V05412": 14, "V05422": 0, "V05424": 14, "V05427": 1, "V05409": 0, "V05415": 2, "V05418": 0, "V05430": 12, "V05433": 0, "criancas_0a4": 12, "em_favela": false }, "geometry": { "type": "Polygon", "coordinates": [ [ [ -46.691104, -23.472604 ], [ -46.690482, -23.472887 ], [ -46.690537, -23.472957 ], [ -46.690958, -23.473017 ], [ -46.691442, -23.473204 ], [ -46.691778, -23.473212 ], [ -46.692119, -23.472291 ], [ -46.692833, -23.47249 ], [ -46.692946, -23.47226 ], [ -46.693804, -23.472573 ], [ -46.693447, -23.471966 ], [ -46.692541, -23.470639 ], [ -46.692203, -23.470826 ], [ -46.691902, -23.471144 ], [ -46.691315, -23.472413 ], [ -46.691104, -23.472604 ] ] ] } },
{ "type": "Feature", "properties": { "CD_SETOR": "355030811000128", "faces": 11, "pavimentada": 100.0, "bueiro": 0.0, "iluminacao": 100.0, "onibus": 27.27, "ciclovia": 0.0, "calcada": 100.0, "obstaculo": 81.82, "rampa": 18.18, "rampa_faces": 18.18, "sem_calcada": 0.0, "sem_arvore": 90.91, "muitas_arvores": 9.09, "vao": 81.82, "V05400": 11, "V05421": 11, "V05406": 11, "V05412": 11, "V05422": 0, "V05424": 9, "V05427": 2, "V05409": 0, "V05415": 3, "V05418": 0, "V05430": 10, "V05433": 1, "criancas_0a4": 8, "em_favela": false }, "geometry": { "type": "Polygon", "coordinates": [ [ [ -46.69425, -23.469286 ], [ -46.693401, -23.470058 ], [ -46.693907, -23.470794 ], [ -46.694164, -23.470873 ], [ -46.694248, -23.4706 ], [ -46.694686, -23.470709 ], [ -46.695172, -23.4709 ], [ -46.695536, -23.469106 ], [ -46.694878, -23.468975 ], [ -46.694582, -23.468985 ], [ -46.694419, -23.469052 ], [ -46.69425, -23.469286 ] ] ] } },
{ "type": "Feature", "properties": { "CD_SETOR": "355030811000129", "faces": 18, "pavimentada": 100.0, "bueiro": 44.44, "iluminacao": 100.0, "onibus": 5.56, "ciclovia": 0.0, "calcada": 83.33, "obstaculo": 100.0, "rampa": 0.0, "rampa_faces": 0.0, "sem_calcada": 16.67, "sem_arvore": 83.33, "muitas_arvores": 0.0, "vao": 100.0, "V05400": 18, "V05421": 15, "V05406": 18, "V05412": 18, "V05422": 3, "V05424": 15, "V05427": 0, "V05409": 8, "V05415": 1, "V05418": 0, "V05430": 15, "V05433": 0, "criancas_0a4": 26, "em_favela": false }, "geometry": { "type": "Polygon", "coordinates": [ [ [ -46.695576, -23.46714 ], [ -46.694829, -23.467871 ], [ -46.695364, -23.468008 ], [ -46.69522, -23.468486 ], [ -46.695843, -23.469021 ], [ -46.696177, -23.468599 ], [ -46.697356, -23.468287 ], [ -46.697582, -23.467959 ], [ -46.697846, -23.467686 ], [ -46.696727, -23.467086 ], [ -46.696182, -23.466971 ], [ -46.695783, -23.467038 ], [ -46.695576, -23.46714 ] ] ] } },
{ "type": "Feature", "properties": { "CD_SETOR": "355030811000130", "faces": 16, "pavimentada": 100.0, "bueiro": 68.75, "iluminacao": 87.5, "onibus": 0.0, "ciclovia": 0.0, "calcada": 37.5, "obstaculo": 100.0, "rampa": 0.0, "rampa_faces": 0.0, "sem_calcada": 62.5, "sem_arvore": 93.75, "muitas_arvores": 0.0, "vao": 100.0, "V05400": 16, "V05421": 6, "V05406": 16, "V05412": 14, "V05422": 10, "V05424": 6, "V05427": 0, "V05409": 11, "V05415": 0, "V05418": 0, "V05430": 15, "V05433": 0, "criancas_0a4": 33, "em_favela": false }, "geometry": { "type": "Polygon", "coordinates": [ [ [ -46.697195, -23.465158 ], [ -46.696556, -23.465538 ], [ -46.695976, -23.466116 ], [ -46.694661, -23.466842 ], [ -46.694904, -23.467397 ], [ -46.694892, -23.46777 ], [ -46.695485, -23.467204 ], [ -46.695709, -23.467064 ], [ -46.696246, -23.46697 ], [ -46.696727, -23.467086 ], [ -46.698114, -23.465639 ], [ -46.697753, -23.465361 ], [ -46.697617, -23.465042 ], [ -46.697195, -23.465158 ] ] ] } },
{ "type": "Feature", "properties": { "CD_SETOR": "355030811000132", "faces": 8, "pavimentada": 100.0, "bueiro": 75.0, "iluminacao": 100.0, "onibus": 0.0, "ciclovia": 0.0, "calcada": 75.0, "obstaculo": 100.0, "rampa": 0.0, "rampa_faces": 0.0, "sem_calcada": 25.0, "sem_arvore": 12.5, "muitas_arvores": 25.0, "vao": 100.0, "V05400": 8, "V05421": 6, "V05406": 8, "V05412": 8, "V05422": 2, "V05424": 6, "V05427": 0, "V05409": 6, "V05415": 0, "V05418": 0, "V05430": 1, "V05433": 2, "criancas_0a4": 49, "em_favela": false }, "geometry": { "type": "Polygon", "coordinates": [ [ [ -46.699449, -23.463423 ], [ -46.698777, -23.463953 ], [ -46.698633, -23.464362 ], [ -46.698217, -23.46479 ], [ -46.697952, -23.464966 ], [ -46.697617, -23.465042 ], [ -46.697753, -23.465361 ], [ -46.698114, -23.465639 ], [ -46.699883, -23.46364 ], [ -46.700409, -23.462931 ], [ -46.700286, -23.462845 ], [ -46.700187, -23.462857 ], [ -46.699586, -23.463159 ], [ -46.699449, -23.463423 ] ] ] } },
{ "type": "Feature", "properties": { "CD_SETOR": "355030811000135", "faces": 8, "pavimentada": 100.0, "bueiro": 12.5, "iluminacao": 100.0, "onibus": 12.5, "ciclovia": 0.0, "calcada": 62.5, "obstaculo": 100.0, "rampa": 0.0, "rampa_faces": 0.0, "sem_calcada": 37.5, "sem_arvore": 75.0, "muitas_arvores": 0.0, "vao": 100.0, "V05400": 8, "V05421": 5, "V05406": 8, "V05412": 8, "V05422": 3, "V05424": 5, "V05427": 0, "V05409": 1, "V05415": 1, "V05418": 0, "V05430": 6, "V05433": 0, "criancas_0a4": 15, "em_favela": false }, "geometry": { "type": "Polygon", "coordinates": [ [ [ -46.698748, -23.45812 ], [ -46.698753, -23.458034 ], [ -46.698667, -23.457919 ], [ -46.698543, -23.457553 ], [ -46.698227, -23.457003 ], [ -46.698096, -23.457776 ], [ -46.697999, -23.45768 ], [ -46.697811, -23.45723 ], [ -46.697257, -23.457444 ], [ -46.697457, -23.458007 ], [ -46.697391, -23.458565 ], [ -46.698748, -23.45812 ] ] ] } },
{ "type": "Feature", "properties": { "CD_SETOR": "355030811000138", "faces": 15, "pavimentada": 100.0, "bueiro": 0.0, "iluminacao": 100.0, "onibus": 33.33, "ciclovia": 0.0, "calcada": 93.33, "obstaculo": 92.86, "rampa": 0.0, "rampa_faces": 0.0, "sem_calcada": 6.67, "sem_arvore": 26.67, "muitas_arvores": 40.0, "vao": 100.0, "V05400": 15, "V05421": 14, "V05406": 15, "V05412": 15, "V05422": 1, "V05424": 13, "V05427": 0, "V05409": 0, "V05415": 5, "V05418": 0, "V05430": 4, "V05433": 6, "criancas_0a4": 41, "em_favela": false }, "geometry": { "type": "Polygon", "coordinates": [ [ [ -46.692832, -23.45491 ], [ -46.693059, -23.454527 ], [ -46.693209, -23.454408 ], [ -46.694834, -23.454003 ], [ -46.694764, -23.452922 ], [ -46.694226, -23.452941 ], [ -46.694177, -23.453008 ], [ -46.692381, -23.453222 ], [ -46.692386, -23.453522 ], [ -46.692832, -23.45491 ] ] ] } },
{ "type": "Feature", "properties": { "CD_SETOR": "355030811000139", "faces": 12, "pavimentada": 100.0, "bueiro": 8.33, "iluminacao": 100.0, "onibus": 50.0, "ciclovia": 0.0, "calcada": 100.0, "obstaculo": 100.0, "rampa": 0.0, "rampa_faces": 0.0, "sem_calcada": 0.0, "sem_arvore": 25.0, "muitas_arvores": 33.33, "vao": 100.0, "V05400": 12, "V05421": 12, "V05406": 12, "V05412": 12, "V05422": 0, "V05424": 12, "V05427": 0, "V05409": 1, "V05415": 6, "V05418": 0, "V05430": 3, "V05433": 4, "criancas_0a4": 20, "em_favela": false }, "geometry": { "type": "Polygon", "coordinates": [ [ [ -46.692166, -23.455594 ], [ -46.692422, -23.455607 ], [ -46.692832, -23.45491 ], [ -46.692386, -23.453522 ], [ -46.692381, -23.453222 ], [ -46.694177, -23.453008 ], [ -46.694226, -23.452941 ], [ -46.694764, -23.452922 ], [ -46.694721, -23.452619 ], [ -46.692188, -23.452766 ], [ -46.691673, -23.454015 ], [ -46.691639, -23.454212 ], [ -46.691761, -23.454429 ], [ -46.692334, -23.45478 ], [ -46.692175, -23.455023 ], [ -46.692109, -23.455028 ], [ -46.691904, -23.455225 ], [ -46.691914, -23.455333 ], [ -46.692166, -23.455594 ] ] ] } },
{ "type": "Feature", "properties": { "CD_SETOR": "355030811000141", "faces": 13, "pavimentada": 100.0, "bueiro": 38.46, "iluminacao": 100.0, "onibus": 0.0, "ciclovia": 7.69, "calcada": 53.85, "obstaculo": 100.0, "rampa": 0.0, "rampa_faces": 0.0, "sem_calcada": 46.15, "sem_arvore": 76.92, "muitas_arvores": 23.08, "vao": 100.0, "V05400": 13, "V05421": 7, "V05406": 13, "V05412": 13, "V05422": 6, "V05424": 7, "V05427": 0, "V05409": 5, "V05415": 0, "V05418": 1, "V05430": 10, "V05433": 3, "criancas_0a4": 27, "em_favela": false }, "geometry": { "type": "Polygon", "coordinates": [ [ [ -46.681943, -23.454872 ], [ -46.681961, -23.455121 ], [ -46.682848, -23.455293 ], [ -46.683166, -23.455466 ], [ -46.683219, -23.455231 ], [ -46.683601, -23.45491 ], [ -46.683325, -23.454368 ], [ -46.682953, -23.454551 ], [ -46.681943, -23.454872 ] ] ] } },
{ "type": "Feature", "properties": { "CD_SETOR": "355030811000142", "faces": 20, "pavimentada": 100.0, "bueiro": 45.0, "iluminacao": 100.0, "onibus": 5.0, "ciclovia": 0.0, "calcada": 50.0, "obstaculo": 100.0, "rampa": 0.0, "rampa_faces": 0.0, "sem_calcada": 50.0, "sem_arvore": 100.0, "muitas_arvores": 0.0, "vao": 100.0, "V05400": 20, "V05421": 10, "V05406": 20, "V05412": 20, "V05422": 10, "V05424": 10, "V05427": 0, "V05409": 9, "V05415": 1, "V05418": 0, "V05430": 20, "V05433": 0, "criancas_0a4": 24, "em_favela": false }, "geometry": { "type": "Polygon", "coordinates": [ [ [ -46.681547, -23.454001 ], [ -46.681943, -23.454872 ], [ -46.682953, -23.454551 ], [ -46.683325, -23.454368 ], [ -46.683047, -23.453796 ], [ -46.68238, -23.454084 ], [ -46.682147, -23.453763 ], [ -46.681547, -23.454001 ] ] ] } },
{ "type": "Feature", "properties": { "CD_SETOR": "355030811000144", "faces": 13, "pavimentada": 100.0, "bueiro": 38.46, "iluminacao": 100.0, "onibus": 0.0, "ciclovia": 0.0, "calcada": 46.15, "obstaculo": 33.33, "rampa": 0.0, "rampa_faces": 0.0, "sem_calcada": 53.85, "sem_arvore": 84.62, "muitas_arvores": 7.69, "vao": 100.0, "V05400": 13, "V05421": 6, "V05406": 13, "V05412": 13, "V05422": 7, "V05424": 2, "V05427": 0, "V05409": 5, "V05415": 0, "V05418": 0, "V05430": 11, "V05433": 1, "criancas_0a4": 24, "em_favela": false }, "geometry": { "type": "Polygon", "coordinates": [ [ [ -46.679126, -23.453628 ], [ -46.679429, -23.454255 ], [ -46.679499, -23.454313 ], [ -46.679624, -23.454302 ], [ -46.679719, -23.454496 ], [ -46.68035, -23.454261 ], [ -46.68009, -23.453743 ], [ -46.679965, -23.45372 ], [ -46.679966, -23.453671 ], [ -46.679476, -23.453538 ], [ -46.679462, -23.453604 ], [ -46.679126, -23.453628 ] ] ] } },
{ "type": "Feature", "properties": { "CD_SETOR": "355030811000146", "faces": 7, "pavimentada": 100.0, "bueiro": 57.14, "iluminacao": 100.0, "onibus": 14.29, "ciclovia": 14.29, "calcada": 85.71, "obstaculo": 83.33, "rampa": 50.0, "rampa_faces": 42.86, "sem_calcada": 14.29, "sem_arvore": 28.57, "muitas_arvores": 0.0, "vao": 57.14, "V05400": 7, "V05421": 6, "V05406": 7, "V05412": 7, "V05422": 1, "V05424": 5, "V05427": 3, "V05409": 4, "V05415": 1, "V05418": 1, "V05430": 2, "V05433": 0, "criancas_0a4": 12, "em_favela": false }, "geometry": { "type": "Polygon", "coordinates": [ [ [ -46.676003, -23.454199 ], [ -46.67624, -23.453993 ], [ -46.676483, -23.453867 ], [ -46.676923, -23.453814 ], [ -46.676872, -23.452864 ], [ -46.675409, -23.452468 ], [ -46.675291, -23.452743 ], [ -46.67524, -23.453045 ], [ -46.67589, -23.453012 ], [ -46.676003, -23.454199 ] ] ] } },
{ "type": "Feature", "properties": { "CD_SETOR": "355030811000147", "faces": 15, "pavimentada": 100.0, "bueiro": 66.67, "iluminacao": 80.0, "onibus": 0.0, "ciclovia": 0.0, "calcada": 66.67, "obstaculo": 100.0, "rampa": 0.0, "rampa_faces": 0.0, "sem_calcada": 33.33, "sem_arvore": 60.0, "muitas_arvores": 6.67, "vao": 100.0, "V05400": 15, "V05421": 10, "V05406": 15, "V05412": 12, "V05422": 5, "V05424": 10, "V05427": 0, "V05409": 10, "V05415": 0, "V05418": 0, "V05430": 9, "V05433": 1, "criancas_0a4": 50, "em_favela": true }, "geometry": { "type": "Polygon", "coordinates": [ [ [ -46.676923, -23.453814 ], [ -46.677037, -23.453818 ], [ -46.677811, -23.454097 ], [ -46.677867, -23.454184 ], [ -46.677916, -23.45417 ], [ -46.678077, -23.454008 ], [ -46.678249, -23.453722 ], [ -46.678465, -23.453522 ], [ -46.678534, -23.453293 ], [ -46.677774, -23.45311 ], [ -46.677673, -23.453025 ], [ -46.677502, -23.452974 ], [ -46.676872, -23.452864 ], [ -46.676923, -23.453814 ] ] ] } },
{ "type": "Feature", "properties": { "CD_SETOR": "355030811000148", "faces": 13, "pavimentada": 100.0, "bueiro": 61.54, "iluminacao": 100.0, "onibus": 23.08, "ciclovia": 0.0, "calcada": 100.0, "obstaculo": 69.23, "rampa": 0.0, "rampa_faces": 0.0, "sem_calcada": 0.0, "sem_arvore": 53.85, "muitas_arvores": 30.77, "vao": 100.0, "V05400": 13, "V05421": 13, "V05406": 13, "V05412": 13, "V05422": 0, "V05424": 9, "V05427": 0, "V05409": 8, "V05415": 3, "V05418": 0, "V05430": 7, "V05433": 4, "criancas_0a4": 17, "em_favela": false }, "geometry": { "type": "Polygon", "coordinates": [ [ [ -46.674411, -23.459513 ], [ -46.674469, -23.459586 ], [ -46.675596, -23.460085 ], [ -46.67624, -23.460235 ], [ -46.676614, -23.458853 ], [ -46.675414, -23.458076 ], [ -46.674411, -23.459513 ] ] ] } },
{ "type": "Feature", "properties": { "CD_SETOR": "355030811000149", "faces": 16, "pavimentada": 100.0, "bueiro": 68.75, "iluminacao": 100.0, "onibus": 31.25, "ciclovia": 37.5, "calcada": 50.0, "obstaculo": 75.0, "rampa": 12.5, "rampa_faces": 6.25, "sem_calcada": 50.0, "sem_arvore": 56.25, "muitas_arvores": 18.75, "vao": 93.75, "V05400": 16, "V05421": 8, "V05406": 16, "V05412": 16, "V05422": 8, "V05424": 6, "V05427": 1, "V05409": 11, "V05415": 5, "V05418": 6, "V05430": 9, "V05433": 3, "criancas_0a4": 46, "em_favela": true }, "geometry": { "type": "Polygon", "coordinates": [ [ [ -46.674622, -23.454601 ], [ -46.675046, -23.455736 ], [ -46.675095, -23.455987 ], [ -46.675087, -23.45623 ], [ -46.674942, -23.456953 ], [ -46.675047, -23.457569 ], [ -46.67503, -23.457841 ], [ -46.674953, -23.458087 ], [ -46.674781, -23.45835 ], [ -46.673967, -23.4593 ], [ -46.673515, -23.459717 ], [ -46.67419, -23.459634 ], [ -46.674411, -23.459513 ], [ -46.675477, -23.457984 ], [ -46.675638, -23.457643 ], [ -46.675615, -23.456895 ], [ -46.675356, -23.454338 ], [ -46.674793, -23.454474 ], [ -46.674622, -23.454601 ] ] ] } },
{ "type": "Feature", "properties": { "CD_SETOR": "355030811000150", "faces": 16, "pavimentada": 100.0, "bueiro": 18.75, "iluminacao": 100.0, "onibus": 12.5, "ciclovia": 0.0, "calcada": 75.0, "obstaculo": 83.33, "rampa": 33.33, "rampa_faces": 25.0, "sem_calcada": 25.0, "sem_arvore": 37.5, "muitas_arvores": 25.0, "vao": 75.0, "V05400": 16, "V05421": 12, "V05406": 16, "V05412": 16, "V05422": 4, "V05424": 10, "V05427": 4, "V05409": 3, "V05415": 2, "V05418": 0, "V05430": 6, "V05433": 4, "criancas_0a4": 31, "em_favela": false }, "geometry": { "type": "Polygon", "coordinates": [ [ [ -46.67422, -23.46205 ], [ -46.675219, -23.462375 ], [ -46.676103, -23.460203 ], [ -46.675596, -23.460085 ], [ -46.675125, -23.459878 ], [ -46.67422, -23.46205 ] ] ] } },
{ "type": "Feature", "properties": { "CD_SETOR": "355030811000151", "faces": 43, "pavimentada": 100.0, "bueiro": 51.16, "iluminacao": 100.0, "onibus": 4.65, "ciclovia": 9.3, "calcada": 86.05, "obstaculo": 78.38, "rampa": 0.0, "rampa_faces": 0.0, "sem_calcada": 13.95, "sem_arvore": 74.42, "muitas_arvores": 6.98, "vao": 100.0, "V05400": 43, "V05421": 37, "V05406": 43, "V05412": 43, "V05422": 6, "V05424": 29, "V05427": 0, "V05409": 22, "V05415": 2, "V05418": 4, "V05430": 32, "V05433": 3, "criancas_0a4": 34, "em_favela": false }, "geometry": { "type": "Polygon", "coordinates": [ [ [ -46.672645, -23.462517 ], [ -46.672465, -23.463334 ], [ -46.672139, -23.464008 ], [ -46.672273, -23.463957 ], [ -46.672878, -23.464326 ], [ -46.672897, -23.464424 ], [ -46.673057, -23.46419 ], [ -46.672977, -23.46415 ], [ -46.673561, -23.463274 ], [ -46.674489, -23.464195 ], [ -46.675219, -23.462375 ], [ -46.673246, -23.461734 ], [ -46.672745, -23.461651 ], [ -46.672645, -23.462517 ] ] ] } },
{ "type": "Feature", "properties": { "CD_SETOR": "355030811000152", "faces": 26, "pavimentada": 100.0, "bueiro": 69.23, "iluminacao": 100.0, "onibus": 3.85, "ciclovia": 3.85, "calcada": 100.0, "obstaculo": 92.31, "rampa": 7.69, "rampa_faces": 7.69, "sem_calcada": 0.0, "sem_arvore": 69.23, "muitas_arvores": 11.54, "vao": 92.31, "V05400": 26, "V05421": 26, "V05406": 26, "V05412": 26, "V05422": 0, "V05424": 24, "V05427": 2, "V05409": 18, "V05415": 1, "V05418": 1, "V05430": 18, "V05433": 3, "criancas_0a4": 26, "em_favela": false }, "geometry": { "type": "Polygon", "coordinates": [ [ [ -46.67037, -23.469657 ], [ -46.670418, -23.469903 ], [ -46.670454, -23.469826 ], [ -46.670777, -23.469868 ], [ -46.670742, -23.470095 ], [ -46.67082, -23.470174 ], [ -46.670906, -23.470415 ], [ -46.670894, -23.47081 ], [ -46.671044, -23.470927 ], [ -46.671041, -23.471535 ], [ -46.671079, -23.471527 ], [ -46.671438, -23.471271 ], [ -46.672274, -23.470118 ], [ -46.672925, -23.469625 ], [ -46.673036, -23.468349 ], [ -46.671765, -23.467858 ], [ -46.671701, -23.468484 ], [ -46.670983, -23.46866 ], [ -46.671229, -23.469355 ], [ -46.67037, -23.469657 ] ] ] } },
{ "type": "Feature", "properties": { "CD_SETOR": "355030811000153", "faces": 33, "pavimentada": 100.0, "bueiro": 93.94, "iluminacao": 100.0, "onibus": 9.09, "ciclovia": 9.09, "calcada": 93.94, "obstaculo": 87.1, "rampa": 6.45, "rampa_faces": 6.06, "sem_calcada": 6.06, "sem_arvore": 78.79, "muitas_arvores": 15.15, "vao": 93.94, "V05400": 33, "V05421": 31, "V05406": 33, "V05412": 33, "V05422": 2, "V05424": 27, "V05427": 2, "V05409": 31, "V05415": 3, "V05418": 3, "V05430": 26, "V05433": 5, "criancas_0a4": 13, "em_favela": false }, "geometry": { "type": "Polygon", "coordinates": [ [ [ -46.670418, -23.469903 ], [ -46.670438, -23.470569 ], [ -46.670042, -23.474027 ], [ -46.670469, -23.473686 ], [ -46.671589, -23.473282 ], [ -46.671563, -23.47182 ], [ -46.672733, -23.471266 ], [ -46.672814, -23.470683 ], [ -46.67195, -23.470527 ], [ -46.671438, -23.471271 ], [ -46.671041, -23.471535 ], [ -46.671044, -23.470927 ], [ -46.670894, -23.47081 ], [ -46.670906, -23.470415 ], [ -46.67082, -23.470174 ], [ -46.670742, -23.470095 ], [ -46.670777, -23.469868 ], [ -46.670454, -23.469826 ], [ -46.670418, -23.469903 ] ] ] } },
{ "type": "Feature", "properties": { "CD_SETOR": "355030811000154", "faces": 17, "pavimentada": 100.0, "bueiro": 5.88, "iluminacao": 100.0, "onibus": 5.88, "ciclovia": 0.0, "calcada": 70.59, "obstaculo": 83.33, "rampa": 0.0, "rampa_faces": 0.0, "sem_calcada": 29.41, "sem_arvore": 41.18, "muitas_arvores": 0.0, "vao": 100.0, "V05400": 17, "V05421": 12, "V05406": 17, "V05412": 17, "V05422": 5, "V05424": 10, "V05427": 0, "V05409": 1, "V05415": 1, "V05418": 0, "V05430": 7, "V05433": 0, "criancas_0a4": 35, "em_favela": false }, "geometry": { "type": "Polygon", "coordinates": [ [ [ -46.682635, -23.478585 ], [ -46.682629, -23.47896 ], [ -46.682436, -23.479281 ], [ -46.682122, -23.479998 ], [ -46.682005, -23.480439 ], [ -46.682054, -23.480683 ], [ -46.682293, -23.481067 ], [ -46.682665, -23.481402 ], [ -46.68266, -23.481047 ], [ -46.682506, -23.481049 ], [ -46.682495, -23.480742 ], [ -46.682532, -23.480603 ], [ -46.682773, -23.480325 ], [ -46.682985, -23.4802 ], [ -46.683238, -23.48014 ], [ -46.684255, -23.48021 ], [ -46.684449, -23.48011 ], [ -46.684524, -23.479983 ], [ -46.684258, -23.479311 ], [ -46.683612, -23.477959 ], [ -46.68316, -23.478177 ], [ -46.683211, -23.478285 ], [ -46.682635, -23.478585 ] ] ] } },
{ "type": "Feature", "properties": { "CD_SETOR": "355030811000155", "faces": 11, "pavimentada": 100.0, "bueiro": 72.73, "iluminacao": 100.0, "onibus": 9.09, "ciclovia": 0.0, "calcada": 100.0, "obstaculo": 100.0, "rampa": 9.09, "rampa_faces": 9.09, "sem_calcada": 0.0, "sem_arvore": 81.82, "muitas_arvores": 9.09, "vao": 90.91, "V05400": 11, "V05421": 11, "V05406": 11, "V05412": 11, "V05422": 0, "V05424": 11, "V05427": 1, "V05409": 8, "V05415": 1, "V05418": 0, "V05430": 9, "V05433": 1, "criancas_0a4": 17, "em_favela": false }, "geometry": { "type": "Polygon", "coordinates": [ [ [ -46.68266, -23.481047 ], [ -46.682743, -23.480912 ], [ -46.683563, -23.481211 ], [ -46.684287, -23.481322 ], [ -46.684903, -23.481212 ], [ -46.685094, -23.480616 ], [ -46.685133, -23.480086 ], [ -46.684524, -23.479983 ], [ -46.684449, -23.48011 ], [ -46.684255, -23.48021 ], [ -46.683356, -23.480135 ], [ -46.682985, -23.4802 ], [ -46.682691, -23.480392 ], [ -46.682532, -23.480603 ], [ -46.682506, -23.481049 ], [ -46.68266, -23.481047 ] ] ] } },
{ "type": "Feature", "properties": { "CD_SETOR": "355030811000156", "faces": 22, "pavimentada": 100.0, "bueiro": 63.64, "iluminacao": 100.0, "onibus": 13.64, "ciclovia": 0.0, "calcada": 95.45, "obstaculo": 85.71, "rampa": 4.76, "rampa_faces": 4.55, "sem_calcada": 4.55, "sem_arvore": 50.0, "muitas_arvores": 4.55, "vao": 95.45, "V05400": 22, "V05421": 21, "V05406": 22, "V05412": 22, "V05422": 1, "V05424": 18, "V05427": 1, "V05409": 14, "V05415": 3, "V05418": 0, "V05430": 11, "V05433": 1, "criancas_0a4": 38, "em_favela": false }, "geometry": { "type": "Polygon", "coordinates": [ [ [ -46.693767, -23.475947 ], [ -46.693864, -23.476064 ], [ -46.694063, -23.476132 ], [ -46.694008, -23.476377 ], [ -46.694454, -23.476546 ], [ -46.69449, -23.476599 ], [ -46.694068, -23.477624 ], [ -46.695025, -23.477926 ], [ -46.695292, -23.477966 ], [ -46.695375, -23.477294 ], [ -46.695731, -23.47627 ], [ -46.696035, -23.475647 ], [ -46.696244, -23.475535 ], [ -46.695951, -23.475478 ], [ -46.694398, -23.474946 ], [ -46.694158, -23.474797 ], [ -46.693668, -23.474654 ], [ -46.693649, -23.474883 ], [ -46.693687, -23.475039 ], [ -46.693966, -23.475253 ], [ -46.694042, -23.475383 ], [ -46.694031, -23.475583 ], [ -46.693959, -23.475732 ], [ -46.693767, -23.475947 ] ] ] } },
{ "type": "Feature", "properties": { "CD_SETOR": "355030811000157", "faces": 23, "pavimentada": 100.0, "bueiro": 8.7, "iluminacao": 91.3, "onibus": 8.7, "ciclovia": 0.0, "calcada": 95.65, "obstaculo": 81.82, "rampa": 0.0, "rampa_faces": 0.0, "sem_calcada": 4.35, "sem_arvore": 65.22, "muitas_arvores": 8.7, "vao": 100.0, "V05400": 23, "V05421": 22, "V05406": 23, "V05412": 21, "V05422": 1, "V05424": 18, "V05427": 0, "V05409": 2, "V05415": 2, "V05418": 0, "V05430": 15, "V05433": 2, "criancas_0a4": 29, "em_favela": false }, "geometry": { "type": "Polygon", "coordinates": [ [ [ -46.692833, -23.47249 ], [ -46.693082, -23.472642 ], [ -46.693644, -23.472768 ], [ -46.693515, -23.474196 ], [ -46.69404, -23.474368 ], [ -46.694107, -23.474437 ], [ -46.694001, -23.474746 ], [ -46.694667, -23.475029 ], [ -46.695442, -23.472957 ], [ -46.694971, -23.472962 ], [ -46.692946, -23.47226 ], [ -46.692833, -23.47249 ] ] ] } },
{ "type": "Feature", "properties": { "CD_SETOR": "355030811000158", "faces": 5, "pavimentada": 100.0, "bueiro": 80.0, "iluminacao": 100.0, "onibus": 0.0, "ciclovia": 0.0, "calcada": 100.0, "obstaculo": 100.0, "rampa": 0.0, "rampa_faces": 0.0, "sem_calcada": 0.0, "sem_arvore": 80.0, "muitas_arvores": 0.0, "vao": 100.0, "V05400": 5, "V05421": 5, "V05406": 5, "V05412": 5, "V05422": 0, "V05424": 5, "V05427": 0, "V05409": 4, "V05415": 0, "V05418": 0, "V05430": 4, "V05433": 0, "criancas_0a4": 5, "em_favela": false }, "geometry": { "type": "Polygon", "coordinates": [ [ [ -46.696034, -23.471514 ], [ -46.696127, -23.471686 ], [ -46.696109, -23.472446 ], [ -46.695938, -23.472893 ], [ -46.69659, -23.472944 ], [ -46.696713, -23.471316 ], [ -46.696505, -23.471282 ], [ -46.696217, -23.471109 ], [ -46.696034, -23.471514 ] ] ] } },
{ "type": "Feature", "properties": { "CD_SETOR": "355030811000159", "faces": 16, "pavimentada": 100.0, "bueiro": 43.75, "iluminacao": 100.0, "onibus": 6.25, "ciclovia": 0.0, "calcada": 100.0, "obstaculo": 93.75, "rampa": 0.0, "rampa_faces": 0.0, "sem_calcada": 0.0, "sem_arvore": 68.75, "muitas_arvores": 0.0, "vao": 100.0, "V05400": 16, "V05421": 16, "V05406": 16, "V05412": 16, "V05422": 0, "V05424": 15, "V05427": 0, "V05409": 7, "V05415": 1, "V05418": 0, "V05430": 11, "V05433": 0, "criancas_0a4": 35, "em_favela": false }, "geometry": { "type": "Polygon", "coordinates": [ [ [ -46.696031, -23.469073 ], [ -46.695536, -23.469106 ], [ -46.69521, -23.470803 ], [ -46.694426, -23.472772 ], [ -46.695036, -23.472979 ], [ -46.695331, -23.47295 ], [ -46.695605, -23.472581 ], [ -46.696245, -23.471046 ], [ -46.696457, -23.469452 ], [ -46.69599, -23.469574 ], [ -46.696031, -23.469073 ] ] ] } },
{ "type": "Feature", "properties": { "CD_SETOR": "355030811000160", "faces": 11, "pavimentada": 100.0, "bueiro": 45.45, "iluminacao": 100.0, "onibus": 27.27, "ciclovia": 0.0, "calcada": 100.0, "obstaculo": 90.91, "rampa": 9.09, "rampa_faces": 9.09, "sem_calcada": 0.0, "sem_arvore": 81.82, "muitas_arvores": 9.09, "vao": 90.91, "V05400": 11, "V05421": 11, "V05406": 11, "V05412": 11, "V05422": 0, "V05424": 10, "V05427": 1, "V05409": 5, "V05415": 3, "V05418": 0, "V05430": 9, "V05433": 1, "criancas_0a4": 9, "em_favela": false }, "geometry": { "type": "Polygon", "coordinates": [ [ [ -46.695843, -23.469021 ], [ -46.695848, -23.469092 ], [ -46.696031, -23.469073 ], [ -46.696043, -23.469114 ], [ -46.69599, -23.469574 ], [ -46.696457, -23.469452 ], [ -46.696217, -23.471109 ], [ -46.696505, -23.471282 ], [ -46.696646, -23.471289 ], [ -46.696794, -23.470117 ], [ -46.697673, -23.469218 ], [ -46.697413, -23.4687 ], [ -46.697322, -23.468396 ], [ -46.697356, -23.468287 ], [ -46.696177, -23.468599 ], [ -46.695843, -23.469021 ] ] ] } },
{ "type": "Feature", "properties": { "CD_SETOR": "355030811000161", "faces": 11, "pavimentada": 100.0, "bueiro": 9.09, "iluminacao": 100.0, "onibus": 18.18, "ciclovia": 0.0, "calcada": 81.82, "obstaculo": 88.89, "rampa": 0.0, "rampa_faces": 0.0, "sem_calcada": 18.18, "sem_arvore": 100.0, "muitas_arvores": 0.0, "vao": 100.0, "V05400": 11, "V05421": 9, "V05406": 11, "V05412": 11, "V05422": 2, "V05424": 8, "V05427": 0, "V05409": 1, "V05415": 2, "V05418": 0, "V05430": 11, "V05433": 0, "criancas_0a4": 32, "em_favela": false }, "geometry": { "type": "Polygon", "coordinates": [ [ [ -46.700846, -23.464036 ], [ -46.700369, -23.463701 ], [ -46.700153, -23.46402 ], [ -46.698536, -23.465874 ], [ -46.698436, -23.465891 ], [ -46.698101, -23.465652 ], [ -46.69793, -23.465821 ], [ -46.698645, -23.466605 ], [ -46.700846, -23.464036 ] ] ] } },
{ "type": "Feature", "properties": { "CD_SETOR": "355030811000163", "faces": 4, "pavimentada": 100.0, "bueiro": 50.0, "iluminacao": 100.0, "onibus": 25.0, "ciclovia": 0.0, "calcada": 75.0, "obstaculo": 100.0, "rampa": 0.0, "rampa_faces": 0.0, "sem_calcada": 25.0, "sem_arvore": 75.0, "muitas_arvores": 0.0, "vao": 100.0, "V05400": 4, "V05421": 3, "V05406": 4, "V05412": 4, "V05422": 1, "V05424": 3, "V05427": 0, "V05409": 2, "V05415": 1, "V05418": 0, "V05430": 3, "V05433": 0, "criancas_0a4": 5, "em_favela": false }, "geometry": { "type": "Polygon", "coordinates": [ [ [ -46.698529, -23.459307 ], [ -46.697843, -23.459909 ], [ -46.699088, -23.459765 ], [ -46.699281, -23.459781 ], [ -46.699853, -23.460383 ], [ -46.700132, -23.459956 ], [ -46.699648, -23.459397 ], [ -46.699481, -23.459275 ], [ -46.698529, -23.459307 ] ] ] } },
{ "type": "Feature", "properties": { "CD_SETOR": "355030811000164", "faces": 11, "pavimentada": 100.0, "bueiro": 45.45, "iluminacao": 90.91, "onibus": 0.0, "ciclovia": 0.0, "calcada": 54.55, "obstaculo": 100.0, "rampa": 0.0, "rampa_faces": 0.0, "sem_calcada": 45.45, "sem_arvore": 63.64, "muitas_arvores": 9.09, "vao": 100.0, "V05400": 11, "V05421": 6, "V05406": 11, "V05412": 10, "V05422": 5, "V05424": 6, "V05427": 0, "V05409": 5, "V05415": 0, "V05418": 0, "V05430": 7, "V05433": 1, "criancas_0a4": 38, "em_favela": true }, "geometry": { "type": "Polygon", "coordinates": [ [ [ -46.699059, -23.458711 ], [ -46.699022, -23.458812 ], [ -46.698529, -23.459307 ], [ -46.699411, -23.459263 ], [ -46.699592, -23.459339 ], [ -46.700132, -23.459956 ], [ -46.699853, -23.460383 ], [ -46.701097, -23.46073 ], [ -46.701348, -23.460561 ], [ -46.701647, -23.460689 ], [ -46.702265, -23.46115 ], [ -46.702476, -23.460915 ], [ -46.702443, -23.460878 ], [ -46.70248, -23.460814 ], [ -46.702316, -23.46066 ], [ -46.700872, -23.459706 ], [ -46.700271, -23.459365 ], [ -46.699871, -23.458922 ], [ -46.699633, -23.458812 ], [ -46.699059, -23.458711 ] ] ] } },
{ "type": "Feature", "properties": { "CD_SETOR": "355030811000165", "faces": 10, "pavimentada": 100.0, "bueiro": 50.0, "iluminacao": 100.0, "onibus": 20.0, "ciclovia": 0.0, "calcada": 80.0, "obstaculo": 100.0, "rampa": 0.0, "rampa_faces": 0.0, "sem_calcada": 20.0, "sem_arvore": 40.0, "muitas_arvores": 0.0, "vao": 100.0, "V05400": 10, "V05421": 8, "V05406": 10, "V05412": 10, "V05422": 2, "V05424": 8, "V05427": 0, "V05409": 5, "V05415": 2, "V05418": 0, "V05430": 4, "V05433": 0, "criancas_0a4": 53, "em_favela": false }, "geometry": { "type": "Polygon", "coordinates": [ [ [ -46.698543, -23.457553 ], [ -46.698707, -23.45799 ], [ -46.699015, -23.458202 ], [ -46.699084, -23.458473 ], [ -46.699719, -23.458318 ], [ -46.70015, -23.458596 ], [ -46.700311, -23.458382 ], [ -46.699901, -23.456881 ], [ -46.699894, -23.456715 ], [ -46.699943, -23.456511 ], [ -46.700166, -23.456183 ], [ -46.699681, -23.456224 ], [ -46.699516, -23.456325 ], [ -46.699431, -23.456516 ], [ -46.699432, -23.457055 ], [ -46.699333, -23.457176 ], [ -46.698995, -23.456664 ], [ -46.698993, -23.456109 ], [ -46.698934, -23.456031 ], [ -46.698744, -23.456066 ], [ -46.698299, -23.455582 ], [ -46.698428, -23.456282 ], [ -46.698462, -23.45712 ], [ -46.698543, -23.457553 ] ] ] } },
{ "type": "Feature", "properties": { "CD_SETOR": "355030811000166", "faces": 13, "pavimentada": 100.0, "bueiro": 15.38, "iluminacao": 100.0, "onibus": 0.0, "ciclovia": 0.0, "calcada": 84.62, "obstaculo": 100.0, "rampa": 0.0, "rampa_faces": 0.0, "sem_calcada": 15.38, "sem_arvore": 61.54, "muitas_arvores": 7.69, "vao": 100.0, "V05400": 13, "V05421": 11, "V05406": 13, "V05412": 13, "V05422": 2, "V05424": 11, "V05427": 0, "V05409": 2, "V05415": 0, "V05418": 0, "V05430": 8, "V05433": 1, "criancas_0a4": 34, "em_favela": false }, "geometry": { "type": "Polygon", "coordinates": [ [ [ -46.696783, -23.453765 ], [ -46.696894, -23.454106 ], [ -46.697189, -23.454534 ], [ -46.697213, -23.454928 ], [ -46.697273, -23.455041 ], [ -46.698076, -23.455275 ], [ -46.698744, -23.456066 ], [ -46.698934, -23.456031 ], [ -46.698993, -23.456109 ], [ -46.698979, -23.455458 ], [ -46.698621, -23.455439 ], [ -46.698264, -23.454866 ], [ -46.698095, -23.454783 ], [ -46.697732, -23.454714 ], [ -46.697598, -23.454591 ], [ -46.697534, -23.454412 ], [ -46.697429, -23.453175 ], [ -46.697265, -23.453118 ], [ -46.697109, -23.453126 ], [ -46.696883, -23.453261 ], [ -46.696766, -23.453486 ], [ -46.696783, -23.453765 ] ] ] } },
{ "type": "Feature", "properties": { "CD_SETOR": "355030811000167", "faces": 10, "pavimentada": 100.0, "bueiro": 10.0, "iluminacao": 100.0, "onibus": 10.0, "ciclovia": 0.0, "calcada": 90.0, "obstaculo": 88.89, "rampa": 0.0, "rampa_faces": 0.0, "sem_calcada": 10.0, "sem_arvore": 60.0, "muitas_arvores": 0.0, "vao": 100.0, "V05400": 10, "V05421": 9, "V05406": 10, "V05412": 10, "V05422": 1, "V05424": 8, "V05427": 0, "V05409": 1, "V05415": 1, "V05418": 0, "V05430": 6, "V05433": 0, "criancas_0a4": 37, "em_favela": false }, "geometry": { "type": "Polygon", "coordinates": [ [ [ -46.698424, -23.455152 ], [ -46.698685, -23.454809 ], [ -46.698806, -23.454419 ], [ -46.698881, -23.453939 ], [ -46.698832, -23.453565 ], [ -46.698226, -23.453583 ], [ -46.697977, -23.453497 ], [ -46.697429, -23.453175 ], [ -46.697534, -23.454412 ], [ -46.697598, -23.454591 ], [ -46.697732, -23.454714 ], [ -46.698214, -23.454831 ], [ -46.698316, -23.454925 ], [ -46.698424, -23.455152 ] ] ] } },
{ "type": "Feature", "properties": { "CD_SETOR": "355030811000169", "faces": 11, "pavimentada": 100.0, "bueiro": 72.73, "iluminacao": 100.0, "onibus": 45.45, "ciclovia": 0.0, "calcada": 72.73, "obstaculo": 100.0, "rampa": 0.0, "rampa_faces": 0.0, "sem_calcada": 27.27, "sem_arvore": 45.45, "muitas_arvores": 0.0, "vao": 100.0, "V05400": 11, "V05421": 8, "V05406": 11, "V05412": 11, "V05422": 3, "V05424": 8, "V05427": 0, "V05409": 8, "V05415": 5, "V05418": 0, "V05430": 5, "V05433": 0, "criancas_0a4": 25, "em_favela": false }, "geometry": { "type": "Polygon", "coordinates": [ [ [ -46.692126, -23.451489 ], [ -46.692073, -23.451404 ], [ -46.691662, -23.451107 ], [ -46.690742, -23.451057 ], [ -46.689864, -23.450838 ], [ -46.689672, -23.450844 ], [ -46.689738, -23.451441 ], [ -46.689926, -23.451418 ], [ -46.690164, -23.45146 ], [ -46.69078, -23.45166 ], [ -46.69092, -23.451804 ], [ -46.69138, -23.452671 ], [ -46.691726, -23.452643 ], [ -46.69184, -23.452517 ], [ -46.6921, -23.451909 ], [ -46.692126, -23.451489 ] ] ] } },
{ "type": "Feature", "properties": { "CD_SETOR": "355030811000173", "faces": 21, "pavimentada": 95.24, "bueiro": 14.29, "iluminacao": 90.48, "onibus": 14.29, "ciclovia": 0.0, "calcada": 19.05, "obstaculo": 100.0, "rampa": 0.0, "rampa_faces": 0.0, "sem_calcada": 76.19, "sem_arvore": 95.24, "muitas_arvores": 0.0, "vao": 95.24, "V05400": 21, "V05421": 4, "V05406": 20, "V05412": 19, "V05422": 16, "V05424": 4, "V05427": 0, "V05409": 3, "V05415": 3, "V05418": 0, "V05430": 20, "V05433": 0, "criancas_0a4": 14, "em_favela": true }, "geometry": { "type": "Polygon", "coordinates": [ [ [ -46.687969, -23.452931 ], [ -46.68849, -23.452887 ], [ -46.688631, -23.452966 ], [ -46.688715, -23.452794 ], [ -46.688682, -23.452409 ], [ -46.688717, -23.452197 ], [ -46.688373, -23.452062 ], [ -46.688262, -23.451835 ], [ -46.688098, -23.451795 ], [ -46.687785, -23.451309 ], [ -46.687975, -23.45262 ], [ -46.687969, -23.452931 ] ] ] } },
{ "type": "Feature", "properties": { "CD_SETOR": "355030811000175", "faces": 5, "pavimentada": 100.0, "bueiro": 20.0, "iluminacao": 100.0, "onibus": 40.0, "ciclovia": 0.0, "calcada": 80.0, "obstaculo": 50.0, "rampa": 50.0, "rampa_faces": 40.0, "sem_calcada": 20.0, "sem_arvore": 80.0, "muitas_arvores": 0.0, "vao": 60.0, "V05400": 5, "V05421": 4, "V05406": 5, "V05412": 5, "V05422": 1, "V05424": 2, "V05427": 2, "V05409": 1, "V05415": 2, "V05418": 0, "V05430": 4, "V05433": 0, "criancas_0a4": 22, "em_favela": true }, "geometry": { "type": "Polygon", "coordinates": [ [ [ -46.685814, -23.449593 ], [ -46.684797, -23.449797 ], [ -46.684877, -23.450067 ], [ -46.68598, -23.449904 ], [ -46.686817, -23.449874 ], [ -46.687248, -23.450117 ], [ -46.687361, -23.450243 ], [ -46.687476, -23.450495 ], [ -46.687607, -23.450191 ], [ -46.687667, -23.449772 ], [ -46.686916, -23.449547 ], [ -46.686536, -23.449524 ], [ -46.686275, -23.449581 ], [ -46.685814, -23.449593 ] ] ] } },
{ "type": "Feature", "properties": { "CD_SETOR": "355030811000179", "faces": 21, "pavimentada": 100.0, "bueiro": 14.29, "iluminacao": 100.0, "onibus": 0.0, "ciclovia": 0.0, "calcada": 38.1, "obstaculo": 100.0, "rampa": 0.0, "rampa_faces": 0.0, "sem_calcada": 61.9, "sem_arvore": 100.0, "muitas_arvores": 0.0, "vao": 100.0, "V05400": 21, "V05421": 8, "V05406": 21, "V05412": 21, "V05422": 13, "V05424": 8, "V05427": 0, "V05409": 3, "V05415": 0, "V05418": 0, "V05430": 21, "V05433": 0, "criancas_0a4": 47, "em_favela": true }, "geometry": { "type": "Polygon", "coordinates": [ [ [ -46.681871, -23.451355 ], [ -46.682369, -23.452956 ], [ -46.682514, -23.453157 ], [ -46.682873, -23.453471 ], [ -46.683008, -23.453362 ], [ -46.683065, -23.453176 ], [ -46.683525, -23.453136 ], [ -46.68337, -23.452149 ], [ -46.683395, -23.451967 ], [ -46.683468, -23.451895 ], [ -46.683582, -23.451891 ], [ -46.683866, -23.452097 ], [ -46.683981, -23.452114 ], [ -46.684107, -23.451998 ], [ -46.684179, -23.451804 ], [ -46.684034, -23.451784 ], [ -46.683591, -23.451418 ], [ -46.683388, -23.451418 ], [ -46.683112, -23.451563 ], [ -46.682875, -23.45183 ], [ -46.68281, -23.452222 ], [ -46.682437, -23.452252 ], [ -46.682316, -23.451854 ], [ -46.682297, -23.45146 ], [ -46.682195, -23.45148 ], [ -46.681871, -23.451355 ] ] ] } },
{ "type": "Feature", "properties": { "CD_SETOR": "355030811000182", "faces": 4, "pavimentada": 100.0, "bueiro": 75.0, "iluminacao": 100.0, "onibus": 75.0, "ciclovia": 0.0, "calcada": 100.0, "obstaculo": 100.0, "rampa": 0.0, "rampa_faces": 0.0, "sem_calcada": 0.0, "sem_arvore": 25.0, "muitas_arvores": 0.0, "vao": 100.0, "V05400": 4, "V05421": 4, "V05406": 4, "V05412": 4, "V05422": 0, "V05424": 4, "V05427": 0, "V05409": 3, "V05415": 3, "V05418": 0, "V05430": 1, "V05433": 0, "criancas_0a4": 38, "em_favela": false }, "geometry": { "type": "Polygon", "coordinates": [ [ [ -46.675553, -23.45217 ], [ -46.675674, -23.452235 ], [ -46.676382, -23.452367 ], [ -46.676925, -23.452392 ], [ -46.678027, -23.452674 ], [ -46.678146, -23.452667 ], [ -46.678319, -23.452511 ], [ -46.678191, -23.452333 ], [ -46.677338, -23.45159 ], [ -46.677111, -23.45143 ], [ -46.676812, -23.451402 ], [ -46.676385, -23.451003 ], [ -46.676288, -23.450961 ], [ -46.675847, -23.451558 ], [ -46.675553, -23.45217 ] ] ] } },
{ "type": "Feature", "properties": { "CD_SETOR": "355030811000183", "faces": 11, "pavimentada": 27.27, "bueiro": 18.18, "iluminacao": 27.27, "onibus": 27.27, "ciclovia": 0.0, "calcada": 27.27, "obstaculo": 100.0, "rampa": 0.0, "rampa_faces": 0.0, "sem_calcada": 0.0, "sem_arvore": 9.09, "muitas_arvores": 18.18, "vao": 27.27, "V05400": 11, "V05421": 3, "V05406": 3, "V05412": 3, "V05422": 0, "V05424": 3, "V05427": 0, "V05409": 2, "V05415": 3, "V05418": 0, "V05430": 1, "V05433": 2, "criancas_0a4": 43, "em_favela": false }, "geometry": { "type": "Polygon", "coordinates": [ [ [ -46.676288, -23.450961 ], [ -46.676385, -23.451003 ], [ -46.676812, -23.451402 ], [ -46.677111, -23.45143 ], [ -46.677338, -23.45159 ], [ -46.678191, -23.452333 ], [ -46.678319, -23.452511 ], [ -46.678146, -23.452667 ], [ -46.679116, -23.452888 ], [ -46.67934, -23.45261 ], [ -46.679444, -23.452606 ], [ -46.678959, -23.452115 ], [ -46.678926, -23.452142 ], [ -46.678786, -23.452015 ], [ -46.678891, -23.451763 ], [ -46.678408, -23.451583 ], [ -46.677812, -23.451554 ], [ -46.677471, -23.450764 ], [ -46.677222, -23.450965 ], [ -46.676859, -23.450574 ], [ -46.676708, -23.450538 ], [ -46.676288, -23.450961 ] ] ] } },
{ "type": "Feature", "properties": { "CD_SETOR": "355030811000185", "faces": 11, "pavimentada": 100.0, "bueiro": 45.45, "iluminacao": 100.0, "onibus": 54.55, "ciclovia": 9.09, "calcada": 81.82, "obstaculo": 100.0, "rampa": 0.0, "rampa_faces": 0.0, "sem_calcada": 18.18, "sem_arvore": 54.55, "muitas_arvores": 9.09, "vao": 100.0, "V05400": 11, "V05421": 9, "V05406": 11, "V05412": 11, "V05422": 2, "V05424": 9, "V05427": 0, "V05409": 5, "V05415": 6, "V05418": 1, "V05430": 6, "V05433": 1, "criancas_0a4": 35, "em_favela": false }, "geometry": { "type": "Polygon", "coordinates": [ [ [ -46.706679, -23.458974 ], [ -46.706708, -23.45905 ], [ -46.7073, -23.459227 ], [ -46.707344, -23.459287 ], [ -46.707362, -23.459591 ], [ -46.707302, -23.45991 ], [ -46.70804, -23.459876 ], [ -46.708364, -23.460554 ], [ -46.709689, -23.459498 ], [ -46.710045, -23.459279 ], [ -46.710305, -23.459195 ], [ -46.710015, -23.458933 ], [ -46.709703, -23.458816 ], [ -46.709504, -23.458879 ], [ -46.709048, -23.459199 ], [ -46.708915, -23.459104 ], [ -46.708733, -23.458611 ], [ -46.708576, -23.458429 ], [ -46.707921, -23.45821 ], [ -46.70705, -23.458705 ], [ -46.706679, -23.458974 ] ] ] } },
{ "type": "Feature", "properties": { "CD_SETOR": "355030811000186", "faces": 18, "pavimentada": 100.0, "bueiro": 55.56, "iluminacao": 94.44, "onibus": 0.0, "ciclovia": 0.0, "calcada": 38.89, "obstaculo": 85.71, "rampa": 0.0, "rampa_faces": 0.0, "sem_calcada": 61.11, "sem_arvore": 72.22, "muitas_arvores": 5.56, "vao": 100.0, "V05400": 18, "V05421": 7, "V05406": 18, "V05412": 17, "V05422": 11, "V05424": 6, "V05427": 0, "V05409": 10, "V05415": 0, "V05418": 0, "V05430": 13, "V05433": 1, "criancas_0a4": 32, "em_favela": true }, "geometry": { "type": "Polygon", "coordinates": [ [ [ -46.703607, -23.455925 ], [ -46.703751, -23.456124 ], [ -46.70359, -23.456318 ], [ -46.703416, -23.45677 ], [ -46.703714, -23.456848 ], [ -46.703889, -23.457209 ], [ -46.704083, -23.457424 ], [ -46.704287, -23.45756 ], [ -46.704764, -23.45779 ], [ -46.70497, -23.457825 ], [ -46.705216, -23.457763 ], [ -46.705304, -23.457675 ], [ -46.704994, -23.457342 ], [ -46.704953, -23.457216 ], [ -46.704887, -23.456821 ], [ -46.70491, -23.456438 ], [ -46.704821, -23.456259 ], [ -46.704359, -23.456089 ], [ -46.70421, -23.455974 ], [ -46.704348, -23.455916 ], [ -46.704238, -23.45581 ], [ -46.704019, -23.455872 ], [ -46.703976, -23.455774 ], [ -46.703607, -23.455925 ] ] ] } },
{ "type": "Feature", "properties": { "CD_SETOR": "355030811000190", "faces": 4, "pavimentada": 100.0, "bueiro": 50.0, "iluminacao": 100.0, "onibus": 50.0, "ciclovia": 0.0, "calcada": 75.0, "obstaculo": 100.0, "rampa": 0.0, "rampa_faces": 0.0, "sem_calcada": 25.0, "sem_arvore": 50.0, "muitas_arvores": 0.0, "vao": 100.0, "V05400": 4, "V05421": 3, "V05406": 4, "V05412": 4, "V05422": 1, "V05424": 3, "V05427": 0, "V05409": 2, "V05415": 2, "V05418": 0, "V05430": 2, "V05433": 0, "criancas_0a4": 16, "em_favela": false }, "geometry": { "type": "Polygon", "coordinates": [ [ [ -46.698993, -23.456109 ], [ -46.698995, -23.456664 ], [ -46.699333, -23.457176 ], [ -46.699446, -23.456986 ], [ -46.699437, -23.456465 ], [ -46.699582, -23.456266 ], [ -46.69983, -23.456193 ], [ -46.700523, -23.456153 ], [ -46.700655, -23.456192 ], [ -46.700799, -23.45634 ], [ -46.700838, -23.456133 ], [ -46.700553, -23.455882 ], [ -46.700238, -23.455791 ], [ -46.699351, -23.455896 ], [ -46.698993, -23.456109 ] ] ] } },
{ "type": "Feature", "properties": { "CD_SETOR": "355030811000191", "faces": 10, "pavimentada": 90.0, "bueiro": 50.0, "iluminacao": 90.0, "onibus": 20.0, "ciclovia": 10.0, "calcada": 60.0, "obstaculo": 100.0, "rampa": 0.0, "rampa_faces": 0.0, "sem_calcada": 30.0, "sem_arvore": 60.0, "muitas_arvores": 0.0, "vao": 90.0, "V05400": 10, "V05421": 6, "V05406": 9, "V05412": 9, "V05422": 3, "V05424": 6, "V05427": 0, "V05409": 5, "V05415": 2, "V05418": 1, "V05430": 6, "V05433": 0, "criancas_0a4": 39, "em_favela": true }, "geometry": { "type": "Polygon", "coordinates": [ [ [ -46.698773, -23.447279 ], [ -46.699218, -23.447318 ], [ -46.699359, -23.447506 ], [ -46.699402, -23.447654 ], [ -46.699327, -23.448029 ], [ -46.698868, -23.448641 ], [ -46.698843, -23.448766 ], [ -46.698945, -23.448979 ], [ -46.699405, -23.44939 ], [ -46.699457, -23.449634 ], [ -46.699419, -23.449866 ], [ -46.699217, -23.45005 ], [ -46.698637, -23.450199 ], [ -46.699169, -23.450837 ], [ -46.699503, -23.450774 ], [ -46.699701, -23.450636 ], [ -46.700049, -23.450179 ], [ -46.700356, -23.44941 ], [ -46.699503, -23.448831 ], [ -46.699361, -23.448688 ], [ -46.699373, -23.448576 ], [ -46.699682, -23.448242 ], [ -46.699918, -23.447843 ], [ -46.69966, -23.447 ], [ -46.699216, -23.446956 ], [ -46.698773, -23.447279 ] ] ] } },
{ "type": "Feature", "properties": { "CD_SETOR": "355030811000192", "faces": 6, "pavimentada": 100.0, "bueiro": 50.0, "iluminacao": 100.0, "onibus": 66.67, "ciclovia": 0.0, "calcada": 83.33, "obstaculo": 100.0, "rampa": 0.0, "rampa_faces": 0.0, "sem_calcada": 16.67, "sem_arvore": 50.0, "muitas_arvores": 16.67, "vao": 100.0, "V05400": 6, "V05421": 5, "V05406": 6, "V05412": 6, "V05422": 1, "V05424": 5, "V05427": 0, "V05409": 3, "V05415": 4, "V05418": 0, "V05430": 3, "V05433": 1, "criancas_0a4": 35, "em_favela": true }, "geometry": { "type": "Polygon", "coordinates": [ [ [ -46.695032, -23.450904 ], [ -46.695217, -23.451163 ], [ -46.695407, -23.451292 ], [ -46.695756, -23.451381 ], [ -46.695929, -23.451349 ], [ -46.696135, -23.451253 ], [ -46.696277, -23.451096 ], [ -46.696522, -23.450568 ], [ -46.696649, -23.450487 ], [ -46.696789, -23.450492 ], [ -46.696898, -23.450571 ], [ -46.697364, -23.451375 ], [ -46.697637, -23.451514 ], [ -46.698005, -23.451227 ], [ -46.699025, -23.450693 ], [ -46.698637, -23.450199 ], [ -46.697639, -23.45042 ], [ -46.697395, -23.450339 ], [ -46.696998, -23.449905 ], [ -46.696658, -23.449877 ], [ -46.696292, -23.449985 ], [ -46.696098, -23.450129 ], [ -46.695984, -23.450576 ], [ -46.695729, -23.450935 ], [ -46.695526, -23.450975 ], [ -46.695032, -23.450904 ] ] ] } },
{ "type": "Feature", "properties": { "CD_SETOR": "355030811000198", "faces": 12, "pavimentada": 100.0, "bueiro": 16.67, "iluminacao": 100.0, "onibus": 8.33, "ciclovia": 0.0, "calcada": 75.0, "obstaculo": 100.0, "rampa": 0.0, "rampa_faces": 0.0, "sem_calcada": 25.0, "sem_arvore": 83.33, "muitas_arvores": 0.0, "vao": 100.0, "V05400": 12, "V05421": 9, "V05406": 12, "V05412": 12, "V05422": 3, "V05424": 9, "V05427": 0, "V05409": 2, "V05415": 1, "V05418": 0, "V05430": 10, "V05433": 0, "criancas_0a4": 34, "em_favela": false }, "geometry": { "type": "Polygon", "coordinates": [ [ [ -46.705787, -23.445817 ], [ -46.705797, -23.445496 ], [ -46.706229, -23.44477 ], [ -46.706271, -23.443931 ], [ -46.70718, -23.443894 ], [ -46.708237, -23.44333 ], [ -46.706413, -23.44331 ], [ -46.705641, -23.443505 ], [ -46.705454, -23.443458 ], [ -46.705271, -23.443912 ], [ -46.705194, -23.445395 ], [ -46.705009, -23.445777 ], [ -46.705538, -23.446198 ], [ -46.705667, -23.446434 ], [ -46.706016, -23.44632 ], [ -46.705787, -23.445817 ] ] ] } },
{ "type": "Feature", "properties": { "CD_SETOR": "355030811000199", "faces": 17, "pavimentada": 100.0, "bueiro": 41.18, "iluminacao": 58.82, "onibus": 5.88, "ciclovia": 0.0, "calcada": 23.53, "obstaculo": 100.0, "rampa": 0.0, "rampa_faces": 0.0, "sem_calcada": 76.47, "sem_arvore": 100.0, "muitas_arvores": 0.0, "vao": 100.0, "V05400": 17, "V05421": 4, "V05406": 17, "V05412": 10, "V05422": 13, "V05424": 4, "V05427": 0, "V05409": 7, "V05415": 1, "V05418": 0, "V05430": 17, "V05433": 0, "criancas_0a4": 62, "em_favela": true }, "geometry": { "type": "Polygon", "coordinates": [ [ [ -46.711477, -23.44207 ], [ -46.711404, -23.44201 ], [ -46.710694, -23.442601 ], [ -46.70907, -23.443503 ], [ -46.709358, -23.444042 ], [ -46.709826, -23.443809 ], [ -46.710458, -23.443349 ], [ -46.711302, -23.442446 ], [ -46.711477, -23.44207 ] ] ] } },
{ "type": "Feature", "properties": { "CD_SETOR": "355030811000203", "faces": 13, "pavimentada": 100.0, "bueiro": 76.92, "iluminacao": 100.0, "onibus": 7.69, "ciclovia": 0.0, "calcada": 84.62, "obstaculo": 100.0, "rampa": 0.0, "rampa_faces": 0.0, "sem_calcada": 15.38, "sem_arvore": 46.15, "muitas_arvores": 7.69, "vao": 100.0, "V05400": 13, "V05421": 11, "V05406": 13, "V05412": 13, "V05422": 2, "V05424": 11, "V05427": 0, "V05409": 10, "V05415": 1, "V05418": 0, "V05430": 6, "V05433": 1, "criancas_0a4": 40, "em_favela": false }, "geometry": { "type": "Polygon", "coordinates": [ [ [ -46.711633, -23.454992 ], [ -46.710854, -23.455767 ], [ -46.7109, -23.455974 ], [ -46.713965, -23.456742 ], [ -46.713693, -23.45622 ], [ -46.713545, -23.456036 ], [ -46.712836, -23.455511 ], [ -46.712508, -23.455176 ], [ -46.712257, -23.454806 ], [ -46.711633, -23.454992 ] ] ] } },
{ "type": "Feature", "properties": { "CD_SETOR": "355030811000204", "faces": 13, "pavimentada": 100.0, "bueiro": 7.69, "iluminacao": 100.0, "onibus": 23.08, "ciclovia": 7.69, "calcada": 100.0, "obstaculo": 100.0, "rampa": 0.0, "rampa_faces": 0.0, "sem_calcada": 0.0, "sem_arvore": 76.92, "muitas_arvores": 0.0, "vao": 100.0, "V05400": 13, "V05421": 13, "V05406": 13, "V05412": 13, "V05422": 0, "V05424": 13, "V05427": 0, "V05409": 1, "V05415": 3, "V05418": 1, "V05430": 10, "V05433": 0, "criancas_0a4": 43, "em_favela": false }, "geometry": { "type": "Polygon", "coordinates": [ [ [ -46.705454, -23.443458 ], [ -46.705641, -23.443505 ], [ -46.706413, -23.44331 ], [ -46.707346, -23.443318 ], [ -46.707448, -23.443133 ], [ -46.708251, -23.442632 ], [ -46.708376, -23.44181 ], [ -46.708267, -23.44167 ], [ -46.708065, -23.441613 ], [ -46.708292, -23.441602 ], [ -46.708339, -23.441426 ], [ -46.708491, -23.441169 ], [ -46.708653, -23.440266 ], [ -46.708259, -23.440105 ], [ -46.708108, -23.440849 ], [ -46.70799, -23.441127 ], [ -46.707796, -23.441407 ], [ -46.707564, -23.441635 ], [ -46.706552, -23.442383 ], [ -46.705586, -23.443262 ], [ -46.705454, -23.443458 ] ] ] } },
{ "type": "Feature", "properties": { "CD_SETOR": "355030811000205", "faces": 15, "pavimentada": 100.0, "bueiro": 40.0, "iluminacao": 100.0, "onibus": 0.0, "ciclovia": 26.67, "calcada": 100.0, "obstaculo": 100.0, "rampa": 0.0, "rampa_faces": 0.0, "sem_calcada": 0.0, "sem_arvore": 66.67, "muitas_arvores": 0.0, "vao": 100.0, "V05400": 15, "V05421": 15, "V05406": 15, "V05412": 15, "V05422": 0, "V05424": 15, "V05427": 0, "V05409": 6, "V05415": 0, "V05418": 4, "V05430": 10, "V05433": 0, "criancas_0a4": 34, "em_favela": false }, "geometry": { "type": "Polygon", "coordinates": [ [ [ -46.708259, -23.440105 ], [ -46.708653, -23.440266 ], [ -46.708491, -23.441169 ], [ -46.708339, -23.441426 ], [ -46.708292, -23.441602 ], [ -46.708771, -23.441678 ], [ -46.708944, -23.441569 ], [ -46.709125, -23.441703 ], [ -46.709723, -23.441814 ], [ -46.710254, -23.441487 ], [ -46.710516, -23.440638 ], [ -46.710505, -23.44047 ], [ -46.710421, -23.440348 ], [ -46.708351, -23.439539 ], [ -46.708259, -23.440105 ] ] ] } },
{ "type": "Feature", "properties": { "CD_SETOR": "355030811000206", "faces": 11, "pavimentada": 100.0, "bueiro": 27.27, "iluminacao": 100.0, "onibus": 36.36, "ciclovia": 9.09, "calcada": 72.73, "obstaculo": 100.0, "rampa": 0.0, "rampa_faces": 0.0, "sem_calcada": 27.27, "sem_arvore": 54.55, "muitas_arvores": 0.0, "vao": 100.0, "V05400": 11, "V05421": 8, "V05406": 11, "V05412": 11, "V05422": 3, "V05424": 8, "V05427": 0, "V05409": 3, "V05415": 4, "V05418": 1, "V05430": 6, "V05433": 0, "criancas_0a4": 18, "em_favela": false }, "geometry": { "type": "Polygon", "coordinates": [ [ [ -46.686339, -23.451629 ], [ -46.686099, -23.452437 ], [ -46.686153, -23.452438 ], [ -46.686196, -23.453128 ], [ -46.687389, -23.453027 ], [ -46.687384, -23.45247 ], [ -46.687103, -23.451516 ], [ -46.686957, -23.451422 ], [ -46.686728, -23.451386 ], [ -46.686478, -23.451588 ], [ -46.686339, -23.451629 ] ] ] } },
{ "type": "Feature", "properties": { "CD_SETOR": "355030811000207", "faces": 7, "pavimentada": 100.0, "bueiro": 57.14, "iluminacao": 100.0, "onibus": 28.57, "ciclovia": 0.0, "calcada": 85.71, "obstaculo": 100.0, "rampa": 0.0, "rampa_faces": 0.0, "sem_calcada": 14.29, "sem_arvore": 42.86, "muitas_arvores": 57.14, "vao": 100.0, "V05400": 7, "V05421": 6, "V05406": 7, "V05412": 7, "V05422": 1, "V05424": 6, "V05427": 0, "V05409": 4, "V05415": 2, "V05418": 0, "V05430": 3, "V05433": 4, "criancas_0a4": 16, "em_favela": false }, "geometry": { "type": "Polygon", "coordinates": [ [ [ -46.679183, -23.449427 ], [ -46.679283, -23.449491 ], [ -46.679084, -23.449773 ], [ -46.67905, -23.449984 ], [ -46.679163, -23.450509 ], [ -46.679104, -23.450526 ], [ -46.679215, -23.451702 ], [ -46.679276, -23.45174 ], [ -46.679354, -23.451687 ], [ -46.679756, -23.450712 ], [ -46.680358, -23.450267 ], [ -46.680052, -23.449877 ], [ -46.680726, -23.44949 ], [ -46.680825, -23.449406 ], [ -46.680853, -23.449295 ], [ -46.680793, -23.449143 ], [ -46.680626, -23.448943 ], [ -46.680303, -23.44824 ], [ -46.680229, -23.448183 ], [ -46.679942, -23.448275 ], [ -46.679667, -23.448431 ], [ -46.679478, -23.448698 ], [ -46.679268, -23.449297 ], [ -46.679183, -23.449427 ] ] ] } },
{ "type": "Feature", "properties": { "CD_SETOR": "355030811000208", "faces": 7, "pavimentada": 100.0, "bueiro": 14.29, "iluminacao": 100.0, "onibus": 42.86, "ciclovia": 0.0, "calcada": 100.0, "obstaculo": 100.0, "rampa": 0.0, "rampa_faces": 0.0, "sem_calcada": 0.0, "sem_arvore": 71.43, "muitas_arvores": 0.0, "vao": 100.0, "V05400": 7, "V05421": 7, "V05406": 7, "V05412": 7, "V05422": 0, "V05424": 7, "V05427": 0, "V05409": 1, "V05415": 3, "V05418": 0, "V05430": 5, "V05433": 0, "criancas_0a4": 14, "em_favela": false }, "geometry": { "type": "Polygon", "coordinates": [ [ [ -46.703751, -23.456124 ], [ -46.703607, -23.455925 ], [ -46.703976, -23.455774 ], [ -46.704019, -23.455872 ], [ -46.704238, -23.45581 ], [ -46.704348, -23.455916 ], [ -46.704433, -23.455825 ], [ -46.704014, -23.455522 ], [ -46.70375, -23.454857 ], [ -46.703631, -23.454784 ], [ -46.703524, -23.454898 ], [ -46.703139, -23.45576 ], [ -46.702877, -23.456722 ], [ -46.70269, -23.458029 ], [ -46.703934, -23.457254 ], [ -46.703714, -23.456848 ], [ -46.703416, -23.45677 ], [ -46.70359, -23.456318 ], [ -46.703751, -23.456124 ] ] ] } },
{ "type": "Feature", "properties": { "CD_SETOR": "355030811000209", "faces": 6, "pavimentada": 50.0, "bueiro": 16.67, "iluminacao": 50.0, "onibus": 16.67, "ciclovia": 0.0, "calcada": 50.0, "obstaculo": 100.0, "rampa": 0.0, "rampa_faces": 0.0, "sem_calcada": 0.0, "sem_arvore": 50.0, "muitas_arvores": 0.0, "vao": 50.0, "V05400": 6, "V05421": 3, "V05406": 3, "V05412": 3, "V05422": 0, "V05424": 3, "V05427": 0, "V05409": 1, "V05415": 1, "V05418": 0, "V05430": 3, "V05433": 0, "criancas_0a4": 31, "em_favela": true }, "geometry": { "type": "Polygon", "coordinates": [ [ [ -46.690832, -23.452836 ], [ -46.690888, -23.453301 ], [ -46.690471, -23.454004 ], [ -46.690673, -23.454184 ], [ -46.69123, -23.454472 ], [ -46.691576, -23.454427 ], [ -46.691423, -23.454369 ], [ -46.691417, -23.454257 ], [ -46.691457, -23.45421 ], [ -46.691639, -23.454212 ], [ -46.691673, -23.454015 ], [ -46.692188, -23.452766 ], [ -46.690832, -23.452836 ] ] ] } },
{ "type": "Feature", "properties": { "CD_SETOR": "355030811000212", "faces": 8, "pavimentada": 100.0, "bueiro": 12.5, "iluminacao": 100.0, "onibus": 12.5, "ciclovia": 0.0, "calcada": 37.5, "obstaculo": 100.0, "rampa": 0.0, "rampa_faces": 0.0, "sem_calcada": 62.5, "sem_arvore": 100.0, "muitas_arvores": 0.0, "vao": 100.0, "V05400": 8, "V05421": 3, "V05406": 8, "V05412": 8, "V05422": 5, "V05424": 3, "V05427": 0, "V05409": 1, "V05415": 1, "V05418": 0, "V05430": 8, "V05433": 0, "criancas_0a4": 43, "em_favela": true }, "geometry": { "type": "Polygon", "coordinates": [ [ [ -46.701973, -23.459825 ], [ -46.700902, -23.459033 ], [ -46.700412, -23.458778 ], [ -46.699719, -23.458318 ], [ -46.699084, -23.458473 ], [ -46.69906, -23.458707 ], [ -46.699633, -23.458812 ], [ -46.699857, -23.458913 ], [ -46.700271, -23.459365 ], [ -46.700872, -23.459706 ], [ -46.70162, -23.460216 ], [ -46.701973, -23.459825 ] ] ] } },
{ "type": "Feature", "properties": { "CD_SETOR": "355030811000213", "faces": 16, "pavimentada": 100.0, "bueiro": 12.5, "iluminacao": 100.0, "onibus": 6.25, "ciclovia": 0.0, "calcada": 93.75, "obstaculo": 0.0, "rampa": 0.0, "rampa_faces": 0.0, "sem_calcada": 6.25, "sem_arvore": 56.25, "muitas_arvores": 0.0, "vao": 100.0, "V05400": 16, "V05421": 15, "V05406": 16, "V05412": 16, "V05422": 1, "V05424": 0, "V05427": 0, "V05409": 2, "V05415": 1, "V05418": 0, "V05430": 9, "V05433": 0, "criancas_0a4": 26, "em_favela": false }, "geometry": { "type": "Polygon", "coordinates": [ [ [ -46.694999, -23.458019 ], [ -46.694476, -23.459084 ], [ -46.694947, -23.459766 ], [ -46.695951, -23.459096 ], [ -46.696047, -23.459212 ], [ -46.697464, -23.458102 ], [ -46.697415, -23.457837 ], [ -46.697257, -23.457444 ], [ -46.696639, -23.457925 ], [ -46.696543, -23.458058 ], [ -46.69618, -23.458359 ], [ -46.695689, -23.458713 ], [ -46.695654, -23.458376 ], [ -46.695709, -23.457971 ], [ -46.69555, -23.458018 ], [ -46.694999, -23.458019 ] ] ] } },
{ "type": "Feature", "properties": { "CD_SETOR": "355030811000226", "faces": 3, "pavimentada": 100.0, "bueiro": 66.67, "iluminacao": 100.0, "onibus": 66.67, "ciclovia": 0.0, "calcada": 66.67, "obstaculo": 100.0, "rampa": 0.0, "rampa_faces": 0.0, "sem_calcada": 33.33, "sem_arvore": 100.0, "muitas_arvores": 0.0, "vao": 100.0, "V05400": 3, "V05421": 2, "V05406": 3, "V05412": 3, "V05422": 1, "V05424": 2, "V05427": 0, "V05409": 2, "V05415": 2, "V05418": 0, "V05430": 3, "V05433": 0, "criancas_0a4": 8, "em_favela": true }, "geometry": { "type": "Polygon", "coordinates": [ [ [ -46.684797, -23.449797 ], [ -46.683466, -23.449856 ], [ -46.683449, -23.45007 ], [ -46.683862, -23.450242 ], [ -46.684877, -23.450067 ], [ -46.684797, -23.449797 ] ] ] } },
{ "type": "Feature", "properties": { "CD_SETOR": "355030811000229", "faces": 12, "pavimentada": 100.0, "bueiro": 66.67, "iluminacao": 100.0, "onibus": 25.0, "ciclovia": 8.33, "calcada": 100.0, "obstaculo": 91.67, "rampa": 16.67, "rampa_faces": 16.67, "sem_calcada": 0.0, "sem_arvore": 50.0, "muitas_arvores": 16.67, "vao": 83.33, "V05400": 12, "V05421": 12, "V05406": 12, "V05412": 12, "V05422": 0, "V05424": 11, "V05427": 2, "V05409": 8, "V05415": 3, "V05418": 1, "V05430": 6, "V05433": 2, "criancas_0a4": 34, "em_favela": false }, "geometry": { "type": "Polygon", "coordinates": [ [ [ -46.68379, -23.470289 ], [ -46.683994, -23.470511 ], [ -46.684298, -23.47057 ], [ -46.684353, -23.470323 ], [ -46.685495, -23.470539 ], [ -46.6857, -23.470057 ], [ -46.685631, -23.469983 ], [ -46.685773, -23.469317 ], [ -46.68528, -23.468759 ], [ -46.684747, -23.468545 ], [ -46.684449, -23.468305 ], [ -46.684235, -23.468199 ], [ -46.68379, -23.470289 ] ] ] } },
{ "type": "Feature", "properties": { "CD_SETOR": "355030811000230", "faces": 5, "pavimentada": 100.0, "bueiro": 40.0, "iluminacao": 100.0, "onibus": 20.0, "ciclovia": 0.0, "calcada": 100.0, "obstaculo": 100.0, "rampa": 0.0, "rampa_faces": 0.0, "sem_calcada": 0.0, "sem_arvore": 80.0, "muitas_arvores": 20.0, "vao": 100.0, "V05400": 5, "V05421": 5, "V05406": 5, "V05412": 5, "V05422": 0, "V05424": 5, "V05427": 0, "V05409": 2, "V05415": 1, "V05418": 0, "V05430": 4, "V05433": 1, "criancas_0a4": 21, "em_favela": false }, "geometry": { "type": "Polygon", "coordinates": [ [ [ -46.684091, -23.461415 ], [ -46.684041, -23.461653 ], [ -46.684285, -23.461915 ], [ -46.684319, -23.462265 ], [ -46.684255, -23.462425 ], [ -46.683872, -23.462922 ], [ -46.683805, -23.463144 ], [ -46.683809, -23.46339 ], [ -46.684075, -23.463092 ], [ -46.684489, -23.462843 ], [ -46.684814, -23.461902 ], [ -46.685048, -23.461423 ], [ -46.685157, -23.461276 ], [ -46.685388, -23.461113 ], [ -46.68563, -23.460714 ], [ -46.685865, -23.460523 ], [ -46.685529, -23.460467 ], [ -46.68528, -23.460525 ], [ -46.685017, -23.460687 ], [ -46.684458, -23.46122 ], [ -46.684091, -23.461415 ] ] ] } },
{ "type": "Feature", "properties": { "CD_SETOR": "355030811000231", "faces": 4, "pavimentada": 100.0, "bueiro": 50.0, "iluminacao": 100.0, "onibus": 0.0, "ciclovia": 0.0, "calcada": 100.0, "obstaculo": 100.0, "rampa": 0.0, "rampa_faces": 0.0, "sem_calcada": 0.0, "sem_arvore": 25.0, "muitas_arvores": 25.0, "vao": 100.0, "V05400": 4, "V05421": 4, "V05406": 4, "V05412": 4, "V05422": 0, "V05424": 4, "V05427": 0, "V05409": 2, "V05415": 0, "V05418": 0, "V05430": 1, "V05433": 1, "criancas_0a4": 24, "em_favela": false }, "geometry": { "type": "Polygon", "coordinates": [ [ [ -46.683263, -23.465237 ], [ -46.683047, -23.465981 ], [ -46.682023, -23.46751 ], [ -46.681746, -23.467789 ], [ -46.681493, -23.467757 ], [ -46.681283, -23.468227 ], [ -46.681289, -23.468311 ], [ -46.681408, -23.468477 ], [ -46.681627, -23.468493 ], [ -46.682266, -23.468219 ], [ -46.683661, -23.466121 ], [ -46.683722, -23.465887 ], [ -46.683548, -23.465349 ], [ -46.683263, -23.465237 ] ] ] } },
{ "type": "Feature", "properties": { "CD_SETOR": "355030811000232", "faces": 4, "pavimentada": 100.0, "bueiro": 0.0, "iluminacao": 100.0, "onibus": 25.0, "ciclovia": 0.0, "calcada": 75.0, "obstaculo": 0.0, "rampa": 0.0, "rampa_faces": 0.0, "sem_calcada": 25.0, "sem_arvore": 50.0, "muitas_arvores": 0.0, "vao": 100.0, "V05400": 4, "V05421": 3, "V05406": 4, "V05412": 4, "V05422": 1, "V05424": 0, "V05427": 0, "V05409": 0, "V05415": 1, "V05418": 0, "V05430": 2, "V05433": 0, "criancas_0a4": 22, "em_favela": false }, "geometry": { "type": "Polygon", "coordinates": [ [ [ -46.694983, -23.460733 ], [ -46.693419, -23.461034 ], [ -46.692763, -23.461268 ], [ -46.69244, -23.461594 ], [ -46.692207, -23.46198 ], [ -46.692706, -23.462225 ], [ -46.692953, -23.461822 ], [ -46.693374, -23.461574 ], [ -46.694017, -23.461395 ], [ -46.695037, -23.461287 ], [ -46.694983, -23.460733 ] ] ] } },
{ "type": "Feature", "properties": { "CD_SETOR": "355030811000233", "faces": 11, "pavimentada": 100.0, "bueiro": 0.0, "iluminacao": 90.91, "onibus": 27.27, "ciclovia": 0.0, "calcada": 90.91, "obstaculo": 0.0, "rampa": 0.0, "rampa_faces": 0.0, "sem_calcada": 9.09, "sem_arvore": 45.45, "muitas_arvores": 0.0, "vao": 100.0, "V05400": 11, "V05421": 10, "V05406": 11, "V05412": 10, "V05422": 1, "V05424": 0, "V05427": 0, "V05409": 0, "V05415": 3, "V05418": 0, "V05430": 5, "V05433": 0, "criancas_0a4": 53, "em_favela": false }, "geometry": { "type": "Polygon", "coordinates": [ [ [ -46.691539, -23.461625 ], [ -46.690403, -23.461563 ], [ -46.690377, -23.461652 ], [ -46.689704, -23.462028 ], [ -46.689974, -23.462429 ], [ -46.690639, -23.46206 ], [ -46.691761, -23.46209 ], [ -46.69188, -23.462052 ], [ -46.691994, -23.461935 ], [ -46.692184, -23.462014 ], [ -46.69244, -23.461594 ], [ -46.692654, -23.461344 ], [ -46.692803, -23.461248 ], [ -46.693419, -23.461034 ], [ -46.692844, -23.460367 ], [ -46.692673, -23.46031 ], [ -46.69182, -23.460803 ], [ -46.691785, -23.460991 ], [ -46.691856, -23.461709 ], [ -46.691829, -23.461778 ], [ -46.691539, -23.461625 ] ] ] } },
{ "type": "Feature", "properties": { "CD_SETOR": "355030811000234", "faces": 10, "pavimentada": 100.0, "bueiro": 40.0, "iluminacao": 100.0, "onibus": 20.0, "ciclovia": 0.0, "calcada": 70.0, "obstaculo": 100.0, "rampa": 0.0, "rampa_faces": 0.0, "sem_calcada": 30.0, "sem_arvore": 50.0, "muitas_arvores": 0.0, "vao": 100.0, "V05400": 10, "V05421": 7, "V05406": 10, "V05412": 10, "V05422": 3, "V05424": 7, "V05427": 0, "V05409": 4, "V05415": 2, "V05418": 0, "V05430": 5, "V05433": 0, "criancas_0a4": 32, "em_favela": false }, "geometry": { "type": "Polygon", "coordinates": [ [ [ -46.691276, -23.459679 ], [ -46.69032, -23.461038 ], [ -46.690204, -23.461153 ], [ -46.689561, -23.461536 ], [ -46.691335, -23.461593 ], [ -46.691256, -23.460594 ], [ -46.691703, -23.459891 ], [ -46.691276, -23.459679 ] ] ] } },
{ "type": "Feature", "properties": { "CD_SETOR": "355030811000235", "faces": 6, "pavimentada": 100.0, "bueiro": 50.0, "iluminacao": 100.0, "onibus": 33.33, "ciclovia": 0.0, "calcada": 66.67, "obstaculo": 100.0, "rampa": 0.0, "rampa_faces": 0.0, "sem_calcada": 33.33, "sem_arvore": 66.67, "muitas_arvores": 0.0, "vao": 100.0, "V05400": 6, "V05421": 4, "V05406": 6, "V05412": 6, "V05422": 2, "V05424": 4, "V05427": 0, "V05409": 3, "V05415": 2, "V05418": 0, "V05430": 4, "V05433": 0, "criancas_0a4": 30, "em_favela": false }, "geometry": { "type": "Polygon", "coordinates": [ [ [ -46.689896, -23.458847 ], [ -46.690478, -23.459083 ], [ -46.690824, -23.458487 ], [ -46.691349, -23.457753 ], [ -46.691509, -23.457415 ], [ -46.691411, -23.456503 ], [ -46.689896, -23.458847 ] ] ] } },
{ "type": "Feature", "properties": { "CD_SETOR": "355030811000236", "faces": 12, "pavimentada": 100.0, "bueiro": 41.67, "iluminacao": 100.0, "onibus": 25.0, "ciclovia": 25.0, "calcada": 91.67, "obstaculo": 100.0, "rampa": 0.0, "rampa_faces": 0.0, "sem_calcada": 8.33, "sem_arvore": 58.33, "muitas_arvores": 25.0, "vao": 100.0, "V05400": 12, "V05421": 11, "V05406": 12, "V05412": 12, "V05422": 1, "V05424": 11, "V05427": 0, "V05409": 5, "V05415": 3, "V05418": 3, "V05430": 7, "V05433": 3, "criancas_0a4": 9, "em_favela": false }, "geometry": { "type": "Polygon", "coordinates": [ [ [ -46.67907, -23.469907 ], [ -46.679899, -23.470648 ], [ -46.680921, -23.471097 ], [ -46.681045, -23.47094 ], [ -46.680175, -23.469457 ], [ -46.680689, -23.469066 ], [ -46.68044, -23.468832 ], [ -46.67907, -23.469907 ] ] ] } },
{ "type": "Feature", "properties": { "CD_SETOR": "355030811000237", "faces": 16, "pavimentada": 100.0, "bueiro": 81.25, "iluminacao": 100.0, "onibus": 6.25, "ciclovia": 0.0, "calcada": 100.0, "obstaculo": 93.75, "rampa": 6.25, "rampa_faces": 6.25, "sem_calcada": 0.0, "sem_arvore": 75.0, "muitas_arvores": 0.0, "vao": 93.75, "V05400": 16, "V05421": 16, "V05406": 16, "V05412": 16, "V05422": 0, "V05424": 15, "V05427": 1, "V05409": 13, "V05415": 1, "V05418": 0, "V05430": 12, "V05433": 0, "criancas_0a4": 33, "em_favela": false }, "geometry": { "type": "Polygon", "coordinates": [ [ [ -46.686327, -23.469679 ], [ -46.688395, -23.470766 ], [ -46.689973, -23.470626 ], [ -46.68983, -23.469991 ], [ -46.689337, -23.469168 ], [ -46.689266, -23.469129 ], [ -46.689062, -23.469079 ], [ -46.688617, -23.469373 ], [ -46.686327, -23.469679 ] ] ] } },
{ "type": "Feature", "properties": { "CD_SETOR": "355030811000239", "faces": 12, "pavimentada": 100.0, "bueiro": 58.33, "iluminacao": 100.0, "onibus": 16.67, "ciclovia": 0.0, "calcada": 83.33, "obstaculo": 100.0, "rampa": 0.0, "rampa_faces": 0.0, "sem_calcada": 16.67, "sem_arvore": 66.67, "muitas_arvores": 0.0, "vao": 100.0, "V05400": 12, "V05421": 10, "V05406": 12, "V05412": 12, "V05422": 2, "V05424": 10, "V05427": 0, "V05409": 7, "V05415": 2, "V05418": 0, "V05430": 8, "V05433": 0, "criancas_0a4": 43, "em_favela": false }, "geometry": { "type": "Polygon", "coordinates": [ [ [ -46.691479, -23.458735 ], [ -46.692233, -23.458487 ], [ -46.69241, -23.458463 ], [ -46.692554, -23.458506 ], [ -46.694522, -23.460792 ], [ -46.694983, -23.460733 ], [ -46.695059, -23.460345 ], [ -46.695247, -23.460138 ], [ -46.69499, -23.459817 ], [ -46.69486, -23.459663 ], [ -46.694472, -23.459941 ], [ -46.692462, -23.457628 ], [ -46.691731, -23.458365 ], [ -46.691479, -23.458735 ] ] ] } },
{ "type": "Feature", "properties": { "CD_SETOR": "355030811000240", "faces": 10, "pavimentada": 100.0, "bueiro": 60.0, "iluminacao": 100.0, "onibus": 0.0, "ciclovia": 0.0, "calcada": 70.0, "obstaculo": 100.0, "rampa": 0.0, "rampa_faces": 0.0, "sem_calcada": 30.0, "sem_arvore": 60.0, "muitas_arvores": 10.0, "vao": 100.0, "V05400": 10, "V05421": 7, "V05406": 10, "V05412": 10, "V05422": 3, "V05424": 7, "V05427": 0, "V05409": 6, "V05415": 0, "V05418": 0, "V05430": 6, "V05433": 1, "criancas_0a4": 55, "em_favela": false }, "geometry": { "type": "Polygon", "coordinates": [ [ [ -46.691479, -23.458735 ], [ -46.69113, -23.45907 ], [ -46.690847, -23.459439 ], [ -46.691703, -23.459891 ], [ -46.691293, -23.460537 ], [ -46.692304, -23.459955 ], [ -46.692039, -23.459562 ], [ -46.692108, -23.459517 ], [ -46.692558, -23.459385 ], [ -46.693383, -23.459453 ], [ -46.692615, -23.458554 ], [ -46.692493, -23.458477 ], [ -46.692233, -23.458487 ], [ -46.691479, -23.458735 ] ] ] } },
{ "type": "Feature", "properties": { "CD_SETOR": "355030811000241", "faces": 7, "pavimentada": 100.0, "bueiro": 14.29, "iluminacao": 100.0, "onibus": 14.29, "ciclovia": 0.0, "calcada": 100.0, "obstaculo": 100.0, "rampa": 0.0, "rampa_faces": 0.0, "sem_calcada": 0.0, "sem_arvore": 100.0, "muitas_arvores": 0.0, "vao": 100.0, "V05400": 7, "V05421": 7, "V05406": 7, "V05412": 7, "V05422": 0, "V05424": 7, "V05427": 0, "V05409": 1, "V05415": 1, "V05418": 0, "V05430": 7, "V05433": 0, "criancas_0a4": 32, "em_favela": false }, "geometry": { "type": "Polygon", "coordinates": [ [ [ -46.695247, -23.460138 ], [ -46.695059, -23.460345 ], [ -46.694978, -23.46069 ], [ -46.695037, -23.461287 ], [ -46.696446, -23.461122 ], [ -46.696575, -23.460825 ], [ -46.69697, -23.460534 ], [ -46.697091, -23.460506 ], [ -46.697636, -23.459951 ], [ -46.697216, -23.45994 ], [ -46.695247, -23.460138 ] ] ] } },
{ "type": "Feature", "properties": { "CD_SETOR": "355030811000242", "faces": 11, "pavimentada": 100.0, "bueiro": 18.18, "iluminacao": 100.0, "onibus": 0.0, "ciclovia": 9.09, "calcada": 45.45, "obstaculo": 100.0, "rampa": 0.0, "rampa_faces": 0.0, "sem_calcada": 54.55, "sem_arvore": 100.0, "muitas_arvores": 0.0, "vao": 100.0, "V05400": 11, "V05421": 5, "V05406": 11, "V05412": 11, "V05422": 6, "V05424": 5, "V05427": 0, "V05409": 2, "V05415": 0, "V05418": 1, "V05430": 11, "V05433": 0, "criancas_0a4": 44, "em_favela": true }, "geometry": { "type": "Polygon", "coordinates": [ [ [ -46.686435, -23.455824 ], [ -46.686087, -23.456305 ], [ -46.685398, -23.457085 ], [ -46.685316, -23.457124 ], [ -46.685661, -23.45737 ], [ -46.685239, -23.457862 ], [ -46.684934, -23.458203 ], [ -46.684587, -23.457984 ], [ -46.6845, -23.458089 ], [ -46.684422, -23.458437 ], [ -46.684493, -23.458635 ], [ -46.684672, -23.458812 ], [ -46.684869, -23.458894 ], [ -46.685176, -23.458641 ], [ -46.685742, -23.458126 ], [ -46.685651, -23.458033 ], [ -46.685891, -23.457829 ], [ -46.686179, -23.457444 ], [ -46.685936, -23.457251 ], [ -46.685969, -23.457196 ], [ -46.685847, -23.457123 ], [ -46.686153, -23.456724 ], [ -46.68678, -23.456125 ], [ -46.686822, -23.456026 ], [ -46.686435, -23.455824 ] ] ] } },
{ "type": "Feature", "properties": { "CD_SETOR": "355030811000243", "faces": 9, "pavimentada": 100.0, "bueiro": 11.11, "iluminacao": 88.89, "onibus": 11.11, "ciclovia": 0.0, "calcada": 77.78, "obstaculo": 85.71, "rampa": 0.0, "rampa_faces": 0.0, "sem_calcada": 22.22, "sem_arvore": 77.78, "muitas_arvores": 0.0, "vao": 100.0, "V05400": 9, "V05421": 7, "V05406": 9, "V05412": 8, "V05422": 2, "V05424": 6, "V05427": 0, "V05409": 1, "V05415": 1, "V05418": 0, "V05430": 7, "V05433": 0, "criancas_0a4": 44, "em_favela": false }, "geometry": { "type": "Polygon", "coordinates": [ [ [ -46.677511, -23.456525 ], [ -46.677602, -23.45683 ], [ -46.677667, -23.456907 ], [ -46.678267, -23.456977 ], [ -46.678412, -23.457045 ], [ -46.679952, -23.45635 ], [ -46.680144, -23.456221 ], [ -46.67934, -23.456281 ], [ -46.678827, -23.456169 ], [ -46.678469, -23.456024 ], [ -46.678326, -23.455907 ], [ -46.67826, -23.455746 ], [ -46.678124, -23.454676 ], [ -46.67771, -23.454651 ], [ -46.677581, -23.45508 ], [ -46.67769, -23.456272 ], [ -46.677666, -23.456398 ], [ -46.677511, -23.456525 ] ] ] } },
{ "type": "Feature", "properties": { "CD_SETOR": "355030811000244", "faces": 20, "pavimentada": 100.0, "bueiro": 55.0, "iluminacao": 100.0, "onibus": 15.0, "ciclovia": 15.0, "calcada": 100.0, "obstaculo": 60.0, "rampa": 10.0, "rampa_faces": 10.0, "sem_calcada": 0.0, "sem_arvore": 65.0, "muitas_arvores": 15.0, "vao": 90.0, "V05400": 20, "V05421": 20, "V05406": 20, "V05412": 20, "V05422": 0, "V05424": 12, "V05427": 2, "V05409": 11, "V05415": 3, "V05418": 3, "V05430": 13, "V05433": 3, "criancas_0a4": 33, "em_favela": false }, "geometry": { "type": "Polygon", "coordinates": [ [ [ -46.670117, -23.468345 ], [ -46.67037, -23.469657 ], [ -46.671229, -23.469355 ], [ -46.670983, -23.46866 ], [ -46.671701, -23.468484 ], [ -46.671765, -23.467858 ], [ -46.673036, -23.468349 ], [ -46.672925, -23.469625 ], [ -46.67393, -23.468826 ], [ -46.674035, -23.468803 ], [ -46.674479, -23.468864 ], [ -46.674504, -23.468485 ], [ -46.671579, -23.467102 ], [ -46.67157, -23.467456 ], [ -46.671435, -23.467712 ], [ -46.671477, -23.468013 ], [ -46.670344, -23.468406 ], [ -46.670209, -23.46841 ], [ -46.670117, -23.468345 ] ] ] } },
{ "type": "Feature", "properties": { "CD_SETOR": "355030811000245", "faces": 13, "pavimentada": 100.0, "bueiro": 84.62, "iluminacao": 100.0, "onibus": 23.08, "ciclovia": 30.77, "calcada": 100.0, "obstaculo": 30.77, "rampa": 0.0, "rampa_faces": 0.0, "sem_calcada": 0.0, "sem_arvore": 38.46, "muitas_arvores": 0.0, "vao": 100.0, "V05400": 13, "V05421": 13, "V05406": 13, "V05412": 13, "V05422": 0, "V05424": 4, "V05427": 0, "V05409": 11, "V05415": 3, "V05418": 4, "V05430": 5, "V05433": 0, "criancas_0a4": 15, "em_favela": false }, "geometry": { "type": "Polygon", "coordinates": [ [ [ -46.685317, -23.478249 ], [ -46.685444, -23.478624 ], [ -46.685956, -23.479479 ], [ -46.686622, -23.479292 ], [ -46.686494, -23.478908 ], [ -46.686824, -23.478674 ], [ -46.688559, -23.478482 ], [ -46.688429, -23.47795 ], [ -46.687744, -23.478027 ], [ -46.686593, -23.478022 ], [ -46.686251, -23.478241 ], [ -46.685996, -23.477822 ], [ -46.685317, -23.478249 ] ] ] } },
{ "type": "Feature", "properties": { "CD_SETOR": "355030811000246", "faces": 12, "pavimentada": 100.0, "bueiro": 83.33, "iluminacao": 100.0, "onibus": 25.0, "ciclovia": 0.0, "calcada": 100.0, "obstaculo": 100.0, "rampa": 0.0, "rampa_faces": 0.0, "sem_calcada": 0.0, "sem_arvore": 100.0, "muitas_arvores": 0.0, "vao": 100.0, "V05400": 12, "V05421": 12, "V05406": 12, "V05412": 12, "V05422": 0, "V05424": 12, "V05427": 0, "V05409": 10, "V05415": 3, "V05418": 0, "V05430": 12, "V05433": 0, "criancas_0a4": 13, "em_favela": false }, "geometry": { "type": "Polygon", "coordinates": [ [ [ -46.690208, -23.475057 ], [ -46.690834, -23.476357 ], [ -46.693662, -23.47679 ], [ -46.693752, -23.476671 ], [ -46.693908, -23.476689 ], [ -46.694033, -23.476397 ], [ -46.693997, -23.476339 ], [ -46.694063, -23.476132 ], [ -46.693864, -23.476064 ], [ -46.69354, -23.475718 ], [ -46.693333, -23.475609 ], [ -46.693182, -23.475578 ], [ -46.693035, -23.475727 ], [ -46.692929, -23.475712 ], [ -46.690208, -23.475057 ] ] ] } },
{ "type": "Feature", "properties": { "CD_SETOR": "355030811000247", "faces": 23, "pavimentada": 100.0, "bueiro": 39.13, "iluminacao": 100.0, "onibus": 4.35, "ciclovia": 0.0, "calcada": 52.17, "obstaculo": 33.33, "rampa": 0.0, "rampa_faces": 0.0, "sem_calcada": 47.83, "sem_arvore": 82.61, "muitas_arvores": 0.0, "vao": 100.0, "V05400": 23, "V05421": 12, "V05406": 23, "V05412": 23, "V05422": 11, "V05424": 4, "V05427": 0, "V05409": 9, "V05415": 1, "V05418": 0, "V05430": 19, "V05433": 0, "criancas_0a4": 38, "em_favela": false }, "geometry": { "type": "Polygon", "coordinates": [ [ [ -46.68009, -23.453743 ], [ -46.680698, -23.454974 ], [ -46.681144, -23.454791 ], [ -46.681173, -23.45485 ], [ -46.681829, -23.454579 ], [ -46.681408, -23.453704 ], [ -46.68076, -23.453978 ], [ -46.680637, -23.45381 ], [ -46.680505, -23.453738 ], [ -46.68009, -23.453743 ] ] ] } },
{ "type": "Feature", "properties": { "CD_SETOR": "355030811000248", "faces": 20, "pavimentada": 100.0, "bueiro": 65.0, "iluminacao": 100.0, "onibus": 25.0, "ciclovia": 10.0, "calcada": 80.0, "obstaculo": 68.75, "rampa": 6.25, "rampa_faces": 5.0, "sem_calcada": 20.0, "sem_arvore": 70.0, "muitas_arvores": 15.0, "vao": 95.0, "V05400": 20, "V05421": 16, "V05406": 20, "V05412": 20, "V05422": 4, "V05424": 11, "V05427": 1, "V05409": 13, "V05415": 5, "V05418": 2, "V05430": 14, "V05433": 3, "criancas_0a4": 26, "em_favela": false }, "geometry": { "type": "Polygon", "coordinates": [ [ [ -46.674446, -23.451885 ], [ -46.674006, -23.452522 ], [ -46.673958, -23.452795 ], [ -46.674622, -23.454601 ], [ -46.674793, -23.454474 ], [ -46.675356, -23.454338 ], [ -46.675655, -23.457451 ], [ -46.67562, -23.457707 ], [ -46.675414, -23.458076 ], [ -46.676496, -23.458775 ], [ -46.676318, -23.457376 ], [ -46.676187, -23.456632 ], [ -46.676078, -23.456388 ], [ -46.675943, -23.455031 ], [ -46.67601, -23.454237 ], [ -46.67589, -23.453012 ], [ -46.67524, -23.453045 ], [ -46.675291, -23.452743 ], [ -46.675553, -23.45217 ], [ -46.674446, -23.451885 ] ] ] } },
{ "type": "Feature", "properties": { "CD_SETOR": "355030811000250", "faces": 10, "pavimentada": 100.0, "bueiro": 30.0, "iluminacao": 100.0, "onibus": 10.0, "ciclovia": 0.0, "calcada": 70.0, "obstaculo": 100.0, "rampa": 0.0, "rampa_faces": 0.0, "sem_calcada": 30.0, "sem_arvore": 80.0, "muitas_arvores": 0.0, "vao": 100.0, "V05400": 10, "V05421": 7, "V05406": 10, "V05412": 10, "V05422": 3, "V05424": 7, "V05427": 0, "V05409": 3, "V05415": 1, "V05418": 0, "V05430": 8, "V05433": 0, "criancas_0a4": 16, "em_favela": true }, "geometry": { "type": "Polygon", "coordinates": [ [ [ -46.700883, -23.454423 ], [ -46.701064, -23.454584 ], [ -46.701242, -23.454836 ], [ -46.702131, -23.455405 ], [ -46.702126, -23.455167 ], [ -46.702195, -23.455004 ], [ -46.70171, -23.454597 ], [ -46.701696, -23.454255 ], [ -46.701275, -23.454231 ], [ -46.701289, -23.453983 ], [ -46.700707, -23.453828 ], [ -46.700883, -23.454423 ] ] ] } },
{ "type": "Feature", "properties": { "CD_SETOR": "355030811000251", "faces": 2, "pavimentada": 100.0, "bueiro": 100.0, "iluminacao": 100.0, "onibus": 0.0, "ciclovia": 0.0, "calcada": 100.0, "obstaculo": 100.0, "rampa": 0.0, "rampa_faces": 0.0, "sem_calcada": 0.0, "sem_arvore": 100.0, "muitas_arvores": 0.0, "vao": 100.0, "V05400": 2, "V05421": 2, "V05406": 2, "V05412": 2, "V05422": 0, "V05424": 2, "V05427": 0, "V05409": 2, "V05415": 0, "V05418": 0, "V05430": 2, "V05433": 0, "criancas_0a4": 21, "em_favela": true }, "geometry": { "type": "Polygon", "coordinates": [ [ [ -46.694068, -23.450971 ], [ -46.694307, -23.451285 ], [ -46.694558, -23.451845 ], [ -46.694679, -23.451923 ], [ -46.694919, -23.451927 ], [ -46.695548, -23.451727 ], [ -46.696016, -23.451732 ], [ -46.696172, -23.451647 ], [ -46.696116, -23.451598 ], [ -46.696152, -23.451555 ], [ -46.696024, -23.45131 ], [ -46.695756, -23.451381 ], [ -46.695221, -23.451422 ], [ -46.694904, -23.451363 ], [ -46.694767, -23.451237 ], [ -46.694348, -23.450551 ], [ -46.694068, -23.450971 ] ] ] } },
{ "type": "Feature", "properties": { "CD_SETOR": "355030811000252", "faces": 14, "pavimentada": 100.0, "bueiro": 57.14, "iluminacao": 100.0, "onibus": 35.71, "ciclovia": 0.0, "calcada": 100.0, "obstaculo": 78.57, "rampa": 21.43, "rampa_faces": 21.43, "sem_calcada": 0.0, "sem_arvore": 50.0, "muitas_arvores": 21.43, "vao": 78.57, "V05400": 14, "V05421": 14, "V05406": 14, "V05412": 14, "V05422": 0, "V05424": 11, "V05427": 3, "V05409": 8, "V05415": 5, "V05418": 0, "V05430": 7, "V05433": 3, "criancas_0a4": 13, "em_favela": false }, "geometry": { "type": "Polygon", "coordinates": [ [ [ -46.697637, -23.451514 ], [ -46.698882, -23.452304 ], [ -46.699337, -23.452854 ], [ -46.699536, -23.452947 ], [ -46.699965, -23.451999 ], [ -46.700099, -23.451508 ], [ -46.70015, -23.451065 ], [ -46.699811, -23.450844 ], [ -46.699503, -23.450774 ], [ -46.699169, -23.450837 ], [ -46.699025, -23.450693 ], [ -46.698005, -23.451227 ], [ -46.697637, -23.451514 ] ] ] } },
{ "type": "Feature", "properties": { "CD_SETOR": "355030811000253", "faces": 10, "pavimentada": 100.0, "bueiro": 80.0, "iluminacao": 100.0, "onibus": 60.0, "ciclovia": 0.0, "calcada": 80.0, "obstaculo": 100.0, "rampa": 0.0, "rampa_faces": 0.0, "sem_calcada": 20.0, "sem_arvore": 30.0, "muitas_arvores": 30.0, "vao": 100.0, "V05400": 10, "V05421": 8, "V05406": 10, "V05412": 10, "V05422": 2, "V05424": 8, "V05427": 0, "V05409": 8, "V05415": 6, "V05418": 0, "V05430": 3, "V05433": 3, "criancas_0a4": 33, "em_favela": false }, "geometry": { "type": "Polygon", "coordinates": [ [ [ -46.693276, -23.451369 ], [ -46.69245, -23.451629 ], [ -46.692337, -23.452382 ], [ -46.692188, -23.452766 ], [ -46.694721, -23.452619 ], [ -46.694685, -23.452459 ], [ -46.694204, -23.452289 ], [ -46.693877, -23.451692 ], [ -46.693658, -23.451446 ], [ -46.693473, -23.451375 ], [ -46.693276, -23.451369 ] ] ] } },
{ "type": "Feature", "properties": { "CD_SETOR": "355030811000257", "faces": 1, "pavimentada": 100.0, "bueiro": 100.0, "iluminacao": 100.0, "onibus": 0.0, "ciclovia": 0.0, "calcada": 100.0, "obstaculo": 100.0, "rampa": 0.0, "rampa_faces": 0.0, "sem_calcada": 0.0, "sem_arvore": 0.0, "muitas_arvores": 0.0, "vao": 100.0, "V05400": 1, "V05421": 1, "V05406": 1, "V05412": 1, "V05422": 0, "V05424": 1, "V05427": 0, "V05409": 1, "V05415": 0, "V05418": 0, "V05430": 0, "V05433": 0, "criancas_0a4": 7, "em_favela": false }, "geometry": { "type": "Polygon", "coordinates": [ [ [ -46.702863, -23.445416 ], [ -46.702273, -23.445615 ], [ -46.702296, -23.445812 ], [ -46.702471, -23.446004 ], [ -46.702585, -23.446446 ], [ -46.70294, -23.446218 ], [ -46.702981, -23.446046 ], [ -46.702924, -23.445707 ], [ -46.702981, -23.44562 ], [ -46.702863, -23.445416 ] ] ] } },
{ "type": "Feature", "properties": { "CD_SETOR": "355030811000258", "faces": 1, "pavimentada": 100.0, "bueiro": 100.0, "iluminacao": 100.0, "onibus": 0.0, "ciclovia": 0.0, "calcada": 100.0, "obstaculo": 100.0, "rampa": 0.0, "rampa_faces": 0.0, "sem_calcada": 0.0, "sem_arvore": 100.0, "muitas_arvores": 0.0, "vao": 100.0, "V05400": 1, "V05421": 1, "V05406": 1, "V05412": 1, "V05422": 0, "V05424": 1, "V05427": 0, "V05409": 1, "V05415": 0, "V05418": 0, "V05430": 1, "V05433": 0, "criancas_0a4": 33, "em_favela": false }, "geometry": { "type": "Polygon", "coordinates": [ [ [ -46.702454, -23.445544 ], [ -46.702863, -23.445416 ], [ -46.702981, -23.44562 ], [ -46.703102, -23.445532 ], [ -46.703244, -23.445513 ], [ -46.703168, -23.445241 ], [ -46.703387, -23.445117 ], [ -46.702536, -23.444311 ], [ -46.701705, -23.444787 ], [ -46.701933, -23.445232 ], [ -46.702072, -23.445399 ], [ -46.702224, -23.445456 ], [ -46.702418, -23.445439 ], [ -46.702454, -23.445544 ] ] ] } },
{ "type": "Feature", "properties": { "CD_SETOR": "355030811000259", "faces": 2, "pavimentada": 100.0, "bueiro": 100.0, "iluminacao": 100.0, "onibus": 0.0, "ciclovia": 0.0, "calcada": 100.0, "obstaculo": 100.0, "rampa": 0.0, "rampa_faces": 0.0, "sem_calcada": 0.0, "sem_arvore": 0.0, "muitas_arvores": 0.0, "vao": 100.0, "V05400": 2, "V05421": 2, "V05406": 2, "V05412": 2, "V05422": 0, "V05424": 2, "V05427": 0, "V05409": 2, "V05415": 0, "V05418": 0, "V05430": 0, "V05433": 0, "criancas_0a4": 16, "em_favela": false }, "geometry": { "type": "Polygon", "coordinates": [ [ [ -46.704562, -23.444864 ], [ -46.704687, -23.443769 ], [ -46.704791, -23.443662 ], [ -46.704735, -23.443512 ], [ -46.704506, -23.44332 ], [ -46.704395, -23.443304 ], [ -46.704071, -23.443573 ], [ -46.703605, -23.444109 ], [ -46.704562, -23.444864 ] ] ] } },
{ "type": "Feature", "properties": { "CD_SETOR": "355030811000261", "faces": 1, "pavimentada": 100.0, "bueiro": 100.0, "iluminacao": 100.0, "onibus": 0.0, "ciclovia": 0.0, "calcada": 100.0, "obstaculo": 0.0, "rampa": 0.0, "rampa_faces": 0.0, "sem_calcada": 0.0, "sem_arvore": 0.0, "muitas_arvores": 100.0, "vao": 100.0, "V05400": 1, "V05421": 1, "V05406": 1, "V05412": 1, "V05422": 0, "V05424": 0, "V05427": 0, "V05409": 1, "V05415": 0, "V05418": 0, "V05430": 0, "V05433": 1, "criancas_0a4": 16, "em_favela": false }, "geometry": { "type": "Polygon", "coordinates": [ [ [ -46.704562, -23.444864 ], [ -46.705194, -23.445395 ], [ -46.705259, -23.444004 ], [ -46.704791, -23.443662 ], [ -46.704687, -23.443769 ], [ -46.704562, -23.444864 ] ] ] } },
{ "type": "Feature", "properties": { "CD_SETOR": "355030811000262", "faces": 12, "pavimentada": 100.0, "bueiro": 41.67, "iluminacao": 100.0, "onibus": 0.0, "ciclovia": 0.0, "calcada": 100.0, "obstaculo": 100.0, "rampa": 0.0, "rampa_faces": 0.0, "sem_calcada": 0.0, "sem_arvore": 41.67, "muitas_arvores": 16.67, "vao": 100.0, "V05400": 12, "V05421": 12, "V05406": 12, "V05412": 12, "V05422": 0, "V05424": 12, "V05427": 0, "V05409": 5, "V05415": 0, "V05418": 0, "V05430": 5, "V05433": 2, "criancas_0a4": 59, "em_favela": false }, "geometry": { "type": "Polygon", "coordinates": [ [ [ -46.706175, -23.43724 ], [ -46.70529, -23.438526 ], [ -46.705553, -23.4387 ], [ -46.706693, -23.438581 ], [ -46.706992, -23.439313 ], [ -46.707428, -23.439805 ], [ -46.708192, -23.438927 ], [ -46.708504, -23.438973 ], [ -46.708486, -23.438842 ], [ -46.708333, -23.438616 ], [ -46.707892, -23.438128 ], [ -46.707228, -23.437586 ], [ -46.706534, -23.437254 ], [ -46.706397, -23.437216 ], [ -46.706175, -23.43724 ] ] ] } },
{ "type": "Feature", "properties": { "CD_SETOR": "355030811000271", "faces": 4, "pavimentada": 100.0, "bueiro": 50.0, "iluminacao": 100.0, "onibus": 25.0, "ciclovia": 0.0, "calcada": 75.0, "obstaculo": 66.67, "rampa": 33.33, "rampa_faces": 25.0, "sem_calcada": 25.0, "sem_arvore": 100.0, "muitas_arvores": 0.0, "vao": 75.0, "V05400": 4, "V05421": 3, "V05406": 4, "V05412": 4, "V05422": 1, "V05424": 2, "V05427": 1, "V05409": 2, "V05415": 1, "V05418": 0, "V05430": 4, "V05433": 0, "criancas_0a4": 27, "em_favela": false }, "geometry": { "type": "Polygon", "coordinates": [ [ [ -46.686938, -23.464774 ], [ -46.687181, -23.465259 ], [ -46.686687, -23.465712 ], [ -46.686584, -23.466185 ], [ -46.686792, -23.467428 ], [ -46.686727, -23.4675 ], [ -46.6857, -23.468009 ], [ -46.685622, -23.468458 ], [ -46.685772, -23.46889 ], [ -46.685596, -23.469086 ], [ -46.685849, -23.469409 ], [ -46.686001, -23.469151 ], [ -46.686081, -23.468494 ], [ -46.686291, -23.468053 ], [ -46.687144, -23.467503 ], [ -46.687094, -23.467061 ], [ -46.686957, -23.4666 ], [ -46.68703, -23.466002 ], [ -46.687169, -23.465793 ], [ -46.68754, -23.465462 ], [ -46.687663, -23.465259 ], [ -46.687636, -23.465086 ], [ -46.687363, -23.464798 ], [ -46.687303, -23.464617 ], [ -46.687342, -23.464509 ], [ -46.687267, -23.464473 ], [ -46.686938, -23.464774 ] ] ] } },
{ "type": "Feature", "properties": { "CD_SETOR": "355030811000272", "faces": 2, "pavimentada": 100.0, "bueiro": 0.0, "iluminacao": 100.0, "onibus": 0.0, "ciclovia": 0.0, "calcada": 100.0, "obstaculo": 100.0, "rampa": 0.0, "rampa_faces": 0.0, "sem_calcada": 0.0, "sem_arvore": 0.0, "muitas_arvores": 0.0, "vao": 100.0, "V05400": 2, "V05421": 2, "V05406": 2, "V05412": 2, "V05422": 0, "V05424": 2, "V05427": 0, "V05409": 0, "V05415": 0, "V05418": 0, "V05430": 0, "V05433": 0, "criancas_0a4": 12, "em_favela": false }, "geometry": { "type": "Polygon", "coordinates": [ [ [ -46.682861, -23.467341 ], [ -46.681834, -23.468873 ], [ -46.681965, -23.469274 ], [ -46.682654, -23.469016 ], [ -46.682604, -23.46886 ], [ -46.682616, -23.46865 ], [ -46.683282, -23.467708 ], [ -46.682861, -23.467341 ] ] ] } },
{ "type": "Feature", "properties": { "CD_SETOR": "355030811000273", "faces": 10, "pavimentada": 100.0, "bueiro": 10.0, "iluminacao": 100.0, "onibus": 40.0, "ciclovia": 0.0, "calcada": 80.0, "obstaculo": 100.0, "rampa": 0.0, "rampa_faces": 0.0, "sem_calcada": 20.0, "sem_arvore": 70.0, "muitas_arvores": 0.0, "vao": 100.0, "V05400": 10, "V05421": 8, "V05406": 10, "V05412": 10, "V05422": 2, "V05424": 8, "V05427": 0, "V05409": 1, "V05415": 4, "V05418": 0, "V05430": 7, "V05433": 0, "criancas_0a4": 27, "em_favela": false }, "geometry": { "type": "Polygon", "coordinates": [ [ [ -46.681179, -23.46357 ], [ -46.682843, -23.463986 ], [ -46.683046, -23.463994 ], [ -46.683248, -23.463938 ], [ -46.683482, -23.463758 ], [ -46.683809, -23.46339 ], [ -46.683805, -23.463144 ], [ -46.683872, -23.462922 ], [ -46.684306, -23.462312 ], [ -46.684331, -23.462126 ], [ -46.684285, -23.461915 ], [ -46.684041, -23.461653 ], [ -46.683821, -23.462187 ], [ -46.683635, -23.462471 ], [ -46.683347, -23.462717 ], [ -46.682242, -23.463184 ], [ -46.681179, -23.46357 ] ] ] } },
{ "type": "Feature", "properties": { "CD_SETOR": "355030811000274", "faces": 3, "pavimentada": 100.0, "bueiro": 33.33, "iluminacao": 100.0, "onibus": 66.67, "ciclovia": 0.0, "calcada": 100.0, "obstaculo": 100.0, "rampa": 0.0, "rampa_faces": 0.0, "sem_calcada": 0.0, "sem_arvore": 100.0, "muitas_arvores": 0.0, "vao": 100.0, "V05400": 3, "V05421": 3, "V05406": 3, "V05412": 3, "V05422": 0, "V05424": 3, "V05427": 0, "V05409": 1, "V05415": 2, "V05418": 0, "V05430": 3, "V05433": 0, "criancas_0a4": 32, "em_favela": false }, "geometry": { "type": "Polygon", "coordinates": [ [ [ -46.688996, -23.466442 ], [ -46.689259, -23.467008 ], [ -46.690196, -23.466626 ], [ -46.690747, -23.466233 ], [ -46.690867, -23.466098 ], [ -46.690996, -23.465339 ], [ -46.69093, -23.465083 ], [ -46.690623, -23.464838 ], [ -46.690472, -23.465015 ], [ -46.690256, -23.465492 ], [ -46.689994, -23.465862 ], [ -46.68982, -23.465998 ], [ -46.688996, -23.466442 ] ] ] } },
{ "type": "Feature", "properties": { "CD_SETOR": "355030811000275", "faces": 9, "pavimentada": 100.0, "bueiro": 22.22, "iluminacao": 100.0, "onibus": 44.44, "ciclovia": 0.0, "calcada": 100.0, "obstaculo": 88.89, "rampa": 11.11, "rampa_faces": 11.11, "sem_calcada": 0.0, "sem_arvore": 66.67, "muitas_arvores": 11.11, "vao": 88.89, "V05400": 9, "V05421": 9, "V05406": 9, "V05412": 9, "V05422": 0, "V05424": 8, "V05427": 1, "V05409": 2, "V05415": 4, "V05418": 0, "V05430": 6, "V05433": 1, "criancas_0a4": 24, "em_favela": false }, "geometry": { "type": "Polygon", "coordinates": [ [ [ -46.686653, -23.460609 ], [ -46.687012, -23.461052 ], [ -46.688217, -23.46148 ], [ -46.689561, -23.461536 ], [ -46.690204, -23.461153 ], [ -46.69032, -23.461038 ], [ -46.690072, -23.461075 ], [ -46.68834, -23.461012 ], [ -46.688061, -23.460952 ], [ -46.68777, -23.460787 ], [ -46.687432, -23.460836 ], [ -46.687128, -23.460229 ], [ -46.686653, -23.460609 ] ] ] } },
{ "type": "Feature", "properties": { "CD_SETOR": "355030811000276", "faces": 16, "pavimentada": 100.0, "bueiro": 12.5, "iluminacao": 100.0, "onibus": 31.25, "ciclovia": 0.0, "calcada": 50.0, "obstaculo": 100.0, "rampa": 0.0, "rampa_faces": 0.0, "sem_calcada": 50.0, "sem_arvore": 100.0, "muitas_arvores": 0.0, "vao": 100.0, "V05400": 16, "V05421": 8, "V05406": 16, "V05412": 16, "V05422": 8, "V05424": 8, "V05427": 0, "V05409": 2, "V05415": 5, "V05418": 0, "V05430": 16, "V05433": 0, "criancas_0a4": 39, "em_favela": true }, "geometry": { "type": "Polygon", "coordinates": [ [ [ -46.68583, -23.459143 ], [ -46.68579, -23.459238 ], [ -46.685888, -23.459435 ], [ -46.687397, -23.458912 ], [ -46.68731, -23.458614 ], [ -46.686902, -23.458449 ], [ -46.686663, -23.458548 ], [ -46.68583, -23.459143 ] ] ] } },
{ "type": "Feature", "properties": { "CD_SETOR": "355030811000277", "faces": 3, "pavimentada": 100.0, "bueiro": 0.0, "iluminacao": 100.0, "onibus": 66.67, "ciclovia": 33.33, "calcada": 100.0, "obstaculo": 66.67, "rampa": 0.0, "rampa_faces": 0.0, "sem_calcada": 0.0, "sem_arvore": 0.0, "muitas_arvores": 33.33, "vao": 100.0, "V05400": 3, "V05421": 3, "V05406": 3, "V05412": 3, "V05422": 0, "V05424": 2, "V05427": 0, "V05409": 0, "V05415": 2, "V05418": 1, "V05430": 0, "V05433": 1, "criancas_0a4": 0, "em_favela": false }, "geometry": { "type": "Polygon", "coordinates": [ [ [ -46.678965, -23.467043 ], [ -46.678399, -23.467312 ], [ -46.677876, -23.467671 ], [ -46.677562, -23.467952 ], [ -46.677286, -23.468394 ], [ -46.678333, -23.468549 ], [ -46.678409, -23.468233 ], [ -46.678952, -23.467188 ], [ -46.678965, -23.467043 ] ] ] } },
{ "type": "Feature", "properties": { "CD_SETOR": "355030811000278", "faces": 12, "pavimentada": 100.0, "bueiro": 66.67, "iluminacao": 100.0, "onibus": 41.67, "ciclovia": 25.0, "calcada": 83.33, "obstaculo": 60.0, "rampa": 10.0, "rampa_faces": 8.33, "sem_calcada": 16.67, "sem_arvore": 83.33, "muitas_arvores": 8.33, "vao": 91.67, "V05400": 12, "V05421": 10, "V05406": 12, "V05412": 12, "V05422": 2, "V05424": 6, "V05427": 1, "V05409": 8, "V05415": 5, "V05418": 3, "V05430": 10, "V05433": 1, "criancas_0a4": 19, "em_favela": false }, "geometry": { "type": "Polygon", "coordinates": [ [ [ -46.680267, -23.472211 ], [ -46.681423, -23.472527 ], [ -46.682717, -23.47215 ], [ -46.683164, -23.471674 ], [ -46.683111, -23.471603 ], [ -46.682084, -23.471044 ], [ -46.681979, -23.471497 ], [ -46.681933, -23.471532 ], [ -46.680799, -23.471043 ], [ -46.680267, -23.472211 ] ] ] } },
{ "type": "Feature", "properties": { "CD_SETOR": "355030811000279", "faces": 12, "pavimentada": 100.0, "bueiro": 58.33, "iluminacao": 100.0, "onibus": 16.67, "ciclovia": 0.0, "calcada": 75.0, "obstaculo": 100.0, "rampa": 0.0, "rampa_faces": 0.0, "sem_calcada": 25.0, "sem_arvore": 83.33, "muitas_arvores": 0.0, "vao": 100.0, "V05400": 12, "V05421": 9, "V05406": 12, "V05412": 12, "V05422": 3, "V05424": 9, "V05427": 0, "V05409": 7, "V05415": 2, "V05418": 0, "V05430": 10, "V05433": 0, "criancas_0a4": 13, "em_favela": false }, "geometry": { "type": "Polygon", "coordinates": [ [ [ -46.686164, -23.469165 ], [ -46.685918, -23.469449 ], [ -46.686327, -23.469679 ], [ -46.688617, -23.469373 ], [ -46.689062, -23.469079 ], [ -46.689266, -23.469129 ], [ -46.689268, -23.468824 ], [ -46.689378, -23.4684 ], [ -46.688756, -23.468417 ], [ -46.688623, -23.468225 ], [ -46.687806, -23.468668 ], [ -46.686164, -23.469165 ] ] ] } },
{ "type": "Feature", "properties": { "CD_SETOR": "355030811000280", "faces": 12, "pavimentada": 91.67, "bueiro": 91.67, "iluminacao": 91.67, "onibus": 33.33, "ciclovia": 0.0, "calcada": 75.0, "obstaculo": 55.56, "rampa": 11.11, "rampa_faces": 8.33, "sem_calcada": 25.0, "sem_arvore": 91.67, "muitas_arvores": 0.0, "vao": 83.33, "V05400": 12, "V05421": 9, "V05406": 11, "V05412": 11, "V05422": 3, "V05424": 5, "V05427": 1, "V05409": 11, "V05415": 4, "V05418": 0, "V05430": 11, "V05433": 0, "criancas_0a4": 24, "em_favela": false }, "geometry": { "type": "Polygon", "coordinates": [ [ [ -46.691673, -23.467402 ], [ -46.692009, -23.467654 ], [ -46.692018, -23.467747 ], [ -46.692128, -23.467754 ], [ -46.692351, -23.467514 ], [ -46.692407, -23.467108 ], [ -46.692625, -23.466885 ], [ -46.693678, -23.466248 ], [ -46.694422, -23.466024 ], [ -46.695114, -23.464817 ], [ -46.69474, -23.46467 ], [ -46.694073, -23.464591 ], [ -46.694118, -23.465145 ], [ -46.694037, -23.465367 ], [ -46.693108, -23.466128 ], [ -46.692064, -23.466897 ], [ -46.691673, -23.467402 ] ] ] } },
{ "type": "Feature", "properties": { "CD_SETOR": "355030811000281", "faces": 4, "pavimentada": 100.0, "bueiro": 0.0, "iluminacao": 100.0, "onibus": 25.0, "ciclovia": 0.0, "calcada": 75.0, "obstaculo": 100.0, "rampa": 0.0, "rampa_faces": 0.0, "sem_calcada": 25.0, "sem_arvore": 75.0, "muitas_arvores": 0.0, "vao": 100.0, "V05400": 4, "V05421": 3, "V05406": 4, "V05412": 4, "V05422": 1, "V05424": 3, "V05427": 0, "V05409": 0, "V05415": 1, "V05418": 0, "V05430": 3, "V05433": 0, "criancas_0a4": 8, "em_favela": false }, "geometry": { "type": "Polygon", "coordinates": [ [ [ -46.695037, -23.461287 ], [ -46.694631, -23.461844 ], [ -46.69635, -23.461652 ], [ -46.696446, -23.461122 ], [ -46.695037, -23.461287 ] ] ] } },
{ "type": "Feature", "properties": { "CD_SETOR": "355030811000282", "faces": 11, "pavimentada": 100.0, "bueiro": 63.64, "iluminacao": 100.0, "onibus": 9.09, "ciclovia": 0.0, "calcada": 54.55, "obstaculo": 100.0, "rampa": 0.0, "rampa_faces": 0.0, "sem_calcada": 45.45, "sem_arvore": 81.82, "muitas_arvores": 0.0, "vao": 100.0, "V05400": 11, "V05421": 6, "V05406": 11, "V05412": 11, "V05422": 5, "V05424": 6, "V05427": 0, "V05409": 7, "V05415": 1, "V05418": 0, "V05430": 9, "V05433": 0, "criancas_0a4": 18, "em_favela": false }, "geometry": { "type": "Polygon", "coordinates": [ [ [ -46.696247, -23.462281 ], [ -46.694226, -23.462496 ], [ -46.694323, -23.462777 ], [ -46.694358, -23.462768 ], [ -46.694376, -23.463012 ], [ -46.696029, -23.462825 ], [ -46.696247, -23.462281 ] ] ] } },
{ "type": "Feature", "properties": { "CD_SETOR": "355030811000283", "faces": 16, "pavimentada": 100.0, "bueiro": 56.25, "iluminacao": 100.0, "onibus": 6.25, "ciclovia": 0.0, "calcada": 93.75, "obstaculo": 100.0, "rampa": 0.0, "rampa_faces": 0.0, "sem_calcada": 6.25, "sem_arvore": 43.75, "muitas_arvores": 0.0, "vao": 100.0, "V05400": 16, "V05421": 15, "V05406": 16, "V05412": 16, "V05422": 1, "V05424": 15, "V05427": 0, "V05409": 9, "V05415": 1, "V05418": 0, "V05430": 7, "V05433": 0, "criancas_0a4": 19, "em_favela": false }, "geometry": { "type": "Polygon", "coordinates": [ [ [ -46.678109, -23.465242 ], [ -46.678164, -23.465569 ], [ -46.678326, -23.465982 ], [ -46.67946, -23.465325 ], [ -46.679581, -23.464915 ], [ -46.678868, -23.463975 ], [ -46.678439, -23.463507 ], [ -46.67722, -23.463055 ], [ -46.677041, -23.463476 ], [ -46.678038, -23.463818 ], [ -46.677943, -23.464593 ], [ -46.67852, -23.464573 ], [ -46.67847, -23.465227 ], [ -46.678109, -23.465242 ] ] ] } },
{ "type": "Feature", "properties": { "CD_SETOR": "355030811000284", "faces": 10, "pavimentada": 100.0, "bueiro": 10.0, "iluminacao": 100.0, "onibus": 0.0, "ciclovia": 0.0, "calcada": 80.0, "obstaculo": 100.0, "rampa": 0.0, "rampa_faces": 0.0, "sem_calcada": 20.0, "sem_arvore": 60.0, "muitas_arvores": 20.0, "vao": 100.0, "V05400": 10, "V05421": 8, "V05406": 10, "V05412": 10, "V05422": 2, "V05424": 8, "V05427": 0, "V05409": 1, "V05415": 0, "V05418": 0, "V05430": 6, "V05433": 2, "criancas_0a4": 14, "em_favela": false }, "geometry": { "type": "Polygon", "coordinates": [ [ [ -46.675254, -23.466268 ], [ -46.675577, -23.467091 ], [ -46.675869, -23.467508 ], [ -46.676153, -23.466824 ], [ -46.676281, -23.466727 ], [ -46.676415, -23.466705 ], [ -46.676531, -23.466725 ], [ -46.677396, -23.467616 ], [ -46.677198, -23.467015 ], [ -46.677424, -23.465904 ], [ -46.675254, -23.466268 ] ] ] } },
{ "type": "Feature", "properties": { "CD_SETOR": "355030811000285", "faces": 4, "pavimentada": 100.0, "bueiro": 0.0, "iluminacao": 100.0, "onibus": 25.0, "ciclovia": 0.0, "calcada": 100.0, "obstaculo": 75.0, "rampa": 25.0, "rampa_faces": 25.0, "sem_calcada": 0.0, "sem_arvore": 25.0, "muitas_arvores": 0.0, "vao": 75.0, "V05400": 4, "V05421": 4, "V05406": 4, "V05412": 4, "V05422": 0, "V05424": 3, "V05427": 1, "V05409": 0, "V05415": 1, "V05418": 0, "V05430": 1, "V05433": 0, "criancas_0a4": 7, "em_favela": false }, "geometry": { "type": "Polygon", "coordinates": [ [ [ -46.677396, -23.467616 ], [ -46.677616, -23.4679 ], [ -46.678269, -23.467386 ], [ -46.677424, -23.465904 ], [ -46.677198, -23.467015 ], [ -46.677396, -23.467616 ] ] ] } },
{ "type": "Feature", "properties": { "CD_SETOR": "355030811000286", "faces": 12, "pavimentada": 100.0, "bueiro": 8.33, "iluminacao": 100.0, "onibus": 33.33, "ciclovia": 25.0, "calcada": 100.0, "obstaculo": 41.67, "rampa": 0.0, "rampa_faces": 0.0, "sem_calcada": 0.0, "sem_arvore": 75.0, "muitas_arvores": 0.0, "vao": 100.0, "V05400": 12, "V05421": 12, "V05406": 12, "V05412": 12, "V05422": 0, "V05424": 5, "V05427": 0, "V05409": 1, "V05415": 4, "V05418": 3, "V05430": 9, "V05433": 0, "criancas_0a4": 31, "em_favela": false }, "geometry": { "type": "Polygon", "coordinates": [ [ [ -46.677129, -23.468871 ], [ -46.677739, -23.46896 ], [ -46.677529, -23.469738 ], [ -46.677942, -23.470794 ], [ -46.67907, -23.469907 ], [ -46.678792, -23.469611 ], [ -46.67853, -23.469202 ], [ -46.678333, -23.468549 ], [ -46.677286, -23.468394 ], [ -46.677129, -23.468871 ] ] ] } },
{ "type": "Feature", "properties": { "CD_SETOR": "355030811000287", "faces": 12, "pavimentada": 100.0, "bueiro": 50.0, "iluminacao": 100.0, "onibus": 8.33, "ciclovia": 0.0, "calcada": 100.0, "obstaculo": 58.33, "rampa": 0.0, "rampa_faces": 0.0, "sem_calcada": 0.0, "sem_arvore": 75.0, "muitas_arvores": 8.33, "vao": 100.0, "V05400": 12, "V05421": 12, "V05406": 12, "V05412": 12, "V05422": 0, "V05424": 7, "V05427": 0, "V05409": 6, "V05415": 1, "V05418": 0, "V05430": 9, "V05433": 1, "criancas_0a4": 14, "em_favela": false }, "geometry": { "type": "Polygon", "coordinates": [ [ [ -46.680487, -23.472268 ], [ -46.680044, -23.472397 ], [ -46.680301, -23.47328 ], [ -46.681964, -23.472865 ], [ -46.683001, -23.472542 ], [ -46.683131, -23.472558 ], [ -46.682904, -23.471939 ], [ -46.682691, -23.472162 ], [ -46.681423, -23.472527 ], [ -46.680487, -23.472268 ] ] ] } },
{ "type": "Feature", "properties": { "CD_SETOR": "355030811000288", "faces": 7, "pavimentada": 100.0, "bueiro": 28.57, "iluminacao": 100.0, "onibus": 0.0, "ciclovia": 0.0, "calcada": 100.0, "obstaculo": 100.0, "rampa": 0.0, "rampa_faces": 0.0, "sem_calcada": 0.0, "sem_arvore": 42.86, "muitas_arvores": 0.0, "vao": 100.0, "V05400": 7, "V05421": 7, "V05406": 7, "V05412": 7, "V05422": 0, "V05424": 7, "V05427": 0, "V05409": 2, "V05415": 0, "V05418": 0, "V05430": 3, "V05433": 0, "criancas_0a4": 15, "em_favela": false }, "geometry": { "type": "Polygon", "coordinates": [ [ [ -46.68108, -23.473585 ], [ -46.680375, -23.473747 ], [ -46.680348, -23.474237 ], [ -46.680368, -23.474833 ], [ -46.682028, -23.474155 ], [ -46.68108, -23.473585 ] ] ] } },
{ "type": "Feature", "properties": { "CD_SETOR": "355030811000289", "faces": 20, "pavimentada": 100.0, "bueiro": 55.0, "iluminacao": 100.0, "onibus": 10.0, "ciclovia": 0.0, "calcada": 100.0, "obstaculo": 35.0, "rampa": 0.0, "rampa_faces": 0.0, "sem_calcada": 0.0, "sem_arvore": 65.0, "muitas_arvores": 10.0, "vao": 100.0, "V05400": 20, "V05421": 20, "V05406": 20, "V05412": 20, "V05422": 0, "V05424": 7, "V05427": 0, "V05409": 11, "V05415": 2, "V05418": 0, "V05430": 13, "V05433": 2, "criancas_0a4": 23, "em_favela": false }, "geometry": { "type": "Polygon", "coordinates": [ [ [ -46.684284, -23.473615 ], [ -46.684078, -23.473703 ], [ -46.683914, -23.474041 ], [ -46.6839, -23.474273 ], [ -46.684517, -23.475583 ], [ -46.684851, -23.476694 ], [ -46.685983, -23.4768 ], [ -46.686054, -23.476102 ], [ -46.686016, -23.474895 ], [ -46.685695, -23.474936 ], [ -46.685478, -23.47352 ], [ -46.684847, -23.473601 ], [ -46.684284, -23.473615 ] ] ] } },
{ "type": "Feature", "properties": { "CD_SETOR": "355030811000292", "faces": 8, "pavimentada": 100.0, "bueiro": 0.0, "iluminacao": 100.0, "onibus": 0.0, "ciclovia": 0.0, "calcada": 75.0, "obstaculo": 100.0, "rampa": 0.0, "rampa_faces": 0.0, "sem_calcada": 25.0, "sem_arvore": 87.5, "muitas_arvores": 0.0, "vao": 100.0, "V05400": 8, "V05421": 6, "V05406": 8, "V05412": 8, "V05422": 2, "V05424": 6, "V05427": 0, "V05409": 0, "V05415": 0, "V05418": 0, "V05430": 7, "V05433": 0, "criancas_0a4": 28, "em_favela": false }, "geometry": { "type": "Polygon", "coordinates": [ [ [ -46.679282, -23.456654 ], [ -46.677843, -23.457295 ], [ -46.677788, -23.457379 ], [ -46.679281, -23.457555 ], [ -46.679624, -23.457652 ], [ -46.679636, -23.457357 ], [ -46.679282, -23.456654 ] ] ] } },
{ "type": "Feature", "properties": { "CD_SETOR": "355030811000293", "faces": 4, "pavimentada": 100.0, "bueiro": 50.0, "iluminacao": 100.0, "onibus": 0.0, "ciclovia": 0.0, "calcada": 100.0, "obstaculo": 75.0, "rampa": 0.0, "rampa_faces": 0.0, "sem_calcada": 0.0, "sem_arvore": 25.0, "muitas_arvores": 50.0, "vao": 100.0, "V05400": 4, "V05421": 4, "V05406": 4, "V05412": 4, "V05422": 0, "V05424": 3, "V05427": 0, "V05409": 2, "V05415": 0, "V05418": 0, "V05430": 1, "V05433": 2, "criancas_0a4": 10, "em_favela": false }, "geometry": { "type": "Polygon", "coordinates": [ [ [ -46.672897, -23.464424 ], [ -46.673342, -23.464696 ], [ -46.673603, -23.465338 ], [ -46.673898, -23.465055 ], [ -46.674029, -23.465022 ], [ -46.674504, -23.465393 ], [ -46.674677, -23.46523 ], [ -46.673983, -23.464666 ], [ -46.673057, -23.46419 ], [ -46.672897, -23.464424 ] ] ] } },
{ "type": "Feature", "properties": { "CD_SETOR": "355030811000294", "faces": 11, "pavimentada": 100.0, "bueiro": 36.36, "iluminacao": 100.0, "onibus": 27.27, "ciclovia": 0.0, "calcada": 90.91, "obstaculo": 60.0, "rampa": 10.0, "rampa_faces": 9.09, "sem_calcada": 9.09, "sem_arvore": 72.73, "muitas_arvores": 9.09, "vao": 90.91, "V05400": 11, "V05421": 10, "V05406": 11, "V05412": 11, "V05422": 1, "V05424": 6, "V05427": 1, "V05409": 4, "V05415": 3, "V05418": 0, "V05430": 8, "V05433": 1, "criancas_0a4": 22, "em_favela": false }, "geometry": { "type": "Polygon", "coordinates": [ [ [ -46.677611, -23.474941 ], [ -46.674996, -23.476488 ], [ -46.676063, -23.477172 ], [ -46.676338, -23.47727 ], [ -46.677059, -23.477334 ], [ -46.677325, -23.476911 ], [ -46.677138, -23.476866 ], [ -46.676984, -23.476554 ], [ -46.676947, -23.47613 ], [ -46.677599, -23.475061 ], [ -46.677611, -23.474941 ] ] ] } },
{ "type": "Feature", "properties": { "CD_SETOR": "355030811000295", "faces": 14, "pavimentada": 100.0, "bueiro": 28.57, "iluminacao": 100.0, "onibus": 0.0, "ciclovia": 0.0, "calcada": 85.71, "obstaculo": 66.67, "rampa": 0.0, "rampa_faces": 0.0, "sem_calcada": 14.29, "sem_arvore": 85.71, "muitas_arvores": 0.0, "vao": 100.0, "V05400": 14, "V05421": 12, "V05406": 14, "V05412": 14, "V05422": 2, "V05424": 8, "V05427": 0, "V05409": 4, "V05415": 0, "V05418": 0, "V05430": 12, "V05433": 0, "criancas_0a4": 36, "em_favela": false }, "geometry": { "type": "Polygon", "coordinates": [ [ [ -46.679444, -23.476378 ], [ -46.679672, -23.47669 ], [ -46.680183, -23.476363 ], [ -46.680601, -23.476313 ], [ -46.680951, -23.476141 ], [ -46.6811, -23.47585 ], [ -46.681228, -23.475744 ], [ -46.68256, -23.475826 ], [ -46.682634, -23.47578 ], [ -46.682608, -23.475703 ], [ -46.681868, -23.475377 ], [ -46.681716, -23.475123 ], [ -46.681342, -23.475249 ], [ -46.680676, -23.47533 ], [ -46.679958, -23.475625 ], [ -46.679676, -23.475882 ], [ -46.679444, -23.476378 ] ] ] } },
{ "type": "Feature", "properties": { "CD_SETOR": "355030811000296", "faces": 10, "pavimentada": 100.0, "bueiro": 10.0, "iluminacao": 100.0, "onibus": 0.0, "ciclovia": 0.0, "calcada": 80.0, "obstaculo": 100.0, "rampa": 0.0, "rampa_faces": 0.0, "sem_calcada": 20.0, "sem_arvore": 100.0, "muitas_arvores": 0.0, "vao": 100.0, "V05400": 10, "V05421": 8, "V05406": 10, "V05412": 10, "V05422": 2, "V05424": 8, "V05427": 0, "V05409": 1, "V05415": 0, "V05418": 0, "V05430": 10, "V05433": 0, "criancas_0a4": 23, "em_favela": false }, "geometry": { "type": "Polygon", "coordinates": [ [ [ -46.692119, -23.472291 ], [ -46.691492, -23.474157 ], [ -46.692862, -23.474557 ], [ -46.693045, -23.473953 ], [ -46.693131, -23.472872 ], [ -46.693082, -23.472642 ], [ -46.692833, -23.47249 ], [ -46.692119, -23.472291 ] ] ] } },
{ "type": "Feature", "properties": { "CD_SETOR": "355030811000297", "faces": 16, "pavimentada": 100.0, "bueiro": 31.25, "iluminacao": 100.0, "onibus": 0.0, "ciclovia": 0.0, "calcada": 100.0, "obstaculo": 81.25, "rampa": 12.5, "rampa_faces": 12.5, "sem_calcada": 0.0, "sem_arvore": 75.0, "muitas_arvores": 0.0, "vao": 87.5, "V05400": 16, "V05421": 16, "V05406": 16, "V05412": 16, "V05422": 0, "V05424": 13, "V05427": 2, "V05409": 5, "V05415": 0, "V05418": 0, "V05430": 12, "V05433": 0, "criancas_0a4": 17, "em_favela": false }, "geometry": { "type": "Polygon", "coordinates": [ [ [ -46.692541, -23.470639 ], [ -46.693447, -23.471966 ], [ -46.693804, -23.472573 ], [ -46.694426, -23.472772 ], [ -46.695172, -23.4709 ], [ -46.694686, -23.470709 ], [ -46.694248, -23.4706 ], [ -46.694164, -23.470873 ], [ -46.693907, -23.470794 ], [ -46.693401, -23.470058 ], [ -46.692922, -23.470441 ], [ -46.692541, -23.470639 ] ] ] } },
{ "type": "Feature", "properties": { "CD_SETOR": "355030811000298", "faces": 4, "pavimentada": 100.0, "bueiro": 0.0, "iluminacao": 75.0, "onibus": 0.0, "ciclovia": 0.0, "calcada": 0.0, "obstaculo": null, "rampa": null, "rampa_faces": 0.0, "sem_calcada": 100.0, "sem_arvore": 75.0, "muitas_arvores": 0.0, "vao": 100.0, "V05400": 4, "V05421": 0, "V05406": 4, "V05412": 3, "V05422": 4, "V05424": 0, "V05427": 0, "V05409": 0, "V05415": 0, "V05418": 0, "V05430": 3, "V05433": 0, "criancas_0a4": 29, "em_favela": false }, "geometry": { "type": "Polygon", "coordinates": [ [ [ -46.698114, -23.465639 ], [ -46.698436, -23.465891 ], [ -46.698536, -23.465874 ], [ -46.700297, -23.463813 ], [ -46.699948, -23.463557 ], [ -46.698114, -23.465639 ] ] ] } },
{ "type": "Feature", "properties": { "CD_SETOR": "355030811000300", "faces": 3, "pavimentada": 100.0, "bueiro": 100.0, "iluminacao": 100.0, "onibus": 0.0, "ciclovia": 0.0, "calcada": 66.67, "obstaculo": 100.0, "rampa": 0.0, "rampa_faces": 0.0, "sem_calcada": 33.33, "sem_arvore": 33.33, "muitas_arvores": 33.33, "vao": 100.0, "V05400": 3, "V05421": 2, "V05406": 3, "V05412": 3, "V05422": 1, "V05424": 2, "V05427": 0, "V05409": 3, "V05415": 0, "V05418": 0, "V05430": 1, "V05433": 1, "criancas_0a4": 29, "em_favela": false }, "geometry": { "type": "Polygon", "coordinates": [ [ [ -46.677511, -23.456525 ], [ -46.677666, -23.456398 ], [ -46.67769, -23.456272 ], [ -46.677582, -23.455045 ], [ -46.677867, -23.454184 ], [ -46.677811, -23.454097 ], [ -46.677447, -23.453994 ], [ -46.677053, -23.454809 ], [ -46.677038, -23.454942 ], [ -46.677157, -23.456022 ], [ -46.677333, -23.456466 ], [ -46.677511, -23.456525 ] ] ] } },
{ "type": "Feature", "properties": { "CD_SETOR": "355030811000301", "faces": 2, "pavimentada": 100.0, "bueiro": 100.0, "iluminacao": 100.0, "onibus": 50.0, "ciclovia": 0.0, "calcada": 100.0, "obstaculo": 100.0, "rampa": 0.0, "rampa_faces": 0.0, "sem_calcada": 0.0, "sem_arvore": 0.0, "muitas_arvores": 0.0, "vao": 100.0, "V05400": 2, "V05421": 2, "V05406": 2, "V05412": 2, "V05422": 0, "V05424": 2, "V05427": 0, "V05409": 2, "V05415": 1, "V05418": 0, "V05430": 0, "V05433": 0, "criancas_0a4": 16, "em_favela": false }, "geometry": { "type": "Polygon", "coordinates": [ [ [ -46.676003, -23.454199 ], [ -46.675965, -23.454602 ], [ -46.67637, -23.454618 ], [ -46.676404, -23.454536 ], [ -46.676645, -23.454607 ], [ -46.676791, -23.454328 ], [ -46.676923, -23.453814 ], [ -46.676483, -23.453867 ], [ -46.67624, -23.453993 ], [ -46.676003, -23.454199 ] ] ] } },
{ "type": "Feature", "properties": { "CD_SETOR": "355030811000302", "faces": 32, "pavimentada": 100.0, "bueiro": 46.88, "iluminacao": 100.0, "onibus": 9.38, "ciclovia": 25.0, "calcada": 78.12, "obstaculo": 12.0, "rampa": 40.0, "rampa_faces": 31.25, "sem_calcada": 21.88, "sem_arvore": 43.75, "muitas_arvores": 37.5, "vao": 68.75, "V05400": 32, "V05421": 25, "V05406": 32, "V05412": 32, "V05422": 7, "V05424": 3, "V05427": 10, "V05409": 15, "V05415": 3, "V05418": 8, "V05430": 14, "V05433": 12, "criancas_0a4": 15, "em_favela": false }, "geometry": { "type": "Polygon", "coordinates": [ [ [ -46.673515, -23.459717 ], [ -46.673149, -23.459945 ], [ -46.673066, -23.460086 ], [ -46.672862, -23.460772 ], [ -46.672745, -23.461651 ], [ -46.673246, -23.461734 ], [ -46.67422, -23.46205 ], [ -46.675125, -23.459878 ], [ -46.674469, -23.459586 ], [ -46.674411, -23.459513 ], [ -46.67419, -23.459634 ], [ -46.673515, -23.459717 ] ] ] } },
{ "type": "Feature", "properties": { "CD_SETOR": "355030811000303", "faces": 9, "pavimentada": 100.0, "bueiro": 0.0, "iluminacao": 100.0, "onibus": 0.0, "ciclovia": 0.0, "calcada": 66.67, "obstaculo": 100.0, "rampa": 0.0, "rampa_faces": 0.0, "sem_calcada": 33.33, "sem_arvore": 100.0, "muitas_arvores": 0.0, "vao": 100.0, "V05400": 9, "V05421": 6, "V05406": 9, "V05412": 9, "V05422": 3, "V05424": 6, "V05427": 0, "V05409": 0, "V05415": 0, "V05418": 0, "V05430": 9, "V05433": 0, "criancas_0a4": 27, "em_favela": false }, "geometry": { "type": "Polygon", "coordinates": [ [ [ -46.692862, -23.474557 ], [ -46.693021, -23.474605 ], [ -46.693342, -23.474559 ], [ -46.694001, -23.474746 ], [ -46.694107, -23.474437 ], [ -46.69408, -23.474406 ], [ -46.693515, -23.474196 ], [ -46.693644, -23.472768 ], [ -46.693082, -23.472642 ], [ -46.693131, -23.472872 ], [ -46.693045, -23.473953 ], [ -46.692862, -23.474557 ] ] ] } },
{ "type": "Feature", "properties": { "CD_SETOR": "355030811000305", "faces": 9, "pavimentada": 100.0, "bueiro": 22.22, "iluminacao": 100.0, "onibus": 22.22, "ciclovia": 0.0, "calcada": 66.67, "obstaculo": 100.0, "rampa": 0.0, "rampa_faces": 0.0, "sem_calcada": 33.33, "sem_arvore": 66.67, "muitas_arvores": 0.0, "vao": 100.0, "V05400": 9, "V05421": 6, "V05406": 9, "V05412": 9, "V05422": 3, "V05424": 6, "V05427": 0, "V05409": 2, "V05415": 2, "V05418": 0, "V05430": 6, "V05433": 0, "criancas_0a4": 20, "em_favela": false }, "geometry": { "type": "Polygon", "coordinates": [ [ [ -46.696727, -23.467086 ], [ -46.697846, -23.467686 ], [ -46.698054, -23.467328 ], [ -46.698645, -23.466605 ], [ -46.69793, -23.465821 ], [ -46.696727, -23.467086 ] ] ] } },
{ "type": "Feature", "properties": { "CD_SETOR": "355030811000306", "faces": 3, "pavimentada": 100.0, "bueiro": 0.0, "iluminacao": 100.0, "onibus": 0.0, "ciclovia": 0.0, "calcada": 66.67, "obstaculo": 100.0, "rampa": 0.0, "rampa_faces": 0.0, "sem_calcada": 33.33, "sem_arvore": 66.67, "muitas_arvores": 0.0, "vao": 100.0, "V05400": 3, "V05421": 2, "V05406": 3, "V05412": 3, "V05422": 1, "V05424": 2, "V05427": 0, "V05409": 0, "V05415": 0, "V05418": 0, "V05430": 2, "V05433": 0, "criancas_0a4": 26, "em_favela": false }, "geometry": { "type": "Polygon", "coordinates": [ [ [ -46.696782, -23.454884 ], [ -46.696884, -23.454946 ], [ -46.697357, -23.455497 ], [ -46.697778, -23.455732 ], [ -46.697981, -23.455956 ], [ -46.698208, -23.456754 ], [ -46.698227, -23.457003 ], [ -46.698543, -23.457553 ], [ -46.698462, -23.45712 ], [ -46.6984, -23.456082 ], [ -46.698291, -23.455545 ], [ -46.698153, -23.45533 ], [ -46.697663, -23.455124 ], [ -46.697273, -23.455041 ], [ -46.697213, -23.454928 ], [ -46.697189, -23.454534 ], [ -46.696894, -23.454106 ], [ -46.696723, -23.454589 ], [ -46.696782, -23.454884 ] ] ] } },
{ "type": "Feature", "properties": { "CD_SETOR": "355030811000307", "faces": 7, "pavimentada": 100.0, "bueiro": 71.43, "iluminacao": 100.0, "onibus": 0.0, "ciclovia": 0.0, "calcada": 14.29, "obstaculo": 100.0, "rampa": 0.0, "rampa_faces": 0.0, "sem_calcada": 85.71, "sem_arvore": 85.71, "muitas_arvores": 14.29, "vao": 100.0, "V05400": 7, "V05421": 1, "V05406": 7, "V05412": 7, "V05422": 6, "V05424": 1, "V05427": 0, "V05409": 5, "V05415": 0, "V05418": 0, "V05430": 6, "V05433": 1, "criancas_0a4": 27, "em_favela": true }, "geometry": { "type": "Polygon", "coordinates": [ [ [ -46.699634, -23.453604 ], [ -46.699545, -23.454387 ], [ -46.699609, -23.454558 ], [ -46.700002, -23.455016 ], [ -46.700409, -23.454873 ], [ -46.700247, -23.454631 ], [ -46.70013, -23.454247 ], [ -46.70026, -23.453698 ], [ -46.699634, -23.453604 ] ] ] } },
{ "type": "Feature", "properties": { "CD_SETOR": "355030811000310", "faces": 7, "pavimentada": 100.0, "bueiro": 71.43, "iluminacao": 100.0, "onibus": 14.29, "ciclovia": 0.0, "calcada": 100.0, "obstaculo": 100.0, "rampa": 0.0, "rampa_faces": 0.0, "sem_calcada": 0.0, "sem_arvore": 57.14, "muitas_arvores": 0.0, "vao": 100.0, "V05400": 7, "V05421": 7, "V05406": 7, "V05412": 7, "V05422": 0, "V05424": 7, "V05427": 0, "V05409": 5, "V05415": 1, "V05418": 0, "V05430": 4, "V05433": 0, "criancas_0a4": 34, "em_favela": false }, "geometry": { "type": "Polygon", "coordinates": [ [ [ -46.701588, -23.456989 ], [ -46.701578, -23.45693 ], [ -46.7017, -23.456893 ], [ -46.701509, -23.456655 ], [ -46.701083, -23.456575 ], [ -46.700924, -23.456484 ], [ -46.700655, -23.456192 ], [ -46.700523, -23.456153 ], [ -46.700166, -23.456183 ], [ -46.699901, -23.456633 ], [ -46.699899, -23.45682 ], [ -46.700244, -23.456682 ], [ -46.700578, -23.457441 ], [ -46.701062, -23.457598 ], [ -46.701437, -23.457623 ], [ -46.701915, -23.457526 ], [ -46.702041, -23.457452 ], [ -46.702082, -23.457376 ], [ -46.701549, -23.457335 ], [ -46.700953, -23.457093 ], [ -46.700796, -23.456977 ], [ -46.701588, -23.456989 ] ] ] } },
{ "type": "Feature", "properties": { "CD_SETOR": "355030811000311", "faces": 10, "pavimentada": 100.0, "bueiro": 50.0, "iluminacao": 100.0, "onibus": 30.0, "ciclovia": 0.0, "calcada": 70.0, "obstaculo": 100.0, "rampa": 0.0, "rampa_faces": 0.0, "sem_calcada": 30.0, "sem_arvore": 60.0, "muitas_arvores": 10.0, "vao": 100.0, "V05400": 10, "V05421": 7, "V05406": 10, "V05412": 10, "V05422": 3, "V05424": 7, "V05427": 0, "V05409": 5, "V05415": 3, "V05418": 0, "V05430": 6, "V05433": 1, "criancas_0a4": 21, "em_favela": false }, "geometry": { "type": "Polygon", "coordinates": [ [ [ -46.698216, -23.447842 ], [ -46.697822, -23.44814 ], [ -46.697654, -23.44821 ], [ -46.697947, -23.448578 ], [ -46.698039, -23.448975 ], [ -46.698471, -23.448829 ], [ -46.698623, -23.449082 ], [ -46.698988, -23.449405 ], [ -46.699087, -23.44974 ], [ -46.698863, -23.450136 ], [ -46.699217, -23.45005 ], [ -46.699419, -23.449866 ], [ -46.699438, -23.449455 ], [ -46.698945, -23.448979 ], [ -46.698843, -23.448766 ], [ -46.698868, -23.448641 ], [ -46.699327, -23.448029 ], [ -46.699403, -23.447726 ], [ -46.699359, -23.447506 ], [ -46.699218, -23.447318 ], [ -46.698773, -23.447279 ], [ -46.698316, -23.447815 ], [ -46.698216, -23.447842 ] ] ] } },
{ "type": "Feature", "properties": { "CD_SETOR": "355030811000312", "faces": 13, "pavimentada": 100.0, "bueiro": 38.46, "iluminacao": 100.0, "onibus": 30.77, "ciclovia": 0.0, "calcada": 61.54, "obstaculo": 100.0, "rampa": 0.0, "rampa_faces": 0.0, "sem_calcada": 38.46, "sem_arvore": 84.62, "muitas_arvores": 0.0, "vao": 100.0, "V05400": 13, "V05421": 8, "V05406": 13, "V05412": 13, "V05422": 5, "V05424": 8, "V05427": 0, "V05409": 5, "V05415": 4, "V05418": 0, "V05430": 11, "V05433": 0, "criancas_0a4": 40, "em_favela": false }, "geometry": { "type": "Polygon", "coordinates": [ [ [ -46.698039, -23.448975 ], [ -46.698082, -23.449147 ], [ -46.698047, -23.449244 ], [ -46.697903, -23.449505 ], [ -46.697685, -23.449687 ], [ -46.69741, -23.449742 ], [ -46.697009, -23.449591 ], [ -46.696661, -23.44954 ], [ -46.696064, -23.449622 ], [ -46.695897, -23.44972 ], [ -46.695412, -23.450344 ], [ -46.695209, -23.450363 ], [ -46.695187, -23.4502 ], [ -46.694944, -23.450059 ], [ -46.694768, -23.450355 ], [ -46.694811, -23.4506 ], [ -46.695032, -23.450904 ], [ -46.695661, -23.450966 ], [ -46.695788, -23.450886 ], [ -46.695984, -23.450576 ], [ -46.696098, -23.450129 ], [ -46.696292, -23.449985 ], [ -46.696658, -23.449877 ], [ -46.696998, -23.449905 ], [ -46.697395, -23.450339 ], [ -46.697639, -23.45042 ], [ -46.698863, -23.450136 ], [ -46.699087, -23.44974 ], [ -46.698988, -23.449405 ], [ -46.698623, -23.449082 ], [ -46.698471, -23.448829 ], [ -46.698039, -23.448975 ] ] ] } },
{ "type": "Feature", "properties": { "CD_SETOR": "355030811000313", "faces": 4, "pavimentada": 100.0, "bueiro": 50.0, "iluminacao": 100.0, "onibus": 50.0, "ciclovia": 0.0, "calcada": 75.0, "obstaculo": 100.0, "rampa": 0.0, "rampa_faces": 0.0, "sem_calcada": 25.0, "sem_arvore": 75.0, "muitas_arvores": 0.0, "vao": 100.0, "V05400": 4, "V05421": 3, "V05406": 4, "V05412": 4, "V05422": 1, "V05424": 3, "V05427": 0, "V05409": 2, "V05415": 2, "V05418": 0, "V05430": 3, "V05433": 0, "criancas_0a4": 10, "em_favela": false }, "geometry": { "type": "Polygon", "coordinates": [ [ [ -46.694944, -23.450059 ], [ -46.695187, -23.4502 ], [ -46.695209, -23.450363 ], [ -46.695412, -23.450344 ], [ -46.695984, -23.449648 ], [ -46.69601, -23.448603 ], [ -46.694944, -23.450059 ] ] ] } },
{ "type": "Feature", "properties": { "CD_SETOR": "355030811000314", "faces": 18, "pavimentada": 94.44, "bueiro": 5.56, "iluminacao": 100.0, "onibus": 27.78, "ciclovia": 0.0, "calcada": 94.44, "obstaculo": 76.47, "rampa": 11.76, "rampa_faces": 11.11, "sem_calcada": 5.56, "sem_arvore": 55.56, "muitas_arvores": 5.56, "vao": 83.33, "V05400": 18, "V05421": 17, "V05406": 17, "V05412": 18, "V05422": 1, "V05424": 13, "V05427": 2, "V05409": 1, "V05415": 5, "V05418": 0, "V05430": 10, "V05433": 1, "criancas_0a4": 31, "em_favela": false }, "geometry": { "type": "Polygon", "coordinates": [ [ [ -46.705783, -23.459311 ], [ -46.706022, -23.459594 ], [ -46.706426, -23.459899 ], [ -46.706121, -23.460215 ], [ -46.703945, -23.461369 ], [ -46.704136, -23.461768 ], [ -46.70435, -23.461545 ], [ -46.704537, -23.461436 ], [ -46.704755, -23.461344 ], [ -46.705044, -23.461302 ], [ -46.707284, -23.461534 ], [ -46.708019, -23.461687 ], [ -46.709793, -23.461542 ], [ -46.709523, -23.461367 ], [ -46.708899, -23.461088 ], [ -46.708526, -23.460815 ], [ -46.708418, -23.460678 ], [ -46.70804, -23.459876 ], [ -46.707302, -23.45991 ], [ -46.707367, -23.459374 ], [ -46.7073, -23.459227 ], [ -46.706708, -23.45905 ], [ -46.706679, -23.458974 ], [ -46.70647, -23.458998 ], [ -46.705783, -23.459311 ] ] ] } },
{ "type": "Feature", "properties": { "CD_SETOR": "355030811000316", "faces": 10, "pavimentada": 100.0, "bueiro": 60.0, "iluminacao": 100.0, "onibus": 0.0, "ciclovia": 0.0, "calcada": 70.0, "obstaculo": 100.0, "rampa": 0.0, "rampa_faces": 0.0, "sem_calcada": 30.0, "sem_arvore": 90.0, "muitas_arvores": 0.0, "vao": 100.0, "V05400": 10, "V05421": 7, "V05406": 10, "V05412": 10, "V05422": 3, "V05424": 7, "V05427": 0, "V05409": 6, "V05415": 0, "V05418": 0, "V05430": 9, "V05433": 0, "criancas_0a4": 37, "em_favela": false }, "geometry": { "type": "Polygon", "coordinates": [ [ [ -46.709027, -23.442886 ], [ -46.70718, -23.443894 ], [ -46.706271, -23.443931 ], [ -46.706229, -23.44477 ], [ -46.70577, -23.445563 ], [ -46.705787, -23.445817 ], [ -46.705965, -23.446151 ], [ -46.706133, -23.445983 ], [ -46.706789, -23.445039 ], [ -46.707169, -23.444577 ], [ -46.707764, -23.44424 ], [ -46.707805, -23.444161 ], [ -46.709344, -23.443361 ], [ -46.709027, -23.442886 ] ] ] } },
{ "type": "Feature", "properties": { "CD_SETOR": "355030811000317", "faces": 16, "pavimentada": 87.5, "bueiro": 56.25, "iluminacao": 25.0, "onibus": 0.0, "ciclovia": 0.0, "calcada": 25.0, "obstaculo": 100.0, "rampa": 0.0, "rampa_faces": 0.0, "sem_calcada": 62.5, "sem_arvore": 75.0, "muitas_arvores": 0.0, "vao": 87.5, "V05400": 16, "V05421": 4, "V05406": 14, "V05412": 4, "V05422": 10, "V05424": 4, "V05427": 0, "V05409": 9, "V05415": 0, "V05418": 0, "V05430": 12, "V05433": 0, "criancas_0a4": 75, "em_favela": true }, "geometry": { "type": "Polygon", "coordinates": [ [ [ -46.705965, -23.446151 ], [ -46.706004, -23.446278 ], [ -46.706253, -23.446288 ], [ -46.706244, -23.446161 ], [ -46.706429, -23.445815 ], [ -46.707125, -23.445014 ], [ -46.707512, -23.444833 ], [ -46.707854, -23.444775 ], [ -46.708027, -23.444479 ], [ -46.708124, -23.444417 ], [ -46.708718, -23.44436 ], [ -46.709394, -23.444045 ], [ -46.70907, -23.443503 ], [ -46.707805, -23.444161 ], [ -46.707764, -23.44424 ], [ -46.707169, -23.444577 ], [ -46.706789, -23.445039 ], [ -46.706133, -23.445983 ], [ -46.705965, -23.446151 ] ] ] } },
{ "type": "Feature", "properties": { "CD_SETOR": "355030811000318", "faces": 34, "pavimentada": 91.18, "bueiro": 61.76, "iluminacao": 82.35, "onibus": 0.0, "ciclovia": 0.0, "calcada": 50.0, "obstaculo": 76.47, "rampa": 5.88, "rampa_faces": 2.94, "sem_calcada": 50.0, "sem_arvore": 61.76, "muitas_arvores": 14.71, "vao": 88.24, "V05400": 34, "V05421": 17, "V05406": 31, "V05412": 28, "V05422": 17, "V05424": 13, "V05427": 1, "V05409": 21, "V05415": 0, "V05418": 0, "V05430": 21, "V05433": 5, "criancas_0a4": 69, "em_favela": false }, "geometry": { "type": "Polygon", "coordinates": [ [ [ -46.710703, -23.455541 ], [ -46.71008, -23.455991 ], [ -46.710011, -23.45635 ], [ -46.709783, -23.456525 ], [ -46.709219, -23.456562 ], [ -46.709336, -23.456718 ], [ -46.709384, -23.457063 ], [ -46.70999, -23.457724 ], [ -46.709896, -23.45791 ], [ -46.710637, -23.458519 ], [ -46.710858, -23.458901 ], [ -46.711181, -23.459147 ], [ -46.711593, -23.459619 ], [ -46.71219, -23.458912 ], [ -46.711762, -23.458408 ], [ -46.711204, -23.458058 ], [ -46.710589, -23.457422 ], [ -46.710884, -23.457214 ], [ -46.710645, -23.456869 ], [ -46.710582, -23.456541 ], [ -46.710589, -23.456395 ], [ -46.710699, -23.45611 ], [ -46.710869, -23.455852 ], [ -46.710854, -23.455767 ], [ -46.710703, -23.455541 ] ] ] } },
{ "type": "Feature", "properties": { "CD_SETOR": "355030811000320", "faces": 15, "pavimentada": 100.0, "bueiro": 20.0, "iluminacao": 100.0, "onibus": 26.67, "ciclovia": 0.0, "calcada": 80.0, "obstaculo": 100.0, "rampa": 0.0, "rampa_faces": 0.0, "sem_calcada": 20.0, "sem_arvore": 66.67, "muitas_arvores": 0.0, "vao": 100.0, "V05400": 15, "V05421": 12, "V05406": 15, "V05412": 15, "V05422": 3, "V05424": 12, "V05427": 0, "V05409": 3, "V05415": 4, "V05418": 0, "V05430": 10, "V05433": 0, "criancas_0a4": 44, "em_favela": false }, "geometry": { "type": "Polygon", "coordinates": [ [ [ -46.712681, -23.458262 ], [ -46.712932, -23.458663 ], [ -46.71405, -23.458508 ], [ -46.714144, -23.458706 ], [ -46.714625, -23.458666 ], [ -46.715015, -23.45892 ], [ -46.714993, -23.458412 ], [ -46.714909, -23.458144 ], [ -46.714108, -23.457002 ], [ -46.713623, -23.457426 ], [ -46.713172, -23.457908 ], [ -46.712681, -23.458262 ] ] ] } },
{ "type": "Feature", "properties": { "CD_SETOR": "355030811000321", "faces": 19, "pavimentada": 100.0, "bueiro": 26.32, "iluminacao": 100.0, "onibus": 21.05, "ciclovia": 0.0, "calcada": 89.47, "obstaculo": 88.24, "rampa": 0.0, "rampa_faces": 0.0, "sem_calcada": 10.53, "sem_arvore": 42.11, "muitas_arvores": 31.58, "vao": 100.0, "V05400": 19, "V05421": 17, "V05406": 19, "V05412": 19, "V05422": 2, "V05424": 15, "V05427": 0, "V05409": 5, "V05415": 4, "V05418": 0, "V05430": 8, "V05433": 6, "criancas_0a4": 47, "em_favela": false }, "geometry": { "type": "Polygon", "coordinates": [ [ [ -46.708292, -23.441602 ], [ -46.708065, -23.441613 ], [ -46.708267, -23.44167 ], [ -46.708376, -23.44181 ], [ -46.708251, -23.442632 ], [ -46.707448, -23.443133 ], [ -46.707346, -23.443318 ], [ -46.708237, -23.44333 ], [ -46.709027, -23.442886 ], [ -46.709344, -23.443361 ], [ -46.710606, -23.442652 ], [ -46.710302, -23.442169 ], [ -46.710591, -23.44196 ], [ -46.710554, -23.441934 ], [ -46.709125, -23.441703 ], [ -46.708944, -23.441569 ], [ -46.708771, -23.441678 ], [ -46.708292, -23.441602 ] ] ] } },
{ "type": "Feature", "properties": { "CD_SETOR": "355030811000323", "faces": 3, "pavimentada": 100.0, "bueiro": 66.67, "iluminacao": 100.0, "onibus": 0.0, "ciclovia": 0.0, "calcada": 66.67, "obstaculo": 100.0, "rampa": 0.0, "rampa_faces": 0.0, "sem_calcada": 33.33, "sem_arvore": 66.67, "muitas_arvores": 0.0, "vao": 100.0, "V05400": 3, "V05421": 2, "V05406": 3, "V05412": 3, "V05422": 1, "V05424": 2, "V05427": 0, "V05409": 2, "V05415": 0, "V05418": 0, "V05430": 2, "V05433": 0, "criancas_0a4": 7, "em_favela": false }, "geometry": { "type": "Polygon", "coordinates": [ [ [ -46.699899, -23.45682 ], [ -46.699931, -23.456996 ], [ -46.700311, -23.458382 ], [ -46.70083, -23.457976 ], [ -46.700244, -23.456682 ], [ -46.699899, -23.45682 ] ] ] } },
{ "type": "Feature", "properties": { "CD_SETOR": "355030811000326", "faces": 11, "pavimentada": 90.91, "bueiro": 0.0, "iluminacao": 100.0, "onibus": 0.0, "ciclovia": 0.0, "calcada": 72.73, "obstaculo": 100.0, "rampa": 0.0, "rampa_faces": 0.0, "sem_calcada": 27.27, "sem_arvore": 81.82, "muitas_arvores": 0.0, "vao": 90.91, "V05400": 11, "V05421": 8, "V05406": 10, "V05412": 11, "V05422": 3, "V05424": 8, "V05427": 0, "V05409": 0, "V05415": 0, "V05418": 0, "V05430": 9, "V05433": 0, "criancas_0a4": 63, "em_favela": false }, "geometry": { "type": "Polygon", "coordinates": [ [ [ -46.692207, -23.46198 ], [ -46.692088, -23.46237 ], [ -46.692078, -23.462846 ], [ -46.690427, -23.463043 ], [ -46.688996, -23.462998 ], [ -46.689438, -23.463769 ], [ -46.690128, -23.463517 ], [ -46.690744, -23.463383 ], [ -46.691467, -23.463415 ], [ -46.691839, -23.463492 ], [ -46.691332, -23.464452 ], [ -46.691628, -23.464963 ], [ -46.691649, -23.465137 ], [ -46.691869, -23.464542 ], [ -46.692205, -23.463881 ], [ -46.69232, -23.463745 ], [ -46.692614, -23.463572 ], [ -46.692699, -23.463393 ], [ -46.692587, -23.46264 ], [ -46.692706, -23.462225 ], [ -46.692207, -23.46198 ] ] ] } },
{ "type": "Feature", "properties": { "CD_SETOR": "355030811000327", "faces": 3, "pavimentada": 100.0, "bueiro": 66.67, "iluminacao": 100.0, "onibus": 0.0, "ciclovia": 0.0, "calcada": 66.67, "obstaculo": 100.0, "rampa": 0.0, "rampa_faces": 0.0, "sem_calcada": 33.33, "sem_arvore": 66.67, "muitas_arvores": 0.0, "vao": 100.0, "V05400": 3, "V05421": 2, "V05406": 3, "V05412": 3, "V05422": 1, "V05424": 2, "V05427": 0, "V05409": 2, "V05415": 0, "V05418": 0, "V05430": 2, "V05433": 0, "criancas_0a4": 10, "em_favela": true }, "geometry": { "type": "Polygon", "coordinates": [ [ [ -46.700409, -23.454873 ], [ -46.7007, -23.455143 ], [ -46.701043, -23.455192 ], [ -46.700939, -23.454942 ], [ -46.700856, -23.454281 ], [ -46.700707, -23.453828 ], [ -46.70026, -23.453698 ], [ -46.70013, -23.454247 ], [ -46.700247, -23.454631 ], [ -46.700409, -23.454873 ] ] ] } },
{ "type": "Feature", "properties": { "CD_SETOR": "355030811000333", "faces": 14, "pavimentada": 85.71, "bueiro": 0.0, "iluminacao": 100.0, "onibus": 0.0, "ciclovia": 0.0, "calcada": 14.29, "obstaculo": 100.0, "rampa": 0.0, "rampa_faces": 0.0, "sem_calcada": 85.71, "sem_arvore": 92.86, "muitas_arvores": 0.0, "vao": 85.71, "V05400": 14, "V05421": 2, "V05406": 12, "V05412": 14, "V05422": 12, "V05424": 2, "V05427": 0, "V05409": 0, "V05415": 0, "V05418": 0, "V05430": 13, "V05433": 0, "criancas_0a4": 48, "em_favela": true }, "geometry": { "type": "Polygon", "coordinates": [ [ [ -46.689229, -23.448817 ], [ -46.689288, -23.449195 ], [ -46.68948, -23.449239 ], [ -46.689665, -23.449209 ], [ -46.689828, -23.44915 ], [ -46.689976, -23.44901 ], [ -46.68982, -23.448862 ], [ -46.689723, -23.448661 ], [ -46.689657, -23.447925 ], [ -46.689662, -23.447132 ], [ -46.689715, -23.447029 ], [ -46.689558, -23.44669 ], [ -46.689229, -23.446886 ], [ -46.689169, -23.447047 ], [ -46.689229, -23.448817 ] ] ] } },
{ "type": "Feature", "properties": { "CD_SETOR": "355030811000334", "faces": 9, "pavimentada": 100.0, "bueiro": 0.0, "iluminacao": 22.22, "onibus": 0.0, "ciclovia": 0.0, "calcada": 0.0, "obstaculo": null, "rampa": null, "rampa_faces": 0.0, "sem_calcada": 100.0, "sem_arvore": 100.0, "muitas_arvores": 0.0, "vao": 100.0, "V05400": 9, "V05421": 0, "V05406": 9, "V05412": 2, "V05422": 9, "V05424": 0, "V05427": 0, "V05409": 0, "V05415": 0, "V05418": 0, "V05430": 9, "V05433": 0, "criancas_0a4": 104, "em_favela": true }, "geometry": { "type": "Polygon", "coordinates": [ [ [ -46.685985, -23.449346 ], [ -46.685814, -23.449593 ], [ -46.686275, -23.449581 ], [ -46.686536, -23.449524 ], [ -46.686916, -23.449547 ], [ -46.687101, -23.449604 ], [ -46.687186, -23.449434 ], [ -46.687422, -23.449186 ], [ -46.687404, -23.448985 ], [ -46.687792, -23.44885 ], [ -46.687789, -23.448788 ], [ -46.687957, -23.448738 ], [ -46.687853, -23.448458 ], [ -46.687617, -23.448361 ], [ -46.687532, -23.4482 ], [ -46.68756, -23.447962 ], [ -46.687498, -23.447784 ], [ -46.687331, -23.447699 ], [ -46.687182, -23.447699 ], [ -46.686991, -23.447776 ], [ -46.68675, -23.447727 ], [ -46.6865, -23.4476 ], [ -46.68639, -23.449 ], [ -46.686328, -23.449104 ], [ -46.685953, -23.44917 ], [ -46.685985, -23.449346 ] ] ] } },
{ "type": "Feature", "properties": { "CD_SETOR": "355030811000336", "faces": 9, "pavimentada": 88.89, "bueiro": 11.11, "iluminacao": 88.89, "onibus": 0.0, "ciclovia": 0.0, "calcada": 66.67, "obstaculo": 100.0, "rampa": 0.0, "rampa_faces": 0.0, "sem_calcada": 33.33, "sem_arvore": 77.78, "muitas_arvores": 0.0, "vao": 88.89, "V05400": 9, "V05421": 6, "V05406": 8, "V05412": 8, "V05422": 3, "V05424": 6, "V05427": 0, "V05409": 1, "V05415": 0, "V05418": 0, "V05430": 7, "V05433": 0, "criancas_0a4": 38, "em_favela": true }, "geometry": { "type": "Polygon", "coordinates": [ [ [ -46.685556, -23.44762 ], [ -46.685468, -23.447531 ], [ -46.685247, -23.44743 ], [ -46.685149, -23.447255 ], [ -46.684924, -23.447348 ], [ -46.68473, -23.447296 ], [ -46.684484, -23.4476 ], [ -46.684192, -23.448186 ], [ -46.684171, -23.448458 ], [ -46.684302, -23.448871 ], [ -46.684287, -23.449217 ], [ -46.683749, -23.449726 ], [ -46.683735, -23.449846 ], [ -46.684611, -23.449822 ], [ -46.684797, -23.449797 ], [ -46.684781, -23.449751 ], [ -46.685123, -23.449661 ], [ -46.68495, -23.449048 ], [ -46.685129, -23.448294 ], [ -46.685329, -23.448377 ], [ -46.685505, -23.447973 ], [ -46.685556, -23.44762 ] ] ] } },
{ "type": "Feature", "properties": { "CD_SETOR": "355030811000338", "faces": 3, "pavimentada": 100.0, "bueiro": 66.67, "iluminacao": 100.0, "onibus": 33.33, "ciclovia": 0.0, "calcada": 66.67, "obstaculo": 100.0, "rampa": 0.0, "rampa_faces": 0.0, "sem_calcada": 33.33, "sem_arvore": 66.67, "muitas_arvores": 33.33, "vao": 100.0, "V05400": 3, "V05421": 2, "V05406": 3, "V05412": 3, "V05422": 1, "V05424": 2, "V05427": 0, "V05409": 2, "V05415": 1, "V05418": 0, "V05430": 2, "V05433": 1, "criancas_0a4": 7, "em_favela": true }, "geometry": { "type": "Polygon", "coordinates": [ [ [ -46.693186, -23.451382 ], [ -46.693473, -23.451375 ], [ -46.693658, -23.451446 ], [ -46.693804, -23.45158 ], [ -46.694008, -23.451963 ], [ -46.694352, -23.451843 ], [ -46.69452, -23.451904 ], [ -46.694596, -23.451884 ], [ -46.694307, -23.451285 ], [ -46.694068, -23.450971 ], [ -46.693866, -23.45081 ], [ -46.693734, -23.450929 ], [ -46.693368, -23.451007 ], [ -46.693018, -23.451252 ], [ -46.692734, -23.451314 ], [ -46.692742, -23.451535 ], [ -46.693186, -23.451382 ] ] ] } },
{ "type": "Feature", "properties": { "CD_SETOR": "355030811000344", "faces": 18, "pavimentada": 83.33, "bueiro": 0.0, "iluminacao": 77.78, "onibus": 11.11, "ciclovia": 0.0, "calcada": 22.22, "obstaculo": 100.0, "rampa": 0.0, "rampa_faces": 0.0, "sem_calcada": 77.78, "sem_arvore": 94.44, "muitas_arvores": 0.0, "vao": 83.33, "V05400": 18, "V05421": 4, "V05406": 15, "V05412": 14, "V05422": 14, "V05424": 4, "V05427": 0, "V05409": 0, "V05415": 2, "V05418": 0, "V05430": 17, "V05433": 0, "criancas_0a4": 49, "em_favela": true }, "geometry": { "type": "Polygon", "coordinates": [ [ [ -46.691278, -23.448293 ], [ -46.692345, -23.448142 ], [ -46.692386, -23.446281 ], [ -46.691341, -23.446068 ], [ -46.69148, -23.446603 ], [ -46.6916, -23.447561 ], [ -46.691328, -23.448065 ], [ -46.691278, -23.448293 ] ] ] } },
{ "type": "Feature", "properties": { "CD_SETOR": "355030811000346", "faces": 11, "pavimentada": 81.82, "bueiro": 9.09, "iluminacao": 72.73, "onibus": 0.0, "ciclovia": 0.0, "calcada": 27.27, "obstaculo": 100.0, "rampa": 0.0, "rampa_faces": 0.0, "sem_calcada": 54.55, "sem_arvore": 63.64, "muitas_arvores": 9.09, "vao": 81.82, "V05400": 11, "V05421": 3, "V05406": 9, "V05412": 8, "V05422": 6, "V05424": 3, "V05427": 0, "V05409": 1, "V05415": 0, "V05418": 0, "V05430": 7, "V05433": 1, "criancas_0a4": 61, "em_favela": true }, "geometry": { "type": "Polygon", "coordinates": [ [ [ -46.684911, -23.454177 ], [ -46.684666, -23.454955 ], [ -46.685346, -23.455227 ], [ -46.686345, -23.455941 ], [ -46.686632, -23.45557 ], [ -46.68583, -23.454839 ], [ -46.685728, -23.454867 ], [ -46.685562, -23.454607 ], [ -46.685707, -23.454558 ], [ -46.685709, -23.454502 ], [ -46.686124, -23.454528 ], [ -46.686418, -23.454608 ], [ -46.68662, -23.454571 ], [ -46.686413, -23.454097 ], [ -46.685846, -23.454127 ], [ -46.685826, -23.454012 ], [ -46.685434, -23.454014 ], [ -46.685074, -23.454197 ], [ -46.684911, -23.454177 ] ] ] } },
{ "type": "Feature", "properties": { "CD_SETOR": "355030811000350", "faces": 15, "pavimentada": 73.33, "bueiro": 73.33, "iluminacao": 73.33, "onibus": 6.67, "ciclovia": 0.0, "calcada": 73.33, "obstaculo": 90.91, "rampa": 0.0, "rampa_faces": 0.0, "sem_calcada": 26.67, "sem_arvore": 40.0, "muitas_arvores": 13.33, "vao": 73.33, "V05400": 15, "V05421": 11, "V05406": 11, "V05412": 11, "V05422": 4, "V05424": 10, "V05427": 0, "V05409": 11, "V05415": 1, "V05418": 0, "V05430": 6, "V05433": 2, "criancas_0a4": 46, "em_favela": false }, "geometry": { "type": "Polygon", "coordinates": [ [ [ -46.712681, -23.458262 ], [ -46.713172, -23.457908 ], [ -46.713623, -23.457426 ], [ -46.714108, -23.457002 ], [ -46.713965, -23.456742 ], [ -46.7109, -23.455974 ], [ -46.711055, -23.456246 ], [ -46.711108, -23.456573 ], [ -46.712681, -23.458262 ] ] ] } },
{ "type": "Feature", "properties": { "CD_SETOR": "355030811000351", "faces": 8, "pavimentada": 100.0, "bueiro": 12.5, "iluminacao": 100.0, "onibus": 0.0, "ciclovia": 0.0, "calcada": 87.5, "obstaculo": 85.71, "rampa": 0.0, "rampa_faces": 0.0, "sem_calcada": 12.5, "sem_arvore": 62.5, "muitas_arvores": 0.0, "vao": 100.0, "V05400": 8, "V05421": 7, "V05406": 8, "V05412": 8, "V05422": 1, "V05424": 6, "V05427": 0, "V05409": 1, "V05415": 0, "V05418": 0, "V05430": 5, "V05433": 0, "criancas_0a4": 13, "em_favela": false }, "geometry": { "type": "Polygon", "coordinates": [ [ [ -46.682076, -23.474134 ], [ -46.681379, -23.474423 ], [ -46.681833, -23.475341 ], [ -46.682608, -23.475703 ], [ -46.682634, -23.47578 ], [ -46.682679, -23.475615 ], [ -46.682643, -23.474922 ], [ -46.682457, -23.474355 ], [ -46.682076, -23.474134 ] ] ] } },
{ "type": "Feature", "properties": { "CD_SETOR": "355030811000353", "faces": 16, "pavimentada": 100.0, "bueiro": 31.25, "iluminacao": 100.0, "onibus": 6.25, "ciclovia": 0.0, "calcada": 81.25, "obstaculo": 92.31, "rampa": 0.0, "rampa_faces": 0.0, "sem_calcada": 18.75, "sem_arvore": 75.0, "muitas_arvores": 6.25, "vao": 100.0, "V05400": 16, "V05421": 13, "V05406": 16, "V05412": 16, "V05422": 3, "V05424": 12, "V05427": 0, "V05409": 5, "V05415": 1, "V05418": 0, "V05430": 12, "V05433": 1, "criancas_0a4": 48, "em_favela": true }, "geometry": { "type": "Polygon", "coordinates": [ [ [ -46.708338, -23.452318 ], [ -46.708518, -23.452733 ], [ -46.70864, -23.452866 ], [ -46.709285, -23.453371 ], [ -46.709515, -23.453369 ], [ -46.709428, -23.45392 ], [ -46.70909, -23.454493 ], [ -46.709209, -23.454452 ], [ -46.709786, -23.454089 ], [ -46.709765, -23.453988 ], [ -46.709871, -23.453766 ], [ -46.709912, -23.453448 ], [ -46.710515, -23.452927 ], [ -46.710156, -23.452705 ], [ -46.709276, -23.452675 ], [ -46.70901, -23.452514 ], [ -46.708537, -23.452355 ], [ -46.708424, -23.452225 ], [ -46.708445, -23.452265 ], [ -46.708338, -23.452318 ] ] ] } },
{ "type": "Feature", "properties": { "CD_SETOR": "355030811000356", "faces": 5, "pavimentada": 100.0, "bueiro": 40.0, "iluminacao": 100.0, "onibus": 0.0, "ciclovia": 0.0, "calcada": 40.0, "obstaculo": 100.0, "rampa": 0.0, "rampa_faces": 0.0, "sem_calcada": 60.0, "sem_arvore": 100.0, "muitas_arvores": 0.0, "vao": 100.0, "V05400": 5, "V05421": 2, "V05406": 5, "V05412": 5, "V05422": 3, "V05424": 2, "V05427": 0, "V05409": 2, "V05415": 0, "V05418": 0, "V05430": 5, "V05433": 0, "criancas_0a4": 6, "em_favela": true }, "geometry": { "type": "Polygon", "coordinates": [ [ [ -46.683155, -23.456811 ], [ -46.683359, -23.457379 ], [ -46.683512, -23.45772 ], [ -46.683663, -23.457305 ], [ -46.683808, -23.457258 ], [ -46.684084, -23.456946 ], [ -46.683545, -23.45656 ], [ -46.683155, -23.456811 ] ] ] } },
{ "type": "Feature", "properties": { "CD_SETOR": "355030811000357", "faces": 6, "pavimentada": 100.0, "bueiro": 33.33, "iluminacao": 66.67, "onibus": 16.67, "ciclovia": 16.67, "calcada": 50.0, "obstaculo": 100.0, "rampa": 0.0, "rampa_faces": 0.0, "sem_calcada": 50.0, "sem_arvore": 83.33, "muitas_arvores": 0.0, "vao": 100.0, "V05400": 6, "V05421": 3, "V05406": 6, "V05412": 4, "V05422": 3, "V05424": 3, "V05427": 0, "V05409": 2, "V05415": 1, "V05418": 1, "V05430": 5, "V05433": 0, "criancas_0a4": 17, "em_favela": true }, "geometry": { "type": "Polygon", "coordinates": [ [ [ -46.683666, -23.46026 ], [ -46.683964, -23.460503 ], [ -46.684305, -23.4606 ], [ -46.684372, -23.460371 ], [ -46.684534, -23.460113 ], [ -46.684936, -23.459875 ], [ -46.68481, -23.459742 ], [ -46.684378, -23.459858 ], [ -46.684339, -23.459808 ], [ -46.683803, -23.460227 ], [ -46.683666, -23.46026 ] ] ] } },
{ "type": "Feature", "properties": { "CD_SETOR": "355030811000358", "faces": 7, "pavimentada": 100.0, "bueiro": 85.71, "iluminacao": 100.0, "onibus": 0.0, "ciclovia": 0.0, "calcada": 28.57, "obstaculo": 100.0, "rampa": 0.0, "rampa_faces": 0.0, "sem_calcada": 71.43, "sem_arvore": 85.71, "muitas_arvores": 0.0, "vao": 100.0, "V05400": 7, "V05421": 2, "V05406": 7, "V05412": 7, "V05422": 5, "V05424": 2, "V05427": 0, "V05409": 6, "V05415": 0, "V05418": 0, "V05430": 6, "V05433": 0, "criancas_0a4": 17, "em_favela": true }, "geometry": { "type": "Polygon", "coordinates": [ [ [ -46.680233, -23.467302 ], [ -46.680406, -23.467021 ], [ -46.680476, -23.466509 ], [ -46.680045, -23.466546 ], [ -46.679618, -23.466848 ], [ -46.679952, -23.467228 ], [ -46.680233, -23.467302 ] ] ] } },
{ "type": "Feature", "properties": { "CD_SETOR": "355030811000359", "faces": 3, "pavimentada": 100.0, "bueiro": 66.67, "iluminacao": 100.0, "onibus": 0.0, "ciclovia": 33.33, "calcada": 66.67, "obstaculo": 100.0, "rampa": 0.0, "rampa_faces": 0.0, "sem_calcada": 33.33, "sem_arvore": 100.0, "muitas_arvores": 0.0, "vao": 100.0, "V05400": 3, "V05421": 2, "V05406": 3, "V05412": 3, "V05422": 1, "V05424": 2, "V05427": 0, "V05409": 2, "V05415": 0, "V05418": 1, "V05430": 3, "V05433": 0, "criancas_0a4": 39, "em_favela": true }, "geometry": { "type": "Polygon", "coordinates": [ [ [ -46.687203, -23.471027 ], [ -46.685628, -23.471332 ], [ -46.685179, -23.47128 ], [ -46.685113, -23.471434 ], [ -46.685843, -23.47154 ], [ -46.686449, -23.471387 ], [ -46.686726, -23.471254 ], [ -46.687417, -23.471307 ], [ -46.687491, -23.471254 ], [ -46.687631, -23.47126 ], [ -46.688809, -23.471477 ], [ -46.689039, -23.471711 ], [ -46.689275, -23.471719 ], [ -46.689141, -23.47144 ], [ -46.688936, -23.471212 ], [ -46.688268, -23.47106 ], [ -46.688108, -23.471155 ], [ -46.687971, -23.471168 ], [ -46.687203, -23.471027 ] ] ] } },
{ "type": "Feature", "properties": { "CD_SETOR": "355030811000360", "faces": 8, "pavimentada": 75.0, "bueiro": 0.0, "iluminacao": 62.5, "onibus": 0.0, "ciclovia": 0.0, "calcada": 50.0, "obstaculo": 100.0, "rampa": 0.0, "rampa_faces": 0.0, "sem_calcada": 25.0, "sem_arvore": 50.0, "muitas_arvores": 12.5, "vao": 75.0, "V05400": 8, "V05421": 4, "V05406": 6, "V05412": 5, "V05422": 2, "V05424": 4, "V05427": 0, "V05409": 0, "V05415": 0, "V05418": 0, "V05430": 4, "V05433": 1, "criancas_0a4": 15, "em_favela": true }, "geometry": { "type": "Polygon", "coordinates": [ [ [ -46.692794, -23.462058 ], [ -46.693466, -23.462461 ], [ -46.693472, -23.462564 ], [ -46.693602, -23.462529 ], [ -46.693644, -23.462642 ], [ -46.694015, -23.462533 ], [ -46.693892, -23.461925 ], [ -46.693425, -23.462183 ], [ -46.693017, -23.46177 ], [ -46.692794, -23.462058 ] ] ] } },
{ "type": "Feature", "properties": { "CD_SETOR": "355030811000361", "faces": 19, "pavimentada": 94.74, "bueiro": 26.32, "iluminacao": 57.89, "onibus": 15.79, "ciclovia": 0.0, "calcada": 21.05, "obstaculo": 75.0, "rampa": 0.0, "rampa_faces": 0.0, "sem_calcada": 78.95, "sem_arvore": 94.74, "muitas_arvores": 0.0, "vao": 94.74, "V05400": 19, "V05421": 4, "V05406": 18, "V05412": 11, "V05422": 15, "V05424": 3, "V05427": 0, "V05409": 5, "V05415": 3, "V05418": 0, "V05430": 18, "V05433": 0, "criancas_0a4": 22, "em_favela": true }, "geometry": { "type": "Polygon", "coordinates": [ [ [ -46.678516, -23.458923 ], [ -46.678589, -23.459167 ], [ -46.678647, -23.45916 ], [ -46.678654, -23.459414 ], [ -46.678666, -23.459469 ], [ -46.678737, -23.459484 ], [ -46.678807, -23.459968 ], [ -46.678583, -23.460729 ], [ -46.678905, -23.46084 ], [ -46.679106, -23.460843 ], [ -46.679441, -23.459705 ], [ -46.679112, -23.45962 ], [ -46.679175, -23.459037 ], [ -46.678516, -23.458923 ] ] ] } },
{ "type": "Feature", "properties": { "CD_SETOR": "355030811000362", "faces": 6, "pavimentada": 100.0, "bueiro": 50.0, "iluminacao": 50.0, "onibus": 0.0, "ciclovia": 0.0, "calcada": 50.0, "obstaculo": 100.0, "rampa": 0.0, "rampa_faces": 0.0, "sem_calcada": 50.0, "sem_arvore": 83.33, "muitas_arvores": 0.0, "vao": 100.0, "V05400": 6, "V05421": 3, "V05406": 6, "V05412": 3, "V05422": 3, "V05424": 3, "V05427": 0, "V05409": 3, "V05415": 0, "V05418": 0, "V05430": 5, "V05433": 0, "criancas_0a4": 16, "em_favela": true }, "geometry": { "type": "Polygon", "coordinates": [ [ [ -46.683032, -23.474374 ], [ -46.683106, -23.474338 ], [ -46.683242, -23.474647 ], [ -46.683391, -23.474572 ], [ -46.682657, -23.473621 ], [ -46.6824, -23.473022 ], [ -46.682238, -23.473036 ], [ -46.68241, -23.473482 ], [ -46.682101, -23.473584 ], [ -46.682161, -23.47376 ], [ -46.68169, -23.47393 ], [ -46.682028, -23.474155 ], [ -46.682658, -23.473888 ], [ -46.683032, -23.474374 ] ] ] } },
{ "type": "Feature", "properties": { "CD_SETOR": "355030811000363", "faces": 3, "pavimentada": 100.0, "bueiro": 100.0, "iluminacao": 100.0, "onibus": 33.33, "ciclovia": 0.0, "calcada": 33.33, "obstaculo": 0.0, "rampa": 0.0, "rampa_faces": 0.0, "sem_calcada": 66.67, "sem_arvore": 100.0, "muitas_arvores": 0.0, "vao": 100.0, "V05400": 3, "V05421": 1, "V05406": 3, "V05412": 3, "V05422": 2, "V05424": 0, "V05427": 0, "V05409": 3, "V05415": 1, "V05418": 0, "V05430": 3, "V05433": 0, "criancas_0a4": 12, "em_favela": true }, "geometry": { "type": "Polygon", "coordinates": [ [ [ -46.684259, -23.477068 ], [ -46.68471, -23.477889 ], [ -46.685181, -23.477809 ], [ -46.684913, -23.476902 ], [ -46.684259, -23.477068 ] ] ] } },
{ "type": "Feature", "properties": { "CD_SETOR": "355030811000364", "faces": 13, "pavimentada": 100.0, "bueiro": 0.0, "iluminacao": 100.0, "onibus": 7.69, "ciclovia": 0.0, "calcada": 100.0, "obstaculo": 100.0, "rampa": 0.0, "rampa_faces": 0.0, "sem_calcada": 0.0, "sem_arvore": 100.0, "muitas_arvores": 0.0, "vao": 100.0, "V05400": 13, "V05421": 13, "V05406": 13, "V05412": 13, "V05422": 0, "V05424": 13, "V05427": 0, "V05409": 0, "V05415": 1, "V05418": 0, "V05430": 13, "V05433": 0, "criancas_0a4": 33, "em_favela": true }, "geometry": { "type": "Polygon", "coordinates": [ [ [ -46.696512, -23.460938 ], [ -46.69635, -23.461652 ], [ -46.696655, -23.461632 ], [ -46.696682, -23.461939 ], [ -46.696655, -23.46212 ], [ -46.696208, -23.4632 ], [ -46.696701, -23.463081 ], [ -46.696969, -23.463117 ], [ -46.697279, -23.462107 ], [ -46.697396, -23.461941 ], [ -46.697173, -23.461536 ], [ -46.696625, -23.461016 ], [ -46.696512, -23.460938 ] ] ] } },
{ "type": "Feature", "properties": { "CD_SETOR": "355030811000365", "faces": 2, "pavimentada": 100.0, "bueiro": 50.0, "iluminacao": 100.0, "onibus": 0.0, "ciclovia": 0.0, "calcada": 50.0, "obstaculo": 100.0, "rampa": 0.0, "rampa_faces": 0.0, "sem_calcada": 50.0, "sem_arvore": 100.0, "muitas_arvores": 0.0, "vao": 100.0, "V05400": 2, "V05421": 1, "V05406": 2, "V05412": 2, "V05422": 1, "V05424": 1, "V05427": 0, "V05409": 1, "V05415": 0, "V05418": 0, "V05430": 2, "V05433": 0, "criancas_0a4": 14, "em_favela": true }, "geometry": { "type": "Polygon", "coordinates": [ [ [ -46.686972, -23.457811 ], [ -46.686567, -23.458183 ], [ -46.686858, -23.458124 ], [ -46.687095, -23.458207 ], [ -46.687174, -23.45831 ], [ -46.687253, -23.45858 ], [ -46.68731, -23.458614 ], [ -46.687397, -23.458912 ], [ -46.687461, -23.458891 ], [ -46.687358, -23.458415 ], [ -46.687436, -23.456896 ], [ -46.687208, -23.456891 ], [ -46.687164, -23.457403 ], [ -46.686972, -23.457811 ] ] ] } },
{ "type": "Feature", "properties": { "CD_SETOR": "355030811000366", "faces": 13, "pavimentada": 100.0, "bueiro": 53.85, "iluminacao": 84.62, "onibus": 7.69, "ciclovia": 0.0, "calcada": 30.77, "obstaculo": 100.0, "rampa": 0.0, "rampa_faces": 0.0, "sem_calcada": 69.23, "sem_arvore": 76.92, "muitas_arvores": 0.0, "vao": 100.0, "V05400": 13, "V05421": 4, "V05406": 13, "V05412": 11, "V05422": 9, "V05424": 4, "V05427": 0, "V05409": 7, "V05415": 1, "V05418": 0, "V05430": 10, "V05433": 0, "criancas_0a4": 15, "em_favela": true }, "geometry": { "type": "Polygon", "coordinates": [ [ [ -46.698748, -23.45812 ], [ -46.697391, -23.458565 ], [ -46.697582, -23.459002 ], [ -46.697636, -23.459951 ], [ -46.697843, -23.459909 ], [ -46.699022, -23.458812 ], [ -46.699087, -23.458438 ], [ -46.699048, -23.458254 ], [ -46.698967, -23.458147 ], [ -46.698753, -23.458034 ], [ -46.698748, -23.45812 ] ] ] } },
{ "type": "Feature", "properties": { "CD_SETOR": "355030811000367", "faces": 3, "pavimentada": 100.0, "bueiro": 33.33, "iluminacao": 100.0, "onibus": 33.33, "ciclovia": 0.0, "calcada": 100.0, "obstaculo": 100.0, "rampa": 0.0, "rampa_faces": 0.0, "sem_calcada": 0.0, "sem_arvore": 0.0, "muitas_arvores": 33.33, "vao": 100.0, "V05400": 3, "V05421": 3, "V05406": 3, "V05412": 3, "V05422": 0, "V05424": 3, "V05427": 0, "V05409": 1, "V05415": 1, "V05418": 0, "V05430": 0, "V05433": 1, "criancas_0a4": 16, "em_favela": true }, "geometry": { "type": "Polygon", "coordinates": [ [ [ -46.692166, -23.455594 ], [ -46.691914, -23.455333 ], [ -46.691904, -23.455225 ], [ -46.692109, -23.455028 ], [ -46.692175, -23.455023 ], [ -46.692334, -23.45478 ], [ -46.691761, -23.454429 ], [ -46.691639, -23.454212 ], [ -46.691457, -23.45421 ], [ -46.691404, -23.4543 ], [ -46.691423, -23.454369 ], [ -46.691544, -23.454395 ], [ -46.691611, -23.454474 ], [ -46.691706, -23.45479 ], [ -46.691774, -23.454875 ], [ -46.692001, -23.454885 ], [ -46.691904, -23.454963 ], [ -46.691927, -23.455011 ], [ -46.691853, -23.455031 ], [ -46.691816, -23.455363 ], [ -46.691922, -23.455598 ], [ -46.691844, -23.455641 ], [ -46.691865, -23.455741 ], [ -46.692091, -23.45603 ], [ -46.692236, -23.455969 ], [ -46.692422, -23.455607 ], [ -46.692166, -23.455594 ] ] ] } },
{ "type": "Feature", "properties": { "CD_SETOR": "355030811000368", "faces": 18, "pavimentada": 100.0, "bueiro": 27.78, "iluminacao": 100.0, "onibus": 11.11, "ciclovia": 0.0, "calcada": 88.89, "obstaculo": 100.0, "rampa": 0.0, "rampa_faces": 0.0, "sem_calcada": 11.11, "sem_arvore": 94.44, "muitas_arvores": 5.56, "vao": 100.0, "V05400": 18, "V05421": 16, "V05406": 18, "V05412": 18, "V05422": 2, "V05424": 16, "V05427": 0, "V05409": 5, "V05415": 2, "V05418": 0, "V05430": 17, "V05433": 1, "criancas_0a4": 34, "em_favela": true }, "geometry": { "type": "Polygon", "coordinates": [ [ [ -46.682762, -23.455968 ], [ -46.682725, -23.455889 ], [ -46.683137, -23.455444 ], [ -46.682848, -23.455293 ], [ -46.681961, -23.455121 ], [ -46.681696, -23.456047 ], [ -46.68259, -23.456294 ], [ -46.682762, -23.455968 ] ] ] } },
{ "type": "Feature", "properties": { "CD_SETOR": "355030811000369", "faces": 11, "pavimentada": 100.0, "bueiro": 18.18, "iluminacao": 100.0, "onibus": 0.0, "ciclovia": 0.0, "calcada": 45.45, "obstaculo": 100.0, "rampa": 0.0, "rampa_faces": 0.0, "sem_calcada": 54.55, "sem_arvore": 90.91, "muitas_arvores": 9.09, "vao": 100.0, "V05400": 11, "V05421": 5, "V05406": 11, "V05412": 11, "V05422": 6, "V05424": 5, "V05427": 0, "V05409": 2, "V05415": 0, "V05418": 0, "V05430": 10, "V05433": 1, "criancas_0a4": 32, "em_favela": true }, "geometry": { "type": "Polygon", "coordinates": [ [ [ -46.681408, -23.453704 ], [ -46.681547, -23.454001 ], [ -46.682147, -23.453763 ], [ -46.68238, -23.454084 ], [ -46.683047, -23.453796 ], [ -46.682873, -23.453471 ], [ -46.681993, -23.453538 ], [ -46.681408, -23.453704 ] ] ] } },
{ "type": "Feature", "properties": { "CD_SETOR": "355030811000370", "faces": 11, "pavimentada": 90.91, "bueiro": 27.27, "iluminacao": 63.64, "onibus": 0.0, "ciclovia": 0.0, "calcada": 36.36, "obstaculo": 100.0, "rampa": 0.0, "rampa_faces": 0.0, "sem_calcada": 63.64, "sem_arvore": 90.91, "muitas_arvores": 0.0, "vao": 90.91, "V05400": 11, "V05421": 4, "V05406": 10, "V05412": 7, "V05422": 7, "V05424": 4, "V05427": 0, "V05409": 3, "V05415": 0, "V05418": 0, "V05430": 10, "V05433": 0, "criancas_0a4": 29, "em_favela": true }, "geometry": { "type": "Polygon", "coordinates": [ [ [ -46.678534, -23.453293 ], [ -46.678465, -23.453522 ], [ -46.678249, -23.453722 ], [ -46.678077, -23.454008 ], [ -46.677867, -23.454184 ], [ -46.67771, -23.454651 ], [ -46.678124, -23.454676 ], [ -46.678193, -23.454467 ], [ -46.678625, -23.453951 ], [ -46.679126, -23.453628 ], [ -46.679462, -23.453604 ], [ -46.679476, -23.453538 ], [ -46.679344, -23.453471 ], [ -46.67882, -23.453324 ], [ -46.678534, -23.453293 ] ] ] } },
{ "type": "Feature", "properties": { "CD_SETOR": "355030811000371", "faces": 4, "pavimentada": 100.0, "bueiro": 50.0, "iluminacao": 100.0, "onibus": 0.0, "ciclovia": 0.0, "calcada": 50.0, "obstaculo": 100.0, "rampa": 0.0, "rampa_faces": 0.0, "sem_calcada": 50.0, "sem_arvore": 75.0, "muitas_arvores": 25.0, "vao": 100.0, "V05400": 4, "V05421": 2, "V05406": 4, "V05412": 4, "V05422": 2, "V05424": 2, "V05427": 0, "V05409": 2, "V05415": 0, "V05418": 0, "V05430": 3, "V05433": 1, "criancas_0a4": 10, "em_favela": true }, "geometry": { "type": "Polygon", "coordinates": [ [ [ -46.679966, -23.453671 ], [ -46.679965, -23.45372 ], [ -46.68009, -23.453743 ], [ -46.680505, -23.453738 ], [ -46.680637, -23.45381 ], [ -46.68076, -23.453978 ], [ -46.681408, -23.453704 ], [ -46.681313, -23.453564 ], [ -46.679966, -23.453671 ] ] ] } },
{ "type": "Feature", "properties": { "CD_SETOR": "355030811000372", "faces": 4, "pavimentada": 100.0, "bueiro": 75.0, "iluminacao": 100.0, "onibus": 25.0, "ciclovia": 0.0, "calcada": 100.0, "obstaculo": 100.0, "rampa": 0.0, "rampa_faces": 0.0, "sem_calcada": 0.0, "sem_arvore": 100.0, "muitas_arvores": 0.0, "vao": 100.0, "V05400": 4, "V05421": 4, "V05406": 4, "V05412": 4, "V05422": 0, "V05424": 4, "V05427": 0, "V05409": 3, "V05415": 1, "V05418": 0, "V05430": 4, "V05433": 0, "criancas_0a4": 25, "em_favela": true }, "geometry": { "type": "Polygon", "coordinates": [ [ [ -46.695611, -23.47374 ], [ -46.695541, -23.474034 ], [ -46.695812, -23.474764 ], [ -46.695867, -23.475435 ], [ -46.696244, -23.475535 ], [ -46.696214, -23.474871 ], [ -46.695959, -23.474045 ], [ -46.696253, -23.47291 ], [ -46.695938, -23.472893 ], [ -46.695611, -23.47374 ] ] ] } },
{ "type": "Feature", "properties": { "CD_SETOR": "355030811000373", "faces": 19, "pavimentada": 100.0, "bueiro": 36.84, "iluminacao": 89.47, "onibus": 0.0, "ciclovia": 0.0, "calcada": 26.32, "obstaculo": 80.0, "rampa": 0.0, "rampa_faces": 0.0, "sem_calcada": 73.68, "sem_arvore": 94.74, "muitas_arvores": 0.0, "vao": 100.0, "V05400": 19, "V05421": 5, "V05406": 19, "V05412": 17, "V05422": 14, "V05424": 4, "V05427": 0, "V05409": 7, "V05415": 0, "V05418": 0, "V05430": 18, "V05433": 0, "criancas_0a4": 55, "em_favela": true }, "geometry": { "type": "Polygon", "coordinates": [ [ [ -46.699447, -23.453128 ], [ -46.699148, -23.453417 ], [ -46.698832, -23.453565 ], [ -46.698881, -23.453939 ], [ -46.698806, -23.454419 ], [ -46.698685, -23.454809 ], [ -46.698424, -23.455152 ], [ -46.698649, -23.455456 ], [ -46.69932, -23.455434 ], [ -46.699332, -23.455289 ], [ -46.699459, -23.455093 ], [ -46.699801, -23.454817 ], [ -46.699549, -23.454432 ], [ -46.699646, -23.453653 ], [ -46.699622, -23.453538 ], [ -46.699486, -23.453167 ], [ -46.699447, -23.453128 ] ] ] } },
{ "type": "Feature", "properties": { "CD_SETOR": "355030811000374", "faces": 4, "pavimentada": 100.0, "bueiro": 100.0, "iluminacao": 100.0, "onibus": 50.0, "ciclovia": 25.0, "calcada": 75.0, "obstaculo": 66.67, "rampa": 66.67, "rampa_faces": 50.0, "sem_calcada": 25.0, "sem_arvore": 100.0, "muitas_arvores": 0.0, "vao": 50.0, "V05400": 4, "V05421": 3, "V05406": 4, "V05412": 4, "V05422": 1, "V05424": 2, "V05427": 2, "V05409": 4, "V05415": 2, "V05418": 1, "V05430": 4, "V05433": 0, "criancas_0a4": 49, "em_favela": true }, "geometry": { "type": "Polygon", "coordinates": [ [ [ -46.694352, -23.451843 ], [ -46.694244, -23.451881 ], [ -46.694315, -23.452061 ], [ -46.69453, -23.452218 ], [ -46.694702, -23.452207 ], [ -46.695261, -23.452054 ], [ -46.696136, -23.451991 ], [ -46.696554, -23.4517 ], [ -46.696988, -23.451643 ], [ -46.697449, -23.451777 ], [ -46.698831, -23.452443 ], [ -46.698947, -23.452547 ], [ -46.699139, -23.45308 ], [ -46.699375, -23.453204 ], [ -46.699536, -23.452947 ], [ -46.699337, -23.452854 ], [ -46.698882, -23.452304 ], [ -46.698053, -23.451748 ], [ -46.697364, -23.451375 ], [ -46.696545, -23.451401 ], [ -46.696354, -23.45148 ], [ -46.696058, -23.451721 ], [ -46.695548, -23.451727 ], [ -46.694799, -23.451946 ], [ -46.694352, -23.451843 ] ] ] } },
{ "type": "Feature", "properties": { "CD_SETOR": "355030811000375", "faces": 8, "pavimentada": 100.0, "bueiro": 87.5, "iluminacao": 87.5, "onibus": 25.0, "ciclovia": 0.0, "calcada": 75.0, "obstaculo": 83.33, "rampa": 0.0, "rampa_faces": 0.0, "sem_calcada": 25.0, "sem_arvore": 75.0, "muitas_arvores": 0.0, "vao": 100.0, "V05400": 8, "V05421": 6, "V05406": 8, "V05412": 7, "V05422": 2, "V05424": 5, "V05427": 0, "V05409": 7, "V05415": 2, "V05418": 0, "V05430": 6, "V05433": 0, "criancas_0a4": 51, "em_favela": true }, "geometry": { "type": "Polygon", "coordinates": [ [ [ -46.71219, -23.458912 ], [ -46.71248, -23.459069 ], [ -46.712894, -23.459391 ], [ -46.7132, -23.459888 ], [ -46.713682, -23.460384 ], [ -46.714025, -23.460877 ], [ -46.714095, -23.46112 ], [ -46.714081, -23.461361 ], [ -46.713494, -23.461911 ], [ -46.713649, -23.461941 ], [ -46.714297, -23.462249 ], [ -46.714471, -23.461966 ], [ -46.714934, -23.461416 ], [ -46.715193, -23.460959 ], [ -46.714385, -23.460719 ], [ -46.714213, -23.460592 ], [ -46.713975, -23.460289 ], [ -46.713971, -23.460205 ], [ -46.713916, -23.460198 ], [ -46.713845, -23.460088 ], [ -46.713676, -23.459706 ], [ -46.712932, -23.458663 ], [ -46.712411, -23.458696 ], [ -46.71219, -23.458912 ] ] ] } },
{ "type": "Feature", "properties": { "CD_SETOR": "355030811000376", "faces": 3, "pavimentada": 100.0, "bueiro": 0.0, "iluminacao": 100.0, "onibus": 0.0, "ciclovia": 0.0, "calcada": 0.0, "obstaculo": null, "rampa": null, "rampa_faces": 0.0, "sem_calcada": 100.0, "sem_arvore": 100.0, "muitas_arvores": 0.0, "vao": 100.0, "V05400": 3, "V05421": 0, "V05406": 3, "V05412": 3, "V05422": 3, "V05424": 0, "V05427": 0, "V05409": 0, "V05415": 0, "V05418": 0, "V05430": 3, "V05433": 0, "criancas_0a4": 23, "em_favela": true }, "geometry": { "type": "Polygon", "coordinates": [ [ [ -46.686036, -23.471278 ], [ -46.687203, -23.471027 ], [ -46.687971, -23.471168 ], [ -46.688108, -23.471155 ], [ -46.688268, -23.47106 ], [ -46.688892, -23.471189 ], [ -46.689162, -23.471488 ], [ -46.689396, -23.471358 ], [ -46.689385, -23.471124 ], [ -46.689512, -23.471064 ], [ -46.689491, -23.470945 ], [ -46.688528, -23.471006 ], [ -46.687885, -23.47075 ], [ -46.687822, -23.470894 ], [ -46.687511, -23.470822 ], [ -46.686537, -23.470984 ], [ -46.686619, -23.470855 ], [ -46.68629, -23.470786 ], [ -46.686036, -23.471278 ] ] ] } },
{ "type": "Feature", "properties": { "CD_SETOR": "355030811000377", "faces": 5, "pavimentada": 100.0, "bueiro": 40.0, "iluminacao": 100.0, "onibus": 80.0, "ciclovia": 20.0, "calcada": 60.0, "obstaculo": 100.0, "rampa": 0.0, "rampa_faces": 0.0, "sem_calcada": 40.0, "sem_arvore": 60.0, "muitas_arvores": 0.0, "vao": 100.0, "V05400": 5, "V05421": 3, "V05406": 5, "V05412": 5, "V05422": 2, "V05424": 3, "V05427": 0, "V05409": 2, "V05415": 4, "V05418": 1, "V05430": 3, "V05433": 0, "criancas_0a4": 11, "em_favela": true }, "geometry": { "type": "Polygon", "coordinates": [ [ [ -46.696024, -23.45131 ], [ -46.696152, -23.451555 ], [ -46.696116, -23.451598 ], [ -46.696172, -23.451647 ], [ -46.696354, -23.45148 ], [ -46.696545, -23.451401 ], [ -46.697364, -23.451375 ], [ -46.696898, -23.450571 ], [ -46.696717, -23.450479 ], [ -46.696522, -23.450568 ], [ -46.696277, -23.451096 ], [ -46.696024, -23.45131 ] ] ] } },
{ "type": "Feature", "properties": { "CD_SETOR": "355030811000380", "faces": 7, "pavimentada": 100.0, "bueiro": 28.57, "iluminacao": 71.43, "onibus": 0.0, "ciclovia": 0.0, "calcada": 42.86, "obstaculo": 100.0, "rampa": 0.0, "rampa_faces": 0.0, "sem_calcada": 57.14, "sem_arvore": 85.71, "muitas_arvores": 0.0, "vao": 100.0, "V05400": 7, "V05421": 3, "V05406": 7, "V05412": 5, "V05422": 4, "V05424": 3, "V05427": 0, "V05409": 2, "V05415": 0, "V05418": 0, "V05430": 6, "V05433": 0, "criancas_0a4": 25, "em_favela": true }, "geometry": { "type": "Polygon", "coordinates": [ [ [ -46.673603, -23.465338 ], [ -46.674339, -23.465592 ], [ -46.675083, -23.465852 ], [ -46.675037, -23.4656 ], [ -46.674677, -23.46523 ], [ -46.674504, -23.465393 ], [ -46.674029, -23.465022 ], [ -46.673898, -23.465055 ], [ -46.673603, -23.465338 ] ] ] } },
{ "type": "Feature", "properties": { "CD_SETOR": "355030811000381", "faces": 2, "pavimentada": 100.0, "bueiro": 100.0, "iluminacao": 100.0, "onibus": 0.0, "ciclovia": 0.0, "calcada": 100.0, "obstaculo": 100.0, "rampa": 0.0, "rampa_faces": 0.0, "sem_calcada": 0.0, "sem_arvore": 0.0, "muitas_arvores": 50.0, "vao": 100.0, "V05400": 2, "V05421": 2, "V05406": 2, "V05412": 2, "V05422": 0, "V05424": 2, "V05427": 0, "V05409": 2, "V05415": 0, "V05418": 0, "V05430": 0, "V05433": 1, "criancas_0a4": 23, "em_favela": false }, "geometry": { "type": "Polygon", "coordinates": [ [ [ -46.675943, -23.455031 ], [ -46.676078, -23.456388 ], [ -46.676158, -23.456558 ], [ -46.676411, -23.456518 ], [ -46.676562, -23.456383 ], [ -46.676626, -23.456196 ], [ -46.676567, -23.454947 ], [ -46.675943, -23.455031 ] ] ] } },
{ "type": "Feature", "properties": { "CD_SETOR": "355030811000382", "faces": 2, "pavimentada": 100.0, "bueiro": 50.0, "iluminacao": 100.0, "onibus": 0.0, "ciclovia": 0.0, "calcada": 100.0, "obstaculo": 100.0, "rampa": 0.0, "rampa_faces": 0.0, "sem_calcada": 0.0, "sem_arvore": 0.0, "muitas_arvores": 50.0, "vao": 100.0, "V05400": 2, "V05421": 2, "V05406": 2, "V05412": 2, "V05422": 0, "V05424": 2, "V05427": 0, "V05409": 1, "V05415": 0, "V05418": 0, "V05430": 0, "V05433": 1, "criancas_0a4": 0, "em_favela": true }, "geometry": { "type": "Polygon", "coordinates": [ [ [ -46.675965, -23.454602 ], [ -46.675943, -23.455031 ], [ -46.676567, -23.454947 ], [ -46.676645, -23.454607 ], [ -46.676404, -23.454536 ], [ -46.67637, -23.454618 ], [ -46.675965, -23.454602 ] ] ] } },
{ "type": "Feature", "properties": { "CD_SETOR": "355030811000383", "faces": 4, "pavimentada": 100.0, "bueiro": 25.0, "iluminacao": 100.0, "onibus": 0.0, "ciclovia": 0.0, "calcada": 25.0, "obstaculo": 100.0, "rampa": 0.0, "rampa_faces": 0.0, "sem_calcada": 75.0, "sem_arvore": 75.0, "muitas_arvores": 25.0, "vao": 100.0, "V05400": 4, "V05421": 1, "V05406": 4, "V05412": 4, "V05422": 3, "V05424": 1, "V05427": 0, "V05409": 1, "V05415": 0, "V05418": 0, "V05430": 3, "V05433": 1, "criancas_0a4": 7, "em_favela": true }, "geometry": { "type": "Polygon", "coordinates": [ [ [ -46.700002, -23.455016 ], [ -46.70029, -23.455242 ], [ -46.700698, -23.455447 ], [ -46.700995, -23.455499 ], [ -46.701233, -23.455784 ], [ -46.701505, -23.455806 ], [ -46.701441, -23.455579 ], [ -46.701043, -23.45519 ], [ -46.7007, -23.455143 ], [ -46.700409, -23.454873 ], [ -46.700002, -23.455016 ] ] ] } },
{ "type": "Feature", "properties": { "CD_SETOR": "355030811000385", "faces": 16, "pavimentada": 81.25, "bueiro": 25.0, "iluminacao": 93.75, "onibus": 12.5, "ciclovia": 0.0, "calcada": 68.75, "obstaculo": 100.0, "rampa": 0.0, "rampa_faces": 0.0, "sem_calcada": 31.25, "sem_arvore": 75.0, "muitas_arvores": 0.0, "vao": 81.25, "V05400": 16, "V05421": 11, "V05406": 13, "V05412": 15, "V05422": 5, "V05424": 11, "V05427": 0, "V05409": 4, "V05415": 2, "V05418": 0, "V05430": 12, "V05433": 0, "criancas_0a4": 35, "em_favela": true }, "geometry": { "type": "Polygon", "coordinates": [ [ [ -46.707491, -23.452168 ], [ -46.708178, -23.452803 ], [ -46.707889, -23.453607 ], [ -46.707451, -23.454619 ], [ -46.707391, -23.455019 ], [ -46.707414, -23.455249 ], [ -46.707511, -23.455425 ], [ -46.707955, -23.455571 ], [ -46.70797, -23.455337 ], [ -46.708148, -23.455169 ], [ -46.708221, -23.454305 ], [ -46.708456, -23.453767 ], [ -46.708574, -23.453685 ], [ -46.708672, -23.453347 ], [ -46.708659, -23.45311 ], [ -46.708753, -23.452962 ], [ -46.708518, -23.452733 ], [ -46.708338, -23.452318 ], [ -46.70825, -23.45226 ], [ -46.707703, -23.452117 ], [ -46.707491, -23.452168 ] ] ] } },
{ "type": "Feature", "properties": { "CD_SETOR": "355030811000387", "faces": 6, "pavimentada": 50.0, "bueiro": 33.33, "iluminacao": 100.0, "onibus": 0.0, "ciclovia": 0.0, "calcada": 50.0, "obstaculo": 100.0, "rampa": 0.0, "rampa_faces": 0.0, "sem_calcada": 50.0, "sem_arvore": 16.67, "muitas_arvores": 16.67, "vao": 50.0, "V05400": 6, "V05421": 3, "V05406": 3, "V05412": 6, "V05422": 3, "V05424": 3, "V05427": 0, "V05409": 2, "V05415": 0, "V05418": 0, "V05430": 1, "V05433": 1, "criancas_0a4": 17, "em_favela": true }, "geometry": { "type": "Polygon", "coordinates": [ [ [ -46.691941, -23.451106 ], [ -46.691324, -23.450677 ], [ -46.690911, -23.451064 ], [ -46.691706, -23.451124 ], [ -46.692102, -23.451441 ], [ -46.692135, -23.451555 ], [ -46.692111, -23.451826 ], [ -46.692428, -23.451848 ], [ -46.69245, -23.451629 ], [ -46.692315, -23.451302 ], [ -46.691941, -23.451106 ] ] ] } },
{ "type": "Feature", "properties": { "CD_SETOR": "355030811000388", "faces": 3, "pavimentada": 100.0, "bueiro": 66.67, "iluminacao": 100.0, "onibus": 0.0, "ciclovia": 0.0, "calcada": 66.67, "obstaculo": 100.0, "rampa": 0.0, "rampa_faces": 0.0, "sem_calcada": 33.33, "sem_arvore": 33.33, "muitas_arvores": 0.0, "vao": 100.0, "V05400": 3, "V05421": 2, "V05406": 3, "V05412": 3, "V05422": 1, "V05424": 2, "V05427": 0, "V05409": 2, "V05415": 0, "V05418": 0, "V05430": 1, "V05433": 0, "criancas_0a4": 24, "em_favela": true }, "geometry": { "type": "Polygon", "coordinates": [ [ [ -46.690911, -23.451064 ], [ -46.691324, -23.450677 ], [ -46.691017, -23.450394 ], [ -46.690924, -23.449934 ], [ -46.690839, -23.449814 ], [ -46.690723, -23.449698 ], [ -46.690419, -23.449613 ], [ -46.689861, -23.449867 ], [ -46.68989, -23.450241 ], [ -46.690145, -23.45029 ], [ -46.690293, -23.450378 ], [ -46.690811, -23.451043 ], [ -46.690911, -23.451064 ] ] ] } },
{ "type": "Feature", "properties": { "CD_SETOR": "355030811000389", "faces": 6, "pavimentada": 100.0, "bueiro": 50.0, "iluminacao": 66.67, "onibus": 16.67, "ciclovia": 0.0, "calcada": 33.33, "obstaculo": 100.0, "rampa": 0.0, "rampa_faces": 0.0, "sem_calcada": 66.67, "sem_arvore": 100.0, "muitas_arvores": 0.0, "vao": 100.0, "V05400": 6, "V05421": 2, "V05406": 6, "V05412": 4, "V05422": 4, "V05424": 2, "V05427": 0, "V05409": 3, "V05415": 1, "V05418": 0, "V05430": 6, "V05433": 0, "criancas_0a4": 24, "em_favela": true }, "geometry": { "type": "Polygon", "coordinates": [ [ [ -46.693829, -23.45048 ], [ -46.693866, -23.45081 ], [ -46.694068, -23.450971 ], [ -46.694348, -23.450551 ], [ -46.694767, -23.451237 ], [ -46.694904, -23.451363 ], [ -46.695221, -23.451422 ], [ -46.695756, -23.451381 ], [ -46.695503, -23.451336 ], [ -46.695217, -23.451163 ], [ -46.694811, -23.4506 ], [ -46.694768, -23.450355 ], [ -46.694043, -23.450173 ], [ -46.693931, -23.450329 ], [ -46.693891, -23.450312 ], [ -46.693829, -23.45048 ] ] ] } },
{ "type": "Feature", "properties": { "CD_SETOR": "355030811000390", "faces": 7, "pavimentada": 42.86, "bueiro": 28.57, "iluminacao": 42.86, "onibus": 28.57, "ciclovia": 0.0, "calcada": 42.86, "obstaculo": 100.0, "rampa": 0.0, "rampa_faces": 0.0, "sem_calcada": 0.0, "sem_arvore": 14.29, "muitas_arvores": 0.0, "vao": 42.86, "V05400": 7, "V05421": 3, "V05406": 3, "V05412": 3, "V05422": 0, "V05424": 3, "V05427": 0, "V05409": 2, "V05415": 2, "V05418": 0, "V05430": 1, "V05433": 0, "criancas_0a4": 7, "em_favela": false }, "geometry": { "type": "Polygon", "coordinates": [ [ [ -46.715193, -23.460959 ], [ -46.715362, -23.460413 ], [ -46.713971, -23.460205 ], [ -46.714011, -23.460341 ], [ -46.714325, -23.460689 ], [ -46.715193, -23.460959 ] ] ] } },
{ "type": "Feature", "properties": { "CD_SETOR": "355030811000391", "faces": 11, "pavimentada": 100.0, "bueiro": 72.73, "iluminacao": 100.0, "onibus": 27.27, "ciclovia": 0.0, "calcada": 100.0, "obstaculo": 90.91, "rampa": 0.0, "rampa_faces": 0.0, "sem_calcada": 0.0, "sem_arvore": 63.64, "muitas_arvores": 9.09, "vao": 100.0, "V05400": 11, "V05421": 11, "V05406": 11, "V05412": 11, "V05422": 0, "V05424": 10, "V05427": 0, "V05409": 8, "V05415": 3, "V05418": 0, "V05430": 7, "V05433": 1, "criancas_0a4": 16, "em_favela": false }, "geometry": { "type": "Polygon", "coordinates": [ [ [ -46.682654, -23.469016 ], [ -46.68379, -23.470289 ], [ -46.684235, -23.468199 ], [ -46.683282, -23.467708 ], [ -46.682616, -23.46865 ], [ -46.682604, -23.46886 ], [ -46.682654, -23.469016 ] ] ] } },
{ "type": "Feature", "properties": { "CD_SETOR": "355030811000392", "faces": 14, "pavimentada": 100.0, "bueiro": 64.29, "iluminacao": 100.0, "onibus": 28.57, "ciclovia": 0.0, "calcada": 100.0, "obstaculo": 100.0, "rampa": 0.0, "rampa_faces": 0.0, "sem_calcada": 0.0, "sem_arvore": 78.57, "muitas_arvores": 14.29, "vao": 100.0, "V05400": 14, "V05421": 14, "V05406": 14, "V05412": 14, "V05422": 0, "V05424": 14, "V05427": 0, "V05409": 9, "V05415": 4, "V05418": 0, "V05430": 11, "V05433": 2, "criancas_0a4": 27, "em_favela": false }, "geometry": { "type": "Polygon", "coordinates": [ [ [ -46.681965, -23.469274 ], [ -46.682021, -23.470075 ], [ -46.682177, -23.470388 ], [ -46.682287, -23.470519 ], [ -46.683506, -23.471223 ], [ -46.683721, -23.470949 ], [ -46.683712, -23.47067 ], [ -46.68379, -23.470289 ], [ -46.682654, -23.469016 ], [ -46.681965, -23.469274 ] ] ] } },
{ "type": "Feature", "properties": { "CD_SETOR": "355030811000393", "faces": 18, "pavimentada": 100.0, "bueiro": 66.67, "iluminacao": 100.0, "onibus": 16.67, "ciclovia": 0.0, "calcada": 77.78, "obstaculo": 100.0, "rampa": 0.0, "rampa_faces": 0.0, "sem_calcada": 22.22, "sem_arvore": 27.78, "muitas_arvores": 22.22, "vao": 100.0, "V05400": 18, "V05421": 14, "V05406": 18, "V05412": 18, "V05422": 4, "V05424": 14, "V05427": 0, "V05409": 12, "V05415": 3, "V05418": 0, "V05430": 5, "V05433": 4, "criancas_0a4": 26, "em_favela": false }, "geometry": { "type": "Polygon", "coordinates": [ [ [ -46.687469, -23.474891 ], [ -46.687116, -23.477085 ], [ -46.687016, -23.477188 ], [ -46.685996, -23.477822 ], [ -46.686251, -23.478241 ], [ -46.686593, -23.478022 ], [ -46.687744, -23.478027 ], [ -46.688429, -23.47795 ], [ -46.688141, -23.476752 ], [ -46.688304, -23.475394 ], [ -46.68862, -23.474902 ], [ -46.688099, -23.474871 ], [ -46.688071, -23.475215 ], [ -46.687998, -23.475215 ], [ -46.687974, -23.475389 ], [ -46.688018, -23.475394 ], [ -46.687909, -23.476238 ], [ -46.687576, -23.476194 ], [ -46.68779, -23.474865 ], [ -46.687469, -23.474891 ] ] ] } },
{ "type": "Feature", "properties": { "CD_SETOR": "355030811000394", "faces": 1, "pavimentada": 100.0, "bueiro": 0.0, "iluminacao": 100.0, "onibus": 0.0, "ciclovia": 0.0, "calcada": 100.0, "obstaculo": 100.0, "rampa": 0.0, "rampa_faces": 0.0, "sem_calcada": 0.0, "sem_arvore": 100.0, "muitas_arvores": 0.0, "vao": 100.0, "V05400": 1, "V05421": 1, "V05406": 1, "V05412": 1, "V05422": 0, "V05424": 1, "V05427": 0, "V05409": 0, "V05415": 0, "V05418": 0, "V05430": 1, "V05433": 0, "criancas_0a4": 22, "em_favela": false }, "geometry": { "type": "Polygon", "coordinates": [ [ [ -46.68779, -23.474865 ], [ -46.687576, -23.476194 ], [ -46.687909, -23.476238 ], [ -46.688018, -23.475394 ], [ -46.687974, -23.475389 ], [ -46.687998, -23.475215 ], [ -46.688071, -23.475215 ], [ -46.688099, -23.474871 ], [ -46.68779, -23.474865 ] ] ] } },
{ "type": "Feature", "properties": { "CD_SETOR": "355030811000395", "faces": 16, "pavimentada": 100.0, "bueiro": 37.5, "iluminacao": 100.0, "onibus": 18.75, "ciclovia": 0.0, "calcada": 100.0, "obstaculo": 93.75, "rampa": 18.75, "rampa_faces": 18.75, "sem_calcada": 0.0, "sem_arvore": 87.5, "muitas_arvores": 6.25, "vao": 81.25, "V05400": 16, "V05421": 16, "V05406": 16, "V05412": 16, "V05422": 0, "V05424": 15, "V05427": 3, "V05409": 6, "V05415": 3, "V05418": 0, "V05430": 14, "V05433": 1, "criancas_0a4": 18, "em_favela": false }, "geometry": { "type": "Polygon", "coordinates": [ [ [ -46.689973, -23.470626 ], [ -46.689606, -23.470655 ], [ -46.689698, -23.470957 ], [ -46.690279, -23.472055 ], [ -46.691104, -23.472604 ], [ -46.691315, -23.472413 ], [ -46.691902, -23.471144 ], [ -46.692203, -23.470826 ], [ -46.692541, -23.470639 ], [ -46.691862, -23.469652 ], [ -46.690039, -23.470716 ], [ -46.689973, -23.470626 ] ] ] } },
{ "type": "Feature", "properties": { "CD_SETOR": "355030811000396", "faces": 19, "pavimentada": 100.0, "bueiro": 10.53, "iluminacao": 100.0, "onibus": 5.26, "ciclovia": 0.0, "calcada": 78.95, "obstaculo": 86.67, "rampa": 0.0, "rampa_faces": 0.0, "sem_calcada": 21.05, "sem_arvore": 52.63, "muitas_arvores": 5.26, "vao": 100.0, "V05400": 19, "V05421": 15, "V05406": 19, "V05412": 19, "V05422": 4, "V05424": 13, "V05427": 0, "V05409": 2, "V05415": 1, "V05418": 0, "V05430": 10, "V05433": 1, "criancas_0a4": 10, "em_favela": false }, "geometry": { "type": "Polygon", "coordinates": [ [ [ -46.687757, -23.471797 ], [ -46.689838, -23.473163 ], [ -46.689222, -23.474031 ], [ -46.690001, -23.474515 ], [ -46.690133, -23.474242 ], [ -46.690101, -23.473654 ], [ -46.690237, -23.473209 ], [ -46.690482, -23.472887 ], [ -46.691104, -23.472604 ], [ -46.690237, -23.472027 ], [ -46.689873, -23.471821 ], [ -46.689678, -23.471763 ], [ -46.689416, -23.471723 ], [ -46.687668, -23.471687 ], [ -46.687757, -23.471797 ] ] ] } },
{ "type": "Feature", "properties": { "CD_SETOR": "355030811000397", "faces": 11, "pavimentada": 100.0, "bueiro": 81.82, "iluminacao": 100.0, "onibus": 0.0, "ciclovia": 0.0, "calcada": 54.55, "obstaculo": 100.0, "rampa": 0.0, "rampa_faces": 0.0, "sem_calcada": 45.45, "sem_arvore": 81.82, "muitas_arvores": 9.09, "vao": 100.0, "V05400": 11, "V05421": 6, "V05406": 11, "V05412": 11, "V05422": 5, "V05424": 6, "V05427": 0, "V05409": 9, "V05415": 0, "V05418": 0, "V05430": 9, "V05433": 1, "criancas_0a4": 19, "em_favela": false }, "geometry": { "type": "Polygon", "coordinates": [ [ [ -46.698316, -23.462537 ], [ -46.698658, -23.462514 ], [ -46.699092, -23.462369 ], [ -46.699198, -23.4624 ], [ -46.699351, -23.462592 ], [ -46.69886, -23.463293 ], [ -46.698416, -23.463628 ], [ -46.698293, -23.463789 ], [ -46.6984, -23.464021 ], [ -46.698478, -23.464485 ], [ -46.698633, -23.464362 ], [ -46.698777, -23.463953 ], [ -46.699288, -23.463575 ], [ -46.699309, -23.463344 ], [ -46.699432, -23.463173 ], [ -46.699519, -23.462926 ], [ -46.699913, -23.462777 ], [ -46.700126, -23.462613 ], [ -46.699684, -23.462166 ], [ -46.699467, -23.462064 ], [ -46.699254, -23.462037 ], [ -46.698678, -23.462027 ], [ -46.698316, -23.462537 ] ] ] } },
{ "type": "Feature", "properties": { "CD_SETOR": "355030811000398", "faces": 3, "pavimentada": 100.0, "bueiro": 0.0, "iluminacao": 100.0, "onibus": 33.33, "ciclovia": 0.0, "calcada": 100.0, "obstaculo": 100.0, "rampa": 0.0, "rampa_faces": 0.0, "sem_calcada": 0.0, "sem_arvore": 66.67, "muitas_arvores": 0.0, "vao": 100.0, "V05400": 3, "V05421": 3, "V05406": 3, "V05412": 3, "V05422": 0, "V05424": 3, "V05427": 0, "V05409": 0, "V05415": 1, "V05418": 0, "V05430": 2, "V05433": 0, "criancas_0a4": 32, "em_favela": false }, "geometry": { "type": "Polygon", "coordinates": [ [ [ -46.696512, -23.460938 ], [ -46.697088, -23.461436 ], [ -46.697533, -23.462107 ], [ -46.697884, -23.462218 ], [ -46.698191, -23.462486 ], [ -46.698316, -23.462537 ], [ -46.698668, -23.462062 ], [ -46.698678, -23.462027 ], [ -46.698316, -23.461775 ], [ -46.697887, -23.46164 ], [ -46.697091, -23.460506 ], [ -46.69697, -23.460534 ], [ -46.696575, -23.460825 ], [ -46.696512, -23.460938 ] ] ] } },
{ "type": "Feature", "properties": { "CD_SETOR": "355030811000399", "faces": 8, "pavimentada": 100.0, "bueiro": 0.0, "iluminacao": 100.0, "onibus": 0.0, "ciclovia": 0.0, "calcada": 0.0, "obstaculo": null, "rampa": null, "rampa_faces": 0.0, "sem_calcada": 100.0, "sem_arvore": 100.0, "muitas_arvores": 0.0, "vao": 100.0, "V05400": 8, "V05421": 0, "V05406": 8, "V05412": 8, "V05422": 8, "V05424": 0, "V05427": 0, "V05409": 0, "V05415": 0, "V05418": 0, "V05430": 8, "V05433": 0, "criancas_0a4": 40, "em_favela": true }, "geometry": { "type": "Polygon", "coordinates": [ [ [ -46.686083, -23.45684 ], [ -46.686202, -23.456923 ], [ -46.686306, -23.457142 ], [ -46.686972, -23.457811 ], [ -46.687164, -23.457403 ], [ -46.687208, -23.456891 ], [ -46.686347, -23.456524 ], [ -46.686083, -23.45684 ] ] ] } },
{ "type": "Feature", "properties": { "CD_SETOR": "355030811000401", "faces": 24, "pavimentada": 95.83, "bueiro": 37.5, "iluminacao": 100.0, "onibus": 20.83, "ciclovia": 0.0, "calcada": 54.17, "obstaculo": 100.0, "rampa": 0.0, "rampa_faces": 0.0, "sem_calcada": 45.83, "sem_arvore": 100.0, "muitas_arvores": 0.0, "vao": 95.83, "V05400": 24, "V05421": 13, "V05406": 23, "V05412": 24, "V05422": 11, "V05424": 13, "V05427": 0, "V05409": 9, "V05415": 5, "V05418": 0, "V05430": 24, "V05433": 0, "criancas_0a4": 23, "em_favela": false }, "geometry": { "type": "Polygon", "coordinates": [ [ [ -46.684907, -23.455921 ], [ -46.684054, -23.456925 ], [ -46.684613, -23.457329 ], [ -46.685003, -23.456808 ], [ -46.685398, -23.457085 ], [ -46.686087, -23.456305 ], [ -46.685691, -23.456036 ], [ -46.685449, -23.456304 ], [ -46.684907, -23.455921 ] ] ] } },
{ "type": "Feature", "properties": { "CD_SETOR": "355030811000403", "faces": 20, "pavimentada": 100.0, "bueiro": 50.0, "iluminacao": 100.0, "onibus": 25.0, "ciclovia": 0.0, "calcada": 50.0, "obstaculo": 100.0, "rampa": 0.0, "rampa_faces": 0.0, "sem_calcada": 50.0, "sem_arvore": 95.0, "muitas_arvores": 5.0, "vao": 100.0, "V05400": 20, "V05421": 10, "V05406": 20, "V05412": 20, "V05422": 10, "V05424": 10, "V05427": 0, "V05409": 10, "V05415": 5, "V05418": 0, "V05430": 19, "V05433": 1, "criancas_0a4": 35, "em_favela": false }, "geometry": { "type": "Polygon", "coordinates": [ [ [ -46.683166, -23.455466 ], [ -46.684484, -23.456429 ], [ -46.684937, -23.45588 ], [ -46.683601, -23.45491 ], [ -46.683219, -23.455231 ], [ -46.683166, -23.455466 ] ] ] } },
{ "type": "Feature", "properties": { "CD_SETOR": "355030811000404", "faces": 20, "pavimentada": 100.0, "bueiro": 45.0, "iluminacao": 100.0, "onibus": 25.0, "ciclovia": 5.0, "calcada": 50.0, "obstaculo": 100.0, "rampa": 0.0, "rampa_faces": 0.0, "sem_calcada": 50.0, "sem_arvore": 100.0, "muitas_arvores": 0.0, "vao": 100.0, "V05400": 20, "V05421": 10, "V05406": 20, "V05412": 20, "V05422": 10, "V05424": 10, "V05427": 0, "V05409": 9, "V05415": 5, "V05418": 1, "V05430": 20, "V05433": 0, "criancas_0a4": 25, "em_favela": false }, "geometry": { "type": "Polygon", "coordinates": [ [ [ -46.682878, -23.456077 ], [ -46.684054, -23.456925 ], [ -46.684484, -23.456429 ], [ -46.683137, -23.455444 ], [ -46.682725, -23.455889 ], [ -46.682878, -23.456077 ] ] ] } },
{ "type": "Feature", "properties": { "CD_SETOR": "355030811000406", "faces": 3, "pavimentada": 100.0, "bueiro": 0.0, "iluminacao": 100.0, "onibus": 33.33, "ciclovia": 0.0, "calcada": 66.67, "obstaculo": 100.0, "rampa": 0.0, "rampa_faces": 0.0, "sem_calcada": 33.33, "sem_arvore": 100.0, "muitas_arvores": 0.0, "vao": 100.0, "V05400": 3, "V05421": 2, "V05406": 3, "V05412": 3, "V05422": 1, "V05424": 2, "V05427": 0, "V05409": 0, "V05415": 1, "V05418": 0, "V05430": 3, "V05433": 0, "criancas_0a4": 12, "em_favela": false }, "geometry": { "type": "Polygon", "coordinates": [ [ [ -46.681775, -23.456829 ], [ -46.681987, -23.456953 ], [ -46.682063, -23.45709 ], [ -46.682034, -23.45722 ], [ -46.681828, -23.457536 ], [ -46.681802, -23.457742 ], [ -46.681847, -23.457904 ], [ -46.682206, -23.457696 ], [ -46.682548, -23.457326 ], [ -46.682659, -23.457151 ], [ -46.682674, -23.456916 ], [ -46.682483, -23.456669 ], [ -46.681998, -23.456453 ], [ -46.681775, -23.456829 ] ] ] } },
{ "type": "Feature", "properties": { "CD_SETOR": "355030811000407", "faces": 7, "pavimentada": 100.0, "bueiro": 100.0, "iluminacao": 100.0, "onibus": 0.0, "ciclovia": 0.0, "calcada": 85.71, "obstaculo": 100.0, "rampa": 0.0, "rampa_faces": 0.0, "sem_calcada": 14.29, "sem_arvore": 42.86, "muitas_arvores": 0.0, "vao": 100.0, "V05400": 7, "V05421": 6, "V05406": 7, "V05412": 7, "V05422": 1, "V05424": 6, "V05427": 0, "V05409": 7, "V05415": 0, "V05418": 0, "V05430": 3, "V05433": 0, "criancas_0a4": 25, "em_favela": false }, "geometry": { "type": "Polygon", "coordinates": [ [ [ -46.697007, -23.464236 ], [ -46.696833, -23.464424 ], [ -46.696758, -23.464785 ], [ -46.696647, -23.464893 ], [ -46.696865, -23.465322 ], [ -46.697346, -23.465104 ], [ -46.698047, -23.464924 ], [ -46.698478, -23.464485 ], [ -46.6984, -23.464021 ], [ -46.698293, -23.463789 ], [ -46.698156, -23.463979 ], [ -46.697007, -23.464236 ] ] ] } },
{ "type": "Feature", "properties": { "CD_SETOR": "355030811000408", "faces": 8, "pavimentada": 100.0, "bueiro": 75.0, "iluminacao": 100.0, "onibus": 12.5, "ciclovia": 0.0, "calcada": 87.5, "obstaculo": 100.0, "rampa": 28.57, "rampa_faces": 25.0, "sem_calcada": 12.5, "sem_arvore": 50.0, "muitas_arvores": 12.5, "vao": 75.0, "V05400": 8, "V05421": 7, "V05406": 8, "V05412": 8, "V05422": 1, "V05424": 7, "V05427": 2, "V05409": 6, "V05415": 1, "V05418": 0, "V05430": 4, "V05433": 1, "criancas_0a4": 35, "em_favela": false }, "geometry": { "type": "Polygon", "coordinates": [ [ [ -46.694422, -23.466024 ], [ -46.694396, -23.466156 ], [ -46.694459, -23.466374 ], [ -46.694661, -23.466842 ], [ -46.695976, -23.466116 ], [ -46.696556, -23.465538 ], [ -46.696865, -23.465322 ], [ -46.696647, -23.464893 ], [ -46.696344, -23.464949 ], [ -46.695776, -23.464866 ], [ -46.694819, -23.465849 ], [ -46.694422, -23.466024 ] ] ] } },
{ "type": "Feature", "properties": { "CD_SETOR": "355030811000409", "faces": 7, "pavimentada": 100.0, "bueiro": 42.86, "iluminacao": 100.0, "onibus": 14.29, "ciclovia": 0.0, "calcada": 57.14, "obstaculo": 100.0, "rampa": 0.0, "rampa_faces": 0.0, "sem_calcada": 42.86, "sem_arvore": 71.43, "muitas_arvores": 14.29, "vao": 100.0, "V05400": 7, "V05421": 4, "V05406": 7, "V05412": 7, "V05422": 3, "V05424": 4, "V05427": 0, "V05409": 3, "V05415": 1, "V05418": 0, "V05430": 5, "V05433": 1, "criancas_0a4": 23, "em_favela": false }, "geometry": { "type": "Polygon", "coordinates": [ [ [ -46.698496, -23.461913 ], [ -46.698704, -23.462034 ], [ -46.699254, -23.462037 ], [ -46.699555, -23.462095 ], [ -46.699684, -23.462166 ], [ -46.700126, -23.462613 ], [ -46.699913, -23.462777 ], [ -46.699519, -23.462926 ], [ -46.699432, -23.463173 ], [ -46.699309, -23.463344 ], [ -46.699288, -23.463575 ], [ -46.699449, -23.463423 ], [ -46.699586, -23.463159 ], [ -46.700187, -23.462857 ], [ -46.700286, -23.462845 ], [ -46.700409, -23.462931 ], [ -46.700632, -23.46259 ], [ -46.701103, -23.46213 ], [ -46.700773, -23.46217 ], [ -46.700647, -23.462134 ], [ -46.699952, -23.461725 ], [ -46.698868, -23.461371 ], [ -46.698725, -23.461679 ], [ -46.698496, -23.461913 ] ] ] } },
{ "type": "Feature", "properties": { "CD_SETOR": "355030811000410", "faces": 4, "pavimentada": 100.0, "bueiro": 50.0, "iluminacao": 100.0, "onibus": 25.0, "ciclovia": 0.0, "calcada": 100.0, "obstaculo": 100.0, "rampa": 0.0, "rampa_faces": 0.0, "sem_calcada": 0.0, "sem_arvore": 50.0, "muitas_arvores": 25.0, "vao": 100.0, "V05400": 4, "V05421": 4, "V05406": 4, "V05412": 4, "V05422": 0, "V05424": 4, "V05427": 0, "V05409": 2, "V05415": 1, "V05418": 0, "V05430": 2, "V05433": 1, "criancas_0a4": 39, "em_favela": false }, "geometry": { "type": "Polygon", "coordinates": [ [ [ -46.697843, -23.459909 ], [ -46.697554, -23.460006 ], [ -46.697091, -23.460506 ], [ -46.697887, -23.46164 ], [ -46.698316, -23.461775 ], [ -46.698496, -23.461913 ], [ -46.698725, -23.461679 ], [ -46.698868, -23.461371 ], [ -46.698316, -23.461225 ], [ -46.698162, -23.461121 ], [ -46.697987, -23.460895 ], [ -46.69796, -23.46062 ], [ -46.698124, -23.460443 ], [ -46.698316, -23.460372 ], [ -46.698946, -23.46045 ], [ -46.699137, -23.460403 ], [ -46.699499, -23.459988 ], [ -46.699339, -23.459821 ], [ -46.699187, -23.459769 ], [ -46.697843, -23.459909 ] ] ] } },
{ "type": "Feature", "properties": { "CD_SETOR": "355030811000413", "faces": 12, "pavimentada": 100.0, "bueiro": 41.67, "iluminacao": 100.0, "onibus": 8.33, "ciclovia": 0.0, "calcada": 58.33, "obstaculo": 100.0, "rampa": 0.0, "rampa_faces": 0.0, "sem_calcada": 41.67, "sem_arvore": 83.33, "muitas_arvores": 0.0, "vao": 100.0, "V05400": 12, "V05421": 7, "V05406": 12, "V05412": 12, "V05422": 5, "V05424": 7, "V05427": 0, "V05409": 5, "V05415": 1, "V05418": 0, "V05430": 10, "V05433": 0, "criancas_0a4": 25, "em_favela": false }, "geometry": { "type": "Polygon", "coordinates": [ [ [ -46.683981, -23.451739 ], [ -46.684124, -23.451819 ], [ -46.684179, -23.451804 ], [ -46.68516, -23.451193 ], [ -46.685621, -23.451033 ], [ -46.686104, -23.45116 ], [ -46.686182, -23.451517 ], [ -46.686339, -23.451629 ], [ -46.686512, -23.450791 ], [ -46.686131, -23.450357 ], [ -46.685166, -23.450227 ], [ -46.685134, -23.450634 ], [ -46.685023, -23.450644 ], [ -46.684378, -23.450951 ], [ -46.684112, -23.450934 ], [ -46.683981, -23.451739 ] ] ] } },
{ "type": "Feature", "properties": { "CD_SETOR": "355030811000414", "faces": 8, "pavimentada": 100.0, "bueiro": 0.0, "iluminacao": 100.0, "onibus": 0.0, "ciclovia": 12.5, "calcada": 75.0, "obstaculo": 100.0, "rampa": 0.0, "rampa_faces": 0.0, "sem_calcada": 25.0, "sem_arvore": 100.0, "muitas_arvores": 0.0, "vao": 100.0, "V05400": 8, "V05421": 6, "V05406": 8, "V05412": 8, "V05422": 2, "V05424": 6, "V05427": 0, "V05409": 0, "V05415": 0, "V05418": 1, "V05430": 8, "V05433": 0, "criancas_0a4": 32, "em_favela": false }, "geometry": { "type": "Polygon", "coordinates": [ [ [ -46.684179, -23.451804 ], [ -46.684107, -23.451998 ], [ -46.684012, -23.452102 ], [ -46.684185, -23.452607 ], [ -46.68426, -23.452572 ], [ -46.684469, -23.452232 ], [ -46.684703, -23.452031 ], [ -46.685134, -23.451885 ], [ -46.685343, -23.45189 ], [ -46.685629, -23.452004 ], [ -46.685794, -23.452111 ], [ -46.685948, -23.452326 ], [ -46.686099, -23.452437 ], [ -46.686208, -23.452159 ], [ -46.686319, -23.451626 ], [ -46.686227, -23.45158 ], [ -46.686152, -23.451452 ], [ -46.686104, -23.45116 ], [ -46.685621, -23.451033 ], [ -46.68516, -23.451193 ], [ -46.684179, -23.451804 ] ] ] } },
{ "type": "Feature", "properties": { "CD_SETOR": "355030811000415", "faces": 12, "pavimentada": 100.0, "bueiro": 83.33, "iluminacao": 100.0, "onibus": 16.67, "ciclovia": 0.0, "calcada": 91.67, "obstaculo": 81.82, "rampa": 0.0, "rampa_faces": 0.0, "sem_calcada": 8.33, "sem_arvore": 91.67, "muitas_arvores": 0.0, "vao": 100.0, "V05400": 12, "V05421": 11, "V05406": 12, "V05412": 12, "V05422": 1, "V05424": 9, "V05427": 0, "V05409": 10, "V05415": 2, "V05418": 0, "V05430": 11, "V05433": 0, "criancas_0a4": 26, "em_favela": false }, "geometry": { "type": "Polygon", "coordinates": [ [ [ -46.680052, -23.449877 ], [ -46.681172, -23.451305 ], [ -46.6813, -23.451552 ], [ -46.681882, -23.451394 ], [ -46.681871, -23.451355 ], [ -46.682195, -23.45148 ], [ -46.682297, -23.45146 ], [ -46.682067, -23.449847 ], [ -46.681718, -23.449923 ], [ -46.68123, -23.449688 ], [ -46.680672, -23.449509 ], [ -46.680052, -23.449877 ] ] ] } },
{ "type": "Feature", "properties": { "CD_SETOR": "355030811000416", "faces": 20, "pavimentada": 100.0, "bueiro": 60.0, "iluminacao": 100.0, "onibus": 30.0, "ciclovia": 0.0, "calcada": 70.0, "obstaculo": 100.0, "rampa": 0.0, "rampa_faces": 0.0, "sem_calcada": 30.0, "sem_arvore": 100.0, "muitas_arvores": 0.0, "vao": 100.0, "V05400": 20, "V05421": 14, "V05406": 20, "V05412": 20, "V05422": 6, "V05424": 14, "V05427": 0, "V05409": 12, "V05415": 6, "V05418": 0, "V05430": 20, "V05433": 0, "criancas_0a4": 34, "em_favela": false }, "geometry": { "type": "Polygon", "coordinates": [ [ [ -46.682067, -23.449847 ], [ -46.682316, -23.451854 ], [ -46.682437, -23.452252 ], [ -46.68281, -23.452222 ], [ -46.682875, -23.45183 ], [ -46.683021, -23.451641 ], [ -46.683315, -23.451441 ], [ -46.683591, -23.451418 ], [ -46.683981, -23.451739 ], [ -46.684112, -23.450934 ], [ -46.684378, -23.450951 ], [ -46.685023, -23.450644 ], [ -46.685134, -23.450634 ], [ -46.685166, -23.450227 ], [ -46.684458, -23.450143 ], [ -46.683862, -23.450242 ], [ -46.683649, -23.450128 ], [ -46.682907, -23.449926 ], [ -46.682067, -23.449847 ] ] ] } },
{ "type": "Feature", "properties": { "CD_SETOR": "355030811000418", "faces": 7, "pavimentada": 100.0, "bueiro": 14.29, "iluminacao": 100.0, "onibus": 0.0, "ciclovia": 14.29, "calcada": 85.71, "obstaculo": 100.0, "rampa": 0.0, "rampa_faces": 0.0, "sem_calcada": 14.29, "sem_arvore": 57.14, "muitas_arvores": 14.29, "vao": 100.0, "V05400": 7, "V05421": 6, "V05406": 7, "V05412": 7, "V05422": 1, "V05424": 6, "V05427": 0, "V05409": 1, "V05415": 0, "V05418": 1, "V05430": 4, "V05433": 1, "criancas_0a4": 8, "em_favela": false }, "geometry": { "type": "Polygon", "coordinates": [ [ [ -46.679959, -23.450534 ], [ -46.680528, -23.451251 ], [ -46.680265, -23.45192 ], [ -46.680949, -23.452148 ], [ -46.680818, -23.451682 ], [ -46.6813, -23.451552 ], [ -46.681172, -23.451305 ], [ -46.680358, -23.450267 ], [ -46.679959, -23.450534 ] ] ] } },
{ "type": "Feature", "properties": { "CD_SETOR": "355030811000419", "faces": 9, "pavimentada": 100.0, "bueiro": 44.44, "iluminacao": 100.0, "onibus": 11.11, "ciclovia": 0.0, "calcada": 88.89, "obstaculo": 100.0, "rampa": 0.0, "rampa_faces": 0.0, "sem_calcada": 11.11, "sem_arvore": 22.22, "muitas_arvores": 44.44, "vao": 100.0, "V05400": 9, "V05421": 8, "V05406": 9, "V05412": 9, "V05422": 1, "V05424": 8, "V05427": 0, "V05409": 4, "V05415": 1, "V05418": 0, "V05430": 2, "V05433": 4, "criancas_0a4": 27, "em_favela": false }, "geometry": { "type": "Polygon", "coordinates": [ [ [ -46.676708, -23.450538 ], [ -46.676859, -23.450574 ], [ -46.677222, -23.450965 ], [ -46.677471, -23.450764 ], [ -46.677812, -23.451554 ], [ -46.678408, -23.451583 ], [ -46.678891, -23.451763 ], [ -46.678786, -23.452015 ], [ -46.678926, -23.452142 ], [ -46.678959, -23.452115 ], [ -46.679444, -23.452606 ], [ -46.679515, -23.452611 ], [ -46.68019, -23.45083 ], [ -46.679959, -23.450534 ], [ -46.679786, -23.45068 ], [ -46.679659, -23.450878 ], [ -46.679354, -23.451687 ], [ -46.679276, -23.45174 ], [ -46.679215, -23.451702 ], [ -46.679104, -23.450526 ], [ -46.678862, -23.450553 ], [ -46.677482, -23.450453 ], [ -46.676708, -23.450538 ] ] ] } },
{ "type": "Feature", "properties": { "CD_SETOR": "355030811000420", "faces": 2, "pavimentada": 0.0, "bueiro": 0.0, "iluminacao": 100.0, "onibus": 0.0, "ciclovia": 0.0, "calcada": 0.0, "obstaculo": null, "rampa": null, "rampa_faces": 0.0, "sem_calcada": 100.0, "sem_arvore": 0.0, "muitas_arvores": 100.0, "vao": 0.0, "V05400": 2, "V05421": 0, "V05406": 0, "V05412": 2, "V05422": 2, "V05424": 0, "V05427": 0, "V05409": 0, "V05415": 0, "V05418": 0, "V05430": 0, "V05433": 2, "criancas_0a4": 4, "em_favela": true }, "geometry": { "type": "Polygon", "coordinates": [ [ [ -46.679743, -23.45324 ], [ -46.679818, -23.453044 ], [ -46.679557, -23.452972 ], [ -46.679647, -23.45274 ], [ -46.679647, -23.452615 ], [ -46.67934, -23.45261 ], [ -46.679116, -23.452888 ], [ -46.678027, -23.452674 ], [ -46.676925, -23.452392 ], [ -46.676382, -23.452367 ], [ -46.67643, -23.452462 ], [ -46.679743, -23.45324 ] ] ] } },
{ "type": "Feature", "properties": { "CD_SETOR": "355030811000422", "faces": 6, "pavimentada": 100.0, "bueiro": 16.67, "iluminacao": 83.33, "onibus": 16.67, "ciclovia": 0.0, "calcada": 50.0, "obstaculo": 66.67, "rampa": 0.0, "rampa_faces": 0.0, "sem_calcada": 50.0, "sem_arvore": 83.33, "muitas_arvores": 0.0, "vao": 100.0, "V05400": 6, "V05421": 3, "V05406": 6, "V05412": 5, "V05422": 3, "V05424": 2, "V05427": 0, "V05409": 1, "V05415": 1, "V05418": 0, "V05430": 5, "V05433": 0, "criancas_0a4": 23, "em_favela": true }, "geometry": { "type": "Polygon", "coordinates": [ [ [ -46.703361, -23.459878 ], [ -46.702391, -23.460532 ], [ -46.702728, -23.460902 ], [ -46.702843, -23.461165 ], [ -46.702817, -23.461334 ], [ -46.703055, -23.461275 ], [ -46.703173, -23.461183 ], [ -46.703285, -23.461269 ], [ -46.703525, -23.461026 ], [ -46.703114, -23.460504 ], [ -46.703245, -23.460408 ], [ -46.703717, -23.459735 ], [ -46.703591, -23.459751 ], [ -46.703361, -23.459878 ] ] ] } },
{ "type": "Feature", "properties": { "CD_SETOR": "355030811000423", "faces": 10, "pavimentada": 100.0, "bueiro": 0.0, "iluminacao": 100.0, "onibus": 0.0, "ciclovia": 0.0, "calcada": 10.0, "obstaculo": 100.0, "rampa": 0.0, "rampa_faces": 0.0, "sem_calcada": 90.0, "sem_arvore": 100.0, "muitas_arvores": 0.0, "vao": 100.0, "V05400": 10, "V05421": 1, "V05406": 10, "V05412": 10, "V05422": 9, "V05424": 1, "V05427": 0, "V05409": 0, "V05415": 0, "V05418": 0, "V05430": 10, "V05433": 0, "criancas_0a4": 8, "em_favela": true }, "geometry": { "type": "Polygon", "coordinates": [ [ [ -46.702195, -23.455004 ], [ -46.702343, -23.454849 ], [ -46.702839, -23.454792 ], [ -46.703231, -23.454549 ], [ -46.703265, -23.45448 ], [ -46.701289, -23.453983 ], [ -46.701275, -23.454231 ], [ -46.701696, -23.454255 ], [ -46.70171, -23.454597 ], [ -46.702195, -23.455004 ] ] ] } },
{ "type": "Feature", "properties": { "CD_SETOR": "355030811000424", "faces": 17, "pavimentada": 100.0, "bueiro": 11.76, "iluminacao": 100.0, "onibus": 11.76, "ciclovia": 0.0, "calcada": 58.82, "obstaculo": 100.0, "rampa": 0.0, "rampa_faces": 0.0, "sem_calcada": 41.18, "sem_arvore": 88.24, "muitas_arvores": 0.0, "vao": 100.0, "V05400": 17, "V05421": 10, "V05406": 17, "V05412": 17, "V05422": 7, "V05424": 10, "V05427": 0, "V05409": 2, "V05415": 2, "V05418": 0, "V05430": 15, "V05433": 0, "criancas_0a4": 22, "em_favela": true }, "geometry": { "type": "Polygon", "coordinates": [ [ [ -46.702343, -23.454849 ], [ -46.702179, -23.455061 ], [ -46.702612, -23.455565 ], [ -46.703038, -23.456165 ], [ -46.703178, -23.455664 ], [ -46.703607, -23.45479 ], [ -46.70375, -23.454857 ], [ -46.704014, -23.455522 ], [ -46.704221, -23.455645 ], [ -46.704169, -23.455396 ], [ -46.704154, -23.454568 ], [ -46.703939, -23.454512 ], [ -46.703958, -23.454698 ], [ -46.703649, -23.454555 ], [ -46.703265, -23.45448 ], [ -46.703231, -23.454549 ], [ -46.702839, -23.454792 ], [ -46.702343, -23.454849 ] ] ] } },
{ "type": "Feature", "properties": { "CD_SETOR": "355030811000425", "faces": 6, "pavimentada": 100.0, "bueiro": 50.0, "iluminacao": 100.0, "onibus": 33.33, "ciclovia": 0.0, "calcada": 83.33, "obstaculo": 100.0, "rampa": 20.0, "rampa_faces": 16.67, "sem_calcada": 16.67, "sem_arvore": 83.33, "muitas_arvores": 16.67, "vao": 83.33, "V05400": 6, "V05421": 5, "V05406": 6, "V05412": 6, "V05422": 1, "V05424": 5, "V05427": 1, "V05409": 3, "V05415": 2, "V05418": 0, "V05430": 5, "V05433": 1, "criancas_0a4": 28, "em_favela": false }, "geometry": { "type": "Polygon", "coordinates": [ [ [ -46.701043, -23.45519 ], [ -46.701441, -23.455579 ], [ -46.701503, -23.455835 ], [ -46.701397, -23.456071 ], [ -46.701189, -23.456196 ], [ -46.701032, -23.456209 ], [ -46.700838, -23.456133 ], [ -46.700799, -23.45634 ], [ -46.700828, -23.456398 ], [ -46.701083, -23.456575 ], [ -46.701309, -23.456629 ], [ -46.701628, -23.456653 ], [ -46.701878, -23.456606 ], [ -46.701999, -23.456501 ], [ -46.702143, -23.456269 ], [ -46.702131, -23.455405 ], [ -46.701242, -23.454836 ], [ -46.701064, -23.454584 ], [ -46.700883, -23.454423 ], [ -46.700907, -23.454796 ], [ -46.701043, -23.45519 ] ] ] } },
{ "type": "Feature", "properties": { "CD_SETOR": "355030811000429", "faces": 14, "pavimentada": 100.0, "bueiro": 71.43, "iluminacao": 100.0, "onibus": 21.43, "ciclovia": 0.0, "calcada": 71.43, "obstaculo": 100.0, "rampa": 0.0, "rampa_faces": 0.0, "sem_calcada": 28.57, "sem_arvore": 71.43, "muitas_arvores": 0.0, "vao": 100.0, "V05400": 14, "V05421": 10, "V05406": 14, "V05412": 14, "V05422": 4, "V05424": 10, "V05427": 0, "V05409": 10, "V05415": 3, "V05418": 0, "V05430": 10, "V05433": 0, "criancas_0a4": 30, "em_favela": false }, "geometry": { "type": "Polygon", "coordinates": [ [ [ -46.697616, -23.445148 ], [ -46.697835, -23.445389 ], [ -46.697928, -23.445578 ], [ -46.698038, -23.446252 ], [ -46.698316, -23.446432 ], [ -46.69856, -23.446705 ], [ -46.698665, -23.447262 ], [ -46.698773, -23.447279 ], [ -46.698875, -23.447234 ], [ -46.699216, -23.446956 ], [ -46.69966, -23.447 ], [ -46.699398, -23.446226 ], [ -46.698982, -23.445797 ], [ -46.698518, -23.446061 ], [ -46.698452, -23.445591 ], [ -46.698158, -23.444995 ], [ -46.697744, -23.44474 ], [ -46.697616, -23.445148 ] ] ] } },
{ "type": "Feature", "properties": { "CD_SETOR": "355030811000430", "faces": 10, "pavimentada": 100.0, "bueiro": 100.0, "iluminacao": 100.0, "onibus": 60.0, "ciclovia": 0.0, "calcada": 70.0, "obstaculo": 100.0, "rampa": 0.0, "rampa_faces": 0.0, "sem_calcada": 30.0, "sem_arvore": 70.0, "muitas_arvores": 0.0, "vao": 100.0, "V05400": 10, "V05421": 7, "V05406": 10, "V05412": 10, "V05422": 3, "V05424": 7, "V05427": 0, "V05409": 10, "V05415": 6, "V05418": 0, "V05430": 7, "V05433": 0, "criancas_0a4": 33, "em_favela": false }, "geometry": { "type": "Polygon", "coordinates": [ [ [ -46.696867, -23.445438 ], [ -46.697174, -23.445505 ], [ -46.697469, -23.445837 ], [ -46.69754, -23.446007 ], [ -46.697701, -23.446709 ], [ -46.697306, -23.447113 ], [ -46.697851, -23.447121 ], [ -46.697981, -23.447182 ], [ -46.698086, -23.447331 ], [ -46.698216, -23.447842 ], [ -46.698316, -23.447815 ], [ -46.698773, -23.447279 ], [ -46.698631, -23.447224 ], [ -46.698621, -23.446873 ], [ -46.698518, -23.446636 ], [ -46.698316, -23.446432 ], [ -46.698038, -23.446252 ], [ -46.697971, -23.445707 ], [ -46.697835, -23.445389 ], [ -46.697616, -23.445148 ], [ -46.69742, -23.4454 ], [ -46.697137, -23.445291 ], [ -46.696866, -23.44527 ], [ -46.696867, -23.445438 ] ] ] } },
{ "type": "Feature", "properties": { "CD_SETOR": "355030811000433", "faces": 13, "pavimentada": 100.0, "bueiro": 30.77, "iluminacao": 92.31, "onibus": 15.38, "ciclovia": 0.0, "calcada": 76.92, "obstaculo": 90.0, "rampa": 0.0, "rampa_faces": 0.0, "sem_calcada": 23.08, "sem_arvore": 76.92, "muitas_arvores": 0.0, "vao": 100.0, "V05400": 13, "V05421": 10, "V05406": 13, "V05412": 12, "V05422": 3, "V05424": 9, "V05427": 0, "V05409": 4, "V05415": 2, "V05418": 0, "V05430": 10, "V05433": 0, "criancas_0a4": 31, "em_favela": true }, "geometry": { "type": "Polygon", "coordinates": [ [ [ -46.703472, -23.461701 ], [ -46.703199, -23.461401 ], [ -46.703285, -23.461269 ], [ -46.703173, -23.461183 ], [ -46.703055, -23.461275 ], [ -46.702817, -23.461334 ], [ -46.702843, -23.461165 ], [ -46.702728, -23.460902 ], [ -46.702391, -23.460532 ], [ -46.702503, -23.460454 ], [ -46.702243, -23.460219 ], [ -46.701893, -23.459949 ], [ -46.70162, -23.460216 ], [ -46.702316, -23.46066 ], [ -46.70248, -23.460814 ], [ -46.702443, -23.460878 ], [ -46.702476, -23.460915 ], [ -46.702265, -23.46115 ], [ -46.702371, -23.461239 ], [ -46.702058, -23.4614 ], [ -46.702454, -23.462247 ], [ -46.703472, -23.461701 ] ] ] } },
{ "type": "Feature", "properties": { "CD_SETOR": "355030811000435", "faces": 11, "pavimentada": 100.0, "bueiro": 9.09, "iluminacao": 81.82, "onibus": 27.27, "ciclovia": 0.0, "calcada": 36.36, "obstaculo": 100.0, "rampa": 0.0, "rampa_faces": 0.0, "sem_calcada": 63.64, "sem_arvore": 90.91, "muitas_arvores": 0.0, "vao": 100.0, "V05400": 11, "V05421": 4, "V05406": 11, "V05412": 9, "V05422": 7, "V05424": 4, "V05427": 0, "V05409": 1, "V05415": 3, "V05418": 0, "V05430": 10, "V05433": 0, "criancas_0a4": 28, "em_favela": true }, "geometry": { "type": "Polygon", "coordinates": [ [ [ -46.702652, -23.458313 ], [ -46.702425, -23.459431 ], [ -46.702679, -23.459376 ], [ -46.703893, -23.458786 ], [ -46.70395, -23.458693 ], [ -46.703897, -23.458606 ], [ -46.704, -23.458546 ], [ -46.703758, -23.458108 ], [ -46.703062, -23.458465 ], [ -46.702652, -23.458313 ] ] ] } },
{ "type": "Feature", "properties": { "CD_SETOR": "355030811000437", "faces": 17, "pavimentada": 100.0, "bueiro": 52.94, "iluminacao": 100.0, "onibus": 0.0, "ciclovia": 0.0, "calcada": 17.65, "obstaculo": 100.0, "rampa": 0.0, "rampa_faces": 0.0, "sem_calcada": 82.35, "sem_arvore": 100.0, "muitas_arvores": 0.0, "vao": 100.0, "V05400": 17, "V05421": 3, "V05406": 17, "V05412": 17, "V05422": 14, "V05424": 3, "V05427": 0, "V05409": 9, "V05415": 0, "V05418": 0, "V05430": 17, "V05433": 0, "criancas_0a4": 24, "em_favela": true }, "geometry": { "type": "Polygon", "coordinates": [ [ [ -46.703758, -23.458108 ], [ -46.704, -23.458546 ], [ -46.704226, -23.458515 ], [ -46.704523, -23.458362 ], [ -46.704782, -23.458547 ], [ -46.705093, -23.458285 ], [ -46.705417, -23.458151 ], [ -46.705344, -23.458068 ], [ -46.705185, -23.458001 ], [ -46.70506, -23.457816 ], [ -46.704764, -23.45779 ], [ -46.704287, -23.45756 ], [ -46.703758, -23.458108 ] ] ] } },
{ "type": "Feature", "properties": { "CD_SETOR": "355030811000441", "faces": 1, "pavimentada": 100.0, "bueiro": 100.0, "iluminacao": 100.0, "onibus": 0.0, "ciclovia": 0.0, "calcada": 100.0, "obstaculo": 100.0, "rampa": 0.0, "rampa_faces": 0.0, "sem_calcada": 0.0, "sem_arvore": 0.0, "muitas_arvores": 0.0, "vao": 100.0, "V05400": 1, "V05421": 1, "V05406": 1, "V05412": 1, "V05422": 0, "V05424": 1, "V05427": 0, "V05409": 1, "V05415": 0, "V05418": 0, "V05430": 0, "V05433": 0, "criancas_0a4": 14, "em_favela": true }, "geometry": { "type": "Polygon", "coordinates": [ [ [ -46.691331, -23.448758 ], [ -46.691239, -23.448752 ], [ -46.691205, -23.448953 ], [ -46.691175, -23.449746 ], [ -46.691208, -23.449933 ], [ -46.691404, -23.450311 ], [ -46.691796, -23.450666 ], [ -46.691956, -23.451039 ], [ -46.691991, -23.451003 ], [ -46.69197, -23.450664 ], [ -46.691916, -23.450465 ], [ -46.691747, -23.450068 ], [ -46.691666, -23.449684 ], [ -46.691508, -23.449343 ], [ -46.691433, -23.448976 ], [ -46.691331, -23.448758 ] ] ] } },
{ "type": "Feature", "properties": { "CD_SETOR": "355030811000445", "faces": 21, "pavimentada": 38.1, "bueiro": 0.0, "iluminacao": 23.81, "onibus": 0.0, "ciclovia": 0.0, "calcada": 9.52, "obstaculo": 100.0, "rampa": 0.0, "rampa_faces": 0.0, "sem_calcada": 90.48, "sem_arvore": 100.0, "muitas_arvores": 0.0, "vao": 38.1, "V05400": 21, "V05421": 2, "V05406": 8, "V05412": 5, "V05422": 19, "V05424": 2, "V05427": 0, "V05409": 0, "V05415": 0, "V05418": 0, "V05430": 21, "V05433": 0, "criancas_0a4": 91, "em_favela": true }, "geometry": { "type": "Polygon", "coordinates": [ [ [ -46.688407, -23.446378 ], [ -46.688444, -23.446511 ], [ -46.688302, -23.446802 ], [ -46.687855, -23.446706 ], [ -46.687713, -23.446752 ], [ -46.687473, -23.446995 ], [ -46.68703, -23.446958 ], [ -46.686863, -23.447043 ], [ -46.686672, -23.447354 ], [ -46.686506, -23.447479 ], [ -46.6865, -23.4476 ], [ -46.68675, -23.447727 ], [ -46.686991, -23.447776 ], [ -46.687182, -23.447699 ], [ -46.687331, -23.447699 ], [ -46.687498, -23.447784 ], [ -46.68756, -23.447962 ], [ -46.687532, -23.4482 ], [ -46.687617, -23.448361 ], [ -46.687853, -23.448458 ], [ -46.687877, -23.448522 ], [ -46.68847, -23.448531 ], [ -46.688483, -23.448811 ], [ -46.688561, -23.448884 ], [ -46.68886, -23.448891 ], [ -46.689229, -23.448817 ], [ -46.689167, -23.447656 ], [ -46.689183, -23.446974 ], [ -46.689351, -23.446796 ], [ -46.689762, -23.446623 ], [ -46.689751, -23.446589 ], [ -46.689683, -23.446387 ], [ -46.689271, -23.446325 ], [ -46.688407, -23.446378 ] ] ] } },
{ "type": "Feature", "properties": { "CD_SETOR": "355030811000446", "faces": 6, "pavimentada": 0.0, "bueiro": 0.0, "iluminacao": 16.67, "onibus": 0.0, "ciclovia": 0.0, "calcada": 0.0, "obstaculo": null, "rampa": null, "rampa_faces": 0.0, "sem_calcada": 100.0, "sem_arvore": 100.0, "muitas_arvores": 0.0, "vao": 0.0, "V05400": 6, "V05421": 0, "V05406": 0, "V05412": 1, "V05422": 6, "V05424": 0, "V05427": 0, "V05409": 0, "V05415": 0, "V05418": 0, "V05430": 6, "V05433": 0, "criancas_0a4": 78, "em_favela": true }, "geometry": { "type": "Polygon", "coordinates": [ [ [ -46.687101, -23.449604 ], [ -46.687864, -23.449828 ], [ -46.688915, -23.449759 ], [ -46.689306, -23.449786 ], [ -46.689471, -23.449509 ], [ -46.689561, -23.449229 ], [ -46.689288, -23.449195 ], [ -46.689229, -23.448817 ], [ -46.68886, -23.448891 ], [ -46.688561, -23.448884 ], [ -46.688483, -23.448811 ], [ -46.68847, -23.448531 ], [ -46.687877, -23.448522 ], [ -46.687957, -23.448738 ], [ -46.687789, -23.448788 ], [ -46.687792, -23.44885 ], [ -46.687404, -23.448985 ], [ -46.687422, -23.449186 ], [ -46.687186, -23.449434 ], [ -46.687101, -23.449604 ] ] ] } },
{ "type": "Feature", "properties": { "CD_SETOR": "355030811000447", "faces": 9, "pavimentada": 100.0, "bueiro": 11.11, "iluminacao": 88.89, "onibus": 0.0, "ciclovia": 0.0, "calcada": 66.67, "obstaculo": 83.33, "rampa": 0.0, "rampa_faces": 0.0, "sem_calcada": 33.33, "sem_arvore": 66.67, "muitas_arvores": 0.0, "vao": 100.0, "V05400": 9, "V05421": 6, "V05406": 9, "V05412": 8, "V05422": 3, "V05424": 5, "V05427": 0, "V05409": 1, "V05415": 0, "V05418": 0, "V05430": 6, "V05433": 0, "criancas_0a4": 37, "em_favela": true }, "geometry": { "type": "Polygon", "coordinates": [ [ [ -46.708346, -23.456763 ], [ -46.708615, -23.457813 ], [ -46.708596, -23.45807 ], [ -46.709033, -23.458165 ], [ -46.709195, -23.457642 ], [ -46.709584, -23.457987 ], [ -46.709896, -23.45791 ], [ -46.70999, -23.457724 ], [ -46.709384, -23.457063 ], [ -46.709336, -23.456718 ], [ -46.709073, -23.456376 ], [ -46.708929, -23.456304 ], [ -46.708346, -23.456763 ] ] ] } },
{ "type": "Feature", "properties": { "CD_SETOR": "355030811000448", "faces": 7, "pavimentada": 100.0, "bueiro": 57.14, "iluminacao": 100.0, "onibus": 14.29, "ciclovia": 0.0, "calcada": 42.86, "obstaculo": 100.0, "rampa": 0.0, "rampa_faces": 0.0, "sem_calcada": 57.14, "sem_arvore": 85.71, "muitas_arvores": 0.0, "vao": 100.0, "V05400": 7, "V05421": 3, "V05406": 7, "V05412": 7, "V05422": 4, "V05424": 3, "V05427": 0, "V05409": 4, "V05415": 1, "V05418": 0, "V05430": 6, "V05433": 0, "criancas_0a4": 21, "em_favela": true }, "geometry": { "type": "Polygon", "coordinates": [ [ [ -46.708585, -23.458061 ], [ -46.7081, -23.458138 ], [ -46.707921, -23.45821 ], [ -46.708576, -23.458429 ], [ -46.708733, -23.458611 ], [ -46.708915, -23.459104 ], [ -46.709048, -23.459199 ], [ -46.709617, -23.458824 ], [ -46.709903, -23.458867 ], [ -46.710083, -23.458989 ], [ -46.710595, -23.458486 ], [ -46.709896, -23.45791 ], [ -46.709584, -23.457987 ], [ -46.709216, -23.457643 ], [ -46.709168, -23.45767 ], [ -46.709105, -23.458017 ], [ -46.709033, -23.458165 ], [ -46.708585, -23.458061 ] ] ] } },
{ "type": "Feature", "properties": { "CD_SETOR": "355030811000449", "faces": 17, "pavimentada": 100.0, "bueiro": 5.88, "iluminacao": 100.0, "onibus": 11.76, "ciclovia": 0.0, "calcada": 11.76, "obstaculo": 100.0, "rampa": 0.0, "rampa_faces": 0.0, "sem_calcada": 88.24, "sem_arvore": 88.24, "muitas_arvores": 5.88, "vao": 100.0, "V05400": 17, "V05421": 2, "V05406": 17, "V05412": 17, "V05422": 15, "V05424": 2, "V05427": 0, "V05409": 1, "V05415": 2, "V05418": 0, "V05430": 15, "V05433": 1, "criancas_0a4": 51, "em_favela": true }, "geometry": { "type": "Polygon", "coordinates": [ [ [ -46.7062, -23.455966 ], [ -46.70619, -23.456137 ], [ -46.705823, -23.457059 ], [ -46.705766, -23.457307 ], [ -46.705892, -23.45786 ], [ -46.706014, -23.458158 ], [ -46.706204, -23.458328 ], [ -46.706416, -23.457952 ], [ -46.706499, -23.457986 ], [ -46.706586, -23.457939 ], [ -46.706976, -23.457954 ], [ -46.707239, -23.458106 ], [ -46.707499, -23.457963 ], [ -46.707382, -23.457575 ], [ -46.707258, -23.457339 ], [ -46.707234, -23.457317 ], [ -46.707061, -23.457467 ], [ -46.707157, -23.457073 ], [ -46.707342, -23.456932 ], [ -46.707539, -23.456683 ], [ -46.706938, -23.456462 ], [ -46.706977, -23.455875 ], [ -46.70666, -23.455869 ], [ -46.706538, -23.456071 ], [ -46.7062, -23.455966 ] ] ] } },
{ "type": "Feature", "properties": { "CD_SETOR": "355030811000450", "faces": 12, "pavimentada": 83.33, "bueiro": 16.67, "iluminacao": 83.33, "onibus": 0.0, "ciclovia": 0.0, "calcada": 50.0, "obstaculo": 100.0, "rampa": 0.0, "rampa_faces": 0.0, "sem_calcada": 33.33, "sem_arvore": 66.67, "muitas_arvores": 8.33, "vao": 83.33, "V05400": 12, "V05421": 6, "V05406": 10, "V05412": 10, "V05422": 4, "V05424": 6, "V05427": 0, "V05409": 2, "V05415": 0, "V05418": 0, "V05430": 8, "V05433": 1, "criancas_0a4": 20, "em_favela": true }, "geometry": { "type": "Polygon", "coordinates": [ [ [ -46.707499, -23.457963 ], [ -46.70794, -23.457832 ], [ -46.708599, -23.457743 ], [ -46.708346, -23.456763 ], [ -46.707883, -23.456748 ], [ -46.707539, -23.456683 ], [ -46.707342, -23.456932 ], [ -46.707157, -23.457073 ], [ -46.707061, -23.457467 ], [ -46.707234, -23.457317 ], [ -46.707258, -23.457339 ], [ -46.707382, -23.457575 ], [ -46.707499, -23.457963 ] ] ] } },
{ "type": "Feature", "properties": { "CD_SETOR": "355030811000451", "faces": 25, "pavimentada": 92.0, "bueiro": 20.0, "iluminacao": 80.0, "onibus": 8.0, "ciclovia": 0.0, "calcada": 60.0, "obstaculo": 100.0, "rampa": 0.0, "rampa_faces": 0.0, "sem_calcada": 32.0, "sem_arvore": 68.0, "muitas_arvores": 4.0, "vao": 92.0, "V05400": 25, "V05421": 15, "V05406": 23, "V05412": 20, "V05422": 8, "V05424": 15, "V05427": 0, "V05409": 5, "V05415": 2, "V05418": 0, "V05430": 17, "V05433": 1, "criancas_0a4": 50, "em_favela": true }, "geometry": { "type": "Polygon", "coordinates": [ [ [ -46.705871, -23.452113 ], [ -46.706038, -23.452328 ], [ -46.705984, -23.452604 ], [ -46.705421, -23.453256 ], [ -46.706091, -23.453647 ], [ -46.706348, -23.453901 ], [ -46.706553, -23.453983 ], [ -46.706547, -23.454041 ], [ -46.706744, -23.454114 ], [ -46.7069, -23.453557 ], [ -46.707152, -23.453195 ], [ -46.706781, -23.45313 ], [ -46.706336, -23.452983 ], [ -46.706507, -23.452704 ], [ -46.706984, -23.452806 ], [ -46.707344, -23.452661 ], [ -46.707359, -23.452383 ], [ -46.707295, -23.452363 ], [ -46.70715, -23.452508 ], [ -46.706697, -23.4523 ], [ -46.707077, -23.451763 ], [ -46.707658, -23.451912 ], [ -46.707796, -23.45213 ], [ -46.708338, -23.452318 ], [ -46.708445, -23.452265 ], [ -46.708338, -23.452126 ], [ -46.708109, -23.452089 ], [ -46.707987, -23.452021 ], [ -46.707716, -23.451706 ], [ -46.707011, -23.451386 ], [ -46.705901, -23.451995 ], [ -46.705871, -23.452113 ] ] ] } },
{ "type": "Feature", "properties": { "CD_SETOR": "355030811000452", "faces": 32, "pavimentada": 93.75, "bueiro": 37.5, "iluminacao": 100.0, "onibus": 6.25, "ciclovia": 0.0, "calcada": 53.12, "obstaculo": 100.0, "rampa": 5.88, "rampa_faces": 3.12, "sem_calcada": 46.88, "sem_arvore": 84.38, "muitas_arvores": 9.38, "vao": 90.62, "V05400": 32, "V05421": 17, "V05406": 30, "V05412": 32, "V05422": 15, "V05424": 17, "V05427": 1, "V05409": 12, "V05415": 2, "V05418": 0, "V05430": 27, "V05433": 3, "criancas_0a4": 66, "em_favela": true }, "geometry": { "type": "Polygon", "coordinates": [ [ [ -46.704583, -23.454725 ], [ -46.704815, -23.4548 ], [ -46.7049, -23.454545 ], [ -46.705336, -23.454676 ], [ -46.705355, -23.454799 ], [ -46.705434, -23.454898 ], [ -46.706436, -23.455149 ], [ -46.70646, -23.454893 ], [ -46.706744, -23.454114 ], [ -46.706547, -23.454041 ], [ -46.706553, -23.453983 ], [ -46.706348, -23.453901 ], [ -46.706091, -23.453647 ], [ -46.705421, -23.453256 ], [ -46.705105, -23.453593 ], [ -46.704983, -23.453795 ], [ -46.704583, -23.454725 ] ] ] } },
{ "type": "Feature", "properties": { "CD_SETOR": "355030811000453", "faces": 25, "pavimentada": 4.0, "bueiro": 4.0, "iluminacao": 12.0, "onibus": 4.0, "ciclovia": 0.0, "calcada": 4.0, "obstaculo": 100.0, "rampa": 0.0, "rampa_faces": 0.0, "sem_calcada": 92.0, "sem_arvore": 92.0, "muitas_arvores": 0.0, "vao": 4.0, "V05400": 25, "V05421": 1, "V05406": 1, "V05412": 3, "V05422": 23, "V05424": 1, "V05427": 0, "V05409": 1, "V05415": 1, "V05418": 0, "V05430": 23, "V05433": 0, "criancas_0a4": 15, "em_favela": true }, "geometry": { "type": "Polygon", "coordinates": [ [ [ -46.70416, -23.450733 ], [ -46.704574, -23.451023 ], [ -46.705103, -23.451149 ], [ -46.705226, -23.451231 ], [ -46.705527, -23.451686 ], [ -46.705538, -23.45102 ], [ -46.705384, -23.450786 ], [ -46.704801, -23.450468 ], [ -46.704088, -23.450288 ], [ -46.703775, -23.450126 ], [ -46.703698, -23.449982 ], [ -46.70375, -23.449853 ], [ -46.70426, -23.449317 ], [ -46.703324, -23.448954 ], [ -46.703477, -23.448759 ], [ -46.702485, -23.448381 ], [ -46.702304, -23.448595 ], [ -46.702083, -23.448756 ], [ -46.701383, -23.449045 ], [ -46.700844, -23.449448 ], [ -46.700382, -23.450168 ], [ -46.700218, -23.450679 ], [ -46.70015, -23.451065 ], [ -46.700347, -23.451232 ], [ -46.700649, -23.451383 ], [ -46.700873, -23.451446 ], [ -46.701146, -23.451439 ], [ -46.702538, -23.451376 ], [ -46.702733, -23.451328 ], [ -46.703072, -23.451156 ], [ -46.703401, -23.450811 ], [ -46.703674, -23.450714 ], [ -46.703995, -23.450692 ], [ -46.70416, -23.450733 ] ] ] } },
{ "type": "Feature", "properties": { "CD_SETOR": "355030811000458", "faces": 20, "pavimentada": 100.0, "bueiro": 0.0, "iluminacao": 100.0, "onibus": 10.0, "ciclovia": 0.0, "calcada": 60.0, "obstaculo": 100.0, "rampa": 0.0, "rampa_faces": 0.0, "sem_calcada": 40.0, "sem_arvore": 95.0, "muitas_arvores": 0.0, "vao": 100.0, "V05400": 20, "V05421": 12, "V05406": 20, "V05412": 20, "V05422": 8, "V05424": 12, "V05427": 0, "V05409": 0, "V05415": 2, "V05418": 0, "V05430": 19, "V05433": 0, "criancas_0a4": 46, "em_favela": true }, "geometry": { "type": "Polygon", "coordinates": [ [ [ -46.684489, -23.453067 ], [ -46.684326, -23.453409 ], [ -46.684339, -23.453665 ], [ -46.684419, -23.453818 ], [ -46.684949, -23.4542 ], [ -46.685074, -23.454197 ], [ -46.685434, -23.454014 ], [ -46.685826, -23.454012 ], [ -46.685846, -23.454127 ], [ -46.686413, -23.454097 ], [ -46.686661, -23.454707 ], [ -46.686724, -23.454711 ], [ -46.686705, -23.454387 ], [ -46.686502, -23.453673 ], [ -46.68708, -23.453732 ], [ -46.687405, -23.453822 ], [ -46.687444, -23.453027 ], [ -46.686196, -23.453128 ], [ -46.686207, -23.452996 ], [ -46.684489, -23.453067 ] ] ] } },
{ "type": "Feature", "properties": { "CD_SETOR": "355030811000459", "faces": 18, "pavimentada": 100.0, "bueiro": 11.11, "iluminacao": 100.0, "onibus": 0.0, "ciclovia": 0.0, "calcada": 11.11, "obstaculo": 100.0, "rampa": 0.0, "rampa_faces": 0.0, "sem_calcada": 88.89, "sem_arvore": 100.0, "muitas_arvores": 0.0, "vao": 100.0, "V05400": 18, "V05421": 2, "V05406": 18, "V05412": 18, "V05422": 16, "V05424": 2, "V05427": 0, "V05409": 2, "V05415": 0, "V05418": 0, "V05430": 18, "V05433": 0, "criancas_0a4": 47, "em_favela": true }, "geometry": { "type": "Polygon", "coordinates": [ [ [ -46.682873, -23.453471 ], [ -46.683601, -23.45491 ], [ -46.684101, -23.455286 ], [ -46.684186, -23.454798 ], [ -46.683867, -23.454607 ], [ -46.683935, -23.454506 ], [ -46.683854, -23.45423 ], [ -46.683691, -23.453997 ], [ -46.683582, -23.453689 ], [ -46.683525, -23.453136 ], [ -46.683065, -23.453176 ], [ -46.683008, -23.453362 ], [ -46.682873, -23.453471 ] ] ] } },
{ "type": "Feature", "properties": { "CD_SETOR": "355030811000460", "faces": 33, "pavimentada": 87.88, "bueiro": 9.09, "iluminacao": 100.0, "onibus": 0.0, "ciclovia": 0.0, "calcada": 15.15, "obstaculo": 80.0, "rampa": 0.0, "rampa_faces": 0.0, "sem_calcada": 84.85, "sem_arvore": 100.0, "muitas_arvores": 0.0, "vao": 87.88, "V05400": 33, "V05421": 5, "V05406": 29, "V05412": 33, "V05422": 28, "V05424": 4, "V05427": 0, "V05409": 3, "V05415": 0, "V05418": 0, "V05430": 33, "V05433": 0, "criancas_0a4": 42, "em_favela": true }, "geometry": { "type": "Polygon", "coordinates": [ [ [ -46.683525, -23.453136 ], [ -46.683582, -23.453689 ], [ -46.683691, -23.453997 ], [ -46.683854, -23.45423 ], [ -46.683935, -23.454506 ], [ -46.683867, -23.454607 ], [ -46.684186, -23.454798 ], [ -46.68433, -23.454022 ], [ -46.684419, -23.453818 ], [ -46.684339, -23.453665 ], [ -46.684326, -23.453409 ], [ -46.684489, -23.453067 ], [ -46.683525, -23.453136 ] ] ] } },
{ "type": "Feature", "properties": { "CD_SETOR": "355030811000461", "faces": 6, "pavimentada": 100.0, "bueiro": 50.0, "iluminacao": 100.0, "onibus": 0.0, "ciclovia": 0.0, "calcada": 100.0, "obstaculo": 100.0, "rampa": 0.0, "rampa_faces": 0.0, "sem_calcada": 0.0, "sem_arvore": 66.67, "muitas_arvores": 0.0, "vao": 100.0, "V05400": 6, "V05421": 6, "V05406": 6, "V05412": 6, "V05422": 0, "V05424": 6, "V05427": 0, "V05409": 3, "V05415": 0, "V05418": 0, "V05430": 4, "V05433": 0, "criancas_0a4": 8, "em_favela": false }, "geometry": { "type": "Polygon", "coordinates": [ [ [ -46.695331, -23.47295 ], [ -46.695442, -23.472957 ], [ -46.695158, -23.473721 ], [ -46.695409, -23.473782 ], [ -46.695437, -23.473702 ], [ -46.695611, -23.47374 ], [ -46.696101, -23.472512 ], [ -46.696127, -23.471686 ], [ -46.696034, -23.471514 ], [ -46.695605, -23.472581 ], [ -46.695331, -23.47295 ] ] ] } },
{ "type": "Feature", "properties": { "CD_SETOR": "355030811000462", "faces": 13, "pavimentada": 100.0, "bueiro": 38.46, "iluminacao": 100.0, "onibus": 0.0, "ciclovia": 0.0, "calcada": 53.85, "obstaculo": 100.0, "rampa": 0.0, "rampa_faces": 0.0, "sem_calcada": 46.15, "sem_arvore": 76.92, "muitas_arvores": 0.0, "vao": 100.0, "V05400": 13, "V05421": 7, "V05406": 13, "V05412": 13, "V05422": 6, "V05424": 7, "V05427": 0, "V05409": 5, "V05415": 0, "V05418": 0, "V05430": 10, "V05433": 0, "criancas_0a4": 20, "em_favela": true }, "geometry": { "type": "Polygon", "coordinates": [ [ [ -46.695158, -23.473721 ], [ -46.694667, -23.475029 ], [ -46.695867, -23.475435 ], [ -46.695812, -23.474764 ], [ -46.695541, -23.474034 ], [ -46.695611, -23.47374 ], [ -46.695437, -23.473702 ], [ -46.695409, -23.473782 ], [ -46.695158, -23.473721 ] ] ] } },
{ "type": "Feature", "properties": { "CD_SETOR": "355030811000463", "faces": 11, "pavimentada": 100.0, "bueiro": 81.82, "iluminacao": 100.0, "onibus": 36.36, "ciclovia": 0.0, "calcada": 63.64, "obstaculo": 100.0, "rampa": 0.0, "rampa_faces": 0.0, "sem_calcada": 36.36, "sem_arvore": 45.45, "muitas_arvores": 0.0, "vao": 100.0, "V05400": 11, "V05421": 7, "V05406": 11, "V05412": 11, "V05422": 4, "V05424": 7, "V05427": 0, "V05409": 9, "V05415": 4, "V05418": 0, "V05430": 5, "V05433": 0, "criancas_0a4": 25, "em_favela": false }, "geometry": { "type": "Polygon", "coordinates": [ [ [ -46.696807, -23.447518 ], [ -46.696478, -23.447537 ], [ -46.6964, -23.447614 ], [ -46.696524, -23.447983 ], [ -46.696537, -23.448577 ], [ -46.697333, -23.448354 ], [ -46.697799, -23.448154 ], [ -46.698216, -23.447842 ], [ -46.698086, -23.447331 ], [ -46.697981, -23.447182 ], [ -46.697851, -23.447121 ], [ -46.697306, -23.447113 ], [ -46.696977, -23.447281 ], [ -46.696807, -23.447518 ] ] ] } },
{ "type": "Feature", "properties": { "CD_SETOR": "355030811000464", "faces": 12, "pavimentada": 100.0, "bueiro": 33.33, "iluminacao": 100.0, "onibus": 16.67, "ciclovia": 0.0, "calcada": 83.33, "obstaculo": 100.0, "rampa": 0.0, "rampa_faces": 0.0, "sem_calcada": 16.67, "sem_arvore": 91.67, "muitas_arvores": 0.0, "vao": 100.0, "V05400": 12, "V05421": 10, "V05406": 12, "V05412": 12, "V05422": 2, "V05424": 10, "V05427": 0, "V05409": 4, "V05415": 2, "V05418": 0, "V05430": 11, "V05433": 0, "criancas_0a4": 43, "em_favela": false }, "geometry": { "type": "Polygon", "coordinates": [ [ [ -46.696537, -23.448577 ], [ -46.696428, -23.449128 ], [ -46.696661, -23.44954 ], [ -46.697009, -23.449591 ], [ -46.69723, -23.449699 ], [ -46.69751, -23.449741 ], [ -46.697764, -23.449645 ], [ -46.697903, -23.449505 ], [ -46.698082, -23.449147 ], [ -46.697947, -23.448578 ], [ -46.697654, -23.44821 ], [ -46.697333, -23.448354 ], [ -46.696537, -23.448577 ] ] ] } },
{ "type": "Feature", "properties": { "CD_SETOR": "355030811000465", "faces": 22, "pavimentada": 86.36, "bueiro": 54.55, "iluminacao": 86.36, "onibus": 4.55, "ciclovia": 0.0, "calcada": 31.82, "obstaculo": 100.0, "rampa": 0.0, "rampa_faces": 0.0, "sem_calcada": 68.18, "sem_arvore": 54.55, "muitas_arvores": 13.64, "vao": 86.36, "V05400": 22, "V05421": 7, "V05406": 19, "V05412": 19, "V05422": 15, "V05424": 7, "V05427": 0, "V05409": 12, "V05415": 1, "V05418": 0, "V05430": 12, "V05433": 3, "criancas_0a4": 30, "em_favela": true }, "geometry": { "type": "Polygon", "coordinates": [ [ [ -46.708689, -23.455187 ], [ -46.708526, -23.455776 ], [ -46.708366, -23.455949 ], [ -46.707973, -23.456149 ], [ -46.707838, -23.456295 ], [ -46.707698, -23.456602 ], [ -46.707707, -23.456714 ], [ -46.708346, -23.456763 ], [ -46.708929, -23.456304 ], [ -46.709073, -23.456376 ], [ -46.709219, -23.456562 ], [ -46.709783, -23.456525 ], [ -46.710011, -23.45635 ], [ -46.71008, -23.455991 ], [ -46.710574, -23.455647 ], [ -46.709988, -23.455646 ], [ -46.709859, -23.455597 ], [ -46.709673, -23.455385 ], [ -46.708689, -23.455187 ] ] ] } },
{ "type": "Feature", "properties": { "CD_SETOR": "355030811000466", "faces": 25, "pavimentada": 96.0, "bueiro": 28.0, "iluminacao": 92.0, "onibus": 8.0, "ciclovia": 0.0, "calcada": 44.0, "obstaculo": 90.91, "rampa": 0.0, "rampa_faces": 0.0, "sem_calcada": 52.0, "sem_arvore": 72.0, "muitas_arvores": 8.0, "vao": 96.0, "V05400": 25, "V05421": 11, "V05406": 24, "V05412": 23, "V05422": 13, "V05424": 10, "V05427": 0, "V05409": 7, "V05415": 2, "V05418": 0, "V05430": 18, "V05433": 2, "criancas_0a4": 55, "em_favela": true }, "geometry": { "type": "Polygon", "coordinates": [ [ [ -46.706237, -23.455652 ], [ -46.7062, -23.455966 ], [ -46.706538, -23.456071 ], [ -46.70666, -23.455869 ], [ -46.706977, -23.455875 ], [ -46.706938, -23.456462 ], [ -46.707707, -23.456714 ], [ -46.707698, -23.456602 ], [ -46.707838, -23.456295 ], [ -46.707973, -23.456149 ], [ -46.708366, -23.455949 ], [ -46.708526, -23.455776 ], [ -46.708472, -23.455709 ], [ -46.708134, -23.455639 ], [ -46.70722, -23.455315 ], [ -46.706436, -23.455149 ], [ -46.706237, -23.455652 ] ] ] } },
{ "type": "Feature", "properties": { "CD_SETOR": "355030811000467", "faces": 20, "pavimentada": 95.0, "bueiro": 45.0, "iluminacao": 100.0, "onibus": 20.0, "ciclovia": 0.0, "calcada": 60.0, "obstaculo": 66.67, "rampa": 25.0, "rampa_faces": 15.0, "sem_calcada": 40.0, "sem_arvore": 80.0, "muitas_arvores": 0.0, "vao": 80.0, "V05400": 20, "V05421": 12, "V05406": 19, "V05412": 20, "V05422": 8, "V05424": 8, "V05427": 3, "V05409": 9, "V05415": 4, "V05418": 0, "V05430": 16, "V05433": 0, "criancas_0a4": 26, "em_favela": true }, "geometry": { "type": "Polygon", "coordinates": [ [ [ -46.7049, -23.454545 ], [ -46.704766, -23.454945 ], [ -46.704786, -23.455679 ], [ -46.704925, -23.455859 ], [ -46.705123, -23.455918 ], [ -46.705218, -23.456037 ], [ -46.705377, -23.456127 ], [ -46.705679, -23.456115 ], [ -46.705752, -23.455873 ], [ -46.706204, -23.455877 ], [ -46.706237, -23.455652 ], [ -46.706436, -23.455149 ], [ -46.705434, -23.454898 ], [ -46.705355, -23.454799 ], [ -46.705336, -23.454676 ], [ -46.7049, -23.454545 ] ] ] } },
{ "type": "Feature", "properties": { "CD_SETOR": "355030811000468", "faces": 9, "pavimentada": 100.0, "bueiro": 0.0, "iluminacao": 100.0, "onibus": 0.0, "ciclovia": 0.0, "calcada": 77.78, "obstaculo": 100.0, "rampa": 0.0, "rampa_faces": 0.0, "sem_calcada": 22.22, "sem_arvore": 44.44, "muitas_arvores": 0.0, "vao": 100.0, "V05400": 9, "V05421": 7, "V05406": 9, "V05412": 9, "V05422": 2, "V05424": 7, "V05427": 0, "V05409": 0, "V05415": 0, "V05418": 0, "V05430": 4, "V05433": 0, "criancas_0a4": 36, "em_favela": false }, "geometry": { "type": "Polygon", "coordinates": [ [ [ -46.705553, -23.4387 ], [ -46.70586, -23.439228 ], [ -46.706167, -23.43919 ], [ -46.705608, -23.440366 ], [ -46.705869, -23.44102 ], [ -46.70589, -23.441057 ], [ -46.706124, -23.440606 ], [ -46.706651, -23.440839 ], [ -46.706956, -23.440254 ], [ -46.70722, -23.440051 ], [ -46.707428, -23.439805 ], [ -46.706992, -23.439313 ], [ -46.706693, -23.438581 ], [ -46.705553, -23.4387 ] ] ] } },
{ "type": "Feature", "properties": { "CD_SETOR": "355030811000470", "faces": 8, "pavimentada": 100.0, "bueiro": 0.0, "iluminacao": 100.0, "onibus": 0.0, "ciclovia": 0.0, "calcada": 100.0, "obstaculo": 100.0, "rampa": 0.0, "rampa_faces": 0.0, "sem_calcada": 0.0, "sem_arvore": 87.5, "muitas_arvores": 0.0, "vao": 100.0, "V05400": 8, "V05421": 8, "V05406": 8, "V05412": 8, "V05422": 0, "V05424": 8, "V05427": 0, "V05409": 0, "V05415": 0, "V05418": 0, "V05430": 7, "V05433": 0, "criancas_0a4": 46, "em_favela": false }, "geometry": { "type": "Polygon", "coordinates": [ [ [ -46.70589, -23.441057 ], [ -46.70542, -23.441524 ], [ -46.705345, -23.44165 ], [ -46.705328, -23.441888 ], [ -46.705214, -23.441964 ], [ -46.704981, -23.442281 ], [ -46.704058, -23.442406 ], [ -46.703843, -23.442479 ], [ -46.703895, -23.442966 ], [ -46.704232, -23.44297 ], [ -46.705548, -23.442804 ], [ -46.706746, -23.441428 ], [ -46.707148, -23.441301 ], [ -46.70744, -23.440729 ], [ -46.707658, -23.440467 ], [ -46.707957, -23.440209 ], [ -46.707428, -23.439805 ], [ -46.70722, -23.440051 ], [ -46.706956, -23.440254 ], [ -46.706651, -23.440839 ], [ -46.706124, -23.440606 ], [ -46.70589, -23.441057 ] ] ] } },
{ "type": "Feature", "properties": { "CD_SETOR": "355030811000471", "faces": 15, "pavimentada": 26.67, "bueiro": 20.0, "iluminacao": 100.0, "onibus": 0.0, "ciclovia": 0.0, "calcada": 6.67, "obstaculo": 100.0, "rampa": 0.0, "rampa_faces": 0.0, "sem_calcada": 93.33, "sem_arvore": 73.33, "muitas_arvores": 20.0, "vao": 26.67, "V05400": 15, "V05421": 1, "V05406": 4, "V05412": 15, "V05422": 14, "V05424": 1, "V05427": 0, "V05409": 3, "V05415": 0, "V05418": 0, "V05430": 11, "V05433": 3, "criancas_0a4": 46, "em_favela": true }, "geometry": { "type": "Polygon", "coordinates": [ [ [ -46.689861, -23.449867 ], [ -46.690419, -23.449613 ], [ -46.690723, -23.449698 ], [ -46.690924, -23.449934 ], [ -46.691017, -23.450394 ], [ -46.69108, -23.450476 ], [ -46.691941, -23.451106 ], [ -46.691956, -23.451039 ], [ -46.691796, -23.450666 ], [ -46.691404, -23.450311 ], [ -46.691208, -23.449933 ], [ -46.691175, -23.449746 ], [ -46.691205, -23.448953 ], [ -46.691275, -23.448223 ], [ -46.691328, -23.448065 ], [ -46.690843, -23.448024 ], [ -46.690837, -23.448612 ], [ -46.690733, -23.448926 ], [ -46.690604, -23.449062 ], [ -46.69029, -23.449157 ], [ -46.689977, -23.449537 ], [ -46.689861, -23.449867 ] ] ] } },
{ "type": "Feature", "properties": { "CD_SETOR": "355030811000472", "faces": 6, "pavimentada": 50.0, "bueiro": 0.0, "iluminacao": 16.67, "onibus": 0.0, "ciclovia": 0.0, "calcada": 16.67, "obstaculo": 100.0, "rampa": 0.0, "rampa_faces": 0.0, "sem_calcada": 83.33, "sem_arvore": 100.0, "muitas_arvores": 0.0, "vao": 50.0, "V05400": 6, "V05421": 1, "V05406": 3, "V05412": 1, "V05422": 5, "V05424": 1, "V05427": 0, "V05409": 0, "V05415": 0, "V05418": 0, "V05430": 6, "V05433": 0, "criancas_0a4": 15, "em_favela": true }, "geometry": { "type": "Polygon", "coordinates": [ [ [ -46.690091, -23.446534 ], [ -46.690219, -23.446732 ], [ -46.689954, -23.446868 ], [ -46.690239, -23.44712 ], [ -46.690304, -23.44733 ], [ -46.690496, -23.44742 ], [ -46.690582, -23.447555 ], [ -46.690802, -23.447493 ], [ -46.69084, -23.447588 ], [ -46.690973, -23.447567 ], [ -46.690986, -23.447156 ], [ -46.690882, -23.447124 ], [ -46.690526, -23.446392 ], [ -46.690091, -23.446534 ] ] ] } },
{ "type": "Feature", "properties": { "CD_SETOR": "355030811000473", "faces": 22, "pavimentada": 68.18, "bueiro": 0.0, "iluminacao": 63.64, "onibus": 4.55, "ciclovia": 0.0, "calcada": 36.36, "obstaculo": 100.0, "rampa": 0.0, "rampa_faces": 0.0, "sem_calcada": 63.64, "sem_arvore": 100.0, "muitas_arvores": 0.0, "vao": 68.18, "V05400": 22, "V05421": 8, "V05406": 15, "V05412": 14, "V05422": 14, "V05424": 8, "V05427": 0, "V05409": 0, "V05415": 1, "V05418": 0, "V05430": 22, "V05433": 0, "criancas_0a4": 44, "em_favela": true }, "geometry": { "type": "Polygon", "coordinates": [ [ [ -46.690526, -23.446392 ], [ -46.690882, -23.447124 ], [ -46.690986, -23.447156 ], [ -46.690973, -23.447567 ], [ -46.69084, -23.447588 ], [ -46.690843, -23.448024 ], [ -46.691328, -23.448065 ], [ -46.691548, -23.447717 ], [ -46.691601, -23.447515 ], [ -46.691467, -23.44653 ], [ -46.691341, -23.446068 ], [ -46.691038, -23.446008 ], [ -46.690526, -23.446392 ] ] ] } },
{ "type": "Feature", "properties": { "CD_SETOR": "355030811000474", "faces": 11, "pavimentada": 100.0, "bueiro": 0.0, "iluminacao": 90.91, "onibus": 9.09, "ciclovia": 0.0, "calcada": 36.36, "obstaculo": 100.0, "rampa": 0.0, "rampa_faces": 0.0, "sem_calcada": 63.64, "sem_arvore": 90.91, "muitas_arvores": 0.0, "vao": 100.0, "V05400": 11, "V05421": 4, "V05406": 11, "V05412": 10, "V05422": 7, "V05424": 4, "V05427": 0, "V05409": 0, "V05415": 1, "V05418": 0, "V05430": 10, "V05433": 0, "criancas_0a4": 45, "em_favela": true }, "geometry": { "type": "Polygon", "coordinates": [ [ [ -46.689865, -23.445608 ], [ -46.689683, -23.446387 ], [ -46.689762, -23.446623 ], [ -46.690454, -23.446441 ], [ -46.691038, -23.446008 ], [ -46.692386, -23.446281 ], [ -46.692373, -23.445346 ], [ -46.691819, -23.44535 ], [ -46.690619, -23.445149 ], [ -46.690636, -23.445321 ], [ -46.690558, -23.445785 ], [ -46.689865, -23.445608 ] ] ] } },
{ "type": "Feature", "properties": { "CD_SETOR": "355030811000476", "faces": 15, "pavimentada": 93.33, "bueiro": 0.0, "iluminacao": 100.0, "onibus": 0.0, "ciclovia": 0.0, "calcada": 40.0, "obstaculo": 100.0, "rampa": 0.0, "rampa_faces": 0.0, "sem_calcada": 60.0, "sem_arvore": 100.0, "muitas_arvores": 0.0, "vao": 93.33, "V05400": 15, "V05421": 6, "V05406": 14, "V05412": 15, "V05422": 9, "V05424": 6, "V05427": 0, "V05409": 0, "V05415": 0, "V05418": 0, "V05430": 15, "V05433": 0, "criancas_0a4": 67, "em_favela": true }, "geometry": { "type": "Polygon", "coordinates": [ [ [ -46.704624, -23.459072 ], [ -46.703717, -23.459735 ], [ -46.703245, -23.460408 ], [ -46.703114, -23.460504 ], [ -46.703525, -23.461026 ], [ -46.70358, -23.461016 ], [ -46.704089, -23.460414 ], [ -46.705304, -23.45957 ], [ -46.704952, -23.459311 ], [ -46.704936, -23.458994 ], [ -46.704624, -23.459072 ] ] ] } },
{ "type": "Feature", "properties": { "CD_SETOR": "355030811000477", "faces": 22, "pavimentada": 90.91, "bueiro": 36.36, "iluminacao": 95.45, "onibus": 0.0, "ciclovia": 0.0, "calcada": 9.09, "obstaculo": 100.0, "rampa": 0.0, "rampa_faces": 0.0, "sem_calcada": 86.36, "sem_arvore": 95.45, "muitas_arvores": 0.0, "vao": 90.91, "V05400": 22, "V05421": 2, "V05406": 20, "V05412": 21, "V05422": 19, "V05424": 2, "V05427": 0, "V05409": 8, "V05415": 0, "V05418": 0, "V05430": 21, "V05433": 0, "criancas_0a4": 78, "em_favela": true }, "geometry": { "type": "Polygon", "coordinates": [ [ [ -46.704, -23.458546 ], [ -46.703897, -23.458606 ], [ -46.70395, -23.458693 ], [ -46.703893, -23.458786 ], [ -46.703094, -23.459155 ], [ -46.70343, -23.459373 ], [ -46.703564, -23.45926 ], [ -46.703758, -23.459185 ], [ -46.704168, -23.459369 ], [ -46.704624, -23.459072 ], [ -46.704936, -23.458994 ], [ -46.704952, -23.459311 ], [ -46.705304, -23.45957 ], [ -46.705783, -23.459311 ], [ -46.705616, -23.458829 ], [ -46.705756, -23.458459 ], [ -46.705598, -23.4584 ], [ -46.705499, -23.45821 ], [ -46.705417, -23.458151 ], [ -46.705093, -23.458285 ], [ -46.704782, -23.458547 ], [ -46.704523, -23.458362 ], [ -46.704226, -23.458515 ], [ -46.704, -23.458546 ] ] ] } },
{ "type": "Feature", "properties": { "CD_SETOR": "355030811000478", "faces": 22, "pavimentada": 100.0, "bueiro": 63.64, "iluminacao": 81.82, "onibus": 0.0, "ciclovia": 0.0, "calcada": 27.27, "obstaculo": 100.0, "rampa": 0.0, "rampa_faces": 0.0, "sem_calcada": 72.73, "sem_arvore": 95.45, "muitas_arvores": 0.0, "vao": 100.0, "V05400": 22, "V05421": 6, "V05406": 22, "V05412": 18, "V05422": 16, "V05424": 6, "V05427": 0, "V05409": 14, "V05415": 0, "V05418": 0, "V05430": 21, "V05433": 0, "criancas_0a4": 48, "em_favela": true }, "geometry": { "type": "Polygon", "coordinates": [ [ [ -46.711638, -23.459537 ], [ -46.712156, -23.459958 ], [ -46.712435, -23.460378 ], [ -46.712624, -23.460519 ], [ -46.713107, -23.460142 ], [ -46.713067, -23.460091 ], [ -46.713275, -23.459974 ], [ -46.712894, -23.459391 ], [ -46.71248, -23.459069 ], [ -46.71219, -23.458912 ], [ -46.711638, -23.459537 ] ] ] } },
{ "type": "Feature", "properties": { "CD_SETOR": "355030811000480", "faces": 11, "pavimentada": 100.0, "bueiro": 54.55, "iluminacao": 100.0, "onibus": 0.0, "ciclovia": 0.0, "calcada": 36.36, "obstaculo": 100.0, "rampa": 0.0, "rampa_faces": 0.0, "sem_calcada": 63.64, "sem_arvore": 100.0, "muitas_arvores": 0.0, "vao": 100.0, "V05400": 11, "V05421": 4, "V05406": 11, "V05412": 11, "V05422": 7, "V05424": 4, "V05427": 0, "V05409": 6, "V05415": 0, "V05418": 0, "V05430": 11, "V05433": 0, "criancas_0a4": 19, "em_favela": true }, "geometry": { "type": "Polygon", "coordinates": [ [ [ -46.704221, -23.455645 ], [ -46.704433, -23.455825 ], [ -46.704304, -23.455962 ], [ -46.70421, -23.455974 ], [ -46.704359, -23.456089 ], [ -46.704821, -23.456259 ], [ -46.70491, -23.456438 ], [ -46.705101, -23.456444 ], [ -46.70519, -23.455981 ], [ -46.704925, -23.455859 ], [ -46.704786, -23.455679 ], [ -46.704766, -23.454945 ], [ -46.704815, -23.4548 ], [ -46.704154, -23.454568 ], [ -46.704169, -23.455396 ], [ -46.704221, -23.455645 ] ] ] } },
{ "type": "Feature", "properties": { "CD_SETOR": "355030811000481", "faces": 13, "pavimentada": 76.92, "bueiro": 15.38, "iluminacao": 76.92, "onibus": 15.38, "ciclovia": 0.0, "calcada": 30.77, "obstaculo": 100.0, "rampa": 25.0, "rampa_faces": 7.69, "sem_calcada": 46.15, "sem_arvore": 61.54, "muitas_arvores": 0.0, "vao": 69.23, "V05400": 13, "V05421": 4, "V05406": 10, "V05412": 10, "V05422": 6, "V05424": 4, "V05427": 1, "V05409": 2, "V05415": 2, "V05418": 0, "V05430": 8, "V05433": 0, "criancas_0a4": 15, "em_favela": true }, "geometry": { "type": "Polygon", "coordinates": [ [ [ -46.705199, -23.456014 ], [ -46.705101, -23.456444 ], [ -46.70491, -23.456438 ], [ -46.704895, -23.45694 ], [ -46.704994, -23.457342 ], [ -46.705304, -23.457675 ], [ -46.705216, -23.457763 ], [ -46.70506, -23.457816 ], [ -46.705089, -23.457891 ], [ -46.705499, -23.45821 ], [ -46.705934, -23.457996 ], [ -46.705766, -23.457307 ], [ -46.705823, -23.457059 ], [ -46.70619, -23.456137 ], [ -46.706204, -23.455877 ], [ -46.705752, -23.455873 ], [ -46.705679, -23.456115 ], [ -46.705377, -23.456127 ], [ -46.705199, -23.456014 ] ] ] } },
{ "type": "Feature", "properties": { "CD_SETOR": "355030811000484", "faces": 16, "pavimentada": 100.0, "bueiro": 87.5, "iluminacao": 100.0, "onibus": 37.5, "ciclovia": 12.5, "calcada": 100.0, "obstaculo": 87.5, "rampa": 12.5, "rampa_faces": 12.5, "sem_calcada": 0.0, "sem_arvore": 37.5, "muitas_arvores": 12.5, "vao": 87.5, "V05400": 16, "V05421": 16, "V05406": 16, "V05412": 16, "V05422": 0, "V05424": 14, "V05427": 2, "V05409": 14, "V05415": 6, "V05418": 2, "V05430": 6, "V05433": 2, "criancas_0a4": 25, "em_favela": false }, "geometry": { "type": "Polygon", "coordinates": [ [ [ -46.682361, -23.470562 ], [ -46.682283, -23.470806 ], [ -46.68337, -23.471392 ], [ -46.68325, -23.471648 ], [ -46.683164, -23.471674 ], [ -46.682904, -23.471939 ], [ -46.683131, -23.472558 ], [ -46.684079, -23.472312 ], [ -46.684777, -23.472233 ], [ -46.685495, -23.470539 ], [ -46.684353, -23.470323 ], [ -46.684298, -23.47057 ], [ -46.683994, -23.470511 ], [ -46.68379, -23.470289 ], [ -46.683712, -23.47067 ], [ -46.683721, -23.470949 ], [ -46.683506, -23.471223 ], [ -46.682361, -23.470562 ] ] ] } },
{ "type": "Feature", "properties": { "CD_SETOR": "355030811000485", "faces": 4, "pavimentada": 100.0, "bueiro": 50.0, "iluminacao": 100.0, "onibus": 25.0, "ciclovia": 0.0, "calcada": 75.0, "obstaculo": 100.0, "rampa": 0.0, "rampa_faces": 0.0, "sem_calcada": 25.0, "sem_arvore": 100.0, "muitas_arvores": 0.0, "vao": 100.0, "V05400": 4, "V05421": 3, "V05406": 4, "V05412": 4, "V05422": 1, "V05424": 3, "V05427": 0, "V05409": 2, "V05415": 1, "V05418": 0, "V05430": 4, "V05433": 0, "criancas_0a4": 10, "em_favela": false }, "geometry": { "type": "Polygon", "coordinates": [ [ [ -46.681693, -23.470532 ], [ -46.681841, -23.470784 ], [ -46.682084, -23.471044 ], [ -46.683111, -23.471603 ], [ -46.683164, -23.471674 ], [ -46.68325, -23.471648 ], [ -46.68337, -23.471392 ], [ -46.682283, -23.470806 ], [ -46.682361, -23.470562 ], [ -46.682115, -23.470289 ], [ -46.681693, -23.470532 ] ] ] } },
{ "type": "Feature", "properties": { "CD_SETOR": "355030811000486", "faces": 7, "pavimentada": 100.0, "bueiro": 0.0, "iluminacao": 100.0, "onibus": 0.0, "ciclovia": 14.29, "calcada": 100.0, "obstaculo": 100.0, "rampa": 0.0, "rampa_faces": 0.0, "sem_calcada": 0.0, "sem_arvore": 42.86, "muitas_arvores": 0.0, "vao": 100.0, "V05400": 7, "V05421": 7, "V05406": 7, "V05412": 7, "V05422": 0, "V05424": 7, "V05427": 0, "V05409": 0, "V05415": 0, "V05418": 1, "V05430": 3, "V05433": 0, "criancas_0a4": 8, "em_favela": false }, "geometry": { "type": "Polygon", "coordinates": [ [ [ -46.687546, -23.466086 ], [ -46.687735, -23.466431 ], [ -46.687786, -23.466451 ], [ -46.688568, -23.466118 ], [ -46.689613, -23.465371 ], [ -46.689807, -23.464926 ], [ -46.689498, -23.464777 ], [ -46.688419, -23.465676 ], [ -46.687546, -23.466086 ] ] ] } },
{ "type": "Feature", "properties": { "CD_SETOR": "355030811000487", "faces": 6, "pavimentada": 100.0, "bueiro": 16.67, "iluminacao": 100.0, "onibus": 33.33, "ciclovia": 0.0, "calcada": 100.0, "obstaculo": 100.0, "rampa": 0.0, "rampa_faces": 0.0, "sem_calcada": 0.0, "sem_arvore": 33.33, "muitas_arvores": 0.0, "vao": 100.0, "V05400": 6, "V05421": 6, "V05406": 6, "V05412": 6, "V05422": 0, "V05424": 6, "V05427": 0, "V05409": 1, "V05415": 2, "V05418": 0, "V05430": 2, "V05433": 0, "criancas_0a4": 39, "em_favela": false }, "geometry": { "type": "Polygon", "coordinates": [ [ [ -46.690135, -23.464422 ], [ -46.690013, -23.464529 ], [ -46.689613, -23.465371 ], [ -46.688568, -23.466118 ], [ -46.687786, -23.466451 ], [ -46.687735, -23.466431 ], [ -46.687489, -23.466005 ], [ -46.687445, -23.465986 ], [ -46.687368, -23.466041 ], [ -46.687299, -23.466129 ], [ -46.687287, -23.466238 ], [ -46.687395, -23.466843 ], [ -46.687571, -23.466965 ], [ -46.687762, -23.466951 ], [ -46.688996, -23.466442 ], [ -46.689902, -23.465945 ], [ -46.690256, -23.465492 ], [ -46.690472, -23.465015 ], [ -46.690623, -23.464838 ], [ -46.69044, -23.464452 ], [ -46.690302, -23.464396 ], [ -46.690135, -23.464422 ] ] ] } },
{ "type": "Feature", "properties": { "CD_SETOR": "355030811000488", "faces": 12, "pavimentada": 100.0, "bueiro": 8.33, "iluminacao": 100.0, "onibus": 25.0, "ciclovia": 0.0, "calcada": 91.67, "obstaculo": 100.0, "rampa": 9.09, "rampa_faces": 8.33, "sem_calcada": 8.33, "sem_arvore": 66.67, "muitas_arvores": 0.0, "vao": 91.67, "V05400": 12, "V05421": 11, "V05406": 12, "V05412": 12, "V05422": 1, "V05424": 11, "V05427": 1, "V05409": 1, "V05415": 3, "V05418": 0, "V05430": 8, "V05433": 0, "criancas_0a4": 48, "em_favela": false }, "geometry": { "type": "Polygon", "coordinates": [ [ [ -46.681164, -23.45747 ], [ -46.68111, -23.457686 ], [ -46.680821, -23.45791 ], [ -46.680631, -23.45813 ], [ -46.680355, -23.458812 ], [ -46.680206, -23.459019 ], [ -46.680083, -23.459596 ], [ -46.680093, -23.45978 ], [ -46.680396, -23.459965 ], [ -46.68065, -23.459998 ], [ -46.680891, -23.459963 ], [ -46.68091, -23.459755 ], [ -46.681071, -23.459796 ], [ -46.681149, -23.459764 ], [ -46.681219, -23.459488 ], [ -46.68147, -23.459344 ], [ -46.681528, -23.459012 ], [ -46.681619, -23.458812 ], [ -46.681988, -23.458565 ], [ -46.681612, -23.458025 ], [ -46.681847, -23.457904 ], [ -46.681802, -23.457742 ], [ -46.681881, -23.457417 ], [ -46.681164, -23.45747 ] ] ] } },
{ "type": "Feature", "properties": { "CD_SETOR": "355030811000489", "faces": 3, "pavimentada": 100.0, "bueiro": 33.33, "iluminacao": 100.0, "onibus": 0.0, "ciclovia": 0.0, "calcada": 33.33, "obstaculo": 100.0, "rampa": 0.0, "rampa_faces": 0.0, "sem_calcada": 66.67, "sem_arvore": 100.0, "muitas_arvores": 0.0, "vao": 100.0, "V05400": 3, "V05421": 1, "V05406": 3, "V05412": 3, "V05422": 2, "V05424": 1, "V05427": 0, "V05409": 1, "V05415": 0, "V05418": 0, "V05430": 3, "V05433": 0, "criancas_0a4": 19, "em_favela": true }, "geometry": { "type": "Polygon", "coordinates": [ [ [ -46.680891, -23.459963 ], [ -46.681462, -23.459846 ], [ -46.681775, -23.459997 ], [ -46.681982, -23.459859 ], [ -46.681883, -23.459691 ], [ -46.681703, -23.459608 ], [ -46.68145, -23.459601 ], [ -46.681339, -23.45943 ], [ -46.681219, -23.459488 ], [ -46.681149, -23.459764 ], [ -46.681071, -23.459796 ], [ -46.68091, -23.459755 ], [ -46.680891, -23.459963 ] ] ] } },
{ "type": "Feature", "properties": { "CD_SETOR": "355030811000491", "faces": 10, "pavimentada": 100.0, "bueiro": 70.0, "iluminacao": 100.0, "onibus": 10.0, "ciclovia": 0.0, "calcada": 70.0, "obstaculo": 100.0, "rampa": 0.0, "rampa_faces": 0.0, "sem_calcada": 30.0, "sem_arvore": 80.0, "muitas_arvores": 10.0, "vao": 100.0, "V05400": 10, "V05421": 7, "V05406": 10, "V05412": 10, "V05422": 3, "V05424": 7, "V05427": 0, "V05409": 7, "V05415": 1, "V05418": 0, "V05430": 8, "V05433": 1, "criancas_0a4": 30, "em_favela": true }, "geometry": { "type": "Polygon", "coordinates": [ [ [ -46.687252, -23.460471 ], [ -46.687432, -23.460836 ], [ -46.689937, -23.460493 ], [ -46.690194, -23.460354 ], [ -46.690847, -23.459439 ], [ -46.690677, -23.459307 ], [ -46.690422, -23.459604 ], [ -46.690361, -23.459573 ], [ -46.690203, -23.459743 ], [ -46.689997, -23.460039 ], [ -46.689442, -23.460405 ], [ -46.689323, -23.46038 ], [ -46.689167, -23.46044 ], [ -46.688337, -23.460463 ], [ -46.688242, -23.46041 ], [ -46.68808, -23.46049 ], [ -46.687741, -23.460448 ], [ -46.687538, -23.460367 ], [ -46.687252, -23.460471 ] ] ] } },
{ "type": "Feature", "properties": { "CD_SETOR": "355030811000492", "faces": 7, "pavimentada": 100.0, "bueiro": 14.29, "iluminacao": 100.0, "onibus": 0.0, "ciclovia": 0.0, "calcada": 71.43, "obstaculo": 100.0, "rampa": 40.0, "rampa_faces": 28.57, "sem_calcada": 28.57, "sem_arvore": 71.43, "muitas_arvores": 0.0, "vao": 71.43, "V05400": 7, "V05421": 5, "V05406": 7, "V05412": 7, "V05422": 2, "V05424": 5, "V05427": 2, "V05409": 1, "V05415": 0, "V05418": 0, "V05430": 5, "V05433": 0, "criancas_0a4": 22, "em_favela": false }, "geometry": { "type": "Polygon", "coordinates": [ [ [ -46.682445, -23.458216 ], [ -46.681619, -23.458812 ], [ -46.681528, -23.459012 ], [ -46.68147, -23.459344 ], [ -46.681788, -23.459336 ], [ -46.682163, -23.459228 ], [ -46.682777, -23.458613 ], [ -46.683512, -23.45772 ], [ -46.683234, -23.457021 ], [ -46.682859, -23.457774 ], [ -46.682445, -23.458216 ] ] ] } },
{ "type": "Feature", "properties": { "CD_SETOR": "355030811000493", "faces": 3, "pavimentada": 100.0, "bueiro": 0.0, "iluminacao": 100.0, "onibus": 0.0, "ciclovia": 0.0, "calcada": 66.67, "obstaculo": 100.0, "rampa": 0.0, "rampa_faces": 0.0, "sem_calcada": 33.33, "sem_arvore": 66.67, "muitas_arvores": 0.0, "vao": 100.0, "V05400": 3, "V05421": 2, "V05406": 3, "V05412": 3, "V05422": 1, "V05424": 2, "V05427": 0, "V05409": 0, "V05415": 0, "V05418": 0, "V05430": 2, "V05433": 0, "criancas_0a4": 10, "em_favela": false }, "geometry": { "type": "Polygon", "coordinates": [ [ [ -46.68231, -23.459072 ], [ -46.683035, -23.459183 ], [ -46.683073, -23.459009 ], [ -46.683175, -23.45885 ], [ -46.683667, -23.45855 ], [ -46.683743, -23.458401 ], [ -46.683741, -23.458237 ], [ -46.683512, -23.45772 ], [ -46.682777, -23.458613 ], [ -46.68231, -23.459072 ] ] ] } },
{ "type": "Feature", "properties": { "CD_SETOR": "355030811000494", "faces": 11, "pavimentada": 100.0, "bueiro": 9.09, "iluminacao": 100.0, "onibus": 18.18, "ciclovia": 0.0, "calcada": 90.91, "obstaculo": 100.0, "rampa": 30.0, "rampa_faces": 27.27, "sem_calcada": 9.09, "sem_arvore": 45.45, "muitas_arvores": 36.36, "vao": 72.73, "V05400": 11, "V05421": 10, "V05406": 11, "V05412": 11, "V05422": 1, "V05424": 10, "V05427": 3, "V05409": 1, "V05415": 2, "V05418": 0, "V05430": 5, "V05433": 4, "criancas_0a4": 16, "em_favela": false }, "geometry": { "type": "Polygon", "coordinates": [ [ [ -46.678439, -23.463507 ], [ -46.678868, -23.463975 ], [ -46.679581, -23.464915 ], [ -46.679684, -23.464527 ], [ -46.680074, -23.464047 ], [ -46.681179, -23.46357 ], [ -46.681146, -23.463378 ], [ -46.680873, -23.462723 ], [ -46.680617, -23.462605 ], [ -46.679883, -23.4621 ], [ -46.679165, -23.461827 ], [ -46.679012, -23.462233 ], [ -46.678679, -23.462654 ], [ -46.678439, -23.463507 ] ] ] } },
{ "type": "Feature", "properties": { "CD_SETOR": "355030811000495", "faces": 16, "pavimentada": 100.0, "bueiro": 6.25, "iluminacao": 100.0, "onibus": 18.75, "ciclovia": 0.0, "calcada": 100.0, "obstaculo": 87.5, "rampa": 18.75, "rampa_faces": 18.75, "sem_calcada": 0.0, "sem_arvore": 43.75, "muitas_arvores": 0.0, "vao": 81.25, "V05400": 16, "V05421": 16, "V05406": 16, "V05412": 16, "V05422": 0, "V05424": 14, "V05427": 3, "V05409": 1, "V05415": 3, "V05418": 0, "V05430": 7, "V05433": 0, "criancas_0a4": 27, "em_favela": false }, "geometry": { "type": "Polygon", "coordinates": [ [ [ -46.67722, -23.463055 ], [ -46.678439, -23.463507 ], [ -46.678617, -23.462806 ], [ -46.678727, -23.462577 ], [ -46.679012, -23.462233 ], [ -46.679149, -23.461904 ], [ -46.679163, -23.4617 ], [ -46.677949, -23.461284 ], [ -46.67722, -23.463055 ] ] ] } },
{ "type": "Feature", "properties": { "CD_SETOR": "355030811000496", "faces": 8, "pavimentada": 100.0, "bueiro": 25.0, "iluminacao": 100.0, "onibus": 25.0, "ciclovia": 0.0, "calcada": 100.0, "obstaculo": 37.5, "rampa": 0.0, "rampa_faces": 0.0, "sem_calcada": 0.0, "sem_arvore": 25.0, "muitas_arvores": 37.5, "vao": 100.0, "V05400": 8, "V05421": 8, "V05406": 8, "V05412": 8, "V05422": 0, "V05424": 3, "V05427": 0, "V05409": 2, "V05415": 2, "V05418": 0, "V05430": 2, "V05433": 3, "criancas_0a4": 14, "em_favela": false }, "geometry": { "type": "Polygon", "coordinates": [ [ [ -46.674405, -23.470829 ], [ -46.674005, -23.471897 ], [ -46.675495, -23.471108 ], [ -46.676132, -23.470664 ], [ -46.676581, -23.470173 ], [ -46.676885, -23.469621 ], [ -46.67657, -23.469298 ], [ -46.676399, -23.469195 ], [ -46.675802, -23.469071 ], [ -46.675578, -23.470332 ], [ -46.674834, -23.470814 ], [ -46.674405, -23.470829 ] ] ] } },
{ "type": "Feature", "properties": { "CD_SETOR": "355030811000497", "faces": 15, "pavimentada": 100.0, "bueiro": 6.67, "iluminacao": 100.0, "onibus": 13.33, "ciclovia": 0.0, "calcada": 100.0, "obstaculo": 53.33, "rampa": 0.0, "rampa_faces": 0.0, "sem_calcada": 0.0, "sem_arvore": 53.33, "muitas_arvores": 6.67, "vao": 100.0, "V05400": 15, "V05421": 15, "V05406": 15, "V05412": 15, "V05422": 0, "V05424": 8, "V05427": 0, "V05409": 1, "V05415": 2, "V05418": 0, "V05430": 8, "V05433": 1, "criancas_0a4": 12, "em_favela": false }, "geometry": { "type": "Polygon", "coordinates": [ [ [ -46.674615, -23.468876 ], [ -46.675952, -23.469077 ], [ -46.676399, -23.469195 ], [ -46.67657, -23.469298 ], [ -46.676885, -23.469621 ], [ -46.677483, -23.471156 ], [ -46.677942, -23.470794 ], [ -46.677529, -23.469738 ], [ -46.677739, -23.46896 ], [ -46.67662, -23.468795 ], [ -46.674615, -23.468876 ] ] ] } },
{ "type": "Feature", "properties": { "CD_SETOR": "355030811000498", "faces": 8, "pavimentada": 62.5, "bueiro": 37.5, "iluminacao": 62.5, "onibus": 12.5, "ciclovia": 0.0, "calcada": 62.5, "obstaculo": 80.0, "rampa": 0.0, "rampa_faces": 0.0, "sem_calcada": 0.0, "sem_arvore": 25.0, "muitas_arvores": 12.5, "vao": 62.5, "V05400": 8, "V05421": 5, "V05406": 5, "V05412": 5, "V05422": 0, "V05424": 4, "V05427": 0, "V05409": 3, "V05415": 1, "V05418": 0, "V05430": 2, "V05433": 1, "criancas_0a4": 13, "em_favela": true }, "geometry": { "type": "Polygon", "coordinates": [ [ [ -46.680779, -23.456823 ], [ -46.680997, -23.457514 ], [ -46.681491, -23.457423 ], [ -46.681881, -23.457417 ], [ -46.682064, -23.457149 ], [ -46.681987, -23.456953 ], [ -46.681639, -23.456786 ], [ -46.68108, -23.456745 ], [ -46.680779, -23.456823 ] ] ] } },
{ "type": "Feature", "properties": { "CD_SETOR": "355030811000499", "faces": 3, "pavimentada": 100.0, "bueiro": 66.67, "iluminacao": 100.0, "onibus": 66.67, "ciclovia": 0.0, "calcada": 100.0, "obstaculo": 100.0, "rampa": 33.33, "rampa_faces": 33.33, "sem_calcada": 0.0, "sem_arvore": 33.33, "muitas_arvores": 0.0, "vao": 66.67, "V05400": 3, "V05421": 3, "V05406": 3, "V05412": 3, "V05422": 0, "V05424": 3, "V05427": 1, "V05409": 2, "V05415": 2, "V05418": 0, "V05430": 1, "V05433": 0, "criancas_0a4": 44, "em_favela": true }, "geometry": { "type": "Polygon", "coordinates": [ [ [ -46.679624, -23.457652 ], [ -46.678836, -23.458521 ], [ -46.678582, -23.458913 ], [ -46.678752, -23.45894 ], [ -46.679127, -23.458812 ], [ -46.679287, -23.458703 ], [ -46.679834, -23.458043 ], [ -46.680997, -23.457514 ], [ -46.680779, -23.456823 ], [ -46.679624, -23.457652 ] ] ] } },
{ "type": "Feature", "properties": { "CD_SETOR": "355030811000500", "faces": 5, "pavimentada": 100.0, "bueiro": 40.0, "iluminacao": 80.0, "onibus": 20.0, "ciclovia": 0.0, "calcada": 80.0, "obstaculo": 50.0, "rampa": 0.0, "rampa_faces": 0.0, "sem_calcada": 20.0, "sem_arvore": 100.0, "muitas_arvores": 0.0, "vao": 100.0, "V05400": 5, "V05421": 4, "V05406": 5, "V05412": 4, "V05422": 1, "V05424": 2, "V05427": 0, "V05409": 2, "V05415": 1, "V05418": 0, "V05430": 5, "V05433": 0, "criancas_0a4": 13, "em_favela": true }, "geometry": { "type": "Polygon", "coordinates": [ [ [ -46.683771, -23.47582 ], [ -46.684407, -23.4754 ], [ -46.683923, -23.474308 ], [ -46.683579, -23.474479 ], [ -46.683771, -23.47582 ] ] ] } },
{ "type": "Feature", "properties": { "CD_SETOR": "355030811000501", "faces": 6, "pavimentada": 100.0, "bueiro": 33.33, "iluminacao": 100.0, "onibus": 0.0, "ciclovia": 0.0, "calcada": 16.67, "obstaculo": 100.0, "rampa": 0.0, "rampa_faces": 0.0, "sem_calcada": 83.33, "sem_arvore": 100.0, "muitas_arvores": 0.0, "vao": 100.0, "V05400": 6, "V05421": 1, "V05406": 6, "V05412": 6, "V05422": 5, "V05424": 1, "V05427": 0, "V05409": 2, "V05415": 0, "V05418": 0, "V05430": 6, "V05433": 0, "criancas_0a4": 37, "em_favela": true }, "geometry": { "type": "Polygon", "coordinates": [ [ [ -46.684407, -23.4754 ], [ -46.683449, -23.47607 ], [ -46.683839, -23.476292 ], [ -46.684134, -23.476347 ], [ -46.684125, -23.476404 ], [ -46.684344, -23.476449 ], [ -46.684522, -23.476788 ], [ -46.684856, -23.47671 ], [ -46.684517, -23.475583 ], [ -46.684407, -23.4754 ] ] ] } },
{ "type": "Feature", "properties": { "CD_SETOR": "355030811000502", "faces": 8, "pavimentada": 100.0, "bueiro": 87.5, "iluminacao": 100.0, "onibus": 12.5, "ciclovia": 0.0, "calcada": 25.0, "obstaculo": 0.0, "rampa": 0.0, "rampa_faces": 0.0, "sem_calcada": 75.0, "sem_arvore": 100.0, "muitas_arvores": 0.0, "vao": 100.0, "V05400": 8, "V05421": 2, "V05406": 8, "V05412": 8, "V05422": 6, "V05424": 0, "V05427": 0, "V05409": 7, "V05415": 1, "V05418": 0, "V05430": 8, "V05433": 0, "criancas_0a4": 45, "em_favela": true }, "geometry": { "type": "Polygon", "coordinates": [ [ [ -46.683342, -23.476495 ], [ -46.683612, -23.476371 ], [ -46.683942, -23.476871 ], [ -46.683972, -23.476976 ], [ -46.683936, -23.476998 ], [ -46.684001, -23.477129 ], [ -46.684913, -23.476902 ], [ -46.684856, -23.47671 ], [ -46.684522, -23.476788 ], [ -46.684344, -23.476449 ], [ -46.684125, -23.476404 ], [ -46.684134, -23.476347 ], [ -46.683839, -23.476292 ], [ -46.683449, -23.47607 ], [ -46.683239, -23.476269 ], [ -46.683342, -23.476495 ] ] ] } },
{ "type": "Feature", "properties": { "CD_SETOR": "355030811000503", "faces": 16, "pavimentada": 100.0, "bueiro": 43.75, "iluminacao": 100.0, "onibus": 0.0, "ciclovia": 0.0, "calcada": 100.0, "obstaculo": 87.5, "rampa": 0.0, "rampa_faces": 0.0, "sem_calcada": 0.0, "sem_arvore": 50.0, "muitas_arvores": 12.5, "vao": 100.0, "V05400": 16, "V05421": 16, "V05406": 16, "V05412": 16, "V05422": 0, "V05424": 14, "V05427": 0, "V05409": 7, "V05415": 0, "V05418": 0, "V05430": 8, "V05433": 2, "criancas_0a4": 19, "em_favela": false }, "geometry": { "type": "Polygon", "coordinates": [ [ [ -46.673603, -23.466294 ], [ -46.674277, -23.468009 ], [ -46.675869, -23.467508 ], [ -46.675577, -23.467091 ], [ -46.675083, -23.465852 ], [ -46.673603, -23.466294 ] ] ] } },
{ "type": "Feature", "properties": { "CD_SETOR": "355030811000504", "faces": 16, "pavimentada": 100.0, "bueiro": 6.25, "iluminacao": 100.0, "onibus": 0.0, "ciclovia": 0.0, "calcada": 100.0, "obstaculo": 93.75, "rampa": 0.0, "rampa_faces": 0.0, "sem_calcada": 0.0, "sem_arvore": 31.25, "muitas_arvores": 18.75, "vao": 100.0, "V05400": 16, "V05421": 16, "V05406": 16, "V05412": 16, "V05422": 0, "V05424": 15, "V05427": 0, "V05409": 1, "V05415": 0, "V05418": 0, "V05430": 5, "V05433": 3, "criancas_0a4": 21, "em_favela": false }, "geometry": { "type": "Polygon", "coordinates": [ [ [ -46.671573, -23.466948 ], [ -46.671579, -23.467102 ], [ -46.674467, -23.468474 ], [ -46.673603, -23.466294 ], [ -46.671573, -23.466948 ] ] ] } },
{ "type": "Feature", "properties": { "CD_SETOR": "355030811000505", "faces": 10, "pavimentada": 100.0, "bueiro": 10.0, "iluminacao": 100.0, "onibus": 0.0, "ciclovia": 0.0, "calcada": 100.0, "obstaculo": 80.0, "rampa": 0.0, "rampa_faces": 0.0, "sem_calcada": 0.0, "sem_arvore": 90.0, "muitas_arvores": 0.0, "vao": 100.0, "V05400": 10, "V05421": 10, "V05406": 10, "V05412": 10, "V05422": 0, "V05424": 8, "V05427": 0, "V05409": 1, "V05415": 0, "V05418": 0, "V05430": 9, "V05433": 0, "criancas_0a4": 25, "em_favela": false }, "geometry": { "type": "Polygon", "coordinates": [ [ [ -46.672925, -23.469625 ], [ -46.674641, -23.469893 ], [ -46.674571, -23.470427 ], [ -46.674405, -23.470829 ], [ -46.674757, -23.470835 ], [ -46.675578, -23.470332 ], [ -46.675802, -23.469071 ], [ -46.673982, -23.468805 ], [ -46.672925, -23.469625 ] ] ] } },
{ "type": "Feature", "properties": { "CD_SETOR": "355030811000506", "faces": 8, "pavimentada": 100.0, "bueiro": 75.0, "iluminacao": 100.0, "onibus": 0.0, "ciclovia": 0.0, "calcada": 100.0, "obstaculo": 87.5, "rampa": 0.0, "rampa_faces": 0.0, "sem_calcada": 0.0, "sem_arvore": 62.5, "muitas_arvores": 0.0, "vao": 100.0, "V05400": 8, "V05421": 8, "V05406": 8, "V05412": 8, "V05422": 0, "V05424": 7, "V05427": 0, "V05409": 6, "V05415": 0, "V05418": 0, "V05430": 5, "V05433": 0, "criancas_0a4": 21, "em_favela": false }, "geometry": { "type": "Polygon", "coordinates": [ [ [ -46.67195, -23.470527 ], [ -46.673422, -23.470785 ], [ -46.674517, -23.470511 ], [ -46.674571, -23.470427 ], [ -46.674641, -23.469893 ], [ -46.672925, -23.469625 ], [ -46.672274, -23.470118 ], [ -46.67195, -23.470527 ] ] ] } },
{ "type": "Feature", "properties": { "CD_SETOR": "355030811000508", "faces": 10, "pavimentada": 100.0, "bueiro": 40.0, "iluminacao": 100.0, "onibus": 50.0, "ciclovia": 0.0, "calcada": 100.0, "obstaculo": 90.0, "rampa": 0.0, "rampa_faces": 0.0, "sem_calcada": 0.0, "sem_arvore": 50.0, "muitas_arvores": 10.0, "vao": 100.0, "V05400": 10, "V05421": 10, "V05406": 10, "V05412": 10, "V05422": 0, "V05424": 9, "V05427": 0, "V05409": 4, "V05415": 5, "V05418": 0, "V05430": 5, "V05433": 1, "criancas_0a4": 23, "em_favela": false }, "geometry": { "type": "Polygon", "coordinates": [ [ [ -46.671858, -23.473165 ], [ -46.671014, -23.47348 ], [ -46.671347, -23.474404 ], [ -46.67142, -23.474437 ], [ -46.671724, -23.474406 ], [ -46.672225, -23.474221 ], [ -46.672274, -23.47408 ], [ -46.673103, -23.473674 ], [ -46.67326, -23.473519 ], [ -46.673624, -23.472987 ], [ -46.673582, -23.4729 ], [ -46.673371, -23.472975 ], [ -46.672839, -23.472408 ], [ -46.672474, -23.472619 ], [ -46.671858, -23.473165 ] ] ] } },
{ "type": "Feature", "properties": { "CD_SETOR": "355030811000509", "faces": 14, "pavimentada": 100.0, "bueiro": 57.14, "iluminacao": 100.0, "onibus": 0.0, "ciclovia": 0.0, "calcada": 85.71, "obstaculo": 83.33, "rampa": 0.0, "rampa_faces": 0.0, "sem_calcada": 14.29, "sem_arvore": 78.57, "muitas_arvores": 14.29, "vao": 100.0, "V05400": 14, "V05421": 12, "V05406": 14, "V05412": 14, "V05422": 2, "V05424": 10, "V05427": 0, "V05409": 8, "V05415": 0, "V05418": 0, "V05430": 11, "V05433": 2, "criancas_0a4": 32, "em_favela": false }, "geometry": { "type": "Polygon", "coordinates": [ [ [ -46.674296, -23.474171 ], [ -46.675124, -23.474808 ], [ -46.676152, -23.473699 ], [ -46.676531, -23.474001 ], [ -46.677015, -23.473472 ], [ -46.676931, -23.472935 ], [ -46.676404, -23.472941 ], [ -46.676446, -23.472378 ], [ -46.675864, -23.472349 ], [ -46.675666, -23.47242 ], [ -46.675428, -23.472646 ], [ -46.6754, -23.472785 ], [ -46.675481, -23.472949 ], [ -46.674296, -23.474171 ] ] ] } },
{ "type": "Feature", "properties": { "CD_SETOR": "355030811000510", "faces": 12, "pavimentada": 100.0, "bueiro": 50.0, "iluminacao": 100.0, "onibus": 16.67, "ciclovia": 0.0, "calcada": 100.0, "obstaculo": 50.0, "rampa": 0.0, "rampa_faces": 0.0, "sem_calcada": 0.0, "sem_arvore": 66.67, "muitas_arvores": 8.33, "vao": 100.0, "V05400": 12, "V05421": 12, "V05406": 12, "V05412": 12, "V05422": 0, "V05424": 6, "V05427": 0, "V05409": 6, "V05415": 2, "V05418": 0, "V05430": 8, "V05433": 1, "criancas_0a4": 14, "em_favela": false }, "geometry": { "type": "Polygon", "coordinates": [ [ [ -46.673536, -23.474913 ], [ -46.674839, -23.476373 ], [ -46.674996, -23.476488 ], [ -46.675414, -23.476237 ], [ -46.674668, -23.475336 ], [ -46.675053, -23.475052 ], [ -46.675013, -23.474951 ], [ -46.675124, -23.474808 ], [ -46.67432, -23.474187 ], [ -46.673536, -23.474913 ] ] ] } },
{ "type": "Feature", "properties": { "CD_SETOR": "355030811000511", "faces": 10, "pavimentada": 100.0, "bueiro": 50.0, "iluminacao": 100.0, "onibus": 10.0, "ciclovia": 0.0, "calcada": 100.0, "obstaculo": 70.0, "rampa": 0.0, "rampa_faces": 0.0, "sem_calcada": 0.0, "sem_arvore": 20.0, "muitas_arvores": 30.0, "vao": 100.0, "V05400": 10, "V05421": 10, "V05406": 10, "V05412": 10, "V05422": 0, "V05424": 7, "V05427": 0, "V05409": 5, "V05415": 1, "V05418": 0, "V05430": 2, "V05433": 3, "criancas_0a4": 18, "em_favela": false }, "geometry": { "type": "Polygon", "coordinates": [ [ [ -46.677007, -23.474188 ], [ -46.677054, -23.474361 ], [ -46.677033, -23.474703 ], [ -46.67636, -23.475109 ], [ -46.676012, -23.475233 ], [ -46.675911, -23.47522 ], [ -46.675317, -23.474602 ], [ -46.675041, -23.474896 ], [ -46.675013, -23.474951 ], [ -46.675053, -23.475052 ], [ -46.674668, -23.475336 ], [ -46.675414, -23.476237 ], [ -46.677611, -23.474941 ], [ -46.67754, -23.473668 ], [ -46.677361, -23.473799 ], [ -46.677007, -23.474188 ] ] ] } },
{ "type": "Feature", "properties": { "CD_SETOR": "355030811000512", "faces": 9, "pavimentada": 100.0, "bueiro": 11.11, "iluminacao": 100.0, "onibus": 0.0, "ciclovia": 0.0, "calcada": 100.0, "obstaculo": 77.78, "rampa": 0.0, "rampa_faces": 0.0, "sem_calcada": 0.0, "sem_arvore": 55.56, "muitas_arvores": 11.11, "vao": 100.0, "V05400": 9, "V05421": 9, "V05406": 9, "V05412": 9, "V05422": 0, "V05424": 7, "V05427": 0, "V05409": 1, "V05415": 0, "V05418": 0, "V05430": 5, "V05433": 1, "criancas_0a4": 21, "em_favela": false }, "geometry": { "type": "Polygon", "coordinates": [ [ [ -46.675317, -23.474602 ], [ -46.675843, -23.475178 ], [ -46.676012, -23.475233 ], [ -46.67636, -23.475109 ], [ -46.677008, -23.474736 ], [ -46.67705, -23.474604 ], [ -46.677042, -23.474282 ], [ -46.677007, -23.474188 ], [ -46.676893, -23.474293 ], [ -46.676152, -23.473699 ], [ -46.675317, -23.474602 ] ] ] } },
{ "type": "Feature", "properties": { "CD_SETOR": "355030811000514", "faces": 1, "pavimentada": 100.0, "bueiro": 100.0, "iluminacao": 100.0, "onibus": 0.0, "ciclovia": 0.0, "calcada": 100.0, "obstaculo": 100.0, "rampa": 0.0, "rampa_faces": 0.0, "sem_calcada": 0.0, "sem_arvore": 100.0, "muitas_arvores": 0.0, "vao": 100.0, "V05400": 1, "V05421": 1, "V05406": 1, "V05412": 1, "V05422": 0, "V05424": 1, "V05427": 0, "V05409": 1, "V05415": 0, "V05418": 0, "V05430": 1, "V05433": 0, "criancas_0a4": 51, "em_favela": false }, "geometry": { "type": "Polygon", "coordinates": [ [ [ -46.690868, -23.475205 ], [ -46.692154, -23.475523 ], [ -46.692208, -23.475102 ], [ -46.69099, -23.474786 ], [ -46.690868, -23.475205 ] ] ] } },
{ "type": "Feature", "properties": { "CD_SETOR": "355030811000515", "faces": 10, "pavimentada": 100.0, "bueiro": 10.0, "iluminacao": 100.0, "onibus": 10.0, "ciclovia": 0.0, "calcada": 90.0, "obstaculo": 33.33, "rampa": 22.22, "rampa_faces": 20.0, "sem_calcada": 10.0, "sem_arvore": 70.0, "muitas_arvores": 20.0, "vao": 80.0, "V05400": 10, "V05421": 9, "V05406": 10, "V05412": 10, "V05422": 1, "V05424": 3, "V05427": 2, "V05409": 1, "V05415": 1, "V05418": 0, "V05430": 7, "V05433": 2, "criancas_0a4": 60, "em_favela": false }, "geometry": { "type": "Polygon", "coordinates": [ [ [ -46.678124, -23.454676 ], [ -46.67826, -23.455746 ], [ -46.678326, -23.455907 ], [ -46.678557, -23.456068 ], [ -46.678971, -23.45621 ], [ -46.679708, -23.455715 ], [ -46.6799, -23.45549 ], [ -46.679964, -23.455288 ], [ -46.679957, -23.455091 ], [ -46.679729, -23.454705 ], [ -46.679719, -23.454496 ], [ -46.679624, -23.454302 ], [ -46.679499, -23.454313 ], [ -46.679429, -23.454255 ], [ -46.679126, -23.453628 ], [ -46.678531, -23.454039 ], [ -46.678193, -23.454467 ], [ -46.678124, -23.454676 ] ] ] } },
{ "type": "Feature", "properties": { "CD_SETOR": "355030811000516", "faces": 12, "pavimentada": 100.0, "bueiro": 0.0, "iluminacao": 100.0, "onibus": 0.0, "ciclovia": 0.0, "calcada": 58.33, "obstaculo": 85.71, "rampa": 0.0, "rampa_faces": 0.0, "sem_calcada": 41.67, "sem_arvore": 75.0, "muitas_arvores": 0.0, "vao": 100.0, "V05400": 12, "V05421": 7, "V05406": 12, "V05412": 12, "V05422": 5, "V05424": 6, "V05427": 0, "V05409": 0, "V05415": 0, "V05418": 0, "V05430": 9, "V05433": 0, "criancas_0a4": 38, "em_favela": false }, "geometry": { "type": "Polygon", "coordinates": [ [ [ -46.679719, -23.454496 ], [ -46.679729, -23.454705 ], [ -46.679957, -23.455091 ], [ -46.679964, -23.455288 ], [ -46.6799, -23.45549 ], [ -46.679708, -23.455715 ], [ -46.678971, -23.45621 ], [ -46.679461, -23.456294 ], [ -46.680282, -23.4562 ], [ -46.680263, -23.456105 ], [ -46.68067, -23.45546 ], [ -46.680737, -23.455277 ], [ -46.680727, -23.45504 ], [ -46.68035, -23.454261 ], [ -46.679719, -23.454496 ] ] ] } },
{ "type": "Feature", "properties": { "CD_SETOR": "355030811000517", "faces": 6, "pavimentada": 100.0, "bueiro": 66.67, "iluminacao": 100.0, "onibus": 16.67, "ciclovia": 0.0, "calcada": 66.67, "obstaculo": 100.0, "rampa": 0.0, "rampa_faces": 0.0, "sem_calcada": 33.33, "sem_arvore": 50.0, "muitas_arvores": 0.0, "vao": 100.0, "V05400": 6, "V05421": 4, "V05406": 6, "V05412": 6, "V05422": 2, "V05424": 4, "V05427": 0, "V05409": 4, "V05415": 1, "V05418": 0, "V05430": 3, "V05433": 0, "criancas_0a4": 37, "em_favela": false }, "geometry": { "type": "Polygon", "coordinates": [ [ [ -46.696677, -23.447515 ], [ -46.696807, -23.447518 ], [ -46.696952, -23.447303 ], [ -46.697358, -23.447081 ], [ -46.697701, -23.446709 ], [ -46.697499, -23.44589 ], [ -46.697234, -23.445562 ], [ -46.697061, -23.44545 ], [ -46.69699, -23.44544 ], [ -46.696766, -23.445967 ], [ -46.696489, -23.445891 ], [ -46.696128, -23.446494 ], [ -46.696413, -23.446578 ], [ -46.696634, -23.44677 ], [ -46.696691, -23.446967 ], [ -46.696677, -23.447515 ] ] ] } },
{ "type": "Feature", "properties": { "CD_SETOR": "355030811000518", "faces": 4, "pavimentada": 100.0, "bueiro": 25.0, "iluminacao": 100.0, "onibus": 75.0, "ciclovia": 0.0, "calcada": 100.0, "obstaculo": 100.0, "rampa": 0.0, "rampa_faces": 0.0, "sem_calcada": 0.0, "sem_arvore": 75.0, "muitas_arvores": 0.0, "vao": 100.0, "V05400": 4, "V05421": 4, "V05406": 4, "V05412": 4, "V05422": 0, "V05424": 4, "V05427": 0, "V05409": 1, "V05415": 3, "V05418": 0, "V05430": 3, "V05433": 0, "criancas_0a4": 15, "em_favela": false }, "geometry": { "type": "Polygon", "coordinates": [ [ [ -46.69601, -23.448603 ], [ -46.695984, -23.449648 ], [ -46.696661, -23.44954 ], [ -46.696428, -23.449128 ], [ -46.696552, -23.448486 ], [ -46.696524, -23.447983 ], [ -46.6964, -23.447614 ], [ -46.696198, -23.44793 ], [ -46.696166, -23.448379 ], [ -46.69601, -23.448603 ] ] ] } },
{ "type": "Feature", "properties": { "CD_SETOR": "355030811000519", "faces": 9, "pavimentada": 88.89, "bueiro": 11.11, "iluminacao": 55.56, "onibus": 0.0, "ciclovia": 0.0, "calcada": 22.22, "obstaculo": 100.0, "rampa": 0.0, "rampa_faces": 0.0, "sem_calcada": 77.78, "sem_arvore": 100.0, "muitas_arvores": 0.0, "vao": 88.89, "V05400": 9, "V05421": 2, "V05406": 8, "V05412": 5, "V05422": 7, "V05424": 2, "V05427": 0, "V05409": 1, "V05415": 0, "V05418": 0, "V05430": 9, "V05433": 0, "criancas_0a4": 48, "em_favela": true }, "geometry": { "type": "Polygon", "coordinates": [ [ [ -46.694226, -23.462496 ], [ -46.693555, -23.462682 ], [ -46.693363, -23.46283 ], [ -46.693318, -23.463186 ], [ -46.693427, -23.463374 ], [ -46.693667, -23.463565 ], [ -46.693917, -23.463453 ], [ -46.694186, -23.463407 ], [ -46.694237, -23.46347 ], [ -46.694501, -23.463465 ], [ -46.694463, -23.463003 ], [ -46.694376, -23.463012 ], [ -46.694358, -23.462768 ], [ -46.694323, -23.462777 ], [ -46.694247, -23.46253 ], [ -46.694226, -23.462496 ] ] ] } },
{ "type": "Feature", "properties": { "CD_SETOR": "355030811000521", "faces": 6, "pavimentada": 66.67, "bueiro": 0.0, "iluminacao": 66.67, "onibus": 0.0, "ciclovia": 0.0, "calcada": 0.0, "obstaculo": null, "rampa": null, "rampa_faces": 0.0, "sem_calcada": 66.67, "sem_arvore": 66.67, "muitas_arvores": 0.0, "vao": 66.67, "V05400": 6, "V05421": 0, "V05406": 4, "V05412": 4, "V05422": 4, "V05424": 0, "V05427": 0, "V05409": 0, "V05415": 0, "V05418": 0, "V05430": 4, "V05433": 0, "criancas_0a4": 23, "em_favela": true }, "geometry": { "type": "Polygon", "coordinates": [ [ [ -46.686822, -23.456026 ], [ -46.68678, -23.456125 ], [ -46.686347, -23.456524 ], [ -46.687208, -23.456891 ], [ -46.687436, -23.456896 ], [ -46.68739, -23.456026 ], [ -46.687216, -23.456045 ], [ -46.686964, -23.455961 ], [ -46.686909, -23.456057 ], [ -46.686822, -23.456026 ] ] ] } },
{ "type": "Feature", "properties": { "CD_SETOR": "355030811000522", "faces": 2, "pavimentada": 100.0, "bueiro": 50.0, "iluminacao": 100.0, "onibus": 50.0, "ciclovia": 0.0, "calcada": 100.0, "obstaculo": 100.0, "rampa": 0.0, "rampa_faces": 0.0, "sem_calcada": 0.0, "sem_arvore": 50.0, "muitas_arvores": 0.0, "vao": 100.0, "V05400": 2, "V05421": 2, "V05406": 2, "V05412": 2, "V05422": 0, "V05424": 2, "V05427": 0, "V05409": 1, "V05415": 1, "V05418": 0, "V05430": 1, "V05433": 0, "criancas_0a4": 5, "em_favela": false }, "geometry": { "type": "Polygon", "coordinates": [ [ [ -46.684875, -23.463057 ], [ -46.684981, -23.463482 ], [ -46.684966, -23.464769 ], [ -46.685266, -23.464828 ], [ -46.685432, -23.463986 ], [ -46.685516, -23.463867 ], [ -46.68526, -23.463861 ], [ -46.685281, -23.462789 ], [ -46.685092, -23.462697 ], [ -46.684875, -23.463057 ] ] ] } },
{ "type": "Feature", "properties": { "CD_SETOR": "355030811000523", "faces": 5, "pavimentada": 100.0, "bueiro": 20.0, "iluminacao": 80.0, "onibus": 0.0, "ciclovia": 0.0, "calcada": 80.0, "obstaculo": 100.0, "rampa": 0.0, "rampa_faces": 0.0, "sem_calcada": 20.0, "sem_arvore": 80.0, "muitas_arvores": 0.0, "vao": 100.0, "V05400": 5, "V05421": 4, "V05406": 5, "V05412": 4, "V05422": 1, "V05424": 4, "V05427": 0, "V05409": 1, "V05415": 0, "V05418": 0, "V05430": 4, "V05433": 0, "criancas_0a4": 9, "em_favela": true }, "geometry": { "type": "Polygon", "coordinates": [ [ [ -46.683666, -23.46026 ], [ -46.683803, -23.460227 ], [ -46.684339, -23.459808 ], [ -46.684378, -23.459858 ], [ -46.68481, -23.459742 ], [ -46.684336, -23.45939 ], [ -46.683897, -23.459551 ], [ -46.683773, -23.45969 ], [ -46.683666, -23.46026 ] ] ] } },
{ "type": "Feature", "properties": { "CD_SETOR": "355030811000524", "faces": 13, "pavimentada": 100.0, "bueiro": 30.77, "iluminacao": 92.31, "onibus": 0.0, "ciclovia": 0.0, "calcada": 69.23, "obstaculo": 88.89, "rampa": 0.0, "rampa_faces": 0.0, "sem_calcada": 30.77, "sem_arvore": 84.62, "muitas_arvores": 0.0, "vao": 100.0, "V05400": 13, "V05421": 9, "V05406": 13, "V05412": 12, "V05422": 4, "V05424": 8, "V05427": 0, "V05409": 4, "V05415": 0, "V05418": 0, "V05430": 11, "V05433": 0, "criancas_0a4": 34, "em_favela": true }, "geometry": { "type": "Polygon", "coordinates": [ [ [ -46.681788, -23.459336 ], [ -46.682615, -23.459762 ], [ -46.682724, -23.459998 ], [ -46.682745, -23.460168 ], [ -46.682524, -23.460552 ], [ -46.682559, -23.460701 ], [ -46.683249, -23.461046 ], [ -46.683609, -23.460797 ], [ -46.683832, -23.461222 ], [ -46.683845, -23.461461 ], [ -46.684033, -23.461489 ], [ -46.684091, -23.461415 ], [ -46.684305, -23.4606 ], [ -46.683964, -23.460503 ], [ -46.683666, -23.46026 ], [ -46.6838, -23.459633 ], [ -46.683897, -23.459551 ], [ -46.684336, -23.45939 ], [ -46.684059, -23.45927 ], [ -46.683535, -23.459161 ], [ -46.683025, -23.459295 ], [ -46.683035, -23.459183 ], [ -46.68231, -23.459072 ], [ -46.682123, -23.459259 ], [ -46.681788, -23.459336 ] ] ] } },
{ "type": "Feature", "properties": { "CD_SETOR": "355030811000525", "faces": 7, "pavimentada": 100.0, "bueiro": 0.0, "iluminacao": 100.0, "onibus": 14.29, "ciclovia": 0.0, "calcada": 71.43, "obstaculo": 100.0, "rampa": 0.0, "rampa_faces": 0.0, "sem_calcada": 28.57, "sem_arvore": 57.14, "muitas_arvores": 0.0, "vao": 100.0, "V05400": 7, "V05421": 5, "V05406": 7, "V05412": 7, "V05422": 2, "V05424": 5, "V05427": 0, "V05409": 0, "V05415": 1, "V05418": 0, "V05430": 4, "V05433": 0, "criancas_0a4": 29, "em_favela": false }, "geometry": { "type": "Polygon", "coordinates": [ [ [ -46.693996, -23.456632 ], [ -46.693955, -23.456794 ], [ -46.694041, -23.457016 ], [ -46.69475, -23.457756 ], [ -46.694972, -23.457871 ], [ -46.694965, -23.45752 ], [ -46.695051, -23.457447 ], [ -46.69544, -23.457441 ], [ -46.695469, -23.456451 ], [ -46.694295, -23.456446 ], [ -46.694118, -23.456513 ], [ -46.693996, -23.456632 ] ] ] } },
{ "type": "Feature", "properties": { "CD_SETOR": "355030811000526", "faces": 10, "pavimentada": 100.0, "bueiro": 20.0, "iluminacao": 100.0, "onibus": 0.0, "ciclovia": 0.0, "calcada": 60.0, "obstaculo": 100.0, "rampa": 0.0, "rampa_faces": 0.0, "sem_calcada": 40.0, "sem_arvore": 60.0, "muitas_arvores": 0.0, "vao": 100.0, "V05400": 10, "V05421": 6, "V05406": 10, "V05412": 10, "V05422": 4, "V05424": 6, "V05427": 0, "V05409": 2, "V05415": 0, "V05418": 0, "V05430": 6, "V05433": 0, "criancas_0a4": 30, "em_favela": false }, "geometry": { "type": "Polygon", "coordinates": [ [ [ -46.694054, -23.459007 ], [ -46.694198, -23.459022 ], [ -46.694708, -23.45945 ], [ -46.694476, -23.459084 ], [ -46.695005, -23.458062 ], [ -46.694972, -23.457871 ], [ -46.69475, -23.457756 ], [ -46.694041, -23.457016 ], [ -46.693955, -23.456794 ], [ -46.693996, -23.456632 ], [ -46.693527, -23.456235 ], [ -46.693374, -23.456543 ], [ -46.693308, -23.456983 ], [ -46.693343, -23.457176 ], [ -46.693444, -23.45733 ], [ -46.6943, -23.458098 ], [ -46.693923, -23.458113 ], [ -46.694054, -23.459007 ] ] ] } },
{ "type": "Feature", "properties": { "CD_SETOR": "355030811000527", "faces": 8, "pavimentada": 87.5, "bueiro": 0.0, "iluminacao": 87.5, "onibus": 0.0, "ciclovia": 0.0, "calcada": 62.5, "obstaculo": 100.0, "rampa": 0.0, "rampa_faces": 0.0, "sem_calcada": 25.0, "sem_arvore": 25.0, "muitas_arvores": 25.0, "vao": 87.5, "V05400": 8, "V05421": 5, "V05406": 7, "V05412": 7, "V05422": 2, "V05424": 5, "V05427": 0, "V05409": 0, "V05415": 0, "V05418": 0, "V05430": 2, "V05433": 2, "criancas_0a4": 13, "em_favela": true }, "geometry": { "type": "Polygon", "coordinates": [ [ [ -46.683525, -23.453136 ], [ -46.684489, -23.453067 ], [ -46.684564, -23.452971 ], [ -46.684185, -23.452607 ], [ -46.684012, -23.452102 ], [ -46.683866, -23.452097 ], [ -46.683623, -23.451907 ], [ -46.683513, -23.451882 ], [ -46.683395, -23.451967 ], [ -46.68337, -23.452149 ], [ -46.683525, -23.453136 ] ] ] } },
{ "type": "Feature", "properties": { "CD_SETOR": "355030811000528", "faces": 9, "pavimentada": 100.0, "bueiro": 11.11, "iluminacao": 100.0, "onibus": 22.22, "ciclovia": 0.0, "calcada": 77.78, "obstaculo": 100.0, "rampa": 0.0, "rampa_faces": 0.0, "sem_calcada": 22.22, "sem_arvore": 44.44, "muitas_arvores": 0.0, "vao": 100.0, "V05400": 9, "V05421": 7, "V05406": 9, "V05412": 9, "V05422": 2, "V05424": 7, "V05427": 0, "V05409": 1, "V05415": 2, "V05418": 0, "V05430": 4, "V05433": 0, "criancas_0a4": 29, "em_favela": false }, "geometry": { "type": "Polygon", "coordinates": [ [ [ -46.684185, -23.452607 ], [ -46.684564, -23.452971 ], [ -46.684489, -23.453067 ], [ -46.686207, -23.452996 ], [ -46.686153, -23.452438 ], [ -46.686005, -23.452386 ], [ -46.685794, -23.452111 ], [ -46.685343, -23.45189 ], [ -46.684952, -23.451915 ], [ -46.684703, -23.452031 ], [ -46.684469, -23.452232 ], [ -46.68426, -23.452572 ], [ -46.684185, -23.452607 ] ] ] } },
{ "type": "Feature", "properties": { "CD_SETOR": "355030811000529", "faces": 6, "pavimentada": 100.0, "bueiro": 16.67, "iluminacao": 100.0, "onibus": 0.0, "ciclovia": 0.0, "calcada": 66.67, "obstaculo": 100.0, "rampa": 0.0, "rampa_faces": 0.0, "sem_calcada": 33.33, "sem_arvore": 33.33, "muitas_arvores": 33.33, "vao": 100.0, "V05400": 6, "V05421": 4, "V05406": 6, "V05412": 6, "V05422": 2, "V05424": 4, "V05427": 0, "V05409": 1, "V05415": 0, "V05418": 0, "V05430": 2, "V05433": 2, "criancas_0a4": 25, "em_favela": false }, "geometry": { "type": "Polygon", "coordinates": [ [ [ -46.681882, -23.451394 ], [ -46.680818, -23.451682 ], [ -46.681066, -23.452505 ], [ -46.682312, -23.452757 ], [ -46.681882, -23.451394 ] ] ] } },
{ "type": "Feature", "properties": { "CD_SETOR": "355030811000530", "faces": 4, "pavimentada": 75.0, "bueiro": 25.0, "iluminacao": 100.0, "onibus": 0.0, "ciclovia": 0.0, "calcada": 50.0, "obstaculo": 100.0, "rampa": 0.0, "rampa_faces": 0.0, "sem_calcada": 50.0, "sem_arvore": 50.0, "muitas_arvores": 25.0, "vao": 75.0, "V05400": 4, "V05421": 2, "V05406": 3, "V05412": 4, "V05422": 2, "V05424": 2, "V05427": 0, "V05409": 1, "V05415": 0, "V05418": 0, "V05430": 2, "V05433": 1, "criancas_0a4": 9, "em_favela": true }, "geometry": { "type": "Polygon", "coordinates": [ [ [ -46.681066, -23.452505 ], [ -46.681187, -23.453276 ], [ -46.682422, -23.453278 ], [ -46.682603, -23.45324 ], [ -46.682426, -23.453053 ], [ -46.682312, -23.452757 ], [ -46.681066, -23.452505 ] ] ] } },
{ "type": "Feature", "properties": { "CD_SETOR": "355030811000533", "faces": 11, "pavimentada": 90.91, "bueiro": 0.0, "iluminacao": 100.0, "onibus": 0.0, "ciclovia": 18.18, "calcada": 90.91, "obstaculo": 100.0, "rampa": 0.0, "rampa_faces": 0.0, "sem_calcada": 9.09, "sem_arvore": 72.73, "muitas_arvores": 9.09, "vao": 90.91, "V05400": 11, "V05421": 10, "V05406": 10, "V05412": 11, "V05422": 1, "V05424": 10, "V05427": 0, "V05409": 0, "V05415": 0, "V05418": 2, "V05430": 8, "V05433": 1, "criancas_0a4": 23, "em_favela": true }, "geometry": { "type": "Polygon", "coordinates": [ [ [ -46.680265, -23.45192 ], [ -46.679743, -23.45324 ], [ -46.680072, -23.453347 ], [ -46.681187, -23.453276 ], [ -46.681066, -23.452505 ], [ -46.680949, -23.452148 ], [ -46.680265, -23.45192 ] ] ] } },
{ "type": "Feature", "properties": { "CD_SETOR": "355030811000535", "faces": 3, "pavimentada": 66.67, "bueiro": 33.33, "iluminacao": 66.67, "onibus": 66.67, "ciclovia": 0.0, "calcada": 66.67, "obstaculo": 100.0, "rampa": 0.0, "rampa_faces": 0.0, "sem_calcada": 0.0, "sem_arvore": 33.33, "muitas_arvores": 33.33, "vao": 66.67, "V05400": 3, "V05421": 2, "V05406": 2, "V05412": 2, "V05422": 0, "V05424": 2, "V05427": 0, "V05409": 1, "V05415": 2, "V05418": 0, "V05430": 1, "V05433": 1, "criancas_0a4": 16, "em_favela": false }, "geometry": { "type": "Polygon", "coordinates": [ [ [ -46.707359, -23.452383 ], [ -46.707354, -23.452778 ], [ -46.707152, -23.453195 ], [ -46.707945, -23.453416 ], [ -46.708178, -23.452803 ], [ -46.707491, -23.452168 ], [ -46.707359, -23.452383 ] ] ] } },
{ "type": "Feature", "properties": { "CD_SETOR": "355030811000536", "faces": 2, "pavimentada": 100.0, "bueiro": 0.0, "iluminacao": 100.0, "onibus": 50.0, "ciclovia": 0.0, "calcada": 100.0, "obstaculo": 100.0, "rampa": 0.0, "rampa_faces": 0.0, "sem_calcada": 0.0, "sem_arvore": 0.0, "muitas_arvores": 50.0, "vao": 100.0, "V05400": 2, "V05421": 2, "V05406": 2, "V05412": 2, "V05422": 0, "V05424": 2, "V05427": 0, "V05409": 0, "V05415": 1, "V05418": 0, "V05430": 0, "V05433": 1, "criancas_0a4": 0, "em_favela": false }, "geometry": { "type": "Polygon", "coordinates": [ [ [ -46.707152, -23.453195 ], [ -46.707354, -23.452778 ], [ -46.707344, -23.452661 ], [ -46.706984, -23.452806 ], [ -46.706507, -23.452704 ], [ -46.706336, -23.452983 ], [ -46.706781, -23.45313 ], [ -46.707152, -23.453195 ] ] ] } },
{ "type": "Feature", "properties": { "CD_SETOR": "355030811000537", "faces": 1, "pavimentada": 100.0, "bueiro": 0.0, "iluminacao": 100.0, "onibus": 0.0, "ciclovia": 0.0, "calcada": 100.0, "obstaculo": 100.0, "rampa": 0.0, "rampa_faces": 0.0, "sem_calcada": 0.0, "sem_arvore": 100.0, "muitas_arvores": 0.0, "vao": 100.0, "V05400": 1, "V05421": 1, "V05406": 1, "V05412": 1, "V05422": 0, "V05424": 1, "V05427": 0, "V05409": 0, "V05415": 0, "V05418": 0, "V05430": 1, "V05433": 0, "criancas_0a4": 9, "em_favela": false }, "geometry": { "type": "Polygon", "coordinates": [ [ [ -46.707359, -23.452383 ], [ -46.707491, -23.452168 ], [ -46.707796, -23.45213 ], [ -46.707658, -23.451912 ], [ -46.707077, -23.451763 ], [ -46.706697, -23.4523 ], [ -46.70715, -23.452508 ], [ -46.707295, -23.452363 ], [ -46.707359, -23.452383 ] ] ] } },
{ "type": "Feature", "properties": { "CD_SETOR": "355030811000538", "faces": 9, "pavimentada": 77.78, "bueiro": 66.67, "iluminacao": 100.0, "onibus": 11.11, "ciclovia": 0.0, "calcada": 77.78, "obstaculo": 100.0, "rampa": 0.0, "rampa_faces": 0.0, "sem_calcada": 22.22, "sem_arvore": 44.44, "muitas_arvores": 33.33, "vao": 77.78, "V05400": 9, "V05421": 7, "V05406": 7, "V05412": 9, "V05422": 2, "V05424": 7, "V05427": 0, "V05409": 6, "V05415": 1, "V05418": 0, "V05430": 4, "V05433": 3, "criancas_0a4": 28, "em_favela": true }, "geometry": { "type": "Polygon", "coordinates": [ [ [ -46.707955, -23.455571 ], [ -46.708472, -23.455709 ], [ -46.708526, -23.455776 ], [ -46.708655, -23.455373 ], [ -46.708708, -23.45454 ], [ -46.709245, -23.453341 ], [ -46.708753, -23.452962 ], [ -46.708659, -23.45311 ], [ -46.708672, -23.453347 ], [ -46.708574, -23.453685 ], [ -46.708456, -23.453767 ], [ -46.708221, -23.454305 ], [ -46.708148, -23.455169 ], [ -46.70797, -23.455337 ], [ -46.707955, -23.455571 ] ] ] } },
{ "type": "Feature", "properties": { "CD_SETOR": "355030811000539", "faces": 38, "pavimentada": 97.37, "bueiro": 5.26, "iluminacao": 94.74, "onibus": 26.32, "ciclovia": 5.26, "calcada": 76.32, "obstaculo": 96.55, "rampa": 3.45, "rampa_faces": 2.63, "sem_calcada": 23.68, "sem_arvore": 68.42, "muitas_arvores": 15.79, "vao": 94.74, "V05400": 38, "V05421": 29, "V05406": 37, "V05412": 36, "V05422": 9, "V05424": 28, "V05427": 1, "V05409": 2, "V05415": 10, "V05418": 2, "V05430": 26, "V05433": 6, "criancas_0a4": 42, "em_favela": true }, "geometry": { "type": "Polygon", "coordinates": [ [ [ -46.7069, -23.453557 ], [ -46.70646, -23.454893 ], [ -46.706436, -23.455149 ], [ -46.70722, -23.455315 ], [ -46.707511, -23.455425 ], [ -46.707399, -23.455184 ], [ -46.70743, -23.454693 ], [ -46.707945, -23.453416 ], [ -46.707152, -23.453195 ], [ -46.7069, -23.453557 ] ] ] } },
{ "type": "Feature", "properties": { "CD_SETOR": "355030811000540", "faces": 3, "pavimentada": 100.0, "bueiro": 100.0, "iluminacao": 100.0, "onibus": 0.0, "ciclovia": 0.0, "calcada": 100.0, "obstaculo": 100.0, "rampa": 0.0, "rampa_faces": 0.0, "sem_calcada": 0.0, "sem_arvore": 0.0, "muitas_arvores": 66.67, "vao": 100.0, "V05400": 3, "V05421": 3, "V05406": 3, "V05412": 3, "V05422": 0, "V05424": 3, "V05427": 0, "V05409": 3, "V05415": 0, "V05418": 0, "V05430": 0, "V05433": 2, "criancas_0a4": 13, "em_favela": false }, "geometry": { "type": "Polygon", "coordinates": [ [ [ -46.708693, -23.45481 ], [ -46.70909, -23.454493 ], [ -46.70939, -23.453995 ], [ -46.709476, -23.453759 ], [ -46.709515, -23.453369 ], [ -46.709245, -23.453341 ], [ -46.708708, -23.45454 ], [ -46.708693, -23.45481 ] ] ] } },
{ "type": "Feature", "properties": { "CD_SETOR": "355030811000541", "faces": 6, "pavimentada": 100.0, "bueiro": 0.0, "iluminacao": 100.0, "onibus": 0.0, "ciclovia": 0.0, "calcada": 100.0, "obstaculo": 100.0, "rampa": 0.0, "rampa_faces": 0.0, "sem_calcada": 0.0, "sem_arvore": 66.67, "muitas_arvores": 16.67, "vao": 100.0, "V05400": 6, "V05421": 6, "V05406": 6, "V05412": 6, "V05422": 0, "V05424": 6, "V05427": 0, "V05409": 0, "V05415": 0, "V05418": 0, "V05430": 4, "V05433": 1, "criancas_0a4": 31, "em_favela": false }, "geometry": { "type": "Polygon", "coordinates": [ [ [ -46.684966, -23.464769 ], [ -46.684235, -23.468199 ], [ -46.684557, -23.46838 ], [ -46.684813, -23.467976 ], [ -46.685387, -23.465316 ], [ -46.68574, -23.465371 ], [ -46.685925, -23.464402 ], [ -46.685875, -23.464284 ], [ -46.685651, -23.464087 ], [ -46.685687, -23.463959 ], [ -46.685516, -23.463867 ], [ -46.685432, -23.463986 ], [ -46.685266, -23.464828 ], [ -46.684966, -23.464769 ] ] ] } },
{ "type": "Feature", "properties": { "CD_SETOR": "355030811000542", "faces": 3, "pavimentada": 100.0, "bueiro": 33.33, "iluminacao": 100.0, "onibus": 0.0, "ciclovia": 33.33, "calcada": 100.0, "obstaculo": 100.0, "rampa": 0.0, "rampa_faces": 0.0, "sem_calcada": 0.0, "sem_arvore": 66.67, "muitas_arvores": 33.33, "vao": 100.0, "V05400": 3, "V05421": 3, "V05406": 3, "V05412": 3, "V05422": 0, "V05424": 3, "V05427": 0, "V05409": 1, "V05415": 0, "V05418": 1, "V05430": 2, "V05433": 1, "criancas_0a4": 15, "em_favela": false }, "geometry": { "type": "Polygon", "coordinates": [ [ [ -46.679515, -23.452611 ], [ -46.679647, -23.452615 ], [ -46.679647, -23.45274 ], [ -46.679557, -23.452972 ], [ -46.679818, -23.453044 ], [ -46.680528, -23.451251 ], [ -46.68019, -23.45083 ], [ -46.679515, -23.452611 ] ] ] } },
{ "type": "Feature", "properties": { "CD_SETOR": "355030811000544", "faces": 1, "pavimentada": 100.0, "bueiro": 100.0, "iluminacao": 100.0, "onibus": 0.0, "ciclovia": 0.0, "calcada": 100.0, "obstaculo": 100.0, "rampa": 0.0, "rampa_faces": 0.0, "sem_calcada": 0.0, "sem_arvore": 100.0, "muitas_arvores": 0.0, "vao": 100.0, "V05400": 1, "V05421": 1, "V05406": 1, "V05412": 1, "V05422": 0, "V05424": 1, "V05427": 0, "V05409": 1, "V05415": 0, "V05418": 0, "V05430": 1, "V05433": 0, "criancas_0a4": 25, "em_favela": false }, "geometry": { "type": "Polygon", "coordinates": [ [ [ -46.687492, -23.47258 ], [ -46.686966, -23.472424 ], [ -46.686936, -23.473104 ], [ -46.687297, -23.473437 ], [ -46.687329, -23.473545 ], [ -46.687494, -23.473508 ], [ -46.687539, -23.473405 ], [ -46.688032, -23.473051 ], [ -46.687492, -23.47258 ] ] ] } },
{ "type": "Feature", "properties": { "CD_SETOR": "355030811000545", "faces": 1, "pavimentada": 100.0, "bueiro": 0.0, "iluminacao": 100.0, "onibus": 0.0, "ciclovia": 0.0, "calcada": 0.0, "obstaculo": null, "rampa": null, "rampa_faces": 0.0, "sem_calcada": 100.0, "sem_arvore": 100.0, "muitas_arvores": 0.0, "vao": 100.0, "V05400": 1, "V05421": 0, "V05406": 1, "V05412": 1, "V05422": 1, "V05424": 0, "V05427": 0, "V05409": 0, "V05415": 0, "V05418": 0, "V05430": 1, "V05433": 0, "criancas_0a4": 14, "em_favela": false }, "geometry": { "type": "Polygon", "coordinates": [ [ [ -46.687492, -23.47258 ], [ -46.688032, -23.473051 ], [ -46.688211, -23.472859 ], [ -46.688187, -23.472791 ], [ -46.688469, -23.472353 ], [ -46.687764, -23.472132 ], [ -46.68736, -23.472528 ], [ -46.687492, -23.47258 ] ] ] } },
{ "type": "Feature", "properties": { "CD_SETOR": "355030811000546", "faces": 8, "pavimentada": 100.0, "bueiro": 50.0, "iluminacao": 100.0, "onibus": 12.5, "ciclovia": 0.0, "calcada": 100.0, "obstaculo": 100.0, "rampa": 0.0, "rampa_faces": 0.0, "sem_calcada": 0.0, "sem_arvore": 100.0, "muitas_arvores": 0.0, "vao": 100.0, "V05400": 8, "V05421": 8, "V05406": 8, "V05412": 8, "V05422": 0, "V05424": 8, "V05427": 0, "V05409": 4, "V05415": 1, "V05418": 0, "V05430": 8, "V05433": 0, "criancas_0a4": 29, "em_favela": false }, "geometry": { "type": "Polygon", "coordinates": [ [ [ -46.693142, -23.464461 ], [ -46.691869, -23.464542 ], [ -46.691649, -23.465137 ], [ -46.691496, -23.465896 ], [ -46.691488, -23.466122 ], [ -46.691618, -23.466444 ], [ -46.692775, -23.465471 ], [ -46.692978, -23.465039 ], [ -46.693142, -23.464461 ] ] ] } },
{ "type": "Feature", "properties": { "CD_SETOR": "355030811000548", "faces": 9, "pavimentada": 100.0, "bueiro": 11.11, "iluminacao": 100.0, "onibus": 0.0, "ciclovia": 0.0, "calcada": 77.78, "obstaculo": 100.0, "rampa": 0.0, "rampa_faces": 0.0, "sem_calcada": 22.22, "sem_arvore": 77.78, "muitas_arvores": 0.0, "vao": 100.0, "V05400": 9, "V05421": 7, "V05406": 9, "V05412": 9, "V05422": 2, "V05424": 7, "V05427": 0, "V05409": 1, "V05415": 0, "V05418": 0, "V05430": 7, "V05433": 0, "criancas_0a4": 27, "em_favela": false }, "geometry": { "type": "Polygon", "coordinates": [ [ [ -46.697811, -23.45723 ], [ -46.697376, -23.456247 ], [ -46.697223, -23.456111 ], [ -46.696291, -23.456042 ], [ -46.69624, -23.456001 ], [ -46.695794, -23.456365 ], [ -46.695469, -23.456451 ], [ -46.695454, -23.456992 ], [ -46.695728, -23.456979 ], [ -46.696137, -23.456845 ], [ -46.696593, -23.456456 ], [ -46.696902, -23.456793 ], [ -46.696865, -23.457057 ], [ -46.697029, -23.457015 ], [ -46.697081, -23.457058 ], [ -46.697257, -23.457444 ], [ -46.697811, -23.45723 ] ] ] } },
{ "type": "Feature", "properties": { "CD_SETOR": "355030811000549", "faces": 5, "pavimentada": 100.0, "bueiro": 0.0, "iluminacao": 100.0, "onibus": 0.0, "ciclovia": 0.0, "calcada": 100.0, "obstaculo": 100.0, "rampa": 0.0, "rampa_faces": 0.0, "sem_calcada": 0.0, "sem_arvore": 60.0, "muitas_arvores": 0.0, "vao": 100.0, "V05400": 5, "V05421": 5, "V05406": 5, "V05412": 5, "V05422": 0, "V05424": 5, "V05427": 0, "V05409": 0, "V05415": 0, "V05418": 0, "V05430": 3, "V05433": 0, "criancas_0a4": 36, "em_favela": false }, "geometry": { "type": "Polygon", "coordinates": [ [ [ -46.69624, -23.456001 ], [ -46.696291, -23.456042 ], [ -46.697103, -23.456082 ], [ -46.697314, -23.456166 ], [ -46.697589, -23.456678 ], [ -46.697999, -23.45768 ], [ -46.698096, -23.457776 ], [ -46.698227, -23.457003 ], [ -46.698208, -23.456754 ], [ -46.698029, -23.456083 ], [ -46.697894, -23.455837 ], [ -46.697357, -23.455497 ], [ -46.696954, -23.455525 ], [ -46.696625, -23.455643 ], [ -46.69624, -23.456001 ] ] ] } },
{ "type": "Feature", "properties": { "CD_SETOR": "355030811000552", "faces": 4, "pavimentada": 100.0, "bueiro": 50.0, "iluminacao": 100.0, "onibus": 50.0, "ciclovia": 0.0, "calcada": 50.0, "obstaculo": 100.0, "rampa": 0.0, "rampa_faces": 0.0, "sem_calcada": 50.0, "sem_arvore": 50.0, "muitas_arvores": 0.0, "vao": 100.0, "V05400": 4, "V05421": 2, "V05406": 4, "V05412": 4, "V05422": 2, "V05424": 2, "V05427": 0, "V05409": 2, "V05415": 2, "V05418": 0, "V05430": 2, "V05433": 0, "criancas_0a4": 28, "em_favela": false }, "geometry": { "type": "Polygon", "coordinates": [ [ [ -46.689672, -23.450844 ], [ -46.689448, -23.450927 ], [ -46.688542, -23.451456 ], [ -46.688262, -23.451835 ], [ -46.688373, -23.452062 ], [ -46.688717, -23.452197 ], [ -46.688833, -23.452 ], [ -46.689127, -23.451724 ], [ -46.689738, -23.451441 ], [ -46.689672, -23.450844 ] ] ] } },
{ "type": "Feature", "properties": { "CD_SETOR": "355030811000554", "faces": 3, "pavimentada": 100.0, "bueiro": 33.33, "iluminacao": 100.0, "onibus": 100.0, "ciclovia": 0.0, "calcada": 100.0, "obstaculo": 100.0, "rampa": 0.0, "rampa_faces": 0.0, "sem_calcada": 0.0, "sem_arvore": 66.67, "muitas_arvores": 0.0, "vao": 100.0, "V05400": 3, "V05421": 3, "V05406": 3, "V05412": 3, "V05422": 0, "V05424": 3, "V05427": 0, "V05409": 1, "V05415": 3, "V05418": 0, "V05430": 2, "V05433": 0, "criancas_0a4": 28, "em_favela": false }, "geometry": { "type": "Polygon", "coordinates": [ [ [ -46.687718, -23.451192 ], [ -46.687264, -23.450968 ], [ -46.687115, -23.450941 ], [ -46.686906, -23.451065 ], [ -46.686665, -23.451417 ], [ -46.686799, -23.451382 ], [ -46.686957, -23.451422 ], [ -46.687136, -23.451566 ], [ -46.687384, -23.45247 ], [ -46.687389, -23.453027 ], [ -46.687965, -23.453024 ], [ -46.687975, -23.45262 ], [ -46.687899, -23.451993 ], [ -46.687785, -23.451309 ], [ -46.687718, -23.451192 ] ] ] } },
{ "type": "Feature", "properties": { "CD_SETOR": "355030811000555", "faces": 6, "pavimentada": 100.0, "bueiro": 33.33, "iluminacao": 100.0, "onibus": 83.33, "ciclovia": 0.0, "calcada": 83.33, "obstaculo": 100.0, "rampa": 0.0, "rampa_faces": 0.0, "sem_calcada": 16.67, "sem_arvore": 100.0, "muitas_arvores": 0.0, "vao": 100.0, "V05400": 6, "V05421": 5, "V05406": 6, "V05412": 6, "V05422": 1, "V05424": 5, "V05427": 0, "V05409": 2, "V05415": 5, "V05418": 0, "V05430": 6, "V05433": 0, "criancas_0a4": 20, "em_favela": false }, "geometry": { "type": "Polygon", "coordinates": [ [ [ -46.686665, -23.451417 ], [ -46.686906, -23.451065 ], [ -46.687115, -23.450941 ], [ -46.687264, -23.450968 ], [ -46.687718, -23.451192 ], [ -46.687361, -23.450243 ], [ -46.68703, -23.449961 ], [ -46.686817, -23.449874 ], [ -46.68598, -23.449904 ], [ -46.684458, -23.450143 ], [ -46.685853, -23.450304 ], [ -46.68618, -23.450384 ], [ -46.686416, -23.450721 ], [ -46.686512, -23.450791 ], [ -46.686339, -23.451629 ], [ -46.686478, -23.451588 ], [ -46.686665, -23.451417 ] ] ] } },
{ "type": "Feature", "properties": { "CD_SETOR": "355030811000556", "faces": 11, "pavimentada": 100.0, "bueiro": 54.55, "iluminacao": 100.0, "onibus": 54.55, "ciclovia": 9.09, "calcada": 72.73, "obstaculo": 100.0, "rampa": 0.0, "rampa_faces": 0.0, "sem_calcada": 27.27, "sem_arvore": 72.73, "muitas_arvores": 0.0, "vao": 100.0, "V05400": 11, "V05421": 8, "V05406": 11, "V05412": 11, "V05422": 3, "V05424": 8, "V05427": 0, "V05409": 6, "V05415": 6, "V05418": 1, "V05430": 8, "V05433": 0, "criancas_0a4": 23, "em_favela": false }, "geometry": { "type": "Polygon", "coordinates": [ [ [ -46.699978, -23.446087 ], [ -46.699424, -23.446279 ], [ -46.699918, -23.447843 ], [ -46.699682, -23.448242 ], [ -46.699373, -23.448576 ], [ -46.699361, -23.448688 ], [ -46.699818, -23.449059 ], [ -46.700154, -23.449253 ], [ -46.700094, -23.448395 ], [ -46.700403, -23.447849 ], [ -46.700441, -23.447383 ], [ -46.700321, -23.446876 ], [ -46.699978, -23.446087 ] ] ] } },
{ "type": "Feature", "properties": { "CD_SETOR": "355030811000557", "faces": 7, "pavimentada": 100.0, "bueiro": 42.86, "iluminacao": 100.0, "onibus": 0.0, "ciclovia": 0.0, "calcada": 85.71, "obstaculo": 100.0, "rampa": 0.0, "rampa_faces": 0.0, "sem_calcada": 14.29, "sem_arvore": 85.71, "muitas_arvores": 0.0, "vao": 100.0, "V05400": 7, "V05421": 6, "V05406": 7, "V05412": 7, "V05422": 1, "V05424": 6, "V05427": 0, "V05409": 3, "V05415": 0, "V05418": 0, "V05430": 6, "V05433": 0, "criancas_0a4": 15, "em_favela": false }, "geometry": { "type": "Polygon", "coordinates": [ [ [ -46.699424, -23.446279 ], [ -46.699978, -23.446087 ], [ -46.699765, -23.445762 ], [ -46.698998, -23.445337 ], [ -46.698555, -23.444878 ], [ -46.698316, -23.444703 ], [ -46.697993, -23.444567 ], [ -46.697635, -23.444654 ], [ -46.69809, -23.444934 ], [ -46.698216, -23.445074 ], [ -46.698452, -23.445591 ], [ -46.698518, -23.446061 ], [ -46.698982, -23.445797 ], [ -46.699424, -23.446279 ] ] ] } },
{ "type": "Feature", "properties": { "CD_SETOR": "355030811000558", "faces": 10, "pavimentada": 100.0, "bueiro": 80.0, "iluminacao": 90.0, "onibus": 10.0, "ciclovia": 0.0, "calcada": 90.0, "obstaculo": 77.78, "rampa": 0.0, "rampa_faces": 0.0, "sem_calcada": 10.0, "sem_arvore": 50.0, "muitas_arvores": 0.0, "vao": 100.0, "V05400": 10, "V05421": 9, "V05406": 10, "V05412": 9, "V05422": 1, "V05424": 7, "V05427": 0, "V05409": 8, "V05415": 1, "V05418": 0, "V05430": 5, "V05433": 0, "criancas_0a4": 37, "em_favela": false }, "geometry": { "type": "Polygon", "coordinates": [ [ [ -46.712465, -23.458034 ], [ -46.712062, -23.458298 ], [ -46.711893, -23.458064 ], [ -46.711409, -23.457782 ], [ -46.710884, -23.457214 ], [ -46.710589, -23.457422 ], [ -46.711204, -23.458058 ], [ -46.711762, -23.458408 ], [ -46.71219, -23.458912 ], [ -46.712411, -23.458696 ], [ -46.712932, -23.458663 ], [ -46.712728, -23.458323 ], [ -46.712465, -23.458034 ] ] ] } },
{ "type": "Feature", "properties": { "CD_SETOR": "355030811000559", "faces": 7, "pavimentada": 100.0, "bueiro": 57.14, "iluminacao": 71.43, "onibus": 0.0, "ciclovia": 0.0, "calcada": 42.86, "obstaculo": 100.0, "rampa": 0.0, "rampa_faces": 0.0, "sem_calcada": 57.14, "sem_arvore": 57.14, "muitas_arvores": 0.0, "vao": 100.0, "V05400": 7, "V05421": 3, "V05406": 7, "V05412": 5, "V05422": 4, "V05424": 3, "V05427": 0, "V05409": 4, "V05415": 0, "V05418": 0, "V05430": 4, "V05433": 0, "criancas_0a4": 29, "em_favela": false }, "geometry": { "type": "Polygon", "coordinates": [ [ [ -46.710884, -23.457214 ], [ -46.711409, -23.457782 ], [ -46.711893, -23.458064 ], [ -46.712062, -23.458298 ], [ -46.712465, -23.458034 ], [ -46.711108, -23.456573 ], [ -46.711055, -23.456246 ], [ -46.71092, -23.456058 ], [ -46.710869, -23.455852 ], [ -46.710699, -23.45611 ], [ -46.710581, -23.456482 ], [ -46.710619, -23.456808 ], [ -46.710884, -23.457214 ] ] ] } },
{ "type": "Feature", "properties": { "CD_SETOR": "355030811000560", "faces": 11, "pavimentada": 100.0, "bueiro": 54.55, "iluminacao": 100.0, "onibus": 27.27, "ciclovia": 0.0, "calcada": 81.82, "obstaculo": 100.0, "rampa": 0.0, "rampa_faces": 0.0, "sem_calcada": 18.18, "sem_arvore": 81.82, "muitas_arvores": 0.0, "vao": 100.0, "V05400": 11, "V05421": 9, "V05406": 11, "V05412": 11, "V05422": 2, "V05424": 9, "V05427": 0, "V05409": 6, "V05415": 3, "V05418": 0, "V05430": 9, "V05433": 0, "criancas_0a4": 27, "em_favela": false }, "geometry": { "type": "Polygon", "coordinates": [ [ [ -46.715052, -23.459077 ], [ -46.714996, -23.459094 ], [ -46.71343, -23.459365 ], [ -46.713676, -23.459706 ], [ -46.713916, -23.460198 ], [ -46.715362, -23.460413 ], [ -46.715401, -23.459668 ], [ -46.715052, -23.459077 ] ] ] } },
{ "type": "Feature", "properties": { "CD_SETOR": "355030811000561", "faces": 7, "pavimentada": 100.0, "bueiro": 28.57, "iluminacao": 100.0, "onibus": 14.29, "ciclovia": 0.0, "calcada": 85.71, "obstaculo": 100.0, "rampa": 0.0, "rampa_faces": 0.0, "sem_calcada": 14.29, "sem_arvore": 57.14, "muitas_arvores": 0.0, "vao": 100.0, "V05400": 7, "V05421": 6, "V05406": 7, "V05412": 7, "V05422": 1, "V05424": 6, "V05427": 0, "V05409": 2, "V05415": 1, "V05418": 0, "V05430": 4, "V05433": 0, "criancas_0a4": 33, "em_favela": false }, "geometry": { "type": "Polygon", "coordinates": [ [ [ -46.71343, -23.459365 ], [ -46.714996, -23.459094 ], [ -46.715052, -23.459077 ], [ -46.715015, -23.45892 ], [ -46.714684, -23.458693 ], [ -46.714554, -23.45866 ], [ -46.714144, -23.458706 ], [ -46.71405, -23.458508 ], [ -46.712932, -23.458663 ], [ -46.71343, -23.459365 ] ] ] } },
{ "type": "Feature", "properties": { "CD_SETOR": "355030811000562", "faces": 3, "pavimentada": 100.0, "bueiro": 100.0, "iluminacao": 100.0, "onibus": 0.0, "ciclovia": 0.0, "calcada": 100.0, "obstaculo": 100.0, "rampa": 0.0, "rampa_faces": 0.0, "sem_calcada": 0.0, "sem_arvore": 100.0, "muitas_arvores": 0.0, "vao": 100.0, "V05400": 3, "V05421": 3, "V05406": 3, "V05412": 3, "V05422": 0, "V05424": 3, "V05427": 0, "V05409": 3, "V05415": 0, "V05418": 0, "V05430": 3, "V05433": 0, "criancas_0a4": 33, "em_favela": false }, "geometry": { "type": "Polygon", "coordinates": [ [ [ -46.702534, -23.446247 ], [ -46.702357, -23.446375 ], [ -46.701941, -23.446247 ], [ -46.701769, -23.446089 ], [ -46.701497, -23.446067 ], [ -46.701336, -23.446256 ], [ -46.701382, -23.446688 ], [ -46.701525, -23.44718 ], [ -46.701597, -23.447251 ], [ -46.701726, -23.447275 ], [ -46.701663, -23.447402 ], [ -46.70149, -23.447521 ], [ -46.70225, -23.448639 ], [ -46.702477, -23.448395 ], [ -46.702592, -23.448188 ], [ -46.702671, -23.447903 ], [ -46.702492, -23.447787 ], [ -46.702413, -23.447653 ], [ -46.702356, -23.447346 ], [ -46.702433, -23.446854 ], [ -46.702585, -23.446446 ], [ -46.702534, -23.446247 ] ] ] } },
{ "type": "Feature", "properties": { "CD_SETOR": "355030811000563", "faces": 4, "pavimentada": 100.0, "bueiro": 50.0, "iluminacao": 100.0, "onibus": 25.0, "ciclovia": 0.0, "calcada": 100.0, "obstaculo": 25.0, "rampa": 0.0, "rampa_faces": 0.0, "sem_calcada": 0.0, "sem_arvore": 25.0, "muitas_arvores": 75.0, "vao": 100.0, "V05400": 4, "V05421": 4, "V05406": 4, "V05412": 4, "V05422": 0, "V05424": 1, "V05427": 0, "V05409": 2, "V05415": 1, "V05418": 0, "V05430": 1, "V05433": 3, "criancas_0a4": 28, "em_favela": false }, "geometry": { "type": "Polygon", "coordinates": [ [ [ -46.70225, -23.448639 ], [ -46.70149, -23.447521 ], [ -46.701288, -23.44769 ], [ -46.701262, -23.447856 ], [ -46.700404, -23.447838 ], [ -46.700094, -23.448395 ], [ -46.700154, -23.449253 ], [ -46.700356, -23.44941 ], [ -46.700347, -23.449444 ], [ -46.700041, -23.450193 ], [ -46.699701, -23.450636 ], [ -46.699503, -23.450774 ], [ -46.699811, -23.450844 ], [ -46.70015, -23.451065 ], [ -46.700218, -23.450679 ], [ -46.700382, -23.450168 ], [ -46.700844, -23.449448 ], [ -46.701383, -23.449045 ], [ -46.701981, -23.448808 ], [ -46.70225, -23.448639 ] ] ] } },
{ "type": "Feature", "properties": { "CD_SETOR": "355030811000564", "faces": 9, "pavimentada": 100.0, "bueiro": 88.89, "iluminacao": 100.0, "onibus": 33.33, "ciclovia": 0.0, "calcada": 77.78, "obstaculo": 100.0, "rampa": 0.0, "rampa_faces": 0.0, "sem_calcada": 22.22, "sem_arvore": 77.78, "muitas_arvores": 0.0, "vao": 100.0, "V05400": 9, "V05421": 7, "V05406": 9, "V05412": 9, "V05422": 2, "V05424": 7, "V05427": 0, "V05409": 8, "V05415": 3, "V05418": 0, "V05430": 7, "V05433": 0, "criancas_0a4": 24, "em_favela": false }, "geometry": { "type": "Polygon", "coordinates": [ [ [ -46.710591, -23.44196 ], [ -46.710843, -23.44173 ], [ -46.711141, -23.44071 ], [ -46.711085, -23.440459 ], [ -46.710627, -23.43979 ], [ -46.708504, -23.438973 ], [ -46.708351, -23.439539 ], [ -46.710285, -23.440265 ], [ -46.71048, -23.440417 ], [ -46.710516, -23.440638 ], [ -46.710281, -23.441439 ], [ -46.71022, -23.44152 ], [ -46.709723, -23.441814 ], [ -46.710591, -23.44196 ] ] ] } },
{ "type": "Feature", "properties": { "CD_SETOR": "355030811000565", "faces": 15, "pavimentada": 100.0, "bueiro": 80.0, "iluminacao": 100.0, "onibus": 53.33, "ciclovia": 0.0, "calcada": 80.0, "obstaculo": 100.0, "rampa": 0.0, "rampa_faces": 0.0, "sem_calcada": 20.0, "sem_arvore": 80.0, "muitas_arvores": 6.67, "vao": 100.0, "V05400": 15, "V05421": 12, "V05406": 15, "V05412": 15, "V05422": 3, "V05424": 12, "V05427": 0, "V05409": 12, "V05415": 8, "V05418": 0, "V05430": 12, "V05433": 1, "criancas_0a4": 33, "em_favela": false }, "geometry": { "type": "Polygon", "coordinates": [ [ [ -46.711477, -23.44207 ], [ -46.711743, -23.441524 ], [ -46.711794, -23.441189 ], [ -46.711782, -23.440675 ], [ -46.711698, -23.440423 ], [ -46.711319, -23.439941 ], [ -46.71104, -23.439757 ], [ -46.710822, -23.439537 ], [ -46.710477, -23.439338 ], [ -46.709913, -23.439181 ], [ -46.709236, -23.439086 ], [ -46.708486, -23.438842 ], [ -46.708504, -23.438973 ], [ -46.710627, -23.43979 ], [ -46.711085, -23.440459 ], [ -46.71113, -23.440793 ], [ -46.710843, -23.44173 ], [ -46.710302, -23.442169 ], [ -46.710606, -23.442652 ], [ -46.711404, -23.44201 ], [ -46.711477, -23.44207 ] ] ] } },
{ "type": "Feature", "properties": { "CD_SETOR": "355030811000566", "faces": 11, "pavimentada": 90.91, "bueiro": 27.27, "iluminacao": 100.0, "onibus": 0.0, "ciclovia": 0.0, "calcada": 54.55, "obstaculo": 50.0, "rampa": 50.0, "rampa_faces": 27.27, "sem_calcada": 45.45, "sem_arvore": 63.64, "muitas_arvores": 0.0, "vao": 63.64, "V05400": 11, "V05421": 6, "V05406": 10, "V05412": 11, "V05422": 5, "V05424": 3, "V05427": 3, "V05409": 3, "V05415": 0, "V05418": 0, "V05430": 7, "V05433": 0, "criancas_0a4": 34, "em_favela": true }, "geometry": { "type": "Polygon", "coordinates": [ [ [ -46.706929, -23.458818 ], [ -46.706118, -23.458281 ], [ -46.705934, -23.457996 ], [ -46.705499, -23.45821 ], [ -46.705598, -23.4584 ], [ -46.705756, -23.458459 ], [ -46.705616, -23.458829 ], [ -46.705783, -23.459311 ], [ -46.70647, -23.458998 ], [ -46.706629, -23.459004 ], [ -46.706929, -23.458818 ] ] ] } },
{ "type": "Feature", "properties": { "CD_SETOR": "355030811000567", "faces": 6, "pavimentada": 100.0, "bueiro": 33.33, "iluminacao": 100.0, "onibus": 0.0, "ciclovia": 16.67, "calcada": 50.0, "obstaculo": 100.0, "rampa": 0.0, "rampa_faces": 0.0, "sem_calcada": 50.0, "sem_arvore": 83.33, "muitas_arvores": 16.67, "vao": 100.0, "V05400": 6, "V05421": 3, "V05406": 6, "V05412": 6, "V05422": 3, "V05424": 3, "V05427": 0, "V05409": 2, "V05415": 0, "V05418": 1, "V05430": 5, "V05433": 1, "criancas_0a4": 45, "em_favela": true }, "geometry": { "type": "Polygon", "coordinates": [ [ [ -46.706204, -23.458328 ], [ -46.706929, -23.458818 ], [ -46.70705, -23.458705 ], [ -46.707962, -23.458188 ], [ -46.708585, -23.458061 ], [ -46.708625, -23.457925 ], [ -46.708599, -23.457743 ], [ -46.70794, -23.457832 ], [ -46.707499, -23.457963 ], [ -46.707239, -23.458106 ], [ -46.706976, -23.457954 ], [ -46.706586, -23.457939 ], [ -46.706499, -23.457986 ], [ -46.706416, -23.457952 ], [ -46.706204, -23.458328 ] ] ] } },
{ "type": "Feature", "properties": { "CD_SETOR": "355030811000568", "faces": 10, "pavimentada": 100.0, "bueiro": 30.0, "iluminacao": 80.0, "onibus": 10.0, "ciclovia": 0.0, "calcada": 40.0, "obstaculo": 75.0, "rampa": 0.0, "rampa_faces": 0.0, "sem_calcada": 60.0, "sem_arvore": 60.0, "muitas_arvores": 0.0, "vao": 100.0, "V05400": 10, "V05421": 4, "V05406": 10, "V05412": 8, "V05422": 6, "V05424": 3, "V05427": 0, "V05409": 3, "V05415": 1, "V05418": 0, "V05430": 6, "V05433": 0, "criancas_0a4": 27, "em_favela": true }, "geometry": { "type": "Polygon", "coordinates": [ [ [ -46.695362, -23.448519 ], [ -46.695088, -23.448917 ], [ -46.694872, -23.449572 ], [ -46.694773, -23.449552 ], [ -46.694467, -23.449662 ], [ -46.694043, -23.450173 ], [ -46.694768, -23.450355 ], [ -46.694838, -23.450199 ], [ -46.696166, -23.448379 ], [ -46.696198, -23.44793 ], [ -46.696359, -23.447658 ], [ -46.696478, -23.447537 ], [ -46.696677, -23.447515 ], [ -46.696666, -23.446864 ], [ -46.696592, -23.4467 ], [ -46.696413, -23.446578 ], [ -46.695828, -23.446408 ], [ -46.695461, -23.446863 ], [ -46.695054, -23.447203 ], [ -46.695605, -23.44751 ], [ -46.695395, -23.447783 ], [ -46.695483, -23.447823 ], [ -46.695097, -23.448354 ], [ -46.695362, -23.448519 ] ] ] } },
{ "type": "Feature", "properties": { "CD_SETOR": "355030811000570", "faces": 18, "pavimentada": 44.44, "bueiro": 33.33, "iluminacao": 44.44, "onibus": 22.22, "ciclovia": 0.0, "calcada": 44.44, "obstaculo": 87.5, "rampa": 12.5, "rampa_faces": 5.56, "sem_calcada": 0.0, "sem_arvore": 16.67, "muitas_arvores": 5.56, "vao": 38.89, "V05400": 18, "V05421": 8, "V05406": 8, "V05412": 8, "V05422": 0, "V05424": 7, "V05427": 1, "V05409": 6, "V05415": 4, "V05418": 0, "V05430": 3, "V05433": 1, "criancas_0a4": 23, "em_favela": false }, "geometry": { "type": "Polygon", "coordinates": [ [ [ -46.709613, -23.459566 ], [ -46.708364, -23.460554 ], [ -46.708526, -23.460815 ], [ -46.708899, -23.461088 ], [ -46.709523, -23.461367 ], [ -46.709793, -23.461542 ], [ -46.710314, -23.461195 ], [ -46.710294, -23.460069 ], [ -46.710118, -23.459827 ], [ -46.709613, -23.459566 ] ] ] } },
{ "type": "Feature", "properties": { "CD_SETOR": "355030811000571", "faces": 8, "pavimentada": 100.0, "bueiro": 75.0, "iluminacao": 100.0, "onibus": 12.5, "ciclovia": 0.0, "calcada": 75.0, "obstaculo": 100.0, "rampa": 0.0, "rampa_faces": 0.0, "sem_calcada": 25.0, "sem_arvore": 25.0, "muitas_arvores": 12.5, "vao": 100.0, "V05400": 8, "V05421": 6, "V05406": 8, "V05412": 8, "V05422": 2, "V05424": 6, "V05427": 0, "V05409": 6, "V05415": 1, "V05418": 0, "V05430": 2, "V05433": 1, "criancas_0a4": 32, "em_favela": false }, "geometry": { "type": "Polygon", "coordinates": [ [ [ -46.710305, -23.459195 ], [ -46.710045, -23.459279 ], [ -46.709613, -23.459566 ], [ -46.710118, -23.459827 ], [ -46.710279, -23.460013 ], [ -46.710314, -23.461195 ], [ -46.710435, -23.461107 ], [ -46.710753, -23.460382 ], [ -46.710906, -23.460314 ], [ -46.711424, -23.459913 ], [ -46.711593, -23.459619 ], [ -46.711181, -23.459147 ], [ -46.710858, -23.458901 ], [ -46.710595, -23.458486 ], [ -46.710083, -23.458989 ], [ -46.710305, -23.459195 ] ] ] } },
{ "type": "Feature", "properties": { "CD_SETOR": "355030811000572", "faces": 3, "pavimentada": 100.0, "bueiro": 100.0, "iluminacao": 100.0, "onibus": 33.33, "ciclovia": 0.0, "calcada": 100.0, "obstaculo": 100.0, "rampa": 0.0, "rampa_faces": 0.0, "sem_calcada": 0.0, "sem_arvore": 0.0, "muitas_arvores": 0.0, "vao": 100.0, "V05400": 3, "V05421": 3, "V05406": 3, "V05412": 3, "V05422": 0, "V05424": 3, "V05427": 0, "V05409": 3, "V05415": 1, "V05418": 0, "V05430": 0, "V05433": 0, "criancas_0a4": 36, "em_favela": false }, "geometry": { "type": "Polygon", "coordinates": [ [ [ -46.712452, -23.460755 ], [ -46.711732, -23.46045 ], [ -46.711274, -23.46048 ], [ -46.710954, -23.460624 ], [ -46.710199, -23.461304 ], [ -46.709793, -23.461542 ], [ -46.710752, -23.461608 ], [ -46.710873, -23.461535 ], [ -46.711061, -23.461238 ], [ -46.71119, -23.461137 ], [ -46.711553, -23.461043 ], [ -46.711851, -23.461135 ], [ -46.712769, -23.461704 ], [ -46.713098, -23.461845 ], [ -46.713494, -23.461911 ], [ -46.713232, -23.461622 ], [ -46.712889, -23.461087 ], [ -46.712772, -23.46096 ], [ -46.712452, -23.460755 ] ] ] } },
{ "type": "Feature", "properties": { "CD_SETOR": "355030811000573", "faces": 9, "pavimentada": 100.0, "bueiro": 77.78, "iluminacao": 100.0, "onibus": 11.11, "ciclovia": 0.0, "calcada": 44.44, "obstaculo": 100.0, "rampa": 0.0, "rampa_faces": 0.0, "sem_calcada": 55.56, "sem_arvore": 88.89, "muitas_arvores": 11.11, "vao": 100.0, "V05400": 9, "V05421": 4, "V05406": 9, "V05412": 9, "V05422": 5, "V05424": 4, "V05427": 0, "V05409": 7, "V05415": 1, "V05418": 0, "V05430": 8, "V05433": 1, "criancas_0a4": 23, "em_favela": false }, "geometry": { "type": "Polygon", "coordinates": [ [ [ -46.710753, -23.460382 ], [ -46.710435, -23.461107 ], [ -46.710954, -23.460624 ], [ -46.711274, -23.46048 ], [ -46.711732, -23.46045 ], [ -46.712452, -23.460755 ], [ -46.712624, -23.460519 ], [ -46.712435, -23.460378 ], [ -46.712156, -23.459958 ], [ -46.711638, -23.459537 ], [ -46.711424, -23.459913 ], [ -46.710906, -23.460314 ], [ -46.710753, -23.460382 ] ] ] } },
{ "type": "Feature", "properties": { "CD_SETOR": "355030811000574", "faces": 12, "pavimentada": 100.0, "bueiro": 75.0, "iluminacao": 100.0, "onibus": 16.67, "ciclovia": 0.0, "calcada": 83.33, "obstaculo": 100.0, "rampa": 0.0, "rampa_faces": 0.0, "sem_calcada": 16.67, "sem_arvore": 58.33, "muitas_arvores": 0.0, "vao": 100.0, "V05400": 12, "V05421": 10, "V05406": 12, "V05412": 12, "V05422": 2, "V05424": 10, "V05427": 0, "V05409": 9, "V05415": 2, "V05418": 0, "V05430": 7, "V05433": 0, "criancas_0a4": 17, "em_favela": false }, "geometry": { "type": "Polygon", "coordinates": [ [ [ -46.711405, -23.454164 ], [ -46.7114, -23.454234 ], [ -46.711025, -23.453884 ], [ -46.710243, -23.454562 ], [ -46.710604, -23.454967 ], [ -46.710808, -23.454767 ], [ -46.710896, -23.454783 ], [ -46.711391, -23.455237 ], [ -46.711633, -23.454992 ], [ -46.71226, -23.45482 ], [ -46.712061, -23.454521 ], [ -46.711802, -23.45448 ], [ -46.711661, -23.454406 ], [ -46.711405, -23.454164 ] ] ] } },
{ "type": "Feature", "properties": { "CD_SETOR": "355030811000575", "faces": 10, "pavimentada": 100.0, "bueiro": 50.0, "iluminacao": 100.0, "onibus": 10.0, "ciclovia": 0.0, "calcada": 100.0, "obstaculo": 100.0, "rampa": 0.0, "rampa_faces": 0.0, "sem_calcada": 0.0, "sem_arvore": 50.0, "muitas_arvores": 0.0, "vao": 100.0, "V05400": 10, "V05421": 10, "V05406": 10, "V05412": 10, "V05422": 0, "V05424": 10, "V05427": 0, "V05409": 5, "V05415": 1, "V05418": 0, "V05430": 5, "V05433": 0, "criancas_0a4": 23, "em_favela": false }, "geometry": { "type": "Polygon", "coordinates": [ [ [ -46.710243, -23.454562 ], [ -46.711025, -23.453884 ], [ -46.7114, -23.454234 ], [ -46.711405, -23.454164 ], [ -46.711141, -23.45381 ], [ -46.710877, -23.453344 ], [ -46.710515, -23.452927 ], [ -46.709912, -23.453448 ], [ -46.709871, -23.453766 ], [ -46.709765, -23.453988 ], [ -46.709786, -23.454089 ], [ -46.710243, -23.454562 ] ] ] } },
{ "type": "Feature", "properties": { "CD_SETOR": "355030811000576", "faces": 12, "pavimentada": 100.0, "bueiro": 16.67, "iluminacao": 100.0, "onibus": 8.33, "ciclovia": 0.0, "calcada": 91.67, "obstaculo": 90.91, "rampa": 0.0, "rampa_faces": 0.0, "sem_calcada": 8.33, "sem_arvore": 50.0, "muitas_arvores": 0.0, "vao": 100.0, "V05400": 12, "V05421": 11, "V05406": 12, "V05412": 12, "V05422": 1, "V05424": 10, "V05427": 0, "V05409": 2, "V05415": 1, "V05418": 0, "V05430": 6, "V05433": 0, "criancas_0a4": 31, "em_favela": false }, "geometry": { "type": "Polygon", "coordinates": [ [ [ -46.70982, -23.455553 ], [ -46.710231, -23.455253 ], [ -46.709813, -23.454702 ], [ -46.71016, -23.454485 ], [ -46.709786, -23.454089 ], [ -46.709354, -23.45438 ], [ -46.70909, -23.454493 ], [ -46.708693, -23.45481 ], [ -46.708689, -23.455187 ], [ -46.709673, -23.455385 ], [ -46.70982, -23.455553 ] ] ] } },
{ "type": "Feature", "properties": { "CD_SETOR": "355030811000577", "faces": 14, "pavimentada": 100.0, "bueiro": 35.71, "iluminacao": 100.0, "onibus": 7.14, "ciclovia": 0.0, "calcada": 100.0, "obstaculo": 100.0, "rampa": 0.0, "rampa_faces": 0.0, "sem_calcada": 0.0, "sem_arvore": 57.14, "muitas_arvores": 7.14, "vao": 100.0, "V05400": 14, "V05421": 14, "V05406": 14, "V05412": 14, "V05422": 0, "V05424": 14, "V05427": 0, "V05409": 5, "V05415": 1, "V05418": 0, "V05430": 8, "V05433": 1, "criancas_0a4": 18, "em_favela": false }, "geometry": { "type": "Polygon", "coordinates": [ [ [ -46.71016, -23.454485 ], [ -46.709813, -23.454702 ], [ -46.710231, -23.455253 ], [ -46.70982, -23.455553 ], [ -46.709988, -23.455646 ], [ -46.710574, -23.455647 ], [ -46.710703, -23.455541 ], [ -46.710854, -23.455767 ], [ -46.711391, -23.455237 ], [ -46.710896, -23.454783 ], [ -46.710808, -23.454767 ], [ -46.710604, -23.454967 ], [ -46.71016, -23.454485 ] ] ] } },
{ "type": "Feature", "properties": { "CD_SETOR": "355030811000578", "faces": 4, "pavimentada": 100.0, "bueiro": 0.0, "iluminacao": 100.0, "onibus": 0.0, "ciclovia": 0.0, "calcada": 100.0, "obstaculo": 100.0, "rampa": 0.0, "rampa_faces": 0.0, "sem_calcada": 0.0, "sem_arvore": 0.0, "muitas_arvores": 25.0, "vao": 100.0, "V05400": 4, "V05421": 4, "V05406": 4, "V05412": 4, "V05422": 0, "V05424": 4, "V05427": 0, "V05409": 0, "V05415": 0, "V05418": 0, "V05430": 0, "V05433": 1, "criancas_0a4": 16, "em_favela": false }, "geometry": { "type": "Polygon", "coordinates": [ [ [ -46.701936, -23.462538 ], [ -46.701534, -23.461658 ], [ -46.701339, -23.461851 ], [ -46.701238, -23.46209 ], [ -46.701298, -23.462335 ], [ -46.701299, -23.462886 ], [ -46.701936, -23.462538 ] ] ] } },
{ "type": "Feature", "properties": { "CD_SETOR": "355030811000579", "faces": 4, "pavimentada": 100.0, "bueiro": 0.0, "iluminacao": 100.0, "onibus": 25.0, "ciclovia": 0.0, "calcada": 100.0, "obstaculo": 25.0, "rampa": 0.0, "rampa_faces": 0.0, "sem_calcada": 0.0, "sem_arvore": 75.0, "muitas_arvores": 0.0, "vao": 100.0, "V05400": 4, "V05421": 4, "V05406": 4, "V05412": 4, "V05422": 0, "V05424": 1, "V05427": 0, "V05409": 0, "V05415": 1, "V05418": 0, "V05430": 3, "V05433": 0, "criancas_0a4": 56, "em_favela": false }, "geometry": { "type": "Polygon", "coordinates": [ [ [ -46.701534, -23.461658 ], [ -46.701936, -23.462538 ], [ -46.702454, -23.462247 ], [ -46.702058, -23.4614 ], [ -46.701534, -23.461658 ] ] ] } },
{ "type": "Feature", "properties": { "CD_SETOR": "355030811000580", "faces": 11, "pavimentada": 100.0, "bueiro": 9.09, "iluminacao": 100.0, "onibus": 9.09, "ciclovia": 0.0, "calcada": 100.0, "obstaculo": 81.82, "rampa": 0.0, "rampa_faces": 0.0, "sem_calcada": 0.0, "sem_arvore": 90.91, "muitas_arvores": 0.0, "vao": 100.0, "V05400": 11, "V05421": 11, "V05406": 11, "V05412": 11, "V05422": 0, "V05424": 9, "V05427": 0, "V05409": 1, "V05415": 1, "V05418": 0, "V05430": 10, "V05433": 0, "criancas_0a4": 11, "em_favela": false }, "geometry": { "type": "Polygon", "coordinates": [ [ [ -46.691056, -23.474803 ], [ -46.691295, -23.4741 ], [ -46.691492, -23.474157 ], [ -46.691778, -23.473212 ], [ -46.691442, -23.473204 ], [ -46.690958, -23.473017 ], [ -46.690537, -23.472957 ], [ -46.690482, -23.472887 ], [ -46.690237, -23.473209 ], [ -46.690115, -23.473563 ], [ -46.690145, -23.474169 ], [ -46.690001, -23.474515 ], [ -46.690082, -23.474824 ], [ -46.690208, -23.475057 ], [ -46.690868, -23.475205 ], [ -46.69099, -23.474786 ], [ -46.691056, -23.474803 ] ] ] } },
{ "type": "Feature", "properties": { "CD_SETOR": "355030811000581", "faces": 14, "pavimentada": 100.0, "bueiro": 57.14, "iluminacao": 100.0, "onibus": 0.0, "ciclovia": 0.0, "calcada": 100.0, "obstaculo": 78.57, "rampa": 0.0, "rampa_faces": 0.0, "sem_calcada": 0.0, "sem_arvore": 71.43, "muitas_arvores": 7.14, "vao": 100.0, "V05400": 14, "V05421": 14, "V05406": 14, "V05412": 14, "V05422": 0, "V05424": 11, "V05427": 0, "V05409": 8, "V05415": 0, "V05418": 0, "V05430": 10, "V05433": 1, "criancas_0a4": 20, "em_favela": false }, "geometry": { "type": "Polygon", "coordinates": [ [ [ -46.692915, -23.474581 ], [ -46.691295, -23.4741 ], [ -46.691056, -23.474803 ], [ -46.692208, -23.475102 ], [ -46.692154, -23.475523 ], [ -46.693035, -23.475727 ], [ -46.693182, -23.475578 ], [ -46.693333, -23.475609 ], [ -46.69354, -23.475718 ], [ -46.693767, -23.475947 ], [ -46.693959, -23.475732 ], [ -46.694031, -23.475583 ], [ -46.694042, -23.475383 ], [ -46.693966, -23.475253 ], [ -46.693687, -23.475039 ], [ -46.693649, -23.474883 ], [ -46.693668, -23.474654 ], [ -46.693342, -23.474559 ], [ -46.692915, -23.474581 ] ] ] } },
{ "type": "Feature", "properties": { "CD_SETOR": "355030811000582", "faces": 1, "pavimentada": 100.0, "bueiro": 100.0, "iluminacao": 100.0, "onibus": 0.0, "ciclovia": 0.0, "calcada": 0.0, "obstaculo": null, "rampa": null, "rampa_faces": 0.0, "sem_calcada": 100.0, "sem_arvore": 100.0, "muitas_arvores": 0.0, "vao": 100.0, "V05400": 1, "V05421": 0, "V05406": 1, "V05412": 1, "V05422": 1, "V05424": 0, "V05427": 0, "V05409": 1, "V05415": 0, "V05418": 0, "V05430": 1, "V05433": 0, "criancas_0a4": 22, "em_favela": false }, "geometry": { "type": "Polygon", "coordinates": [ [ [ -46.700346, -23.446968 ], [ -46.700771, -23.446823 ], [ -46.700796, -23.446734 ], [ -46.701014, -23.446502 ], [ -46.701381, -23.446467 ], [ -46.701336, -23.446256 ], [ -46.701497, -23.446067 ], [ -46.700606, -23.445568 ], [ -46.700156, -23.445979 ], [ -46.699978, -23.446087 ], [ -46.700346, -23.446968 ] ] ] } },
{ "type": "Feature", "properties": { "CD_SETOR": "355030811000583", "faces": 4, "pavimentada": 100.0, "bueiro": 50.0, "iluminacao": 100.0, "onibus": 50.0, "ciclovia": 0.0, "calcada": 100.0, "obstaculo": 50.0, "rampa": 0.0, "rampa_faces": 0.0, "sem_calcada": 0.0, "sem_arvore": 50.0, "muitas_arvores": 50.0, "vao": 100.0, "V05400": 4, "V05421": 4, "V05406": 4, "V05412": 4, "V05422": 0, "V05424": 2, "V05427": 0, "V05409": 2, "V05415": 2, "V05418": 0, "V05430": 2, "V05433": 2, "criancas_0a4": 19, "em_favela": false }, "geometry": { "type": "Polygon", "coordinates": [ [ [ -46.700771, -23.446823 ], [ -46.700346, -23.446968 ], [ -46.700441, -23.447383 ], [ -46.700404, -23.447838 ], [ -46.701262, -23.447856 ], [ -46.701288, -23.44769 ], [ -46.701663, -23.447402 ], [ -46.701726, -23.447275 ], [ -46.701597, -23.447251 ], [ -46.701525, -23.44718 ], [ -46.701382, -23.446688 ], [ -46.701381, -23.446467 ], [ -46.701014, -23.446502 ], [ -46.700796, -23.446734 ], [ -46.700771, -23.446823 ] ] ] } },
{ "type": "Feature", "properties": { "CD_SETOR": "355030811000584", "faces": 7, "pavimentada": 0.0, "bueiro": 0.0, "iluminacao": 28.57, "onibus": 0.0, "ciclovia": 0.0, "calcada": 0.0, "obstaculo": null, "rampa": null, "rampa_faces": 0.0, "sem_calcada": 100.0, "sem_arvore": 100.0, "muitas_arvores": 0.0, "vao": 0.0, "V05400": 7, "V05421": 0, "V05406": 0, "V05412": 2, "V05422": 7, "V05424": 0, "V05427": 0, "V05409": 0, "V05415": 0, "V05418": 0, "V05430": 7, "V05433": 0, "criancas_0a4": 45, "em_favela": true }, "geometry": { "type": "Polygon", "coordinates": [ [ [ -46.690541, -23.447517 ], [ -46.690417, -23.447529 ], [ -46.690461, -23.448005 ], [ -46.690354, -23.448485 ], [ -46.690261, -23.448448 ], [ -46.690108, -23.448754 ], [ -46.690101, -23.448867 ], [ -46.689828, -23.44915 ], [ -46.689561, -23.449229 ], [ -46.689471, -23.449509 ], [ -46.689306, -23.449786 ], [ -46.689861, -23.449867 ], [ -46.689977, -23.449537 ], [ -46.69029, -23.449157 ], [ -46.690604, -23.449062 ], [ -46.690733, -23.448926 ], [ -46.690837, -23.448612 ], [ -46.690857, -23.448375 ], [ -46.69084, -23.447588 ], [ -46.690802, -23.447493 ], [ -46.690582, -23.447555 ], [ -46.690541, -23.447517 ] ] ] } },
{ "type": "Feature", "properties": { "CD_SETOR": "355030811000585", "faces": 24, "pavimentada": 62.5, "bueiro": 0.0, "iluminacao": 33.33, "onibus": 0.0, "ciclovia": 0.0, "calcada": 0.0, "obstaculo": null, "rampa": null, "rampa_faces": 0.0, "sem_calcada": 100.0, "sem_arvore": 100.0, "muitas_arvores": 0.0, "vao": 62.5, "V05400": 24, "V05421": 0, "V05406": 15, "V05412": 8, "V05422": 24, "V05424": 0, "V05427": 0, "V05409": 0, "V05415": 0, "V05418": 0, "V05430": 24, "V05433": 0, "criancas_0a4": 48, "em_favela": true }, "geometry": { "type": "Polygon", "coordinates": [ [ [ -46.689976, -23.44901 ], [ -46.690101, -23.448867 ], [ -46.690108, -23.448754 ], [ -46.690261, -23.448448 ], [ -46.690354, -23.448485 ], [ -46.690461, -23.448005 ], [ -46.690417, -23.447529 ], [ -46.690541, -23.447517 ], [ -46.690496, -23.44742 ], [ -46.690304, -23.44733 ], [ -46.690239, -23.44712 ], [ -46.689954, -23.446868 ], [ -46.690219, -23.446732 ], [ -46.690091, -23.446534 ], [ -46.689558, -23.44669 ], [ -46.689715, -23.447029 ], [ -46.689662, -23.447132 ], [ -46.689657, -23.447925 ], [ -46.689723, -23.448661 ], [ -46.68982, -23.448862 ], [ -46.689976, -23.44901 ] ] ] } },
{ "type": "Feature", "properties": { "CD_SETOR": "355030811000587", "faces": 15, "pavimentada": 80.0, "bueiro": 0.0, "iluminacao": 86.67, "onibus": 0.0, "ciclovia": 0.0, "calcada": 0.0, "obstaculo": null, "rampa": null, "rampa_faces": 0.0, "sem_calcada": 100.0, "sem_arvore": 100.0, "muitas_arvores": 0.0, "vao": 80.0, "V05400": 15, "V05421": 0, "V05406": 12, "V05412": 13, "V05422": 15, "V05424": 0, "V05427": 0, "V05409": 0, "V05415": 0, "V05418": 0, "V05430": 15, "V05433": 0, "criancas_0a4": 53, "em_favela": true }, "geometry": { "type": "Polygon", "coordinates": [ [ [ -46.685479, -23.447597 ], [ -46.685759, -23.447687 ], [ -46.685608, -23.448578 ], [ -46.686418, -23.44864 ], [ -46.686481, -23.447538 ], [ -46.686672, -23.447354 ], [ -46.686863, -23.447043 ], [ -46.687068, -23.446946 ], [ -46.687473, -23.446995 ], [ -46.687713, -23.446752 ], [ -46.687855, -23.446706 ], [ -46.688302, -23.446802 ], [ -46.688444, -23.446511 ], [ -46.688407, -23.446378 ], [ -46.687261, -23.446593 ], [ -46.685355, -23.447136 ], [ -46.685276, -23.447458 ], [ -46.685468, -23.447531 ], [ -46.685479, -23.447597 ] ] ] } },
{ "type": "Feature", "properties": { "CD_SETOR": "355030811000590", "faces": 20, "pavimentada": 100.0, "bueiro": 65.0, "iluminacao": 100.0, "onibus": 5.0, "ciclovia": 0.0, "calcada": 100.0, "obstaculo": 90.0, "rampa": 20.0, "rampa_faces": 20.0, "sem_calcada": 0.0, "sem_arvore": 55.0, "muitas_arvores": 5.0, "vao": 80.0, "V05400": 20, "V05421": 20, "V05406": 20, "V05412": 20, "V05422": 0, "V05424": 18, "V05427": 4, "V05409": 13, "V05415": 1, "V05418": 0, "V05430": 11, "V05433": 1, "criancas_0a4": 35, "em_favela": false }, "geometry": { "type": "Polygon", "coordinates": [ [ [ -46.693161, -23.468875 ], [ -46.693375, -23.468753 ], [ -46.693503, -23.468949 ], [ -46.693864, -23.468735 ], [ -46.693156, -23.467724 ], [ -46.69145, -23.468738 ], [ -46.68991, -23.470286 ], [ -46.689973, -23.470626 ], [ -46.690039, -23.470716 ], [ -46.691862, -23.469652 ], [ -46.692541, -23.470639 ], [ -46.692827, -23.470495 ], [ -46.693401, -23.470058 ], [ -46.69425, -23.469286 ], [ -46.694025, -23.468961 ], [ -46.693426, -23.46933 ], [ -46.693161, -23.468875 ] ] ] } },
{ "type": "Feature", "properties": { "CD_SETOR": "355030811000591", "faces": 2, "pavimentada": 100.0, "bueiro": 50.0, "iluminacao": 100.0, "onibus": 0.0, "ciclovia": 0.0, "calcada": 100.0, "obstaculo": 100.0, "rampa": 0.0, "rampa_faces": 0.0, "sem_calcada": 0.0, "sem_arvore": 0.0, "muitas_arvores": 0.0, "vao": 100.0, "V05400": 2, "V05421": 2, "V05406": 2, "V05412": 2, "V05422": 0, "V05424": 2, "V05427": 0, "V05409": 1, "V05415": 0, "V05418": 0, "V05430": 0, "V05433": 0, "criancas_0a4": 16, "em_favela": false }, "geometry": { "type": "Polygon", "coordinates": [ [ [ -46.693864, -23.468735 ], [ -46.693503, -23.468949 ], [ -46.693658, -23.469187 ], [ -46.694025, -23.468961 ], [ -46.693864, -23.468735 ] ] ] } },
{ "type": "Feature", "properties": { "CD_SETOR": "355030811000592", "faces": 1, "pavimentada": 100.0, "bueiro": 100.0, "iluminacao": 100.0, "onibus": 0.0, "ciclovia": 0.0, "calcada": 100.0, "obstaculo": 100.0, "rampa": 0.0, "rampa_faces": 0.0, "sem_calcada": 0.0, "sem_arvore": 0.0, "muitas_arvores": 0.0, "vao": 100.0, "V05400": 1, "V05421": 1, "V05406": 1, "V05412": 1, "V05422": 0, "V05424": 1, "V05427": 0, "V05409": 1, "V05415": 0, "V05418": 0, "V05430": 0, "V05433": 0, "criancas_0a4": 13, "em_favela": false }, "geometry": { "type": "Polygon", "coordinates": [ [ [ -46.693658, -23.469187 ], [ -46.693375, -23.468753 ], [ -46.693161, -23.468875 ], [ -46.693426, -23.46933 ], [ -46.693658, -23.469187 ] ] ] } },
{ "type": "Feature", "properties": { "CD_SETOR": "355030811000593", "faces": 6, "pavimentada": 100.0, "bueiro": 66.67, "iluminacao": 100.0, "onibus": 0.0, "ciclovia": 16.67, "calcada": 66.67, "obstaculo": 75.0, "rampa": 25.0, "rampa_faces": 16.67, "sem_calcada": 33.33, "sem_arvore": 66.67, "muitas_arvores": 16.67, "vao": 83.33, "V05400": 6, "V05421": 4, "V05406": 6, "V05412": 6, "V05422": 2, "V05424": 3, "V05427": 1, "V05409": 4, "V05415": 0, "V05418": 1, "V05430": 4, "V05433": 1, "criancas_0a4": 21, "em_favela": false }, "geometry": { "type": "Polygon", "coordinates": [ [ [ -46.686619, -23.470855 ], [ -46.686976, -23.470286 ], [ -46.688095, -23.470863 ], [ -46.688528, -23.471006 ], [ -46.689491, -23.470945 ], [ -46.689512, -23.471064 ], [ -46.689385, -23.471124 ], [ -46.689396, -23.471358 ], [ -46.689162, -23.471488 ], [ -46.689275, -23.471719 ], [ -46.689873, -23.471821 ], [ -46.690279, -23.472055 ], [ -46.689698, -23.470957 ], [ -46.689606, -23.470655 ], [ -46.688395, -23.470766 ], [ -46.686193, -23.469609 ], [ -46.685849, -23.469409 ], [ -46.685773, -23.469317 ], [ -46.685631, -23.469983 ], [ -46.6857, -23.470057 ], [ -46.685179, -23.47128 ], [ -46.685628, -23.471332 ], [ -46.686036, -23.471278 ], [ -46.68629, -23.470786 ], [ -46.686619, -23.470855 ] ] ] } },
{ "type": "Feature", "properties": { "CD_SETOR": "355030811000594", "faces": 3, "pavimentada": 100.0, "bueiro": 66.67, "iluminacao": 100.0, "onibus": 0.0, "ciclovia": 0.0, "calcada": 33.33, "obstaculo": 100.0, "rampa": 0.0, "rampa_faces": 0.0, "sem_calcada": 66.67, "sem_arvore": 66.67, "muitas_arvores": 33.33, "vao": 100.0, "V05400": 3, "V05421": 1, "V05406": 3, "V05412": 3, "V05422": 2, "V05424": 1, "V05427": 0, "V05409": 2, "V05415": 0, "V05418": 0, "V05430": 2, "V05433": 1, "criancas_0a4": 36, "em_favela": false }, "geometry": { "type": "Polygon", "coordinates": [ [ [ -46.687885, -23.47075 ], [ -46.686976, -23.470286 ], [ -46.686537, -23.470984 ], [ -46.687511, -23.470822 ], [ -46.687822, -23.470894 ], [ -46.687885, -23.47075 ] ] ] } },
{ "type": "Feature", "properties": { "CD_SETOR": "355030811000595", "faces": 8, "pavimentada": 100.0, "bueiro": 37.5, "iluminacao": 100.0, "onibus": 25.0, "ciclovia": 0.0, "calcada": 87.5, "obstaculo": 71.43, "rampa": 14.29, "rampa_faces": 12.5, "sem_calcada": 12.5, "sem_arvore": 50.0, "muitas_arvores": 0.0, "vao": 87.5, "V05400": 8, "V05421": 7, "V05406": 8, "V05412": 8, "V05422": 1, "V05424": 5, "V05427": 1, "V05409": 3, "V05415": 2, "V05418": 0, "V05430": 4, "V05433": 0, "criancas_0a4": 6, "em_favela": false }, "geometry": { "type": "Polygon", "coordinates": [ [ [ -46.674482, -23.472625 ], [ -46.673825, -23.471975 ], [ -46.672839, -23.472408 ], [ -46.673371, -23.472975 ], [ -46.673582, -23.4729 ], [ -46.673624, -23.472987 ], [ -46.67326, -23.473519 ], [ -46.673103, -23.473674 ], [ -46.672274, -23.47408 ], [ -46.672225, -23.474221 ], [ -46.672392, -23.474199 ], [ -46.672588, -23.474244 ], [ -46.672932, -23.474421 ], [ -46.673386, -23.473933 ], [ -46.673712, -23.473717 ], [ -46.674055, -23.47335 ], [ -46.673968, -23.473235 ], [ -46.673983, -23.47318 ], [ -46.674354, -23.472859 ], [ -46.674482, -23.472625 ] ] ] } },
{ "type": "Feature", "properties": { "CD_SETOR": "355030811000596", "faces": 4, "pavimentada": 100.0, "bueiro": 75.0, "iluminacao": 100.0, "onibus": 25.0, "ciclovia": 0.0, "calcada": 75.0, "obstaculo": 33.33, "rampa": 0.0, "rampa_faces": 0.0, "sem_calcada": 25.0, "sem_arvore": 50.0, "muitas_arvores": 50.0, "vao": 100.0, "V05400": 4, "V05421": 3, "V05406": 4, "V05412": 4, "V05422": 1, "V05424": 1, "V05427": 0, "V05409": 3, "V05415": 1, "V05418": 0, "V05430": 2, "V05433": 2, "criancas_0a4": 0, "em_favela": false }, "geometry": { "type": "Polygon", "coordinates": [ [ [ -46.674185, -23.471813 ], [ -46.674713, -23.472281 ], [ -46.675646, -23.471795 ], [ -46.675899, -23.471191 ], [ -46.675593, -23.471164 ], [ -46.675495, -23.471108 ], [ -46.674185, -23.471813 ] ] ] } },
{ "type": "Feature", "properties": { "CD_SETOR": "355030811000597", "faces": 2, "pavimentada": 100.0, "bueiro": 0.0, "iluminacao": 100.0, "onibus": 50.0, "ciclovia": 0.0, "calcada": 100.0, "obstaculo": 0.0, "rampa": 50.0, "rampa_faces": 50.0, "sem_calcada": 0.0, "sem_arvore": 100.0, "muitas_arvores": 0.0, "vao": 50.0, "V05400": 2, "V05421": 2, "V05406": 2, "V05412": 2, "V05422": 0, "V05424": 0, "V05427": 1, "V05409": 0, "V05415": 1, "V05418": 0, "V05430": 2, "V05433": 0, "criancas_0a4": 38, "em_favela": false }, "geometry": { "type": "Polygon", "coordinates": [ [ [ -46.674713, -23.472281 ], [ -46.674185, -23.471813 ], [ -46.673825, -23.471975 ], [ -46.674482, -23.472625 ], [ -46.674713, -23.472281 ] ] ] } },
{ "type": "Feature", "properties": { "CD_SETOR": "355030811000598", "faces": 1, "pavimentada": 100.0, "bueiro": 0.0, "iluminacao": 100.0, "onibus": 0.0, "ciclovia": 0.0, "calcada": 100.0, "obstaculo": 0.0, "rampa": 0.0, "rampa_faces": 0.0, "sem_calcada": 0.0, "sem_arvore": 100.0, "muitas_arvores": 0.0, "vao": 100.0, "V05400": 1, "V05421": 1, "V05406": 1, "V05412": 1, "V05422": 0, "V05424": 0, "V05427": 0, "V05409": 0, "V05415": 0, "V05418": 0, "V05430": 1, "V05433": 0, "criancas_0a4": 21, "em_favela": false }, "geometry": { "type": "Polygon", "coordinates": [ [ [ -46.674468, -23.472653 ], [ -46.674791, -23.472964 ], [ -46.675099, -23.472637 ], [ -46.674713, -23.472281 ], [ -46.674468, -23.472653 ] ] ] } },
{ "type": "Feature", "properties": { "CD_SETOR": "355030811000599", "faces": 28, "pavimentada": 100.0, "bueiro": 60.71, "iluminacao": 100.0, "onibus": 7.14, "ciclovia": 0.0, "calcada": 96.43, "obstaculo": 85.19, "rampa": 0.0, "rampa_faces": 0.0, "sem_calcada": 3.57, "sem_arvore": 75.0, "muitas_arvores": 7.14, "vao": 100.0, "V05400": 28, "V05421": 27, "V05406": 28, "V05412": 28, "V05422": 1, "V05424": 23, "V05427": 0, "V05409": 17, "V05415": 2, "V05418": 0, "V05430": 21, "V05433": 2, "criancas_0a4": 45, "em_favela": false }, "geometry": { "type": "Polygon", "coordinates": [ [ [ -46.674713, -23.472281 ], [ -46.675099, -23.472637 ], [ -46.674791, -23.472964 ], [ -46.674468, -23.472653 ], [ -46.674354, -23.472859 ], [ -46.673983, -23.47318 ], [ -46.673968, -23.473235 ], [ -46.674055, -23.47335 ], [ -46.673712, -23.473717 ], [ -46.673386, -23.473933 ], [ -46.672932, -23.474421 ], [ -46.673536, -23.474913 ], [ -46.675481, -23.472949 ], [ -46.675405, -23.472714 ], [ -46.675563, -23.4725 ], [ -46.675864, -23.472349 ], [ -46.676455, -23.472379 ], [ -46.676604, -23.472323 ], [ -46.676892, -23.471512 ], [ -46.676669, -23.470906 ], [ -46.676132, -23.470664 ], [ -46.675495, -23.471108 ], [ -46.675593, -23.471164 ], [ -46.675899, -23.471191 ], [ -46.675646, -23.471795 ], [ -46.674713, -23.472281 ] ] ] } },
{ "type": "Feature", "properties": { "CD_SETOR": "355030811000600", "faces": 3, "pavimentada": 100.0, "bueiro": 66.67, "iluminacao": 100.0, "onibus": 33.33, "ciclovia": 0.0, "calcada": 66.67, "obstaculo": 100.0, "rampa": 0.0, "rampa_faces": 0.0, "sem_calcada": 33.33, "sem_arvore": 66.67, "muitas_arvores": 33.33, "vao": 100.0, "V05400": 3, "V05421": 2, "V05406": 3, "V05412": 3, "V05422": 1, "V05424": 2, "V05427": 0, "V05409": 2, "V05415": 1, "V05418": 0, "V05430": 2, "V05433": 1, "criancas_0a4": 0, "em_favela": false }, "geometry": { "type": "Polygon", "coordinates": [ [ [ -46.70191, -23.454123 ], [ -46.702373, -23.452794 ], [ -46.699909, -23.452146 ], [ -46.699447, -23.453128 ], [ -46.699634, -23.453604 ], [ -46.70026, -23.453698 ], [ -46.70191, -23.454123 ] ] ] } },
{ "type": "Feature", "properties": { "CD_SETOR": "355030811000601", "faces": 26, "pavimentada": 7.69, "bueiro": 3.85, "iluminacao": 7.69, "onibus": 3.85, "ciclovia": 0.0, "calcada": 7.69, "obstaculo": 100.0, "rampa": 0.0, "rampa_faces": 0.0, "sem_calcada": 92.31, "sem_arvore": 88.46, "muitas_arvores": 3.85, "vao": 7.69, "V05400": 26, "V05421": 2, "V05406": 2, "V05412": 2, "V05422": 24, "V05424": 2, "V05427": 0, "V05409": 1, "V05415": 1, "V05418": 0, "V05430": 23, "V05433": 1, "criancas_0a4": 60, "em_favela": true }, "geometry": { "type": "Polygon", "coordinates": [ [ [ -46.704154, -23.454568 ], [ -46.704156, -23.454478 ], [ -46.704001, -23.454128 ], [ -46.704031, -23.453917 ], [ -46.703817, -23.453874 ], [ -46.703399, -23.453291 ], [ -46.702886, -23.452269 ], [ -46.702862, -23.452076 ], [ -46.702916, -23.451718 ], [ -46.702883, -23.451672 ], [ -46.702482, -23.45159 ], [ -46.70238, -23.451383 ], [ -46.700873, -23.451446 ], [ -46.700347, -23.451232 ], [ -46.70015, -23.451065 ], [ -46.700065, -23.451671 ], [ -46.699909, -23.452146 ], [ -46.702373, -23.452794 ], [ -46.70191, -23.454123 ], [ -46.703649, -23.454555 ], [ -46.703958, -23.454698 ], [ -46.703939, -23.454512 ], [ -46.704154, -23.454568 ] ] ] } },
{ "type": "Feature", "properties": { "CD_SETOR": "355030811000602", "faces": 22, "pavimentada": 13.64, "bueiro": 0.0, "iluminacao": 13.64, "onibus": 4.55, "ciclovia": 0.0, "calcada": 9.09, "obstaculo": 100.0, "rampa": 0.0, "rampa_faces": 0.0, "sem_calcada": 90.91, "sem_arvore": 95.45, "muitas_arvores": 4.55, "vao": 13.64, "V05400": 22, "V05421": 2, "V05406": 3, "V05412": 3, "V05422": 20, "V05424": 2, "V05427": 0, "V05409": 0, "V05415": 1, "V05418": 0, "V05430": 21, "V05433": 1, "criancas_0a4": 90, "em_favela": true }, "geometry": { "type": "Polygon", "coordinates": [ [ [ -46.706728, -23.450329 ], [ -46.706838, -23.45033 ], [ -46.707007, -23.450199 ], [ -46.706753, -23.449698 ], [ -46.706777, -23.449207 ], [ -46.70673, -23.44883 ], [ -46.706361, -23.448253 ], [ -46.706177, -23.447751 ], [ -46.706379, -23.447282 ], [ -46.706346, -23.446943 ], [ -46.706455, -23.446765 ], [ -46.706456, -23.446649 ], [ -46.706253, -23.446288 ], [ -46.706004, -23.446278 ], [ -46.706016, -23.44632 ], [ -46.705667, -23.446434 ], [ -46.705538, -23.446198 ], [ -46.705009, -23.445777 ], [ -46.704558, -23.446236 ], [ -46.704694, -23.446642 ], [ -46.705031, -23.446937 ], [ -46.705075, -23.447028 ], [ -46.705081, -23.447219 ], [ -46.705371, -23.448039 ], [ -46.705335, -23.44887 ], [ -46.70556, -23.449308 ], [ -46.705575, -23.449608 ], [ -46.705837, -23.450078 ], [ -46.706096, -23.450062 ], [ -46.706296, -23.450113 ], [ -46.706728, -23.450329 ] ] ] } },
{ "type": "Feature", "properties": { "CD_SETOR": "355030811000603", "faces": 34, "pavimentada": 2.94, "bueiro": 0.0, "iluminacao": 8.82, "onibus": 0.0, "ciclovia": 0.0, "calcada": 0.0, "obstaculo": null, "rampa": null, "rampa_faces": 0.0, "sem_calcada": 100.0, "sem_arvore": 82.35, "muitas_arvores": 5.88, "vao": 2.94, "V05400": 34, "V05421": 0, "V05406": 1, "V05412": 3, "V05422": 34, "V05424": 0, "V05427": 0, "V05409": 0, "V05415": 0, "V05418": 0, "V05430": 28, "V05433": 2, "criancas_0a4": 46, "em_favela": true }, "geometry": { "type": "Polygon", "coordinates": [ [ [ -46.705574, -23.449455 ], [ -46.70556, -23.449308 ], [ -46.705335, -23.44887 ], [ -46.705371, -23.448039 ], [ -46.705081, -23.447219 ], [ -46.705075, -23.447028 ], [ -46.705031, -23.446937 ], [ -46.704694, -23.446642 ], [ -46.704558, -23.446236 ], [ -46.703326, -23.44703 ], [ -46.702977, -23.447316 ], [ -46.702764, -23.447634 ], [ -46.702592, -23.448188 ], [ -46.702485, -23.448381 ], [ -46.703477, -23.448759 ], [ -46.703324, -23.448954 ], [ -46.704541, -23.449425 ], [ -46.705574, -23.449455 ] ] ] } },
{ "type": "Feature", "properties": { "CD_SETOR": "355030811000604", "faces": 25, "pavimentada": 0.0, "bueiro": 0.0, "iluminacao": 0.0, "onibus": 0.0, "ciclovia": 0.0, "calcada": 0.0, "obstaculo": null, "rampa": null, "rampa_faces": 0.0, "sem_calcada": 96.0, "sem_arvore": 36.0, "muitas_arvores": 12.0, "vao": 0.0, "V05400": 25, "V05421": 0, "V05406": 0, "V05412": 0, "V05422": 24, "V05424": 0, "V05427": 0, "V05409": 0, "V05415": 0, "V05418": 0, "V05430": 9, "V05433": 3, "criancas_0a4": 69, "em_favela": true }, "geometry": { "type": "Polygon", "coordinates": [ [ [ -46.704574, -23.451023 ], [ -46.70416, -23.450733 ], [ -46.703995, -23.450692 ], [ -46.703512, -23.450747 ], [ -46.703302, -23.450885 ], [ -46.703072, -23.451156 ], [ -46.702733, -23.451328 ], [ -46.703389, -23.451701 ], [ -46.703873, -23.451862 ], [ -46.703966, -23.451748 ], [ -46.704295, -23.452085 ], [ -46.704469, -23.452193 ], [ -46.704679, -23.452475 ], [ -46.704712, -23.452591 ], [ -46.704549, -23.453032 ], [ -46.704483, -23.453389 ], [ -46.704376, -23.453511 ], [ -46.704234, -23.453543 ], [ -46.704121, -23.453648 ], [ -46.703998, -23.454025 ], [ -46.704154, -23.454568 ], [ -46.704583, -23.454725 ], [ -46.70473, -23.454328 ], [ -46.705105, -23.453593 ], [ -46.705909, -23.452733 ], [ -46.705984, -23.452604 ], [ -46.706038, -23.452328 ], [ -46.705908, -23.452117 ], [ -46.705655, -23.451917 ], [ -46.705226, -23.451231 ], [ -46.705103, -23.451149 ], [ -46.704574, -23.451023 ] ] ] } },
{ "type": "Feature", "properties": { "CD_SETOR": "355030811000605", "faces": 25, "pavimentada": 0.0, "bueiro": 0.0, "iluminacao": 0.0, "onibus": 0.0, "ciclovia": 0.0, "calcada": 0.0, "obstaculo": null, "rampa": null, "rampa_faces": 0.0, "sem_calcada": 100.0, "sem_arvore": 84.0, "muitas_arvores": 0.0, "vao": 0.0, "V05400": 25, "V05421": 0, "V05406": 0, "V05412": 0, "V05422": 25, "V05424": 0, "V05427": 0, "V05409": 0, "V05415": 0, "V05418": 0, "V05430": 21, "V05433": 0, "criancas_0a4": 75, "em_favela": true }, "geometry": { "type": "Polygon", "coordinates": [ [ [ -46.704422, -23.453477 ], [ -46.704483, -23.453389 ], [ -46.704549, -23.453032 ], [ -46.704712, -23.452591 ], [ -46.704679, -23.452475 ], [ -46.704469, -23.452193 ], [ -46.704295, -23.452085 ], [ -46.703966, -23.451748 ], [ -46.703873, -23.451862 ], [ -46.703389, -23.451701 ], [ -46.702733, -23.451328 ], [ -46.70238, -23.451383 ], [ -46.702482, -23.45159 ], [ -46.702822, -23.451648 ], [ -46.702916, -23.451718 ], [ -46.702862, -23.452076 ], [ -46.702886, -23.452269 ], [ -46.703399, -23.453291 ], [ -46.703817, -23.453874 ], [ -46.704031, -23.453917 ], [ -46.704176, -23.453579 ], [ -46.704422, -23.453477 ] ] ] } },
{ "type": "Feature", "properties": { "CD_SETOR": "355030811000606", "faces": 19, "pavimentada": 0.0, "bueiro": 0.0, "iluminacao": 0.0, "onibus": 0.0, "ciclovia": 0.0, "calcada": 0.0, "obstaculo": null, "rampa": null, "rampa_faces": 0.0, "sem_calcada": 94.74, "sem_arvore": 94.74, "muitas_arvores": 0.0, "vao": 0.0, "V05400": 19, "V05421": 0, "V05406": 0, "V05412": 0, "V05422": 18, "V05424": 0, "V05427": 0, "V05409": 0, "V05415": 0, "V05418": 0, "V05430": 18, "V05433": 0, "criancas_0a4": 42, "em_favela": true }, "geometry": { "type": "Polygon", "coordinates": [ [ [ -46.706728, -23.450329 ], [ -46.706296, -23.450113 ], [ -46.705899, -23.450059 ], [ -46.705456, -23.450302 ], [ -46.705224, -23.450324 ], [ -46.704411, -23.449864 ], [ -46.70384, -23.449901 ], [ -46.703719, -23.449929 ], [ -46.703698, -23.449982 ], [ -46.703775, -23.450126 ], [ -46.704088, -23.450288 ], [ -46.704801, -23.450468 ], [ -46.705384, -23.450786 ], [ -46.705538, -23.45102 ], [ -46.705527, -23.451686 ], [ -46.705655, -23.451917 ], [ -46.705871, -23.452113 ], [ -46.705901, -23.451995 ], [ -46.706396, -23.451745 ], [ -46.7072, -23.451238 ], [ -46.707277, -23.450958 ], [ -46.70722, -23.450377 ], [ -46.707007, -23.450199 ], [ -46.706838, -23.45033 ], [ -46.706728, -23.450329 ] ] ] } },
{ "type": "Feature", "properties": { "CD_SETOR": "355030811000607", "faces": 17, "pavimentada": 0.0, "bueiro": 0.0, "iluminacao": 0.0, "onibus": 0.0, "ciclovia": 0.0, "calcada": 0.0, "obstaculo": null, "rampa": null, "rampa_faces": 0.0, "sem_calcada": 100.0, "sem_arvore": 76.47, "muitas_arvores": 0.0, "vao": 0.0, "V05400": 17, "V05421": 0, "V05406": 0, "V05412": 0, "V05422": 17, "V05424": 0, "V05427": 0, "V05409": 0, "V05415": 0, "V05418": 0, "V05430": 13, "V05433": 0, "criancas_0a4": 31, "em_favela": true }, "geometry": { "type": "Polygon", "coordinates": [ [ [ -46.703719, -23.449929 ], [ -46.704083, -23.449864 ], [ -46.704411, -23.449864 ], [ -46.705066, -23.450269 ], [ -46.705349, -23.450339 ], [ -46.705837, -23.450078 ], [ -46.705575, -23.449608 ], [ -46.705574, -23.449455 ], [ -46.704541, -23.449425 ], [ -46.70426, -23.449317 ], [ -46.703719, -23.449929 ] ] ] } },
{ "type": "Feature", "properties": { "CD_SETOR": "355030811000608", "faces": 6, "pavimentada": 83.33, "bueiro": 33.33, "iluminacao": 100.0, "onibus": 33.33, "ciclovia": 16.67, "calcada": 66.67, "obstaculo": 100.0, "rampa": 0.0, "rampa_faces": 0.0, "sem_calcada": 33.33, "sem_arvore": 83.33, "muitas_arvores": 0.0, "vao": 83.33, "V05400": 6, "V05421": 4, "V05406": 5, "V05412": 6, "V05422": 2, "V05424": 4, "V05427": 0, "V05409": 2, "V05415": 2, "V05418": 1, "V05430": 5, "V05433": 0, "criancas_0a4": 23, "em_favela": true }, "geometry": { "type": "Polygon", "coordinates": [ [ [ -46.685468, -23.463866 ], [ -46.685423, -23.462514 ], [ -46.685333, -23.462291 ], [ -46.685737, -23.461626 ], [ -46.685114, -23.461326 ], [ -46.684814, -23.461902 ], [ -46.684489, -23.462843 ], [ -46.684733, -23.462739 ], [ -46.685028, -23.462528 ], [ -46.685203, -23.462519 ], [ -46.685092, -23.462697 ], [ -46.685281, -23.462789 ], [ -46.68526, -23.463861 ], [ -46.685468, -23.463866 ] ] ] } },
{ "type": "Feature", "properties": { "CD_SETOR": "355030811000609", "faces": 6, "pavimentada": 100.0, "bueiro": 16.67, "iluminacao": 100.0, "onibus": 0.0, "ciclovia": 0.0, "calcada": 50.0, "obstaculo": 100.0, "rampa": 0.0, "rampa_faces": 0.0, "sem_calcada": 50.0, "sem_arvore": 50.0, "muitas_arvores": 0.0, "vao": 100.0, "V05400": 6, "V05421": 3, "V05406": 6, "V05412": 6, "V05422": 3, "V05424": 3, "V05427": 0, "V05409": 1, "V05415": 0, "V05418": 0, "V05430": 3, "V05433": 0, "criancas_0a4": 31, "em_favela": false }, "geometry": { "type": "Polygon", "coordinates": [ [ [ -46.68634, -23.46206 ], [ -46.68612, -23.461975 ], [ -46.686096, -23.462014 ], [ -46.686042, -23.461945 ], [ -46.685775, -23.461918 ], [ -46.685743, -23.461772 ], [ -46.68567, -23.461723 ], [ -46.685333, -23.462291 ], [ -46.685423, -23.462514 ], [ -46.685468, -23.463866 ], [ -46.685687, -23.463959 ], [ -46.686377, -23.462929 ], [ -46.686111, -23.462807 ], [ -46.686203, -23.462657 ], [ -46.68634, -23.46206 ] ] ] } },
{ "type": "Feature", "properties": { "CD_SETOR": "355030811000611", "faces": 6, "pavimentada": 100.0, "bueiro": 0.0, "iluminacao": 100.0, "onibus": 0.0, "ciclovia": 0.0, "calcada": 83.33, "obstaculo": 100.0, "rampa": 0.0, "rampa_faces": 0.0, "sem_calcada": 16.67, "sem_arvore": 66.67, "muitas_arvores": 0.0, "vao": 100.0, "V05400": 6, "V05421": 5, "V05406": 6, "V05412": 6, "V05422": 1, "V05424": 5, "V05427": 0, "V05409": 0, "V05415": 0, "V05418": 0, "V05430": 4, "V05433": 0, "criancas_0a4": 11, "em_favela": false }, "geometry": { "type": "Polygon", "coordinates": [ [ [ -46.689824, -23.464266 ], [ -46.689862, -23.463937 ], [ -46.690216, -23.463796 ], [ -46.690792, -23.463672 ], [ -46.691481, -23.463703 ], [ -46.691104, -23.464348 ], [ -46.691332, -23.464452 ], [ -46.691839, -23.463492 ], [ -46.691467, -23.463415 ], [ -46.690744, -23.463383 ], [ -46.690128, -23.463517 ], [ -46.689438, -23.463769 ], [ -46.689511, -23.464021 ], [ -46.689824, -23.464266 ] ] ] } },
{ "type": "Feature", "properties": { "CD_SETOR": "355030811000612", "faces": 10, "pavimentada": 90.0, "bueiro": 10.0, "iluminacao": 90.0, "onibus": 0.0, "ciclovia": 0.0, "calcada": 10.0, "obstaculo": 100.0, "rampa": 0.0, "rampa_faces": 0.0, "sem_calcada": 90.0, "sem_arvore": 100.0, "muitas_arvores": 0.0, "vao": 90.0, "V05400": 10, "V05421": 1, "V05406": 9, "V05412": 9, "V05422": 9, "V05424": 1, "V05427": 0, "V05409": 1, "V05415": 0, "V05418": 0, "V05430": 10, "V05433": 0, "criancas_0a4": 21, "em_favela": true }, "geometry": { "type": "Polygon", "coordinates": [ [ [ -46.690479, -23.464515 ], [ -46.690799, -23.464225 ], [ -46.691053, -23.464639 ], [ -46.691332, -23.464452 ], [ -46.691104, -23.464348 ], [ -46.691481, -23.463703 ], [ -46.690792, -23.463672 ], [ -46.690216, -23.463796 ], [ -46.689862, -23.463937 ], [ -46.689824, -23.464266 ], [ -46.690135, -23.464422 ], [ -46.690382, -23.464417 ], [ -46.690479, -23.464515 ] ] ] } },
{ "type": "Feature", "properties": { "CD_SETOR": "355030811000614", "faces": 10, "pavimentada": 100.0, "bueiro": 40.0, "iluminacao": 100.0, "onibus": 10.0, "ciclovia": 0.0, "calcada": 30.0, "obstaculo": 66.67, "rampa": 0.0, "rampa_faces": 0.0, "sem_calcada": 70.0, "sem_arvore": 90.0, "muitas_arvores": 0.0, "vao": 100.0, "V05400": 10, "V05421": 3, "V05406": 10, "V05412": 10, "V05422": 7, "V05424": 2, "V05427": 0, "V05409": 4, "V05415": 1, "V05418": 0, "V05430": 9, "V05433": 0, "criancas_0a4": 37, "em_favela": true }, "geometry": { "type": "Polygon", "coordinates": [ [ [ -46.677993, -23.459047 ], [ -46.677976, -23.459275 ], [ -46.677789, -23.459974 ], [ -46.678722, -23.460175 ], [ -46.678776, -23.460149 ], [ -46.678807, -23.459968 ], [ -46.678737, -23.459484 ], [ -46.678666, -23.459469 ], [ -46.678668, -23.459234 ], [ -46.678647, -23.45916 ], [ -46.678589, -23.459167 ], [ -46.678544, -23.458955 ], [ -46.678516, -23.458923 ], [ -46.677993, -23.459047 ] ] ] } },
{ "type": "Feature", "properties": { "CD_SETOR": "355030811000616", "faces": 8, "pavimentada": 75.0, "bueiro": 0.0, "iluminacao": 37.5, "onibus": 0.0, "ciclovia": 0.0, "calcada": 25.0, "obstaculo": 100.0, "rampa": 0.0, "rampa_faces": 0.0, "sem_calcada": 75.0, "sem_arvore": 87.5, "muitas_arvores": 0.0, "vao": 75.0, "V05400": 8, "V05421": 2, "V05406": 6, "V05412": 3, "V05422": 6, "V05424": 2, "V05427": 0, "V05409": 0, "V05415": 0, "V05418": 0, "V05430": 7, "V05433": 0, "criancas_0a4": 5, "em_favela": true }, "geometry": { "type": "Polygon", "coordinates": [ [ [ -46.688386, -23.463851 ], [ -46.688662, -23.463804 ], [ -46.688459, -23.463283 ], [ -46.688295, -23.463239 ], [ -46.688292, -23.463175 ], [ -46.688205, -23.463183 ], [ -46.687942, -23.463435 ], [ -46.688006, -23.463491 ], [ -46.687774, -23.463651 ], [ -46.687525, -23.463484 ], [ -46.687341, -23.463671 ], [ -46.68716, -23.463707 ], [ -46.68685, -23.463684 ], [ -46.686046, -23.463443 ], [ -46.685964, -23.463558 ], [ -46.686095, -23.463891 ], [ -46.685984, -23.464 ], [ -46.686135, -23.464146 ], [ -46.686353, -23.463787 ], [ -46.686669, -23.463814 ], [ -46.687351, -23.463976 ], [ -46.687565, -23.46395 ], [ -46.688249, -23.463475 ], [ -46.688353, -23.463605 ], [ -46.688386, -23.463851 ] ] ] } },
{ "type": "Feature", "properties": { "CD_SETOR": "355030811000617", "faces": 5, "pavimentada": 100.0, "bueiro": 0.0, "iluminacao": 80.0, "onibus": 0.0, "ciclovia": 0.0, "calcada": 60.0, "obstaculo": 100.0, "rampa": 0.0, "rampa_faces": 0.0, "sem_calcada": 40.0, "sem_arvore": 20.0, "muitas_arvores": 20.0, "vao": 100.0, "V05400": 5, "V05421": 3, "V05406": 5, "V05412": 4, "V05422": 2, "V05424": 3, "V05427": 0, "V05409": 0, "V05415": 0, "V05418": 0, "V05430": 1, "V05433": 1, "criancas_0a4": 21, "em_favela": true }, "geometry": { "type": "Polygon", "coordinates": [ [ [ -46.692706, -23.463348 ], [ -46.693126, -23.463355 ], [ -46.693164, -23.463435 ], [ -46.693414, -23.463357 ], [ -46.693312, -23.463134 ], [ -46.693363, -23.46283 ], [ -46.693385, -23.462778 ], [ -46.693644, -23.462642 ], [ -46.693602, -23.462529 ], [ -46.693472, -23.462564 ], [ -46.693466, -23.462461 ], [ -46.692794, -23.462058 ], [ -46.692643, -23.462355 ], [ -46.692587, -23.46264 ], [ -46.692706, -23.463348 ] ] ] } },
{ "type": "Feature", "properties": { "CD_SETOR": "355030811000619", "faces": 5, "pavimentada": 100.0, "bueiro": 40.0, "iluminacao": 100.0, "onibus": 40.0, "ciclovia": 0.0, "calcada": 100.0, "obstaculo": 60.0, "rampa": 20.0, "rampa_faces": 20.0, "sem_calcada": 0.0, "sem_arvore": 60.0, "muitas_arvores": 0.0, "vao": 80.0, "V05400": 5, "V05421": 5, "V05406": 5, "V05412": 5, "V05422": 0, "V05424": 3, "V05427": 1, "V05409": 2, "V05415": 2, "V05418": 0, "V05430": 3, "V05433": 0, "criancas_0a4": 12, "em_favela": true }, "geometry": { "type": "Polygon", "coordinates": [ [ [ -46.681758, -23.455817 ], [ -46.680646, -23.455515 ], [ -46.680263, -23.456105 ], [ -46.680282, -23.4562 ], [ -46.681332, -23.456035 ], [ -46.681696, -23.456047 ], [ -46.681758, -23.455817 ] ] ] } },
{ "type": "Feature", "properties": { "CD_SETOR": "355030811000622", "faces": 3, "pavimentada": 100.0, "bueiro": 33.33, "iluminacao": 100.0, "onibus": 0.0, "ciclovia": 0.0, "calcada": 33.33, "obstaculo": 100.0, "rampa": 0.0, "rampa_faces": 0.0, "sem_calcada": 66.67, "sem_arvore": 100.0, "muitas_arvores": 0.0, "vao": 100.0, "V05400": 3, "V05421": 1, "V05406": 3, "V05412": 3, "V05422": 2, "V05424": 1, "V05427": 0, "V05409": 1, "V05415": 0, "V05418": 0, "V05430": 3, "V05433": 0, "criancas_0a4": 6, "em_favela": false }, "geometry": { "type": "Polygon", "coordinates": [ [ [ -46.680738, -23.455129 ], [ -46.68121, -23.454947 ], [ -46.681283, -23.455014 ], [ -46.681905, -23.454757 ], [ -46.681829, -23.454579 ], [ -46.681173, -23.45485 ], [ -46.681144, -23.454791 ], [ -46.681106, -23.454803 ], [ -46.680698, -23.454974 ], [ -46.680738, -23.455129 ] ] ] } },
{ "type": "Feature", "properties": { "CD_SETOR": "355030811000623", "faces": 9, "pavimentada": 100.0, "bueiro": 33.33, "iluminacao": 100.0, "onibus": 0.0, "ciclovia": 0.0, "calcada": 44.44, "obstaculo": 75.0, "rampa": 0.0, "rampa_faces": 0.0, "sem_calcada": 55.56, "sem_arvore": 88.89, "muitas_arvores": 0.0, "vao": 100.0, "V05400": 9, "V05421": 4, "V05406": 9, "V05412": 9, "V05422": 5, "V05424": 3, "V05427": 0, "V05409": 3, "V05415": 0, "V05418": 0, "V05430": 8, "V05433": 0, "criancas_0a4": 24, "em_favela": true }, "geometry": { "type": "Polygon", "coordinates": [ [ [ -46.680738, -23.455129 ], [ -46.680703, -23.455377 ], [ -46.680978, -23.455455 ], [ -46.681066, -23.455153 ], [ -46.681205, -23.455186 ], [ -46.681241, -23.455032 ], [ -46.681939, -23.455208 ], [ -46.681973, -23.455068 ], [ -46.681905, -23.454757 ], [ -46.681283, -23.455014 ], [ -46.68121, -23.454947 ], [ -46.680738, -23.455129 ] ] ] } },
{ "type": "Feature", "properties": { "CD_SETOR": "355030811000624", "faces": 2, "pavimentada": 100.0, "bueiro": 0.0, "iluminacao": 100.0, "onibus": 0.0, "ciclovia": 0.0, "calcada": 50.0, "obstaculo": 100.0, "rampa": 0.0, "rampa_faces": 0.0, "sem_calcada": 50.0, "sem_arvore": 100.0, "muitas_arvores": 0.0, "vao": 100.0, "V05400": 2, "V05421": 1, "V05406": 2, "V05412": 2, "V05422": 1, "V05424": 1, "V05427": 0, "V05409": 0, "V05415": 0, "V05418": 0, "V05430": 2, "V05433": 0, "criancas_0a4": 15, "em_favela": true }, "geometry": { "type": "Polygon", "coordinates": [ [ [ -46.700416, -23.460838 ], [ -46.700215, -23.461178 ], [ -46.699992, -23.460998 ], [ -46.699802, -23.460986 ], [ -46.699776, -23.461297 ], [ -46.700532, -23.46171 ], [ -46.700985, -23.461322 ], [ -46.700416, -23.460838 ] ] ] } },
{ "type": "Feature", "properties": { "CD_SETOR": "355030811000627", "faces": 4, "pavimentada": 100.0, "bueiro": 0.0, "iluminacao": 75.0, "onibus": 0.0, "ciclovia": 0.0, "calcada": 75.0, "obstaculo": 100.0, "rampa": 0.0, "rampa_faces": 0.0, "sem_calcada": 25.0, "sem_arvore": 100.0, "muitas_arvores": 0.0, "vao": 100.0, "V05400": 4, "V05421": 3, "V05406": 4, "V05412": 3, "V05422": 1, "V05424": 3, "V05427": 0, "V05409": 0, "V05415": 0, "V05418": 0, "V05430": 4, "V05433": 0, "criancas_0a4": 26, "em_favela": false }, "geometry": { "type": "Polygon", "coordinates": [ [ [ -46.687525, -23.463484 ], [ -46.687774, -23.463651 ], [ -46.688006, -23.463491 ], [ -46.687942, -23.463435 ], [ -46.688205, -23.463183 ], [ -46.688292, -23.463175 ], [ -46.688295, -23.463239 ], [ -46.688459, -23.463283 ], [ -46.688662, -23.463804 ], [ -46.688386, -23.463851 ], [ -46.688387, -23.463901 ], [ -46.688723, -23.464821 ], [ -46.68913, -23.464483 ], [ -46.688881, -23.463888 ], [ -46.688746, -23.463394 ], [ -46.688445, -23.462982 ], [ -46.688232, -23.462955 ], [ -46.688045, -23.462999 ], [ -46.687525, -23.463484 ] ] ] } },
{ "type": "Feature", "properties": { "CD_SETOR": "355030811000628", "faces": 4, "pavimentada": 100.0, "bueiro": 50.0, "iluminacao": 100.0, "onibus": 25.0, "ciclovia": 0.0, "calcada": 100.0, "obstaculo": 100.0, "rampa": 0.0, "rampa_faces": 0.0, "sem_calcada": 0.0, "sem_arvore": 100.0, "muitas_arvores": 0.0, "vao": 100.0, "V05400": 4, "V05421": 4, "V05406": 4, "V05412": 4, "V05422": 0, "V05424": 4, "V05427": 0, "V05409": 2, "V05415": 1, "V05418": 0, "V05430": 4, "V05433": 0, "criancas_0a4": 14, "em_favela": false }, "geometry": { "type": "Polygon", "coordinates": [ [ [ -46.702142, -23.456149 ], [ -46.702525, -23.456203 ], [ -46.702499, -23.456268 ], [ -46.702591, -23.456318 ], [ -46.7025, -23.456457 ], [ -46.702552, -23.4565 ], [ -46.702099, -23.457107 ], [ -46.701923, -23.457155 ], [ -46.701398, -23.457128 ], [ -46.70108, -23.457046 ], [ -46.701089, -23.456978 ], [ -46.700796, -23.456977 ], [ -46.700953, -23.457093 ], [ -46.701549, -23.457335 ], [ -46.702082, -23.457376 ], [ -46.702322, -23.457324 ], [ -46.702663, -23.456826 ], [ -46.702736, -23.456754 ], [ -46.702877, -23.456722 ], [ -46.703038, -23.456165 ], [ -46.702612, -23.455565 ], [ -46.702179, -23.455061 ], [ -46.702121, -23.455231 ], [ -46.702142, -23.456149 ] ] ] } },
{ "type": "Feature", "properties": { "CD_SETOR": "355030811000629", "faces": 4, "pavimentada": 100.0, "bueiro": 25.0, "iluminacao": 100.0, "onibus": 0.0, "ciclovia": 0.0, "calcada": 75.0, "obstaculo": 100.0, "rampa": 0.0, "rampa_faces": 0.0, "sem_calcada": 25.0, "sem_arvore": 50.0, "muitas_arvores": 0.0, "vao": 100.0, "V05400": 4, "V05421": 3, "V05406": 4, "V05412": 4, "V05422": 1, "V05424": 3, "V05427": 0, "V05409": 1, "V05415": 0, "V05418": 0, "V05430": 2, "V05433": 0, "criancas_0a4": 7, "em_favela": true }, "geometry": { "type": "Polygon", "coordinates": [ [ [ -46.701089, -23.456978 ], [ -46.70108, -23.457046 ], [ -46.701398, -23.457128 ], [ -46.701923, -23.457155 ], [ -46.702099, -23.457107 ], [ -46.702552, -23.4565 ], [ -46.7025, -23.456457 ], [ -46.702591, -23.456318 ], [ -46.702499, -23.456268 ], [ -46.702525, -23.456203 ], [ -46.702142, -23.456149 ], [ -46.702111, -23.456341 ], [ -46.701938, -23.456566 ], [ -46.701783, -23.456632 ], [ -46.701509, -23.456655 ], [ -46.7017, -23.456893 ], [ -46.701578, -23.45693 ], [ -46.701588, -23.456989 ], [ -46.701089, -23.456978 ] ] ] } },
{ "type": "Feature", "properties": { "CD_SETOR": "355030811000631", "faces": 9, "pavimentada": 100.0, "bueiro": 0.0, "iluminacao": 77.78, "onibus": 0.0, "ciclovia": 0.0, "calcada": 33.33, "obstaculo": 100.0, "rampa": 0.0, "rampa_faces": 0.0, "sem_calcada": 66.67, "sem_arvore": 88.89, "muitas_arvores": 11.11, "vao": 100.0, "V05400": 9, "V05421": 3, "V05406": 9, "V05412": 7, "V05422": 6, "V05424": 3, "V05427": 0, "V05409": 0, "V05415": 0, "V05418": 0, "V05430": 8, "V05433": 1, "criancas_0a4": 36, "em_favela": true }, "geometry": { "type": "Polygon", "coordinates": [ [ [ -46.685507, -23.459044 ], [ -46.685447, -23.459137 ], [ -46.685389, -23.459105 ], [ -46.68511, -23.45919 ], [ -46.684787, -23.459037 ], [ -46.684747, -23.459128 ], [ -46.684391, -23.45942 ], [ -46.684613, -23.459565 ], [ -46.684936, -23.459875 ], [ -46.685888, -23.459435 ], [ -46.68579, -23.459238 ], [ -46.68583, -23.459143 ], [ -46.685745, -23.45918 ], [ -46.685507, -23.459044 ] ] ] } },
{ "type": "Feature", "properties": { "CD_SETOR": "355030811000632", "faces": 1, "pavimentada": 100.0, "bueiro": 100.0, "iluminacao": 100.0, "onibus": 0.0, "ciclovia": 0.0, "calcada": 100.0, "obstaculo": 100.0, "rampa": 0.0, "rampa_faces": 0.0, "sem_calcada": 0.0, "sem_arvore": 100.0, "muitas_arvores": 0.0, "vao": 100.0, "V05400": 1, "V05421": 1, "V05406": 1, "V05412": 1, "V05422": 0, "V05424": 1, "V05427": 0, "V05409": 1, "V05415": 0, "V05418": 0, "V05430": 1, "V05433": 0, "criancas_0a4": 13, "em_favela": true }, "geometry": { "type": "Polygon", "coordinates": [ [ [ -46.684617, -23.458963 ], [ -46.68511, -23.45919 ], [ -46.685389, -23.459105 ], [ -46.685447, -23.459137 ], [ -46.685507, -23.459044 ], [ -46.685365, -23.458982 ], [ -46.685306, -23.458898 ], [ -46.685005, -23.458929 ], [ -46.684709, -23.458828 ], [ -46.684617, -23.458963 ] ] ] } },
{ "type": "Feature", "properties": { "CD_SETOR": "355030811000634", "faces": 2, "pavimentada": 100.0, "bueiro": 50.0, "iluminacao": 100.0, "onibus": 50.0, "ciclovia": 0.0, "calcada": 50.0, "obstaculo": 100.0, "rampa": 100.0, "rampa_faces": 50.0, "sem_calcada": 50.0, "sem_arvore": 50.0, "muitas_arvores": 50.0, "vao": 50.0, "V05400": 2, "V05421": 1, "V05406": 2, "V05412": 2, "V05422": 1, "V05424": 1, "V05427": 1, "V05409": 1, "V05415": 1, "V05418": 0, "V05430": 1, "V05433": 1, "criancas_0a4": 27, "em_favela": true }, "geometry": { "type": "Polygon", "coordinates": [ [ [ -46.688669, -23.449783 ], [ -46.688628, -23.449927 ], [ -46.688889, -23.449936 ], [ -46.68875, -23.450364 ], [ -46.688873, -23.450688 ], [ -46.689616, -23.450285 ], [ -46.68989, -23.450241 ], [ -46.689861, -23.449867 ], [ -46.689193, -23.449771 ], [ -46.688669, -23.449783 ] ] ] } },
{ "type": "Feature", "properties": { "CD_SETOR": "355030811000635", "faces": 2, "pavimentada": 100.0, "bueiro": 0.0, "iluminacao": 100.0, "onibus": 0.0, "ciclovia": 0.0, "calcada": 100.0, "obstaculo": 100.0, "rampa": 0.0, "rampa_faces": 0.0, "sem_calcada": 0.0, "sem_arvore": 100.0, "muitas_arvores": 0.0, "vao": 100.0, "V05400": 2, "V05421": 2, "V05406": 2, "V05412": 2, "V05422": 0, "V05424": 2, "V05427": 0, "V05409": 0, "V05415": 0, "V05418": 0, "V05430": 2, "V05433": 0, "criancas_0a4": 17, "em_favela": false }, "geometry": { "type": "Polygon", "coordinates": [ [ [ -46.684787, -23.459037 ], [ -46.684381, -23.458852 ], [ -46.684465, -23.458703 ], [ -46.683832, -23.457609 ], [ -46.683525, -23.457745 ], [ -46.683725, -23.458163 ], [ -46.683743, -23.458401 ], [ -46.683667, -23.45855 ], [ -46.683213, -23.458812 ], [ -46.683128, -23.458904 ], [ -46.683025, -23.459295 ], [ -46.683373, -23.459175 ], [ -46.683576, -23.459164 ], [ -46.684124, -23.45929 ], [ -46.684391, -23.45942 ], [ -46.684747, -23.459128 ], [ -46.684787, -23.459037 ] ] ] } },
{ "type": "Feature", "properties": { "CD_SETOR": "355030811000636", "faces": 4, "pavimentada": 100.0, "bueiro": 75.0, "iluminacao": 100.0, "onibus": 0.0, "ciclovia": 0.0, "calcada": 75.0, "obstaculo": 100.0, "rampa": 0.0, "rampa_faces": 0.0, "sem_calcada": 25.0, "sem_arvore": 50.0, "muitas_arvores": 50.0, "vao": 100.0, "V05400": 4, "V05421": 3, "V05406": 4, "V05412": 4, "V05422": 1, "V05424": 3, "V05427": 0, "V05409": 3, "V05415": 0, "V05418": 0, "V05430": 2, "V05433": 2, "criancas_0a4": 14, "em_favela": true }, "geometry": { "type": "Polygon", "coordinates": [ [ [ -46.684099, -23.457425 ], [ -46.683979, -23.457345 ], [ -46.68403, -23.457285 ], [ -46.683878, -23.457186 ], [ -46.683663, -23.457305 ], [ -46.683512, -23.45772 ], [ -46.683832, -23.457609 ], [ -46.684465, -23.458703 ], [ -46.684381, -23.458852 ], [ -46.684617, -23.458963 ], [ -46.684709, -23.458828 ], [ -46.684493, -23.458635 ], [ -46.684418, -23.458384 ], [ -46.6845, -23.458089 ], [ -46.684587, -23.457984 ], [ -46.684054, -23.45761 ], [ -46.684099, -23.457425 ] ] ] } },
{ "type": "Feature", "properties": { "CD_SETOR": "355030811000637", "faces": 9, "pavimentada": 88.89, "bueiro": 33.33, "iluminacao": 88.89, "onibus": 0.0, "ciclovia": 0.0, "calcada": 55.56, "obstaculo": 80.0, "rampa": 0.0, "rampa_faces": 0.0, "sem_calcada": 44.44, "sem_arvore": 100.0, "muitas_arvores": 0.0, "vao": 88.89, "V05400": 9, "V05421": 5, "V05406": 8, "V05412": 8, "V05422": 4, "V05424": 4, "V05427": 0, "V05409": 3, "V05415": 0, "V05418": 0, "V05430": 9, "V05433": 0, "criancas_0a4": 24, "em_favela": true }, "geometry": { "type": "Polygon", "coordinates": [ [ [ -46.686094, -23.464197 ], [ -46.686178, -23.464339 ], [ -46.686454, -23.464367 ], [ -46.686461, -23.464333 ], [ -46.686752, -23.464459 ], [ -46.686938, -23.464774 ], [ -46.687267, -23.464473 ], [ -46.687511, -23.464371 ], [ -46.68767, -23.464561 ], [ -46.688056, -23.464366 ], [ -46.688183, -23.464218 ], [ -46.688453, -23.464111 ], [ -46.688353, -23.463605 ], [ -46.688249, -23.463475 ], [ -46.687565, -23.46395 ], [ -46.687351, -23.463976 ], [ -46.686669, -23.463814 ], [ -46.686353, -23.463787 ], [ -46.686094, -23.464197 ] ] ] } },
{ "type": "Feature", "properties": { "CD_SETOR": "355030811000641", "faces": 10, "pavimentada": 100.0, "bueiro": 20.0, "iluminacao": 100.0, "onibus": 10.0, "ciclovia": 0.0, "calcada": 60.0, "obstaculo": 100.0, "rampa": 0.0, "rampa_faces": 0.0, "sem_calcada": 40.0, "sem_arvore": 60.0, "muitas_arvores": 0.0, "vao": 100.0, "V05400": 10, "V05421": 6, "V05406": 10, "V05412": 10, "V05422": 4, "V05424": 6, "V05427": 0, "V05409": 2, "V05415": 1, "V05418": 0, "V05430": 6, "V05433": 0, "criancas_0a4": 14, "em_favela": false }, "geometry": { "type": "Polygon", "coordinates": [ [ [ -46.700761, -23.462485 ], [ -46.700792, -23.462518 ], [ -46.700696, -23.463241 ], [ -46.701025, -23.463351 ], [ -46.700917, -23.463561 ], [ -46.701087, -23.46372 ], [ -46.701193, -23.463581 ], [ -46.701299, -23.462886 ], [ -46.701298, -23.462335 ], [ -46.701238, -23.46209 ], [ -46.701438, -23.461728 ], [ -46.701118, -23.461427 ], [ -46.700657, -23.461848 ], [ -46.700515, -23.46205 ], [ -46.700773, -23.46217 ], [ -46.701103, -23.46213 ], [ -46.700761, -23.462485 ] ] ] } },
{ "type": "Feature", "properties": { "CD_SETOR": "355030811000642", "faces": 7, "pavimentada": 100.0, "bueiro": 0.0, "iluminacao": 85.71, "onibus": 0.0, "ciclovia": 0.0, "calcada": 28.57, "obstaculo": 100.0, "rampa": 0.0, "rampa_faces": 0.0, "sem_calcada": 71.43, "sem_arvore": 85.71, "muitas_arvores": 0.0, "vao": 100.0, "V05400": 7, "V05421": 2, "V05406": 7, "V05412": 6, "V05422": 5, "V05424": 2, "V05427": 0, "V05409": 0, "V05415": 0, "V05418": 0, "V05430": 6, "V05433": 0, "criancas_0a4": 26, "em_favela": true }, "geometry": { "type": "Polygon", "coordinates": [ [ [ -46.701087, -23.46372 ], [ -46.700917, -23.463561 ], [ -46.701025, -23.463351 ], [ -46.700696, -23.463241 ], [ -46.700792, -23.462518 ], [ -46.700761, -23.462485 ], [ -46.700632, -23.46259 ], [ -46.699948, -23.463557 ], [ -46.700297, -23.463813 ], [ -46.700369, -23.463701 ], [ -46.700846, -23.464036 ], [ -46.701087, -23.46372 ] ] ] } },
{ "type": "Feature", "properties": { "CD_SETOR": "355030811000643", "faces": 4, "pavimentada": 100.0, "bueiro": 0.0, "iluminacao": 100.0, "onibus": 25.0, "ciclovia": 0.0, "calcada": 75.0, "obstaculo": 100.0, "rampa": 33.33, "rampa_faces": 25.0, "sem_calcada": 25.0, "sem_arvore": 75.0, "muitas_arvores": 0.0, "vao": 75.0, "V05400": 4, "V05421": 3, "V05406": 4, "V05412": 4, "V05422": 1, "V05424": 3, "V05427": 1, "V05409": 0, "V05415": 1, "V05418": 0, "V05430": 3, "V05433": 0, "criancas_0a4": 32, "em_favela": true }, "geometry": { "type": "Polygon", "coordinates": [ [ [ -46.682485, -23.457396 ], [ -46.682875, -23.457753 ], [ -46.683234, -23.457021 ], [ -46.683047, -23.456628 ], [ -46.682861, -23.456452 ], [ -46.68253, -23.456266 ], [ -46.681586, -23.456049 ], [ -46.681618, -23.456148 ], [ -46.681875, -23.456377 ], [ -46.682483, -23.456669 ], [ -46.682616, -23.456794 ], [ -46.682674, -23.456916 ], [ -46.682678, -23.457078 ], [ -46.682485, -23.457396 ] ] ] } },
{ "type": "Feature", "properties": { "CD_SETOR": "355030811000644", "faces": 1, "pavimentada": 100.0, "bueiro": 0.0, "iluminacao": 100.0, "onibus": 0.0, "ciclovia": 0.0, "calcada": 0.0, "obstaculo": null, "rampa": null, "rampa_faces": 0.0, "sem_calcada": 100.0, "sem_arvore": 100.0, "muitas_arvores": 0.0, "vao": 100.0, "V05400": 1, "V05421": 0, "V05406": 1, "V05412": 1, "V05422": 1, "V05424": 0, "V05427": 0, "V05409": 0, "V05415": 0, "V05418": 0, "V05430": 1, "V05433": 0, "criancas_0a4": 0, "em_favela": false }, "geometry": { "type": "Polygon", "coordinates": [ [ [ -46.682875, -23.457753 ], [ -46.682485, -23.457396 ], [ -46.682112, -23.457773 ], [ -46.681612, -23.458025 ], [ -46.681988, -23.458565 ], [ -46.682445, -23.458216 ], [ -46.682875, -23.457753 ] ] ] } },
{ "type": "Feature", "properties": { "CD_SETOR": "355030811000645", "faces": 6, "pavimentada": 100.0, "bueiro": 66.67, "iluminacao": 100.0, "onibus": 16.67, "ciclovia": 0.0, "calcada": 100.0, "obstaculo": 100.0, "rampa": 16.67, "rampa_faces": 16.67, "sem_calcada": 0.0, "sem_arvore": 66.67, "muitas_arvores": 0.0, "vao": 83.33, "V05400": 6, "V05421": 6, "V05406": 6, "V05412": 6, "V05422": 0, "V05424": 6, "V05427": 1, "V05409": 4, "V05415": 1, "V05418": 0, "V05430": 4, "V05433": 0, "criancas_0a4": 26, "em_favela": false }, "geometry": { "type": "Polygon", "coordinates": [ [ [ -46.702585, -23.446446 ], [ -46.702433, -23.446854 ], [ -46.702356, -23.447346 ], [ -46.702413, -23.447653 ], [ -46.702492, -23.447787 ], [ -46.702671, -23.447903 ], [ -46.702849, -23.447481 ], [ -46.703096, -23.4472 ], [ -46.704558, -23.446236 ], [ -46.704165, -23.445953 ], [ -46.703966, -23.445647 ], [ -46.703387, -23.445117 ], [ -46.703168, -23.445241 ], [ -46.703244, -23.445513 ], [ -46.703102, -23.445532 ], [ -46.702924, -23.445707 ], [ -46.702981, -23.446046 ], [ -46.70294, -23.446218 ], [ -46.702585, -23.446446 ] ] ] } },
{ "type": "Feature", "properties": { "CD_SETOR": "355030811000646", "faces": 19, "pavimentada": 57.89, "bueiro": 10.53, "iluminacao": 52.63, "onibus": 5.26, "ciclovia": 0.0, "calcada": 21.05, "obstaculo": 100.0, "rampa": 0.0, "rampa_faces": 0.0, "sem_calcada": 68.42, "sem_arvore": 78.95, "muitas_arvores": 0.0, "vao": 57.89, "V05400": 19, "V05421": 4, "V05406": 11, "V05412": 10, "V05422": 13, "V05424": 4, "V05427": 0, "V05409": 2, "V05415": 1, "V05418": 0, "V05430": 15, "V05433": 0, "criancas_0a4": 47, "em_favela": true }, "geometry": { "type": "Polygon", "coordinates": [ [ [ -46.693451, -23.446298 ], [ -46.692945, -23.44632 ], [ -46.692386, -23.446281 ], [ -46.692354, -23.447956 ], [ -46.692903, -23.448162 ], [ -46.692986, -23.448143 ], [ -46.693134, -23.44797 ], [ -46.693268, -23.447655 ], [ -46.693361, -23.447558 ], [ -46.693907, -23.447203 ], [ -46.694127, -23.446991 ], [ -46.694379, -23.446932 ], [ -46.694594, -23.446947 ], [ -46.695054, -23.447203 ], [ -46.695461, -23.446863 ], [ -46.695828, -23.446408 ], [ -46.696128, -23.446494 ], [ -46.696489, -23.445891 ], [ -46.696766, -23.445967 ], [ -46.69699, -23.44544 ], [ -46.696683, -23.445445 ], [ -46.696088, -23.445728 ], [ -46.695749, -23.445791 ], [ -46.695365, -23.445707 ], [ -46.695098, -23.445706 ], [ -46.695111, -23.445319 ], [ -46.694585, -23.44521 ], [ -46.694271, -23.445263 ], [ -46.694444, -23.445821 ], [ -46.693451, -23.446298 ] ] ] } },
{ "type": "Feature", "properties": { "CD_SETOR": "355030811000647", "faces": 13, "pavimentada": 100.0, "bueiro": 23.08, "iluminacao": 100.0, "onibus": 23.08, "ciclovia": 0.0, "calcada": 84.62, "obstaculo": 100.0, "rampa": 0.0, "rampa_faces": 0.0, "sem_calcada": 15.38, "sem_arvore": 69.23, "muitas_arvores": 7.69, "vao": 100.0, "V05400": 13, "V05421": 11, "V05406": 13, "V05412": 13, "V05422": 2, "V05424": 11, "V05427": 0, "V05409": 3, "V05415": 3, "V05418": 0, "V05430": 9, "V05433": 1, "criancas_0a4": 42, "em_favela": false }, "geometry": { "type": "Polygon", "coordinates": [ [ [ -46.687965, -23.453024 ], [ -46.687444, -23.453027 ], [ -46.687405, -23.453822 ], [ -46.687676, -23.453898 ], [ -46.688591, -23.453964 ], [ -46.689045, -23.453807 ], [ -46.689597, -23.453514 ], [ -46.689734, -23.453502 ], [ -46.689873, -23.453541 ], [ -46.690471, -23.454004 ], [ -46.690895, -23.453262 ], [ -46.690832, -23.452836 ], [ -46.688631, -23.452966 ], [ -46.68855, -23.452893 ], [ -46.688402, -23.452883 ], [ -46.687969, -23.452931 ], [ -46.687965, -23.453024 ] ] ] } },
{ "type": "Feature", "properties": { "CD_SETOR": "355030811000648", "faces": 8, "pavimentada": 100.0, "bueiro": 87.5, "iluminacao": 100.0, "onibus": 25.0, "ciclovia": 0.0, "calcada": 62.5, "obstaculo": 100.0, "rampa": 20.0, "rampa_faces": 12.5, "sem_calcada": 37.5, "sem_arvore": 62.5, "muitas_arvores": 12.5, "vao": 87.5, "V05400": 8, "V05421": 5, "V05406": 8, "V05412": 8, "V05422": 3, "V05424": 5, "V05427": 1, "V05409": 7, "V05415": 2, "V05418": 0, "V05430": 5, "V05433": 1, "criancas_0a4": 37, "em_favela": false }, "geometry": { "type": "Polygon", "coordinates": [ [ [ -46.687476, -23.450495 ], [ -46.687718, -23.451192 ], [ -46.687848, -23.451435 ], [ -46.688098, -23.451795 ], [ -46.688191, -23.451843 ], [ -46.688316, -23.451784 ], [ -46.688581, -23.451424 ], [ -46.689545, -23.450876 ], [ -46.689864, -23.450838 ], [ -46.690634, -23.451037 ], [ -46.690811, -23.451043 ], [ -46.690359, -23.450438 ], [ -46.690224, -23.450327 ], [ -46.690031, -23.450256 ], [ -46.689811, -23.450238 ], [ -46.689616, -23.450285 ], [ -46.688873, -23.450688 ], [ -46.68875, -23.450364 ], [ -46.688889, -23.449936 ], [ -46.688628, -23.449927 ], [ -46.688669, -23.449783 ], [ -46.687864, -23.449828 ], [ -46.687667, -23.449772 ], [ -46.687607, -23.450191 ], [ -46.687476, -23.450495 ] ] ] } },
{ "type": "Feature", "properties": { "CD_SETOR": "355030811000650", "faces": 5, "pavimentada": 100.0, "bueiro": 100.0, "iluminacao": 100.0, "onibus": 40.0, "ciclovia": 20.0, "calcada": 100.0, "obstaculo": 100.0, "rampa": 0.0, "rampa_faces": 0.0, "sem_calcada": 0.0, "sem_arvore": 20.0, "muitas_arvores": 40.0, "vao": 100.0, "V05400": 5, "V05421": 5, "V05406": 5, "V05412": 5, "V05422": 0, "V05424": 5, "V05427": 0, "V05409": 5, "V05415": 2, "V05418": 1, "V05430": 1, "V05433": 2, "criancas_0a4": 19, "em_favela": false }, "geometry": { "type": "Polygon", "coordinates": [ [ [ -46.695111, -23.445319 ], [ -46.695098, -23.445706 ], [ -46.695365, -23.445707 ], [ -46.695749, -23.445791 ], [ -46.696088, -23.445728 ], [ -46.696458, -23.445524 ], [ -46.696683, -23.445445 ], [ -46.696867, -23.445438 ], [ -46.696866, -23.44527 ], [ -46.697137, -23.445291 ], [ -46.69742, -23.4454 ], [ -46.697616, -23.445148 ], [ -46.697744, -23.44474 ], [ -46.697635, -23.444654 ], [ -46.697921, -23.444568 ], [ -46.69814, -23.444621 ], [ -46.698152, -23.44443 ], [ -46.697804, -23.443919 ], [ -46.697671, -23.443464 ], [ -46.697619, -23.442929 ], [ -46.697736, -23.44251 ], [ -46.698058, -23.442112 ], [ -46.69699, -23.44101 ], [ -46.694807, -23.441424 ], [ -46.694529, -23.441687 ], [ -46.692611, -23.441756 ], [ -46.692648, -23.441966 ], [ -46.692329, -23.44238 ], [ -46.691974, -23.442639 ], [ -46.691392, -23.442901 ], [ -46.691132, -23.443142 ], [ -46.690978, -23.443483 ], [ -46.690937, -23.44383 ], [ -46.690825, -23.443978 ], [ -46.69065, -23.444076 ], [ -46.690445, -23.444024 ], [ -46.690224, -23.443746 ], [ -46.689589, -23.443799 ], [ -46.689239, -23.443744 ], [ -46.688338, -23.443482 ], [ -46.68799, -23.443251 ], [ -46.687856, -23.442998 ], [ -46.687699, -23.442938 ], [ -46.687624, -23.443372 ], [ -46.687633, -23.443783 ], [ -46.687766, -23.444399 ], [ -46.68786, -23.444507 ], [ -46.686575, -23.444822 ], [ -46.686412, -23.444835 ], [ -46.686181, -23.444717 ], [ -46.68601, -23.444748 ], [ -46.685218, -23.445053 ], [ -46.685, -23.445224 ], [ -46.684277, -23.445165 ], [ -46.68431, -23.444631 ], [ -46.684405, -23.4443 ], [ -46.683584, -23.443588 ], [ -46.683173, -23.443117 ], [ -46.682968, -23.442501 ], [ -46.682618, -23.442441 ], [ -46.68222, -23.442622 ], [ -46.681423, -23.442598 ], [ -46.680529, -23.442031 ], [ -46.680083, -23.442284 ], [ -46.678873, -23.442465 ], [ -46.678245, -23.4422 ], [ -46.678112, -23.442598 ], [ -46.678124, -23.443226 ], [ -46.678462, -23.444385 ], [ -46.678404, -23.444806 ], [ -46.678025, -23.4446 ], [ -46.676793, -23.444521 ], [ -46.676749, -23.444782 ], [ -46.676097, -23.445188 ], [ -46.672555, -23.44648 ], [ -46.672895, -23.446719 ], [ -46.673107, -23.446763 ], [ -46.67318, -23.446836 ], [ -46.67358, -23.447502 ], [ -46.674333, -23.448552 ], [ -46.67454, -23.449261 ], [ -46.675405, -23.450431 ], [ -46.674446, -23.451885 ], [ -46.675553, -23.45217 ], [ -46.675976, -23.451367 ], [ -46.676483, -23.450728 ], [ -46.676708, -23.450538 ], [ -46.677482, -23.450453 ], [ -46.678862, -23.450553 ], [ -46.679163, -23.450509 ], [ -46.67905, -23.449984 ], [ -46.679084, -23.449773 ], [ -46.679283, -23.449491 ], [ -46.679183, -23.449427 ], [ -46.679268, -23.449297 ], [ -46.679478, -23.448698 ], [ -46.679667, -23.448431 ], [ -46.679942, -23.448275 ], [ -46.680229, -23.448183 ], [ -46.680303, -23.44824 ], [ -46.680626, -23.448943 ], [ -46.680793, -23.449143 ], [ -46.680853, -23.449295 ], [ -46.680825, -23.449406 ], [ -46.680672, -23.449509 ], [ -46.680713, -23.449531 ], [ -46.68123, -23.449688 ], [ -46.681718, -23.449923 ], [ -46.681921, -23.449862 ], [ -46.682223, -23.449852 ], [ -46.682907, -23.449926 ], [ -46.683449, -23.45007 ], [ -46.683466, -23.449856 ], [ -46.683735, -23.449846 ], [ -46.683749, -23.449726 ], [ -46.684287, -23.449217 ], [ -46.684302, -23.448871 ], [ -46.684171, -23.448458 ], [ -46.684192, -23.448186 ], [ -46.684484, -23.4476 ], [ -46.68473, -23.447296 ], [ -46.684924, -23.447348 ], [ -46.685149, -23.447255 ], [ -46.685276, -23.447458 ], [ -46.685355, -23.447136 ], [ -46.687261, -23.446593 ], [ -46.688624, -23.446337 ], [ -46.689271, -23.446325 ], [ -46.689683, -23.446387 ], [ -46.689865, -23.445608 ], [ -46.690558, -23.445785 ], [ -46.690636, -23.445321 ], [ -46.690619, -23.445149 ], [ -46.691819, -23.44535 ], [ -46.692373, -23.445346 ], [ -46.692386, -23.446281 ], [ -46.692945, -23.44632 ], [ -46.693451, -23.446298 ], [ -46.694444, -23.445821 ], [ -46.694271, -23.445263 ], [ -46.694585, -23.44521 ], [ -46.695111, -23.445319 ] ] ] } },
{ "type": "Feature", "properties": { "CD_SETOR": "355030811000654", "faces": 25, "pavimentada": 44.0, "bueiro": 0.0, "iluminacao": 72.0, "onibus": 0.0, "ciclovia": 0.0, "calcada": 0.0, "obstaculo": null, "rampa": null, "rampa_faces": 0.0, "sem_calcada": 92.0, "sem_arvore": 88.0, "muitas_arvores": 0.0, "vao": 44.0, "V05400": 25, "V05421": 0, "V05406": 11, "V05412": 18, "V05422": 23, "V05424": 0, "V05427": 0, "V05409": 0, "V05415": 0, "V05418": 0, "V05430": 22, "V05433": 0, "criancas_0a4": 32, "em_favela": true }, "geometry": { "type": "Polygon", "coordinates": [ [ [ -46.692827, -23.449997 ], [ -46.692734, -23.451314 ], [ -46.693018, -23.451252 ], [ -46.693368, -23.451007 ], [ -46.693734, -23.450929 ], [ -46.693866, -23.45081 ], [ -46.693829, -23.45048 ], [ -46.693891, -23.450312 ], [ -46.693931, -23.450329 ], [ -46.694467, -23.449662 ], [ -46.694773, -23.449552 ], [ -46.694872, -23.449572 ], [ -46.695088, -23.448917 ], [ -46.695362, -23.448519 ], [ -46.695046, -23.448322 ], [ -46.694321, -23.44915 ], [ -46.694033, -23.448933 ], [ -46.692827, -23.449997 ] ] ] } },
{ "type": "Feature", "properties": { "CD_SETOR": "355030811000655", "faces": 5, "pavimentada": 100.0, "bueiro": 20.0, "iluminacao": 100.0, "onibus": 0.0, "ciclovia": 0.0, "calcada": 80.0, "obstaculo": 100.0, "rampa": 0.0, "rampa_faces": 0.0, "sem_calcada": 20.0, "sem_arvore": 60.0, "muitas_arvores": 20.0, "vao": 100.0, "V05400": 5, "V05421": 4, "V05406": 5, "V05412": 5, "V05422": 1, "V05424": 4, "V05427": 0, "V05409": 1, "V05415": 0, "V05418": 0, "V05430": 3, "V05433": 1, "criancas_0a4": 59, "em_favela": false }, "geometry": { "type": "Polygon", "coordinates": [ [ [ -46.704895, -23.442272 ], [ -46.705138, -23.441896 ], [ -46.705179, -23.441162 ], [ -46.705111, -23.440603 ], [ -46.705016, -23.44044 ], [ -46.704997, -23.44017 ], [ -46.705145, -23.439861 ], [ -46.705473, -23.439658 ], [ -46.70586, -23.439228 ], [ -46.705553, -23.4387 ], [ -46.70529, -23.438526 ], [ -46.704963, -23.439012 ], [ -46.703365, -23.441065 ], [ -46.703843, -23.442479 ], [ -46.704058, -23.442406 ], [ -46.704895, -23.442272 ] ] ] } },
{ "type": "Feature", "properties": { "CD_SETOR": "355030811000656", "faces": 4, "pavimentada": 75.0, "bueiro": 50.0, "iluminacao": 100.0, "onibus": 0.0, "ciclovia": 0.0, "calcada": 75.0, "obstaculo": 100.0, "rampa": 0.0, "rampa_faces": 0.0, "sem_calcada": 25.0, "sem_arvore": 75.0, "muitas_arvores": 0.0, "vao": 75.0, "V05400": 4, "V05421": 3, "V05406": 3, "V05412": 4, "V05422": 1, "V05424": 3, "V05427": 0, "V05409": 2, "V05415": 0, "V05418": 0, "V05430": 3, "V05433": 0, "criancas_0a4": 31, "em_favela": false }, "geometry": { "type": "Polygon", "coordinates": [ [ [ -46.70586, -23.439228 ], [ -46.705473, -23.439658 ], [ -46.705145, -23.439861 ], [ -46.704997, -23.44017 ], [ -46.705016, -23.44044 ], [ -46.705111, -23.440603 ], [ -46.705179, -23.441162 ], [ -46.705138, -23.441896 ], [ -46.704895, -23.442272 ], [ -46.704981, -23.442281 ], [ -46.705214, -23.441964 ], [ -46.705328, -23.441888 ], [ -46.705366, -23.4416 ], [ -46.70589, -23.441057 ], [ -46.705608, -23.440366 ], [ -46.706167, -23.43919 ], [ -46.70586, -23.439228 ] ] ] } },
{ "type": "Feature", "properties": { "CD_SETOR": "355030811000657", "faces": 18, "pavimentada": 94.44, "bueiro": 38.89, "iluminacao": 94.44, "onibus": 16.67, "ciclovia": 0.0, "calcada": 83.33, "obstaculo": 100.0, "rampa": 0.0, "rampa_faces": 0.0, "sem_calcada": 16.67, "sem_arvore": 55.56, "muitas_arvores": 0.0, "vao": 94.44, "V05400": 18, "V05421": 15, "V05406": 17, "V05412": 17, "V05422": 3, "V05424": 15, "V05427": 0, "V05409": 7, "V05415": 3, "V05418": 0, "V05430": 10, "V05433": 0, "criancas_0a4": 47, "em_favela": false }, "geometry": { "type": "Polygon", "coordinates": [ [ [ -46.691879, -23.452782 ], [ -46.691726, -23.452643 ], [ -46.69138, -23.452671 ], [ -46.69092, -23.451804 ], [ -46.69078, -23.45166 ], [ -46.690164, -23.45146 ], [ -46.689814, -23.451419 ], [ -46.689452, -23.451541 ], [ -46.689127, -23.451724 ], [ -46.688758, -23.452097 ], [ -46.688682, -23.452409 ], [ -46.688715, -23.452794 ], [ -46.688631, -23.452966 ], [ -46.691879, -23.452782 ] ] ] } },
{ "type": "Feature", "properties": { "CD_SETOR": "355030811000658", "faces": 3, "pavimentada": 100.0, "bueiro": 100.0, "iluminacao": 100.0, "onibus": 33.33, "ciclovia": 0.0, "calcada": 100.0, "obstaculo": 100.0, "rampa": 33.33, "rampa_faces": 33.33, "sem_calcada": 0.0, "sem_arvore": 66.67, "muitas_arvores": 33.33, "vao": 66.67, "V05400": 3, "V05421": 3, "V05406": 3, "V05412": 3, "V05422": 0, "V05424": 3, "V05427": 1, "V05409": 3, "V05415": 1, "V05418": 0, "V05430": 2, "V05433": 1, "criancas_0a4": 8, "em_favela": true }, "geometry": { "type": "Polygon", "coordinates": [ [ [ -46.691726, -23.452643 ], [ -46.691879, -23.452782 ], [ -46.692188, -23.452766 ], [ -46.692337, -23.452382 ], [ -46.692428, -23.451848 ], [ -46.692111, -23.451826 ], [ -46.69184, -23.452517 ], [ -46.691726, -23.452643 ] ] ] } },
{ "type": "Feature", "properties": { "CD_SETOR": "355030811000659", "faces": 2, "pavimentada": 100.0, "bueiro": 50.0, "iluminacao": 100.0, "onibus": 0.0, "ciclovia": 0.0, "calcada": 100.0, "obstaculo": 100.0, "rampa": 0.0, "rampa_faces": 0.0, "sem_calcada": 0.0, "sem_arvore": 50.0, "muitas_arvores": 0.0, "vao": 100.0, "V05400": 2, "V05421": 2, "V05406": 2, "V05412": 2, "V05422": 0, "V05424": 2, "V05427": 0, "V05409": 1, "V05415": 0, "V05418": 0, "V05430": 1, "V05433": 0, "criancas_0a4": 14, "em_favela": true }, "geometry": { "type": "Polygon", "coordinates": [ [ [ -46.700985, -23.461322 ], [ -46.701321, -23.461008 ], [ -46.701097, -23.46073 ], [ -46.699853, -23.460383 ], [ -46.700985, -23.461322 ] ] ] } },
{ "type": "Feature", "properties": { "CD_SETOR": "355030811000660", "faces": 2, "pavimentada": 100.0, "bueiro": 50.0, "iluminacao": 100.0, "onibus": 0.0, "ciclovia": 0.0, "calcada": 0.0, "obstaculo": null, "rampa": null, "rampa_faces": 0.0, "sem_calcada": 100.0, "sem_arvore": 100.0, "muitas_arvores": 0.0, "vao": 100.0, "V05400": 2, "V05421": 0, "V05406": 2, "V05412": 2, "V05422": 2, "V05424": 0, "V05427": 0, "V05409": 1, "V05415": 0, "V05418": 0, "V05430": 2, "V05433": 0, "criancas_0a4": 3, "em_favela": true }, "geometry": { "type": "Polygon", "coordinates": [ [ [ -46.697461, -23.458756 ], [ -46.697172, -23.458805 ], [ -46.697085, -23.458898 ], [ -46.697372, -23.459401 ], [ -46.697595, -23.459281 ], [ -46.697582, -23.459002 ], [ -46.697461, -23.458756 ] ] ] } },
{ "type": "Feature", "properties": { "CD_SETOR": "355030811000661", "faces": 5, "pavimentada": 100.0, "bueiro": 20.0, "iluminacao": 100.0, "onibus": 20.0, "ciclovia": 0.0, "calcada": 80.0, "obstaculo": 75.0, "rampa": 0.0, "rampa_faces": 0.0, "sem_calcada": 20.0, "sem_arvore": 40.0, "muitas_arvores": 0.0, "vao": 100.0, "V05400": 5, "V05421": 4, "V05406": 5, "V05412": 5, "V05422": 1, "V05424": 3, "V05427": 0, "V05409": 1, "V05415": 1, "V05418": 0, "V05430": 2, "V05433": 0, "criancas_0a4": 16, "em_favela": false }, "geometry": { "type": "Polygon", "coordinates": [ [ [ -46.701097, -23.46073 ], [ -46.701321, -23.461008 ], [ -46.700985, -23.461322 ], [ -46.701438, -23.461728 ], [ -46.702371, -23.461239 ], [ -46.701647, -23.460689 ], [ -46.701348, -23.460561 ], [ -46.701097, -23.46073 ] ] ] } },
{ "type": "Feature", "properties": { "CD_SETOR": "355030811000662", "faces": 19, "pavimentada": 100.0, "bueiro": 52.63, "iluminacao": 100.0, "onibus": 15.79, "ciclovia": 0.0, "calcada": 78.95, "obstaculo": 100.0, "rampa": 0.0, "rampa_faces": 0.0, "sem_calcada": 21.05, "sem_arvore": 73.68, "muitas_arvores": 0.0, "vao": 100.0, "V05400": 19, "V05421": 15, "V05406": 19, "V05412": 19, "V05422": 4, "V05424": 15, "V05427": 0, "V05409": 10, "V05415": 3, "V05418": 0, "V05430": 14, "V05433": 0, "criancas_0a4": 37, "em_favela": false }, "geometry": { "type": "Polygon", "coordinates": [ [ [ -46.694501, -23.463465 ], [ -46.694623, -23.463456 ], [ -46.694613, -23.46365 ], [ -46.694688, -23.463679 ], [ -46.694613, -23.46389 ], [ -46.694458, -23.463859 ], [ -46.694478, -23.46389 ], [ -46.694349, -23.463917 ], [ -46.69464, -23.464661 ], [ -46.695114, -23.464817 ], [ -46.695459, -23.464234 ], [ -46.696029, -23.462825 ], [ -46.694463, -23.463003 ], [ -46.694501, -23.463465 ] ] ] } },
{ "type": "Feature", "properties": { "CD_SETOR": "355030811000663", "faces": 2, "pavimentada": 100.0, "bueiro": 0.0, "iluminacao": 100.0, "onibus": 0.0, "ciclovia": 0.0, "calcada": 0.0, "obstaculo": null, "rampa": null, "rampa_faces": 0.0, "sem_calcada": 100.0, "sem_arvore": 100.0, "muitas_arvores": 0.0, "vao": 100.0, "V05400": 2, "V05421": 0, "V05406": 2, "V05412": 2, "V05422": 2, "V05424": 0, "V05427": 0, "V05409": 0, "V05415": 0, "V05418": 0, "V05430": 2, "V05433": 0, "criancas_0a4": 8, "em_favela": true }, "geometry": { "type": "Polygon", "coordinates": [ [ [ -46.694349, -23.463917 ], [ -46.694478, -23.46389 ], [ -46.694458, -23.463859 ], [ -46.694613, -23.46389 ], [ -46.694688, -23.463679 ], [ -46.694613, -23.46365 ], [ -46.694623, -23.463456 ], [ -46.694237, -23.46347 ], [ -46.694186, -23.463407 ], [ -46.694087, -23.463454 ], [ -46.694349, -23.463917 ] ] ] } },
{ "type": "Feature", "properties": { "CD_SETOR": "355030811000664", "faces": 8, "pavimentada": 100.0, "bueiro": 87.5, "iluminacao": 75.0, "onibus": 0.0, "ciclovia": 0.0, "calcada": 100.0, "obstaculo": 100.0, "rampa": 0.0, "rampa_faces": 0.0, "sem_calcada": 0.0, "sem_arvore": 100.0, "muitas_arvores": 0.0, "vao": 100.0, "V05400": 8, "V05421": 8, "V05406": 8, "V05412": 6, "V05422": 0, "V05424": 8, "V05427": 0, "V05409": 7, "V05415": 0, "V05418": 0, "V05430": 8, "V05433": 0, "criancas_0a4": 17, "em_favela": true }, "geometry": { "type": "Polygon", "coordinates": [ [ [ -46.696701, -23.463081 ], [ -46.696781, -23.463199 ], [ -46.696727, -23.46322 ], [ -46.69683, -23.463443 ], [ -46.696803, -23.463528 ], [ -46.696997, -23.463742 ], [ -46.696677, -23.464145 ], [ -46.697015, -23.464171 ], [ -46.697189, -23.463918 ], [ -46.697331, -23.463598 ], [ -46.697397, -23.463551 ], [ -46.697598, -23.463641 ], [ -46.697678, -23.463428 ], [ -46.697635, -23.463246 ], [ -46.697732, -23.462955 ], [ -46.697796, -23.462935 ], [ -46.697754, -23.462777 ], [ -46.697764, -23.462433 ], [ -46.697844, -23.462209 ], [ -46.697606, -23.462153 ], [ -46.697396, -23.461941 ], [ -46.697279, -23.462107 ], [ -46.696969, -23.463117 ], [ -46.696701, -23.463081 ] ] ] } },
{ "type": "Feature", "properties": { "CD_SETOR": "355030811000665", "faces": 2, "pavimentada": 100.0, "bueiro": 0.0, "iluminacao": 100.0, "onibus": 0.0, "ciclovia": 0.0, "calcada": 100.0, "obstaculo": 100.0, "rampa": 0.0, "rampa_faces": 0.0, "sem_calcada": 0.0, "sem_arvore": 50.0, "muitas_arvores": 0.0, "vao": 100.0, "V05400": 2, "V05421": 2, "V05406": 2, "V05412": 2, "V05422": 0, "V05424": 2, "V05427": 0, "V05409": 0, "V05415": 0, "V05418": 0, "V05430": 1, "V05433": 0, "criancas_0a4": 0, "em_favela": false }, "geometry": { "type": "Polygon", "coordinates": [ [ [ -46.696803, -23.463528 ], [ -46.69683, -23.463443 ], [ -46.696727, -23.46322 ], [ -46.696781, -23.463199 ], [ -46.696701, -23.463081 ], [ -46.696208, -23.4632 ], [ -46.695901, -23.463151 ], [ -46.695634, -23.463765 ], [ -46.696325, -23.46387 ], [ -46.696467, -23.463839 ], [ -46.69673, -23.463519 ], [ -46.696803, -23.463528 ] ] ] } },
{ "type": "Feature", "properties": { "CD_SETOR": "355030811000666", "faces": 20, "pavimentada": 85.0, "bueiro": 65.0, "iluminacao": 95.0, "onibus": 0.0, "ciclovia": 0.0, "calcada": 80.0, "obstaculo": 68.75, "rampa": 0.0, "rampa_faces": 0.0, "sem_calcada": 20.0, "sem_arvore": 70.0, "muitas_arvores": 0.0, "vao": 85.0, "V05400": 20, "V05421": 16, "V05406": 17, "V05412": 19, "V05422": 4, "V05424": 11, "V05427": 0, "V05409": 13, "V05415": 0, "V05418": 0, "V05430": 14, "V05433": 0, "criancas_0a4": 27, "em_favela": false }, "geometry": { "type": "Polygon", "coordinates": [ [ [ -46.703472, -23.461701 ], [ -46.703849, -23.461535 ], [ -46.704136, -23.461768 ], [ -46.703945, -23.461369 ], [ -46.706121, -23.460215 ], [ -46.706426, -23.459899 ], [ -46.706022, -23.459594 ], [ -46.705783, -23.459311 ], [ -46.705304, -23.45957 ], [ -46.704025, -23.460468 ], [ -46.70358, -23.461016 ], [ -46.703192, -23.461364 ], [ -46.703472, -23.461701 ] ] ] } },
{ "type": "Feature", "properties": { "CD_SETOR": "355030811000667", "faces": 9, "pavimentada": 100.0, "bueiro": 33.33, "iluminacao": 100.0, "onibus": 11.11, "ciclovia": 0.0, "calcada": 66.67, "obstaculo": 100.0, "rampa": 0.0, "rampa_faces": 0.0, "sem_calcada": 33.33, "sem_arvore": 100.0, "muitas_arvores": 0.0, "vao": 100.0, "V05400": 9, "V05421": 6, "V05406": 9, "V05412": 9, "V05422": 3, "V05424": 6, "V05427": 0, "V05409": 3, "V05415": 1, "V05418": 0, "V05430": 9, "V05433": 0, "criancas_0a4": 29, "em_favela": false }, "geometry": { "type": "Polygon", "coordinates": [ [ [ -46.699885, -23.460424 ], [ -46.699499, -23.459988 ], [ -46.699235, -23.46031 ], [ -46.699042, -23.460439 ], [ -46.698406, -23.460365 ], [ -46.698247, -23.460387 ], [ -46.697991, -23.460567 ], [ -46.697957, -23.460814 ], [ -46.698076, -23.461043 ], [ -46.69827, -23.461204 ], [ -46.698678, -23.46129 ], [ -46.699046, -23.461445 ], [ -46.699741, -23.461637 ], [ -46.700515, -23.46205 ], [ -46.700657, -23.461848 ], [ -46.701118, -23.461427 ], [ -46.700985, -23.461322 ], [ -46.700532, -23.46171 ], [ -46.699776, -23.461297 ], [ -46.699802, -23.460986 ], [ -46.699992, -23.460998 ], [ -46.700215, -23.461178 ], [ -46.700416, -23.460838 ], [ -46.699885, -23.460424 ] ] ] } },
{ "type": "Feature", "properties": { "CD_SETOR": "355030811000668", "faces": 9, "pavimentada": 100.0, "bueiro": 77.78, "iluminacao": 100.0, "onibus": 0.0, "ciclovia": 0.0, "calcada": 100.0, "obstaculo": 0.0, "rampa": 0.0, "rampa_faces": 0.0, "sem_calcada": 0.0, "sem_arvore": 22.22, "muitas_arvores": 0.0, "vao": 100.0, "V05400": 9, "V05421": 9, "V05406": 9, "V05412": 9, "V05422": 0, "V05424": 0, "V05427": 0, "V05409": 7, "V05415": 0, "V05418": 0, "V05430": 2, "V05433": 0, "criancas_0a4": 48, "em_favela": false }, "geometry": { "type": "Polygon", "coordinates": [ [ [ -46.692403, -23.463689 ], [ -46.692205, -23.463881 ], [ -46.691869, -23.464542 ], [ -46.693142, -23.464461 ], [ -46.69464, -23.464661 ], [ -46.694343, -23.463902 ], [ -46.694087, -23.463454 ], [ -46.693917, -23.463453 ], [ -46.693667, -23.463565 ], [ -46.693414, -23.463357 ], [ -46.693164, -23.463435 ], [ -46.693126, -23.463355 ], [ -46.692706, -23.463348 ], [ -46.692614, -23.463572 ], [ -46.692403, -23.463689 ] ] ] } },
{ "type": "Feature", "properties": { "CD_SETOR": "355030811000669", "faces": 11, "pavimentada": 100.0, "bueiro": 9.09, "iluminacao": 100.0, "onibus": 27.27, "ciclovia": 0.0, "calcada": 63.64, "obstaculo": 100.0, "rampa": 0.0, "rampa_faces": 0.0, "sem_calcada": 36.36, "sem_arvore": 90.91, "muitas_arvores": 9.09, "vao": 100.0, "V05400": 11, "V05421": 7, "V05406": 11, "V05412": 11, "V05422": 4, "V05424": 7, "V05427": 0, "V05409": 1, "V05415": 3, "V05418": 0, "V05430": 10, "V05433": 1, "criancas_0a4": 22, "em_favela": false }, "geometry": { "type": "Polygon", "coordinates": [ [ [ -46.690623, -23.464838 ], [ -46.69093, -23.465083 ], [ -46.690994, -23.465249 ], [ -46.690867, -23.466098 ], [ -46.690747, -23.466233 ], [ -46.690196, -23.466626 ], [ -46.689259, -23.467008 ], [ -46.689503, -23.46756 ], [ -46.690329, -23.467265 ], [ -46.690758, -23.466997 ], [ -46.691031, -23.466742 ], [ -46.691618, -23.466444 ], [ -46.691488, -23.466122 ], [ -46.691649, -23.465137 ], [ -46.691628, -23.464963 ], [ -46.691332, -23.464452 ], [ -46.691053, -23.464639 ], [ -46.690799, -23.464225 ], [ -46.690479, -23.464515 ], [ -46.690623, -23.464838 ] ] ] } },
{ "type": "Feature", "properties": { "CD_SETOR": "355030811000670", "faces": 7, "pavimentada": 100.0, "bueiro": 42.86, "iluminacao": 85.71, "onibus": 0.0, "ciclovia": 0.0, "calcada": 42.86, "obstaculo": 100.0, "rampa": 0.0, "rampa_faces": 0.0, "sem_calcada": 57.14, "sem_arvore": 85.71, "muitas_arvores": 0.0, "vao": 100.0, "V05400": 7, "V05421": 3, "V05406": 7, "V05412": 6, "V05422": 4, "V05424": 3, "V05427": 0, "V05409": 3, "V05415": 0, "V05418": 0, "V05430": 6, "V05433": 0, "criancas_0a4": 45, "em_favela": true }, "geometry": { "type": "Polygon", "coordinates": [ [ [ -46.712722, -23.460458 ], [ -46.712911, -23.460486 ], [ -46.713068, -23.460601 ], [ -46.713696, -23.461281 ], [ -46.713688, -23.461384 ], [ -46.713463, -23.461766 ], [ -46.713494, -23.461911 ], [ -46.714081, -23.461361 ], [ -46.714095, -23.46112 ], [ -46.714043, -23.46091 ], [ -46.713682, -23.460384 ], [ -46.713275, -23.459974 ], [ -46.713067, -23.460091 ], [ -46.713107, -23.460142 ], [ -46.712722, -23.460458 ] ] ] } },
{ "type": "Feature", "properties": { "CD_SETOR": "355030811000671", "faces": 3, "pavimentada": 100.0, "bueiro": 66.67, "iluminacao": 100.0, "onibus": 0.0, "ciclovia": 0.0, "calcada": 66.67, "obstaculo": 100.0, "rampa": 0.0, "rampa_faces": 0.0, "sem_calcada": 33.33, "sem_arvore": 66.67, "muitas_arvores": 33.33, "vao": 100.0, "V05400": 3, "V05421": 2, "V05406": 3, "V05412": 3, "V05422": 1, "V05424": 2, "V05427": 0, "V05409": 2, "V05415": 0, "V05418": 0, "V05430": 2, "V05433": 1, "criancas_0a4": 14, "em_favela": false }, "geometry": { "type": "Polygon", "coordinates": [ [ [ -46.713493, -23.46191 ], [ -46.713463, -23.461766 ], [ -46.713688, -23.461384 ], [ -46.713696, -23.461281 ], [ -46.713068, -23.460601 ], [ -46.712911, -23.460486 ], [ -46.712722, -23.460458 ], [ -46.712624, -23.460519 ], [ -46.712452, -23.460755 ], [ -46.712772, -23.46096 ], [ -46.712889, -23.461087 ], [ -46.713232, -23.461622 ], [ -46.713493, -23.46191 ] ] ] } },
{ "type": "Feature", "properties": { "CD_SETOR": "355030811000672", "faces": 2, "pavimentada": 100.0, "bueiro": 0.0, "iluminacao": 100.0, "onibus": 100.0, "ciclovia": 0.0, "calcada": 100.0, "obstaculo": 100.0, "rampa": 0.0, "rampa_faces": 0.0, "sem_calcada": 0.0, "sem_arvore": 100.0, "muitas_arvores": 0.0, "vao": 100.0, "V05400": 2, "V05421": 2, "V05406": 2, "V05412": 2, "V05422": 0, "V05424": 2, "V05427": 0, "V05409": 0, "V05415": 2, "V05418": 0, "V05430": 2, "V05433": 0, "criancas_0a4": 3, "em_favela": false }, "geometry": { "type": "Polygon", "coordinates": [ [ [ -46.702652, -23.458313 ], [ -46.703071, -23.45826 ], [ -46.704059, -23.457614 ], [ -46.704018, -23.457557 ], [ -46.704074, -23.457522 ], [ -46.70396, -23.457279 ], [ -46.703934, -23.457254 ], [ -46.70269, -23.458029 ], [ -46.702652, -23.458313 ] ] ] } },
{ "type": "Feature", "properties": { "CD_SETOR": "355030811000673", "faces": 4, "pavimentada": 100.0, "bueiro": 0.0, "iluminacao": 75.0, "onibus": 0.0, "ciclovia": 0.0, "calcada": 0.0, "obstaculo": null, "rampa": null, "rampa_faces": 0.0, "sem_calcada": 100.0, "sem_arvore": 100.0, "muitas_arvores": 0.0, "vao": 100.0, "V05400": 4, "V05421": 0, "V05406": 4, "V05412": 3, "V05422": 4, "V05424": 0, "V05427": 0, "V05409": 0, "V05415": 0, "V05418": 0, "V05430": 4, "V05433": 0, "criancas_0a4": 16, "em_favela": true }, "geometry": { "type": "Polygon", "coordinates": [ [ [ -46.70396, -23.457279 ], [ -46.704074, -23.457522 ], [ -46.704018, -23.457557 ], [ -46.704059, -23.457614 ], [ -46.703071, -23.45826 ], [ -46.702652, -23.458313 ], [ -46.703062, -23.458465 ], [ -46.70383, -23.458063 ], [ -46.704287, -23.45756 ], [ -46.70396, -23.457279 ] ] ] } },
{ "type": "Feature", "properties": { "CD_SETOR": "355030811000674", "faces": 7, "pavimentada": 100.0, "bueiro": 42.86, "iluminacao": 100.0, "onibus": 28.57, "ciclovia": 0.0, "calcada": 100.0, "obstaculo": 100.0, "rampa": 0.0, "rampa_faces": 0.0, "sem_calcada": 0.0, "sem_arvore": 85.71, "muitas_arvores": 0.0, "vao": 100.0, "V05400": 7, "V05421": 7, "V05406": 7, "V05412": 7, "V05422": 0, "V05424": 7, "V05427": 0, "V05409": 3, "V05415": 2, "V05418": 0, "V05430": 6, "V05433": 0, "criancas_0a4": 36, "em_favela": false }, "geometry": { "type": "Polygon", "coordinates": [ [ [ -46.70083, -23.457976 ], [ -46.701288, -23.457888 ], [ -46.701201, -23.45834 ], [ -46.700865, -23.458244 ], [ -46.700816, -23.458364 ], [ -46.700584, -23.458338 ], [ -46.700514, -23.458411 ], [ -46.700311, -23.458382 ], [ -46.701225, -23.458754 ], [ -46.702425, -23.459431 ], [ -46.702687, -23.458189 ], [ -46.702696, -23.457855 ], [ -46.702885, -23.456867 ], [ -46.702877, -23.456722 ], [ -46.702736, -23.456754 ], [ -46.702663, -23.456826 ], [ -46.702322, -23.457324 ], [ -46.702082, -23.457376 ], [ -46.701998, -23.457492 ], [ -46.701915, -23.457526 ], [ -46.701267, -23.457626 ], [ -46.700578, -23.457441 ], [ -46.70083, -23.457976 ] ] ] } },
{ "type": "Feature", "properties": { "CD_SETOR": "355030811000675", "faces": 3, "pavimentada": 100.0, "bueiro": 0.0, "iluminacao": 100.0, "onibus": 0.0, "ciclovia": 0.0, "calcada": 0.0, "obstaculo": null, "rampa": null, "rampa_faces": 0.0, "sem_calcada": 100.0, "sem_arvore": 100.0, "muitas_arvores": 0.0, "vao": 100.0, "V05400": 3, "V05421": 0, "V05406": 3, "V05412": 3, "V05422": 3, "V05424": 0, "V05427": 0, "V05409": 0, "V05415": 0, "V05418": 0, "V05430": 3, "V05433": 0, "criancas_0a4": 6, "em_favela": true }, "geometry": { "type": "Polygon", "coordinates": [ [ [ -46.700311, -23.458382 ], [ -46.700514, -23.458411 ], [ -46.700584, -23.458338 ], [ -46.700816, -23.458364 ], [ -46.700865, -23.458244 ], [ -46.701201, -23.45834 ], [ -46.701288, -23.457888 ], [ -46.70083, -23.457976 ], [ -46.700311, -23.458382 ] ] ] } },
{ "type": "Feature", "properties": { "CD_SETOR": "355030811000676", "faces": 14, "pavimentada": 100.0, "bueiro": 50.0, "iluminacao": 100.0, "onibus": 7.14, "ciclovia": 0.0, "calcada": 71.43, "obstaculo": 100.0, "rampa": 0.0, "rampa_faces": 0.0, "sem_calcada": 28.57, "sem_arvore": 100.0, "muitas_arvores": 0.0, "vao": 100.0, "V05400": 14, "V05421": 10, "V05406": 14, "V05412": 14, "V05422": 4, "V05424": 10, "V05427": 0, "V05409": 7, "V05415": 1, "V05418": 0, "V05430": 14, "V05433": 0, "criancas_0a4": 56, "em_favela": true }, "geometry": { "type": "Polygon", "coordinates": [ [ [ -46.702425, -23.459431 ], [ -46.702154, -23.459667 ], [ -46.701697, -23.459338 ], [ -46.701629, -23.459418 ], [ -46.700325, -23.458628 ], [ -46.70015, -23.458596 ], [ -46.700902, -23.459033 ], [ -46.701572, -23.459505 ], [ -46.701973, -23.459825 ], [ -46.701893, -23.459949 ], [ -46.702503, -23.460454 ], [ -46.703361, -23.459878 ], [ -46.703591, -23.459751 ], [ -46.703717, -23.459735 ], [ -46.704168, -23.459369 ], [ -46.703758, -23.459185 ], [ -46.703564, -23.45926 ], [ -46.70343, -23.459373 ], [ -46.703094, -23.459155 ], [ -46.702679, -23.459376 ], [ -46.702425, -23.459431 ] ] ] } },
{ "type": "Feature", "properties": { "CD_SETOR": "355030811000677", "faces": 2, "pavimentada": 100.0, "bueiro": 0.0, "iluminacao": 100.0, "onibus": 50.0, "ciclovia": 0.0, "calcada": 50.0, "obstaculo": 100.0, "rampa": 0.0, "rampa_faces": 0.0, "sem_calcada": 50.0, "sem_arvore": 100.0, "muitas_arvores": 0.0, "vao": 100.0, "V05400": 2, "V05421": 1, "V05406": 2, "V05412": 2, "V05422": 1, "V05424": 1, "V05427": 0, "V05409": 0, "V05415": 1, "V05418": 0, "V05430": 2, "V05433": 0, "criancas_0a4": 6, "em_favela": false }, "geometry": { "type": "Polygon", "coordinates": [ [ [ -46.700152, -23.458593 ], [ -46.700325, -23.458628 ], [ -46.701629, -23.459418 ], [ -46.701697, -23.459338 ], [ -46.702154, -23.459667 ], [ -46.702425, -23.459431 ], [ -46.701225, -23.458754 ], [ -46.700311, -23.458382 ], [ -46.700152, -23.458593 ] ] ] } },
{ "type": "Feature", "properties": { "CD_SETOR": "355030811000678", "faces": 4, "pavimentada": 100.0, "bueiro": 75.0, "iluminacao": 100.0, "onibus": 0.0, "ciclovia": 0.0, "calcada": 75.0, "obstaculo": 66.67, "rampa": 0.0, "rampa_faces": 0.0, "sem_calcada": 25.0, "sem_arvore": 75.0, "muitas_arvores": 0.0, "vao": 100.0, "V05400": 4, "V05421": 3, "V05406": 4, "V05412": 4, "V05422": 1, "V05424": 2, "V05427": 0, "V05409": 3, "V05415": 0, "V05418": 0, "V05430": 3, "V05433": 0, "criancas_0a4": 35, "em_favela": false }, "geometry": { "type": "Polygon", "coordinates": [ [ [ -46.701505, -23.455806 ], [ -46.701379, -23.455943 ], [ -46.701107, -23.45598 ], [ -46.700828, -23.455713 ], [ -46.700398, -23.455529 ], [ -46.699882, -23.45566 ], [ -46.699868, -23.45561 ], [ -46.699686, -23.455549 ], [ -46.699681, -23.455506 ], [ -46.699279, -23.45543 ], [ -46.698979, -23.455458 ], [ -46.698993, -23.456109 ], [ -46.699351, -23.455896 ], [ -46.700238, -23.455791 ], [ -46.700469, -23.45584 ], [ -46.700809, -23.456119 ], [ -46.701115, -23.456212 ], [ -46.701397, -23.456071 ], [ -46.701505, -23.455806 ] ] ] } },
{ "type": "Feature", "properties": { "CD_SETOR": "355030811000679", "faces": 4, "pavimentada": 100.0, "bueiro": 50.0, "iluminacao": 100.0, "onibus": 0.0, "ciclovia": 0.0, "calcada": 25.0, "obstaculo": 100.0, "rampa": 0.0, "rampa_faces": 0.0, "sem_calcada": 75.0, "sem_arvore": 75.0, "muitas_arvores": 0.0, "vao": 100.0, "V05400": 4, "V05421": 1, "V05406": 4, "V05412": 4, "V05422": 3, "V05424": 1, "V05427": 0, "V05409": 2, "V05415": 0, "V05418": 0, "V05430": 3, "V05433": 0, "criancas_0a4": 3, "em_favela": true }, "geometry": { "type": "Polygon", "coordinates": [ [ [ -46.69932, -23.455434 ], [ -46.699681, -23.455506 ], [ -46.699686, -23.455549 ], [ -46.699868, -23.45561 ], [ -46.699882, -23.45566 ], [ -46.700398, -23.455529 ], [ -46.700828, -23.455713 ], [ -46.701107, -23.45598 ], [ -46.701379, -23.455943 ], [ -46.701505, -23.455806 ], [ -46.701233, -23.455784 ], [ -46.700995, -23.455499 ], [ -46.700721, -23.455456 ], [ -46.70029, -23.455242 ], [ -46.699801, -23.454817 ], [ -46.699459, -23.455093 ], [ -46.699332, -23.455289 ], [ -46.69932, -23.455434 ] ] ] } },
{ "type": "Feature", "properties": { "CD_SETOR": "355030811000680", "faces": 15, "pavimentada": 100.0, "bueiro": 40.0, "iluminacao": 100.0, "onibus": 0.0, "ciclovia": 0.0, "calcada": 86.67, "obstaculo": 100.0, "rampa": 0.0, "rampa_faces": 0.0, "sem_calcada": 13.33, "sem_arvore": 86.67, "muitas_arvores": 0.0, "vao": 100.0, "V05400": 15, "V05421": 13, "V05406": 15, "V05412": 15, "V05422": 2, "V05424": 13, "V05427": 0, "V05409": 6, "V05415": 0, "V05418": 0, "V05430": 13, "V05433": 0, "criancas_0a4": 26, "em_favela": false }, "geometry": { "type": "Polygon", "coordinates": [ [ [ -46.697595, -23.459281 ], [ -46.697372, -23.459401 ], [ -46.697085, -23.458898 ], [ -46.697172, -23.458805 ], [ -46.697461, -23.458756 ], [ -46.697389, -23.458557 ], [ -46.697464, -23.458102 ], [ -46.696047, -23.459212 ], [ -46.695951, -23.459096 ], [ -46.694947, -23.459766 ], [ -46.695247, -23.460138 ], [ -46.697216, -23.45994 ], [ -46.697636, -23.459951 ], [ -46.697595, -23.459281 ] ] ] } },
{ "type": "Feature", "properties": { "CD_SETOR": "355030811000681", "faces": 12, "pavimentada": 91.67, "bueiro": 41.67, "iluminacao": 100.0, "onibus": 0.0, "ciclovia": 0.0, "calcada": 33.33, "obstaculo": 75.0, "rampa": 0.0, "rampa_faces": 0.0, "sem_calcada": 66.67, "sem_arvore": 83.33, "muitas_arvores": 8.33, "vao": 91.67, "V05400": 12, "V05421": 4, "V05406": 11, "V05412": 12, "V05422": 8, "V05424": 3, "V05427": 0, "V05409": 5, "V05415": 0, "V05418": 0, "V05430": 10, "V05433": 1, "criancas_0a4": 47, "em_favela": true }, "geometry": { "type": "Polygon", "coordinates": [ [ [ -46.685671, -23.461722 ], [ -46.685743, -23.461772 ], [ -46.685775, -23.461918 ], [ -46.686042, -23.461945 ], [ -46.686096, -23.462014 ], [ -46.68612, -23.461975 ], [ -46.68634, -23.46206 ], [ -46.686894, -23.460916 ], [ -46.686509, -23.460421 ], [ -46.686099, -23.460431 ], [ -46.685824, -23.460548 ], [ -46.68558, -23.460772 ], [ -46.685388, -23.461113 ], [ -46.685114, -23.461326 ], [ -46.685737, -23.461626 ], [ -46.685671, -23.461722 ] ] ] } },
{ "type": "Feature", "properties": { "CD_SETOR": "355030811000682", "faces": 12, "pavimentada": 100.0, "bueiro": 66.67, "iluminacao": 100.0, "onibus": 0.0, "ciclovia": 0.0, "calcada": 91.67, "obstaculo": 100.0, "rampa": 0.0, "rampa_faces": 0.0, "sem_calcada": 8.33, "sem_arvore": 91.67, "muitas_arvores": 0.0, "vao": 100.0, "V05400": 12, "V05421": 11, "V05406": 12, "V05412": 12, "V05422": 1, "V05424": 11, "V05427": 0, "V05409": 8, "V05415": 0, "V05418": 0, "V05430": 11, "V05433": 0, "criancas_0a4": 50, "em_favela": true }, "geometry": { "type": "Polygon", "coordinates": [ [ [ -46.695312, -23.45205 ], [ -46.695623, -23.452692 ], [ -46.69572, -23.452622 ], [ -46.695891, -23.452336 ], [ -46.696552, -23.45229 ], [ -46.696768, -23.452336 ], [ -46.697223, -23.452576 ], [ -46.698808, -23.452979 ], [ -46.699095, -23.453285 ], [ -46.699244, -23.453348 ], [ -46.699375, -23.453204 ], [ -46.699139, -23.45308 ], [ -46.698947, -23.452547 ], [ -46.698831, -23.452443 ], [ -46.697343, -23.451743 ], [ -46.696988, -23.451643 ], [ -46.696793, -23.451648 ], [ -46.696554, -23.4517 ], [ -46.696136, -23.451991 ], [ -46.695312, -23.45205 ] ] ] } },
{ "type": "Feature", "properties": { "CD_SETOR": "355030811000683", "faces": 2, "pavimentada": 50.0, "bueiro": 50.0, "iluminacao": 100.0, "onibus": 50.0, "ciclovia": 0.0, "calcada": 50.0, "obstaculo": 100.0, "rampa": 0.0, "rampa_faces": 0.0, "sem_calcada": 50.0, "sem_arvore": 50.0, "muitas_arvores": 0.0, "vao": 50.0, "V05400": 2, "V05421": 1, "V05406": 1, "V05412": 2, "V05422": 1, "V05424": 1, "V05427": 0, "V05409": 1, "V05415": 1, "V05418": 0, "V05430": 1, "V05433": 0, "criancas_0a4": 17, "em_favela": true }, "geometry": { "type": "Polygon", "coordinates": [ [ [ -46.695623, -23.452692 ], [ -46.695312, -23.45205 ], [ -46.69453, -23.452218 ], [ -46.694315, -23.452061 ], [ -46.694244, -23.451881 ], [ -46.694008, -23.451963 ], [ -46.694204, -23.452289 ], [ -46.694685, -23.452459 ], [ -46.694721, -23.452619 ], [ -46.69514, -23.452585 ], [ -46.695231, -23.452832 ], [ -46.695282, -23.452851 ], [ -46.6954, -23.452838 ], [ -46.695623, -23.452692 ] ] ] } },
{ "type": "Feature", "properties": { "CD_SETOR": "355030811000684", "faces": 20, "pavimentada": 100.0, "bueiro": 15.0, "iluminacao": 90.0, "onibus": 10.0, "ciclovia": 0.0, "calcada": 80.0, "obstaculo": 100.0, "rampa": 0.0, "rampa_faces": 0.0, "sem_calcada": 20.0, "sem_arvore": 45.0, "muitas_arvores": 25.0, "vao": 100.0, "V05400": 20, "V05421": 16, "V05406": 20, "V05412": 18, "V05422": 4, "V05424": 16, "V05427": 0, "V05409": 3, "V05415": 2, "V05418": 0, "V05430": 9, "V05433": 5, "criancas_0a4": 50, "em_favela": false }, "geometry": { "type": "Polygon", "coordinates": [ [ [ -46.695672, -23.453791 ], [ -46.69565, -23.452672 ], [ -46.6954, -23.452838 ], [ -46.695282, -23.452851 ], [ -46.695231, -23.452832 ], [ -46.69514, -23.452585 ], [ -46.694721, -23.452619 ], [ -46.694834, -23.454003 ], [ -46.693168, -23.454427 ], [ -46.693059, -23.454527 ], [ -46.692236, -23.455969 ], [ -46.693913, -23.455352 ], [ -46.693827, -23.454767 ], [ -46.695792, -23.454268 ], [ -46.695608, -23.453811 ], [ -46.695672, -23.453791 ] ] ] } },
{ "type": "Feature", "properties": { "CD_SETOR": "355030811000685", "faces": 1, "pavimentada": 100.0, "bueiro": 0.0, "iluminacao": 100.0, "onibus": 0.0, "ciclovia": 0.0, "calcada": 100.0, "obstaculo": 100.0, "rampa": 0.0, "rampa_faces": 0.0, "sem_calcada": 0.0, "sem_arvore": 100.0, "muitas_arvores": 0.0, "vao": 100.0, "V05400": 1, "V05421": 1, "V05406": 1, "V05412": 1, "V05422": 0, "V05424": 1, "V05427": 0, "V05409": 0, "V05415": 0, "V05418": 0, "V05430": 1, "V05433": 0, "criancas_0a4": 6, "em_favela": true }, "geometry": { "type": "Polygon", "coordinates": [ [ [ -46.69565, -23.452672 ], [ -46.695646, -23.453088 ], [ -46.695672, -23.453791 ], [ -46.695874, -23.453629 ], [ -46.695925, -23.453421 ], [ -46.69589, -23.452834 ], [ -46.695713, -23.452777 ], [ -46.69565, -23.452672 ] ] ] } },
{ "type": "Feature", "properties": { "CD_SETOR": "355030811000686", "faces": 5, "pavimentada": 100.0, "bueiro": 80.0, "iluminacao": 100.0, "onibus": 0.0, "ciclovia": 0.0, "calcada": 40.0, "obstaculo": 100.0, "rampa": 50.0, "rampa_faces": 20.0, "sem_calcada": 60.0, "sem_arvore": 40.0, "muitas_arvores": 20.0, "vao": 80.0, "V05400": 5, "V05421": 2, "V05406": 5, "V05412": 5, "V05422": 3, "V05424": 2, "V05427": 1, "V05409": 4, "V05415": 0, "V05418": 0, "V05430": 2, "V05433": 1, "criancas_0a4": 29, "em_favela": true }, "geometry": { "type": "Polygon", "coordinates": [ [ [ -46.695792, -23.454268 ], [ -46.696076, -23.45416 ], [ -46.696288, -23.453829 ], [ -46.696343, -23.453212 ], [ -46.696434, -23.452838 ], [ -46.69648, -23.452806 ], [ -46.696774, -23.452859 ], [ -46.697174, -23.453026 ], [ -46.697265, -23.453118 ], [ -46.697977, -23.453497 ], [ -46.698226, -23.453583 ], [ -46.698832, -23.453565 ], [ -46.699244, -23.453348 ], [ -46.699095, -23.453285 ], [ -46.698808, -23.452979 ], [ -46.697223, -23.452576 ], [ -46.696768, -23.452336 ], [ -46.696444, -23.452286 ], [ -46.695891, -23.452336 ], [ -46.69565, -23.452672 ], [ -46.695713, -23.452777 ], [ -46.69589, -23.452834 ], [ -46.695915, -23.453546 ], [ -46.695754, -23.453752 ], [ -46.695608, -23.453811 ], [ -46.695792, -23.454268 ] ] ] } },
{ "type": "Feature", "properties": { "CD_SETOR": "355030811000687", "faces": 7, "pavimentada": 100.0, "bueiro": 28.57, "iluminacao": 71.43, "onibus": 28.57, "ciclovia": 0.0, "calcada": 71.43, "obstaculo": 100.0, "rampa": 0.0, "rampa_faces": 0.0, "sem_calcada": 28.57, "sem_arvore": 85.71, "muitas_arvores": 14.29, "vao": 100.0, "V05400": 7, "V05421": 5, "V05406": 7, "V05412": 5, "V05422": 2, "V05424": 5, "V05427": 0, "V05409": 2, "V05415": 2, "V05418": 0, "V05430": 6, "V05433": 1, "criancas_0a4": 41, "em_favela": true }, "geometry": { "type": "Polygon", "coordinates": [ [ [ -46.697265, -23.453118 ], [ -46.697174, -23.453026 ], [ -46.696774, -23.452859 ], [ -46.69648, -23.452806 ], [ -46.696434, -23.452838 ], [ -46.696343, -23.453212 ], [ -46.696288, -23.453829 ], [ -46.696076, -23.45416 ], [ -46.695855, -23.454269 ], [ -46.693827, -23.454767 ], [ -46.693913, -23.455352 ], [ -46.694968, -23.455151 ], [ -46.695521, -23.454946 ], [ -46.695863, -23.454746 ], [ -46.696643, -23.454056 ], [ -46.696783, -23.453765 ], [ -46.696766, -23.453486 ], [ -46.696883, -23.453261 ], [ -46.697034, -23.453151 ], [ -46.697265, -23.453118 ] ] ] } },
{ "type": "Feature", "properties": { "CD_SETOR": "355030811000688", "faces": 14, "pavimentada": 100.0, "bueiro": 71.43, "iluminacao": 100.0, "onibus": 0.0, "ciclovia": 0.0, "calcada": 64.29, "obstaculo": 77.78, "rampa": 0.0, "rampa_faces": 0.0, "sem_calcada": 35.71, "sem_arvore": 85.71, "muitas_arvores": 7.14, "vao": 100.0, "V05400": 14, "V05421": 9, "V05406": 14, "V05412": 14, "V05422": 5, "V05424": 7, "V05427": 0, "V05409": 10, "V05415": 0, "V05418": 0, "V05430": 12, "V05433": 1, "criancas_0a4": 12, "em_favela": true }, "geometry": { "type": "Polygon", "coordinates": [ [ [ -46.692672, -23.457163 ], [ -46.692239, -23.457329 ], [ -46.691942, -23.457676 ], [ -46.691824, -23.457922 ], [ -46.691634, -23.45817 ], [ -46.691322, -23.458285 ], [ -46.691291, -23.458548 ], [ -46.691055, -23.458811 ], [ -46.690938, -23.45888 ], [ -46.690677, -23.459307 ], [ -46.690847, -23.459439 ], [ -46.69113, -23.45907 ], [ -46.691479, -23.458735 ], [ -46.691731, -23.458365 ], [ -46.692731, -23.457363 ], [ -46.692672, -23.457163 ] ] ] } },
{ "type": "Feature", "properties": { "CD_SETOR": "355030811000689", "faces": 4, "pavimentada": 100.0, "bueiro": 50.0, "iluminacao": 100.0, "onibus": 0.0, "ciclovia": 0.0, "calcada": 50.0, "obstaculo": 100.0, "rampa": 0.0, "rampa_faces": 0.0, "sem_calcada": 50.0, "sem_arvore": 50.0, "muitas_arvores": 0.0, "vao": 100.0, "V05400": 4, "V05421": 2, "V05406": 4, "V05412": 4, "V05422": 2, "V05424": 2, "V05427": 0, "V05409": 2, "V05415": 0, "V05418": 0, "V05430": 2, "V05433": 0, "criancas_0a4": 4, "em_favela": false }, "geometry": { "type": "Polygon", "coordinates": [ [ [ -46.692239, -23.457329 ], [ -46.692672, -23.457163 ], [ -46.692675, -23.456956 ], [ -46.692236, -23.455969 ], [ -46.691994, -23.456071 ], [ -46.692239, -23.457329 ] ] ] } },
{ "type": "Feature", "properties": { "CD_SETOR": "355030811000690", "faces": 6, "pavimentada": 100.0, "bueiro": 100.0, "iluminacao": 100.0, "onibus": 16.67, "ciclovia": 0.0, "calcada": 100.0, "obstaculo": 100.0, "rampa": 0.0, "rampa_faces": 0.0, "sem_calcada": 0.0, "sem_arvore": 50.0, "muitas_arvores": 0.0, "vao": 100.0, "V05400": 6, "V05421": 6, "V05406": 6, "V05412": 6, "V05422": 0, "V05424": 6, "V05427": 0, "V05409": 6, "V05415": 1, "V05418": 0, "V05430": 3, "V05433": 0, "criancas_0a4": 25, "em_favela": false }, "geometry": { "type": "Polygon", "coordinates": [ [ [ -46.691, -23.458239 ], [ -46.691322, -23.458285 ], [ -46.69157, -23.458223 ], [ -46.691824, -23.457922 ], [ -46.691942, -23.457676 ], [ -46.692239, -23.457329 ], [ -46.691994, -23.456071 ], [ -46.691717, -23.456226 ], [ -46.691411, -23.456503 ], [ -46.691496, -23.457482 ], [ -46.691, -23.458239 ] ] ] } },
{ "type": "Feature", "properties": { "CD_SETOR": "355030811000691", "faces": 16, "pavimentada": 100.0, "bueiro": 50.0, "iluminacao": 100.0, "onibus": 0.0, "ciclovia": 0.0, "calcada": 81.25, "obstaculo": 100.0, "rampa": 0.0, "rampa_faces": 0.0, "sem_calcada": 18.75, "sem_arvore": 50.0, "muitas_arvores": 0.0, "vao": 100.0, "V05400": 16, "V05421": 13, "V05406": 16, "V05412": 16, "V05422": 3, "V05424": 13, "V05427": 0, "V05409": 8, "V05415": 0, "V05418": 0, "V05430": 8, "V05433": 0, "criancas_0a4": 17, "em_favela": true }, "geometry": { "type": "Polygon", "coordinates": [ [ [ -46.691322, -23.458285 ], [ -46.691, -23.458239 ], [ -46.690288, -23.459377 ], [ -46.689814, -23.459967 ], [ -46.689521, -23.460189 ], [ -46.689177, -23.460301 ], [ -46.688868, -23.460317 ], [ -46.687899, -23.460197 ], [ -46.687403, -23.460085 ], [ -46.687128, -23.460229 ], [ -46.687252, -23.460471 ], [ -46.687538, -23.460367 ], [ -46.687741, -23.460448 ], [ -46.68808, -23.46049 ], [ -46.688242, -23.46041 ], [ -46.688337, -23.460463 ], [ -46.689167, -23.46044 ], [ -46.689323, -23.46038 ], [ -46.689442, -23.460405 ], [ -46.689997, -23.460039 ], [ -46.690361, -23.459573 ], [ -46.690422, -23.459604 ], [ -46.690619, -23.459395 ], [ -46.690938, -23.45888 ], [ -46.691055, -23.458811 ], [ -46.691291, -23.458548 ], [ -46.691322, -23.458285 ] ] ] } },
{ "type": "Feature", "properties": { "CD_SETOR": "355030811000692", "faces": 6, "pavimentada": 100.0, "bueiro": 33.33, "iluminacao": 100.0, "onibus": 16.67, "ciclovia": 0.0, "calcada": 100.0, "obstaculo": 100.0, "rampa": 16.67, "rampa_faces": 16.67, "sem_calcada": 0.0, "sem_arvore": 16.67, "muitas_arvores": 0.0, "vao": 83.33, "V05400": 6, "V05421": 6, "V05406": 6, "V05412": 6, "V05422": 0, "V05424": 6, "V05427": 1, "V05409": 2, "V05415": 1, "V05418": 0, "V05430": 1, "V05433": 0, "criancas_0a4": 14, "em_favela": false }, "geometry": { "type": "Polygon", "coordinates": [ [ [ -46.68797, -23.460204 ], [ -46.688242, -23.45979 ], [ -46.688439, -23.459885 ], [ -46.688611, -23.45967 ], [ -46.68739, -23.459074 ], [ -46.686994, -23.459042 ], [ -46.685949, -23.45941 ], [ -46.686359, -23.460209 ], [ -46.686653, -23.460609 ], [ -46.687333, -23.460095 ], [ -46.68797, -23.460204 ] ] ] } },
{ "type": "Feature", "properties": { "CD_SETOR": "355030811000693", "faces": 14, "pavimentada": 100.0, "bueiro": 21.43, "iluminacao": 57.14, "onibus": 0.0, "ciclovia": 0.0, "calcada": 50.0, "obstaculo": 100.0, "rampa": 0.0, "rampa_faces": 0.0, "sem_calcada": 50.0, "sem_arvore": 100.0, "muitas_arvores": 0.0, "vao": 100.0, "V05400": 14, "V05421": 7, "V05406": 14, "V05412": 8, "V05422": 7, "V05424": 7, "V05427": 0, "V05409": 3, "V05415": 0, "V05418": 0, "V05430": 14, "V05433": 0, "criancas_0a4": 51, "em_favela": true }, "geometry": { "type": "Polygon", "coordinates": [ [ [ -46.688611, -23.45967 ], [ -46.688439, -23.459885 ], [ -46.688242, -23.45979 ], [ -46.68797, -23.460204 ], [ -46.688868, -23.460317 ], [ -46.689177, -23.460301 ], [ -46.689521, -23.460189 ], [ -46.689814, -23.459967 ], [ -46.690478, -23.459083 ], [ -46.689896, -23.458847 ], [ -46.689498, -23.459387 ], [ -46.689228, -23.459627 ], [ -46.689041, -23.459699 ], [ -46.688611, -23.45967 ] ] ] } },
{ "type": "Feature", "properties": { "CD_SETOR": "355030811000694", "faces": 2, "pavimentada": 100.0, "bueiro": 50.0, "iluminacao": 100.0, "onibus": 0.0, "ciclovia": 0.0, "calcada": 50.0, "obstaculo": 100.0, "rampa": 0.0, "rampa_faces": 0.0, "sem_calcada": 50.0, "sem_arvore": 100.0, "muitas_arvores": 0.0, "vao": 100.0, "V05400": 2, "V05421": 1, "V05406": 2, "V05412": 2, "V05422": 1, "V05424": 1, "V05427": 0, "V05409": 1, "V05415": 0, "V05418": 0, "V05430": 2, "V05433": 0, "criancas_0a4": 15, "em_favela": true }, "geometry": { "type": "Polygon", "coordinates": [ [ [ -46.685542, -23.45906 ], [ -46.685605, -23.458948 ], [ -46.685718, -23.458871 ], [ -46.685743, -23.458899 ], [ -46.685851, -23.458772 ], [ -46.685926, -23.458818 ], [ -46.686259, -23.4585 ], [ -46.686305, -23.458552 ], [ -46.686668, -23.458321 ], [ -46.686694, -23.458368 ], [ -46.686959, -23.458278 ], [ -46.686962, -23.458313 ], [ -46.687144, -23.458375 ], [ -46.68723, -23.458487 ], [ -46.687174, -23.45831 ], [ -46.687048, -23.45818 ], [ -46.68681, -23.458122 ], [ -46.686235, -23.4583 ], [ -46.68596, -23.458441 ], [ -46.685306, -23.458898 ], [ -46.685365, -23.458982 ], [ -46.685542, -23.45906 ] ] ] } },
{ "type": "Feature", "properties": { "CD_SETOR": "355030811000695", "faces": 1, "pavimentada": 100.0, "bueiro": 100.0, "iluminacao": 100.0, "onibus": 0.0, "ciclovia": 0.0, "calcada": 100.0, "obstaculo": 100.0, "rampa": 0.0, "rampa_faces": 0.0, "sem_calcada": 0.0, "sem_arvore": 100.0, "muitas_arvores": 0.0, "vao": 100.0, "V05400": 1, "V05421": 1, "V05406": 1, "V05412": 1, "V05422": 0, "V05424": 1, "V05427": 0, "V05409": 1, "V05415": 0, "V05418": 0, "V05430": 1, "V05433": 0, "criancas_0a4": 23, "em_favela": true }, "geometry": { "type": "Polygon", "coordinates": [ [ [ -46.687253, -23.45858 ], [ -46.687144, -23.458375 ], [ -46.686962, -23.458313 ], [ -46.686959, -23.458278 ], [ -46.686694, -23.458368 ], [ -46.686668, -23.458321 ], [ -46.686305, -23.458552 ], [ -46.686259, -23.4585 ], [ -46.685926, -23.458818 ], [ -46.685851, -23.458772 ], [ -46.685743, -23.458899 ], [ -46.685718, -23.458871 ], [ -46.685605, -23.458948 ], [ -46.685542, -23.45906 ], [ -46.685745, -23.45918 ], [ -46.686027, -23.459032 ], [ -46.686774, -23.458482 ], [ -46.686962, -23.45846 ], [ -46.687253, -23.45858 ] ] ] } },
{ "type": "Feature", "properties": { "CD_SETOR": "355030811000696", "faces": 4, "pavimentada": 100.0, "bueiro": 50.0, "iluminacao": 100.0, "onibus": 0.0, "ciclovia": 0.0, "calcada": 25.0, "obstaculo": 100.0, "rampa": 0.0, "rampa_faces": 0.0, "sem_calcada": 75.0, "sem_arvore": 100.0, "muitas_arvores": 0.0, "vao": 100.0, "V05400": 4, "V05421": 1, "V05406": 4, "V05412": 4, "V05422": 3, "V05424": 1, "V05427": 0, "V05409": 2, "V05415": 0, "V05418": 0, "V05430": 4, "V05433": 0, "criancas_0a4": 71, "em_favela": true }, "geometry": { "type": "Polygon", "coordinates": [ [ [ -46.686597, -23.457396 ], [ -46.686266, -23.4578 ], [ -46.68583, -23.458044 ], [ -46.684869, -23.458894 ], [ -46.685155, -23.458928 ], [ -46.685391, -23.458859 ], [ -46.68596, -23.458441 ], [ -46.686567, -23.458183 ], [ -46.686839, -23.457961 ], [ -46.686972, -23.457811 ], [ -46.686597, -23.457396 ] ] ] } },
{ "type": "Feature", "properties": { "CD_SETOR": "355030811000697", "faces": 3, "pavimentada": 100.0, "bueiro": 0.0, "iluminacao": 100.0, "onibus": 0.0, "ciclovia": 0.0, "calcada": 0.0, "obstaculo": null, "rampa": null, "rampa_faces": 0.0, "sem_calcada": 100.0, "sem_arvore": 100.0, "muitas_arvores": 0.0, "vao": 100.0, "V05400": 3, "V05421": 0, "V05406": 3, "V05412": 3, "V05422": 3, "V05424": 0, "V05427": 0, "V05409": 0, "V05415": 0, "V05418": 0, "V05430": 3, "V05433": 0, "criancas_0a4": 34, "em_favela": true }, "geometry": { "type": "Polygon", "coordinates": [ [ [ -46.685742, -23.458126 ], [ -46.686266, -23.4578 ], [ -46.686597, -23.457396 ], [ -46.686306, -23.457142 ], [ -46.686202, -23.456923 ], [ -46.686083, -23.45684 ], [ -46.685847, -23.457123 ], [ -46.685969, -23.457196 ], [ -46.685936, -23.457251 ], [ -46.686179, -23.457444 ], [ -46.685891, -23.457829 ], [ -46.685651, -23.458033 ], [ -46.685742, -23.458126 ] ] ] } },
{ "type": "Feature", "properties": { "CD_SETOR": "355030811000698", "faces": 22, "pavimentada": 100.0, "bueiro": 40.91, "iluminacao": 95.45, "onibus": 22.73, "ciclovia": 0.0, "calcada": 50.0, "obstaculo": 100.0, "rampa": 0.0, "rampa_faces": 0.0, "sem_calcada": 50.0, "sem_arvore": 81.82, "muitas_arvores": 4.55, "vao": 100.0, "V05400": 22, "V05421": 11, "V05406": 22, "V05412": 21, "V05422": 11, "V05424": 11, "V05427": 0, "V05409": 9, "V05415": 5, "V05418": 0, "V05430": 18, "V05433": 1, "criancas_0a4": 49, "em_favela": false }, "geometry": { "type": "Polygon", "coordinates": [ [ [ -46.684099, -23.457425 ], [ -46.684076, -23.457631 ], [ -46.684934, -23.458203 ], [ -46.685661, -23.45737 ], [ -46.685316, -23.457124 ], [ -46.685398, -23.457085 ], [ -46.685003, -23.456808 ], [ -46.684613, -23.457329 ], [ -46.684084, -23.456946 ], [ -46.683878, -23.457186 ], [ -46.68403, -23.457285 ], [ -46.683979, -23.457345 ], [ -46.684099, -23.457425 ] ] ] } },
{ "type": "Feature", "properties": { "CD_SETOR": "355030811000699", "faces": 15, "pavimentada": 26.67, "bueiro": 0.0, "iluminacao": 26.67, "onibus": 0.0, "ciclovia": 0.0, "calcada": 6.67, "obstaculo": 100.0, "rampa": 0.0, "rampa_faces": 0.0, "sem_calcada": 20.0, "sem_arvore": 13.33, "muitas_arvores": 6.67, "vao": 26.67, "V05400": 15, "V05421": 1, "V05406": 4, "V05412": 4, "V05422": 3, "V05424": 1, "V05427": 0, "V05409": 0, "V05415": 0, "V05418": 0, "V05430": 2, "V05433": 1, "criancas_0a4": 49, "em_favela": true }, "geometry": { "type": "Polygon", "coordinates": [ [ [ -46.686611, -23.455598 ], [ -46.68701, -23.455748 ], [ -46.687274, -23.455778 ], [ -46.6872, -23.455255 ], [ -46.686871, -23.455194 ], [ -46.686854, -23.45502 ], [ -46.686753, -23.454914 ], [ -46.686724, -23.454711 ], [ -46.686661, -23.454707 ], [ -46.68662, -23.454571 ], [ -46.686418, -23.454608 ], [ -46.686124, -23.454528 ], [ -46.685709, -23.454502 ], [ -46.685707, -23.454558 ], [ -46.685562, -23.454607 ], [ -46.685728, -23.454867 ], [ -46.68583, -23.454839 ], [ -46.686632, -23.45557 ], [ -46.686611, -23.455598 ] ] ] } },
{ "type": "Feature", "properties": { "CD_SETOR": "355030811000700", "faces": 14, "pavimentada": 28.57, "bueiro": 0.0, "iluminacao": 28.57, "onibus": 0.0, "ciclovia": 0.0, "calcada": 7.14, "obstaculo": 100.0, "rampa": 0.0, "rampa_faces": 0.0, "sem_calcada": 21.43, "sem_arvore": 28.57, "muitas_arvores": 0.0, "vao": 28.57, "V05400": 14, "V05421": 1, "V05406": 4, "V05412": 4, "V05422": 3, "V05424": 1, "V05427": 0, "V05409": 0, "V05415": 0, "V05418": 0, "V05430": 4, "V05433": 0, "criancas_0a4": 28, "em_favela": true }, "geometry": { "type": "Polygon", "coordinates": [ [ [ -46.687274, -23.455778 ], [ -46.68701, -23.455748 ], [ -46.686611, -23.455598 ], [ -46.686435, -23.455824 ], [ -46.686909, -23.456057 ], [ -46.686964, -23.455961 ], [ -46.687216, -23.456045 ], [ -46.68739, -23.456026 ], [ -46.687274, -23.455778 ] ] ] } },
{ "type": "Feature", "properties": { "CD_SETOR": "355030811000701", "faces": 20, "pavimentada": 75.0, "bueiro": 35.0, "iluminacao": 80.0, "onibus": 0.0, "ciclovia": 0.0, "calcada": 15.0, "obstaculo": 100.0, "rampa": 0.0, "rampa_faces": 0.0, "sem_calcada": 65.0, "sem_arvore": 60.0, "muitas_arvores": 5.0, "vao": 75.0, "V05400": 20, "V05421": 3, "V05406": 15, "V05412": 16, "V05422": 13, "V05424": 3, "V05427": 0, "V05409": 7, "V05415": 0, "V05418": 0, "V05430": 12, "V05433": 1, "criancas_0a4": 72, "em_favela": true }, "geometry": { "type": "Polygon", "coordinates": [ [ [ -46.684481, -23.455556 ], [ -46.684643, -23.455135 ], [ -46.684919, -23.455203 ], [ -46.685531, -23.45565 ], [ -46.685605, -23.455549 ], [ -46.685928, -23.455766 ], [ -46.685691, -23.456036 ], [ -46.686087, -23.456305 ], [ -46.686345, -23.455941 ], [ -46.685346, -23.455227 ], [ -46.684666, -23.454955 ], [ -46.684911, -23.454177 ], [ -46.684419, -23.453818 ], [ -46.684275, -23.454271 ], [ -46.684101, -23.455286 ], [ -46.684481, -23.455556 ] ] ] } },
{ "type": "Feature", "properties": { "CD_SETOR": "355030811000702", "faces": 10, "pavimentada": 100.0, "bueiro": 0.0, "iluminacao": 100.0, "onibus": 0.0, "ciclovia": 0.0, "calcada": 80.0, "obstaculo": 100.0, "rampa": 0.0, "rampa_faces": 0.0, "sem_calcada": 20.0, "sem_arvore": 70.0, "muitas_arvores": 0.0, "vao": 100.0, "V05400": 10, "V05421": 8, "V05406": 10, "V05412": 10, "V05422": 2, "V05424": 8, "V05427": 0, "V05409": 0, "V05415": 0, "V05418": 0, "V05430": 7, "V05433": 0, "criancas_0a4": 44, "em_favela": false }, "geometry": { "type": "Polygon", "coordinates": [ [ [ -46.687045, -23.4618 ], [ -46.687104, -23.4619 ], [ -46.687234, -23.462851 ], [ -46.687465, -23.462831 ], [ -46.687823, -23.46318 ], [ -46.688138, -23.462961 ], [ -46.688445, -23.462982 ], [ -46.688746, -23.463394 ], [ -46.688881, -23.463888 ], [ -46.68913, -23.464483 ], [ -46.689492, -23.464182 ], [ -46.68948, -23.463845 ], [ -46.689179, -23.46326 ], [ -46.688895, -23.462847 ], [ -46.688885, -23.462704 ], [ -46.688447, -23.462638 ], [ -46.688411, -23.462437 ], [ -46.687808, -23.462407 ], [ -46.687752, -23.462325 ], [ -46.687775, -23.461865 ], [ -46.687218, -23.461572 ], [ -46.687045, -23.4618 ] ] ] } },
{ "type": "Feature", "properties": { "CD_SETOR": "355030811000703", "faces": 4, "pavimentada": 100.0, "bueiro": 50.0, "iluminacao": 100.0, "onibus": 0.0, "ciclovia": 0.0, "calcada": 25.0, "obstaculo": 100.0, "rampa": 0.0, "rampa_faces": 0.0, "sem_calcada": 75.0, "sem_arvore": 75.0, "muitas_arvores": 0.0, "vao": 100.0, "V05400": 4, "V05421": 1, "V05406": 4, "V05412": 4, "V05422": 3, "V05424": 1, "V05427": 0, "V05409": 2, "V05415": 0, "V05418": 0, "V05430": 3, "V05433": 0, "criancas_0a4": 0, "em_favela": false }, "geometry": { "type": "Polygon", "coordinates": [ [ [ -46.685449, -23.456304 ], [ -46.685928, -23.455766 ], [ -46.685605, -23.455549 ], [ -46.685531, -23.45565 ], [ -46.684919, -23.455203 ], [ -46.684643, -23.455135 ], [ -46.684481, -23.455556 ], [ -46.685449, -23.456304 ] ] ] } },
{ "type": "Feature", "properties": { "CD_SETOR": "355030811000704", "faces": 8, "pavimentada": 100.0, "bueiro": 12.5, "iluminacao": 100.0, "onibus": 12.5, "ciclovia": 0.0, "calcada": 37.5, "obstaculo": 100.0, "rampa": 0.0, "rampa_faces": 0.0, "sem_calcada": 62.5, "sem_arvore": 100.0, "muitas_arvores": 0.0, "vao": 100.0, "V05400": 8, "V05421": 3, "V05406": 8, "V05412": 8, "V05422": 5, "V05424": 3, "V05427": 0, "V05409": 1, "V05415": 1, "V05418": 0, "V05430": 8, "V05433": 0, "criancas_0a4": 15, "em_favela": false }, "geometry": { "type": "Polygon", "coordinates": [ [ [ -46.681236, -23.455054 ], [ -46.681205, -23.455186 ], [ -46.681066, -23.455153 ], [ -46.680978, -23.455455 ], [ -46.680703, -23.455377 ], [ -46.680646, -23.455515 ], [ -46.681758, -23.455817 ], [ -46.681939, -23.455208 ], [ -46.681236, -23.455054 ] ] ] } },
{ "type": "Feature", "properties": { "CD_SETOR": "355030811000705", "faces": 12, "pavimentada": 100.0, "bueiro": 8.33, "iluminacao": 100.0, "onibus": 0.0, "ciclovia": 0.0, "calcada": 83.33, "obstaculo": 100.0, "rampa": 0.0, "rampa_faces": 0.0, "sem_calcada": 16.67, "sem_arvore": 58.33, "muitas_arvores": 0.0, "vao": 100.0, "V05400": 12, "V05421": 10, "V05406": 12, "V05412": 12, "V05422": 2, "V05424": 10, "V05427": 0, "V05409": 1, "V05415": 0, "V05418": 0, "V05430": 7, "V05433": 0, "criancas_0a4": 30, "em_favela": false }, "geometry": { "type": "Polygon", "coordinates": [ [ [ -46.687823, -23.46318 ], [ -46.687465, -23.462831 ], [ -46.687234, -23.462851 ], [ -46.687104, -23.4619 ], [ -46.687045, -23.4618 ], [ -46.686046, -23.463443 ], [ -46.68685, -23.463684 ], [ -46.687239, -23.463703 ], [ -46.687341, -23.463671 ], [ -46.687823, -23.46318 ] ] ] } },
{ "type": "Feature", "properties": { "CD_SETOR": "355030811000706", "faces": 5, "pavimentada": 100.0, "bueiro": 20.0, "iluminacao": 100.0, "onibus": 0.0, "ciclovia": 0.0, "calcada": 100.0, "obstaculo": 100.0, "rampa": 20.0, "rampa_faces": 20.0, "sem_calcada": 0.0, "sem_arvore": 40.0, "muitas_arvores": 0.0, "vao": 80.0, "V05400": 5, "V05421": 5, "V05406": 5, "V05412": 5, "V05422": 0, "V05424": 5, "V05427": 1, "V05409": 1, "V05415": 0, "V05418": 0, "V05430": 2, "V05433": 0, "criancas_0a4": 12, "em_favela": false }, "geometry": { "type": "Polygon", "coordinates": [ [ [ -46.685925, -23.464402 ], [ -46.68574, -23.465371 ], [ -46.686241, -23.465445 ], [ -46.686454, -23.464367 ], [ -46.686178, -23.464339 ], [ -46.686111, -23.464243 ], [ -46.686135, -23.464146 ], [ -46.685984, -23.464 ], [ -46.686095, -23.463891 ], [ -46.685964, -23.463558 ], [ -46.685709, -23.463917 ], [ -46.685651, -23.464087 ], [ -46.685875, -23.464284 ], [ -46.685925, -23.464402 ] ] ] } },
{ "type": "Feature", "properties": { "CD_SETOR": "355030811000707", "faces": 13, "pavimentada": 100.0, "bueiro": 61.54, "iluminacao": 100.0, "onibus": 0.0, "ciclovia": 0.0, "calcada": 53.85, "obstaculo": 100.0, "rampa": 0.0, "rampa_faces": 0.0, "sem_calcada": 46.15, "sem_arvore": 76.92, "muitas_arvores": 0.0, "vao": 100.0, "V05400": 13, "V05421": 7, "V05406": 13, "V05412": 13, "V05422": 6, "V05424": 7, "V05427": 0, "V05409": 8, "V05415": 0, "V05418": 0, "V05430": 10, "V05433": 0, "criancas_0a4": 34, "em_favela": false }, "geometry": { "type": "Polygon", "coordinates": [ [ [ -46.681866, -23.464033 ], [ -46.680532, -23.464552 ], [ -46.679944, -23.464942 ], [ -46.679589, -23.464885 ], [ -46.679283, -23.465739 ], [ -46.67953, -23.465796 ], [ -46.680627, -23.465046 ], [ -46.680657, -23.465068 ], [ -46.680515, -23.46551 ], [ -46.680735, -23.465563 ], [ -46.680884, -23.465078 ], [ -46.680952, -23.464986 ], [ -46.682016, -23.464538 ], [ -46.681966, -23.46425 ], [ -46.681866, -23.464033 ] ] ] } },
{ "type": "Feature", "properties": { "CD_SETOR": "355030811000708", "faces": 7, "pavimentada": 100.0, "bueiro": 14.29, "iluminacao": 100.0, "onibus": 28.57, "ciclovia": 0.0, "calcada": 100.0, "obstaculo": 100.0, "rampa": 14.29, "rampa_faces": 14.29, "sem_calcada": 0.0, "sem_arvore": 71.43, "muitas_arvores": 0.0, "vao": 85.71, "V05400": 7, "V05421": 7, "V05406": 7, "V05412": 7, "V05422": 0, "V05424": 7, "V05427": 1, "V05409": 1, "V05415": 2, "V05418": 0, "V05430": 5, "V05433": 0, "criancas_0a4": 12, "em_favela": false }, "geometry": { "type": "Polygon", "coordinates": [ [ [ -46.679589, -23.464885 ], [ -46.679944, -23.464942 ], [ -46.680532, -23.464552 ], [ -46.681866, -23.464033 ], [ -46.681973, -23.463766 ], [ -46.681179, -23.46357 ], [ -46.680074, -23.464047 ], [ -46.679684, -23.464527 ], [ -46.679589, -23.464885 ] ] ] } },
{ "type": "Feature", "properties": { "CD_SETOR": "355030811000709", "faces": 4, "pavimentada": 100.0, "bueiro": 0.0, "iluminacao": 100.0, "onibus": 25.0, "ciclovia": 0.0, "calcada": 75.0, "obstaculo": 100.0, "rampa": 0.0, "rampa_faces": 0.0, "sem_calcada": 25.0, "sem_arvore": 75.0, "muitas_arvores": 0.0, "vao": 100.0, "V05400": 4, "V05421": 3, "V05406": 4, "V05412": 4, "V05422": 1, "V05424": 3, "V05427": 0, "V05409": 0, "V05415": 1, "V05418": 0, "V05430": 3, "V05433": 0, "criancas_0a4": 34, "em_favela": false }, "geometry": { "type": "Polygon", "coordinates": [ [ [ -46.680699, -23.456141 ], [ -46.680713, -23.456498 ], [ -46.680557, -23.456533 ], [ -46.680571, -23.456571 ], [ -46.680421, -23.456644 ], [ -46.680439, -23.456695 ], [ -46.680046, -23.45703 ], [ -46.680096, -23.457124 ], [ -46.680031, -23.457155 ], [ -46.680123, -23.457282 ], [ -46.680715, -23.45686 ], [ -46.680911, -23.456775 ], [ -46.681472, -23.456755 ], [ -46.681775, -23.456829 ], [ -46.681998, -23.456453 ], [ -46.681618, -23.456148 ], [ -46.681586, -23.456049 ], [ -46.681332, -23.456035 ], [ -46.680699, -23.456141 ] ] ] } },
{ "type": "Feature", "properties": { "CD_SETOR": "355030811000710", "faces": 9, "pavimentada": 77.78, "bueiro": 11.11, "iluminacao": 66.67, "onibus": 0.0, "ciclovia": 0.0, "calcada": 55.56, "obstaculo": 100.0, "rampa": 0.0, "rampa_faces": 0.0, "sem_calcada": 22.22, "sem_arvore": 66.67, "muitas_arvores": 0.0, "vao": 77.78, "V05400": 9, "V05421": 5, "V05406": 7, "V05412": 6, "V05422": 2, "V05424": 5, "V05427": 0, "V05409": 1, "V05415": 0, "V05418": 0, "V05430": 6, "V05433": 0, "criancas_0a4": 24, "em_favela": true }, "geometry": { "type": "Polygon", "coordinates": [ [ [ -46.680123, -23.457282 ], [ -46.680031, -23.457155 ], [ -46.680096, -23.457124 ], [ -46.680046, -23.45703 ], [ -46.680439, -23.456695 ], [ -46.680421, -23.456644 ], [ -46.680571, -23.456571 ], [ -46.680557, -23.456533 ], [ -46.680713, -23.456498 ], [ -46.680699, -23.456141 ], [ -46.680144, -23.456221 ], [ -46.679282, -23.456654 ], [ -46.679636, -23.457357 ], [ -46.679624, -23.457652 ], [ -46.680123, -23.457282 ] ] ] } },
{ "type": "Feature", "properties": { "CD_SETOR": "355030811000711", "faces": 9, "pavimentada": 100.0, "bueiro": 11.11, "iluminacao": 55.56, "onibus": 0.0, "ciclovia": 0.0, "calcada": 22.22, "obstaculo": 100.0, "rampa": 0.0, "rampa_faces": 0.0, "sem_calcada": 77.78, "sem_arvore": 66.67, "muitas_arvores": 11.11, "vao": 100.0, "V05400": 9, "V05421": 2, "V05406": 9, "V05412": 5, "V05422": 7, "V05424": 2, "V05427": 0, "V05409": 1, "V05415": 0, "V05418": 0, "V05430": 6, "V05433": 1, "criancas_0a4": 48, "em_favela": true }, "geometry": { "type": "Polygon", "coordinates": [ [ [ -46.684803, -23.449757 ], [ -46.684797, -23.449797 ], [ -46.68504, -23.449769 ], [ -46.685814, -23.449593 ], [ -46.685985, -23.449346 ], [ -46.685953, -23.44917 ], [ -46.686328, -23.449104 ], [ -46.68639, -23.449 ], [ -46.686418, -23.44864 ], [ -46.685608, -23.448578 ], [ -46.685748, -23.447777 ], [ -46.685727, -23.447651 ], [ -46.685556, -23.44762 ], [ -46.685505, -23.447973 ], [ -46.685329, -23.448377 ], [ -46.685129, -23.448294 ], [ -46.68495, -23.449048 ], [ -46.685123, -23.449661 ], [ -46.684803, -23.449757 ] ] ] } },
{ "type": "Feature", "properties": { "CD_SETOR": "355030811000713", "faces": 29, "pavimentada": 100.0, "bueiro": 34.48, "iluminacao": 100.0, "onibus": 20.69, "ciclovia": 0.0, "calcada": 100.0, "obstaculo": 82.76, "rampa": 10.34, "rampa_faces": 10.34, "sem_calcada": 0.0, "sem_arvore": 48.28, "muitas_arvores": 10.34, "vao": 89.66, "V05400": 29, "V05421": 29, "V05406": 29, "V05412": 29, "V05422": 0, "V05424": 24, "V05427": 3, "V05409": 10, "V05415": 6, "V05418": 0, "V05430": 14, "V05433": 3, "criancas_0a4": 28, "em_favela": false }, "geometry": { "type": "Polygon", "coordinates": [ [ [ -46.677028, -23.459161 ], [ -46.676593, -23.458895 ], [ -46.67624, -23.460235 ], [ -46.676103, -23.460203 ], [ -46.675949, -23.46061 ], [ -46.679163, -23.4617 ], [ -46.679063, -23.461009 ], [ -46.678905, -23.46084 ], [ -46.678583, -23.460729 ], [ -46.678722, -23.460175 ], [ -46.677789, -23.459974 ], [ -46.677976, -23.459275 ], [ -46.677993, -23.459047 ], [ -46.677295, -23.459192 ], [ -46.677028, -23.459161 ] ] ] } }
]
}
