{
"type": "FeatureCollection",
"name": "bras",
"crs": { "type": "name", "properties": { "name": "urn:ogc:def:crs:OGC:1.3:CRS84" } },
"xy_coordinate_resolution": 1e-06,
"features": [
{ "type": "Feature", "properties": { "CD_SETOR": "355030810000002", "faces": 15, "pavimentada": 100.0, "bueiro": 66.67, "iluminacao": 100.0, "onibus": 20.0, "ciclovia": 6.67, "calcada": 86.67, "obstaculo": 38.46, "rampa": 84.62, "rampa_faces": 73.33, "sem_calcada": 13.33, "sem_arvore": 33.33, "muitas_arvores": 33.33, "vao": 26.67, "V05400": 15, "V05421": 13, "V05406": 15, "V05412": 15, "V05422": 2, "V05424": 5, "V05427": 11, "V05409": 10, "V05415": 3, "V05418": 1, "V05430": 5, "V05433": 5, "criancas_0a4": 14, "em_favela": false }, "geometry": { "type": "Polygon", "coordinates": [ [ [ -46.613089, -23.542189 ], [ -46.615881, -23.543955 ], [ -46.616538, -23.543073 ], [ -46.616332, -23.542948 ], [ -46.616319, -23.542804 ], [ -46.613798, -23.541231 ], [ -46.613089, -23.542189 ] ] ] } },
{ "type": "Feature", "properties": { "CD_SETOR": "355030810000013", "faces": 20, "pavimentada": 100.0, "bueiro": 55.0, "iluminacao": 100.0, "onibus": 15.0, "ciclovia": 0.0, "calcada": 100.0, "obstaculo": 40.0, "rampa": 85.0, "rampa_faces": 85.0, "sem_calcada": 0.0, "sem_arvore": 35.0, "muitas_arvores": 15.0, "vao": 15.0, "V05400": 20, "V05421": 20, "V05406": 20, "V05412": 20, "V05422": 0, "V05424": 8, "V05427": 17, "V05409": 11, "V05415": 3, "V05418": 0, "V05430": 7, "V05433": 3, "criancas_0a4": 36, "em_favela": false }, "geometry": { "type": "Polygon", "coordinates": [ [ [ -46.621578, -23.542969 ], [ -46.621373, -23.543739 ], [ -46.620293, -23.545296 ], [ -46.620724, -23.545547 ], [ -46.61938, -23.547458 ], [ -46.620115, -23.547872 ], [ -46.62009, -23.547931 ], [ -46.620408, -23.548083 ], [ -46.621678, -23.545973 ], [ -46.621854, -23.545888 ], [ -46.622454, -23.544097 ], [ -46.62188, -23.543968 ], [ -46.622228, -23.542904 ], [ -46.622067, -23.542872 ], [ -46.622025, -23.543064 ], [ -46.621578, -23.542969 ] ] ] } },
{ "type": "Feature", "properties": { "CD_SETOR": "355030810000016", "faces": 8, "pavimentada": 100.0, "bueiro": 100.0, "iluminacao": 100.0, "onibus": 50.0, "ciclovia": 0.0, "calcada": 100.0, "obstaculo": 25.0, "rampa": 25.0, "rampa_faces": 25.0, "sem_calcada": 0.0, "sem_arvore": 62.5, "muitas_arvores": 0.0, "vao": 75.0, "V05400": 8, "V05421": 8, "V05406": 8, "V05412": 8, "V05422": 0, "V05424": 2, "V05427": 2, "V05409": 8, "V05415": 4, "V05418": 0, "V05430": 5, "V05433": 0, "criancas_0a4": 27, "em_favela": false }, "geometry": { "type": "Polygon", "coordinates": [ [ [ -46.62494, -23.534339 ], [ -46.622305, -23.535022 ], [ -46.622238, -23.53622 ], [ -46.625661, -23.535665 ], [ -46.625265, -23.534748 ], [ -46.625184, -23.534201 ], [ -46.62494, -23.534339 ] ] ] } },
{ "type": "Feature", "properties": { "CD_SETOR": "355030810000023", "faces": 4, "pavimentada": 100.0, "bueiro": 100.0, "iluminacao": 100.0, "onibus": 75.0, "ciclovia": 0.0, "calcada": 100.0, "obstaculo": 0.0, "rampa": 100.0, "rampa_faces": 100.0, "sem_calcada": 0.0, "sem_arvore": 25.0, "muitas_arvores": 50.0, "vao": 0.0, "V05400": 4, "V05421": 4, "V05406": 4, "V05412": 4, "V05422": 0, "V05424": 0, "V05427": 4, "V05409": 4, "V05415": 3, "V05418": 0, "V05430": 1, "V05433": 2, "criancas_0a4": 3, "em_favela": false }, "geometry": { "type": "Polygon", "coordinates": [ [ [ -46.618675, -23.551114 ], [ -46.618905, -23.551226 ], [ -46.61944, -23.551186 ], [ -46.620302, -23.549937 ], [ -46.619689, -23.549579 ], [ -46.618675, -23.551114 ] ] ] } },
{ "type": "Feature", "properties": { "CD_SETOR": "355030810000027", "faces": 12, "pavimentada": 100.0, "bueiro": 25.0, "iluminacao": 100.0, "onibus": 8.33, "ciclovia": 0.0, "calcada": 100.0, "obstaculo": 33.33, "rampa": 83.33, "rampa_faces": 83.33, "sem_calcada": 0.0, "sem_arvore": 41.67, "muitas_arvores": 16.67, "vao": 16.67, "V05400": 12, "V05421": 12, "V05406": 12, "V05412": 12, "V05422": 0, "V05424": 4, "V05427": 10, "V05409": 3, "V05415": 1, "V05418": 0, "V05430": 5, "V05433": 2, "criancas_0a4": 0, "em_favela": false }, "geometry": { "type": "Polygon", "coordinates": [ [ [ -46.610106, -23.535727 ], [ -46.611459, -23.537638 ], [ -46.612264, -23.537139 ], [ -46.610835, -23.535103 ], [ -46.610106, -23.535727 ] ] ] } },
{ "type": "Feature", "properties": { "CD_SETOR": "355030810000028", "faces": 15, "pavimentada": 100.0, "bueiro": 53.33, "iluminacao": 100.0, "onibus": 13.33, "ciclovia": 0.0, "calcada": 100.0, "obstaculo": 6.67, "rampa": 80.0, "rampa_faces": 80.0, "sem_calcada": 0.0, "sem_arvore": 20.0, "muitas_arvores": 6.67, "vao": 20.0, "V05400": 15, "V05421": 15, "V05406": 15, "V05412": 15, "V05422": 0, "V05424": 1, "V05427": 12, "V05409": 8, "V05415": 2, "V05418": 0, "V05430": 3, "V05433": 1, "criancas_0a4": 10, "em_favela": false }, "geometry": { "type": "Polygon", "coordinates": [ [ [ -46.608623, -23.537042 ], [ -46.607991, -23.539185 ], [ -46.609424, -23.539489 ], [ -46.609945, -23.537645 ], [ -46.610932, -23.536893 ], [ -46.610106, -23.535727 ], [ -46.608623, -23.537042 ] ] ] } },
{ "type": "Feature", "properties": { "CD_SETOR": "355030810000029", "faces": 11, "pavimentada": 100.0, "bueiro": 72.73, "iluminacao": 100.0, "onibus": 9.09, "ciclovia": 0.0, "calcada": 81.82, "obstaculo": 100.0, "rampa": 22.22, "rampa_faces": 18.18, "sem_calcada": 18.18, "sem_arvore": 18.18, "muitas_arvores": 54.55, "vao": 81.82, "V05400": 11, "V05421": 9, "V05406": 11, "V05412": 11, "V05422": 2, "V05424": 9, "V05427": 2, "V05409": 8, "V05415": 1, "V05418": 0, "V05430": 2, "V05433": 6, "criancas_0a4": 0, "em_favela": false }, "geometry": { "type": "Polygon", "coordinates": [ [ [ -46.606131, -23.543445 ], [ -46.605651, -23.544131 ], [ -46.607328, -23.54484 ], [ -46.607416, -23.544816 ], [ -46.607649, -23.544379 ], [ -46.60623, -23.543782 ], [ -46.606861, -23.542855 ], [ -46.606131, -23.543445 ] ] ] } },
{ "type": "Feature", "properties": { "CD_SETOR": "355030810000030", "faces": 8, "pavimentada": 100.0, "bueiro": 37.5, "iluminacao": 100.0, "onibus": 12.5, "ciclovia": 0.0, "calcada": 50.0, "obstaculo": 75.0, "rampa": 50.0, "rampa_faces": 25.0, "sem_calcada": 50.0, "sem_arvore": 62.5, "muitas_arvores": 12.5, "vao": 75.0, "V05400": 8, "V05421": 4, "V05406": 8, "V05412": 8, "V05422": 4, "V05424": 3, "V05427": 2, "V05409": 3, "V05415": 1, "V05418": 0, "V05430": 5, "V05433": 1, "criancas_0a4": 4, "em_favela": false }, "geometry": { "type": "Polygon", "coordinates": [ [ [ -46.611551, -23.552706 ], [ -46.610221, -23.554583 ], [ -46.612382, -23.554397 ], [ -46.613601, -23.554237 ], [ -46.613436, -23.552935 ], [ -46.612693, -23.552942 ], [ -46.612099, -23.552853 ], [ -46.611551, -23.552706 ] ] ] } },
{ "type": "Feature", "properties": { "CD_SETOR": "355030810000031", "faces": 18, "pavimentada": 100.0, "bueiro": 77.78, "iluminacao": 77.78, "onibus": 44.44, "ciclovia": 0.0, "calcada": 77.78, "obstaculo": 35.71, "rampa": 78.57, "rampa_faces": 61.11, "sem_calcada": 22.22, "sem_arvore": 66.67, "muitas_arvores": 22.22, "vao": 38.89, "V05400": 18, "V05421": 14, "V05406": 18, "V05412": 14, "V05422": 4, "V05424": 5, "V05427": 11, "V05409": 14, "V05415": 8, "V05418": 0, "V05430": 12, "V05433": 4, "criancas_0a4": 16, "em_favela": false }, "geometry": { "type": "Polygon", "coordinates": [ [ [ -46.613436, -23.552935 ], [ -46.613601, -23.554237 ], [ -46.617004, -23.553901 ], [ -46.616767, -23.552624 ], [ -46.613436, -23.552935 ] ] ] } },
{ "type": "Feature", "properties": { "CD_SETOR": "355030810000033", "faces": 23, "pavimentada": 100.0, "bueiro": 86.96, "iluminacao": 100.0, "onibus": 17.39, "ciclovia": 8.7, "calcada": 100.0, "obstaculo": 13.04, "rampa": 95.65, "rampa_faces": 95.65, "sem_calcada": 0.0, "sem_arvore": 26.09, "muitas_arvores": 26.09, "vao": 4.35, "V05400": 23, "V05421": 23, "V05406": 23, "V05412": 23, "V05422": 0, "V05424": 3, "V05427": 22, "V05409": 20, "V05415": 4, "V05418": 2, "V05430": 6, "V05433": 6, "criancas_0a4": 5, "em_favela": false }, "geometry": { "type": "Polygon", "coordinates": [ [ [ -46.624755, -23.551253 ], [ -46.620172, -23.551739 ], [ -46.620202, -23.552213 ], [ -46.622304, -23.551952 ], [ -46.622455, -23.552857 ], [ -46.625045, -23.552631 ], [ -46.624915, -23.551952 ], [ -46.624871, -23.551296 ], [ -46.624755, -23.551253 ] ] ] } },
{ "type": "Feature", "properties": { "CD_SETOR": "355030810000040", "faces": 11, "pavimentada": 100.0, "bueiro": 81.82, "iluminacao": 100.0, "onibus": 9.09, "ciclovia": 0.0, "calcada": 100.0, "obstaculo": 36.36, "rampa": 72.73, "rampa_faces": 72.73, "sem_calcada": 0.0, "sem_arvore": 81.82, "muitas_arvores": 0.0, "vao": 27.27, "V05400": 11, "V05421": 11, "V05406": 11, "V05412": 11, "V05422": 0, "V05424": 4, "V05427": 8, "V05409": 9, "V05415": 1, "V05418": 0, "V05430": 9, "V05433": 0, "criancas_0a4": 28, "em_favela": false }, "geometry": { "type": "Polygon", "coordinates": [ [ [ -46.624575, -23.544563 ], [ -46.626264, -23.544817 ], [ -46.626262, -23.5447 ], [ -46.626696, -23.543123 ], [ -46.625063, -23.542743 ], [ -46.624575, -23.544563 ] ] ] } },
{ "type": "Feature", "properties": { "CD_SETOR": "355030810000043", "faces": 4, "pavimentada": 100.0, "bueiro": 75.0, "iluminacao": 100.0, "onibus": 0.0, "ciclovia": 50.0, "calcada": 100.0, "obstaculo": 25.0, "rampa": 75.0, "rampa_faces": 75.0, "sem_calcada": 0.0, "sem_arvore": 50.0, "muitas_arvores": 0.0, "vao": 25.0, "V05400": 4, "V05421": 4, "V05406": 4, "V05412": 4, "V05422": 0, "V05424": 1, "V05427": 3, "V05409": 3, "V05415": 0, "V05418": 2, "V05430": 2, "V05433": 0, "criancas_0a4": 14, "em_favela": false }, "geometry": { "type": "Polygon", "coordinates": [ [ [ -46.612376, -23.545073 ], [ -46.614181, -23.546238 ], [ -46.614946, -23.545211 ], [ -46.613116, -23.544037 ], [ -46.612376, -23.545073 ] ] ] } },
{ "type": "Feature", "properties": { "CD_SETOR": "355030810000047", "faces": 16, "pavimentada": 100.0, "bueiro": 100.0, "iluminacao": 100.0, "onibus": 12.5, "ciclovia": 0.0, "calcada": 100.0, "obstaculo": 37.5, "rampa": 56.25, "rampa_faces": 56.25, "sem_calcada": 0.0, "sem_arvore": 31.25, "muitas_arvores": 6.25, "vao": 43.75, "V05400": 16, "V05421": 16, "V05406": 16, "V05412": 16, "V05422": 0, "V05424": 6, "V05427": 9, "V05409": 16, "V05415": 2, "V05418": 0, "V05430": 5, "V05433": 1, "criancas_0a4": 3, "em_favela": false }, "geometry": { "type": "Polygon", "coordinates": [ [ [ -46.620384, -23.535249 ], [ -46.620416, -23.537993 ], [ -46.622134, -23.538062 ], [ -46.622305, -23.535022 ], [ -46.620384, -23.535249 ] ] ] } },
{ "type": "Feature", "properties": { "CD_SETOR": "355030810000048", "faces": 4, "pavimentada": 100.0, "bueiro": 25.0, "iluminacao": 100.0, "onibus": 25.0, "ciclovia": 25.0, "calcada": 100.0, "obstaculo": 0.0, "rampa": 100.0, "rampa_faces": 100.0, "sem_calcada": 0.0, "sem_arvore": 0.0, "muitas_arvores": 25.0, "vao": 0.0, "V05400": 4, "V05421": 4, "V05406": 4, "V05412": 4, "V05422": 0, "V05424": 0, "V05427": 4, "V05409": 1, "V05415": 1, "V05418": 1, "V05430": 0, "V05433": 1, "criancas_0a4": 5, "em_favela": false }, "geometry": { "type": "Polygon", "coordinates": [ [ [ -46.607042, -23.542575 ], [ -46.608172, -23.542977 ], [ -46.608499, -23.541807 ], [ -46.607353, -23.541474 ], [ -46.607042, -23.542575 ] ] ] } },
{ "type": "Feature", "properties": { "CD_SETOR": "355030810000052", "faces": 6, "pavimentada": 100.0, "bueiro": 100.0, "iluminacao": 100.0, "onibus": 33.33, "ciclovia": 16.67, "calcada": 100.0, "obstaculo": 16.67, "rampa": 100.0, "rampa_faces": 100.0, "sem_calcada": 0.0, "sem_arvore": 0.0, "muitas_arvores": 66.67, "vao": 0.0, "V05400": 6, "V05421": 6, "V05406": 6, "V05412": 6, "V05422": 0, "V05424": 1, "V05427": 6, "V05409": 6, "V05415": 2, "V05418": 1, "V05430": 0, "V05433": 4, "criancas_0a4": 25, "em_favela": false }, "geometry": { "type": "Polygon", "coordinates": [ [ [ -46.62009, -23.547931 ], [ -46.619822, -23.548408 ], [ -46.621123, -23.548743 ], [ -46.622695, -23.546434 ], [ -46.621678, -23.545973 ], [ -46.620408, -23.548083 ], [ -46.62009, -23.547931 ] ] ] } },
{ "type": "Feature", "properties": { "CD_SETOR": "355030810000055", "faces": 2, "pavimentada": 100.0, "bueiro": 100.0, "iluminacao": 100.0, "onibus": 0.0, "ciclovia": 0.0, "calcada": 100.0, "obstaculo": 0.0, "rampa": 100.0, "rampa_faces": 100.0, "sem_calcada": 0.0, "sem_arvore": 100.0, "muitas_arvores": 0.0, "vao": 0.0, "V05400": 2, "V05421": 2, "V05406": 2, "V05412": 2, "V05422": 0, "V05424": 0, "V05427": 2, "V05409": 2, "V05415": 0, "V05418": 0, "V05430": 2, "V05433": 0, "criancas_0a4": 0, "em_favela": false }, "geometry": { "type": "Polygon", "coordinates": [ [ [ -46.621578, -23.542969 ], [ -46.622025, -23.543064 ], [ -46.622067, -23.542872 ], [ -46.621628, -23.542785 ], [ -46.621578, -23.542969 ] ] ] } },
{ "type": "Feature", "properties": { "CD_SETOR": "355030810000056", "faces": 4, "pavimentada": 100.0, "bueiro": 100.0, "iluminacao": 100.0, "onibus": 0.0, "ciclovia": 0.0, "calcada": 100.0, "obstaculo": 50.0, "rampa": 100.0, "rampa_faces": 100.0, "sem_calcada": 0.0, "sem_arvore": 25.0, "muitas_arvores": 75.0, "vao": 0.0, "V05400": 4, "V05421": 4, "V05406": 4, "V05412": 4, "V05422": 0, "V05424": 2, "V05427": 4, "V05409": 4, "V05415": 0, "V05418": 0, "V05430": 1, "V05433": 3, "criancas_0a4": 12, "em_favela": false }, "geometry": { "type": "Polygon", "coordinates": [ [ [ -46.618884, -23.548163 ], [ -46.619822, -23.548408 ], [ -46.620115, -23.547872 ], [ -46.61938, -23.547458 ], [ -46.618884, -23.548163 ] ] ] } },
{ "type": "Feature", "properties": { "CD_SETOR": "355030810000057", "faces": 46, "pavimentada": 100.0, "bueiro": 56.52, "iluminacao": 95.65, "onibus": 19.57, "ciclovia": 2.17, "calcada": 65.22, "obstaculo": 60.0, "rampa": 53.33, "rampa_faces": 34.78, "sem_calcada": 34.78, "sem_arvore": 78.26, "muitas_arvores": 10.87, "vao": 65.22, "V05400": 46, "V05421": 30, "V05406": 46, "V05412": 44, "V05422": 16, "V05424": 18, "V05427": 16, "V05409": 26, "V05415": 9, "V05418": 1, "V05430": 36, "V05433": 5, "criancas_0a4": 8, "em_favela": false }, "geometry": { "type": "Polygon", "coordinates": [ [ [ -46.619041, -23.539498 ], [ -46.617399, -23.541782 ], [ -46.617313, -23.541823 ], [ -46.617239, -23.541696 ], [ -46.616591, -23.541303 ], [ -46.615753, -23.542451 ], [ -46.617695, -23.543641 ], [ -46.618777, -23.542068 ], [ -46.619618, -23.541078 ], [ -46.62044, -23.5403 ], [ -46.622085, -23.539079 ], [ -46.622134, -23.538062 ], [ -46.618995, -23.537936 ], [ -46.619041, -23.539498 ] ] ] } },
{ "type": "Feature", "properties": { "CD_SETOR": "355030810000058", "faces": 28, "pavimentada": 75.0, "bueiro": 32.14, "iluminacao": 100.0, "onibus": 14.29, "ciclovia": 0.0, "calcada": 71.43, "obstaculo": 0.0, "rampa": 55.0, "rampa_faces": 39.29, "sem_calcada": 28.57, "sem_arvore": 78.57, "muitas_arvores": 0.0, "vao": 35.71, "V05400": 28, "V05421": 20, "V05406": 21, "V05412": 28, "V05422": 8, "V05424": 0, "V05427": 11, "V05409": 9, "V05415": 4, "V05418": 0, "V05430": 22, "V05433": 0, "criancas_0a4": 4, "em_favela": false }, "geometry": { "type": "Polygon", "coordinates": [ [ [ -46.615123, -23.540288 ], [ -46.614113, -23.541428 ], [ -46.615753, -23.542451 ], [ -46.616591, -23.541303 ], [ -46.617239, -23.541696 ], [ -46.617313, -23.541823 ], [ -46.617399, -23.541782 ], [ -46.618209, -23.540655 ], [ -46.616642, -23.539652 ], [ -46.615689, -23.540741 ], [ -46.615129, -23.540391 ], [ -46.615123, -23.540288 ] ] ] } },
{ "type": "Feature", "properties": { "CD_SETOR": "355030810000059", "faces": 8, "pavimentada": 100.0, "bueiro": 25.0, "iluminacao": 100.0, "onibus": 0.0, "ciclovia": 12.5, "calcada": 100.0, "obstaculo": 37.5, "rampa": 75.0, "rampa_faces": 75.0, "sem_calcada": 0.0, "sem_arvore": 12.5, "muitas_arvores": 25.0, "vao": 25.0, "V05400": 8, "V05421": 8, "V05406": 8, "V05412": 8, "V05422": 0, "V05424": 3, "V05427": 6, "V05409": 2, "V05415": 0, "V05418": 1, "V05430": 1, "V05433": 2, "criancas_0a4": 5, "em_favela": false }, "geometry": { "type": "Polygon", "coordinates": [ [ [ -46.613606, -23.54335 ], [ -46.615445, -23.54454 ], [ -46.615881, -23.543955 ], [ -46.614017, -23.542776 ], [ -46.613606, -23.54335 ] ] ] } },
{ "type": "Feature", "properties": { "CD_SETOR": "355030810000060", "faces": 7, "pavimentada": 100.0, "bueiro": 42.86, "iluminacao": 100.0, "onibus": 0.0, "ciclovia": 14.29, "calcada": 100.0, "obstaculo": 0.0, "rampa": 42.86, "rampa_faces": 42.86, "sem_calcada": 0.0, "sem_arvore": 14.29, "muitas_arvores": 14.29, "vao": 57.14, "V05400": 7, "V05421": 7, "V05406": 7, "V05412": 7, "V05422": 0, "V05424": 0, "V05427": 3, "V05409": 3, "V05415": 0, "V05418": 1, "V05430": 1, "V05433": 1, "criancas_0a4": 9, "em_favela": false }, "geometry": { "type": "Polygon", "coordinates": [ [ [ -46.613116, -23.544037 ], [ -46.614946, -23.545211 ], [ -46.615445, -23.54454 ], [ -46.613606, -23.54335 ], [ -46.613116, -23.544037 ] ] ] } },
{ "type": "Feature", "properties": { "CD_SETOR": "355030810000061", "faces": 4, "pavimentada": 100.0, "bueiro": 25.0, "iluminacao": 100.0, "onibus": 0.0, "ciclovia": 0.0, "calcada": 100.0, "obstaculo": 0.0, "rampa": 100.0, "rampa_faces": 100.0, "sem_calcada": 0.0, "sem_arvore": 75.0, "muitas_arvores": 25.0, "vao": 0.0, "V05400": 4, "V05421": 4, "V05406": 4, "V05412": 4, "V05422": 0, "V05424": 0, "V05427": 4, "V05409": 1, "V05415": 0, "V05418": 0, "V05430": 3, "V05433": 1, "criancas_0a4": 13, "em_favela": false }, "geometry": { "type": "Polygon", "coordinates": [ [ [ -46.61217, -23.54343 ], [ -46.613116, -23.544037 ], [ -46.614017, -23.542776 ], [ -46.613089, -23.542189 ], [ -46.61217, -23.54343 ] ] ] } },
{ "type": "Feature", "properties": { "CD_SETOR": "355030810000062", "faces": 4, "pavimentada": 100.0, "bueiro": 50.0, "iluminacao": 100.0, "onibus": 0.0, "ciclovia": 25.0, "calcada": 100.0, "obstaculo": 50.0, "rampa": 100.0, "rampa_faces": 100.0, "sem_calcada": 0.0, "sem_arvore": 0.0, "muitas_arvores": 0.0, "vao": 0.0, "V05400": 4, "V05421": 4, "V05406": 4, "V05412": 4, "V05422": 0, "V05424": 2, "V05427": 4, "V05409": 2, "V05415": 0, "V05418": 1, "V05430": 0, "V05433": 0, "criancas_0a4": 14, "em_favela": false }, "geometry": { "type": "Polygon", "coordinates": [ [ [ -46.611414, -23.544451 ], [ -46.612376, -23.545073 ], [ -46.613116, -23.544037 ], [ -46.61217, -23.54343 ], [ -46.611414, -23.544451 ] ] ] } },
{ "type": "Feature", "properties": { "CD_SETOR": "355030810000063", "faces": 5, "pavimentada": 100.0, "bueiro": 40.0, "iluminacao": 100.0, "onibus": 0.0, "ciclovia": 0.0, "calcada": 100.0, "obstaculo": 80.0, "rampa": 20.0, "rampa_faces": 20.0, "sem_calcada": 0.0, "sem_arvore": 0.0, "muitas_arvores": 40.0, "vao": 80.0, "V05400": 5, "V05421": 5, "V05406": 5, "V05412": 5, "V05422": 0, "V05424": 4, "V05427": 1, "V05409": 2, "V05415": 0, "V05418": 0, "V05430": 0, "V05433": 2, "criancas_0a4": 12, "em_favela": false }, "geometry": { "type": "Polygon", "coordinates": [ [ [ -46.610378, -23.5456 ], [ -46.611494, -23.54631 ], [ -46.612376, -23.545073 ], [ -46.612119, -23.545254 ], [ -46.611851, -23.545149 ], [ -46.611652, -23.54539 ], [ -46.610941, -23.544928 ], [ -46.610378, -23.5456 ] ] ] } },
{ "type": "Feature", "properties": { "CD_SETOR": "355030810000064", "faces": 1, "pavimentada": 100.0, "bueiro": 0.0, "iluminacao": 100.0, "onibus": 0.0, "ciclovia": 0.0, "calcada": 100.0, "obstaculo": 100.0, "rampa": 100.0, "rampa_faces": 100.0, "sem_calcada": 0.0, "sem_arvore": 0.0, "muitas_arvores": 100.0, "vao": 0.0, "V05400": 1, "V05421": 1, "V05406": 1, "V05412": 1, "V05422": 0, "V05424": 1, "V05427": 1, "V05409": 0, "V05415": 0, "V05418": 0, "V05430": 0, "V05433": 1, "criancas_0a4": 17, "em_favela": false }, "geometry": { "type": "Polygon", "coordinates": [ [ [ -46.609349, -23.546836 ], [ -46.610842, -23.547179 ], [ -46.611494, -23.54631 ], [ -46.610378, -23.5456 ], [ -46.609349, -23.546836 ] ] ] } },
{ "type": "Feature", "properties": { "CD_SETOR": "355030810000065", "faces": 17, "pavimentada": 100.0, "bueiro": 64.71, "iluminacao": 88.24, "onibus": 17.65, "ciclovia": 5.88, "calcada": 64.71, "obstaculo": 54.55, "rampa": 9.09, "rampa_faces": 5.88, "sem_calcada": 35.29, "sem_arvore": 5.88, "muitas_arvores": 35.29, "vao": 94.12, "V05400": 17, "V05421": 11, "V05406": 17, "V05412": 15, "V05422": 6, "V05424": 6, "V05427": 1, "V05409": 11, "V05415": 3, "V05418": 1, "V05430": 1, "V05433": 6, "criancas_0a4": 45, "em_favela": false }, "geometry": { "type": "Polygon", "coordinates": [ [ [ -46.610301, -23.543733 ], [ -46.608827, -23.545469 ], [ -46.609949, -23.546077 ], [ -46.609628, -23.546461 ], [ -46.609165, -23.546363 ], [ -46.608931, -23.546206 ], [ -46.608358, -23.546031 ], [ -46.607929, -23.546537 ], [ -46.609349, -23.546836 ], [ -46.610941, -23.544928 ], [ -46.611652, -23.54539 ], [ -46.611851, -23.545149 ], [ -46.612119, -23.545254 ], [ -46.612376, -23.545073 ], [ -46.610301, -23.543733 ] ] ] } },
{ "type": "Feature", "properties": { "CD_SETOR": "355030810000066", "faces": 1, "pavimentada": 100.0, "bueiro": 100.0, "iluminacao": 100.0, "onibus": 0.0, "ciclovia": 0.0, "calcada": 100.0, "obstaculo": 0.0, "rampa": 0.0, "rampa_faces": 0.0, "sem_calcada": 0.0, "sem_arvore": 0.0, "muitas_arvores": 100.0, "vao": 100.0, "V05400": 1, "V05421": 1, "V05406": 1, "V05412": 1, "V05422": 0, "V05424": 0, "V05427": 0, "V05409": 1, "V05415": 0, "V05418": 0, "V05430": 0, "V05433": 1, "criancas_0a4": 21, "em_favela": false }, "geometry": { "type": "Polygon", "coordinates": [ [ [ -46.608456, -23.545913 ], [ -46.608887, -23.546057 ], [ -46.609147, -23.545642 ], [ -46.608827, -23.545469 ], [ -46.608456, -23.545913 ] ] ] } },
{ "type": "Feature", "properties": { "CD_SETOR": "355030810000067", "faces": 1, "pavimentada": 100.0, "bueiro": 100.0, "iluminacao": 100.0, "onibus": 0.0, "ciclovia": 0.0, "calcada": 100.0, "obstaculo": 0.0, "rampa": 0.0, "rampa_faces": 0.0, "sem_calcada": 0.0, "sem_arvore": 0.0, "muitas_arvores": 0.0, "vao": 100.0, "V05400": 1, "V05421": 1, "V05406": 1, "V05412": 1, "V05422": 0, "V05424": 0, "V05427": 0, "V05409": 1, "V05415": 0, "V05418": 0, "V05430": 0, "V05433": 0, "criancas_0a4": 15, "em_favela": false }, "geometry": { "type": "Polygon", "coordinates": [ [ [ -46.608456, -23.545913 ], [ -46.608417, -23.54596 ], [ -46.608971, -23.546136 ], [ -46.609192, -23.54628 ], [ -46.609466, -23.545816 ], [ -46.609147, -23.545642 ], [ -46.608887, -23.546057 ], [ -46.608456, -23.545913 ] ] ] } },
{ "type": "Feature", "properties": { "CD_SETOR": "355030810000068", "faces": 1, "pavimentada": 100.0, "bueiro": 100.0, "iluminacao": 100.0, "onibus": 0.0, "ciclovia": 0.0, "calcada": 100.0, "obstaculo": 100.0, "rampa": 0.0, "rampa_faces": 0.0, "sem_calcada": 0.0, "sem_arvore": 0.0, "muitas_arvores": 0.0, "vao": 100.0, "V05400": 1, "V05421": 1, "V05406": 1, "V05412": 1, "V05422": 0, "V05424": 1, "V05427": 0, "V05409": 1, "V05415": 0, "V05418": 0, "V05430": 0, "V05433": 0, "criancas_0a4": 14, "em_favela": false }, "geometry": { "type": "Polygon", "coordinates": [ [ [ -46.608417, -23.54596 ], [ -46.608358, -23.546031 ], [ -46.608931, -23.546206 ], [ -46.609165, -23.546363 ], [ -46.609412, -23.546416 ], [ -46.609716, -23.545949 ], [ -46.609466, -23.545816 ], [ -46.609192, -23.54628 ], [ -46.608971, -23.546136 ], [ -46.608417, -23.54596 ] ] ] } },
{ "type": "Feature", "properties": { "CD_SETOR": "355030810000069", "faces": 1, "pavimentada": 100.0, "bueiro": 0.0, "iluminacao": 100.0, "onibus": 0.0, "ciclovia": 0.0, "calcada": 100.0, "obstaculo": 100.0, "rampa": 0.0, "rampa_faces": 0.0, "sem_calcada": 0.0, "sem_arvore": 0.0, "muitas_arvores": 0.0, "vao": 100.0, "V05400": 1, "V05421": 1, "V05406": 1, "V05412": 1, "V05422": 0, "V05424": 1, "V05427": 0, "V05409": 0, "V05415": 0, "V05418": 0, "V05430": 0, "V05433": 0, "criancas_0a4": 9, "em_favela": false }, "geometry": { "type": "Polygon", "coordinates": [ [ [ -46.609412, -23.546416 ], [ -46.609628, -23.546461 ], [ -46.609949, -23.546077 ], [ -46.609716, -23.545949 ], [ -46.609412, -23.546416 ] ] ] } },
{ "type": "Feature", "properties": { "CD_SETOR": "355030810000070", "faces": 2, "pavimentada": 100.0, "bueiro": 100.0, "iluminacao": 100.0, "onibus": 50.0, "ciclovia": 0.0, "calcada": 100.0, "obstaculo": 50.0, "rampa": 0.0, "rampa_faces": 0.0, "sem_calcada": 0.0, "sem_arvore": 0.0, "muitas_arvores": 100.0, "vao": 100.0, "V05400": 2, "V05421": 2, "V05406": 2, "V05412": 2, "V05422": 0, "V05424": 1, "V05427": 0, "V05409": 2, "V05415": 1, "V05418": 0, "V05430": 0, "V05433": 2, "criancas_0a4": 0, "em_favela": false }, "geometry": { "type": "Polygon", "coordinates": [ [ [ -46.608047, -23.546053 ], [ -46.608177, -23.546131 ], [ -46.608321, -23.546075 ], [ -46.608827, -23.545469 ], [ -46.608452, -23.545312 ], [ -46.608097, -23.545759 ], [ -46.608047, -23.546053 ] ] ] } },
{ "type": "Feature", "properties": { "CD_SETOR": "355030810000071", "faces": 1, "pavimentada": 100.0, "bueiro": 100.0, "iluminacao": 100.0, "onibus": 100.0, "ciclovia": 0.0, "calcada": 100.0, "obstaculo": 0.0, "rampa": 100.0, "rampa_faces": 100.0, "sem_calcada": 0.0, "sem_arvore": 0.0, "muitas_arvores": 0.0, "vao": 0.0, "V05400": 1, "V05421": 1, "V05406": 1, "V05412": 1, "V05422": 0, "V05424": 0, "V05427": 1, "V05409": 1, "V05415": 1, "V05418": 0, "V05430": 0, "V05433": 0, "criancas_0a4": 5, "em_favela": false }, "geometry": { "type": "Polygon", "coordinates": [ [ [ -46.608047, -23.546053 ], [ -46.608097, -23.545759 ], [ -46.608452, -23.545312 ], [ -46.608225, -23.545216 ], [ -46.607664, -23.545251 ], [ -46.607565, -23.545668 ], [ -46.607728, -23.545754 ], [ -46.607872, -23.546017 ], [ -46.608047, -23.546053 ] ] ] } },
{ "type": "Feature", "properties": { "CD_SETOR": "355030810000072", "faces": 6, "pavimentada": 100.0, "bueiro": 83.33, "iluminacao": 100.0, "onibus": 16.67, "ciclovia": 0.0, "calcada": 83.33, "obstaculo": 40.0, "rampa": 80.0, "rampa_faces": 66.67, "sem_calcada": 16.67, "sem_arvore": 0.0, "muitas_arvores": 50.0, "vao": 33.33, "V05400": 6, "V05421": 5, "V05406": 6, "V05412": 6, "V05422": 1, "V05424": 2, "V05427": 4, "V05409": 5, "V05415": 1, "V05418": 0, "V05430": 0, "V05433": 3, "criancas_0a4": 0, "em_favela": false }, "geometry": { "type": "Polygon", "coordinates": [ [ [ -46.604451, -23.545851 ], [ -46.607929, -23.546537 ], [ -46.608249, -23.546125 ], [ -46.608111, -23.54612 ], [ -46.60812, -23.546067 ], [ -46.607872, -23.546017 ], [ -46.607728, -23.545754 ], [ -46.607565, -23.545668 ], [ -46.607664, -23.545251 ], [ -46.608225, -23.545216 ], [ -46.607328, -23.54484 ], [ -46.607262, -23.544883 ], [ -46.607174, -23.545275 ], [ -46.607036, -23.545342 ], [ -46.605605, -23.545057 ], [ -46.605538, -23.544926 ], [ -46.605427, -23.544931 ], [ -46.605182, -23.544806 ], [ -46.604451, -23.545851 ] ] ] } },
{ "type": "Feature", "properties": { "CD_SETOR": "355030810000073", "faces": 2, "pavimentada": 100.0, "bueiro": 100.0, "iluminacao": 100.0, "onibus": 0.0, "ciclovia": 0.0, "calcada": 100.0, "obstaculo": 50.0, "rampa": 0.0, "rampa_faces": 0.0, "sem_calcada": 0.0, "sem_arvore": 0.0, "muitas_arvores": 100.0, "vao": 100.0, "V05400": 2, "V05421": 2, "V05406": 2, "V05412": 2, "V05422": 0, "V05424": 1, "V05427": 0, "V05409": 2, "V05415": 0, "V05418": 0, "V05430": 0, "V05433": 2, "criancas_0a4": 11, "em_favela": false }, "geometry": { "type": "Polygon", "coordinates": [ [ [ -46.605247, -23.544713 ], [ -46.605182, -23.544806 ], [ -46.605427, -23.544931 ], [ -46.605538, -23.544926 ], [ -46.605605, -23.545057 ], [ -46.607036, -23.545342 ], [ -46.607174, -23.545275 ], [ -46.607198, -23.545167 ], [ -46.606525, -23.545041 ], [ -46.606579, -23.544836 ], [ -46.605663, -23.54467 ], [ -46.605474, -23.544744 ], [ -46.605247, -23.544713 ] ] ] } },
{ "type": "Feature", "properties": { "CD_SETOR": "355030810000074", "faces": 6, "pavimentada": 100.0, "bueiro": 100.0, "iluminacao": 100.0, "onibus": 16.67, "ciclovia": 0.0, "calcada": 100.0, "obstaculo": 66.67, "rampa": 50.0, "rampa_faces": 50.0, "sem_calcada": 0.0, "sem_arvore": 33.33, "muitas_arvores": 33.33, "vao": 50.0, "V05400": 6, "V05421": 6, "V05406": 6, "V05412": 6, "V05422": 0, "V05424": 4, "V05427": 3, "V05409": 6, "V05415": 1, "V05418": 0, "V05430": 2, "V05433": 2, "criancas_0a4": 0, "em_favela": false }, "geometry": { "type": "Polygon", "coordinates": [ [ [ -46.605247, -23.544713 ], [ -46.605474, -23.544744 ], [ -46.605663, -23.54467 ], [ -46.606579, -23.544836 ], [ -46.606525, -23.545041 ], [ -46.607198, -23.545167 ], [ -46.607262, -23.544883 ], [ -46.607328, -23.54484 ], [ -46.605651, -23.544131 ], [ -46.605247, -23.544713 ] ] ] } },
{ "type": "Feature", "properties": { "CD_SETOR": "355030810000075", "faces": 6, "pavimentada": 100.0, "bueiro": 83.33, "iluminacao": 100.0, "onibus": 33.33, "ciclovia": 0.0, "calcada": 100.0, "obstaculo": 100.0, "rampa": 0.0, "rampa_faces": 0.0, "sem_calcada": 0.0, "sem_arvore": 16.67, "muitas_arvores": 66.67, "vao": 100.0, "V05400": 6, "V05421": 6, "V05406": 6, "V05412": 6, "V05422": 0, "V05424": 6, "V05427": 0, "V05409": 5, "V05415": 2, "V05418": 0, "V05430": 1, "V05433": 4, "criancas_0a4": 22, "em_favela": false }, "geometry": { "type": "Polygon", "coordinates": [ [ [ -46.607328, -23.54484 ], [ -46.608827, -23.545469 ], [ -46.609715, -23.544436 ], [ -46.609532, -23.544438 ], [ -46.606622, -23.543224 ], [ -46.60623, -23.543782 ], [ -46.607649, -23.544379 ], [ -46.607416, -23.544816 ], [ -46.607328, -23.54484 ] ] ] } },
{ "type": "Feature", "properties": { "CD_SETOR": "355030810000076", "faces": 4, "pavimentada": 100.0, "bueiro": 75.0, "iluminacao": 100.0, "onibus": 0.0, "ciclovia": 25.0, "calcada": 100.0, "obstaculo": 100.0, "rampa": 100.0, "rampa_faces": 100.0, "sem_calcada": 0.0, "sem_arvore": 0.0, "muitas_arvores": 50.0, "vao": 0.0, "V05400": 4, "V05421": 4, "V05406": 4, "V05412": 4, "V05422": 0, "V05424": 4, "V05427": 4, "V05409": 3, "V05415": 0, "V05418": 1, "V05430": 0, "V05433": 2, "criancas_0a4": 25, "em_favela": false }, "geometry": { "type": "Polygon", "coordinates": [ [ [ -46.607042, -23.542575 ], [ -46.606622, -23.543224 ], [ -46.609593, -23.544461 ], [ -46.609715, -23.544436 ], [ -46.610301, -23.543733 ], [ -46.607042, -23.542575 ] ] ] } },
{ "type": "Feature", "properties": { "CD_SETOR": "355030810000077", "faces": 7, "pavimentada": 100.0, "bueiro": 42.86, "iluminacao": 100.0, "onibus": 14.29, "ciclovia": 0.0, "calcada": 100.0, "obstaculo": 71.43, "rampa": 71.43, "rampa_faces": 71.43, "sem_calcada": 0.0, "sem_arvore": 71.43, "muitas_arvores": 0.0, "vao": 28.57, "V05400": 7, "V05421": 7, "V05406": 7, "V05412": 7, "V05422": 0, "V05424": 5, "V05427": 5, "V05409": 3, "V05415": 1, "V05418": 0, "V05430": 5, "V05433": 0, "criancas_0a4": 14, "em_favela": false }, "geometry": { "type": "Polygon", "coordinates": [ [ [ -46.607556, -23.540743 ], [ -46.609849, -23.541429 ], [ -46.610375, -23.539733 ], [ -46.608695, -23.539314 ], [ -46.607991, -23.539185 ], [ -46.607556, -23.540743 ] ] ] } },
{ "type": "Feature", "properties": { "CD_SETOR": "355030810000078", "faces": 8, "pavimentada": 100.0, "bueiro": 0.0, "iluminacao": 100.0, "onibus": 0.0, "ciclovia": 0.0, "calcada": 100.0, "obstaculo": 37.5, "rampa": 87.5, "rampa_faces": 87.5, "sem_calcada": 0.0, "sem_arvore": 25.0, "muitas_arvores": 0.0, "vao": 12.5, "V05400": 8, "V05421": 8, "V05406": 8, "V05412": 8, "V05422": 0, "V05424": 3, "V05427": 7, "V05409": 0, "V05415": 0, "V05418": 0, "V05430": 2, "V05433": 0, "criancas_0a4": 5, "em_favela": false }, "geometry": { "type": "Polygon", "coordinates": [ [ [ -46.607353, -23.541474 ], [ -46.60963, -23.542136 ], [ -46.609849, -23.541429 ], [ -46.607556, -23.540743 ], [ -46.607353, -23.541474 ] ] ] } },
{ "type": "Feature", "properties": { "CD_SETOR": "355030810000079", "faces": 19, "pavimentada": 100.0, "bueiro": 63.16, "iluminacao": 100.0, "onibus": 26.32, "ciclovia": 0.0, "calcada": 100.0, "obstaculo": 10.53, "rampa": 89.47, "rampa_faces": 89.47, "sem_calcada": 0.0, "sem_arvore": 42.11, "muitas_arvores": 10.53, "vao": 10.53, "V05400": 19, "V05421": 19, "V05406": 19, "V05412": 19, "V05422": 0, "V05424": 2, "V05427": 17, "V05409": 12, "V05415": 5, "V05418": 0, "V05430": 8, "V05433": 2, "criancas_0a4": 10, "em_favela": false }, "geometry": { "type": "Polygon", "coordinates": [ [ [ -46.609424, -23.539489 ], [ -46.611501, -23.54002 ], [ -46.612236, -23.540256 ], [ -46.612491, -23.539997 ], [ -46.611776, -23.538991 ], [ -46.612216, -23.538706 ], [ -46.610932, -23.536893 ], [ -46.609945, -23.537645 ], [ -46.609424, -23.539489 ] ] ] } },
{ "type": "Feature", "properties": { "CD_SETOR": "355030810000080", "faces": 9, "pavimentada": 100.0, "bueiro": 88.89, "iluminacao": 100.0, "onibus": 33.33, "ciclovia": 0.0, "calcada": 100.0, "obstaculo": 100.0, "rampa": 100.0, "rampa_faces": 100.0, "sem_calcada": 0.0, "sem_arvore": 55.56, "muitas_arvores": 11.11, "vao": 0.0, "V05400": 9, "V05421": 9, "V05406": 9, "V05412": 9, "V05422": 0, "V05424": 9, "V05427": 9, "V05409": 8, "V05415": 3, "V05418": 0, "V05430": 5, "V05433": 1, "criancas_0a4": 27, "em_favela": false }, "geometry": { "type": "Polygon", "coordinates": [ [ [ -46.610375, -23.539733 ], [ -46.60963, -23.542136 ], [ -46.611222, -23.542635 ], [ -46.612882, -23.540659 ], [ -46.612236, -23.540256 ], [ -46.610375, -23.539733 ] ] ] } },
{ "type": "Feature", "properties": { "CD_SETOR": "355030810000081", "faces": 20, "pavimentada": 100.0, "bueiro": 80.0, "iluminacao": 100.0, "onibus": 25.0, "ciclovia": 0.0, "calcada": 100.0, "obstaculo": 65.0, "rampa": 65.0, "rampa_faces": 65.0, "sem_calcada": 0.0, "sem_arvore": 50.0, "muitas_arvores": 15.0, "vao": 35.0, "V05400": 20, "V05421": 20, "V05406": 20, "V05412": 20, "V05422": 0, "V05424": 13, "V05427": 13, "V05409": 16, "V05415": 5, "V05418": 0, "V05430": 10, "V05433": 3, "criancas_0a4": 15, "em_favela": false }, "geometry": { "type": "Polygon", "coordinates": [ [ [ -46.615068, -23.540135 ], [ -46.615129, -23.540391 ], [ -46.615689, -23.540741 ], [ -46.616642, -23.539652 ], [ -46.617462, -23.540177 ], [ -46.617528, -23.53995 ], [ -46.617607, -23.53788 ], [ -46.61533, -23.537789 ], [ -46.615326, -23.538836 ], [ -46.614686, -23.539662 ], [ -46.615068, -23.540135 ] ] ] } },
{ "type": "Feature", "properties": { "CD_SETOR": "355030810000082", "faces": 15, "pavimentada": 100.0, "bueiro": 86.67, "iluminacao": 100.0, "onibus": 26.67, "ciclovia": 0.0, "calcada": 100.0, "obstaculo": 66.67, "rampa": 100.0, "rampa_faces": 100.0, "sem_calcada": 0.0, "sem_arvore": 20.0, "muitas_arvores": 33.33, "vao": 0.0, "V05400": 15, "V05421": 15, "V05406": 15, "V05412": 15, "V05422": 0, "V05424": 10, "V05427": 15, "V05409": 13, "V05415": 4, "V05418": 0, "V05430": 3, "V05433": 5, "criancas_0a4": 3, "em_favela": false }, "geometry": { "type": "Polygon", "coordinates": [ [ [ -46.613066, -23.538159 ], [ -46.613611, -23.538852 ], [ -46.613048, -23.539428 ], [ -46.614666, -23.540806 ], [ -46.615123, -23.540288 ], [ -46.615068, -23.540135 ], [ -46.614686, -23.539662 ], [ -46.615326, -23.538836 ], [ -46.61533, -23.537789 ], [ -46.613908, -23.537731 ], [ -46.613898, -23.537604 ], [ -46.613066, -23.538159 ] ] ] } },
{ "type": "Feature", "properties": { "CD_SETOR": "355030810000083", "faces": 13, "pavimentada": 100.0, "bueiro": 53.85, "iluminacao": 100.0, "onibus": 0.0, "ciclovia": 0.0, "calcada": 84.62, "obstaculo": 45.45, "rampa": 45.45, "rampa_faces": 38.46, "sem_calcada": 15.38, "sem_arvore": 38.46, "muitas_arvores": 7.69, "vao": 61.54, "V05400": 13, "V05421": 11, "V05406": 13, "V05412": 13, "V05422": 2, "V05424": 5, "V05427": 5, "V05409": 7, "V05415": 0, "V05418": 0, "V05430": 5, "V05433": 1, "criancas_0a4": 23, "em_favela": false }, "geometry": { "type": "Polygon", "coordinates": [ [ [ -46.617695, -23.543641 ], [ -46.618867, -23.544363 ], [ -46.620363, -23.542146 ], [ -46.620415, -23.542058 ], [ -46.620301, -23.541986 ], [ -46.621229, -23.540845 ], [ -46.621168, -23.540804 ], [ -46.62072, -23.541324 ], [ -46.620617, -23.541262 ], [ -46.620147, -23.541889 ], [ -46.619446, -23.541442 ], [ -46.619981, -23.540908 ], [ -46.620321, -23.541145 ], [ -46.620506, -23.540916 ], [ -46.62058, -23.540967 ], [ -46.620622, -23.540914 ], [ -46.620743, -23.540994 ], [ -46.621018, -23.540705 ], [ -46.62044, -23.5403 ], [ -46.619618, -23.541078 ], [ -46.618777, -23.542068 ], [ -46.617695, -23.543641 ] ] ] } },
{ "type": "Feature", "properties": { "CD_SETOR": "355030810000084", "faces": 8, "pavimentada": 100.0, "bueiro": 75.0, "iluminacao": 100.0, "onibus": 12.5, "ciclovia": 0.0, "calcada": 100.0, "obstaculo": 25.0, "rampa": 100.0, "rampa_faces": 100.0, "sem_calcada": 0.0, "sem_arvore": 37.5, "muitas_arvores": 25.0, "vao": 0.0, "V05400": 8, "V05421": 8, "V05406": 8, "V05412": 8, "V05422": 0, "V05424": 2, "V05427": 8, "V05409": 6, "V05415": 1, "V05418": 0, "V05430": 3, "V05433": 2, "criancas_0a4": 22, "em_favela": false }, "geometry": { "type": "Polygon", "coordinates": [ [ [ -46.618867, -23.544363 ], [ -46.619304, -23.544631 ], [ -46.619588, -23.544895 ], [ -46.620293, -23.545296 ], [ -46.621274, -23.543893 ], [ -46.619473, -23.543479 ], [ -46.618867, -23.544363 ] ] ] } },
{ "type": "Feature", "properties": { "CD_SETOR": "355030810000085", "faces": 1, "pavimentada": 100.0, "bueiro": 100.0, "iluminacao": 100.0, "onibus": 0.0, "ciclovia": 0.0, "calcada": 100.0, "obstaculo": 0.0, "rampa": 0.0, "rampa_faces": 0.0, "sem_calcada": 0.0, "sem_arvore": 0.0, "muitas_arvores": 0.0, "vao": 100.0, "V05400": 1, "V05421": 1, "V05406": 1, "V05412": 1, "V05422": 0, "V05424": 0, "V05427": 0, "V05409": 1, "V05415": 0, "V05418": 0, "V05430": 0, "V05433": 0, "criancas_0a4": 14, "em_favela": false }, "geometry": { "type": "Polygon", "coordinates": [ [ [ -46.620622, -23.540914 ], [ -46.620434, -23.54115 ], [ -46.62072, -23.541324 ], [ -46.621168, -23.540804 ], [ -46.621018, -23.540705 ], [ -46.620743, -23.540994 ], [ -46.620622, -23.540914 ] ] ] } },
{ "type": "Feature", "properties": { "CD_SETOR": "355030810000086", "faces": 1, "pavimentada": 100.0, "bueiro": 0.0, "iluminacao": 100.0, "onibus": 0.0, "ciclovia": 0.0, "calcada": 100.0, "obstaculo": 0.0, "rampa": 0.0, "rampa_faces": 0.0, "sem_calcada": 0.0, "sem_arvore": 0.0, "muitas_arvores": 0.0, "vao": 100.0, "V05400": 1, "V05421": 1, "V05406": 1, "V05412": 1, "V05422": 0, "V05424": 0, "V05427": 0, "V05409": 0, "V05415": 0, "V05418": 0, "V05430": 0, "V05433": 0, "criancas_0a4": 6, "em_favela": false }, "geometry": { "type": "Polygon", "coordinates": [ [ [ -46.619865, -23.541024 ], [ -46.620182, -23.541236 ], [ -46.620123, -23.541304 ], [ -46.620442, -23.541495 ], [ -46.620617, -23.541262 ], [ -46.620434, -23.54115 ], [ -46.62058, -23.540967 ], [ -46.620506, -23.540916 ], [ -46.620321, -23.541145 ], [ -46.619981, -23.540908 ], [ -46.619865, -23.541024 ] ] ] } },
{ "type": "Feature", "properties": { "CD_SETOR": "355030810000087", "faces": 2, "pavimentada": 100.0, "bueiro": 0.0, "iluminacao": 100.0, "onibus": 0.0, "ciclovia": 0.0, "calcada": 100.0, "obstaculo": 50.0, "rampa": 0.0, "rampa_faces": 0.0, "sem_calcada": 0.0, "sem_arvore": 0.0, "muitas_arvores": 50.0, "vao": 100.0, "V05400": 2, "V05421": 2, "V05406": 2, "V05412": 2, "V05422": 0, "V05424": 1, "V05427": 0, "V05409": 0, "V05415": 0, "V05418": 0, "V05430": 0, "V05433": 1, "criancas_0a4": 0, "em_favela": false }, "geometry": { "type": "Polygon", "coordinates": [ [ [ -46.619831, -23.541687 ], [ -46.620182, -23.541236 ], [ -46.619865, -23.541024 ], [ -46.619446, -23.541442 ], [ -46.619831, -23.541687 ] ] ] } },
{ "type": "Feature", "properties": { "CD_SETOR": "355030810000088", "faces": 1, "pavimentada": 100.0, "bueiro": 0.0, "iluminacao": 100.0, "onibus": 0.0, "ciclovia": 0.0, "calcada": 100.0, "obstaculo": 0.0, "rampa": 0.0, "rampa_faces": 0.0, "sem_calcada": 0.0, "sem_arvore": 100.0, "muitas_arvores": 0.0, "vao": 100.0, "V05400": 1, "V05421": 1, "V05406": 1, "V05412": 1, "V05422": 0, "V05424": 0, "V05427": 0, "V05409": 0, "V05415": 0, "V05418": 0, "V05430": 1, "V05433": 0, "criancas_0a4": 4, "em_favela": false }, "geometry": { "type": "Polygon", "coordinates": [ [ [ -46.619831, -23.541687 ], [ -46.620147, -23.541889 ], [ -46.620442, -23.541495 ], [ -46.620123, -23.541304 ], [ -46.619831, -23.541687 ] ] ] } },
{ "type": "Feature", "properties": { "CD_SETOR": "355030810000089", "faces": 12, "pavimentada": 100.0, "bueiro": 100.0, "iluminacao": 100.0, "onibus": 0.0, "ciclovia": 0.0, "calcada": 100.0, "obstaculo": 25.0, "rampa": 75.0, "rampa_faces": 75.0, "sem_calcada": 0.0, "sem_arvore": 25.0, "muitas_arvores": 50.0, "vao": 25.0, "V05400": 12, "V05421": 12, "V05406": 12, "V05412": 12, "V05422": 0, "V05424": 3, "V05427": 9, "V05409": 12, "V05415": 0, "V05418": 0, "V05430": 3, "V05433": 6, "criancas_0a4": 21, "em_favela": false }, "geometry": { "type": "Polygon", "coordinates": [ [ [ -46.621628, -23.542785 ], [ -46.62366, -23.543199 ], [ -46.624733, -23.540502 ], [ -46.622063, -23.539535 ], [ -46.621947, -23.541098 ], [ -46.621628, -23.542785 ] ] ] } },
{ "type": "Feature", "properties": { "CD_SETOR": "355030810000090", "faces": 13, "pavimentada": 84.62, "bueiro": 76.92, "iluminacao": 100.0, "onibus": 0.0, "ciclovia": 0.0, "calcada": 92.31, "obstaculo": 50.0, "rampa": 41.67, "rampa_faces": 38.46, "sem_calcada": 7.69, "sem_arvore": 7.69, "muitas_arvores": 38.46, "vao": 46.15, "V05400": 13, "V05421": 12, "V05406": 11, "V05412": 13, "V05422": 1, "V05424": 6, "V05427": 5, "V05409": 10, "V05415": 0, "V05418": 0, "V05430": 1, "V05433": 5, "criancas_0a4": 15, "em_favela": false }, "geometry": { "type": "Polygon", "coordinates": [ [ [ -46.62044, -23.5403 ], [ -46.621229, -23.540845 ], [ -46.620301, -23.541986 ], [ -46.620415, -23.542058 ], [ -46.619473, -23.543479 ], [ -46.621274, -23.543893 ], [ -46.621373, -23.543739 ], [ -46.621659, -23.542664 ], [ -46.621919, -23.541266 ], [ -46.622085, -23.539079 ], [ -46.62044, -23.5403 ] ] ] } },
{ "type": "Feature", "properties": { "CD_SETOR": "355030810000091", "faces": 20, "pavimentada": 100.0, "bueiro": 70.0, "iluminacao": 95.0, "onibus": 10.0, "ciclovia": 5.0, "calcada": 100.0, "obstaculo": 20.0, "rampa": 55.0, "rampa_faces": 55.0, "sem_calcada": 0.0, "sem_arvore": 80.0, "muitas_arvores": 10.0, "vao": 45.0, "V05400": 20, "V05421": 20, "V05406": 20, "V05412": 19, "V05422": 0, "V05424": 4, "V05427": 11, "V05409": 14, "V05415": 2, "V05418": 1, "V05430": 16, "V05433": 2, "criancas_0a4": 40, "em_favela": false }, "geometry": { "type": "Polygon", "coordinates": [ [ [ -46.622238, -23.53622 ], [ -46.622063, -23.539535 ], [ -46.624367, -23.54037 ], [ -46.62458, -23.539847 ], [ -46.626852, -23.540497 ], [ -46.626777, -23.542441 ], [ -46.626826, -23.542739 ], [ -46.627316, -23.542104 ], [ -46.628197, -23.541373 ], [ -46.625661, -23.535665 ], [ -46.622238, -23.53622 ] ] ] } },
{ "type": "Feature", "properties": { "CD_SETOR": "355030810000092", "faces": 1, "pavimentada": 100.0, "bueiro": 100.0, "iluminacao": 100.0, "onibus": 0.0, "ciclovia": 0.0, "calcada": 100.0, "obstaculo": 0.0, "rampa": 100.0, "rampa_faces": 100.0, "sem_calcada": 0.0, "sem_arvore": 0.0, "muitas_arvores": 0.0, "vao": 0.0, "V05400": 1, "V05421": 1, "V05406": 1, "V05412": 1, "V05422": 0, "V05424": 0, "V05427": 1, "V05409": 1, "V05415": 0, "V05418": 0, "V05430": 0, "V05433": 0, "criancas_0a4": 12, "em_favela": false }, "geometry": { "type": "Polygon", "coordinates": [ [ [ -46.624367, -23.54037 ], [ -46.624733, -23.540502 ], [ -46.624944, -23.539975 ], [ -46.62458, -23.539847 ], [ -46.624367, -23.54037 ] ] ] } },
{ "type": "Feature", "properties": { "CD_SETOR": "355030810000093", "faces": 13, "pavimentada": 100.0, "bueiro": 100.0, "iluminacao": 100.0, "onibus": 0.0, "ciclovia": 0.0, "calcada": 100.0, "obstaculo": 15.38, "rampa": 100.0, "rampa_faces": 100.0, "sem_calcada": 0.0, "sem_arvore": 84.62, "muitas_arvores": 0.0, "vao": 0.0, "V05400": 13, "V05421": 13, "V05406": 13, "V05412": 13, "V05422": 0, "V05424": 2, "V05427": 13, "V05409": 13, "V05415": 0, "V05418": 0, "V05430": 11, "V05433": 0, "criancas_0a4": 10, "em_favela": false }, "geometry": { "type": "Polygon", "coordinates": [ [ [ -46.624944, -23.539975 ], [ -46.624488, -23.541114 ], [ -46.62557, -23.541464 ], [ -46.625304, -23.542146 ], [ -46.625773, -23.542276 ], [ -46.625879, -23.541949 ], [ -46.626257, -23.542116 ], [ -46.626241, -23.542429 ], [ -46.626194, -23.542417 ], [ -46.626007, -23.542969 ], [ -46.626696, -23.543123 ], [ -46.626826, -23.542739 ], [ -46.626777, -23.542441 ], [ -46.626852, -23.540497 ], [ -46.624944, -23.539975 ] ] ] } },
{ "type": "Feature", "properties": { "CD_SETOR": "355030810000094", "faces": 1, "pavimentada": 100.0, "bueiro": 100.0, "iluminacao": 100.0, "onibus": 0.0, "ciclovia": 0.0, "calcada": 100.0, "obstaculo": 0.0, "rampa": 0.0, "rampa_faces": 0.0, "sem_calcada": 0.0, "sem_arvore": 0.0, "muitas_arvores": 0.0, "vao": 100.0, "V05400": 1, "V05421": 1, "V05406": 1, "V05412": 1, "V05422": 0, "V05424": 0, "V05427": 0, "V05409": 1, "V05415": 0, "V05418": 0, "V05430": 0, "V05433": 0, "criancas_0a4": 24, "em_favela": false }, "geometry": { "type": "Polygon", "coordinates": [ [ [ -46.625304, -23.542146 ], [ -46.625213, -23.54237 ], [ -46.626138, -23.542584 ], [ -46.626194, -23.542417 ], [ -46.626241, -23.542429 ], [ -46.626257, -23.542116 ], [ -46.626079, -23.542007 ], [ -46.625879, -23.541949 ], [ -46.625773, -23.542276 ], [ -46.625304, -23.542146 ] ] ] } },
{ "type": "Feature", "properties": { "CD_SETOR": "355030810000095", "faces": 2, "pavimentada": 100.0, "bueiro": 50.0, "iluminacao": 100.0, "onibus": 0.0, "ciclovia": 0.0, "calcada": 100.0, "obstaculo": 0.0, "rampa": 100.0, "rampa_faces": 100.0, "sem_calcada": 0.0, "sem_arvore": 0.0, "muitas_arvores": 0.0, "vao": 0.0, "V05400": 2, "V05421": 2, "V05406": 2, "V05412": 2, "V05422": 0, "V05424": 0, "V05427": 2, "V05409": 1, "V05415": 0, "V05418": 0, "V05430": 0, "V05433": 0, "criancas_0a4": 27, "em_favela": false }, "geometry": { "type": "Polygon", "coordinates": [ [ [ -46.625063, -23.542743 ], [ -46.626007, -23.542969 ], [ -46.626138, -23.542584 ], [ -46.625213, -23.54237 ], [ -46.625063, -23.542743 ] ] ] } },
{ "type": "Feature", "properties": { "CD_SETOR": "355030810000096", "faces": 8, "pavimentada": 100.0, "bueiro": 87.5, "iluminacao": 100.0, "onibus": 0.0, "ciclovia": 0.0, "calcada": 100.0, "obstaculo": 12.5, "rampa": 100.0, "rampa_faces": 100.0, "sem_calcada": 0.0, "sem_arvore": 37.5, "muitas_arvores": 0.0, "vao": 0.0, "V05400": 8, "V05421": 8, "V05406": 8, "V05412": 8, "V05422": 0, "V05424": 1, "V05427": 8, "V05409": 7, "V05415": 0, "V05418": 0, "V05430": 3, "V05433": 0, "criancas_0a4": 34, "em_favela": false }, "geometry": { "type": "Polygon", "coordinates": [ [ [ -46.623949, -23.542487 ], [ -46.625063, -23.542743 ], [ -46.62557, -23.541464 ], [ -46.624488, -23.541114 ], [ -46.623949, -23.542487 ] ] ] } },
{ "type": "Feature", "properties": { "CD_SETOR": "355030810000097", "faces": 8, "pavimentada": 100.0, "bueiro": 75.0, "iluminacao": 100.0, "onibus": 0.0, "ciclovia": 0.0, "calcada": 100.0, "obstaculo": 0.0, "rampa": 100.0, "rampa_faces": 100.0, "sem_calcada": 0.0, "sem_arvore": 25.0, "muitas_arvores": 12.5, "vao": 0.0, "V05400": 8, "V05421": 8, "V05406": 8, "V05412": 8, "V05422": 0, "V05424": 0, "V05427": 8, "V05409": 6, "V05415": 0, "V05418": 0, "V05430": 2, "V05433": 1, "criancas_0a4": 46, "em_favela": false }, "geometry": { "type": "Polygon", "coordinates": [ [ [ -46.623949, -23.542487 ], [ -46.623233, -23.544255 ], [ -46.624242, -23.544454 ], [ -46.624575, -23.544563 ], [ -46.625063, -23.542743 ], [ -46.623949, -23.542487 ] ] ] } },
{ "type": "Feature", "properties": { "CD_SETOR": "355030810000098", "faces": 4, "pavimentada": 100.0, "bueiro": 75.0, "iluminacao": 100.0, "onibus": 25.0, "ciclovia": 0.0, "calcada": 100.0, "obstaculo": 50.0, "rampa": 75.0, "rampa_faces": 75.0, "sem_calcada": 0.0, "sem_arvore": 25.0, "muitas_arvores": 50.0, "vao": 25.0, "V05400": 4, "V05421": 4, "V05406": 4, "V05412": 4, "V05422": 0, "V05424": 2, "V05427": 3, "V05409": 3, "V05415": 1, "V05418": 0, "V05430": 1, "V05433": 2, "criancas_0a4": 16, "em_favela": false }, "geometry": { "type": "Polygon", "coordinates": [ [ [ -46.62188, -23.543968 ], [ -46.623233, -23.544255 ], [ -46.62366, -23.543199 ], [ -46.622228, -23.542904 ], [ -46.62188, -23.543968 ] ] ] } },
{ "type": "Feature", "properties": { "CD_SETOR": "355030810000099", "faces": 9, "pavimentada": 100.0, "bueiro": 66.67, "iluminacao": 100.0, "onibus": 11.11, "ciclovia": 55.56, "calcada": 100.0, "obstaculo": 44.44, "rampa": 55.56, "rampa_faces": 55.56, "sem_calcada": 0.0, "sem_arvore": 44.44, "muitas_arvores": 22.22, "vao": 44.44, "V05400": 9, "V05421": 9, "V05406": 9, "V05412": 9, "V05422": 0, "V05424": 4, "V05427": 5, "V05409": 6, "V05415": 1, "V05418": 5, "V05430": 4, "V05433": 2, "criancas_0a4": 19, "em_favela": false }, "geometry": { "type": "Polygon", "coordinates": [ [ [ -46.626182, -23.548248 ], [ -46.626336, -23.547843 ], [ -46.62641, -23.547249 ], [ -46.626364, -23.546535 ], [ -46.625469, -23.546133 ], [ -46.625069, -23.547371 ], [ -46.626023, -23.5478 ], [ -46.626145, -23.548037 ], [ -46.626182, -23.548248 ] ] ] } },
{ "type": "Feature", "properties": { "CD_SETOR": "355030810000100", "faces": 12, "pavimentada": 100.0, "bueiro": 58.33, "iluminacao": 83.33, "onibus": 0.0, "ciclovia": 25.0, "calcada": 83.33, "obstaculo": 30.0, "rampa": 20.0, "rampa_faces": 16.67, "sem_calcada": 16.67, "sem_arvore": 66.67, "muitas_arvores": 0.0, "vao": 83.33, "V05400": 12, "V05421": 10, "V05406": 12, "V05412": 10, "V05422": 2, "V05424": 3, "V05427": 2, "V05409": 7, "V05415": 0, "V05418": 3, "V05430": 8, "V05433": 0, "criancas_0a4": 18, "em_favela": false }, "geometry": { "type": "Polygon", "coordinates": [ [ [ -46.623339, -23.545955 ], [ -46.623747, -23.546061 ], [ -46.623403, -23.546758 ], [ -46.624385, -23.547209 ], [ -46.624913, -23.547698 ], [ -46.625825, -23.548278 ], [ -46.625838, -23.548371 ], [ -46.62549, -23.549392 ], [ -46.626182, -23.548248 ], [ -46.626145, -23.548037 ], [ -46.626023, -23.5478 ], [ -46.625069, -23.547371 ], [ -46.625469, -23.546133 ], [ -46.624437, -23.545653 ], [ -46.623859, -23.546752 ], [ -46.623695, -23.546676 ], [ -46.624276, -23.545577 ], [ -46.623568, -23.545252 ], [ -46.623339, -23.545955 ] ], [ [ -46.624649, -23.547179 ], [ -46.624912, -23.546625 ], [ -46.625159, -23.546698 ], [ -46.624943, -23.547315 ], [ -46.624649, -23.547179 ] ] ] } },
{ "type": "Feature", "properties": { "CD_SETOR": "355030810000101", "faces": 1, "pavimentada": 100.0, "bueiro": 0.0, "iluminacao": 100.0, "onibus": 0.0, "ciclovia": 100.0, "calcada": 100.0, "obstaculo": 0.0, "rampa": 0.0, "rampa_faces": 0.0, "sem_calcada": 0.0, "sem_arvore": 100.0, "muitas_arvores": 0.0, "vao": 100.0, "V05400": 1, "V05421": 1, "V05406": 1, "V05412": 1, "V05422": 0, "V05424": 0, "V05427": 0, "V05409": 0, "V05415": 0, "V05418": 1, "V05430": 1, "V05433": 0, "criancas_0a4": 16, "em_favela": false }, "geometry": { "type": "Polygon", "coordinates": [ [ [ -46.624649, -23.547179 ], [ -46.624943, -23.547315 ], [ -46.625159, -23.546698 ], [ -46.624912, -23.546625 ], [ -46.624649, -23.547179 ] ] ] } },
{ "type": "Feature", "properties": { "CD_SETOR": "355030810000102", "faces": 1, "pavimentada": 100.0, "bueiro": 100.0, "iluminacao": 100.0, "onibus": 0.0, "ciclovia": 0.0, "calcada": 100.0, "obstaculo": 0.0, "rampa": 0.0, "rampa_faces": 0.0, "sem_calcada": 0.0, "sem_arvore": 100.0, "muitas_arvores": 0.0, "vao": 100.0, "V05400": 1, "V05421": 1, "V05406": 1, "V05412": 1, "V05422": 0, "V05424": 0, "V05427": 0, "V05409": 1, "V05415": 0, "V05418": 0, "V05430": 1, "V05433": 0, "criancas_0a4": 30, "em_favela": false }, "geometry": { "type": "Polygon", "coordinates": [ [ [ -46.624437, -23.545653 ], [ -46.624276, -23.545577 ], [ -46.623695, -23.546676 ], [ -46.623859, -23.546752 ], [ -46.624437, -23.545653 ] ] ] } },
{ "type": "Feature", "properties": { "CD_SETOR": "355030810000103", "faces": 1, "pavimentada": 100.0, "bueiro": 0.0, "iluminacao": 100.0, "onibus": 0.0, "ciclovia": 0.0, "calcada": 100.0, "obstaculo": 0.0, "rampa": 100.0, "rampa_faces": 100.0, "sem_calcada": 0.0, "sem_arvore": 0.0, "muitas_arvores": 0.0, "vao": 0.0, "V05400": 1, "V05421": 1, "V05406": 1, "V05412": 1, "V05422": 0, "V05424": 0, "V05427": 1, "V05409": 0, "V05415": 0, "V05418": 0, "V05430": 0, "V05433": 0, "criancas_0a4": 18, "em_favela": false }, "geometry": { "type": "Polygon", "coordinates": [ [ [ -46.623119, -23.546629 ], [ -46.623403, -23.546758 ], [ -46.623747, -23.546061 ], [ -46.623339, -23.545955 ], [ -46.623119, -23.546629 ] ] ] } },
{ "type": "Feature", "properties": { "CD_SETOR": "355030810000104", "faces": 26, "pavimentada": 100.0, "bueiro": 88.46, "iluminacao": 100.0, "onibus": 19.23, "ciclovia": 11.54, "calcada": 96.15, "obstaculo": 20.0, "rampa": 80.0, "rampa_faces": 76.92, "sem_calcada": 3.85, "sem_arvore": 15.38, "muitas_arvores": 38.46, "vao": 23.08, "V05400": 26, "V05421": 25, "V05406": 26, "V05412": 26, "V05422": 1, "V05424": 5, "V05427": 20, "V05409": 23, "V05415": 5, "V05418": 3, "V05430": 4, "V05433": 10, "criancas_0a4": 11, "em_favela": false }, "geometry": { "type": "Polygon", "coordinates": [ [ [ -46.623119, -23.546629 ], [ -46.622287, -23.549315 ], [ -46.62421, -23.549641 ], [ -46.623861, -23.550725 ], [ -46.622106, -23.550775 ], [ -46.622233, -23.551504 ], [ -46.624755, -23.551253 ], [ -46.624871, -23.551296 ], [ -46.625012, -23.55071 ], [ -46.625838, -23.548371 ], [ -46.625825, -23.548278 ], [ -46.624913, -23.547698 ], [ -46.624385, -23.547209 ], [ -46.623692, -23.546891 ], [ -46.623273, -23.547492 ], [ -46.623711, -23.547709 ], [ -46.623348, -23.548263 ], [ -46.622862, -23.548006 ], [ -46.623634, -23.546865 ], [ -46.623119, -23.546629 ] ], [ [ -46.623547, -23.548367 ], [ -46.624068, -23.548596 ], [ -46.623858, -23.549181 ], [ -46.624268, -23.549328 ], [ -46.624255, -23.549369 ], [ -46.623461, -23.549269 ], [ -46.622481, -23.549069 ], [ -46.622559, -23.548838 ], [ -46.622828, -23.548924 ], [ -46.622806, -23.548999 ], [ -46.62321, -23.549133 ], [ -46.623547, -23.548367 ] ] ] } },
{ "type": "Feature", "properties": { "CD_SETOR": "355030810000105", "faces": 2, "pavimentada": 100.0, "bueiro": 100.0, "iluminacao": 100.0, "onibus": 50.0, "ciclovia": 50.0, "calcada": 100.0, "obstaculo": 0.0, "rampa": 50.0, "rampa_faces": 50.0, "sem_calcada": 0.0, "sem_arvore": 50.0, "muitas_arvores": 0.0, "vao": 50.0, "V05400": 2, "V05421": 2, "V05406": 2, "V05412": 2, "V05422": 0, "V05424": 0, "V05427": 1, "V05409": 2, "V05415": 1, "V05418": 1, "V05430": 1, "V05433": 0, "criancas_0a4": 12, "em_favela": false }, "geometry": { "type": "Polygon", "coordinates": [ [ [ -46.623692, -23.546891 ], [ -46.623634, -23.546865 ], [ -46.622862, -23.548006 ], [ -46.623348, -23.548263 ], [ -46.623711, -23.547709 ], [ -46.623273, -23.547492 ], [ -46.623692, -23.546891 ] ] ] } },
{ "type": "Feature", "properties": { "CD_SETOR": "355030810000106", "faces": 1, "pavimentada": 100.0, "bueiro": 100.0, "iluminacao": 100.0, "onibus": 0.0, "ciclovia": 0.0, "calcada": 100.0, "obstaculo": 0.0, "rampa": 0.0, "rampa_faces": 0.0, "sem_calcada": 0.0, "sem_arvore": 0.0, "muitas_arvores": 100.0, "vao": 100.0, "V05400": 1, "V05421": 1, "V05406": 1, "V05412": 1, "V05422": 0, "V05424": 0, "V05427": 0, "V05409": 1, "V05415": 0, "V05418": 0, "V05430": 0, "V05433": 1, "criancas_0a4": 3, "em_favela": false }, "geometry": { "type": "Polygon", "coordinates": [ [ [ -46.623461, -23.549269 ], [ -46.624255, -23.549369 ], [ -46.624268, -23.549328 ], [ -46.623858, -23.549181 ], [ -46.624068, -23.548596 ], [ -46.623807, -23.548494 ], [ -46.623461, -23.549269 ] ] ] } },
{ "type": "Feature", "properties": { "CD_SETOR": "355030810000107", "faces": 1, "pavimentada": 100.0, "bueiro": 100.0, "iluminacao": 100.0, "onibus": 0.0, "ciclovia": 0.0, "calcada": 100.0, "obstaculo": 0.0, "rampa": 0.0, "rampa_faces": 0.0, "sem_calcada": 0.0, "sem_arvore": 0.0, "muitas_arvores": 0.0, "vao": 100.0, "V05400": 1, "V05421": 1, "V05406": 1, "V05412": 1, "V05422": 0, "V05424": 0, "V05427": 0, "V05409": 1, "V05415": 0, "V05418": 0, "V05430": 0, "V05433": 0, "criancas_0a4": 3, "em_favela": false }, "geometry": { "type": "Polygon", "coordinates": [ [ [ -46.623461, -23.549269 ], [ -46.623807, -23.548494 ], [ -46.623547, -23.548367 ], [ -46.62321, -23.549133 ], [ -46.622806, -23.548999 ], [ -46.622828, -23.548924 ], [ -46.622559, -23.548838 ], [ -46.622481, -23.549069 ], [ -46.623461, -23.549269 ] ] ] } },
{ "type": "Feature", "properties": { "CD_SETOR": "355030810000108", "faces": 2, "pavimentada": 100.0, "bueiro": 100.0, "iluminacao": 100.0, "onibus": 0.0, "ciclovia": 0.0, "calcada": 100.0, "obstaculo": 0.0, "rampa": 50.0, "rampa_faces": 50.0, "sem_calcada": 0.0, "sem_arvore": 0.0, "muitas_arvores": 50.0, "vao": 50.0, "V05400": 2, "V05421": 2, "V05406": 2, "V05412": 2, "V05422": 0, "V05424": 0, "V05427": 1, "V05409": 2, "V05415": 0, "V05418": 0, "V05430": 0, "V05433": 1, "criancas_0a4": 6, "em_favela": false }, "geometry": { "type": "Polygon", "coordinates": [ [ [ -46.623429, -23.550737 ], [ -46.623496, -23.550735 ], [ -46.623479, -23.550025 ], [ -46.624082, -23.550014 ], [ -46.62421, -23.549641 ], [ -46.623397, -23.549511 ], [ -46.623429, -23.550737 ] ] ] } },
{ "type": "Feature", "properties": { "CD_SETOR": "355030810000109", "faces": 2, "pavimentada": 100.0, "bueiro": 100.0, "iluminacao": 100.0, "onibus": 0.0, "ciclovia": 0.0, "calcada": 100.0, "obstaculo": 0.0, "rampa": 50.0, "rampa_faces": 50.0, "sem_calcada": 0.0, "sem_arvore": 50.0, "muitas_arvores": 50.0, "vao": 50.0, "V05400": 2, "V05421": 2, "V05406": 2, "V05412": 2, "V05422": 0, "V05424": 0, "V05427": 1, "V05409": 2, "V05415": 0, "V05418": 0, "V05430": 1, "V05433": 1, "criancas_0a4": 5, "em_favela": false }, "geometry": { "type": "Polygon", "coordinates": [ [ [ -46.623496, -23.550735 ], [ -46.623568, -23.550733 ], [ -46.623564, -23.550339 ], [ -46.623967, -23.550332 ], [ -46.624082, -23.550014 ], [ -46.623479, -23.550025 ], [ -46.623496, -23.550735 ] ] ] } },
{ "type": "Feature", "properties": { "CD_SETOR": "355030810000110", "faces": 2, "pavimentada": 100.0, "bueiro": 100.0, "iluminacao": 100.0, "onibus": 0.0, "ciclovia": 0.0, "calcada": 100.0, "obstaculo": 0.0, "rampa": 100.0, "rampa_faces": 100.0, "sem_calcada": 0.0, "sem_arvore": 0.0, "muitas_arvores": 0.0, "vao": 0.0, "V05400": 2, "V05421": 2, "V05406": 2, "V05412": 2, "V05422": 0, "V05424": 0, "V05427": 2, "V05409": 2, "V05415": 0, "V05418": 0, "V05430": 0, "V05433": 0, "criancas_0a4": 0, "em_favela": false }, "geometry": { "type": "Polygon", "coordinates": [ [ [ -46.623568, -23.550733 ], [ -46.623861, -23.550725 ], [ -46.623967, -23.550332 ], [ -46.623564, -23.550339 ], [ -46.623568, -23.550733 ] ] ] } },
{ "type": "Feature", "properties": { "CD_SETOR": "355030810000111", "faces": 1, "pavimentada": 100.0, "bueiro": 100.0, "iluminacao": 100.0, "onibus": 0.0, "ciclovia": 0.0, "calcada": 100.0, "obstaculo": 0.0, "rampa": 100.0, "rampa_faces": 100.0, "sem_calcada": 0.0, "sem_arvore": 0.0, "muitas_arvores": 0.0, "vao": 0.0, "V05400": 1, "V05421": 1, "V05406": 1, "V05412": 1, "V05422": 0, "V05424": 0, "V05427": 1, "V05409": 1, "V05415": 0, "V05418": 0, "V05430": 0, "V05433": 0, "criancas_0a4": 9, "em_favela": false }, "geometry": { "type": "Polygon", "coordinates": [ [ [ -46.623106, -23.550745 ], [ -46.623429, -23.550737 ], [ -46.623397, -23.549511 ], [ -46.62308, -23.549451 ], [ -46.623106, -23.550745 ] ] ] } },
{ "type": "Feature", "properties": { "CD_SETOR": "355030810000112", "faces": 1, "pavimentada": 100.0, "bueiro": 100.0, "iluminacao": 100.0, "onibus": 0.0, "ciclovia": 0.0, "calcada": 100.0, "obstaculo": 0.0, "rampa": 100.0, "rampa_faces": 100.0, "sem_calcada": 0.0, "sem_arvore": 0.0, "muitas_arvores": 0.0, "vao": 0.0, "V05400": 1, "V05421": 1, "V05406": 1, "V05412": 1, "V05422": 0, "V05424": 0, "V05427": 1, "V05409": 1, "V05415": 0, "V05418": 0, "V05430": 0, "V05433": 0, "criancas_0a4": 0, "em_favela": false }, "geometry": { "type": "Polygon", "coordinates": [ [ [ -46.622787, -23.549396 ], [ -46.622823, -23.550753 ], [ -46.623106, -23.550745 ], [ -46.62308, -23.549451 ], [ -46.622787, -23.549396 ] ] ] } },
{ "type": "Feature", "properties": { "CD_SETOR": "355030810000113", "faces": 1, "pavimentada": 100.0, "bueiro": 0.0, "iluminacao": 100.0, "onibus": 0.0, "ciclovia": 0.0, "calcada": 100.0, "obstaculo": 0.0, "rampa": 0.0, "rampa_faces": 0.0, "sem_calcada": 0.0, "sem_arvore": 0.0, "muitas_arvores": 0.0, "vao": 100.0, "V05400": 1, "V05421": 1, "V05406": 1, "V05412": 1, "V05422": 0, "V05424": 0, "V05427": 0, "V05409": 0, "V05415": 0, "V05418": 0, "V05430": 0, "V05433": 0, "criancas_0a4": 0, "em_favela": false }, "geometry": { "type": "Polygon", "coordinates": [ [ [ -46.622287, -23.549315 ], [ -46.622042, -23.550089 ], [ -46.622805, -23.550082 ], [ -46.622787, -23.549396 ], [ -46.622287, -23.549315 ] ] ] } },
{ "type": "Feature", "properties": { "CD_SETOR": "355030810000114", "faces": 1, "pavimentada": 100.0, "bueiro": 100.0, "iluminacao": 100.0, "onibus": 0.0, "ciclovia": 0.0, "calcada": 100.0, "obstaculo": 0.0, "rampa": 0.0, "rampa_faces": 0.0, "sem_calcada": 0.0, "sem_arvore": 0.0, "muitas_arvores": 100.0, "vao": 100.0, "V05400": 1, "V05421": 1, "V05406": 1, "V05412": 1, "V05422": 0, "V05424": 0, "V05427": 0, "V05409": 1, "V05415": 0, "V05418": 0, "V05430": 0, "V05433": 1, "criancas_0a4": 0, "em_favela": false }, "geometry": { "type": "Polygon", "coordinates": [ [ [ -46.622042, -23.550089 ], [ -46.622039, -23.550382 ], [ -46.622813, -23.55037 ], [ -46.622805, -23.550082 ], [ -46.622042, -23.550089 ] ] ] } },
{ "type": "Feature", "properties": { "CD_SETOR": "355030810000115", "faces": 2, "pavimentada": 100.0, "bueiro": 100.0, "iluminacao": 100.0, "onibus": 0.0, "ciclovia": 0.0, "calcada": 100.0, "obstaculo": 0.0, "rampa": 100.0, "rampa_faces": 100.0, "sem_calcada": 0.0, "sem_arvore": 0.0, "muitas_arvores": 0.0, "vao": 0.0, "V05400": 2, "V05421": 2, "V05406": 2, "V05412": 2, "V05422": 0, "V05424": 0, "V05427": 2, "V05409": 2, "V05415": 0, "V05418": 0, "V05430": 0, "V05433": 0, "criancas_0a4": 0, "em_favela": false }, "geometry": { "type": "Polygon", "coordinates": [ [ [ -46.622039, -23.550382 ], [ -46.622106, -23.550775 ], [ -46.622823, -23.550753 ], [ -46.622813, -23.55037 ], [ -46.622039, -23.550382 ] ] ] } },
{ "type": "Feature", "properties": { "CD_SETOR": "355030810000116", "faces": 8, "pavimentada": 100.0, "bueiro": 87.5, "iluminacao": 100.0, "onibus": 25.0, "ciclovia": 0.0, "calcada": 100.0, "obstaculo": 0.0, "rampa": 87.5, "rampa_faces": 87.5, "sem_calcada": 0.0, "sem_arvore": 0.0, "muitas_arvores": 100.0, "vao": 12.5, "V05400": 8, "V05421": 8, "V05406": 8, "V05412": 8, "V05422": 0, "V05424": 0, "V05427": 7, "V05409": 7, "V05415": 2, "V05418": 0, "V05430": 0, "V05433": 8, "criancas_0a4": 4, "em_favela": false }, "geometry": { "type": "Polygon", "coordinates": [ [ [ -46.623609, -23.552755 ], [ -46.623749, -23.553426 ], [ -46.625204, -23.553297 ], [ -46.625045, -23.552631 ], [ -46.623609, -23.552755 ] ] ] } },
{ "type": "Feature", "properties": { "CD_SETOR": "355030810000118", "faces": 3, "pavimentada": 100.0, "bueiro": 100.0, "iluminacao": 100.0, "onibus": 0.0, "ciclovia": 0.0, "calcada": 100.0, "obstaculo": 0.0, "rampa": 100.0, "rampa_faces": 100.0, "sem_calcada": 0.0, "sem_arvore": 0.0, "muitas_arvores": 100.0, "vao": 0.0, "V05400": 3, "V05421": 3, "V05406": 3, "V05412": 3, "V05422": 0, "V05424": 0, "V05427": 3, "V05409": 3, "V05415": 0, "V05418": 0, "V05430": 0, "V05433": 3, "criancas_0a4": 9, "em_favela": false }, "geometry": { "type": "Polygon", "coordinates": [ [ [ -46.622161, -23.549711 ], [ -46.622309, -23.549243 ], [ -46.621998, -23.549169 ], [ -46.621826, -23.549583 ], [ -46.622161, -23.549711 ] ] ] } },
{ "type": "Feature", "properties": { "CD_SETOR": "355030810000119", "faces": 3, "pavimentada": 100.0, "bueiro": 100.0, "iluminacao": 100.0, "onibus": 0.0, "ciclovia": 0.0, "calcada": 100.0, "obstaculo": 0.0, "rampa": 100.0, "rampa_faces": 100.0, "sem_calcada": 0.0, "sem_arvore": 0.0, "muitas_arvores": 100.0, "vao": 0.0, "V05400": 3, "V05421": 3, "V05406": 3, "V05412": 3, "V05422": 0, "V05424": 0, "V05427": 3, "V05409": 3, "V05415": 0, "V05418": 0, "V05430": 0, "V05433": 3, "criancas_0a4": 4, "em_favela": false }, "geometry": { "type": "Polygon", "coordinates": [ [ [ -46.622136, -23.549789 ], [ -46.622161, -23.549711 ], [ -46.621826, -23.549583 ], [ -46.621998, -23.549169 ], [ -46.62165, -23.549081 ], [ -46.621446, -23.549535 ], [ -46.622136, -23.549789 ] ] ] } },
{ "type": "Feature", "properties": { "CD_SETOR": "355030810000120", "faces": 3, "pavimentada": 100.0, "bueiro": 100.0, "iluminacao": 100.0, "onibus": 0.0, "ciclovia": 0.0, "calcada": 100.0, "obstaculo": 0.0, "rampa": 100.0, "rampa_faces": 100.0, "sem_calcada": 0.0, "sem_arvore": 0.0, "muitas_arvores": 100.0, "vao": 0.0, "V05400": 3, "V05421": 3, "V05406": 3, "V05412": 3, "V05422": 0, "V05424": 0, "V05427": 3, "V05409": 3, "V05415": 0, "V05418": 0, "V05430": 0, "V05433": 3, "criancas_0a4": 5, "em_favela": false }, "geometry": { "type": "Polygon", "coordinates": [ [ [ -46.621003, -23.548911 ], [ -46.620749, -23.549285 ], [ -46.621827, -23.549799 ], [ -46.621732, -23.550086 ], [ -46.621797, -23.5501 ], [ -46.621739, -23.550283 ], [ -46.622015, -23.550241 ], [ -46.622136, -23.549789 ], [ -46.621446, -23.549535 ], [ -46.62165, -23.549081 ], [ -46.621003, -23.548911 ] ] ] } },
{ "type": "Feature", "properties": { "CD_SETOR": "355030810000121", "faces": 6, "pavimentada": 100.0, "bueiro": 66.67, "iluminacao": 100.0, "onibus": 16.67, "ciclovia": 0.0, "calcada": 66.67, "obstaculo": 0.0, "rampa": 100.0, "rampa_faces": 66.67, "sem_calcada": 33.33, "sem_arvore": 50.0, "muitas_arvores": 33.33, "vao": 33.33, "V05400": 6, "V05421": 4, "V05406": 6, "V05412": 6, "V05422": 2, "V05424": 0, "V05427": 4, "V05409": 4, "V05415": 1, "V05418": 0, "V05430": 3, "V05433": 2, "criancas_0a4": 5, "em_favela": false }, "geometry": { "type": "Polygon", "coordinates": [ [ [ -46.620749, -23.549285 ], [ -46.619387, -23.551281 ], [ -46.619358, -23.551839 ], [ -46.622233, -23.551504 ], [ -46.622015, -23.550241 ], [ -46.621739, -23.550283 ], [ -46.621797, -23.5501 ], [ -46.621732, -23.550086 ], [ -46.621827, -23.549799 ], [ -46.620749, -23.549285 ] ] ] } },
{ "type": "Feature", "properties": { "CD_SETOR": "355030810000123", "faces": 2, "pavimentada": 100.0, "bueiro": 50.0, "iluminacao": 100.0, "onibus": 0.0, "ciclovia": 0.0, "calcada": 100.0, "obstaculo": 50.0, "rampa": 100.0, "rampa_faces": 100.0, "sem_calcada": 0.0, "sem_arvore": 50.0, "muitas_arvores": 0.0, "vao": 0.0, "V05400": 2, "V05421": 2, "V05406": 2, "V05412": 2, "V05422": 0, "V05424": 1, "V05427": 2, "V05409": 1, "V05415": 0, "V05418": 0, "V05430": 1, "V05433": 0, "criancas_0a4": 11, "em_favela": false }, "geometry": { "type": "Polygon", "coordinates": [ [ [ -46.615923, -23.551393 ], [ -46.61553, -23.55125 ], [ -46.615125, -23.551024 ], [ -46.615474, -23.550517 ], [ -46.615182, -23.550345 ], [ -46.614799, -23.550887 ], [ -46.614616, -23.550781 ], [ -46.614559, -23.550869 ], [ -46.615821, -23.551567 ], [ -46.61578, -23.551629 ], [ -46.616253, -23.55189 ], [ -46.616402, -23.55168 ], [ -46.615923, -23.551393 ] ] ] } },
{ "type": "Feature", "properties": { "CD_SETOR": "355030810000124", "faces": 1, "pavimentada": 100.0, "bueiro": 100.0, "iluminacao": 100.0, "onibus": 0.0, "ciclovia": 0.0, "calcada": 100.0, "obstaculo": 0.0, "rampa": 100.0, "rampa_faces": 100.0, "sem_calcada": 0.0, "sem_arvore": 0.0, "muitas_arvores": 0.0, "vao": 0.0, "V05400": 1, "V05421": 1, "V05406": 1, "V05412": 1, "V05422": 0, "V05424": 0, "V05427": 1, "V05409": 1, "V05415": 0, "V05418": 0, "V05430": 0, "V05433": 0, "criancas_0a4": 9, "em_favela": false }, "geometry": { "type": "Polygon", "coordinates": [ [ [ -46.61553, -23.55125 ], [ -46.615923, -23.551393 ], [ -46.616218, -23.550952 ], [ -46.615474, -23.550517 ], [ -46.615125, -23.551024 ], [ -46.61553, -23.55125 ] ] ] } },
{ "type": "Feature", "properties": { "CD_SETOR": "355030810000125", "faces": 2, "pavimentada": 100.0, "bueiro": 50.0, "iluminacao": 100.0, "onibus": 0.0, "ciclovia": 0.0, "calcada": 100.0, "obstaculo": 0.0, "rampa": 100.0, "rampa_faces": 100.0, "sem_calcada": 0.0, "sem_arvore": 50.0, "muitas_arvores": 50.0, "vao": 0.0, "V05400": 2, "V05421": 2, "V05406": 2, "V05412": 2, "V05422": 0, "V05424": 0, "V05427": 2, "V05409": 1, "V05415": 0, "V05418": 0, "V05430": 1, "V05433": 1, "criancas_0a4": 18, "em_favela": false }, "geometry": { "type": "Polygon", "coordinates": [ [ [ -46.615266, -23.55126 ], [ -46.615042, -23.551602 ], [ -46.614287, -23.551179 ], [ -46.614567, -23.550756 ], [ -46.614369, -23.550644 ], [ -46.614036, -23.551151 ], [ -46.614105, -23.551191 ], [ -46.61403, -23.551303 ], [ -46.615303, -23.552044 ], [ -46.615416, -23.551863 ], [ -46.615648, -23.551997 ], [ -46.615829, -23.551765 ], [ -46.616195, -23.551973 ], [ -46.616253, -23.55189 ], [ -46.61578, -23.551629 ], [ -46.615821, -23.551567 ], [ -46.615266, -23.55126 ] ] ] } },
{ "type": "Feature", "properties": { "CD_SETOR": "355030810000126", "faces": 1, "pavimentada": 100.0, "bueiro": 100.0, "iluminacao": 100.0, "onibus": 0.0, "ciclovia": 0.0, "calcada": 100.0, "obstaculo": 0.0, "rampa": 100.0, "rampa_faces": 100.0, "sem_calcada": 0.0, "sem_arvore": 0.0, "muitas_arvores": 100.0, "vao": 0.0, "V05400": 1, "V05421": 1, "V05406": 1, "V05412": 1, "V05422": 0, "V05424": 0, "V05427": 1, "V05409": 1, "V05415": 0, "V05418": 0, "V05430": 0, "V05433": 1, "criancas_0a4": 21, "em_favela": false }, "geometry": { "type": "Polygon", "coordinates": [ [ [ -46.615042, -23.551602 ], [ -46.615266, -23.55126 ], [ -46.614559, -23.550869 ], [ -46.614667, -23.550706 ], [ -46.614198, -23.550443 ], [ -46.613791, -23.551043 ], [ -46.614032, -23.551181 ], [ -46.613977, -23.551273 ], [ -46.61403, -23.551303 ], [ -46.614105, -23.551191 ], [ -46.614036, -23.551151 ], [ -46.614369, -23.550644 ], [ -46.614567, -23.550756 ], [ -46.614287, -23.551179 ], [ -46.615042, -23.551602 ] ] ] } },
{ "type": "Feature", "properties": { "CD_SETOR": "355030810000127", "faces": 10, "pavimentada": 100.0, "bueiro": 80.0, "iluminacao": 100.0, "onibus": 20.0, "ciclovia": 0.0, "calcada": 80.0, "obstaculo": 50.0, "rampa": 62.5, "rampa_faces": 50.0, "sem_calcada": 20.0, "sem_arvore": 50.0, "muitas_arvores": 10.0, "vao": 50.0, "V05400": 10, "V05421": 8, "V05406": 10, "V05412": 10, "V05422": 2, "V05424": 4, "V05427": 5, "V05409": 8, "V05415": 2, "V05418": 0, "V05430": 5, "V05433": 1, "criancas_0a4": 20, "em_favela": false }, "geometry": { "type": "Polygon", "coordinates": [ [ [ -46.61671, -23.551242 ], [ -46.617971, -23.551982 ], [ -46.618057, -23.551995 ], [ -46.619358, -23.551839 ], [ -46.619387, -23.551281 ], [ -46.61944, -23.551186 ], [ -46.618866, -23.551219 ], [ -46.61734, -23.550345 ], [ -46.61671, -23.551242 ] ] ] } },
{ "type": "Feature", "properties": { "CD_SETOR": "355030810000129", "faces": 1, "pavimentada": 100.0, "bueiro": 100.0, "iluminacao": 100.0, "onibus": 100.0, "ciclovia": 0.0, "calcada": 100.0, "obstaculo": 0.0, "rampa": 100.0, "rampa_faces": 100.0, "sem_calcada": 0.0, "sem_arvore": 0.0, "muitas_arvores": 100.0, "vao": 0.0, "V05400": 1, "V05421": 1, "V05406": 1, "V05412": 1, "V05422": 0, "V05424": 0, "V05427": 1, "V05409": 1, "V05415": 1, "V05418": 0, "V05430": 0, "V05433": 1, "criancas_0a4": 19, "em_favela": false }, "geometry": { "type": "Polygon", "coordinates": [ [ [ -46.618067, -23.550765 ], [ -46.618477, -23.551001 ], [ -46.61864, -23.550639 ], [ -46.61802, -23.550299 ], [ -46.617885, -23.550502 ], [ -46.618143, -23.550646 ], [ -46.618067, -23.550765 ] ] ] } },
{ "type": "Feature", "properties": { "CD_SETOR": "355030810000130", "faces": 2, "pavimentada": 100.0, "bueiro": 100.0, "iluminacao": 100.0, "onibus": 0.0, "ciclovia": 0.0, "calcada": 100.0, "obstaculo": 0.0, "rampa": 100.0, "rampa_faces": 100.0, "sem_calcada": 0.0, "sem_arvore": 0.0, "muitas_arvores": 100.0, "vao": 0.0, "V05400": 2, "V05421": 2, "V05406": 2, "V05412": 2, "V05422": 0, "V05424": 0, "V05427": 2, "V05409": 2, "V05415": 0, "V05418": 0, "V05430": 0, "V05433": 2, "criancas_0a4": 49, "em_favela": false }, "geometry": { "type": "Polygon", "coordinates": [ [ [ -46.615631, -23.549367 ], [ -46.616366, -23.549791 ], [ -46.616665, -23.549323 ], [ -46.615937, -23.548916 ], [ -46.615631, -23.549367 ] ] ] } },
{ "type": "Feature", "properties": { "CD_SETOR": "355030810000131", "faces": 3, "pavimentada": 100.0, "bueiro": 100.0, "iluminacao": 100.0, "onibus": 0.0, "ciclovia": 0.0, "calcada": 100.0, "obstaculo": 33.33, "rampa": 100.0, "rampa_faces": 100.0, "sem_calcada": 0.0, "sem_arvore": 0.0, "muitas_arvores": 100.0, "vao": 0.0, "V05400": 3, "V05421": 3, "V05406": 3, "V05412": 3, "V05422": 0, "V05424": 1, "V05427": 3, "V05409": 3, "V05415": 0, "V05418": 0, "V05430": 0, "V05433": 3, "criancas_0a4": 3, "em_favela": false }, "geometry": { "type": "Polygon", "coordinates": [ [ [ -46.62, -23.54881 ], [ -46.620775, -23.549249 ], [ -46.621123, -23.548743 ], [ -46.620208, -23.548501 ], [ -46.62, -23.54881 ] ] ] } },
{ "type": "Feature", "properties": { "CD_SETOR": "355030810000132", "faces": 2, "pavimentada": 50.0, "bueiro": 50.0, "iluminacao": 50.0, "onibus": 50.0, "ciclovia": 0.0, "calcada": 50.0, "obstaculo": 0.0, "rampa": 100.0, "rampa_faces": 50.0, "sem_calcada": 0.0, "sem_arvore": 0.0, "muitas_arvores": 50.0, "vao": 0.0, "V05400": 2, "V05421": 1, "V05406": 1, "V05412": 1, "V05422": 0, "V05424": 0, "V05427": 1, "V05409": 1, "V05415": 1, "V05418": 0, "V05430": 0, "V05433": 1, "criancas_0a4": 3, "em_favela": false }, "geometry": { "type": "Polygon", "coordinates": [ [ [ -46.619804, -23.549097 ], [ -46.620581, -23.54953 ], [ -46.620775, -23.549249 ], [ -46.62, -23.54881 ], [ -46.619804, -23.549097 ] ] ] } },
{ "type": "Feature", "properties": { "CD_SETOR": "355030810000133", "faces": 2, "pavimentada": 100.0, "bueiro": 100.0, "iluminacao": 100.0, "onibus": 100.0, "ciclovia": 0.0, "calcada": 100.0, "obstaculo": 0.0, "rampa": 100.0, "rampa_faces": 100.0, "sem_calcada": 0.0, "sem_arvore": 0.0, "muitas_arvores": 100.0, "vao": 0.0, "V05400": 2, "V05421": 2, "V05406": 2, "V05412": 2, "V05422": 0, "V05424": 0, "V05427": 2, "V05409": 2, "V05415": 2, "V05418": 0, "V05430": 0, "V05433": 2, "criancas_0a4": 5, "em_favela": false }, "geometry": { "type": "Polygon", "coordinates": [ [ [ -46.619534, -23.54949 ], [ -46.620302, -23.549937 ], [ -46.620581, -23.54953 ], [ -46.619804, -23.549097 ], [ -46.619534, -23.54949 ] ] ] } },
{ "type": "Feature", "properties": { "CD_SETOR": "355030810000134", "faces": 2, "pavimentada": 100.0, "bueiro": 100.0, "iluminacao": 100.0, "onibus": 0.0, "ciclovia": 0.0, "calcada": 100.0, "obstaculo": 0.0, "rampa": 100.0, "rampa_faces": 100.0, "sem_calcada": 0.0, "sem_arvore": 0.0, "muitas_arvores": 100.0, "vao": 0.0, "V05400": 2, "V05421": 2, "V05406": 2, "V05412": 2, "V05422": 0, "V05424": 0, "V05427": 2, "V05409": 2, "V05415": 0, "V05418": 0, "V05430": 0, "V05433": 2, "criancas_0a4": 6, "em_favela": false }, "geometry": { "type": "Polygon", "coordinates": [ [ [ -46.619184, -23.549282 ], [ -46.619534, -23.54949 ], [ -46.620208, -23.548501 ], [ -46.619731, -23.548386 ], [ -46.619184, -23.549282 ] ] ] } },
{ "type": "Feature", "properties": { "CD_SETOR": "355030810000135", "faces": 2, "pavimentada": 100.0, "bueiro": 100.0, "iluminacao": 100.0, "onibus": 0.0, "ciclovia": 0.0, "calcada": 100.0, "obstaculo": 0.0, "rampa": 100.0, "rampa_faces": 100.0, "sem_calcada": 0.0, "sem_arvore": 0.0, "muitas_arvores": 100.0, "vao": 0.0, "V05400": 2, "V05421": 2, "V05406": 2, "V05412": 2, "V05422": 0, "V05424": 0, "V05427": 2, "V05409": 2, "V05415": 0, "V05418": 0, "V05430": 0, "V05433": 2, "criancas_0a4": 9, "em_favela": false }, "geometry": { "type": "Polygon", "coordinates": [ [ [ -46.618835, -23.549077 ], [ -46.619184, -23.549282 ], [ -46.619731, -23.548386 ], [ -46.619336, -23.548294 ], [ -46.618835, -23.549077 ] ] ] } },
{ "type": "Feature", "properties": { "CD_SETOR": "355030810000136", "faces": 2, "pavimentada": 100.0, "bueiro": 100.0, "iluminacao": 100.0, "onibus": 50.0, "ciclovia": 0.0, "calcada": 100.0, "obstaculo": 0.0, "rampa": 100.0, "rampa_faces": 100.0, "sem_calcada": 0.0, "sem_arvore": 0.0, "muitas_arvores": 50.0, "vao": 0.0, "V05400": 2, "V05421": 2, "V05406": 2, "V05412": 2, "V05422": 0, "V05424": 0, "V05427": 2, "V05409": 2, "V05415": 1, "V05418": 0, "V05430": 0, "V05433": 1, "criancas_0a4": 0, "em_favela": false }, "geometry": { "type": "Polygon", "coordinates": [ [ [ -46.618407, -23.548834 ], [ -46.618835, -23.549077 ], [ -46.619336, -23.548294 ], [ -46.618884, -23.548163 ], [ -46.618407, -23.548834 ] ] ] } },
{ "type": "Feature", "properties": { "CD_SETOR": "355030810000137", "faces": 3, "pavimentada": 100.0, "bueiro": 66.67, "iluminacao": 100.0, "onibus": 0.0, "ciclovia": 0.0, "calcada": 100.0, "obstaculo": 0.0, "rampa": 100.0, "rampa_faces": 100.0, "sem_calcada": 0.0, "sem_arvore": 0.0, "muitas_arvores": 100.0, "vao": 0.0, "V05400": 3, "V05421": 3, "V05406": 3, "V05412": 3, "V05422": 0, "V05424": 0, "V05427": 3, "V05409": 2, "V05415": 0, "V05418": 0, "V05430": 0, "V05433": 3, "criancas_0a4": 4, "em_favela": false }, "geometry": { "type": "Polygon", "coordinates": [ [ [ -46.617426, -23.548463 ], [ -46.617789, -23.548671 ], [ -46.617667, -23.548869 ], [ -46.618194, -23.549134 ], [ -46.618407, -23.548834 ], [ -46.617617, -23.548374 ], [ -46.617516, -23.548342 ], [ -46.617426, -23.548463 ] ] ] } },
{ "type": "Feature", "properties": { "CD_SETOR": "355030810000138", "faces": 3, "pavimentada": 100.0, "bueiro": 66.67, "iluminacao": 100.0, "onibus": 0.0, "ciclovia": 0.0, "calcada": 100.0, "obstaculo": 0.0, "rampa": 100.0, "rampa_faces": 100.0, "sem_calcada": 0.0, "sem_arvore": 0.0, "muitas_arvores": 100.0, "vao": 0.0, "V05400": 3, "V05421": 3, "V05406": 3, "V05412": 3, "V05422": 0, "V05424": 0, "V05427": 3, "V05409": 2, "V05415": 0, "V05418": 0, "V05430": 0, "V05433": 3, "criancas_0a4": 0, "em_favela": false }, "geometry": { "type": "Polygon", "coordinates": [ [ [ -46.617026, -23.549054 ], [ -46.617897, -23.549555 ], [ -46.618109, -23.549254 ], [ -46.617594, -23.548975 ], [ -46.617499, -23.549105 ], [ -46.617126, -23.548912 ], [ -46.617026, -23.549054 ] ] ] } },
{ "type": "Feature", "properties": { "CD_SETOR": "355030810000139", "faces": 2, "pavimentada": 100.0, "bueiro": 50.0, "iluminacao": 100.0, "onibus": 0.0, "ciclovia": 0.0, "calcada": 100.0, "obstaculo": 0.0, "rampa": 100.0, "rampa_faces": 100.0, "sem_calcada": 0.0, "sem_arvore": 0.0, "muitas_arvores": 100.0, "vao": 0.0, "V05400": 2, "V05421": 2, "V05406": 2, "V05412": 2, "V05422": 0, "V05424": 0, "V05427": 2, "V05409": 1, "V05415": 0, "V05418": 0, "V05430": 0, "V05433": 2, "criancas_0a4": 3, "em_favela": false }, "geometry": { "type": "Polygon", "coordinates": [ [ [ -46.617126, -23.548912 ], [ -46.617499, -23.549105 ], [ -46.617594, -23.548975 ], [ -46.618109, -23.549254 ], [ -46.618194, -23.549134 ], [ -46.617667, -23.548869 ], [ -46.617789, -23.548671 ], [ -46.617426, -23.548463 ], [ -46.617126, -23.548912 ] ] ] } },
{ "type": "Feature", "properties": { "CD_SETOR": "355030810000142", "faces": 2, "pavimentada": 100.0, "bueiro": 50.0, "iluminacao": 100.0, "onibus": 50.0, "ciclovia": 0.0, "calcada": 50.0, "obstaculo": 0.0, "rampa": 0.0, "rampa_faces": 0.0, "sem_calcada": 50.0, "sem_arvore": 0.0, "muitas_arvores": 100.0, "vao": 100.0, "V05400": 2, "V05421": 1, "V05406": 2, "V05412": 2, "V05422": 1, "V05424": 0, "V05427": 0, "V05409": 1, "V05415": 1, "V05418": 0, "V05430": 0, "V05433": 2, "criancas_0a4": 27, "em_favela": false }, "geometry": { "type": "Polygon", "coordinates": [ [ [ -46.619141, -23.54693 ], [ -46.61957, -23.547202 ], [ -46.619837, -23.546811 ], [ -46.61941, -23.546544 ], [ -46.619141, -23.54693 ] ] ] } },
{ "type": "Feature", "properties": { "CD_SETOR": "355030810000143", "faces": 2, "pavimentada": 100.0, "bueiro": 50.0, "iluminacao": 100.0, "onibus": 50.0, "ciclovia": 0.0, "calcada": 50.0, "obstaculo": 0.0, "rampa": 0.0, "rampa_faces": 0.0, "sem_calcada": 50.0, "sem_arvore": 100.0, "muitas_arvores": 0.0, "vao": 100.0, "V05400": 2, "V05421": 1, "V05406": 2, "V05412": 2, "V05422": 1, "V05424": 0, "V05427": 0, "V05409": 1, "V05415": 1, "V05418": 0, "V05430": 2, "V05433": 0, "criancas_0a4": 28, "em_favela": false }, "geometry": { "type": "Polygon", "coordinates": [ [ [ -46.619141, -23.54693 ], [ -46.61941, -23.546544 ], [ -46.619837, -23.546811 ], [ -46.619868, -23.546769 ], [ -46.619102, -23.546285 ], [ -46.618796, -23.546714 ], [ -46.619141, -23.54693 ] ] ] } },
{ "type": "Feature", "properties": { "CD_SETOR": "355030810000144", "faces": 1, "pavimentada": 100.0, "bueiro": 100.0, "iluminacao": 100.0, "onibus": 0.0, "ciclovia": 0.0, "calcada": 100.0, "obstaculo": 0.0, "rampa": 0.0, "rampa_faces": 0.0, "sem_calcada": 0.0, "sem_arvore": 0.0, "muitas_arvores": 0.0, "vao": 100.0, "V05400": 1, "V05421": 1, "V05406": 1, "V05412": 1, "V05422": 0, "V05424": 0, "V05427": 0, "V05409": 1, "V05415": 0, "V05418": 0, "V05430": 0, "V05433": 0, "criancas_0a4": 16, "em_favela": false }, "geometry": { "type": "Polygon", "coordinates": [ [ [ -46.618062, -23.545805 ], [ -46.618529, -23.54607 ], [ -46.61849, -23.546131 ], [ -46.618759, -23.546293 ], [ -46.619037, -23.545934 ], [ -46.618256, -23.545513 ], [ -46.618062, -23.545805 ] ] ] } },
{ "type": "Feature", "properties": { "CD_SETOR": "355030810000145", "faces": 1, "pavimentada": 100.0, "bueiro": 100.0, "iluminacao": 100.0, "onibus": 0.0, "ciclovia": 0.0, "calcada": 100.0, "obstaculo": 0.0, "rampa": 0.0, "rampa_faces": 0.0, "sem_calcada": 0.0, "sem_arvore": 0.0, "muitas_arvores": 0.0, "vao": 100.0, "V05400": 1, "V05421": 1, "V05406": 1, "V05412": 1, "V05422": 0, "V05424": 0, "V05427": 0, "V05409": 1, "V05415": 0, "V05418": 0, "V05430": 0, "V05433": 0, "criancas_0a4": 10, "em_favela": false }, "geometry": { "type": "Polygon", "coordinates": [ [ [ -46.617505, -23.546616 ], [ -46.61842, -23.547196 ], [ -46.618748, -23.546735 ], [ -46.61851, -23.546586 ], [ -46.618436, -23.546706 ], [ -46.618247, -23.546588 ], [ -46.618051, -23.54688 ], [ -46.617539, -23.546564 ], [ -46.617505, -23.546616 ] ] ] } },
{ "type": "Feature", "properties": { "CD_SETOR": "355030810000146", "faces": 2, "pavimentada": 100.0, "bueiro": 100.0, "iluminacao": 100.0, "onibus": 50.0, "ciclovia": 0.0, "calcada": 100.0, "obstaculo": 0.0, "rampa": 0.0, "rampa_faces": 0.0, "sem_calcada": 0.0, "sem_arvore": 50.0, "muitas_arvores": 50.0, "vao": 100.0, "V05400": 2, "V05421": 2, "V05406": 2, "V05412": 2, "V05422": 0, "V05424": 0, "V05427": 0, "V05409": 2, "V05415": 1, "V05418": 0, "V05430": 1, "V05433": 1, "criancas_0a4": 32, "em_favela": false }, "geometry": { "type": "Polygon", "coordinates": [ [ [ -46.616843, -23.545135 ], [ -46.617235, -23.545325 ], [ -46.617481, -23.544931 ], [ -46.617775, -23.545092 ], [ -46.618095, -23.545343 ], [ -46.618305, -23.545444 ], [ -46.618346, -23.545382 ], [ -46.618125, -23.545289 ], [ -46.617821, -23.54503 ], [ -46.61716, -23.544666 ], [ -46.616843, -23.545135 ] ] ] } },
{ "type": "Feature", "properties": { "CD_SETOR": "355030810000147", "faces": 2, "pavimentada": 100.0, "bueiro": 100.0, "iluminacao": 100.0, "onibus": 50.0, "ciclovia": 0.0, "calcada": 100.0, "obstaculo": 0.0, "rampa": 0.0, "rampa_faces": 0.0, "sem_calcada": 0.0, "sem_arvore": 100.0, "muitas_arvores": 0.0, "vao": 100.0, "V05400": 2, "V05421": 2, "V05406": 2, "V05412": 2, "V05422": 0, "V05424": 0, "V05427": 0, "V05409": 2, "V05415": 1, "V05418": 0, "V05430": 2, "V05433": 0, "criancas_0a4": 25, "em_favela": false }, "geometry": { "type": "Polygon", "coordinates": [ [ [ -46.616843, -23.545135 ], [ -46.616815, -23.545175 ], [ -46.617682, -23.545618 ], [ -46.61786, -23.545336 ], [ -46.618256, -23.545513 ], [ -46.618305, -23.545444 ], [ -46.61802, -23.545303 ], [ -46.617775, -23.545092 ], [ -46.617481, -23.544931 ], [ -46.617235, -23.545325 ], [ -46.616843, -23.545135 ] ] ] } },
{ "type": "Feature", "properties": { "CD_SETOR": "355030810000148", "faces": 2, "pavimentada": 100.0, "bueiro": 100.0, "iluminacao": 100.0, "onibus": 50.0, "ciclovia": 0.0, "calcada": 100.0, "obstaculo": 0.0, "rampa": 0.0, "rampa_faces": 0.0, "sem_calcada": 0.0, "sem_arvore": 0.0, "muitas_arvores": 0.0, "vao": 100.0, "V05400": 2, "V05421": 2, "V05406": 2, "V05412": 2, "V05422": 0, "V05424": 0, "V05427": 0, "V05409": 2, "V05415": 1, "V05418": 0, "V05430": 0, "V05433": 0, "criancas_0a4": 16, "em_favela": false }, "geometry": { "type": "Polygon", "coordinates": [ [ [ -46.616791, -23.54521 ], [ -46.617444, -23.54556 ], [ -46.617388, -23.545644 ], [ -46.617946, -23.54597 ], [ -46.618256, -23.545513 ], [ -46.61786, -23.545336 ], [ -46.617682, -23.545618 ], [ -46.616815, -23.545175 ], [ -46.616791, -23.54521 ] ] ] } },
{ "type": "Feature", "properties": { "CD_SETOR": "355030810000149", "faces": 1, "pavimentada": 100.0, "bueiro": 100.0, "iluminacao": 100.0, "onibus": 100.0, "ciclovia": 0.0, "calcada": 100.0, "obstaculo": 0.0, "rampa": 0.0, "rampa_faces": 0.0, "sem_calcada": 0.0, "sem_arvore": 0.0, "muitas_arvores": 0.0, "vao": 100.0, "V05400": 1, "V05421": 1, "V05406": 1, "V05412": 1, "V05422": 0, "V05424": 0, "V05427": 0, "V05409": 1, "V05415": 1, "V05418": 0, "V05430": 0, "V05433": 0, "criancas_0a4": 20, "em_favela": false }, "geometry": { "type": "Polygon", "coordinates": [ [ [ -46.616565, -23.54554 ], [ -46.616942, -23.545753 ], [ -46.61718, -23.54541 ], [ -46.616791, -23.54521 ], [ -46.616565, -23.54554 ] ] ] } },
{ "type": "Feature", "properties": { "CD_SETOR": "355030810000150", "faces": 1, "pavimentada": 100.0, "bueiro": 100.0, "iluminacao": 100.0, "onibus": 100.0, "ciclovia": 0.0, "calcada": 100.0, "obstaculo": 0.0, "rampa": 0.0, "rampa_faces": 0.0, "sem_calcada": 0.0, "sem_arvore": 100.0, "muitas_arvores": 0.0, "vao": 100.0, "V05400": 1, "V05421": 1, "V05406": 1, "V05412": 1, "V05422": 0, "V05424": 0, "V05427": 0, "V05409": 1, "V05415": 1, "V05418": 0, "V05430": 1, "V05433": 0, "criancas_0a4": 32, "em_favela": false }, "geometry": { "type": "Polygon", "coordinates": [ [ [ -46.616565, -23.54554 ], [ -46.616527, -23.545595 ], [ -46.61717, -23.545957 ], [ -46.617444, -23.54556 ], [ -46.61718, -23.54541 ], [ -46.616942, -23.545753 ], [ -46.616565, -23.54554 ] ] ] } },
{ "type": "Feature", "properties": { "CD_SETOR": "355030810000151", "faces": 16, "pavimentada": 100.0, "bueiro": 100.0, "iluminacao": 100.0, "onibus": 12.5, "ciclovia": 0.0, "calcada": 100.0, "obstaculo": 43.75, "rampa": 100.0, "rampa_faces": 100.0, "sem_calcada": 0.0, "sem_arvore": 31.25, "muitas_arvores": 18.75, "vao": 0.0, "V05400": 16, "V05421": 16, "V05406": 16, "V05412": 16, "V05422": 0, "V05424": 7, "V05427": 16, "V05409": 16, "V05415": 2, "V05418": 0, "V05430": 5, "V05433": 3, "criancas_0a4": 0, "em_favela": false }, "geometry": { "type": "Polygon", "coordinates": [ [ [ -46.618911, -23.535365 ], [ -46.618995, -23.537936 ], [ -46.620416, -23.537993 ], [ -46.620384, -23.535249 ], [ -46.618911, -23.535365 ] ] ] } },
{ "type": "Feature", "properties": { "CD_SETOR": "355030810000152", "faces": 8, "pavimentada": 100.0, "bueiro": 100.0, "iluminacao": 100.0, "onibus": 50.0, "ciclovia": 0.0, "calcada": 100.0, "obstaculo": 37.5, "rampa": 100.0, "rampa_faces": 100.0, "sem_calcada": 0.0, "sem_arvore": 37.5, "muitas_arvores": 0.0, "vao": 0.0, "V05400": 8, "V05421": 8, "V05406": 8, "V05412": 8, "V05422": 0, "V05424": 3, "V05427": 8, "V05409": 8, "V05415": 4, "V05418": 0, "V05430": 3, "V05433": 0, "criancas_0a4": 0, "em_favela": false }, "geometry": { "type": "Polygon", "coordinates": [ [ [ -46.617647, -23.537169 ], [ -46.617528, -23.53995 ], [ -46.617462, -23.540177 ], [ -46.618209, -23.540655 ], [ -46.619041, -23.539498 ], [ -46.618974, -23.537226 ], [ -46.617647, -23.537169 ] ] ] } },
{ "type": "Feature", "properties": { "CD_SETOR": "355030810000153", "faces": 12, "pavimentada": 100.0, "bueiro": 83.33, "iluminacao": 100.0, "onibus": 16.67, "ciclovia": 0.0, "calcada": 91.67, "obstaculo": 9.09, "rampa": 100.0, "rampa_faces": 91.67, "sem_calcada": 8.33, "sem_arvore": 25.0, "muitas_arvores": 16.67, "vao": 8.33, "V05400": 12, "V05421": 11, "V05406": 12, "V05412": 12, "V05422": 1, "V05424": 1, "V05427": 11, "V05409": 10, "V05415": 2, "V05418": 0, "V05430": 3, "V05433": 2, "criancas_0a4": 0, "em_favela": false }, "geometry": { "type": "Polygon", "coordinates": [ [ [ -46.61533, -23.537789 ], [ -46.617607, -23.53788 ], [ -46.617647, -23.537169 ], [ -46.618974, -23.537226 ], [ -46.618911, -23.535365 ], [ -46.616055, -23.535573 ], [ -46.615464, -23.534975 ], [ -46.615387, -23.535041 ], [ -46.61533, -23.537789 ] ] ] } },
{ "type": "Feature", "properties": { "CD_SETOR": "355030810000154", "faces": 19, "pavimentada": 100.0, "bueiro": 47.37, "iluminacao": 89.47, "onibus": 21.05, "ciclovia": 0.0, "calcada": 89.47, "obstaculo": 11.76, "rampa": 94.12, "rampa_faces": 84.21, "sem_calcada": 10.53, "sem_arvore": 15.79, "muitas_arvores": 5.26, "vao": 15.79, "V05400": 19, "V05421": 17, "V05406": 19, "V05412": 17, "V05422": 2, "V05424": 2, "V05427": 16, "V05409": 9, "V05415": 4, "V05418": 0, "V05430": 3, "V05433": 1, "criancas_0a4": 0, "em_favela": false }, "geometry": { "type": "Polygon", "coordinates": [ [ [ -46.614039, -23.536039 ], [ -46.611459, -23.537638 ], [ -46.612216, -23.538706 ], [ -46.613898, -23.537604 ], [ -46.613908, -23.537731 ], [ -46.61533, -23.537789 ], [ -46.615387, -23.535041 ], [ -46.615464, -23.534975 ], [ -46.614773, -23.534288 ], [ -46.614039, -23.536039 ] ] ] } },
{ "type": "Feature", "properties": { "CD_SETOR": "355030810000155", "faces": 19, "pavimentada": 100.0, "bueiro": 57.89, "iluminacao": 100.0, "onibus": 5.26, "ciclovia": 0.0, "calcada": 89.47, "obstaculo": 11.76, "rampa": 100.0, "rampa_faces": 89.47, "sem_calcada": 10.53, "sem_arvore": 0.0, "muitas_arvores": 26.32, "vao": 10.53, "V05400": 19, "V05421": 17, "V05406": 19, "V05412": 19, "V05422": 2, "V05424": 2, "V05427": 17, "V05409": 11, "V05415": 1, "V05418": 0, "V05430": 0, "V05433": 5, "criancas_0a4": 0, "em_favela": false }, "geometry": { "type": "Polygon", "coordinates": [ [ [ -46.613384, -23.532907 ], [ -46.612393, -23.533748 ], [ -46.613486, -23.535232 ], [ -46.611721, -23.53638 ], [ -46.612264, -23.537139 ], [ -46.614039, -23.536039 ], [ -46.614773, -23.534288 ], [ -46.613384, -23.532907 ] ] ] } },
{ "type": "Feature", "properties": { "CD_SETOR": "355030810000156", "faces": 8, "pavimentada": 100.0, "bueiro": 75.0, "iluminacao": 100.0, "onibus": 25.0, "ciclovia": 0.0, "calcada": 100.0, "obstaculo": 0.0, "rampa": 100.0, "rampa_faces": 100.0, "sem_calcada": 0.0, "sem_arvore": 0.0, "muitas_arvores": 0.0, "vao": 0.0, "V05400": 8, "V05421": 8, "V05406": 8, "V05412": 8, "V05422": 0, "V05424": 0, "V05427": 8, "V05409": 6, "V05415": 2, "V05418": 0, "V05430": 0, "V05433": 0, "criancas_0a4": 3, "em_favela": false }, "geometry": { "type": "Polygon", "coordinates": [ [ [ -46.610835, -23.535103 ], [ -46.611721, -23.53638 ], [ -46.613486, -23.535232 ], [ -46.612393, -23.533748 ], [ -46.610835, -23.535103 ] ] ] } },
{ "type": "Feature", "properties": { "CD_SETOR": "355030810000157", "faces": 7, "pavimentada": 100.0, "bueiro": 100.0, "iluminacao": 100.0, "onibus": 42.86, "ciclovia": 0.0, "calcada": 100.0, "obstaculo": 42.86, "rampa": 42.86, "rampa_faces": 42.86, "sem_calcada": 0.0, "sem_arvore": 42.86, "muitas_arvores": 42.86, "vao": 57.14, "V05400": 7, "V05421": 7, "V05406": 7, "V05412": 7, "V05422": 0, "V05424": 3, "V05427": 3, "V05409": 7, "V05415": 3, "V05418": 0, "V05430": 3, "V05433": 3, "criancas_0a4": 9, "em_favela": false }, "geometry": { "type": "Polygon", "coordinates": [ [ [ -46.621614, -23.548013 ], [ -46.622214, -23.548403 ], [ -46.6221, -23.548554 ], [ -46.62152, -23.54815 ], [ -46.621003, -23.548911 ], [ -46.622309, -23.549243 ], [ -46.622814, -23.547625 ], [ -46.622106, -23.547293 ], [ -46.621614, -23.548013 ] ] ] } },
{ "type": "Feature", "properties": { "CD_SETOR": "355030810000158", "faces": 1, "pavimentada": 100.0, "bueiro": 100.0, "iluminacao": 100.0, "onibus": 100.0, "ciclovia": 0.0, "calcada": 100.0, "obstaculo": 0.0, "rampa": 0.0, "rampa_faces": 0.0, "sem_calcada": 0.0, "sem_arvore": 0.0, "muitas_arvores": 0.0, "vao": 100.0, "V05400": 1, "V05421": 1, "V05406": 1, "V05412": 1, "V05422": 0, "V05424": 0, "V05427": 0, "V05409": 1, "V05415": 1, "V05418": 0, "V05430": 0, "V05433": 0, "criancas_0a4": 8, "em_favela": false }, "geometry": { "type": "Polygon", "coordinates": [ [ [ -46.62152, -23.54815 ], [ -46.6221, -23.548554 ], [ -46.622214, -23.548403 ], [ -46.621614, -23.548013 ], [ -46.62152, -23.54815 ] ] ] } },
{ "type": "Feature", "properties": { "CD_SETOR": "355030810000159", "faces": 8, "pavimentada": 100.0, "bueiro": 75.0, "iluminacao": 100.0, "onibus": 12.5, "ciclovia": 0.0, "calcada": 100.0, "obstaculo": 0.0, "rampa": 100.0, "rampa_faces": 100.0, "sem_calcada": 0.0, "sem_arvore": 50.0, "muitas_arvores": 12.5, "vao": 0.0, "V05400": 8, "V05421": 8, "V05406": 8, "V05412": 8, "V05422": 0, "V05424": 0, "V05427": 8, "V05409": 6, "V05415": 1, "V05418": 0, "V05430": 4, "V05433": 1, "criancas_0a4": 9, "em_favela": false }, "geometry": { "type": "Polygon", "coordinates": [ [ [ -46.613066, -23.538159 ], [ -46.611776, -23.538991 ], [ -46.612491, -23.539997 ], [ -46.612236, -23.540256 ], [ -46.614113, -23.541428 ], [ -46.614666, -23.540806 ], [ -46.613048, -23.539428 ], [ -46.613611, -23.538852 ], [ -46.613066, -23.538159 ] ] ] } },
{ "type": "Feature", "properties": { "CD_SETOR": "355030810000160", "faces": 7, "pavimentada": 100.0, "bueiro": 57.14, "iluminacao": 100.0, "onibus": 14.29, "ciclovia": 14.29, "calcada": 100.0, "obstaculo": 85.71, "rampa": 42.86, "rampa_faces": 42.86, "sem_calcada": 0.0, "sem_arvore": 14.29, "muitas_arvores": 57.14, "vao": 57.14, "V05400": 7, "V05421": 7, "V05406": 7, "V05412": 7, "V05422": 0, "V05424": 6, "V05427": 3, "V05409": 4, "V05415": 1, "V05418": 1, "V05430": 1, "V05433": 4, "criancas_0a4": 33, "em_favela": false }, "geometry": { "type": "Polygon", "coordinates": [ [ [ -46.608172, -23.542977 ], [ -46.609273, -23.543368 ], [ -46.609347, -23.543142 ], [ -46.609232, -23.543112 ], [ -46.609333, -23.542749 ], [ -46.610004, -23.542946 ], [ -46.609805, -23.543557 ], [ -46.610301, -23.543733 ], [ -46.611222, -23.542635 ], [ -46.608499, -23.541807 ], [ -46.608172, -23.542977 ] ] ] } },
{ "type": "Feature", "properties": { "CD_SETOR": "355030810000161", "faces": 1, "pavimentada": 100.0, "bueiro": 0.0, "iluminacao": 100.0, "onibus": 0.0, "ciclovia": 100.0, "calcada": 100.0, "obstaculo": 100.0, "rampa": 0.0, "rampa_faces": 0.0, "sem_calcada": 0.0, "sem_arvore": 0.0, "muitas_arvores": 0.0, "vao": 100.0, "V05400": 1, "V05421": 1, "V05406": 1, "V05412": 1, "V05422": 0, "V05424": 1, "V05427": 0, "V05409": 0, "V05415": 0, "V05418": 1, "V05430": 0, "V05433": 0, "criancas_0a4": 30, "em_favela": true }, "geometry": { "type": "Polygon", "coordinates": [ [ [ -46.609273, -23.543368 ], [ -46.609805, -23.543557 ], [ -46.610004, -23.542946 ], [ -46.609333, -23.542749 ], [ -46.609232, -23.543112 ], [ -46.609347, -23.543142 ], [ -46.609273, -23.543368 ] ] ] } },
{ "type": "Feature", "properties": { "CD_SETOR": "355030810000162", "faces": 3, "pavimentada": 100.0, "bueiro": 100.0, "iluminacao": 100.0, "onibus": 33.33, "ciclovia": 0.0, "calcada": 100.0, "obstaculo": 33.33, "rampa": 100.0, "rampa_faces": 100.0, "sem_calcada": 0.0, "sem_arvore": 33.33, "muitas_arvores": 66.67, "vao": 0.0, "V05400": 3, "V05421": 3, "V05406": 3, "V05412": 3, "V05422": 0, "V05424": 1, "V05427": 3, "V05409": 3, "V05415": 1, "V05418": 0, "V05430": 1, "V05433": 2, "criancas_0a4": 75, "em_favela": true }, "geometry": { "type": "Polygon", "coordinates": [ [ [ -46.618791, -23.553204 ], [ -46.618389, -23.553294 ], [ -46.61833, -23.552695 ], [ -46.616804, -23.552857 ], [ -46.617004, -23.553901 ], [ -46.61879, -23.553748 ], [ -46.618791, -23.553204 ] ] ] } },
{ "type": "Feature", "properties": { "CD_SETOR": "355030810000163", "faces": 21, "pavimentada": 100.0, "bueiro": 100.0, "iluminacao": 100.0, "onibus": 19.05, "ciclovia": 9.52, "calcada": 90.48, "obstaculo": 15.79, "rampa": 100.0, "rampa_faces": 90.48, "sem_calcada": 9.52, "sem_arvore": 33.33, "muitas_arvores": 33.33, "vao": 9.52, "V05400": 21, "V05421": 19, "V05406": 21, "V05412": 21, "V05422": 2, "V05424": 3, "V05427": 19, "V05409": 21, "V05415": 4, "V05418": 2, "V05430": 7, "V05433": 7, "criancas_0a4": 30, "em_favela": false }, "geometry": { "type": "Polygon", "coordinates": [ [ [ -46.618389, -23.553294 ], [ -46.618791, -23.553204 ], [ -46.61879, -23.553748 ], [ -46.623749, -23.553426 ], [ -46.623609, -23.552755 ], [ -46.622455, -23.552857 ], [ -46.622304, -23.551952 ], [ -46.617932, -23.552513 ], [ -46.616767, -23.552624 ], [ -46.616804, -23.552857 ], [ -46.61833, -23.552695 ], [ -46.618389, -23.553294 ] ] ] } },
{ "type": "Feature", "properties": { "CD_SETOR": "355030810000164", "faces": 8, "pavimentada": 100.0, "bueiro": 100.0, "iluminacao": 100.0, "onibus": 37.5, "ciclovia": 12.5, "calcada": 100.0, "obstaculo": 25.0, "rampa": 100.0, "rampa_faces": 100.0, "sem_calcada": 0.0, "sem_arvore": 50.0, "muitas_arvores": 50.0, "vao": 0.0, "V05400": 8, "V05421": 8, "V05406": 8, "V05412": 8, "V05422": 0, "V05424": 2, "V05427": 8, "V05409": 8, "V05415": 3, "V05418": 1, "V05430": 4, "V05433": 4, "criancas_0a4": 10, "em_favela": false }, "geometry": { "type": "Polygon", "coordinates": [ [ [ -46.62225, -23.544729 ], [ -46.623568, -23.545252 ], [ -46.626364, -23.546535 ], [ -46.626264, -23.544817 ], [ -46.624575, -23.544563 ], [ -46.624242, -23.544454 ], [ -46.622454, -23.544097 ], [ -46.62225, -23.544729 ] ] ] } },
{ "type": "Feature", "properties": { "CD_SETOR": "355030810000165", "faces": 8, "pavimentada": 100.0, "bueiro": 87.5, "iluminacao": 100.0, "onibus": 37.5, "ciclovia": 25.0, "calcada": 87.5, "obstaculo": 28.57, "rampa": 100.0, "rampa_faces": 87.5, "sem_calcada": 12.5, "sem_arvore": 50.0, "muitas_arvores": 0.0, "vao": 12.5, "V05400": 8, "V05421": 7, "V05406": 8, "V05412": 8, "V05422": 1, "V05424": 2, "V05427": 7, "V05409": 7, "V05415": 3, "V05418": 2, "V05430": 4, "V05433": 0, "criancas_0a4": 19, "em_favela": false }, "geometry": { "type": "Polygon", "coordinates": [ [ [ -46.623568, -23.545252 ], [ -46.62225, -23.544729 ], [ -46.621854, -23.545888 ], [ -46.621678, -23.545973 ], [ -46.622695, -23.546434 ], [ -46.622106, -23.547293 ], [ -46.622814, -23.547625 ], [ -46.623568, -23.545252 ] ] ] } },
{ "type": "Feature", "properties": { "CD_SETOR": "355030810000166", "faces": 19, "pavimentada": 89.47, "bueiro": 68.42, "iluminacao": 100.0, "onibus": 26.32, "ciclovia": 0.0, "calcada": 84.21, "obstaculo": 6.25, "rampa": 43.75, "rampa_faces": 36.84, "sem_calcada": 15.79, "sem_arvore": 47.37, "muitas_arvores": 31.58, "vao": 52.63, "V05400": 19, "V05421": 16, "V05406": 17, "V05412": 19, "V05422": 3, "V05424": 1, "V05427": 7, "V05409": 13, "V05415": 5, "V05418": 0, "V05430": 9, "V05433": 6, "criancas_0a4": 51, "em_favela": false }, "geometry": { "type": "Polygon", "coordinates": [ [ [ -46.618062, -23.545805 ], [ -46.617741, -23.546295 ], [ -46.616527, -23.545595 ], [ -46.615962, -23.54643 ], [ -46.618884, -23.548163 ], [ -46.61957, -23.547202 ], [ -46.618796, -23.546714 ], [ -46.619102, -23.546285 ], [ -46.619868, -23.546769 ], [ -46.620724, -23.545547 ], [ -46.619588, -23.544895 ], [ -46.619304, -23.544631 ], [ -46.61781, -23.543711 ], [ -46.61716, -23.544666 ], [ -46.617821, -23.54503 ], [ -46.618125, -23.545289 ], [ -46.618346, -23.545382 ], [ -46.618256, -23.545513 ], [ -46.619037, -23.545934 ], [ -46.618759, -23.546293 ], [ -46.61849, -23.546131 ], [ -46.618529, -23.54607 ], [ -46.618062, -23.545805 ] ], [ [ -46.61842, -23.547196 ], [ -46.617505, -23.546616 ], [ -46.617539, -23.546564 ], [ -46.618051, -23.54688 ], [ -46.618247, -23.546588 ], [ -46.618436, -23.546706 ], [ -46.61851, -23.546586 ], [ -46.618748, -23.546735 ], [ -46.61842, -23.547196 ] ] ] } },
{ "type": "Feature", "properties": { "CD_SETOR": "355030810000168", "faces": 8, "pavimentada": 100.0, "bueiro": 100.0, "iluminacao": 100.0, "onibus": 25.0, "ciclovia": 0.0, "calcada": 100.0, "obstaculo": 37.5, "rampa": 100.0, "rampa_faces": 100.0, "sem_calcada": 0.0, "sem_arvore": 37.5, "muitas_arvores": 12.5, "vao": 0.0, "V05400": 8, "V05421": 8, "V05406": 8, "V05412": 8, "V05422": 0, "V05424": 3, "V05427": 8, "V05409": 8, "V05415": 2, "V05418": 0, "V05430": 3, "V05433": 1, "criancas_0a4": 3, "em_favela": false }, "geometry": { "type": "Polygon", "coordinates": [ [ [ -46.61112, -23.542757 ], [ -46.61217, -23.54343 ], [ -46.613798, -23.541231 ], [ -46.612882, -23.540659 ], [ -46.61112, -23.542757 ] ] ] } },
{ "type": "Feature", "properties": { "CD_SETOR": "355030810000169", "faces": 4, "pavimentada": 100.0, "bueiro": 100.0, "iluminacao": 100.0, "onibus": 25.0, "ciclovia": 25.0, "calcada": 100.0, "obstaculo": 50.0, "rampa": 100.0, "rampa_faces": 100.0, "sem_calcada": 0.0, "sem_arvore": 50.0, "muitas_arvores": 0.0, "vao": 0.0, "V05400": 4, "V05421": 4, "V05406": 4, "V05412": 4, "V05422": 0, "V05424": 2, "V05427": 4, "V05409": 4, "V05415": 1, "V05418": 1, "V05430": 2, "V05433": 0, "criancas_0a4": 20, "em_favela": false }, "geometry": { "type": "Polygon", "coordinates": [ [ [ -46.61217, -23.54343 ], [ -46.61112, -23.542757 ], [ -46.610301, -23.543733 ], [ -46.611414, -23.544451 ], [ -46.61217, -23.54343 ] ] ] } },
{ "type": "Feature", "properties": { "CD_SETOR": "355030810000170", "faces": 13, "pavimentada": 100.0, "bueiro": 92.31, "iluminacao": 100.0, "onibus": 7.69, "ciclovia": 0.0, "calcada": 100.0, "obstaculo": 53.85, "rampa": 84.62, "rampa_faces": 84.62, "sem_calcada": 0.0, "sem_arvore": 30.77, "muitas_arvores": 61.54, "vao": 15.38, "V05400": 13, "V05421": 13, "V05406": 13, "V05412": 13, "V05422": 0, "V05424": 7, "V05427": 11, "V05409": 12, "V05415": 1, "V05418": 0, "V05430": 4, "V05433": 8, "criancas_0a4": 3, "em_favela": false }, "geometry": { "type": "Polygon", "coordinates": [ [ [ -46.61671, -23.551242 ], [ -46.617897, -23.549555 ], [ -46.615156, -23.547986 ], [ -46.614876, -23.547728 ], [ -46.613706, -23.549484 ], [ -46.61671, -23.551242 ] ], [ [ -46.616366, -23.549791 ], [ -46.615631, -23.549367 ], [ -46.615937, -23.548916 ], [ -46.616665, -23.549323 ], [ -46.616366, -23.549791 ] ] ] } },
{ "type": "Feature", "properties": { "CD_SETOR": "355030810000171", "faces": 5, "pavimentada": 100.0, "bueiro": 100.0, "iluminacao": 100.0, "onibus": 40.0, "ciclovia": 0.0, "calcada": 100.0, "obstaculo": 0.0, "rampa": 100.0, "rampa_faces": 100.0, "sem_calcada": 0.0, "sem_arvore": 40.0, "muitas_arvores": 60.0, "vao": 0.0, "V05400": 5, "V05421": 5, "V05406": 5, "V05412": 5, "V05422": 0, "V05424": 0, "V05427": 5, "V05409": 5, "V05415": 2, "V05418": 0, "V05430": 2, "V05433": 3, "criancas_0a4": 6, "em_favela": false }, "geometry": { "type": "Polygon", "coordinates": [ [ [ -46.618407, -23.548834 ], [ -46.61734, -23.550345 ], [ -46.618067, -23.550765 ], [ -46.618143, -23.550646 ], [ -46.617885, -23.550502 ], [ -46.61802, -23.550299 ], [ -46.61864, -23.550639 ], [ -46.618477, -23.551001 ], [ -46.618675, -23.551114 ], [ -46.619689, -23.549579 ], [ -46.618407, -23.548834 ] ] ] } },
{ "type": "Feature", "properties": { "CD_SETOR": "355030810000173", "faces": 1, "pavimentada": 100.0, "bueiro": 0.0, "iluminacao": 100.0, "onibus": 0.0, "ciclovia": 0.0, "calcada": 100.0, "obstaculo": 0.0, "rampa": 100.0, "rampa_faces": 100.0, "sem_calcada": 0.0, "sem_arvore": 0.0, "muitas_arvores": 0.0, "vao": 0.0, "V05400": 1, "V05421": 1, "V05406": 1, "V05412": 1, "V05422": 0, "V05424": 0, "V05427": 1, "V05409": 0, "V05415": 0, "V05418": 0, "V05430": 0, "V05433": 0, "criancas_0a4": 29, "em_favela": false }, "geometry": { "type": "Polygon", "coordinates": [ [ [ -46.614403, -23.549892 ], [ -46.61403, -23.550446 ], [ -46.614147, -23.550519 ], [ -46.614198, -23.550443 ], [ -46.614307, -23.550503 ], [ -46.614625, -23.550021 ], [ -46.614403, -23.549892 ] ] ] } },
{ "type": "Feature", "properties": { "CD_SETOR": "355030810000175", "faces": 23, "pavimentada": 100.0, "bueiro": 65.22, "iluminacao": 100.0, "onibus": 8.7, "ciclovia": 13.04, "calcada": 100.0, "obstaculo": 13.04, "rampa": 91.3, "rampa_faces": 91.3, "sem_calcada": 0.0, "sem_arvore": 34.78, "muitas_arvores": 39.13, "vao": 8.7, "V05400": 23, "V05421": 23, "V05406": 23, "V05412": 23, "V05422": 0, "V05424": 3, "V05427": 21, "V05409": 15, "V05415": 2, "V05418": 3, "V05430": 8, "V05433": 9, "criancas_0a4": 40, "em_favela": false }, "geometry": { "type": "Polygon", "coordinates": [ [ [ -46.614032, -23.551181 ], [ -46.613585, -23.550927 ], [ -46.613937, -23.550396 ], [ -46.613834, -23.550341 ], [ -46.61421, -23.54978 ], [ -46.613706, -23.549484 ], [ -46.611551, -23.552706 ], [ -46.612421, -23.55291 ], [ -46.61331, -23.552947 ], [ -46.617932, -23.552513 ], [ -46.620202, -23.552213 ], [ -46.620172, -23.551739 ], [ -46.618011, -23.551995 ], [ -46.616218, -23.550952 ], [ -46.615923, -23.551393 ], [ -46.616402, -23.55168 ], [ -46.616195, -23.551973 ], [ -46.615829, -23.551765 ], [ -46.615648, -23.551997 ], [ -46.615416, -23.551863 ], [ -46.615303, -23.552044 ], [ -46.613977, -23.551273 ], [ -46.614032, -23.551181 ] ] ] } },
{ "type": "Feature", "properties": { "CD_SETOR": "355030810000177", "faces": 10, "pavimentada": 60.0, "bueiro": 60.0, "iluminacao": 100.0, "onibus": 10.0, "ciclovia": 40.0, "calcada": 60.0, "obstaculo": 50.0, "rampa": 66.67, "rampa_faces": 40.0, "sem_calcada": 40.0, "sem_arvore": 60.0, "muitas_arvores": 20.0, "vao": 20.0, "V05400": 10, "V05421": 6, "V05406": 6, "V05412": 10, "V05422": 4, "V05424": 3, "V05427": 4, "V05409": 6, "V05415": 1, "V05418": 4, "V05430": 6, "V05433": 2, "criancas_0a4": 8, "em_favela": false }, "geometry": { "type": "Polygon", "coordinates": [ [ [ -46.615156, -23.547986 ], [ -46.617026, -23.549054 ], [ -46.617516, -23.548342 ], [ -46.618407, -23.548834 ], [ -46.618884, -23.548163 ], [ -46.615962, -23.54643 ], [ -46.61781, -23.543711 ], [ -46.616319, -23.542804 ], [ -46.616332, -23.542948 ], [ -46.616538, -23.543073 ], [ -46.614181, -23.546238 ], [ -46.612376, -23.545073 ], [ -46.610842, -23.547179 ], [ -46.612679, -23.547575 ], [ -46.614876, -23.547728 ], [ -46.615156, -23.547986 ] ] ] } }
]
}
