{
"type": "FeatureCollection",
"name": "campo-limpo",
"crs": { "type": "name", "properties": { "name": "urn:ogc:def:crs:OGC:1.3:CRS84" } },
"xy_coordinate_resolution": 1e-06,
"features": [
{ "type": "Feature", "properties": { "CD_SETOR": "355030817000001", "faces": 7, "pavimentada": 100.0, "bueiro": 57.14, "iluminacao": 100.0, "onibus": 0.0, "ciclovia": 14.29, "calcada": 85.71, "obstaculo": 83.33, "rampa": 0.0, "rampa_faces": 0.0, "sem_calcada": 14.29, "sem_arvore": 28.57, "muitas_arvores": 14.29, "vao": 100.0, "V05400": 7, "V05421": 6, "V05406": 7, "V05412": 7, "V05422": 1, "V05424": 5, "V05427": 0, "V05409": 4, "V05415": 0, "V05418": 1, "V05430": 2, "V05433": 1, "criancas_0a4": 36, "em_favela": false }, "geometry": { "type": "Polygon", "coordinates": [ [ [ -46.767653, -23.63484 ], [ -46.767684, -23.635717 ], [ -46.767552, -23.636393 ], [ -46.768296, -23.63594 ], [ -46.768607, -23.635482 ], [ -46.768658, -23.635088 ], [ -46.768569, -23.633618 ], [ -46.768084, -23.633591 ], [ -46.768142, -23.634835 ], [ -46.767653, -23.63484 ] ] ] } },
{ "type": "Feature", "properties": { "CD_SETOR": "355030817000002", "faces": 15, "pavimentada": 100.0, "bueiro": 53.33, "iluminacao": 100.0, "onibus": 0.0, "ciclovia": 0.0, "calcada": 100.0, "obstaculo": 100.0, "rampa": 0.0, "rampa_faces": 0.0, "sem_calcada": 0.0, "sem_arvore": 33.33, "muitas_arvores": 40.0, "vao": 100.0, "V05400": 15, "V05421": 15, "V05406": 15, "V05412": 15, "V05422": 0, "V05424": 15, "V05427": 0, "V05409": 8, "V05415": 0, "V05418": 0, "V05430": 5, "V05433": 6, "criancas_0a4": 17, "em_favela": false }, "geometry": { "type": "Polygon", "coordinates": [ [ [ -46.766215, -23.631798 ], [ -46.76523, -23.633645 ], [ -46.765217, -23.633702 ], [ -46.766145, -23.633636 ], [ -46.766083, -23.633177 ], [ -46.766314, -23.633162 ], [ -46.76648, -23.632175 ], [ -46.767091, -23.631774 ], [ -46.76762, -23.631532 ], [ -46.76771, -23.631017 ], [ -46.766925, -23.631338 ], [ -46.766215, -23.631798 ] ] ] } },
{ "type": "Feature", "properties": { "CD_SETOR": "355030817000003", "faces": 25, "pavimentada": 100.0, "bueiro": 16.0, "iluminacao": 100.0, "onibus": 8.0, "ciclovia": 0.0, "calcada": 100.0, "obstaculo": 92.0, "rampa": 0.0, "rampa_faces": 0.0, "sem_calcada": 0.0, "sem_arvore": 28.0, "muitas_arvores": 28.0, "vao": 100.0, "V05400": 25, "V05421": 25, "V05406": 25, "V05412": 25, "V05422": 0, "V05424": 23, "V05427": 0, "V05409": 4, "V05415": 2, "V05418": 0, "V05430": 7, "V05433": 7, "criancas_0a4": 41, "em_favela": false }, "geometry": { "type": "Polygon", "coordinates": [ [ [ -46.76545, -23.632182 ], [ -46.764975, -23.632027 ], [ -46.76476, -23.632342 ], [ -46.763795, -23.632608 ], [ -46.763674, -23.632726 ], [ -46.763887, -23.633481 ], [ -46.76422, -23.635292 ], [ -46.76432, -23.635568 ], [ -46.764484, -23.634681 ], [ -46.765897, -23.634987 ], [ -46.76601, -23.634546 ], [ -46.765221, -23.634365 ], [ -46.765155, -23.634294 ], [ -46.765148, -23.634165 ], [ -46.76523, -23.633645 ], [ -46.766215, -23.631798 ], [ -46.765969, -23.631966 ], [ -46.76545, -23.632182 ] ] ] } },
{ "type": "Feature", "properties": { "CD_SETOR": "355030817000004", "faces": 21, "pavimentada": 100.0, "bueiro": 4.76, "iluminacao": 100.0, "onibus": 4.76, "ciclovia": 0.0, "calcada": 100.0, "obstaculo": 95.24, "rampa": 9.52, "rampa_faces": 9.52, "sem_calcada": 0.0, "sem_arvore": 52.38, "muitas_arvores": 4.76, "vao": 90.48, "V05400": 21, "V05421": 21, "V05406": 21, "V05412": 21, "V05422": 0, "V05424": 20, "V05427": 2, "V05409": 1, "V05415": 1, "V05418": 0, "V05430": 11, "V05433": 1, "criancas_0a4": 40, "em_favela": false }, "geometry": { "type": "Polygon", "coordinates": [ [ [ -46.764484, -23.634681 ], [ -46.764288, -23.635778 ], [ -46.763673, -23.63575 ], [ -46.76357, -23.636107 ], [ -46.762993, -23.636422 ], [ -46.763301, -23.636937 ], [ -46.764158, -23.636487 ], [ -46.765437, -23.636754 ], [ -46.765897, -23.634987 ], [ -46.764484, -23.634681 ] ] ] } },
{ "type": "Feature", "properties": { "CD_SETOR": "355030817000006", "faces": 12, "pavimentada": 100.0, "bueiro": 58.33, "iluminacao": 100.0, "onibus": 33.33, "ciclovia": 0.0, "calcada": 91.67, "obstaculo": 54.55, "rampa": 81.82, "rampa_faces": 75.0, "sem_calcada": 8.33, "sem_arvore": 25.0, "muitas_arvores": 0.0, "vao": 25.0, "V05400": 12, "V05421": 11, "V05406": 12, "V05412": 12, "V05422": 1, "V05424": 6, "V05427": 9, "V05409": 7, "V05415": 4, "V05418": 0, "V05430": 3, "V05433": 0, "criancas_0a4": 30, "em_favela": false }, "geometry": { "type": "Polygon", "coordinates": [ [ [ -46.767017, -23.637465 ], [ -46.766386, -23.638332 ], [ -46.766999, -23.638695 ], [ -46.767223, -23.638411 ], [ -46.767813, -23.638623 ], [ -46.768623, -23.638002 ], [ -46.768077, -23.637543 ], [ -46.767443, -23.637175 ], [ -46.767017, -23.637465 ] ] ] } },
{ "type": "Feature", "properties": { "CD_SETOR": "355030817000007", "faces": 4, "pavimentada": 100.0, "bueiro": 100.0, "iluminacao": 100.0, "onibus": 0.0, "ciclovia": 0.0, "calcada": 75.0, "obstaculo": 66.67, "rampa": 66.67, "rampa_faces": 50.0, "sem_calcada": 25.0, "sem_arvore": 50.0, "muitas_arvores": 50.0, "vao": 50.0, "V05400": 4, "V05421": 3, "V05406": 4, "V05412": 4, "V05422": 1, "V05424": 2, "V05427": 2, "V05409": 4, "V05415": 0, "V05418": 0, "V05430": 2, "V05433": 2, "criancas_0a4": 7, "em_favela": false }, "geometry": { "type": "Polygon", "coordinates": [ [ [ -46.769222, -23.634541 ], [ -46.769183, -23.634463 ], [ -46.769732, -23.630549 ], [ -46.769835, -23.629918 ], [ -46.76991, -23.629845 ], [ -46.769438, -23.629409 ], [ -46.769367, -23.629482 ], [ -46.769274, -23.629816 ], [ -46.769062, -23.630202 ], [ -46.769055, -23.630569 ], [ -46.7689, -23.631648 ], [ -46.768954, -23.632182 ], [ -46.7689, -23.632798 ], [ -46.768728, -23.633438 ], [ -46.768556, -23.63364 ], [ -46.768622, -23.634465 ], [ -46.768835, -23.63448 ], [ -46.768834, -23.634524 ], [ -46.769222, -23.634541 ] ] ] } },
{ "type": "Feature", "properties": { "CD_SETOR": "355030817000008", "faces": 11, "pavimentada": 100.0, "bueiro": 63.64, "iluminacao": 100.0, "onibus": 0.0, "ciclovia": 0.0, "calcada": 45.45, "obstaculo": 100.0, "rampa": 0.0, "rampa_faces": 0.0, "sem_calcada": 54.55, "sem_arvore": 81.82, "muitas_arvores": 0.0, "vao": 100.0, "V05400": 11, "V05421": 5, "V05406": 11, "V05412": 11, "V05422": 6, "V05424": 5, "V05427": 0, "V05409": 7, "V05415": 0, "V05418": 0, "V05430": 9, "V05433": 0, "criancas_0a4": 30, "em_favela": true }, "geometry": { "type": "Polygon", "coordinates": [ [ [ -46.768835, -23.63448 ], [ -46.768622, -23.634465 ], [ -46.768658, -23.635276 ], [ -46.768607, -23.635482 ], [ -46.768477, -23.635681 ], [ -46.768296, -23.63594 ], [ -46.767489, -23.63643 ], [ -46.767918, -23.636877 ], [ -46.768209, -23.636552 ], [ -46.768401, -23.636411 ], [ -46.768753, -23.635895 ], [ -46.768969, -23.635998 ], [ -46.769085, -23.635616 ], [ -46.769208, -23.635545 ], [ -46.769409, -23.635601 ], [ -46.769414, -23.635543 ], [ -46.769012, -23.63552 ], [ -46.769064, -23.634683 ], [ -46.76966, -23.634715 ], [ -46.769672, -23.634612 ], [ -46.769224, -23.634514 ], [ -46.769156, -23.634554 ], [ -46.768834, -23.634524 ], [ -46.768835, -23.63448 ] ] ] } },
{ "type": "Feature", "properties": { "CD_SETOR": "355030817000009", "faces": 27, "pavimentada": 100.0, "bueiro": 62.96, "iluminacao": 100.0, "onibus": 25.93, "ciclovia": 0.0, "calcada": 100.0, "obstaculo": 59.26, "rampa": 22.22, "rampa_faces": 22.22, "sem_calcada": 0.0, "sem_arvore": 33.33, "muitas_arvores": 33.33, "vao": 77.78, "V05400": 27, "V05421": 27, "V05406": 27, "V05412": 27, "V05422": 0, "V05424": 16, "V05427": 6, "V05409": 17, "V05415": 7, "V05418": 0, "V05430": 9, "V05433": 9, "criancas_0a4": 16, "em_favela": false }, "geometry": { "type": "Polygon", "coordinates": [ [ [ -46.768349, -23.628789 ], [ -46.7649, -23.631308 ], [ -46.765466, -23.631924 ], [ -46.765298, -23.632135 ], [ -46.765388, -23.632183 ], [ -46.765969, -23.631966 ], [ -46.767053, -23.631273 ], [ -46.769055, -23.630491 ], [ -46.769062, -23.630202 ], [ -46.769274, -23.629816 ], [ -46.769367, -23.629482 ], [ -46.769438, -23.629409 ], [ -46.768349, -23.628789 ] ] ] } },
{ "type": "Feature", "properties": { "CD_SETOR": "355030817000010", "faces": 16, "pavimentada": 100.0, "bueiro": 56.25, "iluminacao": 100.0, "onibus": 37.5, "ciclovia": 0.0, "calcada": 100.0, "obstaculo": 81.25, "rampa": 18.75, "rampa_faces": 18.75, "sem_calcada": 0.0, "sem_arvore": 43.75, "muitas_arvores": 6.25, "vao": 81.25, "V05400": 16, "V05421": 16, "V05406": 16, "V05412": 16, "V05422": 0, "V05424": 13, "V05427": 3, "V05409": 9, "V05415": 6, "V05418": 0, "V05430": 7, "V05433": 1, "criancas_0a4": 6, "em_favela": false }, "geometry": { "type": "Polygon", "coordinates": [ [ [ -46.765465, -23.629462 ], [ -46.766218, -23.63035 ], [ -46.768349, -23.628789 ], [ -46.767785, -23.628412 ], [ -46.767393, -23.628049 ], [ -46.765465, -23.629462 ] ] ] } },
{ "type": "Feature", "properties": { "CD_SETOR": "355030817000012", "faces": 29, "pavimentada": 93.1, "bueiro": 65.52, "iluminacao": 86.21, "onibus": 6.9, "ciclovia": 0.0, "calcada": 86.21, "obstaculo": 80.0, "rampa": 0.0, "rampa_faces": 0.0, "sem_calcada": 13.79, "sem_arvore": 62.07, "muitas_arvores": 0.0, "vao": 93.1, "V05400": 29, "V05421": 25, "V05406": 27, "V05412": 25, "V05422": 4, "V05424": 20, "V05427": 0, "V05409": 19, "V05415": 2, "V05418": 0, "V05430": 18, "V05433": 0, "criancas_0a4": 20, "em_favela": false }, "geometry": { "type": "Polygon", "coordinates": [ [ [ -46.751703, -23.608757 ], [ -46.751039, -23.61255 ], [ -46.752085, -23.612769 ], [ -46.752251, -23.612177 ], [ -46.754635, -23.612548 ], [ -46.754324, -23.611963 ], [ -46.754206, -23.611572 ], [ -46.753937, -23.611544 ], [ -46.753384, -23.611201 ], [ -46.752467, -23.610514 ], [ -46.752353, -23.610314 ], [ -46.752271, -23.609851 ], [ -46.751924, -23.609329 ], [ -46.751703, -23.608757 ] ] ] } },
{ "type": "Feature", "properties": { "CD_SETOR": "355030817000013", "faces": 26, "pavimentada": 100.0, "bueiro": 42.31, "iluminacao": 100.0, "onibus": 15.38, "ciclovia": 0.0, "calcada": 100.0, "obstaculo": 92.31, "rampa": 23.08, "rampa_faces": 23.08, "sem_calcada": 0.0, "sem_arvore": 34.62, "muitas_arvores": 30.77, "vao": 76.92, "V05400": 26, "V05421": 26, "V05406": 26, "V05412": 26, "V05422": 0, "V05424": 24, "V05427": 6, "V05409": 11, "V05415": 4, "V05418": 0, "V05430": 9, "V05433": 8, "criancas_0a4": 29, "em_favela": false }, "geometry": { "type": "Polygon", "coordinates": [ [ [ -46.758836, -23.63394 ], [ -46.75894, -23.634049 ], [ -46.76092, -23.634728 ], [ -46.761593, -23.635288 ], [ -46.76181, -23.635266 ], [ -46.762166, -23.635136 ], [ -46.762431, -23.635511 ], [ -46.762963, -23.635724 ], [ -46.763066, -23.635622 ], [ -46.763083, -23.635534 ], [ -46.762982, -23.634959 ], [ -46.763672, -23.635487 ], [ -46.763508, -23.634457 ], [ -46.763416, -23.634251 ], [ -46.76305, -23.633875 ], [ -46.762156, -23.633198 ], [ -46.761765, -23.633646 ], [ -46.760912, -23.633483 ], [ -46.759999, -23.633145 ], [ -46.759915, -23.632965 ], [ -46.760397, -23.632378 ], [ -46.758795, -23.632281 ], [ -46.758611, -23.632638 ], [ -46.758563, -23.632998 ], [ -46.758836, -23.63394 ] ] ] } },
{ "type": "Feature", "properties": { "CD_SETOR": "355030817000014", "faces": 12, "pavimentada": 100.0, "bueiro": 41.67, "iluminacao": 100.0, "onibus": 8.33, "ciclovia": 0.0, "calcada": 91.67, "obstaculo": 72.73, "rampa": 0.0, "rampa_faces": 0.0, "sem_calcada": 8.33, "sem_arvore": 41.67, "muitas_arvores": 25.0, "vao": 100.0, "V05400": 12, "V05421": 11, "V05406": 12, "V05412": 12, "V05422": 1, "V05424": 8, "V05427": 0, "V05409": 5, "V05415": 1, "V05418": 0, "V05430": 5, "V05433": 3, "criancas_0a4": 30, "em_favela": false }, "geometry": { "type": "Polygon", "coordinates": [ [ [ -46.758884, -23.635457 ], [ -46.759266, -23.635896 ], [ -46.759721, -23.635609 ], [ -46.760036, -23.635525 ], [ -46.76099, -23.635492 ], [ -46.761863, -23.635759 ], [ -46.76203, -23.635726 ], [ -46.762431, -23.635511 ], [ -46.762166, -23.635136 ], [ -46.761759, -23.635279 ], [ -46.761553, -23.635274 ], [ -46.76092, -23.634728 ], [ -46.75894, -23.634049 ], [ -46.758836, -23.63394 ], [ -46.758839, -23.635317 ], [ -46.758884, -23.635457 ] ] ] } },
{ "type": "Feature", "properties": { "CD_SETOR": "355030817000016", "faces": 12, "pavimentada": 100.0, "bueiro": 41.67, "iluminacao": 100.0, "onibus": 16.67, "ciclovia": 0.0, "calcada": 66.67, "obstaculo": 50.0, "rampa": 25.0, "rampa_faces": 16.67, "sem_calcada": 33.33, "sem_arvore": 50.0, "muitas_arvores": 16.67, "vao": 83.33, "V05400": 12, "V05421": 8, "V05406": 12, "V05412": 12, "V05422": 4, "V05424": 4, "V05427": 2, "V05409": 5, "V05415": 2, "V05418": 0, "V05430": 6, "V05433": 2, "criancas_0a4": 21, "em_favela": false }, "geometry": { "type": "Polygon", "coordinates": [ [ [ -46.768621, -23.637964 ], [ -46.768535, -23.638084 ], [ -46.767813, -23.638623 ], [ -46.767223, -23.638411 ], [ -46.766999, -23.638695 ], [ -46.766604, -23.63947 ], [ -46.766419, -23.640267 ], [ -46.766524, -23.640246 ], [ -46.767242, -23.639723 ], [ -46.769625, -23.637901 ], [ -46.769921, -23.637752 ], [ -46.770382, -23.637719 ], [ -46.769579, -23.637219 ], [ -46.768621, -23.637964 ] ] ] } },
{ "type": "Feature", "properties": { "CD_SETOR": "355030817000018", "faces": 22, "pavimentada": 100.0, "bueiro": 59.09, "iluminacao": 100.0, "onibus": 4.55, "ciclovia": 0.0, "calcada": 81.82, "obstaculo": 38.89, "rampa": 33.33, "rampa_faces": 27.27, "sem_calcada": 18.18, "sem_arvore": 13.64, "muitas_arvores": 27.27, "vao": 72.73, "V05400": 22, "V05421": 18, "V05406": 22, "V05412": 22, "V05422": 4, "V05424": 7, "V05427": 6, "V05409": 13, "V05415": 1, "V05418": 0, "V05430": 3, "V05433": 6, "criancas_0a4": 18, "em_favela": false }, "geometry": { "type": "Polygon", "coordinates": [ [ [ -46.769871, -23.634667 ], [ -46.769664, -23.636331 ], [ -46.769578, -23.636538 ], [ -46.771374, -23.637705 ], [ -46.77174, -23.638318 ], [ -46.772303, -23.639085 ], [ -46.772923, -23.639817 ], [ -46.772995, -23.639844 ], [ -46.773276, -23.639448 ], [ -46.772652, -23.638175 ], [ -46.77265, -23.637906 ], [ -46.772899, -23.637407 ], [ -46.774069, -23.637061 ], [ -46.771554, -23.635347 ], [ -46.771352, -23.634973 ], [ -46.770896, -23.633671 ], [ -46.770493, -23.633826 ], [ -46.770339, -23.633938 ], [ -46.770021, -23.634285 ], [ -46.769871, -23.634667 ] ] ] } },
{ "type": "Feature", "properties": { "CD_SETOR": "355030817000019", "faces": 26, "pavimentada": 100.0, "bueiro": 42.31, "iluminacao": 100.0, "onibus": 7.69, "ciclovia": 0.0, "calcada": 76.92, "obstaculo": 35.0, "rampa": 15.0, "rampa_faces": 11.54, "sem_calcada": 23.08, "sem_arvore": 46.15, "muitas_arvores": 30.77, "vao": 88.46, "V05400": 26, "V05421": 20, "V05406": 26, "V05412": 26, "V05422": 6, "V05424": 7, "V05427": 3, "V05409": 11, "V05415": 2, "V05418": 0, "V05430": 12, "V05433": 8, "criancas_0a4": 11, "em_favela": false }, "geometry": { "type": "Polygon", "coordinates": [ [ [ -46.770896, -23.633671 ], [ -46.77149, -23.635267 ], [ -46.771644, -23.635169 ], [ -46.77347, -23.634602 ], [ -46.776218, -23.636493 ], [ -46.776776, -23.635799 ], [ -46.774131, -23.634022 ], [ -46.771618, -23.63363 ], [ -46.771238, -23.633616 ], [ -46.770896, -23.633671 ] ] ] } },
{ "type": "Feature", "properties": { "CD_SETOR": "355030817000020", "faces": 24, "pavimentada": 100.0, "bueiro": 58.33, "iluminacao": 100.0, "onibus": 8.33, "ciclovia": 0.0, "calcada": 95.83, "obstaculo": 95.65, "rampa": 34.78, "rampa_faces": 33.33, "sem_calcada": 4.17, "sem_arvore": 50.0, "muitas_arvores": 25.0, "vao": 66.67, "V05400": 24, "V05421": 23, "V05406": 24, "V05412": 24, "V05422": 1, "V05424": 22, "V05427": 8, "V05409": 14, "V05415": 2, "V05418": 0, "V05430": 12, "V05433": 6, "criancas_0a4": 28, "em_favela": false }, "geometry": { "type": "Polygon", "coordinates": [ [ [ -46.769181, -23.634504 ], [ -46.769877, -23.634646 ], [ -46.770021, -23.634285 ], [ -46.770173, -23.634106 ], [ -46.770493, -23.633826 ], [ -46.770715, -23.633723 ], [ -46.771238, -23.633616 ], [ -46.771772, -23.63365 ], [ -46.771779, -23.63358 ], [ -46.770777, -23.630959 ], [ -46.770733, -23.630739 ], [ -46.76991, -23.629845 ], [ -46.769835, -23.629918 ], [ -46.769732, -23.630549 ], [ -46.769183, -23.634463 ], [ -46.769181, -23.634504 ] ] ] } },
{ "type": "Feature", "properties": { "CD_SETOR": "355030817000021", "faces": 31, "pavimentada": 96.77, "bueiro": 64.52, "iluminacao": 96.77, "onibus": 32.26, "ciclovia": 3.23, "calcada": 93.55, "obstaculo": 72.41, "rampa": 41.38, "rampa_faces": 38.71, "sem_calcada": 3.23, "sem_arvore": 51.61, "muitas_arvores": 35.48, "vao": 58.06, "V05400": 31, "V05421": 29, "V05406": 30, "V05412": 30, "V05422": 1, "V05424": 21, "V05427": 12, "V05409": 20, "V05415": 10, "V05418": 1, "V05430": 16, "V05433": 11, "criancas_0a4": 29, "em_favela": false }, "geometry": { "type": "Polygon", "coordinates": [ [ [ -46.768017, -23.628581 ], [ -46.769438, -23.629409 ], [ -46.769924, -23.629857 ], [ -46.770733, -23.630739 ], [ -46.770777, -23.630959 ], [ -46.771609, -23.633061 ], [ -46.77233, -23.632491 ], [ -46.771918, -23.632096 ], [ -46.773253, -23.631493 ], [ -46.773685, -23.631217 ], [ -46.773806, -23.631186 ], [ -46.775066, -23.631249 ], [ -46.775147, -23.631171 ], [ -46.776174, -23.631172 ], [ -46.776371, -23.631316 ], [ -46.77662, -23.63129 ], [ -46.776483, -23.630967 ], [ -46.776219, -23.630646 ], [ -46.775764, -23.630474 ], [ -46.775079, -23.63 ], [ -46.774583, -23.629833 ], [ -46.773569, -23.629387 ], [ -46.772878, -23.629172 ], [ -46.772548, -23.628919 ], [ -46.772048, -23.628283 ], [ -46.771334, -23.628198 ], [ -46.770355, -23.627639 ], [ -46.769594, -23.627454 ], [ -46.769071, -23.627093 ], [ -46.76897, -23.626905 ], [ -46.768935, -23.626701 ], [ -46.76881, -23.626832 ], [ -46.768894, -23.627413 ], [ -46.768017, -23.628581 ] ] ] } },
{ "type": "Feature", "properties": { "CD_SETOR": "355030817000022", "faces": 21, "pavimentada": 100.0, "bueiro": 61.9, "iluminacao": 100.0, "onibus": 9.52, "ciclovia": 28.57, "calcada": 90.48, "obstaculo": 78.95, "rampa": 31.58, "rampa_faces": 28.57, "sem_calcada": 9.52, "sem_arvore": 57.14, "muitas_arvores": 4.76, "vao": 71.43, "V05400": 21, "V05421": 19, "V05406": 21, "V05412": 21, "V05422": 2, "V05424": 15, "V05427": 6, "V05409": 13, "V05415": 2, "V05418": 6, "V05430": 12, "V05433": 1, "criancas_0a4": 26, "em_favela": false }, "geometry": { "type": "Polygon", "coordinates": [ [ [ -46.767807, -23.625829 ], [ -46.767264, -23.627911 ], [ -46.767556, -23.62822 ], [ -46.768017, -23.628581 ], [ -46.768894, -23.627413 ], [ -46.76881, -23.626832 ], [ -46.768935, -23.626701 ], [ -46.768679, -23.625984 ], [ -46.768532, -23.625724 ], [ -46.767807, -23.625829 ] ] ] } },
{ "type": "Feature", "properties": { "CD_SETOR": "355030817000023", "faces": 9, "pavimentada": 88.89, "bueiro": 66.67, "iluminacao": 100.0, "onibus": 22.22, "ciclovia": 0.0, "calcada": 88.89, "obstaculo": 87.5, "rampa": 37.5, "rampa_faces": 33.33, "sem_calcada": 11.11, "sem_arvore": 55.56, "muitas_arvores": 11.11, "vao": 55.56, "V05400": 9, "V05421": 8, "V05406": 8, "V05412": 9, "V05422": 1, "V05424": 7, "V05427": 3, "V05409": 6, "V05415": 2, "V05418": 0, "V05430": 5, "V05433": 1, "criancas_0a4": 28, "em_favela": false }, "geometry": { "type": "Polygon", "coordinates": [ [ [ -46.762357, -23.630975 ], [ -46.762612, -23.631509 ], [ -46.767393, -23.628049 ], [ -46.766525, -23.627042 ], [ -46.763888, -23.629131 ], [ -46.764199, -23.629555 ], [ -46.762357, -23.630975 ] ] ] } },
{ "type": "Feature", "properties": { "CD_SETOR": "355030817000024", "faces": 8, "pavimentada": 100.0, "bueiro": 25.0, "iluminacao": 100.0, "onibus": 12.5, "ciclovia": 0.0, "calcada": 100.0, "obstaculo": 87.5, "rampa": 12.5, "rampa_faces": 12.5, "sem_calcada": 0.0, "sem_arvore": 62.5, "muitas_arvores": 12.5, "vao": 87.5, "V05400": 8, "V05421": 8, "V05406": 8, "V05412": 8, "V05422": 0, "V05424": 7, "V05427": 1, "V05409": 2, "V05415": 1, "V05418": 0, "V05430": 5, "V05433": 1, "criancas_0a4": 29, "em_favela": false }, "geometry": { "type": "Polygon", "coordinates": [ [ [ -46.766181, -23.626617 ], [ -46.761925, -23.629992 ], [ -46.762357, -23.630975 ], [ -46.764199, -23.629555 ], [ -46.763888, -23.629131 ], [ -46.766525, -23.627042 ], [ -46.766181, -23.626617 ] ] ] } },
{ "type": "Feature", "properties": { "CD_SETOR": "355030817000025", "faces": 36, "pavimentada": 97.22, "bueiro": 0.0, "iluminacao": 94.44, "onibus": 5.56, "ciclovia": 0.0, "calcada": 97.22, "obstaculo": 85.71, "rampa": 2.86, "rampa_faces": 2.78, "sem_calcada": 2.78, "sem_arvore": 30.56, "muitas_arvores": 38.89, "vao": 94.44, "V05400": 36, "V05421": 35, "V05406": 35, "V05412": 34, "V05422": 1, "V05424": 30, "V05427": 1, "V05409": 0, "V05415": 2, "V05418": 0, "V05430": 11, "V05433": 14, "criancas_0a4": 45, "em_favela": false }, "geometry": { "type": "Polygon", "coordinates": [ [ [ -46.762534, -23.627629 ], [ -46.761777, -23.627858 ], [ -46.761611, -23.628008 ], [ -46.761052, -23.628595 ], [ -46.760763, -23.629219 ], [ -46.761246, -23.629488 ], [ -46.76132, -23.629315 ], [ -46.761341, -23.629402 ], [ -46.761475, -23.62954 ], [ -46.761586, -23.629591 ], [ -46.761676, -23.629565 ], [ -46.762089, -23.629855 ], [ -46.764813, -23.627692 ], [ -46.764096, -23.627077 ], [ -46.763081, -23.628128 ], [ -46.762539, -23.627683 ], [ -46.762534, -23.627629 ] ] ] } },
{ "type": "Feature", "properties": { "CD_SETOR": "355030817000027", "faces": 3, "pavimentada": 66.67, "bueiro": 33.33, "iluminacao": 100.0, "onibus": 33.33, "ciclovia": 0.0, "calcada": 66.67, "obstaculo": 100.0, "rampa": 0.0, "rampa_faces": 0.0, "sem_calcada": 33.33, "sem_arvore": 66.67, "muitas_arvores": 33.33, "vao": 66.67, "V05400": 3, "V05421": 2, "V05406": 2, "V05412": 3, "V05422": 1, "V05424": 2, "V05427": 0, "V05409": 1, "V05415": 1, "V05418": 0, "V05430": 2, "V05433": 1, "criancas_0a4": 28, "em_favela": true }, "geometry": { "type": "Polygon", "coordinates": [ [ [ -46.760262, -23.628764 ], [ -46.760763, -23.629219 ], [ -46.761052, -23.628595 ], [ -46.76156, -23.628066 ], [ -46.761038, -23.627635 ], [ -46.760262, -23.628764 ] ] ] } },
{ "type": "Feature", "properties": { "CD_SETOR": "355030817000028", "faces": 1, "pavimentada": 0.0, "bueiro": 0.0, "iluminacao": 0.0, "onibus": 0.0, "ciclovia": 0.0, "calcada": 0.0, "obstaculo": null, "rampa": null, "rampa_faces": 0.0, "sem_calcada": 0.0, "sem_arvore": 0.0, "muitas_arvores": 0.0, "vao": 0.0, "V05400": 1, "V05421": 0, "V05406": 0, "V05412": 0, "V05422": 0, "V05424": 0, "V05427": 0, "V05409": 0, "V05415": 0, "V05418": 0, "V05430": 0, "V05433": 0, "criancas_0a4": 37, "em_favela": false }, "geometry": { "type": "Polygon", "coordinates": [ [ [ -46.760045, -23.631562 ], [ -46.760294, -23.632017 ], [ -46.761134, -23.632338 ], [ -46.761269, -23.632368 ], [ -46.761354, -23.632273 ], [ -46.761363, -23.632145 ], [ -46.760854, -23.63182 ], [ -46.760732, -23.631595 ], [ -46.760667, -23.631407 ], [ -46.760715, -23.631177 ], [ -46.760912, -23.630891 ], [ -46.760504, -23.630596 ], [ -46.760286, -23.630928 ], [ -46.760045, -23.631562 ] ] ] } },
{ "type": "Feature", "properties": { "CD_SETOR": "355030817000030", "faces": 19, "pavimentada": 100.0, "bueiro": 47.37, "iluminacao": 100.0, "onibus": 15.79, "ciclovia": 10.53, "calcada": 21.05, "obstaculo": 100.0, "rampa": 25.0, "rampa_faces": 5.26, "sem_calcada": 78.95, "sem_arvore": 89.47, "muitas_arvores": 10.53, "vao": 94.74, "V05400": 19, "V05421": 4, "V05406": 19, "V05412": 19, "V05422": 15, "V05424": 4, "V05427": 1, "V05409": 9, "V05415": 3, "V05418": 2, "V05430": 17, "V05433": 2, "criancas_0a4": 40, "em_favela": true }, "geometry": { "type": "Polygon", "coordinates": [ [ [ -46.758032, -23.635844 ], [ -46.758509, -23.636183 ], [ -46.758315, -23.636826 ], [ -46.758999, -23.636506 ], [ -46.759499, -23.636143 ], [ -46.758884, -23.635457 ], [ -46.758582, -23.635498 ], [ -46.758591, -23.635562 ], [ -46.758409, -23.635511 ], [ -46.758118, -23.635569 ], [ -46.758032, -23.635844 ] ] ] } },
{ "type": "Feature", "properties": { "CD_SETOR": "355030817000032", "faces": 3, "pavimentada": 100.0, "bueiro": 100.0, "iluminacao": 100.0, "onibus": 33.33, "ciclovia": 0.0, "calcada": 100.0, "obstaculo": 100.0, "rampa": 33.33, "rampa_faces": 33.33, "sem_calcada": 0.0, "sem_arvore": 0.0, "muitas_arvores": 100.0, "vao": 66.67, "V05400": 3, "V05421": 3, "V05406": 3, "V05412": 3, "V05422": 0, "V05424": 3, "V05427": 1, "V05409": 3, "V05415": 1, "V05418": 0, "V05430": 0, "V05433": 3, "criancas_0a4": 16, "em_favela": false }, "geometry": { "type": "Polygon", "coordinates": [ [ [ -46.758497, -23.638612 ], [ -46.757478, -23.639247 ], [ -46.758349, -23.639592 ], [ -46.758561, -23.639804 ], [ -46.760462, -23.640512 ], [ -46.760121, -23.639778 ], [ -46.759443, -23.639502 ], [ -46.759427, -23.638987 ], [ -46.75925, -23.638717 ], [ -46.758907, -23.638571 ], [ -46.758497, -23.638612 ] ] ] } },
{ "type": "Feature", "properties": { "CD_SETOR": "355030817000033", "faces": 24, "pavimentada": 100.0, "bueiro": 62.5, "iluminacao": 100.0, "onibus": 4.17, "ciclovia": 0.0, "calcada": 66.67, "obstaculo": 100.0, "rampa": 12.5, "rampa_faces": 8.33, "sem_calcada": 33.33, "sem_arvore": 62.5, "muitas_arvores": 4.17, "vao": 91.67, "V05400": 24, "V05421": 16, "V05406": 24, "V05412": 24, "V05422": 8, "V05424": 16, "V05427": 2, "V05409": 15, "V05415": 1, "V05418": 0, "V05430": 15, "V05433": 1, "criancas_0a4": 30, "em_favela": false }, "geometry": { "type": "Polygon", "coordinates": [ [ [ -46.761441, -23.63911 ], [ -46.761307, -23.639861 ], [ -46.763882, -23.640106 ], [ -46.763962, -23.63934 ], [ -46.761547, -23.639112 ], [ -46.761441, -23.63911 ] ] ] } },
{ "type": "Feature", "properties": { "CD_SETOR": "355030817000034", "faces": 15, "pavimentada": 100.0, "bueiro": 60.0, "iluminacao": 100.0, "onibus": 13.33, "ciclovia": 13.33, "calcada": 73.33, "obstaculo": 100.0, "rampa": 36.36, "rampa_faces": 26.67, "sem_calcada": 26.67, "sem_arvore": 46.67, "muitas_arvores": 6.67, "vao": 73.33, "V05400": 15, "V05421": 11, "V05406": 15, "V05412": 15, "V05422": 4, "V05424": 11, "V05427": 4, "V05409": 9, "V05415": 2, "V05418": 2, "V05430": 7, "V05433": 1, "criancas_0a4": 29, "em_favela": false }, "geometry": { "type": "Polygon", "coordinates": [ [ [ -46.762944, -23.642272 ], [ -46.763453, -23.642351 ], [ -46.763936, -23.642359 ], [ -46.764554, -23.642712 ], [ -46.764141, -23.643152 ], [ -46.764417, -23.643341 ], [ -46.764623, -23.643652 ], [ -46.765397, -23.64325 ], [ -46.766015, -23.642179 ], [ -46.764721, -23.641347 ], [ -46.764356, -23.641903 ], [ -46.764179, -23.641869 ], [ -46.763277, -23.641932 ], [ -46.762925, -23.641849 ], [ -46.762851, -23.641764 ], [ -46.762651, -23.642147 ], [ -46.762944, -23.642272 ] ] ] } },
{ "type": "Feature", "properties": { "CD_SETOR": "355030817000040", "faces": 27, "pavimentada": 100.0, "bueiro": 33.33, "iluminacao": 100.0, "onibus": 37.04, "ciclovia": 3.7, "calcada": 70.37, "obstaculo": 94.74, "rampa": 0.0, "rampa_faces": 0.0, "sem_calcada": 29.63, "sem_arvore": 29.63, "muitas_arvores": 44.44, "vao": 100.0, "V05400": 27, "V05421": 19, "V05406": 27, "V05412": 27, "V05422": 8, "V05424": 18, "V05427": 0, "V05409": 9, "V05415": 10, "V05418": 1, "V05430": 8, "V05433": 12, "criancas_0a4": 41, "em_favela": false }, "geometry": { "type": "Polygon", "coordinates": [ [ [ -46.770764, -23.640919 ], [ -46.770662, -23.640922 ], [ -46.770587, -23.640985 ], [ -46.770512, -23.641296 ], [ -46.770217, -23.641523 ], [ -46.770178, -23.641622 ], [ -46.770217, -23.64172 ], [ -46.77071, -23.6419 ], [ -46.770785, -23.64199 ], [ -46.770807, -23.642106 ], [ -46.770719, -23.642384 ], [ -46.770719, -23.642581 ], [ -46.770908, -23.643141 ], [ -46.771652, -23.643549 ], [ -46.771792, -23.643551 ], [ -46.772875, -23.646354 ], [ -46.773446, -23.646122 ], [ -46.771451, -23.64095 ], [ -46.771415, -23.640884 ], [ -46.770846, -23.641061 ], [ -46.770764, -23.640919 ] ] ] } },
{ "type": "Feature", "properties": { "CD_SETOR": "355030817000042", "faces": 28, "pavimentada": 100.0, "bueiro": 25.0, "iluminacao": 28.57, "onibus": 14.29, "ciclovia": 0.0, "calcada": 28.57, "obstaculo": 75.0, "rampa": 0.0, "rampa_faces": 0.0, "sem_calcada": 71.43, "sem_arvore": 89.29, "muitas_arvores": 0.0, "vao": 100.0, "V05400": 28, "V05421": 8, "V05406": 28, "V05412": 8, "V05422": 20, "V05424": 6, "V05427": 0, "V05409": 7, "V05415": 4, "V05418": 0, "V05430": 25, "V05433": 0, "criancas_0a4": 41, "em_favela": true }, "geometry": { "type": "Polygon", "coordinates": [ [ [ -46.772054, -23.640787 ], [ -46.772556, -23.6421 ], [ -46.772539, -23.642407 ], [ -46.772615, -23.642445 ], [ -46.772825, -23.642426 ], [ -46.773011, -23.642389 ], [ -46.773074, -23.642274 ], [ -46.773217, -23.64228 ], [ -46.773217, -23.642235 ], [ -46.773293, -23.642225 ], [ -46.773371, -23.642254 ], [ -46.773436, -23.642005 ], [ -46.773514, -23.641926 ], [ -46.773652, -23.641961 ], [ -46.773745, -23.641844 ], [ -46.772878, -23.641328 ], [ -46.772545, -23.640823 ], [ -46.772302, -23.640756 ], [ -46.772054, -23.640787 ] ] ] } },
{ "type": "Feature", "properties": { "CD_SETOR": "355030817000044", "faces": 3, "pavimentada": 100.0, "bueiro": 0.0, "iluminacao": 33.33, "onibus": 0.0, "ciclovia": 0.0, "calcada": 0.0, "obstaculo": null, "rampa": null, "rampa_faces": 0.0, "sem_calcada": 100.0, "sem_arvore": 100.0, "muitas_arvores": 0.0, "vao": 100.0, "V05400": 3, "V05421": 0, "V05406": 3, "V05412": 1, "V05422": 3, "V05424": 0, "V05427": 0, "V05409": 0, "V05415": 0, "V05418": 0, "V05430": 3, "V05433": 0, "criancas_0a4": 38, "em_favela": false }, "geometry": { "type": "Polygon", "coordinates": [ [ [ -46.773696, -23.643876 ], [ -46.774069, -23.643697 ], [ -46.773772, -23.643022 ], [ -46.773092, -23.642637 ], [ -46.772929, -23.643056 ], [ -46.773315, -23.643177 ], [ -46.773299, -23.643337 ], [ -46.773398, -23.643623 ], [ -46.773696, -23.643876 ] ] ] } },
{ "type": "Feature", "properties": { "CD_SETOR": "355030817000045", "faces": 2, "pavimentada": 100.0, "bueiro": 100.0, "iluminacao": 100.0, "onibus": 0.0, "ciclovia": 0.0, "calcada": 50.0, "obstaculo": 100.0, "rampa": 0.0, "rampa_faces": 0.0, "sem_calcada": 50.0, "sem_arvore": 50.0, "muitas_arvores": 0.0, "vao": 100.0, "V05400": 2, "V05421": 1, "V05406": 2, "V05412": 2, "V05422": 1, "V05424": 1, "V05427": 0, "V05409": 2, "V05415": 0, "V05418": 0, "V05430": 1, "V05433": 0, "criancas_0a4": 32, "em_favela": false }, "geometry": { "type": "Polygon", "coordinates": [ [ [ -46.774891, -23.64245 ], [ -46.774953, -23.642599 ], [ -46.775118, -23.642623 ], [ -46.775179, -23.642584 ], [ -46.776012, -23.641428 ], [ -46.775613, -23.641214 ], [ -46.775383, -23.641405 ], [ -46.775052, -23.642 ], [ -46.775048, -23.642167 ], [ -46.774891, -23.64245 ] ] ] } },
{ "type": "Feature", "properties": { "CD_SETOR": "355030817000046", "faces": 15, "pavimentada": 93.33, "bueiro": 60.0, "iluminacao": 93.33, "onibus": 20.0, "ciclovia": 0.0, "calcada": 80.0, "obstaculo": 75.0, "rampa": 0.0, "rampa_faces": 0.0, "sem_calcada": 13.33, "sem_arvore": 26.67, "muitas_arvores": 13.33, "vao": 93.33, "V05400": 15, "V05421": 12, "V05406": 14, "V05412": 14, "V05422": 2, "V05424": 9, "V05427": 0, "V05409": 9, "V05415": 3, "V05418": 0, "V05430": 4, "V05433": 2, "criancas_0a4": 43, "em_favela": false }, "geometry": { "type": "Polygon", "coordinates": [ [ [ -46.77377, -23.638673 ], [ -46.772995, -23.639844 ], [ -46.772787, -23.640247 ], [ -46.773452, -23.640922 ], [ -46.773459, -23.64066 ], [ -46.773368, -23.64027 ], [ -46.773398, -23.64019 ], [ -46.773471, -23.64017 ], [ -46.774113, -23.640399 ], [ -46.775497, -23.640499 ], [ -46.77571, -23.640459 ], [ -46.776007, -23.640236 ], [ -46.776374, -23.63943 ], [ -46.776616, -23.639236 ], [ -46.776259, -23.639205 ], [ -46.775939, -23.639027 ], [ -46.775584, -23.639469 ], [ -46.775644, -23.639524 ], [ -46.775512, -23.639844 ], [ -46.775337, -23.639972 ], [ -46.774167, -23.639182 ], [ -46.774295, -23.63901 ], [ -46.77377, -23.638673 ] ] ] } },
{ "type": "Feature", "properties": { "CD_SETOR": "355030817000047", "faces": 12, "pavimentada": 100.0, "bueiro": 16.67, "iluminacao": 100.0, "onibus": 8.33, "ciclovia": 0.0, "calcada": 91.67, "obstaculo": 63.64, "rampa": 18.18, "rampa_faces": 16.67, "sem_calcada": 8.33, "sem_arvore": 8.33, "muitas_arvores": 66.67, "vao": 83.33, "V05400": 12, "V05421": 11, "V05406": 12, "V05412": 12, "V05422": 1, "V05424": 7, "V05427": 2, "V05409": 2, "V05415": 1, "V05418": 0, "V05430": 1, "V05433": 8, "criancas_0a4": 15, "em_favela": false }, "geometry": { "type": "Polygon", "coordinates": [ [ [ -46.773276, -23.639448 ], [ -46.77377, -23.638673 ], [ -46.774295, -23.63901 ], [ -46.775199, -23.637826 ], [ -46.774778, -23.637559 ], [ -46.774147, -23.638102 ], [ -46.773859, -23.638484 ], [ -46.773756, -23.638393 ], [ -46.773235, -23.637304 ], [ -46.772899, -23.637407 ], [ -46.77265, -23.637906 ], [ -46.772652, -23.638175 ], [ -46.773276, -23.639448 ] ] ] } },
{ "type": "Feature", "properties": { "CD_SETOR": "355030817000048", "faces": 14, "pavimentada": 100.0, "bueiro": 64.29, "iluminacao": 100.0, "onibus": 50.0, "ciclovia": 0.0, "calcada": 78.57, "obstaculo": 45.45, "rampa": 9.09, "rampa_faces": 7.14, "sem_calcada": 21.43, "sem_arvore": 42.86, "muitas_arvores": 21.43, "vao": 92.86, "V05400": 14, "V05421": 11, "V05406": 14, "V05412": 14, "V05422": 3, "V05424": 5, "V05427": 1, "V05409": 9, "V05415": 7, "V05418": 0, "V05430": 6, "V05433": 3, "criancas_0a4": 29, "em_favela": false }, "geometry": { "type": "Polygon", "coordinates": [ [ [ -46.775199, -23.637826 ], [ -46.774167, -23.639182 ], [ -46.775366, -23.639971 ], [ -46.775476, -23.639894 ], [ -46.775588, -23.639678 ], [ -46.775644, -23.639524 ], [ -46.775584, -23.639469 ], [ -46.775939, -23.639027 ], [ -46.776259, -23.639205 ], [ -46.776616, -23.639236 ], [ -46.777006, -23.639061 ], [ -46.77737, -23.638621 ], [ -46.776894, -23.638268 ], [ -46.776587, -23.638647 ], [ -46.776442, -23.638652 ], [ -46.775199, -23.637826 ] ] ] } },
{ "type": "Feature", "properties": { "CD_SETOR": "355030817000049", "faces": 15, "pavimentada": 100.0, "bueiro": 60.0, "iluminacao": 100.0, "onibus": 20.0, "ciclovia": 0.0, "calcada": 93.33, "obstaculo": 35.71, "rampa": 7.14, "rampa_faces": 6.67, "sem_calcada": 6.67, "sem_arvore": 60.0, "muitas_arvores": 26.67, "vao": 93.33, "V05400": 15, "V05421": 14, "V05406": 15, "V05412": 15, "V05422": 1, "V05424": 5, "V05427": 1, "V05409": 9, "V05415": 3, "V05418": 0, "V05430": 9, "V05433": 4, "criancas_0a4": 17, "em_favela": false }, "geometry": { "type": "Polygon", "coordinates": [ [ [ -46.776776, -23.635799 ], [ -46.775895, -23.63694 ], [ -46.7771, -23.637747 ], [ -46.776996, -23.638127 ], [ -46.776894, -23.638268 ], [ -46.77737, -23.638621 ], [ -46.777592, -23.638233 ], [ -46.778051, -23.636512 ], [ -46.776776, -23.635799 ] ] ] } },
{ "type": "Feature", "properties": { "CD_SETOR": "355030817000050", "faces": 33, "pavimentada": 100.0, "bueiro": 54.55, "iluminacao": 100.0, "onibus": 36.36, "ciclovia": 0.0, "calcada": 87.88, "obstaculo": 41.38, "rampa": 41.38, "rampa_faces": 36.36, "sem_calcada": 12.12, "sem_arvore": 66.67, "muitas_arvores": 21.21, "vao": 63.64, "V05400": 33, "V05421": 29, "V05406": 33, "V05412": 33, "V05422": 4, "V05424": 12, "V05427": 12, "V05409": 18, "V05415": 12, "V05418": 0, "V05430": 22, "V05433": 7, "criancas_0a4": 11, "em_favela": false }, "geometry": { "type": "Polygon", "coordinates": [ [ [ -46.774131, -23.634022 ], [ -46.775498, -23.634976 ], [ -46.776914, -23.635886 ], [ -46.778549, -23.636767 ], [ -46.779398, -23.63733 ], [ -46.779579, -23.637652 ], [ -46.779655, -23.637958 ], [ -46.779722, -23.639006 ], [ -46.780393, -23.639643 ], [ -46.780698, -23.640346 ], [ -46.781357, -23.640445 ], [ -46.781363, -23.640197 ], [ -46.781462, -23.639945 ], [ -46.781522, -23.639589 ], [ -46.781558, -23.639123 ], [ -46.781494, -23.63877 ], [ -46.781336, -23.638441 ], [ -46.781459, -23.63798 ], [ -46.781342, -23.637668 ], [ -46.780864, -23.637164 ], [ -46.779871, -23.636636 ], [ -46.779142, -23.636133 ], [ -46.777438, -23.635135 ], [ -46.777392, -23.634972 ], [ -46.777626, -23.634708 ], [ -46.777728, -23.634292 ], [ -46.777714, -23.634115 ], [ -46.777628, -23.633905 ], [ -46.776713, -23.633968 ], [ -46.77419, -23.633949 ], [ -46.774131, -23.634022 ] ] ] } },
{ "type": "Feature", "properties": { "CD_SETOR": "355030817000052", "faces": 15, "pavimentada": 100.0, "bueiro": 46.67, "iluminacao": 100.0, "onibus": 6.67, "ciclovia": 6.67, "calcada": 86.67, "obstaculo": 61.54, "rampa": 15.38, "rampa_faces": 13.33, "sem_calcada": 13.33, "sem_arvore": 46.67, "muitas_arvores": 20.0, "vao": 86.67, "V05400": 15, "V05421": 13, "V05406": 15, "V05412": 15, "V05422": 2, "V05424": 8, "V05427": 2, "V05409": 7, "V05415": 1, "V05418": 1, "V05430": 7, "V05433": 3, "criancas_0a4": 20, "em_favela": false }, "geometry": { "type": "Polygon", "coordinates": [ [ [ -46.76659, -23.62421 ], [ -46.765078, -23.625313 ], [ -46.767264, -23.627911 ], [ -46.767794, -23.625957 ], [ -46.76781, -23.6258 ], [ -46.767738, -23.625577 ], [ -46.76659, -23.62421 ] ] ] } },
{ "type": "Feature", "properties": { "CD_SETOR": "355030817000053", "faces": 24, "pavimentada": 100.0, "bueiro": 79.17, "iluminacao": 100.0, "onibus": 29.17, "ciclovia": 0.0, "calcada": 100.0, "obstaculo": 75.0, "rampa": 0.0, "rampa_faces": 0.0, "sem_calcada": 0.0, "sem_arvore": 75.0, "muitas_arvores": 0.0, "vao": 100.0, "V05400": 24, "V05421": 24, "V05406": 24, "V05412": 24, "V05422": 0, "V05424": 18, "V05427": 0, "V05409": 19, "V05415": 7, "V05418": 0, "V05430": 18, "V05433": 0, "criancas_0a4": 8, "em_favela": false }, "geometry": { "type": "Polygon", "coordinates": [ [ [ -46.763714, -23.623353 ], [ -46.763261, -23.624586 ], [ -46.763427, -23.624727 ], [ -46.762423, -23.62549 ], [ -46.763233, -23.626363 ], [ -46.764096, -23.627077 ], [ -46.76454, -23.626613 ], [ -46.763735, -23.62597 ], [ -46.764425, -23.625428 ], [ -46.76482, -23.624999 ], [ -46.764545, -23.624613 ], [ -46.764209, -23.623952 ], [ -46.763905, -23.623537 ], [ -46.763714, -23.623353 ] ] ] } },
{ "type": "Feature", "properties": { "CD_SETOR": "355030817000054", "faces": 12, "pavimentada": 100.0, "bueiro": 91.67, "iluminacao": 100.0, "onibus": 16.67, "ciclovia": 0.0, "calcada": 100.0, "obstaculo": 100.0, "rampa": 0.0, "rampa_faces": 0.0, "sem_calcada": 0.0, "sem_arvore": 25.0, "muitas_arvores": 0.0, "vao": 100.0, "V05400": 12, "V05421": 12, "V05406": 12, "V05412": 12, "V05422": 0, "V05424": 12, "V05427": 0, "V05409": 11, "V05415": 2, "V05418": 0, "V05430": 3, "V05433": 0, "criancas_0a4": 36, "em_favela": false }, "geometry": { "type": "Polygon", "coordinates": [ [ [ -46.760999, -23.626283 ], [ -46.759386, -23.626295 ], [ -46.759293, -23.627827 ], [ -46.759344, -23.627806 ], [ -46.759617, -23.628323 ], [ -46.760275, -23.628048 ], [ -46.760932, -23.62693 ], [ -46.761413, -23.626942 ], [ -46.761543, -23.6269 ], [ -46.760999, -23.626283 ] ] ] } },
{ "type": "Feature", "properties": { "CD_SETOR": "355030817000056", "faces": 10, "pavimentada": 100.0, "bueiro": 0.0, "iluminacao": 100.0, "onibus": 0.0, "ciclovia": 0.0, "calcada": 70.0, "obstaculo": 57.14, "rampa": 14.29, "rampa_faces": 10.0, "sem_calcada": 30.0, "sem_arvore": 80.0, "muitas_arvores": 0.0, "vao": 90.0, "V05400": 10, "V05421": 7, "V05406": 10, "V05412": 10, "V05422": 3, "V05424": 4, "V05427": 1, "V05409": 0, "V05415": 0, "V05418": 0, "V05430": 8, "V05433": 0, "criancas_0a4": 17, "em_favela": false }, "geometry": { "type": "Polygon", "coordinates": [ [ [ -46.757263, -23.630873 ], [ -46.758297, -23.631404 ], [ -46.758912, -23.630139 ], [ -46.758288, -23.62995 ], [ -46.758145, -23.629766 ], [ -46.757947, -23.629673 ], [ -46.757263, -23.630873 ] ] ] } },
{ "type": "Feature", "properties": { "CD_SETOR": "355030817000059", "faces": 21, "pavimentada": 100.0, "bueiro": 52.38, "iluminacao": 100.0, "onibus": 42.86, "ciclovia": 0.0, "calcada": 95.24, "obstaculo": 80.0, "rampa": 0.0, "rampa_faces": 0.0, "sem_calcada": 4.76, "sem_arvore": 42.86, "muitas_arvores": 23.81, "vao": 100.0, "V05400": 21, "V05421": 20, "V05406": 21, "V05412": 21, "V05422": 1, "V05424": 16, "V05427": 0, "V05409": 11, "V05415": 9, "V05418": 0, "V05430": 9, "V05433": 5, "criancas_0a4": 49, "em_favela": false }, "geometry": { "type": "Polygon", "coordinates": [ [ [ -46.755383, -23.629112 ], [ -46.754359, -23.629504 ], [ -46.753877, -23.631711 ], [ -46.754268, -23.632079 ], [ -46.754483, -23.631931 ], [ -46.755043, -23.631668 ], [ -46.75599, -23.631524 ], [ -46.755272, -23.631157 ], [ -46.755623, -23.630615 ], [ -46.755492, -23.630501 ], [ -46.756128, -23.63025 ], [ -46.755684, -23.629726 ], [ -46.755383, -23.629112 ] ] ] } },
{ "type": "Feature", "properties": { "CD_SETOR": "355030817000060", "faces": 4, "pavimentada": 100.0, "bueiro": 100.0, "iluminacao": 100.0, "onibus": 25.0, "ciclovia": 0.0, "calcada": 100.0, "obstaculo": 100.0, "rampa": 0.0, "rampa_faces": 0.0, "sem_calcada": 0.0, "sem_arvore": 25.0, "muitas_arvores": 25.0, "vao": 100.0, "V05400": 4, "V05421": 4, "V05406": 4, "V05412": 4, "V05422": 0, "V05424": 4, "V05427": 0, "V05409": 4, "V05415": 1, "V05418": 0, "V05430": 1, "V05433": 1, "criancas_0a4": 13, "em_favela": false }, "geometry": { "type": "Polygon", "coordinates": [ [ [ -46.751275, -23.632373 ], [ -46.751675, -23.632415 ], [ -46.752067, -23.632389 ], [ -46.752194, -23.632302 ], [ -46.752228, -23.632223 ], [ -46.75229, -23.631947 ], [ -46.752165, -23.631711 ], [ -46.752058, -23.631286 ], [ -46.752078, -23.631057 ], [ -46.752153, -23.630906 ], [ -46.751789, -23.630286 ], [ -46.751594, -23.630334 ], [ -46.751541, -23.630401 ], [ -46.751609, -23.630921 ], [ -46.751275, -23.632373 ] ] ] } },
{ "type": "Feature", "properties": { "CD_SETOR": "355030817000061", "faces": 5, "pavimentada": 100.0, "bueiro": 100.0, "iluminacao": 100.0, "onibus": 40.0, "ciclovia": 40.0, "calcada": 100.0, "obstaculo": 80.0, "rampa": 40.0, "rampa_faces": 40.0, "sem_calcada": 0.0, "sem_arvore": 40.0, "muitas_arvores": 40.0, "vao": 60.0, "V05400": 5, "V05421": 5, "V05406": 5, "V05412": 5, "V05422": 0, "V05424": 4, "V05427": 2, "V05409": 5, "V05415": 2, "V05418": 2, "V05430": 2, "V05433": 2, "criancas_0a4": 19, "em_favela": false }, "geometry": { "type": "Polygon", "coordinates": [ [ [ -46.75863, -23.630748 ], [ -46.757872, -23.632133 ], [ -46.757384, -23.632478 ], [ -46.75775, -23.633619 ], [ -46.758047, -23.633649 ], [ -46.757951, -23.633101 ], [ -46.758036, -23.632451 ], [ -46.758885, -23.630939 ], [ -46.75863, -23.630748 ] ] ] } },
{ "type": "Feature", "properties": { "CD_SETOR": "355030817000062", "faces": 14, "pavimentada": 100.0, "bueiro": 64.29, "iluminacao": 92.86, "onibus": 0.0, "ciclovia": 0.0, "calcada": 21.43, "obstaculo": 100.0, "rampa": 0.0, "rampa_faces": 0.0, "sem_calcada": 78.57, "sem_arvore": 92.86, "muitas_arvores": 0.0, "vao": 100.0, "V05400": 14, "V05421": 3, "V05406": 14, "V05412": 13, "V05422": 11, "V05424": 3, "V05427": 0, "V05409": 9, "V05415": 0, "V05418": 0, "V05430": 13, "V05433": 0, "criancas_0a4": 29, "em_favela": true }, "geometry": { "type": "Polygon", "coordinates": [ [ [ -46.75229, -23.631947 ], [ -46.752598, -23.632249 ], [ -46.753123, -23.631812 ], [ -46.752153, -23.630906 ], [ -46.752078, -23.631057 ], [ -46.752058, -23.631286 ], [ -46.752165, -23.631711 ], [ -46.75229, -23.631947 ] ] ] } },
{ "type": "Feature", "properties": { "CD_SETOR": "355030817000063", "faces": 12, "pavimentada": 66.67, "bueiro": 33.33, "iluminacao": 100.0, "onibus": 8.33, "ciclovia": 16.67, "calcada": 66.67, "obstaculo": 100.0, "rampa": 0.0, "rampa_faces": 0.0, "sem_calcada": 33.33, "sem_arvore": 41.67, "muitas_arvores": 8.33, "vao": 66.67, "V05400": 12, "V05421": 8, "V05406": 8, "V05412": 12, "V05422": 4, "V05424": 8, "V05427": 0, "V05409": 4, "V05415": 1, "V05418": 2, "V05430": 5, "V05433": 1, "criancas_0a4": 41, "em_favela": false }, "geometry": { "type": "Polygon", "coordinates": [ [ [ -46.755875, -23.633614 ], [ -46.755982, -23.633746 ], [ -46.756525, -23.634025 ], [ -46.756619, -23.634161 ], [ -46.756706, -23.634465 ], [ -46.757329, -23.634438 ], [ -46.757344, -23.635158 ], [ -46.757305, -23.635497 ], [ -46.757629, -23.636102 ], [ -46.757742, -23.63623 ], [ -46.757945, -23.635631 ], [ -46.757985, -23.634756 ], [ -46.757901, -23.634152 ], [ -46.757644, -23.633286 ], [ -46.757023, -23.633476 ], [ -46.755875, -23.633614 ] ] ] } },
{ "type": "Feature", "properties": { "CD_SETOR": "355030817000066", "faces": 14, "pavimentada": 92.86, "bueiro": 21.43, "iluminacao": 92.86, "onibus": 21.43, "ciclovia": 28.57, "calcada": 71.43, "obstaculo": 90.0, "rampa": 30.0, "rampa_faces": 21.43, "sem_calcada": 21.43, "sem_arvore": 50.0, "muitas_arvores": 35.71, "vao": 71.43, "V05400": 14, "V05421": 10, "V05406": 13, "V05412": 13, "V05422": 3, "V05424": 9, "V05427": 3, "V05409": 3, "V05415": 3, "V05418": 4, "V05430": 7, "V05433": 5, "criancas_0a4": 34, "em_favela": false }, "geometry": { "type": "Polygon", "coordinates": [ [ [ -46.757809, -23.636028 ], [ -46.757482, -23.636812 ], [ -46.756933, -23.637633 ], [ -46.756675, -23.637926 ], [ -46.756279, -23.638159 ], [ -46.75655, -23.638562 ], [ -46.755165, -23.639168 ], [ -46.755413, -23.639655 ], [ -46.756598, -23.639151 ], [ -46.756783, -23.638462 ], [ -46.757191, -23.638288 ], [ -46.757639, -23.638 ], [ -46.758315, -23.636826 ], [ -46.758516, -23.636211 ], [ -46.758032, -23.635844 ], [ -46.757966, -23.636059 ], [ -46.757809, -23.636028 ] ] ] } },
{ "type": "Feature", "properties": { "CD_SETOR": "355030817000067", "faces": 11, "pavimentada": 100.0, "bueiro": 100.0, "iluminacao": 100.0, "onibus": 18.18, "ciclovia": 0.0, "calcada": 72.73, "obstaculo": 100.0, "rampa": 37.5, "rampa_faces": 27.27, "sem_calcada": 27.27, "sem_arvore": 36.36, "muitas_arvores": 0.0, "vao": 72.73, "V05400": 11, "V05421": 8, "V05406": 11, "V05412": 11, "V05422": 3, "V05424": 8, "V05427": 3, "V05409": 11, "V05415": 2, "V05418": 0, "V05430": 4, "V05433": 0, "criancas_0a4": 28, "em_favela": false }, "geometry": { "type": "Polygon", "coordinates": [ [ [ -46.759292, -23.640571 ], [ -46.760022, -23.640883 ], [ -46.760155, -23.640984 ], [ -46.760682, -23.641833 ], [ -46.761405, -23.641548 ], [ -46.761403, -23.641323 ], [ -46.761495, -23.640937 ], [ -46.761422, -23.640698 ], [ -46.761253, -23.640723 ], [ -46.760553, -23.640545 ], [ -46.759459, -23.640146 ], [ -46.759291, -23.640486 ], [ -46.759292, -23.640571 ] ] ] } },
{ "type": "Feature", "properties": { "CD_SETOR": "355030817000068", "faces": 4, "pavimentada": 100.0, "bueiro": 25.0, "iluminacao": 100.0, "onibus": 0.0, "ciclovia": 0.0, "calcada": 25.0, "obstaculo": 100.0, "rampa": 0.0, "rampa_faces": 0.0, "sem_calcada": 75.0, "sem_arvore": 100.0, "muitas_arvores": 0.0, "vao": 100.0, "V05400": 4, "V05421": 1, "V05406": 4, "V05412": 4, "V05422": 3, "V05424": 1, "V05427": 0, "V05409": 1, "V05415": 0, "V05418": 0, "V05430": 4, "V05433": 0, "criancas_0a4": 26, "em_favela": true }, "geometry": { "type": "Polygon", "coordinates": [ [ [ -46.760435, -23.642406 ], [ -46.760525, -23.642875 ], [ -46.760851, -23.642804 ], [ -46.760806, -23.642433 ], [ -46.760942, -23.64228 ], [ -46.760302, -23.64117 ], [ -46.760022, -23.640883 ], [ -46.759621, -23.640742 ], [ -46.759641, -23.640933 ], [ -46.760291, -23.641989 ], [ -46.760435, -23.642406 ] ] ] } },
{ "type": "Feature", "properties": { "CD_SETOR": "355030817000069", "faces": 16, "pavimentada": 100.0, "bueiro": 56.25, "iluminacao": 100.0, "onibus": 18.75, "ciclovia": 0.0, "calcada": 68.75, "obstaculo": 100.0, "rampa": 18.18, "rampa_faces": 12.5, "sem_calcada": 31.25, "sem_arvore": 56.25, "muitas_arvores": 6.25, "vao": 87.5, "V05400": 16, "V05421": 11, "V05406": 16, "V05412": 16, "V05422": 5, "V05424": 11, "V05427": 2, "V05409": 9, "V05415": 3, "V05418": 0, "V05430": 9, "V05433": 1, "criancas_0a4": 12, "em_favela": false }, "geometry": { "type": "Polygon", "coordinates": [ [ [ -46.763759, -23.644136 ], [ -46.762847, -23.645357 ], [ -46.763038, -23.645891 ], [ -46.763195, -23.646045 ], [ -46.762801, -23.646313 ], [ -46.762767, -23.646462 ], [ -46.762147, -23.647268 ], [ -46.76218, -23.64745 ], [ -46.762405, -23.647856 ], [ -46.762398, -23.648047 ], [ -46.762238, -23.648292 ], [ -46.761745, -23.648626 ], [ -46.762209, -23.648639 ], [ -46.762566, -23.648456 ], [ -46.763173, -23.647832 ], [ -46.76352, -23.647223 ], [ -46.763739, -23.646557 ], [ -46.763787, -23.645379 ], [ -46.764092, -23.644311 ], [ -46.763759, -23.644136 ] ] ] } },
{ "type": "Feature", "properties": { "CD_SETOR": "355030817000070", "faces": 6, "pavimentada": 100.0, "bueiro": 100.0, "iluminacao": 100.0, "onibus": 16.67, "ciclovia": 0.0, "calcada": 100.0, "obstaculo": 16.67, "rampa": 0.0, "rampa_faces": 0.0, "sem_calcada": 0.0, "sem_arvore": 0.0, "muitas_arvores": 33.33, "vao": 100.0, "V05400": 6, "V05421": 6, "V05406": 6, "V05412": 6, "V05422": 0, "V05424": 1, "V05427": 0, "V05409": 6, "V05415": 1, "V05418": 0, "V05430": 0, "V05433": 2, "criancas_0a4": 35, "em_favela": false }, "geometry": { "type": "Polygon", "coordinates": [ [ [ -46.767466, -23.645434 ], [ -46.767747, -23.64599 ], [ -46.768049, -23.646313 ], [ -46.769328, -23.647515 ], [ -46.769734, -23.647754 ], [ -46.769817, -23.646664 ], [ -46.769728, -23.646526 ], [ -46.768477, -23.64533 ], [ -46.767749, -23.645252 ], [ -46.767566, -23.645057 ], [ -46.767516, -23.644912 ], [ -46.767347, -23.644892 ], [ -46.767356, -23.645101 ], [ -46.767466, -23.645434 ] ] ] } },
{ "type": "Feature", "properties": { "CD_SETOR": "355030817000071", "faces": 14, "pavimentada": 100.0, "bueiro": 28.57, "iluminacao": 100.0, "onibus": 28.57, "ciclovia": 0.0, "calcada": 100.0, "obstaculo": 92.86, "rampa": 7.14, "rampa_faces": 7.14, "sem_calcada": 0.0, "sem_arvore": 64.29, "muitas_arvores": 21.43, "vao": 92.86, "V05400": 14, "V05421": 14, "V05406": 14, "V05412": 14, "V05422": 0, "V05424": 13, "V05427": 1, "V05409": 4, "V05415": 4, "V05418": 0, "V05430": 9, "V05433": 3, "criancas_0a4": 24, "em_favela": false }, "geometry": { "type": "Polygon", "coordinates": [ [ [ -46.769135, -23.64594 ], [ -46.769399, -23.646207 ], [ -46.769752, -23.646172 ], [ -46.7706, -23.645747 ], [ -46.771004, -23.645606 ], [ -46.769903, -23.645153 ], [ -46.769599, -23.644955 ], [ -46.76862, -23.643827 ], [ -46.768537, -23.643671 ], [ -46.768333, -23.643529 ], [ -46.768489, -23.64466 ], [ -46.768965, -23.645111 ], [ -46.769076, -23.645152 ], [ -46.76918, -23.645719 ], [ -46.769135, -23.64594 ] ] ] } },
{ "type": "Feature", "properties": { "CD_SETOR": "355030817000072", "faces": 7, "pavimentada": 100.0, "bueiro": 42.86, "iluminacao": 100.0, "onibus": 28.57, "ciclovia": 0.0, "calcada": 100.0, "obstaculo": 100.0, "rampa": 0.0, "rampa_faces": 0.0, "sem_calcada": 0.0, "sem_arvore": 57.14, "muitas_arvores": 28.57, "vao": 100.0, "V05400": 7, "V05421": 7, "V05406": 7, "V05412": 7, "V05422": 0, "V05424": 7, "V05427": 0, "V05409": 3, "V05415": 2, "V05418": 0, "V05430": 4, "V05433": 2, "criancas_0a4": 15, "em_favela": false }, "geometry": { "type": "Polygon", "coordinates": [ [ [ -46.769399, -23.646207 ], [ -46.769817, -23.646664 ], [ -46.769972, -23.64663 ], [ -46.770419, -23.646382 ], [ -46.771118, -23.646645 ], [ -46.771201, -23.646632 ], [ -46.771328, -23.646514 ], [ -46.771454, -23.646257 ], [ -46.771655, -23.646357 ], [ -46.771847, -23.645895 ], [ -46.771004, -23.645606 ], [ -46.7706, -23.645747 ], [ -46.769938, -23.64611 ], [ -46.769399, -23.646207 ] ] ] } },
{ "type": "Feature", "properties": { "CD_SETOR": "355030817000073", "faces": 3, "pavimentada": 100.0, "bueiro": 33.33, "iluminacao": 100.0, "onibus": 0.0, "ciclovia": 0.0, "calcada": 66.67, "obstaculo": 100.0, "rampa": 0.0, "rampa_faces": 0.0, "sem_calcada": 33.33, "sem_arvore": 100.0, "muitas_arvores": 0.0, "vao": 100.0, "V05400": 3, "V05421": 2, "V05406": 3, "V05412": 3, "V05422": 1, "V05424": 2, "V05427": 0, "V05409": 1, "V05415": 0, "V05418": 0, "V05430": 3, "V05433": 0, "criancas_0a4": 8, "em_favela": false }, "geometry": { "type": "Polygon", "coordinates": [ [ [ -46.769817, -23.646664 ], [ -46.769773, -23.647398 ], [ -46.770397, -23.647559 ], [ -46.771118, -23.646645 ], [ -46.770419, -23.646382 ], [ -46.769972, -23.64663 ], [ -46.769817, -23.646664 ] ] ] } },
{ "type": "Feature", "properties": { "CD_SETOR": "355030817000074", "faces": 3, "pavimentada": 100.0, "bueiro": 66.67, "iluminacao": 100.0, "onibus": 0.0, "ciclovia": 0.0, "calcada": 100.0, "obstaculo": 100.0, "rampa": 0.0, "rampa_faces": 0.0, "sem_calcada": 0.0, "sem_arvore": 33.33, "muitas_arvores": 0.0, "vao": 100.0, "V05400": 3, "V05421": 3, "V05406": 3, "V05412": 3, "V05422": 0, "V05424": 3, "V05427": 0, "V05409": 2, "V05415": 0, "V05418": 0, "V05430": 1, "V05433": 0, "criancas_0a4": 5, "em_favela": false }, "geometry": { "type": "Polygon", "coordinates": [ [ [ -46.774435, -23.647862 ], [ -46.775079, -23.648563 ], [ -46.77546, -23.648259 ], [ -46.774794, -23.647578 ], [ -46.774435, -23.647862 ] ] ] } },
{ "type": "Feature", "properties": { "CD_SETOR": "355030817000076", "faces": 4, "pavimentada": 100.0, "bueiro": 0.0, "iluminacao": 100.0, "onibus": 0.0, "ciclovia": 0.0, "calcada": 100.0, "obstaculo": 100.0, "rampa": 0.0, "rampa_faces": 0.0, "sem_calcada": 0.0, "sem_arvore": 0.0, "muitas_arvores": 25.0, "vao": 100.0, "V05400": 4, "V05421": 4, "V05406": 4, "V05412": 4, "V05422": 0, "V05424": 4, "V05427": 0, "V05409": 0, "V05415": 0, "V05418": 0, "V05430": 0, "V05433": 1, "criancas_0a4": 36, "em_favela": false }, "geometry": { "type": "Polygon", "coordinates": [ [ [ -46.77548, -23.644244 ], [ -46.774375, -23.645176 ], [ -46.775291, -23.646425 ], [ -46.775605, -23.646694 ], [ -46.775667, -23.646799 ], [ -46.77625, -23.646872 ], [ -46.776398, -23.646764 ], [ -46.77635, -23.646588 ], [ -46.775526, -23.645916 ], [ -46.77532, -23.645517 ], [ -46.775327, -23.645168 ], [ -46.775431, -23.644882 ], [ -46.775555, -23.644688 ], [ -46.775837, -23.644418 ], [ -46.775715, -23.644211 ], [ -46.77548, -23.644244 ] ] ] } },
{ "type": "Feature", "properties": { "CD_SETOR": "355030817000077", "faces": 13, "pavimentada": 100.0, "bueiro": 30.77, "iluminacao": 100.0, "onibus": 0.0, "ciclovia": 0.0, "calcada": 76.92, "obstaculo": 90.0, "rampa": 0.0, "rampa_faces": 0.0, "sem_calcada": 23.08, "sem_arvore": 61.54, "muitas_arvores": 7.69, "vao": 100.0, "V05400": 13, "V05421": 10, "V05406": 13, "V05412": 13, "V05422": 3, "V05424": 9, "V05427": 0, "V05409": 4, "V05415": 0, "V05418": 0, "V05430": 8, "V05433": 1, "criancas_0a4": 45, "em_favela": false }, "geometry": { "type": "Polygon", "coordinates": [ [ [ -46.776398, -23.646764 ], [ -46.777736, -23.647054 ], [ -46.777637, -23.647585 ], [ -46.778214, -23.647702 ], [ -46.778434, -23.646652 ], [ -46.777017, -23.64635 ], [ -46.776675, -23.646215 ], [ -46.775863, -23.645561 ], [ -46.775831, -23.645362 ], [ -46.776028, -23.645088 ], [ -46.775586, -23.644657 ], [ -46.775451, -23.64484 ], [ -46.775327, -23.645168 ], [ -46.775305, -23.645409 ], [ -46.775375, -23.645681 ], [ -46.775526, -23.645916 ], [ -46.77635, -23.646588 ], [ -46.776398, -23.646764 ] ] ] } },
{ "type": "Feature", "properties": { "CD_SETOR": "355030817000078", "faces": 15, "pavimentada": 100.0, "bueiro": 86.67, "iluminacao": 80.0, "onibus": 6.67, "ciclovia": 0.0, "calcada": 73.33, "obstaculo": 90.91, "rampa": 0.0, "rampa_faces": 0.0, "sem_calcada": 26.67, "sem_arvore": 33.33, "muitas_arvores": 13.33, "vao": 100.0, "V05400": 15, "V05421": 11, "V05406": 15, "V05412": 12, "V05422": 4, "V05424": 10, "V05427": 0, "V05409": 13, "V05415": 1, "V05418": 0, "V05430": 5, "V05433": 2, "criancas_0a4": 38, "em_favela": false }, "geometry": { "type": "Polygon", "coordinates": [ [ [ -46.778434, -23.646652 ], [ -46.778069, -23.648446 ], [ -46.778411, -23.648415 ], [ -46.778946, -23.648139 ], [ -46.778944, -23.647475 ], [ -46.779198, -23.646231 ], [ -46.777072, -23.645801 ], [ -46.776741, -23.645624 ], [ -46.776028, -23.645088 ], [ -46.775978, -23.645127 ], [ -46.775831, -23.645362 ], [ -46.775863, -23.645561 ], [ -46.776675, -23.646215 ], [ -46.777017, -23.64635 ], [ -46.778434, -23.646652 ] ] ] } },
{ "type": "Feature", "properties": { "CD_SETOR": "355030817000079", "faces": 7, "pavimentada": 100.0, "bueiro": 85.71, "iluminacao": 100.0, "onibus": 14.29, "ciclovia": 0.0, "calcada": 85.71, "obstaculo": 66.67, "rampa": 33.33, "rampa_faces": 28.57, "sem_calcada": 14.29, "sem_arvore": 42.86, "muitas_arvores": 0.0, "vao": 71.43, "V05400": 7, "V05421": 6, "V05406": 7, "V05412": 7, "V05422": 1, "V05424": 4, "V05427": 2, "V05409": 6, "V05415": 1, "V05418": 0, "V05430": 3, "V05433": 0, "criancas_0a4": 9, "em_favela": false }, "geometry": { "type": "Polygon", "coordinates": [ [ [ -46.778558, -23.646108 ], [ -46.779198, -23.646231 ], [ -46.779431, -23.644999 ], [ -46.778849, -23.644909 ], [ -46.778778, -23.645028 ], [ -46.777656, -23.644794 ], [ -46.777522, -23.645332 ], [ -46.778676, -23.64557 ], [ -46.778558, -23.646108 ] ] ] } },
{ "type": "Feature", "properties": { "CD_SETOR": "355030817000082", "faces": 8, "pavimentada": 100.0, "bueiro": 25.0, "iluminacao": 100.0, "onibus": 12.5, "ciclovia": 0.0, "calcada": 100.0, "obstaculo": 62.5, "rampa": 0.0, "rampa_faces": 0.0, "sem_calcada": 0.0, "sem_arvore": 37.5, "muitas_arvores": 37.5, "vao": 100.0, "V05400": 8, "V05421": 8, "V05406": 8, "V05412": 8, "V05422": 0, "V05424": 5, "V05427": 0, "V05409": 2, "V05415": 1, "V05418": 0, "V05430": 3, "V05433": 3, "criancas_0a4": 16, "em_favela": false }, "geometry": { "type": "Polygon", "coordinates": [ [ [ -46.776471, -23.640717 ], [ -46.776153, -23.641117 ], [ -46.776012, -23.641428 ], [ -46.776913, -23.641171 ], [ -46.778319, -23.640503 ], [ -46.778551, -23.639655 ], [ -46.778825, -23.638927 ], [ -46.779112, -23.638574 ], [ -46.779329, -23.638418 ], [ -46.779691, -23.638293 ], [ -46.779579, -23.637652 ], [ -46.779398, -23.63733 ], [ -46.778877, -23.636975 ], [ -46.778656, -23.637465 ], [ -46.778512, -23.638637 ], [ -46.778403, -23.638908 ], [ -46.777565, -23.640074 ], [ -46.776471, -23.640717 ] ] ] } },
{ "type": "Feature", "properties": { "CD_SETOR": "355030817000083", "faces": 15, "pavimentada": 100.0, "bueiro": 40.0, "iluminacao": 100.0, "onibus": 20.0, "ciclovia": 0.0, "calcada": 40.0, "obstaculo": 83.33, "rampa": 0.0, "rampa_faces": 0.0, "sem_calcada": 60.0, "sem_arvore": 40.0, "muitas_arvores": 20.0, "vao": 100.0, "V05400": 15, "V05421": 6, "V05406": 15, "V05412": 15, "V05422": 9, "V05424": 5, "V05427": 0, "V05409": 6, "V05415": 3, "V05418": 0, "V05430": 6, "V05433": 3, "criancas_0a4": 34, "em_favela": false }, "geometry": { "type": "Polygon", "coordinates": [ [ [ -46.77737, -23.638621 ], [ -46.777006, -23.639061 ], [ -46.776616, -23.639236 ], [ -46.776374, -23.63943 ], [ -46.776007, -23.640236 ], [ -46.776471, -23.640717 ], [ -46.777565, -23.640074 ], [ -46.778403, -23.638908 ], [ -46.778512, -23.638637 ], [ -46.778656, -23.637465 ], [ -46.778877, -23.636975 ], [ -46.778051, -23.636512 ], [ -46.777592, -23.638233 ], [ -46.77737, -23.638621 ] ] ] } },
{ "type": "Feature", "properties": { "CD_SETOR": "355030817000084", "faces": 20, "pavimentada": 100.0, "bueiro": 85.0, "iluminacao": 100.0, "onibus": 0.0, "ciclovia": 0.0, "calcada": 100.0, "obstaculo": 95.0, "rampa": 10.0, "rampa_faces": 10.0, "sem_calcada": 0.0, "sem_arvore": 20.0, "muitas_arvores": 25.0, "vao": 90.0, "V05400": 20, "V05421": 20, "V05406": 20, "V05412": 20, "V05422": 0, "V05424": 19, "V05427": 2, "V05409": 17, "V05415": 0, "V05418": 0, "V05430": 4, "V05433": 5, "criancas_0a4": 20, "em_favela": false }, "geometry": { "type": "Polygon", "coordinates": [ [ [ -46.762866, -23.619274 ], [ -46.762077, -23.622027 ], [ -46.763309, -23.622324 ], [ -46.76344, -23.622154 ], [ -46.763908, -23.620447 ], [ -46.764022, -23.620302 ], [ -46.762944, -23.618775 ], [ -46.762866, -23.619274 ] ] ] } },
{ "type": "Feature", "properties": { "CD_SETOR": "355030817000085", "faces": 30, "pavimentada": 100.0, "bueiro": 30.0, "iluminacao": 100.0, "onibus": 20.0, "ciclovia": 0.0, "calcada": 100.0, "obstaculo": 73.33, "rampa": 33.33, "rampa_faces": 33.33, "sem_calcada": 0.0, "sem_arvore": 53.33, "muitas_arvores": 20.0, "vao": 66.67, "V05400": 30, "V05421": 30, "V05406": 30, "V05412": 30, "V05422": 0, "V05424": 22, "V05427": 10, "V05409": 9, "V05415": 6, "V05418": 0, "V05430": 16, "V05433": 6, "criancas_0a4": 27, "em_favela": false }, "geometry": { "type": "Polygon", "coordinates": [ [ [ -46.762866, -23.619274 ], [ -46.760397, -23.621173 ], [ -46.759505, -23.622157 ], [ -46.759351, -23.62216 ], [ -46.759129, -23.623002 ], [ -46.758937, -23.624057 ], [ -46.759947, -23.624198 ], [ -46.760381, -23.622355 ], [ -46.760456, -23.622377 ], [ -46.760495, -23.622229 ], [ -46.761938, -23.622491 ], [ -46.762866, -23.619274 ] ] ] } },
{ "type": "Feature", "properties": { "CD_SETOR": "355030817000086", "faces": 21, "pavimentada": 95.24, "bueiro": 42.86, "iluminacao": 95.24, "onibus": 33.33, "ciclovia": 0.0, "calcada": 95.24, "obstaculo": 100.0, "rampa": 30.0, "rampa_faces": 28.57, "sem_calcada": 0.0, "sem_arvore": 28.57, "muitas_arvores": 28.57, "vao": 66.67, "V05400": 21, "V05421": 20, "V05406": 20, "V05412": 20, "V05422": 0, "V05424": 20, "V05427": 6, "V05409": 9, "V05415": 7, "V05418": 0, "V05430": 6, "V05433": 6, "criancas_0a4": 21, "em_favela": false }, "geometry": { "type": "Polygon", "coordinates": [ [ [ -46.760456, -23.622377 ], [ -46.761634, -23.622833 ], [ -46.761133, -23.624919 ], [ -46.760642, -23.625667 ], [ -46.76032, -23.62631 ], [ -46.760999, -23.626283 ], [ -46.76116, -23.626443 ], [ -46.763427, -23.624727 ], [ -46.763261, -23.624586 ], [ -46.761099, -23.626195 ], [ -46.760914, -23.626124 ], [ -46.761822, -23.625365 ], [ -46.763157, -23.624344 ], [ -46.763312, -23.624374 ], [ -46.763714, -23.623353 ], [ -46.762954, -23.622829 ], [ -46.762275, -23.622568 ], [ -46.760495, -23.622229 ], [ -46.760456, -23.622377 ] ] ] } },
{ "type": "Feature", "properties": { "CD_SETOR": "355030817000087", "faces": 8, "pavimentada": 100.0, "bueiro": 25.0, "iluminacao": 100.0, "onibus": 12.5, "ciclovia": 12.5, "calcada": 100.0, "obstaculo": 75.0, "rampa": 25.0, "rampa_faces": 25.0, "sem_calcada": 0.0, "sem_arvore": 37.5, "muitas_arvores": 25.0, "vao": 75.0, "V05400": 8, "V05421": 8, "V05406": 8, "V05412": 8, "V05422": 0, "V05424": 6, "V05427": 2, "V05409": 2, "V05415": 1, "V05418": 1, "V05430": 3, "V05433": 2, "criancas_0a4": 25, "em_favela": false }, "geometry": { "type": "Polygon", "coordinates": [ [ [ -46.7579, -23.622376 ], [ -46.757451, -23.623747 ], [ -46.75807, -23.623945 ], [ -46.758937, -23.624057 ], [ -46.759129, -23.623002 ], [ -46.759351, -23.62216 ], [ -46.758765, -23.622142 ], [ -46.758561, -23.62209 ], [ -46.758185, -23.621904 ], [ -46.757939, -23.6217 ], [ -46.7579, -23.622376 ] ] ] } },
{ "type": "Feature", "properties": { "CD_SETOR": "355030817000088", "faces": 20, "pavimentada": 100.0, "bueiro": 25.0, "iluminacao": 100.0, "onibus": 10.0, "ciclovia": 0.0, "calcada": 100.0, "obstaculo": 100.0, "rampa": 0.0, "rampa_faces": 0.0, "sem_calcada": 0.0, "sem_arvore": 35.0, "muitas_arvores": 0.0, "vao": 100.0, "V05400": 20, "V05421": 20, "V05406": 20, "V05412": 20, "V05422": 0, "V05424": 20, "V05427": 0, "V05409": 5, "V05415": 2, "V05418": 0, "V05430": 7, "V05433": 0, "criancas_0a4": 28, "em_favela": false }, "geometry": { "type": "Polygon", "coordinates": [ [ [ -46.755215, -23.623885 ], [ -46.755007, -23.624184 ], [ -46.754991, -23.624369 ], [ -46.755347, -23.625641 ], [ -46.755314, -23.6258 ], [ -46.754954, -23.62654 ], [ -46.754969, -23.626758 ], [ -46.756745, -23.626109 ], [ -46.757676, -23.625875 ], [ -46.757379, -23.625448 ], [ -46.756067, -23.62601 ], [ -46.755858, -23.625544 ], [ -46.755716, -23.625462 ], [ -46.755625, -23.625176 ], [ -46.755794, -23.625087 ], [ -46.755763, -23.625026 ], [ -46.755863, -23.624943 ], [ -46.756213, -23.625398 ], [ -46.756374, -23.625498 ], [ -46.756685, -23.625471 ], [ -46.756842, -23.62536 ], [ -46.75727, -23.625294 ], [ -46.756978, -23.624893 ], [ -46.756849, -23.624525 ], [ -46.756943, -23.623824 ], [ -46.756672, -23.623815 ], [ -46.756014, -23.62394 ], [ -46.755215, -23.623885 ] ] ] } },
{ "type": "Feature", "properties": { "CD_SETOR": "355030817000089", "faces": 4, "pavimentada": 100.0, "bueiro": 50.0, "iluminacao": 100.0, "onibus": 25.0, "ciclovia": 0.0, "calcada": 100.0, "obstaculo": 100.0, "rampa": 0.0, "rampa_faces": 0.0, "sem_calcada": 0.0, "sem_arvore": 50.0, "muitas_arvores": 50.0, "vao": 100.0, "V05400": 4, "V05421": 4, "V05406": 4, "V05412": 4, "V05422": 0, "V05424": 4, "V05427": 0, "V05409": 2, "V05415": 1, "V05418": 0, "V05430": 2, "V05433": 2, "criancas_0a4": 11, "em_favela": true }, "geometry": { "type": "Polygon", "coordinates": [ [ [ -46.757379, -23.625448 ], [ -46.75727, -23.625294 ], [ -46.756842, -23.62536 ], [ -46.756685, -23.625471 ], [ -46.756374, -23.625498 ], [ -46.756213, -23.625398 ], [ -46.755863, -23.624943 ], [ -46.755763, -23.625026 ], [ -46.755794, -23.625087 ], [ -46.755625, -23.625176 ], [ -46.755716, -23.625462 ], [ -46.755858, -23.625544 ], [ -46.756067, -23.62601 ], [ -46.757379, -23.625448 ] ] ] } },
{ "type": "Feature", "properties": { "CD_SETOR": "355030817000091", "faces": 8, "pavimentada": 100.0, "bueiro": 50.0, "iluminacao": 100.0, "onibus": 0.0, "ciclovia": 0.0, "calcada": 75.0, "obstaculo": 100.0, "rampa": 0.0, "rampa_faces": 0.0, "sem_calcada": 25.0, "sem_arvore": 87.5, "muitas_arvores": 0.0, "vao": 100.0, "V05400": 8, "V05421": 6, "V05406": 8, "V05412": 8, "V05422": 2, "V05424": 6, "V05427": 0, "V05409": 4, "V05415": 0, "V05418": 0, "V05430": 7, "V05433": 0, "criancas_0a4": 40, "em_favela": true }, "geometry": { "type": "Polygon", "coordinates": [ [ [ -46.755424, -23.626613 ], [ -46.754414, -23.626976 ], [ -46.753249, -23.626856 ], [ -46.752701, -23.62673 ], [ -46.752065, -23.626733 ], [ -46.751707, -23.626816 ], [ -46.751877, -23.627132 ], [ -46.752694, -23.627157 ], [ -46.75361, -23.627427 ], [ -46.754025, -23.627488 ], [ -46.755032, -23.627397 ], [ -46.755596, -23.627235 ], [ -46.755554, -23.626786 ], [ -46.755424, -23.626613 ] ] ] } },
{ "type": "Feature", "properties": { "CD_SETOR": "355030817000092", "faces": 22, "pavimentada": 100.0, "bueiro": 40.91, "iluminacao": 100.0, "onibus": 0.0, "ciclovia": 0.0, "calcada": 36.36, "obstaculo": 100.0, "rampa": 0.0, "rampa_faces": 0.0, "sem_calcada": 63.64, "sem_arvore": 59.09, "muitas_arvores": 0.0, "vao": 100.0, "V05400": 22, "V05421": 8, "V05406": 22, "V05412": 22, "V05422": 14, "V05424": 8, "V05427": 0, "V05409": 9, "V05415": 0, "V05418": 0, "V05430": 13, "V05433": 0, "criancas_0a4": 121, "em_favela": true }, "geometry": { "type": "Polygon", "coordinates": [ [ [ -46.75207, -23.625649 ], [ -46.752636, -23.626266 ], [ -46.752565, -23.626725 ], [ -46.754043, -23.626959 ], [ -46.754414, -23.626976 ], [ -46.754592, -23.626894 ], [ -46.754097, -23.626561 ], [ -46.753782, -23.626485 ], [ -46.753229, -23.626441 ], [ -46.753351, -23.625977 ], [ -46.753769, -23.625622 ], [ -46.753775, -23.625302 ], [ -46.753244, -23.625335 ], [ -46.753134, -23.625272 ], [ -46.753047, -23.62513 ], [ -46.752908, -23.625173 ], [ -46.752862, -23.625126 ], [ -46.752706, -23.625166 ], [ -46.75207, -23.625649 ] ] ] } },
{ "type": "Feature", "properties": { "CD_SETOR": "355030817000093", "faces": 24, "pavimentada": 100.0, "bueiro": 54.17, "iluminacao": 100.0, "onibus": 29.17, "ciclovia": 0.0, "calcada": 70.83, "obstaculo": 76.47, "rampa": 0.0, "rampa_faces": 0.0, "sem_calcada": 29.17, "sem_arvore": 45.83, "muitas_arvores": 12.5, "vao": 100.0, "V05400": 24, "V05421": 17, "V05406": 24, "V05412": 24, "V05422": 7, "V05424": 13, "V05427": 0, "V05409": 13, "V05415": 7, "V05418": 0, "V05430": 11, "V05433": 3, "criancas_0a4": 30, "em_favela": false }, "geometry": { "type": "Polygon", "coordinates": [ [ [ -46.750221, -23.63051 ], [ -46.750771, -23.631647 ], [ -46.750686, -23.632254 ], [ -46.751275, -23.632373 ], [ -46.751609, -23.630921 ], [ -46.751564, -23.630355 ], [ -46.751789, -23.630286 ], [ -46.752153, -23.630906 ], [ -46.752387, -23.631119 ], [ -46.752852, -23.630714 ], [ -46.752746, -23.630618 ], [ -46.7529, -23.629948 ], [ -46.752359, -23.629709 ], [ -46.751653, -23.629592 ], [ -46.750221, -23.63051 ] ] ] } },
{ "type": "Feature", "properties": { "CD_SETOR": "355030817000095", "faces": 19, "pavimentada": 100.0, "bueiro": 15.79, "iluminacao": 100.0, "onibus": 0.0, "ciclovia": 0.0, "calcada": 89.47, "obstaculo": 94.12, "rampa": 0.0, "rampa_faces": 0.0, "sem_calcada": 10.53, "sem_arvore": 31.58, "muitas_arvores": 36.84, "vao": 100.0, "V05400": 19, "V05421": 17, "V05406": 19, "V05412": 19, "V05422": 2, "V05424": 16, "V05427": 0, "V05409": 3, "V05415": 0, "V05418": 0, "V05430": 6, "V05433": 7, "criancas_0a4": 51, "em_favela": false }, "geometry": { "type": "Polygon", "coordinates": [ [ [ -46.753962, -23.6339 ], [ -46.753777, -23.633989 ], [ -46.752812, -23.63417 ], [ -46.753469, -23.634534 ], [ -46.753712, -23.634779 ], [ -46.75407, -23.634895 ], [ -46.75434, -23.634905 ], [ -46.754167, -23.635493 ], [ -46.754826, -23.635776 ], [ -46.755168, -23.636256 ], [ -46.755577, -23.634767 ], [ -46.756089, -23.634708 ], [ -46.756077, -23.63414 ], [ -46.756343, -23.63415 ], [ -46.756681, -23.634335 ], [ -46.756525, -23.634025 ], [ -46.755982, -23.633746 ], [ -46.755875, -23.633614 ], [ -46.755533, -23.633666 ], [ -46.754819, -23.63387 ], [ -46.753962, -23.6339 ] ] ] } },
{ "type": "Feature", "properties": { "CD_SETOR": "355030817000097", "faces": 9, "pavimentada": 100.0, "bueiro": 22.22, "iluminacao": 100.0, "onibus": 22.22, "ciclovia": 11.11, "calcada": 88.89, "obstaculo": 87.5, "rampa": 0.0, "rampa_faces": 0.0, "sem_calcada": 11.11, "sem_arvore": 22.22, "muitas_arvores": 22.22, "vao": 100.0, "V05400": 9, "V05421": 8, "V05406": 9, "V05412": 9, "V05422": 1, "V05424": 7, "V05427": 0, "V05409": 2, "V05415": 2, "V05418": 1, "V05430": 2, "V05433": 2, "criancas_0a4": 19, "em_favela": false }, "geometry": { "type": "Polygon", "coordinates": [ [ [ -46.752136, -23.636316 ], [ -46.751918, -23.636497 ], [ -46.751912, -23.636713 ], [ -46.751598, -23.637688 ], [ -46.751909, -23.637568 ], [ -46.752208, -23.637601 ], [ -46.752367, -23.637666 ], [ -46.752816, -23.638039 ], [ -46.753001, -23.63607 ], [ -46.753101, -23.635966 ], [ -46.753251, -23.636006 ], [ -46.753269, -23.635865 ], [ -46.752623, -23.635593 ], [ -46.752136, -23.636316 ] ] ] } },
{ "type": "Feature", "properties": { "CD_SETOR": "355030817000099", "faces": 3, "pavimentada": 100.0, "bueiro": 33.33, "iluminacao": 100.0, "onibus": 33.33, "ciclovia": 33.33, "calcada": 66.67, "obstaculo": 100.0, "rampa": 0.0, "rampa_faces": 0.0, "sem_calcada": 33.33, "sem_arvore": 100.0, "muitas_arvores": 0.0, "vao": 100.0, "V05400": 3, "V05421": 2, "V05406": 3, "V05412": 3, "V05422": 1, "V05424": 2, "V05427": 0, "V05409": 1, "V05415": 1, "V05418": 1, "V05430": 3, "V05433": 0, "criancas_0a4": 3, "em_favela": false }, "geometry": { "type": "Polygon", "coordinates": [ [ [ -46.755474, -23.637824 ], [ -46.755507, -23.637854 ], [ -46.7554, -23.638126 ], [ -46.755471, -23.638127 ], [ -46.755484, -23.638203 ], [ -46.755436, -23.63821 ], [ -46.755449, -23.638425 ], [ -46.756047, -23.638236 ], [ -46.755828, -23.637707 ], [ -46.755474, -23.637824 ] ] ] } },
{ "type": "Feature", "properties": { "CD_SETOR": "355030817000100", "faces": 10, "pavimentada": 100.0, "bueiro": 30.0, "iluminacao": 100.0, "onibus": 0.0, "ciclovia": 20.0, "calcada": 60.0, "obstaculo": 83.33, "rampa": 0.0, "rampa_faces": 0.0, "sem_calcada": 40.0, "sem_arvore": 80.0, "muitas_arvores": 10.0, "vao": 100.0, "V05400": 10, "V05421": 6, "V05406": 10, "V05412": 10, "V05422": 4, "V05424": 5, "V05427": 0, "V05409": 3, "V05415": 0, "V05418": 2, "V05430": 8, "V05433": 1, "criancas_0a4": 36, "em_favela": true }, "geometry": { "type": "Polygon", "coordinates": [ [ [ -46.753101, -23.635966 ], [ -46.753272, -23.636192 ], [ -46.753457, -23.636702 ], [ -46.753536, -23.63679 ], [ -46.753755, -23.637646 ], [ -46.754136, -23.637552 ], [ -46.754044, -23.637035 ], [ -46.754462, -23.636282 ], [ -46.754408, -23.636186 ], [ -46.754249, -23.636067 ], [ -46.753561, -23.636142 ], [ -46.753101, -23.635966 ] ] ] } },
{ "type": "Feature", "properties": { "CD_SETOR": "355030817000101", "faces": 15, "pavimentada": 100.0, "bueiro": 53.33, "iluminacao": 100.0, "onibus": 26.67, "ciclovia": 40.0, "calcada": 66.67, "obstaculo": 90.0, "rampa": 30.0, "rampa_faces": 20.0, "sem_calcada": 33.33, "sem_arvore": 40.0, "muitas_arvores": 33.33, "vao": 80.0, "V05400": 15, "V05421": 10, "V05406": 15, "V05412": 15, "V05422": 5, "V05424": 9, "V05427": 3, "V05409": 8, "V05415": 4, "V05418": 6, "V05430": 6, "V05433": 5, "criancas_0a4": 33, "em_favela": false }, "geometry": { "type": "Polygon", "coordinates": [ [ [ -46.756279, -23.638159 ], [ -46.755505, -23.63842 ], [ -46.754906, -23.638471 ], [ -46.754427, -23.638743 ], [ -46.753084, -23.638967 ], [ -46.753113, -23.639392 ], [ -46.753339, -23.639391 ], [ -46.754012, -23.639691 ], [ -46.753944, -23.639897 ], [ -46.754292, -23.640023 ], [ -46.754168, -23.640363 ], [ -46.754746, -23.640451 ], [ -46.754828, -23.640185 ], [ -46.754975, -23.639952 ], [ -46.755413, -23.639655 ], [ -46.755165, -23.639168 ], [ -46.75655, -23.638562 ], [ -46.756279, -23.638159 ] ] ] } },
{ "type": "Feature", "properties": { "CD_SETOR": "355030817000103", "faces": 7, "pavimentada": 100.0, "bueiro": 57.14, "iluminacao": 71.43, "onibus": 0.0, "ciclovia": 28.57, "calcada": 71.43, "obstaculo": 100.0, "rampa": 0.0, "rampa_faces": 0.0, "sem_calcada": 28.57, "sem_arvore": 57.14, "muitas_arvores": 14.29, "vao": 100.0, "V05400": 7, "V05421": 5, "V05406": 7, "V05412": 5, "V05422": 2, "V05424": 5, "V05427": 0, "V05409": 4, "V05415": 0, "V05418": 2, "V05430": 4, "V05433": 1, "criancas_0a4": 21, "em_favela": true }, "geometry": { "type": "Polygon", "coordinates": [ [ [ -46.753664, -23.641554 ], [ -46.753937, -23.641461 ], [ -46.753827, -23.641384 ], [ -46.753709, -23.641021 ], [ -46.753876, -23.640129 ], [ -46.754012, -23.639691 ], [ -46.753382, -23.639406 ], [ -46.753488, -23.641116 ], [ -46.753664, -23.641554 ] ] ] } },
{ "type": "Feature", "properties": { "CD_SETOR": "355030817000105", "faces": 8, "pavimentada": 100.0, "bueiro": 25.0, "iluminacao": 100.0, "onibus": 25.0, "ciclovia": 0.0, "calcada": 37.5, "obstaculo": 100.0, "rampa": 0.0, "rampa_faces": 0.0, "sem_calcada": 62.5, "sem_arvore": 75.0, "muitas_arvores": 0.0, "vao": 100.0, "V05400": 8, "V05421": 3, "V05406": 8, "V05412": 8, "V05422": 5, "V05424": 3, "V05427": 0, "V05409": 2, "V05415": 2, "V05418": 0, "V05430": 6, "V05433": 0, "criancas_0a4": 13, "em_favela": true }, "geometry": { "type": "Polygon", "coordinates": [ [ [ -46.750122, -23.641404 ], [ -46.750611, -23.642093 ], [ -46.750798, -23.641979 ], [ -46.750858, -23.641805 ], [ -46.750624, -23.641104 ], [ -46.750122, -23.641404 ] ] ] } },
{ "type": "Feature", "properties": { "CD_SETOR": "355030817000106", "faces": 16, "pavimentada": 100.0, "bueiro": 31.25, "iluminacao": 100.0, "onibus": 0.0, "ciclovia": 0.0, "calcada": 100.0, "obstaculo": 75.0, "rampa": 0.0, "rampa_faces": 0.0, "sem_calcada": 0.0, "sem_arvore": 50.0, "muitas_arvores": 18.75, "vao": 100.0, "V05400": 16, "V05421": 16, "V05406": 16, "V05412": 16, "V05422": 0, "V05424": 12, "V05427": 0, "V05409": 5, "V05415": 0, "V05418": 0, "V05430": 8, "V05433": 3, "criancas_0a4": 41, "em_favela": false }, "geometry": { "type": "Polygon", "coordinates": [ [ [ -46.752056, -23.643319 ], [ -46.752523, -23.643412 ], [ -46.753013, -23.644153 ], [ -46.753648, -23.644296 ], [ -46.753957, -23.644757 ], [ -46.754139, -23.645172 ], [ -46.754249, -23.64521 ], [ -46.754442, -23.645127 ], [ -46.754468, -23.645006 ], [ -46.75432, -23.644608 ], [ -46.754196, -23.644058 ], [ -46.754051, -23.643759 ], [ -46.754121, -23.643236 ], [ -46.754088, -23.643062 ], [ -46.753403, -23.642756 ], [ -46.752507, -23.642226 ], [ -46.752314, -23.642183 ], [ -46.752341, -23.642339 ], [ -46.7523, -23.642803 ], [ -46.752056, -23.643319 ] ] ] } },
{ "type": "Feature", "properties": { "CD_SETOR": "355030817000108", "faces": 1, "pavimentada": 100.0, "bueiro": 100.0, "iluminacao": 100.0, "onibus": 100.0, "ciclovia": 0.0, "calcada": 100.0, "obstaculo": 100.0, "rampa": 100.0, "rampa_faces": 100.0, "sem_calcada": 0.0, "sem_arvore": 0.0, "muitas_arvores": 100.0, "vao": 0.0, "V05400": 1, "V05421": 1, "V05406": 1, "V05412": 1, "V05422": 0, "V05424": 1, "V05427": 1, "V05409": 1, "V05415": 1, "V05418": 0, "V05430": 0, "V05433": 1, "criancas_0a4": 30, "em_favela": false }, "geometry": { "type": "Polygon", "coordinates": [ [ [ -46.75489, -23.643487 ], [ -46.755231, -23.644483 ], [ -46.755497, -23.644882 ], [ -46.756131, -23.644548 ], [ -46.757143, -23.644258 ], [ -46.756466, -23.643218 ], [ -46.755454, -23.64334 ], [ -46.75489, -23.643487 ] ] ] } },
{ "type": "Feature", "properties": { "CD_SETOR": "355030817000109", "faces": 2, "pavimentada": 100.0, "bueiro": 100.0, "iluminacao": 100.0, "onibus": 50.0, "ciclovia": 0.0, "calcada": 100.0, "obstaculo": 100.0, "rampa": 100.0, "rampa_faces": 100.0, "sem_calcada": 0.0, "sem_arvore": 0.0, "muitas_arvores": 100.0, "vao": 0.0, "V05400": 2, "V05421": 2, "V05406": 2, "V05412": 2, "V05422": 0, "V05424": 2, "V05427": 2, "V05409": 2, "V05415": 1, "V05418": 0, "V05430": 0, "V05433": 2, "criancas_0a4": 25, "em_favela": false }, "geometry": { "type": "Polygon", "coordinates": [ [ [ -46.755497, -23.644882 ], [ -46.75578, -23.645548 ], [ -46.756601, -23.646084 ], [ -46.757517, -23.645618 ], [ -46.757447, -23.644985 ], [ -46.757362, -23.644652 ], [ -46.757143, -23.644258 ], [ -46.756131, -23.644548 ], [ -46.755497, -23.644882 ] ] ] } },
{ "type": "Feature", "properties": { "CD_SETOR": "355030817000110", "faces": 15, "pavimentada": 86.67, "bueiro": 53.33, "iluminacao": 86.67, "onibus": 0.0, "ciclovia": 0.0, "calcada": 20.0, "obstaculo": 100.0, "rampa": 0.0, "rampa_faces": 0.0, "sem_calcada": 66.67, "sem_arvore": 80.0, "muitas_arvores": 6.67, "vao": 86.67, "V05400": 15, "V05421": 3, "V05406": 13, "V05412": 13, "V05422": 10, "V05424": 3, "V05427": 0, "V05409": 8, "V05415": 0, "V05418": 0, "V05430": 12, "V05433": 1, "criancas_0a4": 43, "em_favela": true }, "geometry": { "type": "Polygon", "coordinates": [ [ [ -46.755054, -23.645803 ], [ -46.755939, -23.646014 ], [ -46.756469, -23.646257 ], [ -46.756601, -23.646084 ], [ -46.75578, -23.645548 ], [ -46.75562, -23.645115 ], [ -46.755231, -23.644483 ], [ -46.75489, -23.643487 ], [ -46.754622, -23.643195 ], [ -46.754561, -23.643232 ], [ -46.754204, -23.642982 ], [ -46.754275, -23.643151 ], [ -46.754284, -23.643327 ], [ -46.754377, -23.643325 ], [ -46.754406, -23.643673 ], [ -46.754456, -23.643654 ], [ -46.754524, -23.643745 ], [ -46.754565, -23.644098 ], [ -46.754737, -23.64433 ], [ -46.754865, -23.644743 ], [ -46.755091, -23.64513 ], [ -46.755013, -23.645452 ], [ -46.755054, -23.645803 ] ] ] } },
{ "type": "Feature", "properties": { "CD_SETOR": "355030817000111", "faces": 3, "pavimentada": 100.0, "bueiro": 66.67, "iluminacao": 100.0, "onibus": 33.33, "ciclovia": 0.0, "calcada": 100.0, "obstaculo": 66.67, "rampa": 66.67, "rampa_faces": 66.67, "sem_calcada": 0.0, "sem_arvore": 0.0, "muitas_arvores": 100.0, "vao": 33.33, "V05400": 3, "V05421": 3, "V05406": 3, "V05412": 3, "V05422": 0, "V05424": 2, "V05427": 2, "V05409": 2, "V05415": 1, "V05418": 0, "V05430": 0, "V05433": 3, "criancas_0a4": 39, "em_favela": false }, "geometry": { "type": "Polygon", "coordinates": [ [ [ -46.756094, -23.640009 ], [ -46.755868, -23.640332 ], [ -46.755814, -23.640654 ], [ -46.756002, -23.642469 ], [ -46.757362, -23.644652 ], [ -46.757447, -23.644985 ], [ -46.757517, -23.645618 ], [ -46.759467, -23.645174 ], [ -46.759709, -23.64508 ], [ -46.75981, -23.644898 ], [ -46.759821, -23.644769 ], [ -46.759702, -23.644118 ], [ -46.759587, -23.643783 ], [ -46.758928, -23.64265 ], [ -46.7582, -23.641104 ], [ -46.758213, -23.640744 ], [ -46.758561, -23.639804 ], [ -46.758349, -23.639592 ], [ -46.757478, -23.639247 ], [ -46.757019, -23.639405 ], [ -46.756094, -23.640009 ] ] ] } },
{ "type": "Feature", "properties": { "CD_SETOR": "355030817000112", "faces": 3, "pavimentada": 100.0, "bueiro": 66.67, "iluminacao": 100.0, "onibus": 0.0, "ciclovia": 0.0, "calcada": 100.0, "obstaculo": 100.0, "rampa": 0.0, "rampa_faces": 0.0, "sem_calcada": 0.0, "sem_arvore": 0.0, "muitas_arvores": 100.0, "vao": 100.0, "V05400": 3, "V05421": 3, "V05406": 3, "V05412": 3, "V05422": 0, "V05424": 3, "V05427": 0, "V05409": 2, "V05415": 0, "V05418": 0, "V05430": 0, "V05433": 3, "criancas_0a4": 31, "em_favela": false }, "geometry": { "type": "Polygon", "coordinates": [ [ [ -46.7582, -23.641104 ], [ -46.758596, -23.641988 ], [ -46.759547, -23.641545 ], [ -46.759059, -23.640785 ], [ -46.758367, -23.641126 ], [ -46.7582, -23.641104 ] ] ] } },
{ "type": "Feature", "properties": { "CD_SETOR": "355030817000114", "faces": 2, "pavimentada": 100.0, "bueiro": 50.0, "iluminacao": 100.0, "onibus": 0.0, "ciclovia": 0.0, "calcada": 100.0, "obstaculo": 100.0, "rampa": 50.0, "rampa_faces": 50.0, "sem_calcada": 0.0, "sem_arvore": 0.0, "muitas_arvores": 100.0, "vao": 50.0, "V05400": 2, "V05421": 2, "V05406": 2, "V05412": 2, "V05422": 0, "V05424": 2, "V05427": 1, "V05409": 1, "V05415": 0, "V05418": 0, "V05430": 0, "V05433": 2, "criancas_0a4": 28, "em_favela": false }, "geometry": { "type": "Polygon", "coordinates": [ [ [ -46.758596, -23.641988 ], [ -46.759021, -23.642819 ], [ -46.759972, -23.64228 ], [ -46.759547, -23.641545 ], [ -46.758596, -23.641988 ] ] ] } },
{ "type": "Feature", "properties": { "CD_SETOR": "355030817000115", "faces": 7, "pavimentada": 100.0, "bueiro": 85.71, "iluminacao": 100.0, "onibus": 0.0, "ciclovia": 0.0, "calcada": 28.57, "obstaculo": 100.0, "rampa": 0.0, "rampa_faces": 0.0, "sem_calcada": 71.43, "sem_arvore": 42.86, "muitas_arvores": 57.14, "vao": 100.0, "V05400": 7, "V05421": 2, "V05406": 7, "V05412": 7, "V05422": 5, "V05424": 2, "V05427": 0, "V05409": 6, "V05415": 0, "V05418": 0, "V05430": 3, "V05433": 4, "criancas_0a4": 0, "em_favela": false }, "geometry": { "type": "Polygon", "coordinates": [ [ [ -46.759645, -23.643951 ], [ -46.759819, -23.644754 ], [ -46.75981, -23.644898 ], [ -46.759709, -23.64508 ], [ -46.759602, -23.645132 ], [ -46.758863, -23.64531 ], [ -46.758974, -23.645844 ], [ -46.759113, -23.64583 ], [ -46.760367, -23.645271 ], [ -46.760298, -23.645035 ], [ -46.760514, -23.644793 ], [ -46.760577, -23.644505 ], [ -46.76054, -23.644249 ], [ -46.760571, -23.644158 ], [ -46.760537, -23.643994 ], [ -46.760452, -23.643891 ], [ -46.76042, -23.643634 ], [ -46.759645, -23.643951 ] ] ] } },
{ "type": "Feature", "properties": { "CD_SETOR": "355030817000117", "faces": 7, "pavimentada": 100.0, "bueiro": 28.57, "iluminacao": 100.0, "onibus": 14.29, "ciclovia": 0.0, "calcada": 100.0, "obstaculo": 100.0, "rampa": 42.86, "rampa_faces": 42.86, "sem_calcada": 0.0, "sem_arvore": 14.29, "muitas_arvores": 57.14, "vao": 57.14, "V05400": 7, "V05421": 7, "V05406": 7, "V05412": 7, "V05422": 0, "V05424": 7, "V05427": 3, "V05409": 2, "V05415": 1, "V05418": 0, "V05430": 1, "V05433": 4, "criancas_0a4": 14, "em_favela": false }, "geometry": { "type": "Polygon", "coordinates": [ [ [ -46.760278, -23.646179 ], [ -46.761565, -23.647291 ], [ -46.761816, -23.64791 ], [ -46.762033, -23.648108 ], [ -46.762158, -23.648351 ], [ -46.762238, -23.648292 ], [ -46.762398, -23.648047 ], [ -46.762418, -23.64791 ], [ -46.76218, -23.64745 ], [ -46.762147, -23.647268 ], [ -46.762729, -23.646517 ], [ -46.762189, -23.646313 ], [ -46.761591, -23.645899 ], [ -46.760906, -23.645599 ], [ -46.760522, -23.645655 ], [ -46.760499, -23.645739 ], [ -46.760562, -23.645864 ], [ -46.760278, -23.646179 ] ] ] } },
{ "type": "Feature", "properties": { "CD_SETOR": "355030817000124", "faces": 11, "pavimentada": 100.0, "bueiro": 100.0, "iluminacao": 100.0, "onibus": 27.27, "ciclovia": 0.0, "calcada": 100.0, "obstaculo": 81.82, "rampa": 0.0, "rampa_faces": 0.0, "sem_calcada": 0.0, "sem_arvore": 54.55, "muitas_arvores": 0.0, "vao": 100.0, "V05400": 11, "V05421": 11, "V05406": 11, "V05412": 11, "V05422": 0, "V05424": 9, "V05427": 0, "V05409": 11, "V05415": 3, "V05418": 0, "V05430": 6, "V05433": 0, "criancas_0a4": 26, "em_favela": false }, "geometry": { "type": "Polygon", "coordinates": [ [ [ -46.773535, -23.648346 ], [ -46.773584, -23.64888 ], [ -46.773692, -23.649055 ], [ -46.773998, -23.649275 ], [ -46.774881, -23.649644 ], [ -46.775066, -23.649297 ], [ -46.775704, -23.648897 ], [ -46.775803, -23.648761 ], [ -46.77577, -23.648591 ], [ -46.77546, -23.648259 ], [ -46.775079, -23.648563 ], [ -46.774265, -23.647673 ], [ -46.773945, -23.647931 ], [ -46.773722, -23.648242 ], [ -46.773535, -23.648346 ] ] ] } },
{ "type": "Feature", "properties": { "CD_SETOR": "355030817000125", "faces": 8, "pavimentada": 100.0, "bueiro": 87.5, "iluminacao": 100.0, "onibus": 12.5, "ciclovia": 0.0, "calcada": 75.0, "obstaculo": 100.0, "rampa": 0.0, "rampa_faces": 0.0, "sem_calcada": 25.0, "sem_arvore": 50.0, "muitas_arvores": 37.5, "vao": 100.0, "V05400": 8, "V05421": 6, "V05406": 8, "V05412": 8, "V05422": 2, "V05424": 6, "V05427": 0, "V05409": 7, "V05415": 1, "V05418": 0, "V05430": 4, "V05433": 3, "criancas_0a4": 28, "em_favela": false }, "geometry": { "type": "Polygon", "coordinates": [ [ [ -46.775331, -23.647447 ], [ -46.775838, -23.647853 ], [ -46.777453, -23.648203 ], [ -46.77771, -23.648384 ], [ -46.777774, -23.648484 ], [ -46.778069, -23.648446 ], [ -46.778214, -23.647702 ], [ -46.775818, -23.647212 ], [ -46.775516, -23.6473 ], [ -46.775331, -23.647447 ] ] ] } },
{ "type": "Feature", "properties": { "CD_SETOR": "355030817000127", "faces": 10, "pavimentada": 100.0, "bueiro": 40.0, "iluminacao": 70.0, "onibus": 0.0, "ciclovia": 0.0, "calcada": 70.0, "obstaculo": 100.0, "rampa": 0.0, "rampa_faces": 0.0, "sem_calcada": 30.0, "sem_arvore": 90.0, "muitas_arvores": 10.0, "vao": 100.0, "V05400": 10, "V05421": 7, "V05406": 10, "V05412": 7, "V05422": 3, "V05424": 7, "V05427": 0, "V05409": 4, "V05415": 0, "V05418": 0, "V05430": 9, "V05433": 1, "criancas_0a4": 29, "em_favela": true }, "geometry": { "type": "Polygon", "coordinates": [ [ [ -46.780097, -23.647191 ], [ -46.780083, -23.647939 ], [ -46.780041, -23.648002 ], [ -46.780218, -23.648745 ], [ -46.780293, -23.649496 ], [ -46.780539, -23.649569 ], [ -46.780462, -23.647542 ], [ -46.780194, -23.646522 ], [ -46.780095, -23.645881 ], [ -46.779866, -23.64587 ], [ -46.779876, -23.646252 ], [ -46.779957, -23.646708 ], [ -46.780192, -23.647107 ], [ -46.780097, -23.647191 ] ] ] } },
{ "type": "Feature", "properties": { "CD_SETOR": "355030817000129", "faces": 24, "pavimentada": 100.0, "bueiro": 62.5, "iluminacao": 100.0, "onibus": 16.67, "ciclovia": 0.0, "calcada": 91.67, "obstaculo": 81.82, "rampa": 31.82, "rampa_faces": 29.17, "sem_calcada": 8.33, "sem_arvore": 33.33, "muitas_arvores": 25.0, "vao": 70.83, "V05400": 24, "V05421": 22, "V05406": 24, "V05412": 24, "V05422": 2, "V05424": 18, "V05427": 7, "V05409": 15, "V05415": 4, "V05418": 0, "V05430": 8, "V05433": 6, "criancas_0a4": 45, "em_favela": false }, "geometry": { "type": "Polygon", "coordinates": [ [ [ -46.780273, -23.642724 ], [ -46.780095, -23.645881 ], [ -46.780182, -23.645908 ], [ -46.780704, -23.646022 ], [ -46.78076, -23.645428 ], [ -46.780859, -23.645336 ], [ -46.781219, -23.645334 ], [ -46.781287, -23.6449 ], [ -46.782162, -23.645073 ], [ -46.782051, -23.644368 ], [ -46.782145, -23.642587 ], [ -46.781388, -23.642067 ], [ -46.780617, -23.642216 ], [ -46.780366, -23.642529 ], [ -46.780273, -23.642724 ] ] ] } },
{ "type": "Feature", "properties": { "CD_SETOR": "355030817000136", "faces": 24, "pavimentada": 100.0, "bueiro": 25.0, "iluminacao": 100.0, "onibus": 25.0, "ciclovia": 0.0, "calcada": 100.0, "obstaculo": 66.67, "rampa": 20.83, "rampa_faces": 20.83, "sem_calcada": 0.0, "sem_arvore": 8.33, "muitas_arvores": 20.83, "vao": 79.17, "V05400": 24, "V05421": 24, "V05406": 24, "V05412": 24, "V05422": 0, "V05424": 16, "V05427": 5, "V05409": 6, "V05415": 6, "V05418": 0, "V05430": 2, "V05433": 5, "criancas_0a4": 11, "em_favela": false }, "geometry": { "type": "Polygon", "coordinates": [ [ [ -46.75437, -23.621524 ], [ -46.752953, -23.62248 ], [ -46.753516, -23.623176 ], [ -46.75431, -23.622627 ], [ -46.75453, -23.622722 ], [ -46.754758, -23.622676 ], [ -46.755912, -23.623037 ], [ -46.756943, -23.623824 ], [ -46.757417, -23.623841 ], [ -46.757629, -23.623236 ], [ -46.75484, -23.621156 ], [ -46.75437, -23.621524 ] ] ] } },
{ "type": "Feature", "properties": { "CD_SETOR": "355030817000137", "faces": 24, "pavimentada": 100.0, "bueiro": 37.5, "iluminacao": 100.0, "onibus": 16.67, "ciclovia": 0.0, "calcada": 95.83, "obstaculo": 82.61, "rampa": 8.7, "rampa_faces": 8.33, "sem_calcada": 4.17, "sem_arvore": 16.67, "muitas_arvores": 33.33, "vao": 91.67, "V05400": 24, "V05421": 23, "V05406": 24, "V05412": 24, "V05422": 1, "V05424": 19, "V05427": 2, "V05409": 9, "V05415": 4, "V05418": 0, "V05430": 4, "V05433": 8, "criancas_0a4": 39, "em_favela": false }, "geometry": { "type": "Polygon", "coordinates": [ [ [ -46.753678, -23.619794 ], [ -46.752427, -23.62101 ], [ -46.752191, -23.621322 ], [ -46.75177, -23.622031 ], [ -46.751384, -23.622864 ], [ -46.750401, -23.623202 ], [ -46.752488, -23.623833 ], [ -46.753516, -23.623176 ], [ -46.752953, -23.62248 ], [ -46.75437, -23.621524 ], [ -46.754179, -23.62129 ], [ -46.753449, -23.621085 ], [ -46.754294, -23.620399 ], [ -46.753678, -23.619794 ] ] ] } },
{ "type": "Feature", "properties": { "CD_SETOR": "355030817000138", "faces": 18, "pavimentada": 100.0, "bueiro": 11.11, "iluminacao": 100.0, "onibus": 11.11, "ciclovia": 0.0, "calcada": 100.0, "obstaculo": 100.0, "rampa": 0.0, "rampa_faces": 0.0, "sem_calcada": 0.0, "sem_arvore": 33.33, "muitas_arvores": 16.67, "vao": 100.0, "V05400": 18, "V05421": 18, "V05406": 18, "V05412": 18, "V05422": 0, "V05424": 18, "V05427": 0, "V05409": 2, "V05415": 2, "V05418": 0, "V05430": 6, "V05433": 3, "criancas_0a4": 45, "em_favela": false }, "geometry": { "type": "Polygon", "coordinates": [ [ [ -46.750082, -23.623268 ], [ -46.751209, -23.624793 ], [ -46.751449, -23.62506 ], [ -46.751578, -23.62514 ], [ -46.751893, -23.62458 ], [ -46.752255, -23.624347 ], [ -46.752789, -23.624507 ], [ -46.753047, -23.62513 ], [ -46.753169, -23.625308 ], [ -46.753775, -23.625302 ], [ -46.753756, -23.624486 ], [ -46.754098, -23.624435 ], [ -46.75424, -23.624467 ], [ -46.754332, -23.624559 ], [ -46.75461, -23.62546 ], [ -46.754702, -23.625592 ], [ -46.754882, -23.625669 ], [ -46.754982, -23.625651 ], [ -46.755173, -23.625377 ], [ -46.755215, -23.625246 ], [ -46.755031, -23.624574 ], [ -46.754992, -23.624266 ], [ -46.755215, -23.623885 ], [ -46.754706, -23.623853 ], [ -46.75316, -23.624021 ], [ -46.750401, -23.623202 ], [ -46.750082, -23.623268 ] ] ] } },
{ "type": "Feature", "properties": { "CD_SETOR": "355030817000139", "faces": 17, "pavimentada": 100.0, "bueiro": 35.29, "iluminacao": 100.0, "onibus": 11.76, "ciclovia": 0.0, "calcada": 76.47, "obstaculo": 76.92, "rampa": 0.0, "rampa_faces": 0.0, "sem_calcada": 23.53, "sem_arvore": 47.06, "muitas_arvores": 5.88, "vao": 100.0, "V05400": 17, "V05421": 13, "V05406": 17, "V05412": 17, "V05422": 4, "V05424": 10, "V05427": 0, "V05409": 6, "V05415": 2, "V05418": 0, "V05430": 8, "V05433": 1, "criancas_0a4": 60, "em_favela": false }, "geometry": { "type": "Polygon", "coordinates": [ [ [ -46.749354, -23.62399 ], [ -46.749279, -23.624565 ], [ -46.749328, -23.624855 ], [ -46.749664, -23.625262 ], [ -46.749577, -23.625582 ], [ -46.749464, -23.625756 ], [ -46.749122, -23.625991 ], [ -46.748658, -23.626145 ], [ -46.748501, -23.626151 ], [ -46.749002, -23.626484 ], [ -46.748979, -23.626833 ], [ -46.749715, -23.62694 ], [ -46.749929, -23.626852 ], [ -46.750083, -23.626669 ], [ -46.750256, -23.62657 ], [ -46.750458, -23.626734 ], [ -46.750777, -23.626574 ], [ -46.750878, -23.626435 ], [ -46.750843, -23.626328 ], [ -46.751273, -23.626043 ], [ -46.75034, -23.625202 ], [ -46.750029, -23.624184 ], [ -46.749962, -23.623792 ], [ -46.749763, -23.623412 ], [ -46.749354, -23.62399 ] ] ] } },
{ "type": "Feature", "properties": { "CD_SETOR": "355030817000142", "faces": 19, "pavimentada": 100.0, "bueiro": 15.79, "iluminacao": 73.68, "onibus": 0.0, "ciclovia": 0.0, "calcada": 47.37, "obstaculo": 100.0, "rampa": 0.0, "rampa_faces": 0.0, "sem_calcada": 52.63, "sem_arvore": 94.74, "muitas_arvores": 0.0, "vao": 100.0, "V05400": 19, "V05421": 9, "V05406": 19, "V05412": 14, "V05422": 10, "V05424": 9, "V05427": 0, "V05409": 3, "V05415": 0, "V05418": 0, "V05430": 18, "V05433": 0, "criancas_0a4": 43, "em_favela": true }, "geometry": { "type": "Polygon", "coordinates": [ [ [ -46.747743, -23.62879 ], [ -46.748341, -23.62905 ], [ -46.748663, -23.629031 ], [ -46.749029, -23.628877 ], [ -46.750111, -23.628121 ], [ -46.74982, -23.627696 ], [ -46.74987, -23.627488 ], [ -46.749396, -23.627471 ], [ -46.749371, -23.627804 ], [ -46.749135, -23.628209 ], [ -46.748895, -23.628375 ], [ -46.748709, -23.628437 ], [ -46.748467, -23.628459 ], [ -46.74809, -23.628412 ], [ -46.747984, -23.628582 ], [ -46.747743, -23.62879 ] ] ] } },
{ "type": "Feature", "properties": { "CD_SETOR": "355030817000147", "faces": 19, "pavimentada": 100.0, "bueiro": 21.05, "iluminacao": 68.42, "onibus": 0.0, "ciclovia": 0.0, "calcada": 31.58, "obstaculo": 100.0, "rampa": 0.0, "rampa_faces": 0.0, "sem_calcada": 68.42, "sem_arvore": 68.42, "muitas_arvores": 0.0, "vao": 100.0, "V05400": 19, "V05421": 6, "V05406": 19, "V05412": 13, "V05422": 13, "V05424": 6, "V05427": 0, "V05409": 4, "V05415": 0, "V05418": 0, "V05430": 13, "V05433": 0, "criancas_0a4": 61, "em_favela": true }, "geometry": { "type": "Polygon", "coordinates": [ [ [ -46.751709, -23.643661 ], [ -46.751597, -23.643868 ], [ -46.751859, -23.644105 ], [ -46.752176, -23.644214 ], [ -46.752471, -23.644207 ], [ -46.752537, -23.644313 ], [ -46.752383, -23.644927 ], [ -46.752533, -23.644999 ], [ -46.752932, -23.644915 ], [ -46.753118, -23.644187 ], [ -46.752924, -23.644072 ], [ -46.752585, -23.643475 ], [ -46.752426, -23.643382 ], [ -46.752056, -23.643319 ], [ -46.751709, -23.643661 ] ] ] } },
{ "type": "Feature", "properties": { "CD_SETOR": "355030817000148", "faces": 26, "pavimentada": 100.0, "bueiro": 100.0, "iluminacao": 100.0, "onibus": 19.23, "ciclovia": 0.0, "calcada": 88.46, "obstaculo": 60.87, "rampa": 4.35, "rampa_faces": 3.85, "sem_calcada": 11.54, "sem_arvore": 57.69, "muitas_arvores": 11.54, "vao": 96.15, "V05400": 26, "V05421": 23, "V05406": 26, "V05412": 26, "V05422": 3, "V05424": 14, "V05427": 1, "V05409": 26, "V05415": 5, "V05418": 0, "V05430": 15, "V05433": 3, "criancas_0a4": 33, "em_favela": false }, "geometry": { "type": "Polygon", "coordinates": [ [ [ -46.771333, -23.651807 ], [ -46.770995, -23.652862 ], [ -46.770441, -23.653175 ], [ -46.770286, -23.653308 ], [ -46.770198, -23.653522 ], [ -46.770205, -23.653827 ], [ -46.772859, -23.652931 ], [ -46.773415, -23.652112 ], [ -46.77382, -23.651796 ], [ -46.772561, -23.651441 ], [ -46.772444, -23.652133 ], [ -46.772336, -23.65233 ], [ -46.771864, -23.652131 ], [ -46.772225, -23.650753 ], [ -46.771736, -23.650436 ], [ -46.771658, -23.650524 ], [ -46.771333, -23.651807 ] ] ] } },
{ "type": "Feature", "properties": { "CD_SETOR": "355030817000149", "faces": 8, "pavimentada": 100.0, "bueiro": 100.0, "iluminacao": 100.0, "onibus": 0.0, "ciclovia": 0.0, "calcada": 62.5, "obstaculo": 100.0, "rampa": 0.0, "rampa_faces": 0.0, "sem_calcada": 37.5, "sem_arvore": 50.0, "muitas_arvores": 25.0, "vao": 100.0, "V05400": 8, "V05421": 5, "V05406": 8, "V05412": 8, "V05422": 3, "V05424": 5, "V05427": 0, "V05409": 8, "V05415": 0, "V05418": 0, "V05430": 4, "V05433": 2, "criancas_0a4": 45, "em_favela": false }, "geometry": { "type": "Polygon", "coordinates": [ [ [ -46.771391, -23.650245 ], [ -46.772225, -23.650753 ], [ -46.771864, -23.652131 ], [ -46.772336, -23.65233 ], [ -46.772444, -23.652133 ], [ -46.772561, -23.651441 ], [ -46.773101, -23.651591 ], [ -46.773248, -23.650987 ], [ -46.773089, -23.650924 ], [ -46.772857, -23.650514 ], [ -46.772544, -23.650227 ], [ -46.771689, -23.649724 ], [ -46.771391, -23.650245 ] ] ] } },
{ "type": "Feature", "properties": { "CD_SETOR": "355030817000151", "faces": 8, "pavimentada": 100.0, "bueiro": 25.0, "iluminacao": 100.0, "onibus": 0.0, "ciclovia": 0.0, "calcada": 50.0, "obstaculo": 100.0, "rampa": 0.0, "rampa_faces": 0.0, "sem_calcada": 50.0, "sem_arvore": 62.5, "muitas_arvores": 0.0, "vao": 100.0, "V05400": 8, "V05421": 4, "V05406": 8, "V05412": 8, "V05422": 4, "V05424": 4, "V05427": 0, "V05409": 2, "V05415": 0, "V05418": 0, "V05430": 5, "V05433": 0, "criancas_0a4": 24, "em_favela": true }, "geometry": { "type": "Polygon", "coordinates": [ [ [ -46.775786, -23.648619 ], [ -46.775803, -23.648761 ], [ -46.775761, -23.648848 ], [ -46.775245, -23.649184 ], [ -46.775454, -23.649543 ], [ -46.775655, -23.649428 ], [ -46.775706, -23.649531 ], [ -46.775979, -23.649396 ], [ -46.776239, -23.649232 ], [ -46.776526, -23.648932 ], [ -46.776521, -23.648877 ], [ -46.776368, -23.648797 ], [ -46.776402, -23.648441 ], [ -46.776324, -23.648236 ], [ -46.775786, -23.648619 ] ] ] } },
{ "type": "Feature", "properties": { "CD_SETOR": "355030817000152", "faces": 10, "pavimentada": 100.0, "bueiro": 70.0, "iluminacao": 100.0, "onibus": 10.0, "ciclovia": 0.0, "calcada": 90.0, "obstaculo": 100.0, "rampa": 0.0, "rampa_faces": 0.0, "sem_calcada": 10.0, "sem_arvore": 10.0, "muitas_arvores": 10.0, "vao": 100.0, "V05400": 10, "V05421": 9, "V05406": 10, "V05412": 10, "V05422": 1, "V05424": 9, "V05427": 0, "V05409": 7, "V05415": 1, "V05418": 0, "V05430": 1, "V05433": 1, "criancas_0a4": 31, "em_favela": false }, "geometry": { "type": "Polygon", "coordinates": [ [ [ -46.776521, -23.648877 ], [ -46.776489, -23.649005 ], [ -46.776239, -23.649232 ], [ -46.775706, -23.649531 ], [ -46.775655, -23.649428 ], [ -46.775454, -23.649543 ], [ -46.775245, -23.649184 ], [ -46.774995, -23.649381 ], [ -46.774881, -23.649644 ], [ -46.775516, -23.649776 ], [ -46.776994, -23.64996 ], [ -46.777318, -23.65042 ], [ -46.777894, -23.650131 ], [ -46.778211, -23.649914 ], [ -46.778233, -23.64981 ], [ -46.778194, -23.649707 ], [ -46.777572, -23.649376 ], [ -46.777142, -23.649271 ], [ -46.776774, -23.649362 ], [ -46.776927, -23.64905 ], [ -46.777136, -23.648786 ], [ -46.777383, -23.64873 ], [ -46.777793, -23.648851 ], [ -46.777886, -23.648461 ], [ -46.77765, -23.648494 ], [ -46.776929, -23.648457 ], [ -46.776787, -23.648553 ], [ -46.776521, -23.648877 ] ] ] } },
{ "type": "Feature", "properties": { "CD_SETOR": "355030817000154", "faces": 24, "pavimentada": 100.0, "bueiro": 20.83, "iluminacao": 41.67, "onibus": 0.0, "ciclovia": 0.0, "calcada": 37.5, "obstaculo": 100.0, "rampa": 0.0, "rampa_faces": 0.0, "sem_calcada": 62.5, "sem_arvore": 83.33, "muitas_arvores": 0.0, "vao": 100.0, "V05400": 24, "V05421": 9, "V05406": 24, "V05412": 10, "V05422": 15, "V05424": 9, "V05427": 0, "V05409": 5, "V05415": 0, "V05418": 0, "V05430": 20, "V05433": 0, "criancas_0a4": 48, "em_favela": true }, "geometry": { "type": "Polygon", "coordinates": [ [ [ -46.781022, -23.648442 ], [ -46.781301, -23.648178 ], [ -46.781858, -23.648613 ], [ -46.78227, -23.649066 ], [ -46.782659, -23.648935 ], [ -46.782484, -23.64832 ], [ -46.782382, -23.648133 ], [ -46.782169, -23.648031 ], [ -46.780949, -23.647684 ], [ -46.780761, -23.647469 ], [ -46.780745, -23.647118 ], [ -46.780329, -23.646983 ], [ -46.780469, -23.647589 ], [ -46.780466, -23.648224 ], [ -46.780725, -23.648255 ], [ -46.781022, -23.648442 ] ] ] } },
{ "type": "Feature", "properties": { "CD_SETOR": "355030817000155", "faces": 23, "pavimentada": 100.0, "bueiro": 30.43, "iluminacao": 100.0, "onibus": 34.78, "ciclovia": 0.0, "calcada": 82.61, "obstaculo": 78.95, "rampa": 0.0, "rampa_faces": 0.0, "sem_calcada": 17.39, "sem_arvore": 8.7, "muitas_arvores": 52.17, "vao": 100.0, "V05400": 23, "V05421": 19, "V05406": 23, "V05412": 23, "V05422": 4, "V05424": 15, "V05427": 0, "V05409": 7, "V05415": 8, "V05418": 0, "V05430": 2, "V05433": 12, "criancas_0a4": 28, "em_favela": false }, "geometry": { "type": "Polygon", "coordinates": [ [ [ -46.78208, -23.643872 ], [ -46.783331, -23.644128 ], [ -46.783371, -23.644264 ], [ -46.783181, -23.644558 ], [ -46.783099, -23.645403 ], [ -46.783138, -23.64548 ], [ -46.783754, -23.645632 ], [ -46.783657, -23.645845 ], [ -46.783593, -23.646198 ], [ -46.783817, -23.646632 ], [ -46.784362, -23.646354 ], [ -46.784312, -23.646183 ], [ -46.784318, -23.645959 ], [ -46.784532, -23.645374 ], [ -46.78441, -23.644914 ], [ -46.784245, -23.644614 ], [ -46.783526, -23.64359 ], [ -46.782145, -23.642587 ], [ -46.78208, -23.643872 ] ] ] } },
{ "type": "Feature", "properties": { "CD_SETOR": "355030817000157", "faces": 12, "pavimentada": 100.0, "bueiro": 41.67, "iluminacao": 58.33, "onibus": 0.0, "ciclovia": 0.0, "calcada": 58.33, "obstaculo": 28.57, "rampa": 14.29, "rampa_faces": 8.33, "sem_calcada": 41.67, "sem_arvore": 66.67, "muitas_arvores": 25.0, "vao": 91.67, "V05400": 12, "V05421": 7, "V05406": 12, "V05412": 7, "V05422": 5, "V05424": 2, "V05427": 1, "V05409": 5, "V05415": 0, "V05418": 0, "V05430": 8, "V05433": 3, "criancas_0a4": 14, "em_favela": true }, "geometry": { "type": "Polygon", "coordinates": [ [ [ -46.784381, -23.638919 ], [ -46.78495, -23.639158 ], [ -46.785168, -23.639124 ], [ -46.785049, -23.638564 ], [ -46.784852, -23.638362 ], [ -46.784389, -23.638262 ], [ -46.784381, -23.638919 ] ] ] } },
{ "type": "Feature", "properties": { "CD_SETOR": "355030817000159", "faces": 14, "pavimentada": 100.0, "bueiro": 42.86, "iluminacao": 100.0, "onibus": 7.14, "ciclovia": 0.0, "calcada": 100.0, "obstaculo": 78.57, "rampa": 0.0, "rampa_faces": 0.0, "sem_calcada": 0.0, "sem_arvore": 57.14, "muitas_arvores": 7.14, "vao": 100.0, "V05400": 14, "V05421": 14, "V05406": 14, "V05412": 14, "V05422": 0, "V05424": 11, "V05427": 0, "V05409": 6, "V05415": 1, "V05418": 0, "V05430": 8, "V05433": 1, "criancas_0a4": 31, "em_favela": false }, "geometry": { "type": "Polygon", "coordinates": [ [ [ -46.754206, -23.611572 ], [ -46.754464, -23.612279 ], [ -46.755167, -23.613281 ], [ -46.755514, -23.614196 ], [ -46.756653, -23.613525 ], [ -46.756708, -23.613385 ], [ -46.755301, -23.611305 ], [ -46.754781, -23.611512 ], [ -46.754206, -23.611572 ] ] ] } },
{ "type": "Feature", "properties": { "CD_SETOR": "355030817000162", "faces": 2, "pavimentada": 100.0, "bueiro": 0.0, "iluminacao": 100.0, "onibus": 0.0, "ciclovia": 0.0, "calcada": 100.0, "obstaculo": 100.0, "rampa": 0.0, "rampa_faces": 0.0, "sem_calcada": 0.0, "sem_arvore": 0.0, "muitas_arvores": 0.0, "vao": 100.0, "V05400": 2, "V05421": 2, "V05406": 2, "V05412": 2, "V05422": 0, "V05424": 2, "V05427": 0, "V05409": 0, "V05415": 0, "V05418": 0, "V05430": 0, "V05433": 0, "criancas_0a4": 8, "em_favela": false }, "geometry": { "type": "Polygon", "coordinates": [ [ [ -46.75256, -23.619671 ], [ -46.751773, -23.620373 ], [ -46.751978, -23.620545 ], [ -46.752175, -23.620373 ], [ -46.752367, -23.620474 ], [ -46.752954, -23.62009 ], [ -46.75256, -23.619671 ] ] ] } },
{ "type": "Feature", "properties": { "CD_SETOR": "355030817000163", "faces": 32, "pavimentada": 96.88, "bueiro": 59.38, "iluminacao": 87.5, "onibus": 6.25, "ciclovia": 0.0, "calcada": 78.12, "obstaculo": 80.0, "rampa": 4.0, "rampa_faces": 3.12, "sem_calcada": 21.88, "sem_arvore": 37.5, "muitas_arvores": 12.5, "vao": 93.75, "V05400": 32, "V05421": 25, "V05406": 31, "V05412": 28, "V05422": 7, "V05424": 20, "V05427": 1, "V05409": 19, "V05415": 2, "V05418": 0, "V05430": 12, "V05433": 4, "criancas_0a4": 22, "em_favela": false }, "geometry": { "type": "Polygon", "coordinates": [ [ [ -46.750527, -23.618556 ], [ -46.752091, -23.620097 ], [ -46.75256, -23.619671 ], [ -46.752318, -23.619414 ], [ -46.752761, -23.619187 ], [ -46.752903, -23.61899 ], [ -46.753474, -23.618693 ], [ -46.753904, -23.618544 ], [ -46.754163, -23.618373 ], [ -46.754075, -23.618256 ], [ -46.753946, -23.618211 ], [ -46.753796, -23.618278 ], [ -46.753037, -23.616974 ], [ -46.750527, -23.618556 ] ] ] } },
{ "type": "Feature", "properties": { "CD_SETOR": "355030817000165", "faces": 4, "pavimentada": 100.0, "bueiro": 100.0, "iluminacao": 50.0, "onibus": 50.0, "ciclovia": 0.0, "calcada": 100.0, "obstaculo": 0.0, "rampa": 50.0, "rampa_faces": 50.0, "sem_calcada": 0.0, "sem_arvore": 0.0, "muitas_arvores": 25.0, "vao": 50.0, "V05400": 4, "V05421": 4, "V05406": 4, "V05412": 2, "V05422": 0, "V05424": 0, "V05427": 2, "V05409": 4, "V05415": 2, "V05418": 0, "V05430": 0, "V05433": 1, "criancas_0a4": 14, "em_favela": false }, "geometry": { "type": "Polygon", "coordinates": [ [ [ -46.751978, -23.620545 ], [ -46.752427, -23.62101 ], [ -46.753153, -23.620284 ], [ -46.752954, -23.62009 ], [ -46.752367, -23.620474 ], [ -46.752175, -23.620373 ], [ -46.751978, -23.620545 ] ] ] } },
{ "type": "Feature", "properties": { "CD_SETOR": "355030817000170", "faces": 17, "pavimentada": 100.0, "bueiro": 29.41, "iluminacao": 100.0, "onibus": 23.53, "ciclovia": 0.0, "calcada": 70.59, "obstaculo": 100.0, "rampa": 0.0, "rampa_faces": 0.0, "sem_calcada": 29.41, "sem_arvore": 52.94, "muitas_arvores": 11.76, "vao": 100.0, "V05400": 17, "V05421": 12, "V05406": 17, "V05412": 17, "V05422": 5, "V05424": 12, "V05427": 0, "V05409": 5, "V05415": 4, "V05418": 0, "V05430": 9, "V05433": 2, "criancas_0a4": 70, "em_favela": false }, "geometry": { "type": "Polygon", "coordinates": [ [ [ -46.746243, -23.63404 ], [ -46.746853, -23.635205 ], [ -46.747105, -23.634605 ], [ -46.747485, -23.635158 ], [ -46.747502, -23.635248 ], [ -46.748102, -23.635864 ], [ -46.748113, -23.635257 ], [ -46.748695, -23.635061 ], [ -46.747577, -23.633365 ], [ -46.747548, -23.633205 ], [ -46.747259, -23.63308 ], [ -46.747095, -23.632852 ], [ -46.746984, -23.633061 ], [ -46.747028, -23.633465 ], [ -46.746551, -23.633648 ], [ -46.746638, -23.633799 ], [ -46.746243, -23.63404 ] ] ] } },
{ "type": "Feature", "properties": { "CD_SETOR": "355030817000171", "faces": 8, "pavimentada": 100.0, "bueiro": 37.5, "iluminacao": 100.0, "onibus": 37.5, "ciclovia": 0.0, "calcada": 100.0, "obstaculo": 100.0, "rampa": 0.0, "rampa_faces": 0.0, "sem_calcada": 0.0, "sem_arvore": 50.0, "muitas_arvores": 12.5, "vao": 100.0, "V05400": 8, "V05421": 8, "V05406": 8, "V05412": 8, "V05422": 0, "V05424": 8, "V05427": 0, "V05409": 3, "V05415": 3, "V05418": 0, "V05430": 4, "V05433": 1, "criancas_0a4": 31, "em_favela": false }, "geometry": { "type": "Polygon", "coordinates": [ [ [ -46.746853, -23.635205 ], [ -46.746635, -23.635343 ], [ -46.746466, -23.635368 ], [ -46.745969, -23.63533 ], [ -46.74576, -23.635581 ], [ -46.745784, -23.635712 ], [ -46.745882, -23.635832 ], [ -46.746585, -23.635896 ], [ -46.746819, -23.63626 ], [ -46.746781, -23.636516 ], [ -46.747081, -23.636535 ], [ -46.747907, -23.63635 ], [ -46.748102, -23.635864 ], [ -46.747502, -23.635248 ], [ -46.747485, -23.635158 ], [ -46.747105, -23.634605 ], [ -46.746853, -23.635205 ] ] ] } },
{ "type": "Feature", "properties": { "CD_SETOR": "355030817000174", "faces": 18, "pavimentada": 100.0, "bueiro": 27.78, "iluminacao": 100.0, "onibus": 5.56, "ciclovia": 0.0, "calcada": 100.0, "obstaculo": 100.0, "rampa": 11.11, "rampa_faces": 11.11, "sem_calcada": 0.0, "sem_arvore": 33.33, "muitas_arvores": 38.89, "vao": 88.89, "V05400": 18, "V05421": 18, "V05406": 18, "V05412": 18, "V05422": 0, "V05424": 18, "V05427": 2, "V05409": 5, "V05415": 1, "V05418": 0, "V05430": 6, "V05433": 7, "criancas_0a4": 55, "em_favela": false }, "geometry": { "type": "Polygon", "coordinates": [ [ [ -46.748669, -23.637425 ], [ -46.747821, -23.638428 ], [ -46.747172, -23.638366 ], [ -46.746569, -23.638414 ], [ -46.746, -23.638615 ], [ -46.746025, -23.638716 ], [ -46.746243, -23.638915 ], [ -46.746668, -23.639091 ], [ -46.749238, -23.639465 ], [ -46.749738, -23.638934 ], [ -46.749492, -23.638838 ], [ -46.749482, -23.638001 ], [ -46.749689, -23.63656 ], [ -46.749453, -23.635731 ], [ -46.749449, -23.635896 ], [ -46.748669, -23.637425 ] ] ] } },
{ "type": "Feature", "properties": { "CD_SETOR": "355030817000175", "faces": 12, "pavimentada": 100.0, "bueiro": 16.67, "iluminacao": 100.0, "onibus": 8.33, "ciclovia": 0.0, "calcada": 83.33, "obstaculo": 100.0, "rampa": 10.0, "rampa_faces": 8.33, "sem_calcada": 16.67, "sem_arvore": 41.67, "muitas_arvores": 25.0, "vao": 91.67, "V05400": 12, "V05421": 10, "V05406": 12, "V05412": 12, "V05422": 2, "V05424": 10, "V05427": 1, "V05409": 2, "V05415": 1, "V05418": 0, "V05430": 5, "V05433": 3, "criancas_0a4": 38, "em_favela": false }, "geometry": { "type": "Polygon", "coordinates": [ [ [ -46.748136, -23.641939 ], [ -46.748511, -23.642304 ], [ -46.74896, -23.642256 ], [ -46.749235, -23.642304 ], [ -46.749496, -23.642458 ], [ -46.750252, -23.643065 ], [ -46.750567, -23.643252 ], [ -46.751455, -23.643334 ], [ -46.749889, -23.641104 ], [ -46.749621, -23.640658 ], [ -46.749513, -23.640835 ], [ -46.749399, -23.640898 ], [ -46.748761, -23.641122 ], [ -46.749262, -23.641537 ], [ -46.748136, -23.641939 ] ] ] } },
{ "type": "Feature", "properties": { "CD_SETOR": "355030817000176", "faces": 21, "pavimentada": 100.0, "bueiro": 42.86, "iluminacao": 100.0, "onibus": 23.81, "ciclovia": 0.0, "calcada": 100.0, "obstaculo": 95.24, "rampa": 9.52, "rampa_faces": 9.52, "sem_calcada": 0.0, "sem_arvore": 28.57, "muitas_arvores": 38.1, "vao": 90.48, "V05400": 21, "V05421": 21, "V05406": 21, "V05412": 21, "V05422": 0, "V05424": 20, "V05427": 2, "V05409": 9, "V05415": 5, "V05418": 0, "V05430": 6, "V05433": 8, "criancas_0a4": 37, "em_favela": false }, "geometry": { "type": "Polygon", "coordinates": [ [ [ -46.783817, -23.646632 ], [ -46.78474, -23.648183 ], [ -46.784767, -23.648318 ], [ -46.784785, -23.648542 ], [ -46.784726, -23.648646 ], [ -46.783868, -23.649191 ], [ -46.784109, -23.649703 ], [ -46.786527, -23.648242 ], [ -46.786202, -23.647858 ], [ -46.785452, -23.647118 ], [ -46.785426, -23.64666 ], [ -46.785556, -23.646348 ], [ -46.78477, -23.645728 ], [ -46.784532, -23.645374 ], [ -46.784318, -23.645959 ], [ -46.784312, -23.646183 ], [ -46.784362, -23.646354 ], [ -46.783817, -23.646632 ] ] ] } },
{ "type": "Feature", "properties": { "CD_SETOR": "355030817000178", "faces": 1, "pavimentada": 100.0, "bueiro": 100.0, "iluminacao": 100.0, "onibus": 0.0, "ciclovia": 0.0, "calcada": 100.0, "obstaculo": 100.0, "rampa": 0.0, "rampa_faces": 0.0, "sem_calcada": 0.0, "sem_arvore": 100.0, "muitas_arvores": 0.0, "vao": 100.0, "V05400": 1, "V05421": 1, "V05406": 1, "V05412": 1, "V05422": 0, "V05424": 1, "V05427": 0, "V05409": 1, "V05415": 0, "V05418": 0, "V05430": 1, "V05433": 0, "criancas_0a4": 3, "em_favela": false }, "geometry": { "type": "Polygon", "coordinates": [ [ [ -46.786499, -23.643833 ], [ -46.787373, -23.644564 ], [ -46.787644, -23.64445 ], [ -46.787702, -23.644343 ], [ -46.787635, -23.644247 ], [ -46.786656, -23.643635 ], [ -46.786499, -23.643833 ] ] ] } },
{ "type": "Feature", "properties": { "CD_SETOR": "355030817000182", "faces": 14, "pavimentada": 100.0, "bueiro": 50.0, "iluminacao": 100.0, "onibus": 0.0, "ciclovia": 0.0, "calcada": 100.0, "obstaculo": 7.14, "rampa": 0.0, "rampa_faces": 0.0, "sem_calcada": 0.0, "sem_arvore": 35.71, "muitas_arvores": 28.57, "vao": 100.0, "V05400": 14, "V05421": 14, "V05406": 14, "V05412": 14, "V05422": 0, "V05424": 1, "V05427": 0, "V05409": 7, "V05415": 0, "V05418": 0, "V05430": 5, "V05433": 4, "criancas_0a4": 37, "em_favela": false }, "geometry": { "type": "Polygon", "coordinates": [ [ [ -46.741963, -23.634148 ], [ -46.742788, -23.63528 ], [ -46.743195, -23.635427 ], [ -46.743739, -23.635707 ], [ -46.744381, -23.63518 ], [ -46.744344, -23.635126 ], [ -46.743941, -23.635047 ], [ -46.743849, -23.63488 ], [ -46.744158, -23.633934 ], [ -46.744381, -23.633776 ], [ -46.744273, -23.633623 ], [ -46.74266, -23.634141 ], [ -46.742545, -23.633956 ], [ -46.741963, -23.634148 ] ] ] } },
{ "type": "Feature", "properties": { "CD_SETOR": "355030817000183", "faces": 16, "pavimentada": 100.0, "bueiro": 56.25, "iluminacao": 100.0, "onibus": 25.0, "ciclovia": 0.0, "calcada": 100.0, "obstaculo": 100.0, "rampa": 37.5, "rampa_faces": 37.5, "sem_calcada": 0.0, "sem_arvore": 37.5, "muitas_arvores": 25.0, "vao": 62.5, "V05400": 16, "V05421": 16, "V05406": 16, "V05412": 16, "V05422": 0, "V05424": 16, "V05427": 6, "V05409": 9, "V05415": 4, "V05418": 0, "V05430": 6, "V05433": 4, "criancas_0a4": 26, "em_favela": false }, "geometry": { "type": "Polygon", "coordinates": [ [ [ -46.785556, -23.646348 ], [ -46.785426, -23.64666 ], [ -46.785452, -23.647118 ], [ -46.786202, -23.647858 ], [ -46.786527, -23.648242 ], [ -46.784109, -23.649703 ], [ -46.783868, -23.649191 ], [ -46.783534, -23.649374 ], [ -46.783441, -23.64958 ], [ -46.783452, -23.650357 ], [ -46.783646, -23.650473 ], [ -46.78383, -23.650483 ], [ -46.784603, -23.650248 ], [ -46.786498, -23.649257 ], [ -46.787266, -23.648422 ], [ -46.78737, -23.64813 ], [ -46.787241, -23.647987 ], [ -46.787552, -23.647676 ], [ -46.788323, -23.646508 ], [ -46.787898, -23.64622 ], [ -46.787457, -23.646647 ], [ -46.78715, -23.646707 ], [ -46.786316, -23.646336 ], [ -46.785556, -23.646348 ] ] ] } },
{ "type": "Feature", "properties": { "CD_SETOR": "355030817000184", "faces": 20, "pavimentada": 100.0, "bueiro": 60.0, "iluminacao": 100.0, "onibus": 25.0, "ciclovia": 0.0, "calcada": 100.0, "obstaculo": 95.0, "rampa": 10.0, "rampa_faces": 10.0, "sem_calcada": 0.0, "sem_arvore": 55.0, "muitas_arvores": 20.0, "vao": 90.0, "V05400": 20, "V05421": 20, "V05406": 20, "V05412": 20, "V05422": 0, "V05424": 19, "V05427": 2, "V05409": 12, "V05415": 5, "V05418": 0, "V05430": 11, "V05433": 4, "criancas_0a4": 50, "em_favela": false }, "geometry": { "type": "Polygon", "coordinates": [ [ [ -46.788439, -23.644153 ], [ -46.78859, -23.644593 ], [ -46.789303, -23.645197 ], [ -46.78938, -23.645505 ], [ -46.789177, -23.645599 ], [ -46.788974, -23.646062 ], [ -46.788971, -23.646183 ], [ -46.789582, -23.647149 ], [ -46.790042, -23.647232 ], [ -46.790531, -23.647477 ], [ -46.792262, -23.646949 ], [ -46.78948, -23.644863 ], [ -46.789207, -23.643984 ], [ -46.788555, -23.64418 ], [ -46.788439, -23.644153 ] ] ] } },
{ "type": "Feature", "properties": { "CD_SETOR": "355030817000185", "faces": 13, "pavimentada": 100.0, "bueiro": 0.0, "iluminacao": 38.46, "onibus": 0.0, "ciclovia": 0.0, "calcada": 15.38, "obstaculo": 50.0, "rampa": 0.0, "rampa_faces": 0.0, "sem_calcada": 84.62, "sem_arvore": 92.31, "muitas_arvores": 0.0, "vao": 100.0, "V05400": 13, "V05421": 2, "V05406": 13, "V05412": 5, "V05422": 11, "V05424": 1, "V05427": 0, "V05409": 0, "V05415": 0, "V05418": 0, "V05430": 12, "V05433": 0, "criancas_0a4": 30, "em_favela": true }, "geometry": { "type": "Polygon", "coordinates": [ [ [ -46.788384, -23.644053 ], [ -46.788439, -23.644153 ], [ -46.788555, -23.64418 ], [ -46.789207, -23.643984 ], [ -46.789101, -23.643681 ], [ -46.788818, -23.643266 ], [ -46.788749, -23.643084 ], [ -46.78871, -23.642872 ], [ -46.788763, -23.642576 ], [ -46.78843, -23.64271 ], [ -46.788446, -23.643713 ], [ -46.788384, -23.644053 ] ] ] } },
{ "type": "Feature", "properties": { "CD_SETOR": "355030817000186", "faces": 16, "pavimentada": 100.0, "bueiro": 56.25, "iluminacao": 100.0, "onibus": 0.0, "ciclovia": 0.0, "calcada": 100.0, "obstaculo": 93.75, "rampa": 0.0, "rampa_faces": 0.0, "sem_calcada": 0.0, "sem_arvore": 43.75, "muitas_arvores": 12.5, "vao": 100.0, "V05400": 16, "V05421": 16, "V05406": 16, "V05412": 16, "V05422": 0, "V05424": 15, "V05427": 0, "V05409": 9, "V05415": 0, "V05418": 0, "V05430": 7, "V05433": 2, "criancas_0a4": 23, "em_favela": false }, "geometry": { "type": "Polygon", "coordinates": [ [ [ -46.766314, -23.633162 ], [ -46.767319, -23.633098 ], [ -46.767259, -23.633561 ], [ -46.768569, -23.633618 ], [ -46.768756, -23.633365 ], [ -46.768915, -23.632692 ], [ -46.767416, -23.632645 ], [ -46.76762, -23.631532 ], [ -46.767091, -23.631774 ], [ -46.76648, -23.632175 ], [ -46.766314, -23.633162 ] ] ] } },
{ "type": "Feature", "properties": { "CD_SETOR": "355030817000187", "faces": 15, "pavimentada": 100.0, "bueiro": 46.67, "iluminacao": 100.0, "onibus": 0.0, "ciclovia": 0.0, "calcada": 93.33, "obstaculo": 71.43, "rampa": 0.0, "rampa_faces": 0.0, "sem_calcada": 6.67, "sem_arvore": 20.0, "muitas_arvores": 0.0, "vao": 100.0, "V05400": 15, "V05421": 14, "V05406": 15, "V05412": 15, "V05422": 1, "V05424": 10, "V05427": 0, "V05409": 7, "V05415": 0, "V05418": 0, "V05430": 3, "V05433": 0, "criancas_0a4": 31, "em_favela": false }, "geometry": { "type": "Polygon", "coordinates": [ [ [ -46.765785, -23.635425 ], [ -46.76532, -23.637216 ], [ -46.766483, -23.637467 ], [ -46.76663, -23.637189 ], [ -46.766868, -23.637009 ], [ -46.766954, -23.636641 ], [ -46.766906, -23.636584 ], [ -46.767144, -23.635722 ], [ -46.765785, -23.635425 ] ] ] } },
{ "type": "Feature", "properties": { "CD_SETOR": "355030817000188", "faces": 28, "pavimentada": 100.0, "bueiro": 60.71, "iluminacao": 100.0, "onibus": 3.57, "ciclovia": 0.0, "calcada": 100.0, "obstaculo": 78.57, "rampa": 3.57, "rampa_faces": 3.57, "sem_calcada": 0.0, "sem_arvore": 50.0, "muitas_arvores": 14.29, "vao": 96.43, "V05400": 28, "V05421": 28, "V05406": 28, "V05412": 28, "V05422": 0, "V05424": 22, "V05427": 1, "V05409": 17, "V05415": 1, "V05418": 0, "V05430": 14, "V05433": 4, "criancas_0a4": 44, "em_favela": false }, "geometry": { "type": "Polygon", "coordinates": [ [ [ -46.762431, -23.635511 ], [ -46.76203, -23.635726 ], [ -46.761863, -23.635759 ], [ -46.76099, -23.635492 ], [ -46.760036, -23.635525 ], [ -46.759721, -23.635609 ], [ -46.759266, -23.635896 ], [ -46.760817, -23.637509 ], [ -46.763285, -23.636287 ], [ -46.763509, -23.636164 ], [ -46.76361, -23.636047 ], [ -46.763672, -23.635487 ], [ -46.762982, -23.634959 ], [ -46.763083, -23.635534 ], [ -46.763012, -23.635694 ], [ -46.762963, -23.635724 ], [ -46.762431, -23.635511 ] ] ] } },
{ "type": "Feature", "properties": { "CD_SETOR": "355030817000189", "faces": 5, "pavimentada": 100.0, "bueiro": 60.0, "iluminacao": 100.0, "onibus": 0.0, "ciclovia": 0.0, "calcada": 100.0, "obstaculo": 80.0, "rampa": 0.0, "rampa_faces": 0.0, "sem_calcada": 0.0, "sem_arvore": 20.0, "muitas_arvores": 40.0, "vao": 100.0, "V05400": 5, "V05421": 5, "V05406": 5, "V05412": 5, "V05422": 0, "V05424": 4, "V05427": 0, "V05409": 3, "V05415": 0, "V05418": 0, "V05430": 1, "V05433": 2, "criancas_0a4": 8, "em_favela": false }, "geometry": { "type": "Polygon", "coordinates": [ [ [ -46.7697, -23.637853 ], [ -46.769731, -23.637974 ], [ -46.769543, -23.638568 ], [ -46.769877, -23.638501 ], [ -46.770087, -23.638513 ], [ -46.770291, -23.638617 ], [ -46.770471, -23.638799 ], [ -46.770753, -23.637956 ], [ -46.770382, -23.637719 ], [ -46.769921, -23.637752 ], [ -46.7697, -23.637853 ] ] ] } },
{ "type": "Feature", "properties": { "CD_SETOR": "355030817000190", "faces": 50, "pavimentada": 100.0, "bueiro": 68.0, "iluminacao": 100.0, "onibus": 12.0, "ciclovia": 0.0, "calcada": 92.0, "obstaculo": 84.78, "rampa": 43.48, "rampa_faces": 40.0, "sem_calcada": 8.0, "sem_arvore": 30.0, "muitas_arvores": 54.0, "vao": 60.0, "V05400": 50, "V05421": 46, "V05406": 50, "V05412": 50, "V05422": 4, "V05424": 39, "V05427": 20, "V05409": 34, "V05415": 6, "V05418": 0, "V05430": 15, "V05433": 27, "criancas_0a4": 43, "em_favela": false }, "geometry": { "type": "Polygon", "coordinates": [ [ [ -46.771609, -23.633061 ], [ -46.771771, -23.633494 ], [ -46.771772, -23.63365 ], [ -46.774131, -23.634022 ], [ -46.77419, -23.633949 ], [ -46.776713, -23.633968 ], [ -46.777628, -23.633905 ], [ -46.776934, -23.632343 ], [ -46.776781, -23.631705 ], [ -46.77662, -23.63129 ], [ -46.776371, -23.631316 ], [ -46.776174, -23.631172 ], [ -46.775147, -23.631171 ], [ -46.775066, -23.631249 ], [ -46.773806, -23.631186 ], [ -46.773685, -23.631217 ], [ -46.773253, -23.631493 ], [ -46.771918, -23.632096 ], [ -46.77233, -23.632491 ], [ -46.771609, -23.633061 ] ] ] } },
{ "type": "Feature", "properties": { "CD_SETOR": "355030817000191", "faces": 1, "pavimentada": 100.0, "bueiro": 100.0, "iluminacao": 100.0, "onibus": 100.0, "ciclovia": 100.0, "calcada": 100.0, "obstaculo": 100.0, "rampa": 0.0, "rampa_faces": 0.0, "sem_calcada": 0.0, "sem_arvore": 0.0, "muitas_arvores": 100.0, "vao": 100.0, "V05400": 1, "V05421": 1, "V05406": 1, "V05412": 1, "V05422": 0, "V05424": 1, "V05427": 0, "V05409": 1, "V05415": 1, "V05418": 1, "V05430": 0, "V05433": 1, "criancas_0a4": 29, "em_favela": false }, "geometry": { "type": "Polygon", "coordinates": [ [ [ -46.759407, -23.630219 ], [ -46.759496, -23.630914 ], [ -46.75935, -23.63129 ], [ -46.760045, -23.631562 ], [ -46.760286, -23.630928 ], [ -46.760504, -23.630596 ], [ -46.760912, -23.630891 ], [ -46.761127, -23.630623 ], [ -46.76061, -23.630279 ], [ -46.760268, -23.630177 ], [ -46.759781, -23.630255 ], [ -46.759407, -23.630219 ] ] ] } },
{ "type": "Feature", "properties": { "CD_SETOR": "355030817000194", "faces": 19, "pavimentada": 100.0, "bueiro": 36.84, "iluminacao": 100.0, "onibus": 15.79, "ciclovia": 0.0, "calcada": 89.47, "obstaculo": 94.12, "rampa": 11.76, "rampa_faces": 10.53, "sem_calcada": 10.53, "sem_arvore": 47.37, "muitas_arvores": 15.79, "vao": 89.47, "V05400": 19, "V05421": 17, "V05406": 19, "V05412": 19, "V05422": 2, "V05424": 16, "V05427": 2, "V05409": 7, "V05415": 3, "V05418": 0, "V05430": 9, "V05433": 3, "criancas_0a4": 30, "em_favela": false }, "geometry": { "type": "Polygon", "coordinates": [ [ [ -46.761778, -23.640619 ], [ -46.761843, -23.639916 ], [ -46.761307, -23.639861 ], [ -46.761235, -23.640389 ], [ -46.761494, -23.640848 ], [ -46.761403, -23.641323 ], [ -46.761405, -23.641548 ], [ -46.761471, -23.642055 ], [ -46.761575, -23.642325 ], [ -46.761823, -23.642544 ], [ -46.76223, -23.642702 ], [ -46.763037, -23.643244 ], [ -46.763755, -23.644133 ], [ -46.764092, -23.644311 ], [ -46.764253, -23.643976 ], [ -46.764623, -23.643652 ], [ -46.764417, -23.643341 ], [ -46.764141, -23.643152 ], [ -46.764554, -23.642712 ], [ -46.763936, -23.642359 ], [ -46.763095, -23.642308 ], [ -46.762102, -23.641949 ], [ -46.762025, -23.641718 ], [ -46.762101, -23.641251 ], [ -46.76208, -23.64111 ], [ -46.762263, -23.641098 ], [ -46.762484, -23.641155 ], [ -46.762594, -23.640792 ], [ -46.761778, -23.640619 ] ] ] } },
{ "type": "Feature", "properties": { "CD_SETOR": "355030817000196", "faces": 7, "pavimentada": 57.14, "bueiro": 57.14, "iluminacao": 100.0, "onibus": 42.86, "ciclovia": 0.0, "calcada": 57.14, "obstaculo": 100.0, "rampa": 25.0, "rampa_faces": 14.29, "sem_calcada": 42.86, "sem_arvore": 71.43, "muitas_arvores": 28.57, "vao": 42.86, "V05400": 7, "V05421": 4, "V05406": 4, "V05412": 7, "V05422": 3, "V05424": 4, "V05427": 1, "V05409": 4, "V05415": 3, "V05418": 0, "V05430": 5, "V05433": 2, "criancas_0a4": 16, "em_favela": true }, "geometry": { "type": "Polygon", "coordinates": [ [ [ -46.760228, -23.62809 ], [ -46.759836, -23.628614 ], [ -46.760214, -23.62882 ], [ -46.761543, -23.6269 ], [ -46.761413, -23.626942 ], [ -46.760932, -23.62693 ], [ -46.760228, -23.62809 ] ] ] } },
{ "type": "Feature", "properties": { "CD_SETOR": "355030817000197", "faces": 20, "pavimentada": 100.0, "bueiro": 60.0, "iluminacao": 100.0, "onibus": 0.0, "ciclovia": 0.0, "calcada": 70.0, "obstaculo": 71.43, "rampa": 0.0, "rampa_faces": 0.0, "sem_calcada": 30.0, "sem_arvore": 60.0, "muitas_arvores": 0.0, "vao": 100.0, "V05400": 20, "V05421": 14, "V05406": 20, "V05412": 20, "V05422": 6, "V05424": 10, "V05427": 0, "V05409": 12, "V05415": 0, "V05418": 0, "V05430": 12, "V05433": 0, "criancas_0a4": 52, "em_favela": false }, "geometry": { "type": "Polygon", "coordinates": [ [ [ -46.754268, -23.632079 ], [ -46.753821, -23.631658 ], [ -46.753373, -23.632047 ], [ -46.754147, -23.632799 ], [ -46.754488, -23.633037 ], [ -46.754908, -23.633012 ], [ -46.755274, -23.632832 ], [ -46.755798, -23.632693 ], [ -46.756807, -23.632605 ], [ -46.756745, -23.632044 ], [ -46.756883, -23.632018 ], [ -46.75599, -23.631524 ], [ -46.755043, -23.631668 ], [ -46.754483, -23.631931 ], [ -46.754268, -23.632079 ] ] ] } },
{ "type": "Feature", "properties": { "CD_SETOR": "355030817000198", "faces": 16, "pavimentada": 93.75, "bueiro": 43.75, "iluminacao": 93.75, "onibus": 0.0, "ciclovia": 0.0, "calcada": 62.5, "obstaculo": 100.0, "rampa": 0.0, "rampa_faces": 0.0, "sem_calcada": 31.25, "sem_arvore": 43.75, "muitas_arvores": 12.5, "vao": 93.75, "V05400": 16, "V05421": 10, "V05406": 15, "V05412": 15, "V05422": 5, "V05424": 10, "V05427": 0, "V05409": 7, "V05415": 0, "V05418": 0, "V05430": 7, "V05433": 2, "criancas_0a4": 52, "em_favela": false }, "geometry": { "type": "Polygon", "coordinates": [ [ [ -46.755435, -23.633107 ], [ -46.754709, -23.633336 ], [ -46.754078, -23.63333 ], [ -46.752764, -23.63346 ], [ -46.752909, -23.633653 ], [ -46.753193, -23.633811 ], [ -46.754185, -23.63391 ], [ -46.754819, -23.63387 ], [ -46.755533, -23.633666 ], [ -46.757023, -23.633476 ], [ -46.757644, -23.633286 ], [ -46.757516, -23.632875 ], [ -46.755435, -23.633107 ] ] ] } },
{ "type": "Feature", "properties": { "CD_SETOR": "355030817000200", "faces": 11, "pavimentada": 100.0, "bueiro": 18.18, "iluminacao": 100.0, "onibus": 0.0, "ciclovia": 0.0, "calcada": 100.0, "obstaculo": 100.0, "rampa": 0.0, "rampa_faces": 0.0, "sem_calcada": 0.0, "sem_arvore": 63.64, "muitas_arvores": 9.09, "vao": 100.0, "V05400": 11, "V05421": 11, "V05406": 11, "V05412": 11, "V05422": 0, "V05424": 11, "V05427": 0, "V05409": 2, "V05415": 0, "V05418": 0, "V05430": 7, "V05433": 1, "criancas_0a4": 33, "em_favela": false }, "geometry": { "type": "Polygon", "coordinates": [ [ [ -46.758315, -23.636826 ], [ -46.757639, -23.638 ], [ -46.757191, -23.638288 ], [ -46.756783, -23.638462 ], [ -46.756598, -23.639151 ], [ -46.757492, -23.638761 ], [ -46.759443, -23.637471 ], [ -46.758822, -23.636594 ], [ -46.758315, -23.636826 ] ] ] } },
{ "type": "Feature", "properties": { "CD_SETOR": "355030817000202", "faces": 15, "pavimentada": 100.0, "bueiro": 73.33, "iluminacao": 100.0, "onibus": 0.0, "ciclovia": 0.0, "calcada": 73.33, "obstaculo": 90.91, "rampa": 0.0, "rampa_faces": 0.0, "sem_calcada": 26.67, "sem_arvore": 40.0, "muitas_arvores": 6.67, "vao": 100.0, "V05400": 15, "V05421": 11, "V05406": 15, "V05412": 15, "V05422": 4, "V05424": 10, "V05427": 0, "V05409": 11, "V05415": 0, "V05418": 0, "V05430": 6, "V05433": 1, "criancas_0a4": 44, "em_favela": false }, "geometry": { "type": "Polygon", "coordinates": [ [ [ -46.775586, -23.644657 ], [ -46.776028, -23.645088 ], [ -46.776977, -23.64576 ], [ -46.778558, -23.646108 ], [ -46.778676, -23.64557 ], [ -46.777522, -23.645332 ], [ -46.777656, -23.644794 ], [ -46.775837, -23.644418 ], [ -46.775586, -23.644657 ] ] ] } },
{ "type": "Feature", "properties": { "CD_SETOR": "355030817000203", "faces": 13, "pavimentada": 84.62, "bueiro": 30.77, "iluminacao": 100.0, "onibus": 23.08, "ciclovia": 0.0, "calcada": 84.62, "obstaculo": 45.45, "rampa": 18.18, "rampa_faces": 15.38, "sem_calcada": 15.38, "sem_arvore": 30.77, "muitas_arvores": 23.08, "vao": 69.23, "V05400": 13, "V05421": 11, "V05406": 11, "V05412": 13, "V05422": 2, "V05424": 5, "V05427": 2, "V05409": 4, "V05415": 3, "V05418": 0, "V05430": 4, "V05433": 3, "criancas_0a4": 11, "em_favela": false }, "geometry": { "type": "Polygon", "coordinates": [ [ [ -46.775715, -23.644211 ], [ -46.775837, -23.644418 ], [ -46.778778, -23.645028 ], [ -46.778849, -23.644909 ], [ -46.779431, -23.644999 ], [ -46.779495, -23.644447 ], [ -46.777338, -23.643877 ], [ -46.777176, -23.643724 ], [ -46.7771, -23.644329 ], [ -46.777028, -23.644456 ], [ -46.776619, -23.643747 ], [ -46.776618, -23.642986 ], [ -46.776051, -23.643143 ], [ -46.775802, -23.643314 ], [ -46.77573, -23.643532 ], [ -46.775715, -23.644211 ] ] ] } },
{ "type": "Feature", "properties": { "CD_SETOR": "355030817000205", "faces": 10, "pavimentada": 100.0, "bueiro": 90.0, "iluminacao": 100.0, "onibus": 10.0, "ciclovia": 0.0, "calcada": 50.0, "obstaculo": 100.0, "rampa": 0.0, "rampa_faces": 0.0, "sem_calcada": 50.0, "sem_arvore": 60.0, "muitas_arvores": 0.0, "vao": 100.0, "V05400": 10, "V05421": 5, "V05406": 10, "V05412": 10, "V05422": 5, "V05424": 5, "V05427": 0, "V05409": 9, "V05415": 1, "V05418": 0, "V05430": 6, "V05433": 0, "criancas_0a4": 59, "em_favela": false }, "geometry": { "type": "Polygon", "coordinates": [ [ [ -46.752785, -23.629532 ], [ -46.753542, -23.629417 ], [ -46.753633, -23.629469 ], [ -46.753748, -23.629405 ], [ -46.754009, -23.629368 ], [ -46.754497, -23.629429 ], [ -46.75472, -23.629351 ], [ -46.754714, -23.628806 ], [ -46.754882, -23.628695 ], [ -46.754764, -23.628399 ], [ -46.754884, -23.627417 ], [ -46.754025, -23.627488 ], [ -46.75361, -23.627427 ], [ -46.752694, -23.627157 ], [ -46.751993, -23.627138 ], [ -46.752785, -23.629532 ] ] ] } },
{ "type": "Feature", "properties": { "CD_SETOR": "355030817000206", "faces": 9, "pavimentada": 100.0, "bueiro": 11.11, "iluminacao": 100.0, "onibus": 0.0, "ciclovia": 0.0, "calcada": 55.56, "obstaculo": 100.0, "rampa": 0.0, "rampa_faces": 0.0, "sem_calcada": 44.44, "sem_arvore": 55.56, "muitas_arvores": 0.0, "vao": 100.0, "V05400": 9, "V05421": 5, "V05406": 9, "V05412": 9, "V05422": 4, "V05424": 5, "V05427": 0, "V05409": 1, "V05415": 0, "V05418": 0, "V05430": 5, "V05433": 0, "criancas_0a4": 105, "em_favela": true }, "geometry": { "type": "Polygon", "coordinates": [ [ [ -46.751578, -23.62514 ], [ -46.75207, -23.625649 ], [ -46.752706, -23.625166 ], [ -46.753047, -23.62513 ], [ -46.752789, -23.624507 ], [ -46.752255, -23.624347 ], [ -46.751893, -23.62458 ], [ -46.751578, -23.62514 ] ] ] } },
{ "type": "Feature", "properties": { "CD_SETOR": "355030817000207", "faces": 8, "pavimentada": 100.0, "bueiro": 62.5, "iluminacao": 100.0, "onibus": 37.5, "ciclovia": 0.0, "calcada": 100.0, "obstaculo": 100.0, "rampa": 0.0, "rampa_faces": 0.0, "sem_calcada": 0.0, "sem_arvore": 25.0, "muitas_arvores": 12.5, "vao": 100.0, "V05400": 8, "V05421": 8, "V05406": 8, "V05412": 8, "V05422": 0, "V05424": 8, "V05427": 0, "V05409": 5, "V05415": 3, "V05418": 0, "V05430": 2, "V05433": 1, "criancas_0a4": 28, "em_favela": false }, "geometry": { "type": "Polygon", "coordinates": [ [ [ -46.748917, -23.63086 ], [ -46.748775, -23.631437 ], [ -46.749231, -23.631355 ], [ -46.74936, -23.631376 ], [ -46.7498, -23.63177 ], [ -46.750024, -23.632092 ], [ -46.750448, -23.633311 ], [ -46.750686, -23.632254 ], [ -46.750771, -23.631647 ], [ -46.750221, -23.63051 ], [ -46.749219, -23.630702 ], [ -46.748917, -23.63086 ] ] ] } },
{ "type": "Feature", "properties": { "CD_SETOR": "355030817000208", "faces": 15, "pavimentada": 100.0, "bueiro": 20.0, "iluminacao": 100.0, "onibus": 0.0, "ciclovia": 0.0, "calcada": 73.33, "obstaculo": 100.0, "rampa": 0.0, "rampa_faces": 0.0, "sem_calcada": 26.67, "sem_arvore": 40.0, "muitas_arvores": 13.33, "vao": 100.0, "V05400": 15, "V05421": 11, "V05406": 15, "V05412": 15, "V05422": 4, "V05424": 11, "V05427": 0, "V05409": 3, "V05415": 0, "V05418": 0, "V05430": 6, "V05433": 2, "criancas_0a4": 18, "em_favela": false }, "geometry": { "type": "Polygon", "coordinates": [ [ [ -46.75139, -23.636534 ], [ -46.750853, -23.638199 ], [ -46.750867, -23.638438 ], [ -46.751132, -23.63858 ], [ -46.751525, -23.638557 ], [ -46.751652, -23.638445 ], [ -46.751841, -23.63806 ], [ -46.751949, -23.638013 ], [ -46.752132, -23.63805 ], [ -46.752458, -23.638383 ], [ -46.752695, -23.638318 ], [ -46.752774, -23.638226 ], [ -46.752816, -23.638039 ], [ -46.752324, -23.63764 ], [ -46.751909, -23.637568 ], [ -46.751598, -23.637688 ], [ -46.751912, -23.636713 ], [ -46.751918, -23.636497 ], [ -46.75139, -23.636534 ] ] ] } },
{ "type": "Feature", "properties": { "CD_SETOR": "355030817000209", "faces": 13, "pavimentada": 100.0, "bueiro": 69.23, "iluminacao": 100.0, "onibus": 30.77, "ciclovia": 46.15, "calcada": 92.31, "obstaculo": 25.0, "rampa": 50.0, "rampa_faces": 46.15, "sem_calcada": 7.69, "sem_arvore": 23.08, "muitas_arvores": 61.54, "vao": 53.85, "V05400": 13, "V05421": 12, "V05406": 13, "V05412": 13, "V05422": 1, "V05424": 3, "V05427": 6, "V05409": 9, "V05415": 4, "V05418": 6, "V05430": 3, "V05433": 8, "criancas_0a4": 7, "em_favela": false }, "geometry": { "type": "Polygon", "coordinates": [ [ [ -46.75101, -23.639182 ], [ -46.749987, -23.638686 ], [ -46.748711, -23.640009 ], [ -46.749344, -23.63991 ], [ -46.749754, -23.639682 ], [ -46.750766, -23.639405 ], [ -46.753113, -23.639392 ], [ -46.753105, -23.638718 ], [ -46.753218, -23.638523 ], [ -46.752774, -23.638226 ], [ -46.75265, -23.638348 ], [ -46.752419, -23.638367 ], [ -46.752132, -23.63805 ], [ -46.752007, -23.638013 ], [ -46.751967, -23.6387 ], [ -46.75172, -23.639151 ], [ -46.75101, -23.639182 ] ] ] } },
{ "type": "Feature", "properties": { "CD_SETOR": "355030817000211", "faces": 21, "pavimentada": 100.0, "bueiro": 19.05, "iluminacao": 100.0, "onibus": 4.76, "ciclovia": 0.0, "calcada": 76.19, "obstaculo": 43.75, "rampa": 0.0, "rampa_faces": 0.0, "sem_calcada": 23.81, "sem_arvore": 52.38, "muitas_arvores": 33.33, "vao": 100.0, "V05400": 21, "V05421": 16, "V05406": 21, "V05412": 21, "V05422": 5, "V05424": 7, "V05427": 0, "V05409": 4, "V05415": 1, "V05418": 0, "V05430": 11, "V05433": 7, "criancas_0a4": 40, "em_favela": false }, "geometry": { "type": "Polygon", "coordinates": [ [ [ -46.751763, -23.641057 ], [ -46.750772, -23.641513 ], [ -46.750858, -23.641805 ], [ -46.750844, -23.641902 ], [ -46.750798, -23.641979 ], [ -46.750611, -23.642093 ], [ -46.751709, -23.643661 ], [ -46.752092, -23.643272 ], [ -46.7523, -23.642803 ], [ -46.752341, -23.642339 ], [ -46.752314, -23.642183 ], [ -46.752507, -23.642226 ], [ -46.753403, -23.642756 ], [ -46.753491, -23.642722 ], [ -46.753579, -23.642448 ], [ -46.753508, -23.642115 ], [ -46.752833, -23.641741 ], [ -46.75246, -23.641267 ], [ -46.752234, -23.641104 ], [ -46.751992, -23.641043 ], [ -46.751763, -23.641057 ] ] ] } },
{ "type": "Feature", "properties": { "CD_SETOR": "355030817000212", "faces": 5, "pavimentada": 100.0, "bueiro": 40.0, "iluminacao": 100.0, "onibus": 20.0, "ciclovia": 0.0, "calcada": 100.0, "obstaculo": 40.0, "rampa": 0.0, "rampa_faces": 0.0, "sem_calcada": 0.0, "sem_arvore": 0.0, "muitas_arvores": 80.0, "vao": 100.0, "V05400": 5, "V05421": 5, "V05406": 5, "V05412": 5, "V05422": 0, "V05424": 2, "V05427": 0, "V05409": 2, "V05415": 1, "V05418": 0, "V05430": 0, "V05433": 4, "criancas_0a4": 35, "em_favela": false }, "geometry": { "type": "Polygon", "coordinates": [ [ [ -46.767341, -23.653177 ], [ -46.767356, -23.653297 ], [ -46.767512, -23.653543 ], [ -46.767655, -23.653674 ], [ -46.767865, -23.653798 ], [ -46.768437, -23.654002 ], [ -46.769132, -23.653467 ], [ -46.769294, -23.65328 ], [ -46.76911, -23.653029 ], [ -46.768777, -23.652381 ], [ -46.768649, -23.652277 ], [ -46.768481, -23.652531 ], [ -46.76819, -23.652805 ], [ -46.76772, -23.653055 ], [ -46.767341, -23.653177 ] ] ] } },
{ "type": "Feature", "properties": { "CD_SETOR": "355030817000213", "faces": 7, "pavimentada": 100.0, "bueiro": 42.86, "iluminacao": 100.0, "onibus": 28.57, "ciclovia": 0.0, "calcada": 71.43, "obstaculo": 100.0, "rampa": 0.0, "rampa_faces": 0.0, "sem_calcada": 28.57, "sem_arvore": 14.29, "muitas_arvores": 28.57, "vao": 100.0, "V05400": 7, "V05421": 5, "V05406": 7, "V05412": 7, "V05422": 2, "V05424": 5, "V05427": 0, "V05409": 3, "V05415": 2, "V05418": 0, "V05430": 1, "V05433": 2, "criancas_0a4": 10, "em_favela": false }, "geometry": { "type": "Polygon", "coordinates": [ [ [ -46.772993, -23.647233 ], [ -46.773175, -23.64766 ], [ -46.773138, -23.648001 ], [ -46.773031, -23.648055 ], [ -46.772977, -23.649199 ], [ -46.773093, -23.649608 ], [ -46.773386, -23.650131 ], [ -46.773591, -23.650834 ], [ -46.773666, -23.650919 ], [ -46.774023, -23.649281 ], [ -46.773692, -23.649055 ], [ -46.773584, -23.64888 ], [ -46.773512, -23.647755 ], [ -46.773429, -23.647502 ], [ -46.77319, -23.647208 ], [ -46.773093, -23.647181 ], [ -46.772993, -23.647233 ] ] ] } },
{ "type": "Feature", "properties": { "CD_SETOR": "355030817000214", "faces": 13, "pavimentada": 100.0, "bueiro": 46.15, "iluminacao": 92.31, "onibus": 7.69, "ciclovia": 0.0, "calcada": 92.31, "obstaculo": 91.67, "rampa": 58.33, "rampa_faces": 53.85, "sem_calcada": 7.69, "sem_arvore": 46.15, "muitas_arvores": 23.08, "vao": 46.15, "V05400": 13, "V05421": 12, "V05406": 13, "V05412": 12, "V05422": 1, "V05424": 11, "V05427": 7, "V05409": 6, "V05415": 1, "V05418": 0, "V05430": 6, "V05433": 3, "criancas_0a4": 32, "em_favela": false }, "geometry": { "type": "Polygon", "coordinates": [ [ [ -46.778946, -23.648139 ], [ -46.779001, -23.648473 ], [ -46.779369, -23.649612 ], [ -46.779372, -23.649744 ], [ -46.779294, -23.649961 ], [ -46.779627, -23.650063 ], [ -46.779762, -23.650047 ], [ -46.780168, -23.649712 ], [ -46.780291, -23.64953 ], [ -46.780218, -23.648745 ], [ -46.780041, -23.648002 ], [ -46.780083, -23.647939 ], [ -46.7801, -23.647629 ], [ -46.778941, -23.647556 ], [ -46.778946, -23.648139 ] ] ] } },
{ "type": "Feature", "properties": { "CD_SETOR": "355030817000215", "faces": 19, "pavimentada": 100.0, "bueiro": 63.16, "iluminacao": 100.0, "onibus": 0.0, "ciclovia": 0.0, "calcada": 68.42, "obstaculo": 84.62, "rampa": 0.0, "rampa_faces": 0.0, "sem_calcada": 31.58, "sem_arvore": 47.37, "muitas_arvores": 0.0, "vao": 100.0, "V05400": 19, "V05421": 13, "V05406": 19, "V05412": 19, "V05422": 6, "V05424": 11, "V05427": 0, "V05409": 12, "V05415": 0, "V05418": 0, "V05430": 9, "V05433": 0, "criancas_0a4": 48, "em_favela": false }, "geometry": { "type": "Polygon", "coordinates": [ [ [ -46.750458, -23.626734 ], [ -46.749833, -23.62754 ], [ -46.749814, -23.627663 ], [ -46.74987, -23.627779 ], [ -46.751707, -23.626816 ], [ -46.751987, -23.626741 ], [ -46.752565, -23.626725 ], [ -46.752466, -23.626605 ], [ -46.752419, -23.626446 ], [ -46.751162, -23.62525 ], [ -46.750174, -23.624026 ], [ -46.749979, -23.623862 ], [ -46.750029, -23.624184 ], [ -46.75034, -23.625202 ], [ -46.751273, -23.626043 ], [ -46.750843, -23.626328 ], [ -46.750878, -23.626435 ], [ -46.750777, -23.626574 ], [ -46.750458, -23.626734 ] ] ] } },
{ "type": "Feature", "properties": { "CD_SETOR": "355030817000219", "faces": 3, "pavimentada": 100.0, "bueiro": 66.67, "iluminacao": 100.0, "onibus": 33.33, "ciclovia": 0.0, "calcada": 100.0, "obstaculo": 0.0, "rampa": 0.0, "rampa_faces": 0.0, "sem_calcada": 0.0, "sem_arvore": 33.33, "muitas_arvores": 33.33, "vao": 100.0, "V05400": 3, "V05421": 3, "V05406": 3, "V05412": 3, "V05422": 0, "V05424": 0, "V05427": 0, "V05409": 2, "V05415": 1, "V05418": 0, "V05430": 1, "V05433": 1, "criancas_0a4": 12, "em_favela": false }, "geometry": { "type": "Polygon", "coordinates": [ [ [ -46.752318, -23.619414 ], [ -46.753153, -23.620284 ], [ -46.753476, -23.619973 ], [ -46.752761, -23.619187 ], [ -46.752318, -23.619414 ] ] ] } },
{ "type": "Feature", "properties": { "CD_SETOR": "355030817000222", "faces": 8, "pavimentada": 75.0, "bueiro": 37.5, "iluminacao": 62.5, "onibus": 0.0, "ciclovia": 0.0, "calcada": 50.0, "obstaculo": 100.0, "rampa": 0.0, "rampa_faces": 0.0, "sem_calcada": 50.0, "sem_arvore": 75.0, "muitas_arvores": 25.0, "vao": 75.0, "V05400": 8, "V05421": 4, "V05406": 6, "V05412": 5, "V05422": 4, "V05424": 4, "V05427": 0, "V05409": 3, "V05415": 0, "V05418": 0, "V05430": 6, "V05433": 2, "criancas_0a4": 25, "em_favela": false }, "geometry": { "type": "Polygon", "coordinates": [ [ [ -46.742434, -23.634834 ], [ -46.741662, -23.635035 ], [ -46.74177, -23.635601 ], [ -46.742571, -23.636611 ], [ -46.743057, -23.637354 ], [ -46.743707, -23.638006 ], [ -46.744339, -23.638516 ], [ -46.744677, -23.638288 ], [ -46.744295, -23.637638 ], [ -46.744206, -23.637696 ], [ -46.744095, -23.637524 ], [ -46.743842, -23.63767 ], [ -46.74346, -23.637134 ], [ -46.743959, -23.636858 ], [ -46.743382, -23.635978 ], [ -46.742434, -23.634834 ] ] ] } },
{ "type": "Feature", "properties": { "CD_SETOR": "355030817000223", "faces": 26, "pavimentada": 80.77, "bueiro": 42.31, "iluminacao": 53.85, "onibus": 0.0, "ciclovia": 0.0, "calcada": 23.08, "obstaculo": 100.0, "rampa": 0.0, "rampa_faces": 0.0, "sem_calcada": 76.92, "sem_arvore": 96.15, "muitas_arvores": 3.85, "vao": 80.77, "V05400": 26, "V05421": 6, "V05406": 21, "V05412": 14, "V05422": 20, "V05424": 6, "V05427": 0, "V05409": 11, "V05415": 0, "V05418": 0, "V05430": 25, "V05433": 1, "criancas_0a4": 13, "em_favela": true }, "geometry": { "type": "Polygon", "coordinates": [ [ [ -46.741662, -23.635035 ], [ -46.742434, -23.634834 ], [ -46.741986, -23.634198 ], [ -46.741912, -23.633948 ], [ -46.741704, -23.633739 ], [ -46.741556, -23.633765 ], [ -46.741348, -23.634188 ], [ -46.741512, -23.634405 ], [ -46.741662, -23.635035 ] ] ] } },
{ "type": "Feature", "properties": { "CD_SETOR": "355030817000225", "faces": 30, "pavimentada": 100.0, "bueiro": 3.33, "iluminacao": 96.67, "onibus": 10.0, "ciclovia": 0.0, "calcada": 100.0, "obstaculo": 93.33, "rampa": 13.33, "rampa_faces": 13.33, "sem_calcada": 0.0, "sem_arvore": 23.33, "muitas_arvores": 40.0, "vao": 86.67, "V05400": 30, "V05421": 30, "V05406": 30, "V05412": 29, "V05422": 0, "V05424": 28, "V05427": 4, "V05409": 1, "V05415": 3, "V05418": 0, "V05430": 7, "V05433": 12, "criancas_0a4": 34, "em_favela": false }, "geometry": { "type": "Polygon", "coordinates": [ [ [ -46.783817, -23.646632 ], [ -46.782698, -23.647177 ], [ -46.78296, -23.647614 ], [ -46.782085, -23.647426 ], [ -46.781936, -23.647974 ], [ -46.78236, -23.648116 ], [ -46.782484, -23.64832 ], [ -46.78295, -23.649824 ], [ -46.783035, -23.649942 ], [ -46.782996, -23.650148 ], [ -46.782821, -23.650448 ], [ -46.783452, -23.650357 ], [ -46.783441, -23.64958 ], [ -46.78351, -23.6494 ], [ -46.784726, -23.648646 ], [ -46.784785, -23.648542 ], [ -46.78474, -23.648183 ], [ -46.783817, -23.646632 ] ] ] } },
{ "type": "Feature", "properties": { "CD_SETOR": "355030817000226", "faces": 4, "pavimentada": 100.0, "bueiro": 75.0, "iluminacao": 100.0, "onibus": 75.0, "ciclovia": 0.0, "calcada": 100.0, "obstaculo": 75.0, "rampa": 0.0, "rampa_faces": 0.0, "sem_calcada": 0.0, "sem_arvore": 25.0, "muitas_arvores": 50.0, "vao": 100.0, "V05400": 4, "V05421": 4, "V05406": 4, "V05412": 4, "V05422": 0, "V05424": 3, "V05427": 0, "V05409": 3, "V05415": 3, "V05418": 0, "V05430": 1, "V05433": 2, "criancas_0a4": 27, "em_favela": false }, "geometry": { "type": "Polygon", "coordinates": [ [ [ -46.786904, -23.645151 ], [ -46.78728, -23.645477 ], [ -46.787136, -23.645685 ], [ -46.788508, -23.646633 ], [ -46.788311, -23.647024 ], [ -46.788668, -23.647498 ], [ -46.789119, -23.647292 ], [ -46.789582, -23.647149 ], [ -46.788971, -23.646183 ], [ -46.788974, -23.646062 ], [ -46.789177, -23.645599 ], [ -46.78938, -23.645505 ], [ -46.789303, -23.645197 ], [ -46.788643, -23.64465 ], [ -46.78811, -23.644536 ], [ -46.786904, -23.645151 ] ] ] } },
{ "type": "Feature", "properties": { "CD_SETOR": "355030817000227", "faces": 24, "pavimentada": 100.0, "bueiro": 29.17, "iluminacao": 87.5, "onibus": 20.83, "ciclovia": 0.0, "calcada": 75.0, "obstaculo": 44.44, "rampa": 33.33, "rampa_faces": 25.0, "sem_calcada": 25.0, "sem_arvore": 75.0, "muitas_arvores": 0.0, "vao": 75.0, "V05400": 24, "V05421": 18, "V05406": 24, "V05412": 21, "V05422": 6, "V05424": 8, "V05427": 6, "V05409": 7, "V05415": 5, "V05418": 0, "V05430": 18, "V05433": 0, "criancas_0a4": 15, "em_favela": false }, "geometry": { "type": "Polygon", "coordinates": [ [ [ -46.784206, -23.641411 ], [ -46.783523, -23.642373 ], [ -46.784532, -23.643033 ], [ -46.785256, -23.643263 ], [ -46.785523, -23.643464 ], [ -46.786196, -23.642597 ], [ -46.785946, -23.642426 ], [ -46.786337, -23.641953 ], [ -46.785723, -23.641434 ], [ -46.785166, -23.641164 ], [ -46.785014, -23.641716 ], [ -46.784206, -23.641411 ] ] ] } },
{ "type": "Feature", "properties": { "CD_SETOR": "355030817000229", "faces": 8, "pavimentada": 100.0, "bueiro": 75.0, "iluminacao": 100.0, "onibus": 0.0, "ciclovia": 0.0, "calcada": 87.5, "obstaculo": 100.0, "rampa": 0.0, "rampa_faces": 0.0, "sem_calcada": 12.5, "sem_arvore": 37.5, "muitas_arvores": 37.5, "vao": 100.0, "V05400": 8, "V05421": 7, "V05406": 8, "V05412": 8, "V05422": 1, "V05424": 7, "V05427": 0, "V05409": 6, "V05415": 0, "V05418": 0, "V05430": 3, "V05433": 3, "criancas_0a4": 28, "em_favela": false }, "geometry": { "type": "Polygon", "coordinates": [ [ [ -46.767259, -23.633561 ], [ -46.765217, -23.633702 ], [ -46.765148, -23.634165 ], [ -46.767594, -23.634028 ], [ -46.767653, -23.63484 ], [ -46.768142, -23.634835 ], [ -46.768084, -23.633591 ], [ -46.767259, -23.633561 ] ] ] } },
{ "type": "Feature", "properties": { "CD_SETOR": "355030817000230", "faces": 20, "pavimentada": 100.0, "bueiro": 30.0, "iluminacao": 100.0, "onibus": 10.0, "ciclovia": 0.0, "calcada": 95.0, "obstaculo": 73.68, "rampa": 0.0, "rampa_faces": 0.0, "sem_calcada": 5.0, "sem_arvore": 15.0, "muitas_arvores": 50.0, "vao": 100.0, "V05400": 20, "V05421": 19, "V05406": 20, "V05412": 20, "V05422": 1, "V05424": 14, "V05427": 0, "V05409": 6, "V05415": 2, "V05418": 0, "V05430": 3, "V05433": 10, "criancas_0a4": 27, "em_favela": false }, "geometry": { "type": "Polygon", "coordinates": [ [ [ -46.764156, -23.636515 ], [ -46.763933, -23.637724 ], [ -46.763976, -23.637854 ], [ -46.765827, -23.638271 ], [ -46.766198, -23.637868 ], [ -46.766284, -23.637886 ], [ -46.766394, -23.637452 ], [ -46.76532, -23.637216 ], [ -46.765437, -23.636754 ], [ -46.764156, -23.636515 ] ] ] } },
{ "type": "Feature", "properties": { "CD_SETOR": "355030817000232", "faces": 16, "pavimentada": 100.0, "bueiro": 93.75, "iluminacao": 100.0, "onibus": 0.0, "ciclovia": 0.0, "calcada": 100.0, "obstaculo": 93.75, "rampa": 6.25, "rampa_faces": 6.25, "sem_calcada": 0.0, "sem_arvore": 37.5, "muitas_arvores": 43.75, "vao": 93.75, "V05400": 16, "V05421": 16, "V05406": 16, "V05412": 16, "V05422": 0, "V05424": 15, "V05427": 1, "V05409": 15, "V05415": 0, "V05418": 0, "V05430": 6, "V05433": 7, "criancas_0a4": 14, "em_favela": false }, "geometry": { "type": "Polygon", "coordinates": [ [ [ -46.76771, -23.631017 ], [ -46.767416, -23.632645 ], [ -46.768915, -23.632692 ], [ -46.768954, -23.632182 ], [ -46.7689, -23.631648 ], [ -46.769055, -23.630491 ], [ -46.76771, -23.631017 ] ] ] } },
{ "type": "Feature", "properties": { "CD_SETOR": "355030817000233", "faces": 20, "pavimentada": 100.0, "bueiro": 35.0, "iluminacao": 100.0, "onibus": 15.0, "ciclovia": 0.0, "calcada": 100.0, "obstaculo": 80.0, "rampa": 0.0, "rampa_faces": 0.0, "sem_calcada": 0.0, "sem_arvore": 45.0, "muitas_arvores": 0.0, "vao": 100.0, "V05400": 20, "V05421": 20, "V05406": 20, "V05412": 20, "V05422": 0, "V05424": 16, "V05427": 0, "V05409": 7, "V05415": 3, "V05418": 0, "V05430": 9, "V05433": 0, "criancas_0a4": 27, "em_favela": false }, "geometry": { "type": "Polygon", "coordinates": [ [ [ -46.763178, -23.631125 ], [ -46.763215, -23.631236 ], [ -46.763831, -23.631958 ], [ -46.763961, -23.63198 ], [ -46.766218, -23.63035 ], [ -46.765465, -23.629462 ], [ -46.763178, -23.631125 ] ] ] } },
{ "type": "Feature", "properties": { "CD_SETOR": "355030817000234", "faces": 13, "pavimentada": 100.0, "bueiro": 84.62, "iluminacao": 100.0, "onibus": 15.38, "ciclovia": 0.0, "calcada": 100.0, "obstaculo": 53.85, "rampa": 0.0, "rampa_faces": 0.0, "sem_calcada": 0.0, "sem_arvore": 76.92, "muitas_arvores": 7.69, "vao": 100.0, "V05400": 13, "V05421": 13, "V05406": 13, "V05412": 13, "V05422": 0, "V05424": 7, "V05427": 0, "V05409": 11, "V05415": 2, "V05418": 0, "V05430": 10, "V05433": 1, "criancas_0a4": 20, "em_favela": false }, "geometry": { "type": "Polygon", "coordinates": [ [ [ -46.761783, -23.637015 ], [ -46.762077, -23.637516 ], [ -46.761877, -23.638144 ], [ -46.762488, -23.637975 ], [ -46.7633, -23.637567 ], [ -46.763371, -23.637478 ], [ -46.763473, -23.637145 ], [ -46.763402, -23.636903 ], [ -46.763301, -23.636937 ], [ -46.762993, -23.636422 ], [ -46.761783, -23.637015 ] ] ] } },
{ "type": "Feature", "properties": { "CD_SETOR": "355030817000235", "faces": 17, "pavimentada": 100.0, "bueiro": 94.12, "iluminacao": 100.0, "onibus": 5.88, "ciclovia": 0.0, "calcada": 82.35, "obstaculo": 35.71, "rampa": 7.14, "rampa_faces": 5.88, "sem_calcada": 17.65, "sem_arvore": 17.65, "muitas_arvores": 11.76, "vao": 94.12, "V05400": 17, "V05421": 14, "V05406": 17, "V05412": 17, "V05422": 3, "V05424": 5, "V05427": 1, "V05409": 16, "V05415": 1, "V05418": 0, "V05430": 3, "V05433": 2, "criancas_0a4": 10, "em_favela": false }, "geometry": { "type": "Polygon", "coordinates": [ [ [ -46.766419, -23.640267 ], [ -46.766358, -23.640777 ], [ -46.767164, -23.640929 ], [ -46.767885, -23.640277 ], [ -46.768477, -23.639833 ], [ -46.769162, -23.639543 ], [ -46.769543, -23.638568 ], [ -46.769731, -23.637974 ], [ -46.7697, -23.637853 ], [ -46.767242, -23.639723 ], [ -46.766524, -23.640246 ], [ -46.766419, -23.640267 ] ] ] } },
{ "type": "Feature", "properties": { "CD_SETOR": "355030817000236", "faces": 16, "pavimentada": 100.0, "bueiro": 18.75, "iluminacao": 100.0, "onibus": 0.0, "ciclovia": 0.0, "calcada": 100.0, "obstaculo": 50.0, "rampa": 6.25, "rampa_faces": 6.25, "sem_calcada": 0.0, "sem_arvore": 37.5, "muitas_arvores": 6.25, "vao": 93.75, "V05400": 16, "V05421": 16, "V05406": 16, "V05412": 16, "V05422": 0, "V05424": 8, "V05427": 1, "V05409": 3, "V05415": 0, "V05418": 0, "V05430": 6, "V05433": 1, "criancas_0a4": 18, "em_favela": false }, "geometry": { "type": "Polygon", "coordinates": [ [ [ -46.77149, -23.635267 ], [ -46.771671, -23.63544 ], [ -46.774069, -23.637061 ], [ -46.775931, -23.636516 ], [ -46.776136, -23.63641 ], [ -46.77347, -23.634602 ], [ -46.771644, -23.635169 ], [ -46.77149, -23.635267 ] ] ] } },
{ "type": "Feature", "properties": { "CD_SETOR": "355030817000237", "faces": 9, "pavimentada": 100.0, "bueiro": 77.78, "iluminacao": 100.0, "onibus": 22.22, "ciclovia": 0.0, "calcada": 88.89, "obstaculo": 75.0, "rampa": 75.0, "rampa_faces": 66.67, "sem_calcada": 11.11, "sem_arvore": 88.89, "muitas_arvores": 0.0, "vao": 33.33, "V05400": 9, "V05421": 8, "V05406": 9, "V05412": 9, "V05422": 1, "V05424": 6, "V05427": 6, "V05409": 7, "V05415": 2, "V05418": 0, "V05430": 8, "V05433": 0, "criancas_0a4": 8, "em_favela": false }, "geometry": { "type": "Polygon", "coordinates": [ [ [ -46.769064, -23.634683 ], [ -46.769012, -23.63552 ], [ -46.769414, -23.635543 ], [ -46.769409, -23.635601 ], [ -46.769208, -23.635545 ], [ -46.769085, -23.635616 ], [ -46.768969, -23.635998 ], [ -46.768753, -23.635895 ], [ -46.768401, -23.636411 ], [ -46.768209, -23.636552 ], [ -46.767918, -23.636877 ], [ -46.768466, -23.63723 ], [ -46.76883, -23.636906 ], [ -46.769533, -23.636578 ], [ -46.769614, -23.636509 ], [ -46.769664, -23.636331 ], [ -46.769877, -23.634646 ], [ -46.769672, -23.634612 ], [ -46.76966, -23.634715 ], [ -46.769064, -23.634683 ] ] ] } },
{ "type": "Feature", "properties": { "CD_SETOR": "355030817000238", "faces": 16, "pavimentada": 81.25, "bueiro": 37.5, "iluminacao": 81.25, "onibus": 0.0, "ciclovia": 0.0, "calcada": 25.0, "obstaculo": 100.0, "rampa": 0.0, "rampa_faces": 0.0, "sem_calcada": 56.25, "sem_arvore": 81.25, "muitas_arvores": 0.0, "vao": 81.25, "V05400": 16, "V05421": 4, "V05406": 13, "V05412": 13, "V05422": 9, "V05424": 4, "V05427": 0, "V05409": 6, "V05415": 0, "V05418": 0, "V05430": 13, "V05433": 0, "criancas_0a4": 37, "em_favela": true }, "geometry": { "type": "Polygon", "coordinates": [ [ [ -46.758822, -23.636594 ], [ -46.759443, -23.637471 ], [ -46.759793, -23.637437 ], [ -46.759803, -23.637351 ], [ -46.759894, -23.637374 ], [ -46.760104, -23.637248 ], [ -46.760449, -23.637142 ], [ -46.759499, -23.636143 ], [ -46.758822, -23.636594 ] ] ] } },
{ "type": "Feature", "properties": { "CD_SETOR": "355030817000239", "faces": 3, "pavimentada": 100.0, "bueiro": 100.0, "iluminacao": 100.0, "onibus": 0.0, "ciclovia": 0.0, "calcada": 66.67, "obstaculo": 100.0, "rampa": 0.0, "rampa_faces": 0.0, "sem_calcada": 33.33, "sem_arvore": 33.33, "muitas_arvores": 66.67, "vao": 100.0, "V05400": 3, "V05421": 2, "V05406": 3, "V05412": 3, "V05422": 1, "V05424": 2, "V05427": 0, "V05409": 3, "V05415": 0, "V05418": 0, "V05430": 1, "V05433": 2, "criancas_0a4": 5, "em_favela": false }, "geometry": { "type": "Polygon", "coordinates": [ [ [ -46.758497, -23.638612 ], [ -46.758907, -23.638571 ], [ -46.75925, -23.638717 ], [ -46.759427, -23.638987 ], [ -46.759443, -23.639502 ], [ -46.759821, -23.639468 ], [ -46.759741, -23.638513 ], [ -46.759624, -23.6381 ], [ -46.759482, -23.637835 ], [ -46.758964, -23.638196 ], [ -46.758497, -23.638612 ] ] ] } },
{ "type": "Feature", "properties": { "CD_SETOR": "355030817000240", "faces": 1, "pavimentada": 100.0, "bueiro": 100.0, "iluminacao": 100.0, "onibus": 0.0, "ciclovia": 0.0, "calcada": 100.0, "obstaculo": 100.0, "rampa": 0.0, "rampa_faces": 0.0, "sem_calcada": 0.0, "sem_arvore": 100.0, "muitas_arvores": 0.0, "vao": 100.0, "V05400": 1, "V05421": 1, "V05406": 1, "V05412": 1, "V05422": 0, "V05424": 1, "V05427": 0, "V05409": 1, "V05415": 0, "V05418": 0, "V05430": 1, "V05433": 0, "criancas_0a4": 0, "em_favela": true }, "geometry": { "type": "Polygon", "coordinates": [ [ [ -46.767453, -23.646129 ], [ -46.767747, -23.64599 ], [ -46.767466, -23.645434 ], [ -46.767331, -23.645467 ], [ -46.767453, -23.646129 ] ] ] } },
{ "type": "Feature", "properties": { "CD_SETOR": "355030817000241", "faces": 43, "pavimentada": 100.0, "bueiro": 72.09, "iluminacao": 72.09, "onibus": 2.33, "ciclovia": 0.0, "calcada": 41.86, "obstaculo": 88.89, "rampa": 0.0, "rampa_faces": 0.0, "sem_calcada": 58.14, "sem_arvore": 90.7, "muitas_arvores": 0.0, "vao": 100.0, "V05400": 43, "V05421": 18, "V05406": 43, "V05412": 31, "V05422": 25, "V05424": 16, "V05427": 0, "V05409": 31, "V05415": 1, "V05418": 0, "V05430": 39, "V05433": 0, "criancas_0a4": 45, "em_favela": true }, "geometry": { "type": "Polygon", "coordinates": [ [ [ -46.773436, -23.642005 ], [ -46.773279, -23.642429 ], [ -46.773256, -23.642598 ], [ -46.773404, -23.642738 ], [ -46.773434, -23.642856 ], [ -46.773814, -23.643039 ], [ -46.773938, -23.64304 ], [ -46.774655, -23.642668 ], [ -46.774953, -23.642599 ], [ -46.774891, -23.64245 ], [ -46.774756, -23.642476 ], [ -46.774685, -23.642347 ], [ -46.774484, -23.642243 ], [ -46.77415, -23.641939 ], [ -46.773893, -23.641936 ], [ -46.773745, -23.641844 ], [ -46.773652, -23.641961 ], [ -46.773514, -23.641926 ], [ -46.773436, -23.642005 ] ] ] } },
{ "type": "Feature", "properties": { "CD_SETOR": "355030817000243", "faces": 4, "pavimentada": 100.0, "bueiro": 25.0, "iluminacao": 100.0, "onibus": 0.0, "ciclovia": 0.0, "calcada": 100.0, "obstaculo": 50.0, "rampa": 25.0, "rampa_faces": 25.0, "sem_calcada": 0.0, "sem_arvore": 25.0, "muitas_arvores": 25.0, "vao": 75.0, "V05400": 4, "V05421": 4, "V05406": 4, "V05412": 4, "V05422": 0, "V05424": 2, "V05427": 1, "V05409": 1, "V05415": 0, "V05418": 0, "V05430": 1, "V05433": 1, "criancas_0a4": 18, "em_favela": false }, "geometry": { "type": "Polygon", "coordinates": [ [ [ -46.773235, -23.637304 ], [ -46.773756, -23.638393 ], [ -46.773859, -23.638484 ], [ -46.774147, -23.638102 ], [ -46.774778, -23.637559 ], [ -46.774069, -23.637061 ], [ -46.773235, -23.637304 ] ] ] } },
{ "type": "Feature", "properties": { "CD_SETOR": "355030817000244", "faces": 14, "pavimentada": 100.0, "bueiro": 50.0, "iluminacao": 100.0, "onibus": 0.0, "ciclovia": 0.0, "calcada": 100.0, "obstaculo": 42.86, "rampa": 0.0, "rampa_faces": 0.0, "sem_calcada": 0.0, "sem_arvore": 42.86, "muitas_arvores": 0.0, "vao": 100.0, "V05400": 14, "V05421": 14, "V05406": 14, "V05412": 14, "V05422": 0, "V05424": 6, "V05427": 0, "V05409": 7, "V05415": 0, "V05418": 0, "V05430": 6, "V05433": 0, "criancas_0a4": 13, "em_favela": false }, "geometry": { "type": "Polygon", "coordinates": [ [ [ -46.774069, -23.637061 ], [ -46.776442, -23.638652 ], [ -46.776587, -23.638647 ], [ -46.776683, -23.63856 ], [ -46.776996, -23.638127 ], [ -46.7771, -23.637747 ], [ -46.775895, -23.63694 ], [ -46.776218, -23.636493 ], [ -46.776136, -23.63641 ], [ -46.775931, -23.636516 ], [ -46.774069, -23.637061 ] ] ] } },
{ "type": "Feature", "properties": { "CD_SETOR": "355030817000245", "faces": 7, "pavimentada": 100.0, "bueiro": 85.71, "iluminacao": 100.0, "onibus": 42.86, "ciclovia": 0.0, "calcada": 100.0, "obstaculo": 85.71, "rampa": 0.0, "rampa_faces": 0.0, "sem_calcada": 0.0, "sem_arvore": 42.86, "muitas_arvores": 14.29, "vao": 100.0, "V05400": 7, "V05421": 7, "V05406": 7, "V05412": 7, "V05422": 0, "V05424": 6, "V05427": 0, "V05409": 6, "V05415": 3, "V05418": 0, "V05430": 3, "V05433": 1, "criancas_0a4": 24, "em_favela": false }, "geometry": { "type": "Polygon", "coordinates": [ [ [ -46.781388, -23.642067 ], [ -46.783023, -23.643217 ], [ -46.783523, -23.642373 ], [ -46.782257, -23.641876 ], [ -46.782212, -23.641703 ], [ -46.782647, -23.640822 ], [ -46.781891, -23.640547 ], [ -46.780698, -23.640346 ], [ -46.781198, -23.641812 ], [ -46.781388, -23.642067 ] ] ] } },
{ "type": "Feature", "properties": { "CD_SETOR": "355030817000246", "faces": 16, "pavimentada": 100.0, "bueiro": 62.5, "iluminacao": 100.0, "onibus": 18.75, "ciclovia": 0.0, "calcada": 100.0, "obstaculo": 62.5, "rampa": 0.0, "rampa_faces": 0.0, "sem_calcada": 0.0, "sem_arvore": 68.75, "muitas_arvores": 6.25, "vao": 100.0, "V05400": 16, "V05421": 16, "V05406": 16, "V05412": 16, "V05422": 0, "V05424": 10, "V05427": 0, "V05409": 10, "V05415": 3, "V05418": 0, "V05430": 11, "V05433": 1, "criancas_0a4": 4, "em_favela": false }, "geometry": { "type": "Polygon", "coordinates": [ [ [ -46.764096, -23.627077 ], [ -46.764813, -23.627692 ], [ -46.766181, -23.626617 ], [ -46.76482, -23.624999 ], [ -46.764425, -23.625428 ], [ -46.763735, -23.62597 ], [ -46.76454, -23.626613 ], [ -46.764096, -23.627077 ] ] ] } },
{ "type": "Feature", "properties": { "CD_SETOR": "355030817000247", "faces": 15, "pavimentada": 93.33, "bueiro": 46.67, "iluminacao": 100.0, "onibus": 26.67, "ciclovia": 0.0, "calcada": 93.33, "obstaculo": 78.57, "rampa": 0.0, "rampa_faces": 0.0, "sem_calcada": 6.67, "sem_arvore": 60.0, "muitas_arvores": 20.0, "vao": 93.33, "V05400": 15, "V05421": 14, "V05406": 14, "V05412": 15, "V05422": 1, "V05424": 11, "V05427": 0, "V05409": 7, "V05415": 4, "V05418": 0, "V05430": 9, "V05433": 3, "criancas_0a4": 21, "em_favela": false }, "geometry": { "type": "Polygon", "coordinates": [ [ [ -46.76116, -23.626443 ], [ -46.761543, -23.6269 ], [ -46.761244, -23.627325 ], [ -46.761957, -23.627251 ], [ -46.762214, -23.627726 ], [ -46.762534, -23.627629 ], [ -46.762539, -23.627683 ], [ -46.763081, -23.628128 ], [ -46.764096, -23.627077 ], [ -46.763233, -23.626363 ], [ -46.762423, -23.62549 ], [ -46.76116, -23.626443 ] ] ] } },
{ "type": "Feature", "properties": { "CD_SETOR": "355030817000248", "faces": 11, "pavimentada": 100.0, "bueiro": 0.0, "iluminacao": 100.0, "onibus": 9.09, "ciclovia": 0.0, "calcada": 100.0, "obstaculo": 72.73, "rampa": 0.0, "rampa_faces": 0.0, "sem_calcada": 0.0, "sem_arvore": 27.27, "muitas_arvores": 18.18, "vao": 100.0, "V05400": 11, "V05421": 11, "V05406": 11, "V05412": 11, "V05422": 0, "V05424": 8, "V05427": 0, "V05409": 0, "V05415": 1, "V05418": 0, "V05430": 3, "V05433": 2, "criancas_0a4": 22, "em_favela": false }, "geometry": { "type": "Polygon", "coordinates": [ [ [ -46.755383, -23.629112 ], [ -46.755684, -23.629726 ], [ -46.756066, -23.630193 ], [ -46.756391, -23.630422 ], [ -46.757263, -23.630873 ], [ -46.757947, -23.629673 ], [ -46.75755, -23.629579 ], [ -46.757147, -23.629557 ], [ -46.756857, -23.629613 ], [ -46.756556, -23.629824 ], [ -46.756249, -23.62954 ], [ -46.756104, -23.629331 ], [ -46.755951, -23.628904 ], [ -46.755383, -23.629112 ] ] ] } },
{ "type": "Feature", "properties": { "CD_SETOR": "355030817000249", "faces": 12, "pavimentada": 100.0, "bueiro": 66.67, "iluminacao": 100.0, "onibus": 0.0, "ciclovia": 0.0, "calcada": 66.67, "obstaculo": 100.0, "rampa": 0.0, "rampa_faces": 0.0, "sem_calcada": 33.33, "sem_arvore": 58.33, "muitas_arvores": 0.0, "vao": 100.0, "V05400": 12, "V05421": 8, "V05406": 12, "V05412": 12, "V05422": 4, "V05424": 8, "V05427": 0, "V05409": 8, "V05415": 0, "V05418": 0, "V05430": 7, "V05433": 0, "criancas_0a4": 19, "em_favela": false }, "geometry": { "type": "Polygon", "coordinates": [ [ [ -46.755272, -23.631157 ], [ -46.756883, -23.632018 ], [ -46.756745, -23.632044 ], [ -46.756807, -23.632605 ], [ -46.757384, -23.632478 ], [ -46.757837, -23.632169 ], [ -46.758005, -23.63192 ], [ -46.756192, -23.630994 ], [ -46.755623, -23.630615 ], [ -46.755272, -23.631157 ] ] ] } },
{ "type": "Feature", "properties": { "CD_SETOR": "355030817000250", "faces": 2, "pavimentada": 100.0, "bueiro": 100.0, "iluminacao": 100.0, "onibus": 0.0, "ciclovia": 0.0, "calcada": 50.0, "obstaculo": 100.0, "rampa": 0.0, "rampa_faces": 0.0, "sem_calcada": 50.0, "sem_arvore": 100.0, "muitas_arvores": 0.0, "vao": 100.0, "V05400": 2, "V05421": 1, "V05406": 2, "V05412": 2, "V05422": 1, "V05424": 1, "V05427": 0, "V05409": 2, "V05415": 0, "V05418": 0, "V05430": 2, "V05433": 0, "criancas_0a4": 18, "em_favela": false }, "geometry": { "type": "Polygon", "coordinates": [ [ [ -46.758953, -23.629616 ], [ -46.759072, -23.62928 ], [ -46.759271, -23.629057 ], [ -46.758962, -23.62883 ], [ -46.758695, -23.629125 ], [ -46.758739, -23.629235 ], [ -46.758515, -23.629366 ], [ -46.758535, -23.629532 ], [ -46.758953, -23.629616 ] ] ] } },
{ "type": "Feature", "properties": { "CD_SETOR": "355030817000251", "faces": 6, "pavimentada": 100.0, "bueiro": 33.33, "iluminacao": 100.0, "onibus": 0.0, "ciclovia": 0.0, "calcada": 66.67, "obstaculo": 50.0, "rampa": 0.0, "rampa_faces": 0.0, "sem_calcada": 33.33, "sem_arvore": 100.0, "muitas_arvores": 0.0, "vao": 100.0, "V05400": 6, "V05421": 4, "V05406": 6, "V05412": 6, "V05422": 2, "V05424": 2, "V05427": 0, "V05409": 2, "V05415": 0, "V05418": 0, "V05430": 6, "V05433": 0, "criancas_0a4": 14, "em_favela": true }, "geometry": { "type": "Polygon", "coordinates": [ [ [ -46.757022, -23.63143 ], [ -46.758005, -23.63192 ], [ -46.758297, -23.631404 ], [ -46.757329, -23.630906 ], [ -46.757022, -23.63143 ] ] ] } },
{ "type": "Feature", "properties": { "CD_SETOR": "355030817000252", "faces": 4, "pavimentada": 100.0, "bueiro": 75.0, "iluminacao": 100.0, "onibus": 0.0, "ciclovia": 0.0, "calcada": 75.0, "obstaculo": 66.67, "rampa": 33.33, "rampa_faces": 25.0, "sem_calcada": 25.0, "sem_arvore": 50.0, "muitas_arvores": 50.0, "vao": 75.0, "V05400": 4, "V05421": 3, "V05406": 4, "V05412": 4, "V05422": 1, "V05424": 2, "V05427": 1, "V05409": 3, "V05415": 0, "V05418": 0, "V05430": 2, "V05433": 2, "criancas_0a4": 13, "em_favela": false }, "geometry": { "type": "Polygon", "coordinates": [ [ [ -46.756807, -23.632605 ], [ -46.755798, -23.632693 ], [ -46.755274, -23.632832 ], [ -46.754991, -23.63298 ], [ -46.755104, -23.63321 ], [ -46.755435, -23.633107 ], [ -46.757516, -23.632875 ], [ -46.757384, -23.632478 ], [ -46.756807, -23.632605 ] ] ] } },
{ "type": "Feature", "properties": { "CD_SETOR": "355030817000253", "faces": 8, "pavimentada": 100.0, "bueiro": 50.0, "iluminacao": 100.0, "onibus": 12.5, "ciclovia": 0.0, "calcada": 62.5, "obstaculo": 100.0, "rampa": 0.0, "rampa_faces": 0.0, "sem_calcada": 37.5, "sem_arvore": 50.0, "muitas_arvores": 12.5, "vao": 100.0, "V05400": 8, "V05421": 5, "V05406": 8, "V05412": 8, "V05422": 3, "V05424": 5, "V05427": 0, "V05409": 4, "V05415": 1, "V05418": 0, "V05430": 4, "V05433": 1, "criancas_0a4": 13, "em_favela": false }, "geometry": { "type": "Polygon", "coordinates": [ [ [ -46.760682, -23.641833 ], [ -46.760942, -23.64228 ], [ -46.760817, -23.642393 ], [ -46.760817, -23.642619 ], [ -46.761161, -23.644195 ], [ -46.761631, -23.644087 ], [ -46.761351, -23.642904 ], [ -46.762102, -23.643207 ], [ -46.762381, -23.642795 ], [ -46.761823, -23.642544 ], [ -46.761575, -23.642325 ], [ -46.761471, -23.642055 ], [ -46.761405, -23.641548 ], [ -46.760682, -23.641833 ] ] ] } },
{ "type": "Feature", "properties": { "CD_SETOR": "355030817000254", "faces": 4, "pavimentada": 100.0, "bueiro": 75.0, "iluminacao": 100.0, "onibus": 0.0, "ciclovia": 0.0, "calcada": 0.0, "obstaculo": null, "rampa": null, "rampa_faces": 0.0, "sem_calcada": 100.0, "sem_arvore": 100.0, "muitas_arvores": 0.0, "vao": 100.0, "V05400": 4, "V05421": 0, "V05406": 4, "V05412": 4, "V05422": 4, "V05424": 0, "V05427": 0, "V05409": 3, "V05415": 0, "V05418": 0, "V05430": 4, "V05433": 0, "criancas_0a4": 39, "em_favela": true }, "geometry": { "type": "Polygon", "coordinates": [ [ [ -46.760525, -23.642875 ], [ -46.760644, -23.643481 ], [ -46.760616, -23.64364 ], [ -46.760485, -23.643824 ], [ -46.760556, -23.643854 ], [ -46.760621, -23.643969 ], [ -46.760642, -23.64434 ], [ -46.761161, -23.644195 ], [ -46.760851, -23.642804 ], [ -46.760525, -23.642875 ] ] ] } },
{ "type": "Feature", "properties": { "CD_SETOR": "355030817000255", "faces": 3, "pavimentada": 100.0, "bueiro": 33.33, "iluminacao": 100.0, "onibus": 0.0, "ciclovia": 0.0, "calcada": 66.67, "obstaculo": 100.0, "rampa": 0.0, "rampa_faces": 0.0, "sem_calcada": 33.33, "sem_arvore": 33.33, "muitas_arvores": 0.0, "vao": 100.0, "V05400": 3, "V05421": 2, "V05406": 3, "V05412": 3, "V05422": 1, "V05424": 2, "V05427": 0, "V05409": 1, "V05415": 0, "V05418": 0, "V05430": 1, "V05433": 0, "criancas_0a4": 41, "em_favela": false }, "geometry": { "type": "Polygon", "coordinates": [ [ [ -46.770504, -23.648105 ], [ -46.771436, -23.648726 ], [ -46.771866, -23.648884 ], [ -46.772081, -23.648871 ], [ -46.772344, -23.64873 ], [ -46.772449, -23.648597 ], [ -46.772505, -23.648416 ], [ -46.771956, -23.648418 ], [ -46.77166, -23.648288 ], [ -46.771397, -23.648003 ], [ -46.77132, -23.647806 ], [ -46.7713, -23.647579 ], [ -46.77093, -23.647771 ], [ -46.770504, -23.648105 ] ] ] } },
{ "type": "Feature", "properties": { "CD_SETOR": "355030817000258", "faces": 11, "pavimentada": 100.0, "bueiro": 63.64, "iluminacao": 100.0, "onibus": 0.0, "ciclovia": 0.0, "calcada": 63.64, "obstaculo": 100.0, "rampa": 0.0, "rampa_faces": 0.0, "sem_calcada": 36.36, "sem_arvore": 54.55, "muitas_arvores": 18.18, "vao": 100.0, "V05400": 11, "V05421": 7, "V05406": 11, "V05412": 11, "V05422": 4, "V05424": 7, "V05427": 0, "V05409": 7, "V05415": 0, "V05418": 0, "V05430": 6, "V05433": 2, "criancas_0a4": 29, "em_favela": false }, "geometry": { "type": "Polygon", "coordinates": [ [ [ -46.775667, -23.646799 ], [ -46.775289, -23.646805 ], [ -46.774804, -23.647087 ], [ -46.774725, -23.647462 ], [ -46.774946, -23.647742 ], [ -46.775476, -23.647324 ], [ -46.775792, -23.647213 ], [ -46.777637, -23.647585 ], [ -46.777736, -23.647054 ], [ -46.776398, -23.646764 ], [ -46.7762, -23.646886 ], [ -46.775667, -23.646799 ] ] ] } },
{ "type": "Feature", "properties": { "CD_SETOR": "355030817000259", "faces": 11, "pavimentada": 100.0, "bueiro": 9.09, "iluminacao": 100.0, "onibus": 9.09, "ciclovia": 0.0, "calcada": 100.0, "obstaculo": 63.64, "rampa": 0.0, "rampa_faces": 0.0, "sem_calcada": 0.0, "sem_arvore": 27.27, "muitas_arvores": 18.18, "vao": 100.0, "V05400": 11, "V05421": 11, "V05406": 11, "V05412": 11, "V05422": 0, "V05424": 7, "V05427": 0, "V05409": 1, "V05415": 1, "V05418": 0, "V05430": 3, "V05433": 2, "criancas_0a4": 38, "em_favela": false }, "geometry": { "type": "Polygon", "coordinates": [ [ [ -46.776012, -23.641428 ], [ -46.775616, -23.641932 ], [ -46.775233, -23.642523 ], [ -46.776935, -23.64201 ], [ -46.777193, -23.641973 ], [ -46.777271, -23.641981 ], [ -46.77782, -23.642645 ], [ -46.77894, -23.641896 ], [ -46.77914, -23.641684 ], [ -46.779258, -23.64141 ], [ -46.779274, -23.641249 ], [ -46.779149, -23.64058 ], [ -46.779936, -23.640995 ], [ -46.78011, -23.641147 ], [ -46.779749, -23.63933 ], [ -46.779691, -23.638293 ], [ -46.779329, -23.638418 ], [ -46.779112, -23.638574 ], [ -46.778825, -23.638927 ], [ -46.778551, -23.639655 ], [ -46.778319, -23.640503 ], [ -46.776913, -23.641171 ], [ -46.776012, -23.641428 ] ] ] } },
{ "type": "Feature", "properties": { "CD_SETOR": "355030817000260", "faces": 17, "pavimentada": 94.12, "bueiro": 76.47, "iluminacao": 100.0, "onibus": 5.88, "ciclovia": 0.0, "calcada": 94.12, "obstaculo": 81.25, "rampa": 37.5, "rampa_faces": 35.29, "sem_calcada": 5.88, "sem_arvore": 41.18, "muitas_arvores": 23.53, "vao": 58.82, "V05400": 17, "V05421": 16, "V05406": 16, "V05412": 17, "V05422": 1, "V05424": 13, "V05427": 6, "V05409": 13, "V05415": 1, "V05418": 0, "V05430": 7, "V05433": 4, "criancas_0a4": 15, "em_favela": false }, "geometry": { "type": "Polygon", "coordinates": [ [ [ -46.762077, -23.622027 ], [ -46.761938, -23.622491 ], [ -46.762751, -23.622736 ], [ -46.763172, -23.622948 ], [ -46.763509, -23.623184 ], [ -46.763617, -23.622505 ], [ -46.764039, -23.622773 ], [ -46.76514, -23.621624 ], [ -46.76524, -23.621597 ], [ -46.765225, -23.621491 ], [ -46.765129, -23.621297 ], [ -46.764621, -23.620784 ], [ -46.764218, -23.620503 ], [ -46.764022, -23.620302 ], [ -46.763908, -23.620447 ], [ -46.763375, -23.622278 ], [ -46.763309, -23.622324 ], [ -46.762077, -23.622027 ] ] ] } },
{ "type": "Feature", "properties": { "CD_SETOR": "355030817000262", "faces": 4, "pavimentada": 100.0, "bueiro": 25.0, "iluminacao": 100.0, "onibus": 0.0, "ciclovia": 0.0, "calcada": 75.0, "obstaculo": 100.0, "rampa": 0.0, "rampa_faces": 0.0, "sem_calcada": 25.0, "sem_arvore": 100.0, "muitas_arvores": 0.0, "vao": 100.0, "V05400": 4, "V05421": 3, "V05406": 4, "V05412": 4, "V05422": 1, "V05424": 3, "V05427": 0, "V05409": 1, "V05415": 0, "V05418": 0, "V05430": 4, "V05433": 0, "criancas_0a4": 19, "em_favela": true }, "geometry": { "type": "Polygon", "coordinates": [ [ [ -46.74987, -23.627779 ], [ -46.750111, -23.628121 ], [ -46.750518, -23.627824 ], [ -46.751877, -23.627132 ], [ -46.751707, -23.626816 ], [ -46.74987, -23.627779 ] ] ] } },
{ "type": "Feature", "properties": { "CD_SETOR": "355030817000264", "faces": 12, "pavimentada": 100.0, "bueiro": 33.33, "iluminacao": 100.0, "onibus": 8.33, "ciclovia": 0.0, "calcada": 83.33, "obstaculo": 80.0, "rampa": 0.0, "rampa_faces": 0.0, "sem_calcada": 16.67, "sem_arvore": 16.67, "muitas_arvores": 66.67, "vao": 100.0, "V05400": 12, "V05421": 10, "V05406": 12, "V05412": 12, "V05422": 2, "V05424": 8, "V05427": 0, "V05409": 4, "V05415": 1, "V05418": 0, "V05430": 2, "V05433": 8, "criancas_0a4": 26, "em_favela": false }, "geometry": { "type": "Polygon", "coordinates": [ [ [ -46.760108, -23.648574 ], [ -46.761745, -23.648626 ], [ -46.762158, -23.648351 ], [ -46.762033, -23.648108 ], [ -46.761816, -23.64791 ], [ -46.761565, -23.647291 ], [ -46.760854, -23.646666 ], [ -46.760432, -23.647089 ], [ -46.759964, -23.646685 ], [ -46.759712, -23.64686 ], [ -46.759691, -23.646921 ], [ -46.760112, -23.6479 ], [ -46.759847, -23.647909 ], [ -46.760108, -23.648574 ] ] ] } },
{ "type": "Feature", "properties": { "CD_SETOR": "355030817000265", "faces": 1, "pavimentada": 100.0, "bueiro": 100.0, "iluminacao": 100.0, "onibus": 0.0, "ciclovia": 0.0, "calcada": 100.0, "obstaculo": 100.0, "rampa": 100.0, "rampa_faces": 100.0, "sem_calcada": 0.0, "sem_arvore": 0.0, "muitas_arvores": 0.0, "vao": 0.0, "V05400": 1, "V05421": 1, "V05406": 1, "V05412": 1, "V05422": 0, "V05424": 1, "V05427": 1, "V05409": 1, "V05415": 0, "V05418": 0, "V05430": 0, "V05433": 0, "criancas_0a4": 17, "em_favela": false }, "geometry": { "type": "Polygon", "coordinates": [ [ [ -46.759061, -23.646974 ], [ -46.757792, -23.647266 ], [ -46.75818, -23.647804 ], [ -46.758263, -23.64803 ], [ -46.758333, -23.6485 ], [ -46.759513, -23.648507 ], [ -46.759061, -23.646974 ] ] ] } },
{ "type": "Feature", "properties": { "CD_SETOR": "355030817000268", "faces": 49, "pavimentada": 100.0, "bueiro": 16.33, "iluminacao": 97.96, "onibus": 0.0, "ciclovia": 0.0, "calcada": 16.33, "obstaculo": 87.5, "rampa": 0.0, "rampa_faces": 0.0, "sem_calcada": 83.67, "sem_arvore": 93.88, "muitas_arvores": 2.04, "vao": 100.0, "V05400": 49, "V05421": 8, "V05406": 49, "V05412": 48, "V05422": 41, "V05424": 7, "V05427": 0, "V05409": 8, "V05415": 0, "V05418": 0, "V05430": 46, "V05433": 1, "criancas_0a4": 56, "em_favela": true }, "geometry": { "type": "Polygon", "coordinates": [ [ [ -46.769995, -23.651198 ], [ -46.769991, -23.651811 ], [ -46.769942, -23.652071 ], [ -46.769866, -23.652307 ], [ -46.7695, -23.652944 ], [ -46.770286, -23.653308 ], [ -46.770441, -23.653175 ], [ -46.770995, -23.652862 ], [ -46.771333, -23.651807 ], [ -46.77076, -23.651605 ], [ -46.770788, -23.651521 ], [ -46.770631, -23.651502 ], [ -46.77058, -23.651299 ], [ -46.770304, -23.651209 ], [ -46.769995, -23.651198 ] ] ] } },
{ "type": "Feature", "properties": { "CD_SETOR": "355030817000269", "faces": 3, "pavimentada": 100.0, "bueiro": 33.33, "iluminacao": 100.0, "onibus": 0.0, "ciclovia": 0.0, "calcada": 100.0, "obstaculo": 100.0, "rampa": 0.0, "rampa_faces": 0.0, "sem_calcada": 0.0, "sem_arvore": 33.33, "muitas_arvores": 0.0, "vao": 100.0, "V05400": 3, "V05421": 3, "V05406": 3, "V05412": 3, "V05422": 0, "V05424": 3, "V05427": 0, "V05409": 1, "V05415": 0, "V05418": 0, "V05430": 1, "V05433": 0, "criancas_0a4": 17, "em_favela": false }, "geometry": { "type": "Polygon", "coordinates": [ [ [ -46.771136, -23.650257 ], [ -46.77076, -23.651605 ], [ -46.771333, -23.651807 ], [ -46.771658, -23.650524 ], [ -46.771736, -23.650436 ], [ -46.771391, -23.650245 ], [ -46.771282, -23.650217 ], [ -46.771136, -23.650257 ] ] ] } },
{ "type": "Feature", "properties": { "CD_SETOR": "355030817000270", "faces": 7, "pavimentada": 100.0, "bueiro": 71.43, "iluminacao": 100.0, "onibus": 0.0, "ciclovia": 0.0, "calcada": 85.71, "obstaculo": 100.0, "rampa": 0.0, "rampa_faces": 0.0, "sem_calcada": 14.29, "sem_arvore": 0.0, "muitas_arvores": 57.14, "vao": 100.0, "V05400": 7, "V05421": 6, "V05406": 7, "V05412": 7, "V05422": 1, "V05424": 6, "V05427": 0, "V05409": 5, "V05415": 0, "V05418": 0, "V05430": 0, "V05433": 4, "criancas_0a4": 27, "em_favela": false }, "geometry": { "type": "Polygon", "coordinates": [ [ [ -46.774946, -23.647742 ], [ -46.775786, -23.648619 ], [ -46.776324, -23.648236 ], [ -46.776402, -23.648441 ], [ -46.776362, -23.648775 ], [ -46.776442, -23.648865 ], [ -46.776564, -23.648852 ], [ -46.776787, -23.648553 ], [ -46.776929, -23.648457 ], [ -46.777774, -23.648484 ], [ -46.77771, -23.648384 ], [ -46.777453, -23.648203 ], [ -46.775838, -23.647853 ], [ -46.775331, -23.647447 ], [ -46.774946, -23.647742 ] ] ] } },
{ "type": "Feature", "properties": { "CD_SETOR": "355030817000271", "faces": 24, "pavimentada": 100.0, "bueiro": 33.33, "iluminacao": 100.0, "onibus": 8.33, "ciclovia": 0.0, "calcada": 100.0, "obstaculo": 70.83, "rampa": 12.5, "rampa_faces": 12.5, "sem_calcada": 0.0, "sem_arvore": 25.0, "muitas_arvores": 20.83, "vao": 87.5, "V05400": 24, "V05421": 24, "V05406": 24, "V05412": 24, "V05422": 0, "V05424": 17, "V05427": 3, "V05409": 8, "V05415": 2, "V05418": 0, "V05430": 6, "V05433": 5, "criancas_0a4": 24, "em_favela": false }, "geometry": { "type": "Polygon", "coordinates": [ [ [ -46.753678, -23.619794 ], [ -46.754294, -23.620399 ], [ -46.753449, -23.621085 ], [ -46.754179, -23.62129 ], [ -46.75437, -23.621524 ], [ -46.75484, -23.621156 ], [ -46.757629, -23.623236 ], [ -46.7579, -23.622376 ], [ -46.756146, -23.621059 ], [ -46.756478, -23.620686 ], [ -46.756648, -23.620371 ], [ -46.75655, -23.620181 ], [ -46.756077, -23.619872 ], [ -46.755514, -23.619612 ], [ -46.755322, -23.619454 ], [ -46.754864, -23.619876 ], [ -46.754228, -23.619327 ], [ -46.753678, -23.619794 ] ] ] } },
{ "type": "Feature", "properties": { "CD_SETOR": "355030817000272", "faces": 11, "pavimentada": 100.0, "bueiro": 9.09, "iluminacao": 100.0, "onibus": 36.36, "ciclovia": 0.0, "calcada": 100.0, "obstaculo": 72.73, "rampa": 0.0, "rampa_faces": 0.0, "sem_calcada": 0.0, "sem_arvore": 18.18, "muitas_arvores": 9.09, "vao": 100.0, "V05400": 11, "V05421": 11, "V05406": 11, "V05412": 11, "V05422": 0, "V05424": 8, "V05427": 0, "V05409": 1, "V05415": 4, "V05418": 0, "V05430": 2, "V05433": 1, "criancas_0a4": 19, "em_favela": false }, "geometry": { "type": "Polygon", "coordinates": [ [ [ -46.75431, -23.622627 ], [ -46.752488, -23.623833 ], [ -46.75316, -23.624021 ], [ -46.754706, -23.623853 ], [ -46.756014, -23.62394 ], [ -46.756672, -23.623815 ], [ -46.756943, -23.623824 ], [ -46.755912, -23.623037 ], [ -46.754758, -23.622676 ], [ -46.75453, -23.622722 ], [ -46.75431, -23.622627 ] ] ] } },
{ "type": "Feature", "properties": { "CD_SETOR": "355030817000274", "faces": 16, "pavimentada": 100.0, "bueiro": 56.25, "iluminacao": 100.0, "onibus": 31.25, "ciclovia": 0.0, "calcada": 75.0, "obstaculo": 25.0, "rampa": 0.0, "rampa_faces": 0.0, "sem_calcada": 25.0, "sem_arvore": 37.5, "muitas_arvores": 43.75, "vao": 100.0, "V05400": 16, "V05421": 12, "V05406": 16, "V05412": 16, "V05422": 4, "V05424": 3, "V05427": 0, "V05409": 9, "V05415": 5, "V05418": 0, "V05430": 6, "V05433": 7, "criancas_0a4": 29, "em_favela": false }, "geometry": { "type": "Polygon", "coordinates": [ [ [ -46.748979, -23.626833 ], [ -46.748781, -23.626946 ], [ -46.748778, -23.627656 ], [ -46.748663, -23.627837 ], [ -46.748405, -23.627877 ], [ -46.748264, -23.627769 ], [ -46.748215, -23.627653 ], [ -46.74778, -23.627602 ], [ -46.747585, -23.627638 ], [ -46.747475, -23.627713 ], [ -46.74716, -23.628254 ], [ -46.746695, -23.62886 ], [ -46.746247, -23.629118 ], [ -46.745937, -23.629173 ], [ -46.745685, -23.62916 ], [ -46.745497, -23.62912 ], [ -46.744911, -23.628847 ], [ -46.744546, -23.62889 ], [ -46.74421, -23.629162 ], [ -46.744362, -23.62961 ], [ -46.744459, -23.629744 ], [ -46.744746, -23.629892 ], [ -46.746179, -23.630012 ], [ -46.746373, -23.630097 ], [ -46.746946, -23.630491 ], [ -46.748426, -23.629852 ], [ -46.747245, -23.629857 ], [ -46.74716, -23.629816 ], [ -46.747129, -23.629649 ], [ -46.747743, -23.62879 ], [ -46.747984, -23.628582 ], [ -46.74809, -23.628412 ], [ -46.748595, -23.628453 ], [ -46.748952, -23.628342 ], [ -46.749166, -23.628173 ], [ -46.749371, -23.627804 ], [ -46.749396, -23.627471 ], [ -46.74978, -23.627495 ], [ -46.749914, -23.627461 ], [ -46.750458, -23.626734 ], [ -46.750256, -23.62657 ], [ -46.750083, -23.626669 ], [ -46.749929, -23.626852 ], [ -46.74977, -23.626931 ], [ -46.748979, -23.626833 ] ] ] } },
{ "type": "Feature", "properties": { "CD_SETOR": "355030817000275", "faces": 10, "pavimentada": 100.0, "bueiro": 50.0, "iluminacao": 100.0, "onibus": 10.0, "ciclovia": 0.0, "calcada": 80.0, "obstaculo": 100.0, "rampa": 0.0, "rampa_faces": 0.0, "sem_calcada": 20.0, "sem_arvore": 30.0, "muitas_arvores": 30.0, "vao": 100.0, "V05400": 10, "V05421": 8, "V05406": 10, "V05412": 10, "V05422": 2, "V05424": 8, "V05427": 0, "V05409": 5, "V05415": 1, "V05418": 0, "V05430": 3, "V05433": 3, "criancas_0a4": 36, "em_favela": false }, "geometry": { "type": "Polygon", "coordinates": [ [ [ -46.750173, -23.635544 ], [ -46.751003, -23.63537 ], [ -46.750892, -23.635908 ], [ -46.750273, -23.635914 ], [ -46.750269, -23.63577 ], [ -46.75017, -23.635789 ], [ -46.750214, -23.637541 ], [ -46.750274, -23.637879 ], [ -46.750681, -23.636882 ], [ -46.750851, -23.636658 ], [ -46.751224, -23.636536 ], [ -46.751873, -23.636509 ], [ -46.751982, -23.636467 ], [ -46.752136, -23.636316 ], [ -46.750921, -23.635179 ], [ -46.750179, -23.634576 ], [ -46.749847, -23.634221 ], [ -46.749813, -23.63451 ], [ -46.749851, -23.634773 ], [ -46.750138, -23.635318 ], [ -46.750173, -23.635544 ] ] ] } },
{ "type": "Feature", "properties": { "CD_SETOR": "355030817000276", "faces": 25, "pavimentada": 100.0, "bueiro": 24.0, "iluminacao": 100.0, "onibus": 0.0, "ciclovia": 0.0, "calcada": 32.0, "obstaculo": 62.5, "rampa": 0.0, "rampa_faces": 0.0, "sem_calcada": 68.0, "sem_arvore": 76.0, "muitas_arvores": 0.0, "vao": 100.0, "V05400": 25, "V05421": 8, "V05406": 25, "V05412": 25, "V05422": 17, "V05424": 5, "V05427": 0, "V05409": 6, "V05415": 0, "V05418": 0, "V05430": 19, "V05433": 0, "criancas_0a4": 32, "em_favela": true }, "geometry": { "type": "Polygon", "coordinates": [ [ [ -46.751597, -23.643868 ], [ -46.751316, -23.644358 ], [ -46.75123, -23.644686 ], [ -46.751089, -23.64475 ], [ -46.751133, -23.644842 ], [ -46.751271, -23.644833 ], [ -46.751502, -23.644982 ], [ -46.751469, -23.645331 ], [ -46.75183, -23.645374 ], [ -46.75223, -23.6455 ], [ -46.752304, -23.64535 ], [ -46.752537, -23.644313 ], [ -46.752471, -23.644207 ], [ -46.752176, -23.644214 ], [ -46.751859, -23.644105 ], [ -46.751597, -23.643868 ] ] ] } },
{ "type": "Feature", "properties": { "CD_SETOR": "355030817000277", "faces": 5, "pavimentada": 100.0, "bueiro": 40.0, "iluminacao": 100.0, "onibus": 20.0, "ciclovia": 0.0, "calcada": 60.0, "obstaculo": 100.0, "rampa": 0.0, "rampa_faces": 0.0, "sem_calcada": 40.0, "sem_arvore": 60.0, "muitas_arvores": 0.0, "vao": 100.0, "V05400": 5, "V05421": 3, "V05406": 5, "V05412": 5, "V05422": 2, "V05424": 3, "V05427": 0, "V05409": 2, "V05415": 1, "V05418": 0, "V05430": 3, "V05433": 0, "criancas_0a4": 19, "em_favela": true }, "geometry": { "type": "Polygon", "coordinates": [ [ [ -46.773994, -23.649435 ], [ -46.774384, -23.649818 ], [ -46.775208, -23.650107 ], [ -46.775476, -23.650288 ], [ -46.775628, -23.649788 ], [ -46.774699, -23.649589 ], [ -46.774045, -23.649283 ], [ -46.773994, -23.649435 ] ] ] } },
{ "type": "Feature", "properties": { "CD_SETOR": "355030817000278", "faces": 13, "pavimentada": 100.0, "bueiro": 38.46, "iluminacao": 100.0, "onibus": 15.38, "ciclovia": 0.0, "calcada": 100.0, "obstaculo": 100.0, "rampa": 0.0, "rampa_faces": 0.0, "sem_calcada": 0.0, "sem_arvore": 7.69, "muitas_arvores": 30.77, "vao": 100.0, "V05400": 13, "V05421": 13, "V05406": 13, "V05412": 13, "V05422": 0, "V05424": 13, "V05427": 0, "V05409": 5, "V05415": 2, "V05418": 0, "V05430": 1, "V05433": 4, "criancas_0a4": 44, "em_favela": false }, "geometry": { "type": "Polygon", "coordinates": [ [ [ -46.781219, -23.645334 ], [ -46.781498, -23.645649 ], [ -46.782717, -23.645886 ], [ -46.783257, -23.646902 ], [ -46.783817, -23.646632 ], [ -46.783593, -23.646198 ], [ -46.783657, -23.645845 ], [ -46.783754, -23.645632 ], [ -46.783138, -23.64548 ], [ -46.783099, -23.645403 ], [ -46.783181, -23.644558 ], [ -46.783371, -23.644264 ], [ -46.783331, -23.644128 ], [ -46.78208, -23.643872 ], [ -46.782057, -23.644467 ], [ -46.782162, -23.645073 ], [ -46.781287, -23.6449 ], [ -46.781219, -23.645334 ] ] ] } },
{ "type": "Feature", "properties": { "CD_SETOR": "355030817000281", "faces": 10, "pavimentada": 100.0, "bueiro": 30.0, "iluminacao": 100.0, "onibus": 10.0, "ciclovia": 0.0, "calcada": 80.0, "obstaculo": 87.5, "rampa": 0.0, "rampa_faces": 0.0, "sem_calcada": 20.0, "sem_arvore": 70.0, "muitas_arvores": 0.0, "vao": 100.0, "V05400": 10, "V05421": 8, "V05406": 10, "V05412": 10, "V05422": 2, "V05424": 7, "V05427": 0, "V05409": 3, "V05415": 1, "V05418": 0, "V05430": 7, "V05433": 0, "criancas_0a4": 28, "em_favela": false }, "geometry": { "type": "Polygon", "coordinates": [ [ [ -46.748232, -23.621035 ], [ -46.747425, -23.622589 ], [ -46.748515, -23.623439 ], [ -46.748813, -23.623165 ], [ -46.748642, -23.62299 ], [ -46.748923, -23.622484 ], [ -46.749234, -23.622798 ], [ -46.74936, -23.622534 ], [ -46.7494, -23.622297 ], [ -46.749371, -23.622205 ], [ -46.749287, -23.622141 ], [ -46.748635, -23.621834 ], [ -46.748232, -23.621035 ] ] ] } },
{ "type": "Feature", "properties": { "CD_SETOR": "355030817000284", "faces": 3, "pavimentada": 100.0, "bueiro": 100.0, "iluminacao": 100.0, "onibus": 0.0, "ciclovia": 0.0, "calcada": 100.0, "obstaculo": 100.0, "rampa": 0.0, "rampa_faces": 0.0, "sem_calcada": 0.0, "sem_arvore": 33.33, "muitas_arvores": 0.0, "vao": 100.0, "V05400": 3, "V05421": 3, "V05406": 3, "V05412": 3, "V05422": 0, "V05424": 3, "V05427": 0, "V05409": 3, "V05415": 0, "V05418": 0, "V05430": 1, "V05433": 0, "criancas_0a4": 77, "em_favela": false }, "geometry": { "type": "Polygon", "coordinates": [ [ [ -46.746185, -23.636576 ], [ -46.746053, -23.636826 ], [ -46.74588, -23.638212 ], [ -46.745758, -23.638395 ], [ -46.745282, -23.638807 ], [ -46.746569, -23.638414 ], [ -46.746768, -23.636606 ], [ -46.746185, -23.636576 ] ] ] } },
{ "type": "Feature", "properties": { "CD_SETOR": "355030817000285", "faces": 4, "pavimentada": 100.0, "bueiro": 50.0, "iluminacao": 50.0, "onibus": 0.0, "ciclovia": 0.0, "calcada": 25.0, "obstaculo": 100.0, "rampa": 0.0, "rampa_faces": 0.0, "sem_calcada": 75.0, "sem_arvore": 100.0, "muitas_arvores": 0.0, "vao": 100.0, "V05400": 4, "V05421": 1, "V05406": 4, "V05412": 2, "V05422": 3, "V05424": 1, "V05427": 0, "V05409": 2, "V05415": 0, "V05418": 0, "V05430": 4, "V05433": 0, "criancas_0a4": 25, "em_favela": true }, "geometry": { "type": "Polygon", "coordinates": [ [ [ -46.786904, -23.645151 ], [ -46.78811, -23.644536 ], [ -46.788643, -23.64465 ], [ -46.788557, -23.644544 ], [ -46.788496, -23.644292 ], [ -46.787591, -23.644755 ], [ -46.787555, -23.644714 ], [ -46.787327, -23.64471 ], [ -46.787326, -23.644766 ], [ -46.787264, -23.644789 ], [ -46.787276, -23.644846 ], [ -46.78718, -23.644886 ], [ -46.787181, -23.644776 ], [ -46.787093, -23.644662 ], [ -46.787, -23.644692 ], [ -46.786824, -23.644565 ], [ -46.786744, -23.644281 ], [ -46.786495, -23.644167 ], [ -46.786323, -23.64402 ], [ -46.786225, -23.644126 ], [ -46.786615, -23.644558 ], [ -46.786904, -23.645151 ] ] ] } },
{ "type": "Feature", "properties": { "CD_SETOR": "355030817000286", "faces": 5, "pavimentada": 100.0, "bueiro": 80.0, "iluminacao": 60.0, "onibus": 0.0, "ciclovia": 0.0, "calcada": 0.0, "obstaculo": null, "rampa": null, "rampa_faces": 0.0, "sem_calcada": 100.0, "sem_arvore": 100.0, "muitas_arvores": 0.0, "vao": 100.0, "V05400": 5, "V05421": 0, "V05406": 5, "V05412": 3, "V05422": 5, "V05424": 0, "V05427": 0, "V05409": 4, "V05415": 0, "V05418": 0, "V05430": 5, "V05433": 0, "criancas_0a4": 45, "em_favela": true }, "geometry": { "type": "Polygon", "coordinates": [ [ [ -46.786323, -23.64402 ], [ -46.786495, -23.644167 ], [ -46.786744, -23.644281 ], [ -46.786824, -23.644565 ], [ -46.787, -23.644692 ], [ -46.787093, -23.644662 ], [ -46.787181, -23.644776 ], [ -46.78718, -23.644886 ], [ -46.787276, -23.644846 ], [ -46.787264, -23.644789 ], [ -46.787326, -23.644766 ], [ -46.787327, -23.64471 ], [ -46.787555, -23.644714 ], [ -46.787591, -23.644755 ], [ -46.787845, -23.644614 ], [ -46.787863, -23.644496 ], [ -46.787702, -23.644343 ], [ -46.787644, -23.64445 ], [ -46.787373, -23.644564 ], [ -46.786499, -23.643833 ], [ -46.786323, -23.64402 ] ] ] } },
{ "type": "Feature", "properties": { "CD_SETOR": "355030817000287", "faces": 6, "pavimentada": 100.0, "bueiro": 66.67, "iluminacao": 33.33, "onibus": 33.33, "ciclovia": 0.0, "calcada": 33.33, "obstaculo": 0.0, "rampa": 0.0, "rampa_faces": 0.0, "sem_calcada": 66.67, "sem_arvore": 100.0, "muitas_arvores": 0.0, "vao": 100.0, "V05400": 6, "V05421": 2, "V05406": 6, "V05412": 2, "V05422": 4, "V05424": 0, "V05427": 0, "V05409": 4, "V05415": 2, "V05418": 0, "V05430": 6, "V05433": 0, "criancas_0a4": 8, "em_favela": true }, "geometry": { "type": "Polygon", "coordinates": [ [ [ -46.787702, -23.644343 ], [ -46.787863, -23.644496 ], [ -46.787845, -23.644614 ], [ -46.788496, -23.644292 ], [ -46.788384, -23.644053 ], [ -46.788199, -23.643932 ], [ -46.787994, -23.64418 ], [ -46.787702, -23.644343 ] ] ] } },
{ "type": "Feature", "properties": { "CD_SETOR": "355030817000288", "faces": 23, "pavimentada": 100.0, "bueiro": 78.26, "iluminacao": 100.0, "onibus": 0.0, "ciclovia": 17.39, "calcada": 65.22, "obstaculo": 73.33, "rampa": 6.67, "rampa_faces": 4.35, "sem_calcada": 34.78, "sem_arvore": 4.35, "muitas_arvores": 86.96, "vao": 95.65, "V05400": 23, "V05421": 15, "V05406": 23, "V05412": 23, "V05422": 8, "V05424": 11, "V05427": 1, "V05409": 18, "V05415": 0, "V05418": 4, "V05430": 1, "V05433": 20, "criancas_0a4": 7, "em_favela": false }, "geometry": { "type": "Polygon", "coordinates": [ [ [ -46.750952, -23.613045 ], [ -46.750226, -23.616142 ], [ -46.74974, -23.61712 ], [ -46.751166, -23.617322 ], [ -46.751263, -23.61727 ], [ -46.751377, -23.617067 ], [ -46.751953, -23.615918 ], [ -46.752193, -23.615606 ], [ -46.752538, -23.615326 ], [ -46.751417, -23.613215 ], [ -46.751296, -23.613169 ], [ -46.751346, -23.612981 ], [ -46.751195, -23.612942 ], [ -46.751145, -23.613136 ], [ -46.750952, -23.613045 ] ] ] } },
{ "type": "Feature", "properties": { "CD_SETOR": "355030817000290", "faces": 4, "pavimentada": 75.0, "bueiro": 75.0, "iluminacao": 100.0, "onibus": 50.0, "ciclovia": 50.0, "calcada": 75.0, "obstaculo": 66.67, "rampa": 0.0, "rampa_faces": 0.0, "sem_calcada": 25.0, "sem_arvore": 25.0, "muitas_arvores": 25.0, "vao": 75.0, "V05400": 4, "V05421": 3, "V05406": 3, "V05412": 4, "V05422": 1, "V05424": 2, "V05427": 0, "V05409": 3, "V05415": 2, "V05418": 2, "V05430": 1, "V05433": 1, "criancas_0a4": 32, "em_favela": false }, "geometry": { "type": "Polygon", "coordinates": [ [ [ -46.75959, -23.628897 ], [ -46.759173, -23.629123 ], [ -46.759002, -23.629418 ], [ -46.758952, -23.629579 ], [ -46.758936, -23.630065 ], [ -46.75863, -23.630748 ], [ -46.75935, -23.63129 ], [ -46.759496, -23.630914 ], [ -46.759407, -23.630219 ], [ -46.759515, -23.62983 ], [ -46.759757, -23.62935 ], [ -46.760214, -23.62882 ], [ -46.759836, -23.628614 ], [ -46.75959, -23.628897 ] ] ] } },
{ "type": "Feature", "properties": { "CD_SETOR": "355030817000291", "faces": 11, "pavimentada": 100.0, "bueiro": 63.64, "iluminacao": 100.0, "onibus": 9.09, "ciclovia": 0.0, "calcada": 81.82, "obstaculo": 77.78, "rampa": 66.67, "rampa_faces": 54.55, "sem_calcada": 18.18, "sem_arvore": 72.73, "muitas_arvores": 0.0, "vao": 45.45, "V05400": 11, "V05421": 9, "V05406": 11, "V05412": 11, "V05422": 2, "V05424": 7, "V05427": 6, "V05409": 7, "V05415": 1, "V05418": 0, "V05430": 8, "V05433": 0, "criancas_0a4": 14, "em_favela": false }, "geometry": { "type": "Polygon", "coordinates": [ [ [ -46.767918, -23.636877 ], [ -46.767614, -23.637028 ], [ -46.767443, -23.637175 ], [ -46.768077, -23.637543 ], [ -46.768621, -23.637964 ], [ -46.769579, -23.637219 ], [ -46.770185, -23.637592 ], [ -46.770525, -23.637139 ], [ -46.769578, -23.636538 ], [ -46.76883, -23.636906 ], [ -46.768466, -23.63723 ], [ -46.767918, -23.636877 ] ] ] } },
{ "type": "Feature", "properties": { "CD_SETOR": "355030817000292", "faces": 6, "pavimentada": 100.0, "bueiro": 100.0, "iluminacao": 100.0, "onibus": 83.33, "ciclovia": 66.67, "calcada": 100.0, "obstaculo": 83.33, "rampa": 50.0, "rampa_faces": 50.0, "sem_calcada": 0.0, "sem_arvore": 50.0, "muitas_arvores": 50.0, "vao": 50.0, "V05400": 6, "V05421": 6, "V05406": 6, "V05412": 6, "V05422": 0, "V05424": 5, "V05427": 3, "V05409": 6, "V05415": 5, "V05418": 4, "V05430": 3, "V05433": 3, "criancas_0a4": 0, "em_favela": false }, "geometry": { "type": "Polygon", "coordinates": [ [ [ -46.75775, -23.633619 ], [ -46.757901, -23.634152 ], [ -46.757985, -23.634756 ], [ -46.757945, -23.635631 ], [ -46.757809, -23.636028 ], [ -46.757966, -23.636059 ], [ -46.758118, -23.635569 ], [ -46.758409, -23.635511 ], [ -46.758591, -23.635562 ], [ -46.758582, -23.635498 ], [ -46.758884, -23.635457 ], [ -46.758839, -23.635317 ], [ -46.758836, -23.63394 ], [ -46.758684, -23.63383 ], [ -46.758193, -23.633731 ], [ -46.757921, -23.633608 ], [ -46.75775, -23.633619 ] ] ] } },
{ "type": "Feature", "properties": { "CD_SETOR": "355030817000293", "faces": 4, "pavimentada": 100.0, "bueiro": 75.0, "iluminacao": 100.0, "onibus": 0.0, "ciclovia": 0.0, "calcada": 50.0, "obstaculo": 100.0, "rampa": 0.0, "rampa_faces": 0.0, "sem_calcada": 50.0, "sem_arvore": 50.0, "muitas_arvores": 0.0, "vao": 100.0, "V05400": 4, "V05421": 2, "V05406": 4, "V05412": 4, "V05422": 2, "V05424": 2, "V05427": 0, "V05409": 3, "V05415": 0, "V05418": 0, "V05430": 2, "V05433": 0, "criancas_0a4": 7, "em_favela": false }, "geometry": { "type": "Polygon", "coordinates": [ [ [ -46.752387, -23.631119 ], [ -46.753373, -23.632047 ], [ -46.753821, -23.631658 ], [ -46.752852, -23.630714 ], [ -46.752387, -23.631119 ] ] ] } },
{ "type": "Feature", "properties": { "CD_SETOR": "355030817000294", "faces": 2, "pavimentada": 100.0, "bueiro": 100.0, "iluminacao": 100.0, "onibus": 50.0, "ciclovia": 0.0, "calcada": 100.0, "obstaculo": 100.0, "rampa": 0.0, "rampa_faces": 0.0, "sem_calcada": 0.0, "sem_arvore": 50.0, "muitas_arvores": 0.0, "vao": 100.0, "V05400": 2, "V05421": 2, "V05406": 2, "V05412": 2, "V05422": 0, "V05424": 2, "V05427": 0, "V05409": 2, "V05415": 1, "V05418": 0, "V05430": 1, "V05433": 0, "criancas_0a4": 0, "em_favela": false }, "geometry": { "type": "Polygon", "coordinates": [ [ [ -46.779044, -23.643676 ], [ -46.778783, -23.644282 ], [ -46.779495, -23.644447 ], [ -46.779594, -23.643547 ], [ -46.77922, -23.643453 ], [ -46.779149, -23.64371 ], [ -46.779044, -23.643676 ] ] ] } },
{ "type": "Feature", "properties": { "CD_SETOR": "355030817000295", "faces": 4, "pavimentada": 100.0, "bueiro": 75.0, "iluminacao": 100.0, "onibus": 0.0, "ciclovia": 0.0, "calcada": 50.0, "obstaculo": 100.0, "rampa": 0.0, "rampa_faces": 0.0, "sem_calcada": 50.0, "sem_arvore": 75.0, "muitas_arvores": 0.0, "vao": 100.0, "V05400": 4, "V05421": 2, "V05406": 4, "V05412": 4, "V05422": 2, "V05424": 2, "V05427": 0, "V05409": 3, "V05415": 0, "V05418": 0, "V05430": 3, "V05433": 0, "criancas_0a4": 8, "em_favela": false }, "geometry": { "type": "Polygon", "coordinates": [ [ [ -46.754125, -23.637508 ], [ -46.754454, -23.637435 ], [ -46.754799, -23.636865 ], [ -46.754462, -23.636282 ], [ -46.754044, -23.637035 ], [ -46.754125, -23.637508 ] ] ] } },
{ "type": "Feature", "properties": { "CD_SETOR": "355030817000296", "faces": 3, "pavimentada": 100.0, "bueiro": 0.0, "iluminacao": 100.0, "onibus": 0.0, "ciclovia": 0.0, "calcada": 100.0, "obstaculo": 100.0, "rampa": 0.0, "rampa_faces": 0.0, "sem_calcada": 0.0, "sem_arvore": 66.67, "muitas_arvores": 0.0, "vao": 100.0, "V05400": 3, "V05421": 3, "V05406": 3, "V05412": 3, "V05422": 0, "V05424": 3, "V05427": 0, "V05409": 0, "V05415": 0, "V05418": 0, "V05430": 2, "V05433": 0, "criancas_0a4": 10, "em_favela": false }, "geometry": { "type": "Polygon", "coordinates": [ [ [ -46.761631, -23.644087 ], [ -46.761926, -23.643939 ], [ -46.762113, -23.643918 ], [ -46.761897, -23.64312 ], [ -46.761351, -23.642904 ], [ -46.761631, -23.644087 ] ] ] } },
{ "type": "Feature", "properties": { "CD_SETOR": "355030817000297", "faces": 2, "pavimentada": 100.0, "bueiro": 50.0, "iluminacao": 100.0, "onibus": 0.0, "ciclovia": 0.0, "calcada": 50.0, "obstaculo": 100.0, "rampa": 100.0, "rampa_faces": 50.0, "sem_calcada": 50.0, "sem_arvore": 50.0, "muitas_arvores": 50.0, "vao": 50.0, "V05400": 2, "V05421": 1, "V05406": 2, "V05412": 2, "V05422": 1, "V05424": 1, "V05427": 1, "V05409": 1, "V05415": 0, "V05418": 0, "V05430": 1, "V05433": 1, "criancas_0a4": 0, "em_favela": false }, "geometry": { "type": "Polygon", "coordinates": [ [ [ -46.757517, -23.645618 ], [ -46.757186, -23.645819 ], [ -46.756757, -23.645972 ], [ -46.756601, -23.646084 ], [ -46.756469, -23.646257 ], [ -46.757348, -23.646871 ], [ -46.758251, -23.646069 ], [ -46.758145, -23.64548 ], [ -46.757517, -23.645618 ] ] ] } },
{ "type": "Feature", "properties": { "CD_SETOR": "355030817000298", "faces": 4, "pavimentada": 100.0, "bueiro": 50.0, "iluminacao": 100.0, "onibus": 0.0, "ciclovia": 0.0, "calcada": 100.0, "obstaculo": 100.0, "rampa": 25.0, "rampa_faces": 25.0, "sem_calcada": 0.0, "sem_arvore": 75.0, "muitas_arvores": 0.0, "vao": 75.0, "V05400": 4, "V05421": 4, "V05406": 4, "V05412": 4, "V05422": 0, "V05424": 4, "V05427": 1, "V05409": 2, "V05415": 0, "V05418": 0, "V05430": 3, "V05433": 0, "criancas_0a4": 20, "em_favela": false }, "geometry": { "type": "Polygon", "coordinates": [ [ [ -46.750082, -23.623268 ], [ -46.749763, -23.623412 ], [ -46.749979, -23.623862 ], [ -46.750174, -23.624026 ], [ -46.751162, -23.62525 ], [ -46.752419, -23.626446 ], [ -46.752466, -23.626605 ], [ -46.752565, -23.626725 ], [ -46.752646, -23.626324 ], [ -46.752613, -23.626236 ], [ -46.751705, -23.625246 ], [ -46.751369, -23.624984 ], [ -46.750082, -23.623268 ] ] ] } },
{ "type": "Feature", "properties": { "CD_SETOR": "355030817000303", "faces": 3, "pavimentada": 100.0, "bueiro": 33.33, "iluminacao": 100.0, "onibus": 0.0, "ciclovia": 0.0, "calcada": 100.0, "obstaculo": 66.67, "rampa": 0.0, "rampa_faces": 0.0, "sem_calcada": 0.0, "sem_arvore": 0.0, "muitas_arvores": 100.0, "vao": 100.0, "V05400": 3, "V05421": 3, "V05406": 3, "V05412": 3, "V05422": 0, "V05424": 2, "V05427": 0, "V05409": 1, "V05415": 0, "V05418": 0, "V05430": 0, "V05433": 3, "criancas_0a4": 48, "em_favela": false }, "geometry": { "type": "Polygon", "coordinates": [ [ [ -46.768649, -23.652277 ], [ -46.768777, -23.652381 ], [ -46.76911, -23.653029 ], [ -46.769294, -23.65328 ], [ -46.769866, -23.652307 ], [ -46.769991, -23.651811 ], [ -46.769467, -23.651785 ], [ -46.769472, -23.651529 ], [ -46.768778, -23.651521 ], [ -46.768752, -23.651939 ], [ -46.768649, -23.652277 ] ] ] } },
{ "type": "Feature", "properties": { "CD_SETOR": "355030817000305", "faces": 8, "pavimentada": 100.0, "bueiro": 100.0, "iluminacao": 100.0, "onibus": 0.0, "ciclovia": 0.0, "calcada": 100.0, "obstaculo": 50.0, "rampa": 0.0, "rampa_faces": 0.0, "sem_calcada": 0.0, "sem_arvore": 25.0, "muitas_arvores": 37.5, "vao": 100.0, "V05400": 8, "V05421": 8, "V05406": 8, "V05412": 8, "V05422": 0, "V05424": 4, "V05427": 0, "V05409": 8, "V05415": 0, "V05418": 0, "V05430": 2, "V05433": 3, "criancas_0a4": 30, "em_favela": false }, "geometry": { "type": "Polygon", "coordinates": [ [ [ -46.751877, -23.627132 ], [ -46.751089, -23.627523 ], [ -46.751792, -23.6296 ], [ -46.752359, -23.629709 ], [ -46.7529, -23.629948 ], [ -46.752977, -23.629524 ], [ -46.752785, -23.629532 ], [ -46.751993, -23.627138 ], [ -46.751877, -23.627132 ] ] ] } },
{ "type": "Feature", "properties": { "CD_SETOR": "355030817000306", "faces": 3, "pavimentada": 100.0, "bueiro": 66.67, "iluminacao": 100.0, "onibus": 0.0, "ciclovia": 0.0, "calcada": 100.0, "obstaculo": 100.0, "rampa": 0.0, "rampa_faces": 0.0, "sem_calcada": 0.0, "sem_arvore": 33.33, "muitas_arvores": 33.33, "vao": 100.0, "V05400": 3, "V05421": 3, "V05406": 3, "V05412": 3, "V05422": 0, "V05424": 3, "V05427": 0, "V05409": 2, "V05415": 0, "V05418": 0, "V05430": 1, "V05433": 1, "criancas_0a4": 0, "em_favela": false }, "geometry": { "type": "Polygon", "coordinates": [ [ [ -46.766908, -23.633128 ], [ -46.766916, -23.633597 ], [ -46.767259, -23.633561 ], [ -46.767319, -23.633098 ], [ -46.766908, -23.633128 ] ] ] } },
{ "type": "Feature", "properties": { "CD_SETOR": "355030817000307", "faces": 4, "pavimentada": 100.0, "bueiro": 25.0, "iluminacao": 100.0, "onibus": 0.0, "ciclovia": 0.0, "calcada": 100.0, "obstaculo": 100.0, "rampa": 0.0, "rampa_faces": 0.0, "sem_calcada": 0.0, "sem_arvore": 50.0, "muitas_arvores": 0.0, "vao": 100.0, "V05400": 4, "V05421": 4, "V05406": 4, "V05412": 4, "V05422": 0, "V05424": 4, "V05427": 0, "V05409": 1, "V05415": 0, "V05418": 0, "V05430": 2, "V05433": 0, "criancas_0a4": 20, "em_favela": true }, "geometry": { "type": "Polygon", "coordinates": [ [ [ -46.766908, -23.633128 ], [ -46.766083, -23.633177 ], [ -46.766145, -23.633636 ], [ -46.766916, -23.633597 ], [ -46.766908, -23.633128 ] ] ] } },
{ "type": "Feature", "properties": { "CD_SETOR": "355030817000308", "faces": 3, "pavimentada": 100.0, "bueiro": 66.67, "iluminacao": 100.0, "onibus": 0.0, "ciclovia": 0.0, "calcada": 33.33, "obstaculo": 100.0, "rampa": 0.0, "rampa_faces": 0.0, "sem_calcada": 66.67, "sem_arvore": 66.67, "muitas_arvores": 0.0, "vao": 100.0, "V05400": 3, "V05421": 1, "V05406": 3, "V05412": 3, "V05422": 2, "V05424": 1, "V05427": 0, "V05409": 2, "V05415": 0, "V05418": 0, "V05430": 2, "V05433": 0, "criancas_0a4": 13, "em_favela": false }, "geometry": { "type": "Polygon", "coordinates": [ [ [ -46.770185, -23.637592 ], [ -46.771108, -23.63818 ], [ -46.771119, -23.638272 ], [ -46.770991, -23.638496 ], [ -46.771001, -23.63864 ], [ -46.771095, -23.638753 ], [ -46.771386, -23.638506 ], [ -46.77174, -23.638318 ], [ -46.771374, -23.637705 ], [ -46.770525, -23.637139 ], [ -46.770185, -23.637592 ] ] ] } },
{ "type": "Feature", "properties": { "CD_SETOR": "355030817000309", "faces": 6, "pavimentada": 100.0, "bueiro": 66.67, "iluminacao": 100.0, "onibus": 16.67, "ciclovia": 0.0, "calcada": 33.33, "obstaculo": 100.0, "rampa": 0.0, "rampa_faces": 0.0, "sem_calcada": 66.67, "sem_arvore": 83.33, "muitas_arvores": 0.0, "vao": 100.0, "V05400": 6, "V05421": 2, "V05406": 6, "V05412": 6, "V05422": 4, "V05424": 2, "V05427": 0, "V05409": 4, "V05415": 1, "V05418": 0, "V05430": 5, "V05433": 0, "criancas_0a4": 0, "em_favela": true }, "geometry": { "type": "Polygon", "coordinates": [ [ [ -46.765827, -23.638271 ], [ -46.76578, -23.638586 ], [ -46.766063, -23.638748 ], [ -46.766302, -23.638515 ], [ -46.766394, -23.638337 ], [ -46.766303, -23.638185 ], [ -46.766284, -23.637886 ], [ -46.766198, -23.637868 ], [ -46.765827, -23.638271 ] ] ] } },
{ "type": "Feature", "properties": { "CD_SETOR": "355030817000310", "faces": 8, "pavimentada": 100.0, "bueiro": 50.0, "iluminacao": 100.0, "onibus": 12.5, "ciclovia": 0.0, "calcada": 25.0, "obstaculo": 100.0, "rampa": 0.0, "rampa_faces": 0.0, "sem_calcada": 75.0, "sem_arvore": 100.0, "muitas_arvores": 0.0, "vao": 100.0, "V05400": 8, "V05421": 2, "V05406": 8, "V05412": 8, "V05422": 6, "V05424": 2, "V05427": 0, "V05409": 4, "V05415": 1, "V05418": 0, "V05430": 8, "V05433": 0, "criancas_0a4": 26, "em_favela": true }, "geometry": { "type": "Polygon", "coordinates": [ [ [ -46.774425, -23.642152 ], [ -46.774484, -23.642243 ], [ -46.774685, -23.642347 ], [ -46.774756, -23.642476 ], [ -46.774891, -23.64245 ], [ -46.775048, -23.642167 ], [ -46.775052, -23.642 ], [ -46.775201, -23.641689 ], [ -46.775383, -23.641405 ], [ -46.775613, -23.641214 ], [ -46.77538, -23.64111 ], [ -46.775322, -23.641259 ], [ -46.775177, -23.641336 ], [ -46.77519, -23.641416 ], [ -46.774936, -23.641472 ], [ -46.77459, -23.641656 ], [ -46.774594, -23.641762 ], [ -46.774425, -23.642152 ] ] ] } },
{ "type": "Feature", "properties": { "CD_SETOR": "355030817000311", "faces": 3, "pavimentada": 100.0, "bueiro": 66.67, "iluminacao": 100.0, "onibus": 33.33, "ciclovia": 0.0, "calcada": 100.0, "obstaculo": 100.0, "rampa": 0.0, "rampa_faces": 0.0, "sem_calcada": 0.0, "sem_arvore": 33.33, "muitas_arvores": 0.0, "vao": 100.0, "V05400": 3, "V05421": 3, "V05406": 3, "V05412": 3, "V05422": 0, "V05424": 3, "V05427": 0, "V05409": 2, "V05415": 1, "V05418": 0, "V05430": 1, "V05433": 0, "criancas_0a4": 26, "em_favela": false }, "geometry": { "type": "Polygon", "coordinates": [ [ [ -46.772122, -23.647281 ], [ -46.771699, -23.646961 ], [ -46.771375, -23.647328 ], [ -46.7713, -23.647579 ], [ -46.77134, -23.647876 ], [ -46.77153, -23.648178 ], [ -46.77179, -23.64836 ], [ -46.772124, -23.648437 ], [ -46.772505, -23.648416 ], [ -46.772826, -23.647674 ], [ -46.77221, -23.647904 ], [ -46.77199, -23.647857 ], [ -46.771885, -23.647732 ], [ -46.771886, -23.647562 ], [ -46.772122, -23.647281 ] ] ] } },
{ "type": "Feature", "properties": { "CD_SETOR": "355030817000312", "faces": 18, "pavimentada": 100.0, "bueiro": 22.22, "iluminacao": 94.44, "onibus": 11.11, "ciclovia": 0.0, "calcada": 16.67, "obstaculo": 100.0, "rampa": 0.0, "rampa_faces": 0.0, "sem_calcada": 83.33, "sem_arvore": 88.89, "muitas_arvores": 0.0, "vao": 100.0, "V05400": 18, "V05421": 3, "V05406": 18, "V05412": 17, "V05422": 15, "V05424": 3, "V05427": 0, "V05409": 4, "V05415": 2, "V05418": 0, "V05430": 16, "V05433": 0, "criancas_0a4": 76, "em_favela": true }, "geometry": { "type": "Polygon", "coordinates": [ [ [ -46.772122, -23.647281 ], [ -46.772351, -23.647017 ], [ -46.772536, -23.646462 ], [ -46.772154, -23.646063 ], [ -46.771847, -23.645895 ], [ -46.771655, -23.646357 ], [ -46.771454, -23.646257 ], [ -46.771328, -23.646514 ], [ -46.771201, -23.646632 ], [ -46.771118, -23.646645 ], [ -46.771019, -23.646802 ], [ -46.771535, -23.647112 ], [ -46.771699, -23.646961 ], [ -46.772122, -23.647281 ] ] ] } },
{ "type": "Feature", "properties": { "CD_SETOR": "355030817000313", "faces": 26, "pavimentada": 100.0, "bueiro": 7.69, "iluminacao": 100.0, "onibus": 3.85, "ciclovia": 0.0, "calcada": 26.92, "obstaculo": 85.71, "rampa": 0.0, "rampa_faces": 0.0, "sem_calcada": 73.08, "sem_arvore": 96.15, "muitas_arvores": 0.0, "vao": 100.0, "V05400": 26, "V05421": 7, "V05406": 26, "V05412": 26, "V05422": 19, "V05424": 6, "V05427": 0, "V05409": 2, "V05415": 1, "V05418": 0, "V05430": 25, "V05433": 0, "criancas_0a4": 36, "em_favela": true }, "geometry": { "type": "Polygon", "coordinates": [ [ [ -46.77366, -23.64601 ], [ -46.773014, -23.646303 ], [ -46.773835, -23.64685 ], [ -46.774265, -23.647673 ], [ -46.774435, -23.647862 ], [ -46.774794, -23.647578 ], [ -46.774725, -23.647462 ], [ -46.774779, -23.647128 ], [ -46.774974, -23.646958 ], [ -46.774812, -23.646892 ], [ -46.774673, -23.646898 ], [ -46.774573, -23.646849 ], [ -46.774548, -23.646785 ], [ -46.774319, -23.646745 ], [ -46.774258, -23.646678 ], [ -46.774319, -23.646645 ], [ -46.774311, -23.646552 ], [ -46.774248, -23.646521 ], [ -46.773997, -23.645907 ], [ -46.773707, -23.646036 ], [ -46.77366, -23.64601 ] ] ] } },
{ "type": "Feature", "properties": { "CD_SETOR": "355030817000314", "faces": 2, "pavimentada": 100.0, "bueiro": 50.0, "iluminacao": 100.0, "onibus": 0.0, "ciclovia": 0.0, "calcada": 100.0, "obstaculo": 100.0, "rampa": 0.0, "rampa_faces": 0.0, "sem_calcada": 0.0, "sem_arvore": 0.0, "muitas_arvores": 0.0, "vao": 100.0, "V05400": 2, "V05421": 2, "V05406": 2, "V05412": 2, "V05422": 0, "V05424": 2, "V05427": 0, "V05409": 1, "V05415": 0, "V05418": 0, "V05430": 0, "V05433": 0, "criancas_0a4": 3, "em_favela": true }, "geometry": { "type": "Polygon", "coordinates": [ [ [ -46.776669, -23.642662 ], [ -46.776883, -23.642986 ], [ -46.777075, -23.642887 ], [ -46.776748, -23.642411 ], [ -46.776669, -23.642662 ] ] ] } },
{ "type": "Feature", "properties": { "CD_SETOR": "355030817000315", "faces": 6, "pavimentada": 100.0, "bueiro": 16.67, "iluminacao": 100.0, "onibus": 0.0, "ciclovia": 0.0, "calcada": 100.0, "obstaculo": 100.0, "rampa": 0.0, "rampa_faces": 0.0, "sem_calcada": 0.0, "sem_arvore": 83.33, "muitas_arvores": 0.0, "vao": 100.0, "V05400": 6, "V05421": 6, "V05406": 6, "V05412": 6, "V05422": 0, "V05424": 6, "V05427": 0, "V05409": 1, "V05415": 0, "V05418": 0, "V05430": 5, "V05433": 0, "criancas_0a4": 26, "em_favela": true }, "geometry": { "type": "Polygon", "coordinates": [ [ [ -46.763261, -23.624586 ], [ -46.763312, -23.624374 ], [ -46.763157, -23.624344 ], [ -46.761822, -23.625365 ], [ -46.760914, -23.626124 ], [ -46.761099, -23.626195 ], [ -46.763261, -23.624586 ] ] ] } },
{ "type": "Feature", "properties": { "CD_SETOR": "355030817000316", "faces": 8, "pavimentada": 100.0, "bueiro": 12.5, "iluminacao": 100.0, "onibus": 25.0, "ciclovia": 0.0, "calcada": 37.5, "obstaculo": 100.0, "rampa": 33.33, "rampa_faces": 12.5, "sem_calcada": 62.5, "sem_arvore": 37.5, "muitas_arvores": 12.5, "vao": 87.5, "V05400": 8, "V05421": 3, "V05406": 8, "V05412": 8, "V05422": 5, "V05424": 3, "V05427": 1, "V05409": 1, "V05415": 2, "V05418": 0, "V05430": 3, "V05433": 1, "criancas_0a4": 3, "em_favela": true }, "geometry": { "type": "Polygon", "coordinates": [ [ [ -46.752623, -23.635593 ], [ -46.753269, -23.635865 ], [ -46.753251, -23.636006 ], [ -46.753494, -23.63613 ], [ -46.754141, -23.636107 ], [ -46.754249, -23.636067 ], [ -46.753646, -23.635794 ], [ -46.753263, -23.635134 ], [ -46.753025, -23.634956 ], [ -46.752623, -23.635593 ] ] ] } },
{ "type": "Feature", "properties": { "CD_SETOR": "355030817000317", "faces": 8, "pavimentada": 87.5, "bueiro": 62.5, "iluminacao": 87.5, "onibus": 12.5, "ciclovia": 37.5, "calcada": 62.5, "obstaculo": 100.0, "rampa": 0.0, "rampa_faces": 0.0, "sem_calcada": 25.0, "sem_arvore": 50.0, "muitas_arvores": 25.0, "vao": 87.5, "V05400": 8, "V05421": 5, "V05406": 7, "V05412": 7, "V05422": 2, "V05424": 5, "V05427": 0, "V05409": 5, "V05415": 1, "V05418": 3, "V05430": 4, "V05433": 2, "criancas_0a4": 17, "em_favela": false }, "geometry": { "type": "Polygon", "coordinates": [ [ [ -46.753755, -23.637646 ], [ -46.753758, -23.637916 ], [ -46.753449, -23.638426 ], [ -46.75336, -23.638668 ], [ -46.753366, -23.638927 ], [ -46.754427, -23.638743 ], [ -46.754688, -23.638591 ], [ -46.75462, -23.638315 ], [ -46.754736, -23.638261 ], [ -46.754667, -23.638127 ], [ -46.754613, -23.638119 ], [ -46.754653, -23.638094 ], [ -46.754629, -23.638002 ], [ -46.754502, -23.638101 ], [ -46.7543, -23.638056 ], [ -46.754136, -23.637552 ], [ -46.753755, -23.637646 ] ] ] } },
{ "type": "Feature", "properties": { "CD_SETOR": "355030817000318", "faces": 16, "pavimentada": 93.75, "bueiro": 12.5, "iluminacao": 100.0, "onibus": 12.5, "ciclovia": 12.5, "calcada": 31.25, "obstaculo": 100.0, "rampa": 0.0, "rampa_faces": 0.0, "sem_calcada": 68.75, "sem_arvore": 87.5, "muitas_arvores": 6.25, "vao": 93.75, "V05400": 16, "V05421": 5, "V05406": 15, "V05412": 16, "V05422": 11, "V05424": 5, "V05427": 0, "V05409": 2, "V05415": 2, "V05418": 2, "V05430": 14, "V05433": 1, "criancas_0a4": 0, "em_favela": true }, "geometry": { "type": "Polygon", "coordinates": [ [ [ -46.754629, -23.638002 ], [ -46.754653, -23.638094 ], [ -46.754613, -23.638119 ], [ -46.754667, -23.638127 ], [ -46.754736, -23.638261 ], [ -46.75462, -23.638315 ], [ -46.754688, -23.638591 ], [ -46.754965, -23.638455 ], [ -46.755449, -23.638425 ], [ -46.755436, -23.63821 ], [ -46.755484, -23.638203 ], [ -46.755471, -23.638127 ], [ -46.7554, -23.638126 ], [ -46.755507, -23.637854 ], [ -46.755395, -23.637783 ], [ -46.755164, -23.637502 ], [ -46.75502, -23.637478 ], [ -46.754902, -23.637541 ], [ -46.754629, -23.638002 ] ] ] } },
{ "type": "Feature", "properties": { "CD_SETOR": "355030817000319", "faces": 18, "pavimentada": 100.0, "bueiro": 66.67, "iluminacao": 83.33, "onibus": 22.22, "ciclovia": 0.0, "calcada": 100.0, "obstaculo": 72.22, "rampa": 0.0, "rampa_faces": 0.0, "sem_calcada": 0.0, "sem_arvore": 5.56, "muitas_arvores": 44.44, "vao": 100.0, "V05400": 18, "V05421": 18, "V05406": 18, "V05412": 15, "V05422": 0, "V05424": 13, "V05427": 0, "V05409": 12, "V05415": 4, "V05418": 0, "V05430": 1, "V05433": 8, "criancas_0a4": 26, "em_favela": false }, "geometry": { "type": "Polygon", "coordinates": [ [ [ -46.758333, -23.6485 ], [ -46.758399, -23.649291 ], [ -46.758551, -23.649679 ], [ -46.758695, -23.649863 ], [ -46.758907, -23.650074 ], [ -46.759675, -23.650476 ], [ -46.760073, -23.650768 ], [ -46.760343, -23.651086 ], [ -46.760667, -23.651624 ], [ -46.761043, -23.651957 ], [ -46.761604, -23.652212 ], [ -46.761944, -23.65143 ], [ -46.762519, -23.651279 ], [ -46.762526, -23.651168 ], [ -46.762879, -23.650632 ], [ -46.762867, -23.650522 ], [ -46.762723, -23.6503 ], [ -46.762046, -23.649701 ], [ -46.761885, -23.649767 ], [ -46.7614, -23.65016 ], [ -46.76103, -23.649813 ], [ -46.760931, -23.650486 ], [ -46.759978, -23.649615 ], [ -46.75903, -23.648476 ], [ -46.758333, -23.6485 ] ] ] } },
{ "type": "Feature", "properties": { "CD_SETOR": "355030817000320", "faces": 15, "pavimentada": 86.67, "bueiro": 13.33, "iluminacao": 93.33, "onibus": 0.0, "ciclovia": 0.0, "calcada": 26.67, "obstaculo": 75.0, "rampa": 0.0, "rampa_faces": 0.0, "sem_calcada": 73.33, "sem_arvore": 86.67, "muitas_arvores": 0.0, "vao": 86.67, "V05400": 15, "V05421": 4, "V05406": 13, "V05412": 14, "V05422": 11, "V05424": 3, "V05427": 0, "V05409": 2, "V05415": 0, "V05418": 0, "V05430": 13, "V05433": 0, "criancas_0a4": 16, "em_favela": true }, "geometry": { "type": "Polygon", "coordinates": [ [ [ -46.76103, -23.649813 ], [ -46.7614, -23.65016 ], [ -46.761885, -23.649767 ], [ -46.762046, -23.649701 ], [ -46.761956, -23.649547 ], [ -46.761897, -23.649292 ], [ -46.761749, -23.649128 ], [ -46.761514, -23.649016 ], [ -46.761469, -23.64877 ], [ -46.761365, -23.648749 ], [ -46.761439, -23.649266 ], [ -46.761092, -23.649231 ], [ -46.76103, -23.649813 ] ] ] } },
{ "type": "Feature", "properties": { "CD_SETOR": "355030817000321", "faces": 7, "pavimentada": 100.0, "bueiro": 71.43, "iluminacao": 100.0, "onibus": 0.0, "ciclovia": 0.0, "calcada": 57.14, "obstaculo": 75.0, "rampa": 0.0, "rampa_faces": 0.0, "sem_calcada": 42.86, "sem_arvore": 42.86, "muitas_arvores": 14.29, "vao": 100.0, "V05400": 7, "V05421": 4, "V05406": 7, "V05412": 7, "V05422": 3, "V05424": 3, "V05427": 0, "V05409": 5, "V05415": 0, "V05418": 0, "V05430": 3, "V05433": 1, "criancas_0a4": 15, "em_favela": true }, "geometry": { "type": "Polygon", "coordinates": [ [ [ -46.750967, -23.635222 ], [ -46.751371, -23.635602 ], [ -46.751625, -23.635405 ], [ -46.751889, -23.635711 ], [ -46.752125, -23.635503 ], [ -46.751905, -23.635246 ], [ -46.751739, -23.634878 ], [ -46.751443, -23.634667 ], [ -46.751257, -23.634608 ], [ -46.751106, -23.634575 ], [ -46.750967, -23.635222 ] ] ] } },
{ "type": "Feature", "properties": { "CD_SETOR": "355030817000323", "faces": 11, "pavimentada": 100.0, "bueiro": 27.27, "iluminacao": 100.0, "onibus": 9.09, "ciclovia": 0.0, "calcada": 27.27, "obstaculo": 100.0, "rampa": 33.33, "rampa_faces": 9.09, "sem_calcada": 72.73, "sem_arvore": 72.73, "muitas_arvores": 0.0, "vao": 90.91, "V05400": 11, "V05421": 3, "V05406": 11, "V05412": 11, "V05422": 8, "V05424": 3, "V05427": 1, "V05409": 3, "V05415": 1, "V05418": 0, "V05430": 8, "V05433": 0, "criancas_0a4": 24, "em_favela": true }, "geometry": { "type": "Polygon", "coordinates": [ [ [ -46.747434, -23.624758 ], [ -46.747509, -23.625484 ], [ -46.748097, -23.62541 ], [ -46.748072, -23.625276 ], [ -46.748175, -23.625012 ], [ -46.748277, -23.624498 ], [ -46.747936, -23.624288 ], [ -46.747977, -23.624514 ], [ -46.747921, -23.624645 ], [ -46.747837, -23.62465 ], [ -46.74783, -23.624719 ], [ -46.747434, -23.624758 ] ] ] } },
{ "type": "Feature", "properties": { "CD_SETOR": "355030817000324", "faces": 12, "pavimentada": 100.0, "bueiro": 50.0, "iluminacao": 100.0, "onibus": 0.0, "ciclovia": 0.0, "calcada": 58.33, "obstaculo": 71.43, "rampa": 0.0, "rampa_faces": 0.0, "sem_calcada": 41.67, "sem_arvore": 66.67, "muitas_arvores": 16.67, "vao": 100.0, "V05400": 12, "V05421": 7, "V05406": 12, "V05412": 12, "V05422": 5, "V05424": 5, "V05427": 0, "V05409": 6, "V05415": 0, "V05418": 0, "V05430": 8, "V05433": 2, "criancas_0a4": 20, "em_favela": false }, "geometry": { "type": "Polygon", "coordinates": [ [ [ -46.771095, -23.638753 ], [ -46.771519, -23.638992 ], [ -46.771103, -23.639379 ], [ -46.771374, -23.639674 ], [ -46.771728, -23.640318 ], [ -46.771941, -23.640378 ], [ -46.772498, -23.640143 ], [ -46.77269, -23.640162 ], [ -46.772787, -23.640247 ], [ -46.772995, -23.639844 ], [ -46.772923, -23.639817 ], [ -46.772393, -23.639198 ], [ -46.77174, -23.638318 ], [ -46.771386, -23.638506 ], [ -46.771095, -23.638753 ] ] ] } },
{ "type": "Feature", "properties": { "CD_SETOR": "355030817000325", "faces": 9, "pavimentada": 100.0, "bueiro": 44.44, "iluminacao": 100.0, "onibus": 0.0, "ciclovia": 0.0, "calcada": 66.67, "obstaculo": 83.33, "rampa": 0.0, "rampa_faces": 0.0, "sem_calcada": 33.33, "sem_arvore": 66.67, "muitas_arvores": 11.11, "vao": 100.0, "V05400": 9, "V05421": 6, "V05406": 9, "V05412": 9, "V05422": 3, "V05424": 5, "V05427": 0, "V05409": 4, "V05415": 0, "V05418": 0, "V05430": 6, "V05433": 1, "criancas_0a4": 17, "em_favela": true }, "geometry": { "type": "Polygon", "coordinates": [ [ [ -46.770471, -23.638799 ], [ -46.771103, -23.639379 ], [ -46.771519, -23.638992 ], [ -46.771035, -23.638696 ], [ -46.770993, -23.638479 ], [ -46.771119, -23.638272 ], [ -46.771118, -23.638195 ], [ -46.770753, -23.637956 ], [ -46.770471, -23.638799 ] ] ] } },
{ "type": "Feature", "properties": { "CD_SETOR": "355030817000326", "faces": 5, "pavimentada": 60.0, "bueiro": 20.0, "iluminacao": 60.0, "onibus": 20.0, "ciclovia": 0.0, "calcada": 40.0, "obstaculo": 100.0, "rampa": 0.0, "rampa_faces": 0.0, "sem_calcada": 60.0, "sem_arvore": 60.0, "muitas_arvores": 0.0, "vao": 60.0, "V05400": 5, "V05421": 2, "V05406": 3, "V05412": 3, "V05422": 3, "V05424": 2, "V05427": 0, "V05409": 1, "V05415": 1, "V05418": 0, "V05430": 3, "V05433": 0, "criancas_0a4": 13, "em_favela": true }, "geometry": { "type": "Polygon", "coordinates": [ [ [ -46.776618, -23.642986 ], [ -46.776619, -23.643747 ], [ -46.777028, -23.644456 ], [ -46.7771, -23.644329 ], [ -46.777176, -23.643724 ], [ -46.77714, -23.643534 ], [ -46.776961, -23.643098 ], [ -46.776714, -23.642739 ], [ -46.776658, -23.642798 ], [ -46.776618, -23.642986 ] ] ] } },
{ "type": "Feature", "properties": { "CD_SETOR": "355030817000327", "faces": 9, "pavimentada": 100.0, "bueiro": 66.67, "iluminacao": 100.0, "onibus": 11.11, "ciclovia": 0.0, "calcada": 88.89, "obstaculo": 75.0, "rampa": 0.0, "rampa_faces": 0.0, "sem_calcada": 11.11, "sem_arvore": 88.89, "muitas_arvores": 0.0, "vao": 100.0, "V05400": 9, "V05421": 8, "V05406": 9, "V05412": 9, "V05422": 1, "V05424": 6, "V05427": 0, "V05409": 6, "V05415": 1, "V05418": 0, "V05430": 8, "V05433": 0, "criancas_0a4": 18, "em_favela": true }, "geometry": { "type": "Polygon", "coordinates": [ [ [ -46.744339, -23.638516 ], [ -46.74482, -23.638887 ], [ -46.744942, -23.639168 ], [ -46.745073, -23.63911 ], [ -46.745326, -23.638851 ], [ -46.745027, -23.638538 ], [ -46.743959, -23.636858 ], [ -46.74346, -23.637134 ], [ -46.743842, -23.63767 ], [ -46.744095, -23.637524 ], [ -46.744206, -23.637696 ], [ -46.744295, -23.637638 ], [ -46.744677, -23.638288 ], [ -46.744339, -23.638516 ] ] ] } },
{ "type": "Feature", "properties": { "CD_SETOR": "355030817000328", "faces": 2, "pavimentada": 100.0, "bueiro": 100.0, "iluminacao": 100.0, "onibus": 50.0, "ciclovia": 0.0, "calcada": 100.0, "obstaculo": 100.0, "rampa": 0.0, "rampa_faces": 0.0, "sem_calcada": 0.0, "sem_arvore": 0.0, "muitas_arvores": 50.0, "vao": 100.0, "V05400": 2, "V05421": 2, "V05406": 2, "V05412": 2, "V05422": 0, "V05424": 2, "V05427": 0, "V05409": 2, "V05415": 1, "V05418": 0, "V05430": 0, "V05433": 1, "criancas_0a4": 13, "em_favela": true }, "geometry": { "type": "Polygon", "coordinates": [ [ [ -46.78737, -23.64813 ], [ -46.78788, -23.647946 ], [ -46.788668, -23.647498 ], [ -46.788311, -23.647024 ], [ -46.788508, -23.646633 ], [ -46.788323, -23.646508 ], [ -46.787552, -23.647676 ], [ -46.787241, -23.647987 ], [ -46.78737, -23.64813 ] ] ] } },
{ "type": "Feature", "properties": { "CD_SETOR": "355030817000329", "faces": 6, "pavimentada": 100.0, "bueiro": 16.67, "iluminacao": 66.67, "onibus": 0.0, "ciclovia": 0.0, "calcada": 66.67, "obstaculo": 100.0, "rampa": 0.0, "rampa_faces": 0.0, "sem_calcada": 33.33, "sem_arvore": 83.33, "muitas_arvores": 0.0, "vao": 100.0, "V05400": 6, "V05421": 4, "V05406": 6, "V05412": 4, "V05422": 2, "V05424": 4, "V05427": 0, "V05409": 1, "V05415": 0, "V05418": 0, "V05430": 5, "V05433": 0, "criancas_0a4": 26, "em_favela": true }, "geometry": { "type": "Polygon", "coordinates": [ [ [ -46.743957, -23.634594 ], [ -46.743849, -23.63488 ], [ -46.743905, -23.635019 ], [ -46.74402, -23.635083 ], [ -46.744344, -23.635126 ], [ -46.7448, -23.635528 ], [ -46.745464, -23.63495 ], [ -46.745282, -23.634835 ], [ -46.745195, -23.634603 ], [ -46.745012, -23.634393 ], [ -46.744473, -23.634782 ], [ -46.744231, -23.634793 ], [ -46.744059, -23.634624 ], [ -46.743957, -23.634594 ] ] ] } },
{ "type": "Feature", "properties": { "CD_SETOR": "355030817000330", "faces": 17, "pavimentada": 100.0, "bueiro": 17.65, "iluminacao": 64.71, "onibus": 0.0, "ciclovia": 0.0, "calcada": 58.82, "obstaculo": 90.0, "rampa": 0.0, "rampa_faces": 0.0, "sem_calcada": 41.18, "sem_arvore": 94.12, "muitas_arvores": 0.0, "vao": 100.0, "V05400": 17, "V05421": 10, "V05406": 17, "V05412": 11, "V05422": 7, "V05424": 9, "V05427": 0, "V05409": 3, "V05415": 0, "V05418": 0, "V05430": 16, "V05433": 0, "criancas_0a4": 46, "em_favela": true }, "geometry": { "type": "Polygon", "coordinates": [ [ [ -46.769773, -23.647398 ], [ -46.769734, -23.647754 ], [ -46.770504, -23.648105 ], [ -46.77093, -23.647771 ], [ -46.7713, -23.647579 ], [ -46.771375, -23.647328 ], [ -46.771535, -23.647112 ], [ -46.771019, -23.646802 ], [ -46.770632, -23.647243 ], [ -46.770435, -23.647553 ], [ -46.769773, -23.647398 ] ] ] } },
{ "type": "Feature", "properties": { "CD_SETOR": "355030817000331", "faces": 13, "pavimentada": 100.0, "bueiro": 76.92, "iluminacao": 100.0, "onibus": 0.0, "ciclovia": 0.0, "calcada": 7.69, "obstaculo": 100.0, "rampa": 0.0, "rampa_faces": 0.0, "sem_calcada": 92.31, "sem_arvore": 100.0, "muitas_arvores": 0.0, "vao": 100.0, "V05400": 13, "V05421": 1, "V05406": 13, "V05412": 13, "V05422": 12, "V05424": 1, "V05427": 0, "V05409": 10, "V05415": 0, "V05418": 0, "V05430": 13, "V05433": 0, "criancas_0a4": 7, "em_favela": true }, "geometry": { "type": "Polygon", "coordinates": [ [ [ -46.750173, -23.635544 ], [ -46.75017, -23.635789 ], [ -46.750269, -23.63577 ], [ -46.750273, -23.635914 ], [ -46.750892, -23.635908 ], [ -46.751003, -23.63537 ], [ -46.750173, -23.635544 ] ] ] } },
{ "type": "Feature", "properties": { "CD_SETOR": "355030817000332", "faces": 2, "pavimentada": 100.0, "bueiro": 0.0, "iluminacao": 100.0, "onibus": 0.0, "ciclovia": 0.0, "calcada": 100.0, "obstaculo": 100.0, "rampa": 0.0, "rampa_faces": 0.0, "sem_calcada": 0.0, "sem_arvore": 0.0, "muitas_arvores": 0.0, "vao": 100.0, "V05400": 2, "V05421": 2, "V05406": 2, "V05412": 2, "V05422": 0, "V05424": 2, "V05427": 0, "V05409": 0, "V05415": 0, "V05418": 0, "V05430": 0, "V05433": 0, "criancas_0a4": 11, "em_favela": false }, "geometry": { "type": "Polygon", "coordinates": [ [ [ -46.745882, -23.635832 ], [ -46.745678, -23.636004 ], [ -46.745289, -23.636783 ], [ -46.745427, -23.636985 ], [ -46.746147, -23.636289 ], [ -46.746029, -23.636168 ], [ -46.745951, -23.635831 ], [ -46.745882, -23.635832 ] ] ] } },
{ "type": "Feature", "properties": { "CD_SETOR": "355030817000333", "faces": 6, "pavimentada": 100.0, "bueiro": 0.0, "iluminacao": 100.0, "onibus": 0.0, "ciclovia": 0.0, "calcada": 50.0, "obstaculo": 100.0, "rampa": 0.0, "rampa_faces": 0.0, "sem_calcada": 50.0, "sem_arvore": 83.33, "muitas_arvores": 0.0, "vao": 100.0, "V05400": 6, "V05421": 3, "V05406": 6, "V05412": 6, "V05422": 3, "V05424": 3, "V05427": 0, "V05409": 0, "V05415": 0, "V05418": 0, "V05430": 5, "V05433": 0, "criancas_0a4": 12, "em_favela": false }, "geometry": { "type": "Polygon", "coordinates": [ [ [ -46.746147, -23.636289 ], [ -46.746223, -23.636289 ], [ -46.746269, -23.636352 ], [ -46.746185, -23.636576 ], [ -46.746768, -23.636606 ], [ -46.746819, -23.63626 ], [ -46.746585, -23.635896 ], [ -46.745951, -23.635831 ], [ -46.746029, -23.636168 ], [ -46.746147, -23.636289 ] ] ] } },
{ "type": "Feature", "properties": { "CD_SETOR": "355030817000337", "faces": 16, "pavimentada": 100.0, "bueiro": 25.0, "iluminacao": 100.0, "onibus": 12.5, "ciclovia": 0.0, "calcada": 87.5, "obstaculo": 78.57, "rampa": 0.0, "rampa_faces": 0.0, "sem_calcada": 12.5, "sem_arvore": 50.0, "muitas_arvores": 18.75, "vao": 100.0, "V05400": 16, "V05421": 14, "V05406": 16, "V05412": 16, "V05422": 2, "V05424": 11, "V05427": 0, "V05409": 4, "V05415": 2, "V05418": 0, "V05430": 8, "V05433": 3, "criancas_0a4": 33, "em_favela": false }, "geometry": { "type": "Polygon", "coordinates": [ [ [ -46.782838, -23.640493 ], [ -46.782128, -23.64023 ], [ -46.781992, -23.640576 ], [ -46.782647, -23.640822 ], [ -46.782212, -23.641703 ], [ -46.782222, -23.641804 ], [ -46.782326, -23.641923 ], [ -46.783523, -23.642373 ], [ -46.784206, -23.641411 ], [ -46.783284, -23.641051 ], [ -46.783696, -23.63945 ], [ -46.783125, -23.639333 ], [ -46.782838, -23.640493 ] ] ] } },
{ "type": "Feature", "properties": { "CD_SETOR": "355030817000338", "faces": 12, "pavimentada": 100.0, "bueiro": 41.67, "iluminacao": 100.0, "onibus": 8.33, "ciclovia": 0.0, "calcada": 75.0, "obstaculo": 77.78, "rampa": 0.0, "rampa_faces": 0.0, "sem_calcada": 25.0, "sem_arvore": 58.33, "muitas_arvores": 0.0, "vao": 100.0, "V05400": 12, "V05421": 9, "V05406": 12, "V05412": 12, "V05422": 3, "V05424": 7, "V05427": 0, "V05409": 5, "V05415": 1, "V05418": 0, "V05430": 7, "V05433": 0, "criancas_0a4": 30, "em_favela": false }, "geometry": { "type": "Polygon", "coordinates": [ [ [ -46.781557, -23.639125 ], [ -46.781522, -23.639589 ], [ -46.781462, -23.639945 ], [ -46.781363, -23.640197 ], [ -46.781357, -23.640445 ], [ -46.781992, -23.640576 ], [ -46.782128, -23.64023 ], [ -46.78275, -23.640454 ], [ -46.782767, -23.639926 ], [ -46.782633, -23.639028 ], [ -46.781557, -23.639125 ] ] ] } },
{ "type": "Feature", "properties": { "CD_SETOR": "355030817000339", "faces": 16, "pavimentada": 100.0, "bueiro": 18.75, "iluminacao": 100.0, "onibus": 0.0, "ciclovia": 6.25, "calcada": 100.0, "obstaculo": 93.75, "rampa": 6.25, "rampa_faces": 6.25, "sem_calcada": 0.0, "sem_arvore": 50.0, "muitas_arvores": 0.0, "vao": 93.75, "V05400": 16, "V05421": 16, "V05406": 16, "V05412": 16, "V05422": 0, "V05424": 15, "V05427": 1, "V05409": 3, "V05415": 0, "V05418": 1, "V05430": 8, "V05433": 0, "criancas_0a4": 36, "em_favela": false }, "geometry": { "type": "Polygon", "coordinates": [ [ [ -46.748796, -23.620172 ], [ -46.748747, -23.620229 ], [ -46.749242, -23.620723 ], [ -46.749473, -23.620713 ], [ -46.749963, -23.620912 ], [ -46.75049, -23.621416 ], [ -46.750684, -23.621681 ], [ -46.750917, -23.621731 ], [ -46.751074, -23.621636 ], [ -46.751012, -23.621434 ], [ -46.751179, -23.621194 ], [ -46.751773, -23.620373 ], [ -46.752091, -23.620097 ], [ -46.751319, -23.619346 ], [ -46.75002, -23.620461 ], [ -46.749525, -23.620194 ], [ -46.748796, -23.620172 ] ] ] } },
{ "type": "Feature", "properties": { "CD_SETOR": "355030817000340", "faces": 15, "pavimentada": 100.0, "bueiro": 53.33, "iluminacao": 100.0, "onibus": 6.67, "ciclovia": 0.0, "calcada": 100.0, "obstaculo": 86.67, "rampa": 0.0, "rampa_faces": 0.0, "sem_calcada": 0.0, "sem_arvore": 53.33, "muitas_arvores": 0.0, "vao": 100.0, "V05400": 15, "V05421": 15, "V05406": 15, "V05412": 15, "V05422": 0, "V05424": 13, "V05427": 0, "V05409": 8, "V05415": 1, "V05418": 0, "V05430": 8, "V05433": 0, "criancas_0a4": 11, "em_favela": false }, "geometry": { "type": "Polygon", "coordinates": [ [ [ -46.750527, -23.618556 ], [ -46.749504, -23.619384 ], [ -46.748796, -23.620172 ], [ -46.749525, -23.620194 ], [ -46.75002, -23.620461 ], [ -46.751319, -23.619346 ], [ -46.750527, -23.618556 ] ] ] } },
{ "type": "Feature", "properties": { "CD_SETOR": "355030817000341", "faces": 9, "pavimentada": 100.0, "bueiro": 77.78, "iluminacao": 77.78, "onibus": 0.0, "ciclovia": 0.0, "calcada": 55.56, "obstaculo": 100.0, "rampa": 0.0, "rampa_faces": 0.0, "sem_calcada": 44.44, "sem_arvore": 55.56, "muitas_arvores": 11.11, "vao": 100.0, "V05400": 9, "V05421": 5, "V05406": 9, "V05412": 7, "V05422": 4, "V05424": 5, "V05427": 0, "V05409": 7, "V05415": 0, "V05418": 0, "V05430": 5, "V05433": 1, "criancas_0a4": 28, "em_favela": false }, "geometry": { "type": "Polygon", "coordinates": [ [ [ -46.781342, -23.637668 ], [ -46.781459, -23.63798 ], [ -46.781336, -23.638441 ], [ -46.781494, -23.63877 ], [ -46.781557, -23.639125 ], [ -46.782633, -23.639028 ], [ -46.782432, -23.637579 ], [ -46.781342, -23.637668 ] ] ] } },
{ "type": "Feature", "properties": { "CD_SETOR": "355030817000342", "faces": 17, "pavimentada": 100.0, "bueiro": 58.82, "iluminacao": 88.24, "onibus": 0.0, "ciclovia": 0.0, "calcada": 70.59, "obstaculo": 75.0, "rampa": 0.0, "rampa_faces": 0.0, "sem_calcada": 29.41, "sem_arvore": 17.65, "muitas_arvores": 41.18, "vao": 100.0, "V05400": 17, "V05421": 12, "V05406": 17, "V05412": 15, "V05422": 5, "V05424": 9, "V05427": 0, "V05409": 10, "V05415": 0, "V05418": 0, "V05430": 3, "V05433": 7, "criancas_0a4": 29, "em_favela": false }, "geometry": { "type": "Polygon", "coordinates": [ [ [ -46.782432, -23.637579 ], [ -46.782767, -23.639926 ], [ -46.78273, -23.640424 ], [ -46.782838, -23.640493 ], [ -46.783125, -23.639333 ], [ -46.783696, -23.63945 ], [ -46.783788, -23.639039 ], [ -46.78379, -23.638017 ], [ -46.783047, -23.637713 ], [ -46.782432, -23.637579 ] ] ] } },
{ "type": "Feature", "properties": { "CD_SETOR": "355030817000343", "faces": 2, "pavimentada": 100.0, "bueiro": 50.0, "iluminacao": 100.0, "onibus": 0.0, "ciclovia": 0.0, "calcada": 100.0, "obstaculo": 100.0, "rampa": 0.0, "rampa_faces": 0.0, "sem_calcada": 0.0, "sem_arvore": 50.0, "muitas_arvores": 0.0, "vao": 100.0, "V05400": 2, "V05421": 2, "V05406": 2, "V05412": 2, "V05422": 0, "V05424": 2, "V05427": 0, "V05409": 1, "V05415": 0, "V05418": 0, "V05430": 1, "V05433": 0, "criancas_0a4": 33, "em_favela": false }, "geometry": { "type": "Polygon", "coordinates": [ [ [ -46.76068, -23.618643 ], [ -46.761878, -23.619321 ], [ -46.76191, -23.6193 ], [ -46.762267, -23.619489 ], [ -46.762737, -23.619126 ], [ -46.761021, -23.618139 ], [ -46.76068, -23.618643 ] ] ] } },
{ "type": "Feature", "properties": { "CD_SETOR": "355030817000344", "faces": 11, "pavimentada": 100.0, "bueiro": 54.55, "iluminacao": 100.0, "onibus": 0.0, "ciclovia": 0.0, "calcada": 90.91, "obstaculo": 70.0, "rampa": 20.0, "rampa_faces": 18.18, "sem_calcada": 9.09, "sem_arvore": 9.09, "muitas_arvores": 54.55, "vao": 81.82, "V05400": 11, "V05421": 10, "V05406": 11, "V05412": 11, "V05422": 1, "V05424": 7, "V05427": 2, "V05409": 6, "V05415": 0, "V05418": 0, "V05430": 1, "V05433": 6, "criancas_0a4": 12, "em_favela": false }, "geometry": { "type": "Polygon", "coordinates": [ [ [ -46.761021, -23.618139 ], [ -46.762737, -23.619126 ], [ -46.762267, -23.619489 ], [ -46.76191, -23.6193 ], [ -46.761878, -23.619321 ], [ -46.76068, -23.618643 ], [ -46.760415, -23.619069 ], [ -46.761976, -23.619967 ], [ -46.762866, -23.619274 ], [ -46.762944, -23.618775 ], [ -46.762211, -23.618399 ], [ -46.76127, -23.617684 ], [ -46.761021, -23.618139 ] ] ] } },
{ "type": "Feature", "properties": { "CD_SETOR": "355030817000345", "faces": 3, "pavimentada": 100.0, "bueiro": 66.67, "iluminacao": 100.0, "onibus": 0.0, "ciclovia": 0.0, "calcada": 66.67, "obstaculo": 100.0, "rampa": 0.0, "rampa_faces": 0.0, "sem_calcada": 33.33, "sem_arvore": 66.67, "muitas_arvores": 33.33, "vao": 100.0, "V05400": 3, "V05421": 2, "V05406": 3, "V05412": 3, "V05422": 1, "V05424": 2, "V05427": 0, "V05409": 2, "V05415": 0, "V05418": 0, "V05430": 2, "V05433": 1, "criancas_0a4": 27, "em_favela": false }, "geometry": { "type": "Polygon", "coordinates": [ [ [ -46.748426, -23.629852 ], [ -46.748722, -23.63046 ], [ -46.750104, -23.629887 ], [ -46.749822, -23.629227 ], [ -46.748426, -23.629852 ] ] ] } },
{ "type": "Feature", "properties": { "CD_SETOR": "355030817000346", "faces": 5, "pavimentada": 80.0, "bueiro": 60.0, "iluminacao": 80.0, "onibus": 0.0, "ciclovia": 0.0, "calcada": 80.0, "obstaculo": 100.0, "rampa": 0.0, "rampa_faces": 0.0, "sem_calcada": 20.0, "sem_arvore": 60.0, "muitas_arvores": 0.0, "vao": 80.0, "V05400": 5, "V05421": 4, "V05406": 4, "V05412": 4, "V05422": 1, "V05424": 4, "V05427": 0, "V05409": 3, "V05415": 0, "V05418": 0, "V05430": 3, "V05433": 0, "criancas_0a4": 36, "em_favela": false }, "geometry": { "type": "Polygon", "coordinates": [ [ [ -46.750518, -23.627824 ], [ -46.749029, -23.628877 ], [ -46.748778, -23.629002 ], [ -46.748341, -23.62905 ], [ -46.747743, -23.62879 ], [ -46.747149, -23.62958 ], [ -46.74716, -23.629816 ], [ -46.747321, -23.629867 ], [ -46.748426, -23.629852 ], [ -46.749822, -23.629227 ], [ -46.750976, -23.62847 ], [ -46.751382, -23.628335 ], [ -46.751089, -23.627523 ], [ -46.750518, -23.627824 ] ] ] } },
{ "type": "Feature", "properties": { "CD_SETOR": "355030817000347", "faces": 10, "pavimentada": 100.0, "bueiro": 60.0, "iluminacao": 100.0, "onibus": 40.0, "ciclovia": 0.0, "calcada": 100.0, "obstaculo": 60.0, "rampa": 0.0, "rampa_faces": 0.0, "sem_calcada": 0.0, "sem_arvore": 40.0, "muitas_arvores": 10.0, "vao": 100.0, "V05400": 10, "V05421": 10, "V05406": 10, "V05412": 10, "V05422": 0, "V05424": 6, "V05427": 0, "V05409": 6, "V05415": 4, "V05418": 0, "V05430": 4, "V05433": 1, "criancas_0a4": 22, "em_favela": false }, "geometry": { "type": "Polygon", "coordinates": [ [ [ -46.748064, -23.632878 ], [ -46.748851, -23.633681 ], [ -46.749001, -23.633751 ], [ -46.749186, -23.633753 ], [ -46.749361, -23.633682 ], [ -46.749494, -23.63348 ], [ -46.749479, -23.63252 ], [ -46.749543, -23.632352 ], [ -46.749602, -23.632271 ], [ -46.749963, -23.632611 ], [ -46.749992, -23.632526 ], [ -46.750133, -23.632407 ], [ -46.750024, -23.632092 ], [ -46.74987, -23.631856 ], [ -46.74938, -23.631386 ], [ -46.749071, -23.632663 ], [ -46.748989, -23.632826 ], [ -46.748782, -23.632936 ], [ -46.748064, -23.632878 ] ] ] } },
{ "type": "Feature", "properties": { "CD_SETOR": "355030817000348", "faces": 7, "pavimentada": 100.0, "bueiro": 28.57, "iluminacao": 100.0, "onibus": 28.57, "ciclovia": 0.0, "calcada": 71.43, "obstaculo": 80.0, "rampa": 0.0, "rampa_faces": 0.0, "sem_calcada": 28.57, "sem_arvore": 42.86, "muitas_arvores": 0.0, "vao": 100.0, "V05400": 7, "V05421": 5, "V05406": 7, "V05412": 7, "V05422": 2, "V05424": 4, "V05427": 0, "V05409": 2, "V05415": 2, "V05418": 0, "V05430": 3, "V05433": 0, "criancas_0a4": 16, "em_favela": false }, "geometry": { "type": "Polygon", "coordinates": [ [ [ -46.748775, -23.631437 ], [ -46.748597, -23.632234 ], [ -46.748506, -23.632364 ], [ -46.74753, -23.632559 ], [ -46.747346, -23.632629 ], [ -46.747095, -23.632852 ], [ -46.748782, -23.632936 ], [ -46.748942, -23.632874 ], [ -46.749071, -23.632663 ], [ -46.74938, -23.631386 ], [ -46.749231, -23.631355 ], [ -46.748775, -23.631437 ] ] ] } },
{ "type": "Feature", "properties": { "CD_SETOR": "355030817000349", "faces": 10, "pavimentada": 100.0, "bueiro": 0.0, "iluminacao": 100.0, "onibus": 50.0, "ciclovia": 0.0, "calcada": 100.0, "obstaculo": 90.0, "rampa": 0.0, "rampa_faces": 0.0, "sem_calcada": 0.0, "sem_arvore": 50.0, "muitas_arvores": 10.0, "vao": 100.0, "V05400": 10, "V05421": 10, "V05406": 10, "V05412": 10, "V05422": 0, "V05424": 9, "V05427": 0, "V05409": 0, "V05415": 5, "V05418": 0, "V05430": 5, "V05433": 1, "criancas_0a4": 5, "em_favela": false }, "geometry": { "type": "Polygon", "coordinates": [ [ [ -46.751419, -23.634608 ], [ -46.751773, -23.634919 ], [ -46.751905, -23.635246 ], [ -46.752125, -23.635503 ], [ -46.751889, -23.635711 ], [ -46.751625, -23.635405 ], [ -46.751371, -23.635602 ], [ -46.752136, -23.636316 ], [ -46.753025, -23.634956 ], [ -46.751513, -23.634042 ], [ -46.751419, -23.634608 ] ] ] } },
{ "type": "Feature", "properties": { "CD_SETOR": "355030817000350", "faces": 14, "pavimentada": 100.0, "bueiro": 57.14, "iluminacao": 100.0, "onibus": 7.14, "ciclovia": 0.0, "calcada": 71.43, "obstaculo": 90.0, "rampa": 10.0, "rampa_faces": 7.14, "sem_calcada": 28.57, "sem_arvore": 50.0, "muitas_arvores": 7.14, "vao": 92.86, "V05400": 14, "V05421": 10, "V05406": 14, "V05412": 14, "V05422": 4, "V05424": 9, "V05427": 1, "V05409": 8, "V05415": 1, "V05418": 0, "V05430": 7, "V05433": 1, "criancas_0a4": 22, "em_favela": false }, "geometry": { "type": "Polygon", "coordinates": [ [ [ -46.749992, -23.632526 ], [ -46.749842, -23.63331 ], [ -46.749847, -23.634221 ], [ -46.750179, -23.634576 ], [ -46.750967, -23.635222 ], [ -46.751106, -23.634575 ], [ -46.751443, -23.634667 ], [ -46.751419, -23.634608 ], [ -46.751513, -23.634042 ], [ -46.751087, -23.633771 ], [ -46.751015, -23.633623 ], [ -46.75104, -23.6335 ], [ -46.750448, -23.633311 ], [ -46.750133, -23.632407 ], [ -46.749992, -23.632526 ] ] ] } },
{ "type": "Feature", "properties": { "CD_SETOR": "355030817000353", "faces": 10, "pavimentada": 100.0, "bueiro": 0.0, "iluminacao": 100.0, "onibus": 30.0, "ciclovia": 0.0, "calcada": 70.0, "obstaculo": 57.14, "rampa": 0.0, "rampa_faces": 0.0, "sem_calcada": 30.0, "sem_arvore": 20.0, "muitas_arvores": 20.0, "vao": 100.0, "V05400": 10, "V05421": 7, "V05406": 10, "V05412": 10, "V05422": 3, "V05424": 4, "V05427": 0, "V05409": 0, "V05415": 3, "V05418": 0, "V05430": 2, "V05433": 2, "criancas_0a4": 40, "em_favela": false }, "geometry": { "type": "Polygon", "coordinates": [ [ [ -46.775628, -23.649788 ], [ -46.775329, -23.65066 ], [ -46.774568, -23.650726 ], [ -46.774365, -23.650823 ], [ -46.774251, -23.650994 ], [ -46.774201, -23.65145 ], [ -46.774449, -23.651345 ], [ -46.775709, -23.651227 ], [ -46.777318, -23.65042 ], [ -46.776994, -23.64996 ], [ -46.775628, -23.649788 ] ] ] } },
{ "type": "Feature", "properties": { "CD_SETOR": "355030817000355", "faces": 10, "pavimentada": 100.0, "bueiro": 50.0, "iluminacao": 100.0, "onibus": 0.0, "ciclovia": 0.0, "calcada": 100.0, "obstaculo": 100.0, "rampa": 0.0, "rampa_faces": 0.0, "sem_calcada": 0.0, "sem_arvore": 0.0, "muitas_arvores": 70.0, "vao": 100.0, "V05400": 10, "V05421": 10, "V05406": 10, "V05412": 10, "V05422": 0, "V05424": 10, "V05427": 0, "V05409": 5, "V05415": 0, "V05418": 0, "V05430": 0, "V05433": 7, "criancas_0a4": 34, "em_favela": false }, "geometry": { "type": "Polygon", "coordinates": [ [ [ -46.780095, -23.645881 ], [ -46.780194, -23.646522 ], [ -46.780329, -23.646983 ], [ -46.780745, -23.647118 ], [ -46.780761, -23.647469 ], [ -46.780949, -23.647684 ], [ -46.781936, -23.647974 ], [ -46.782085, -23.647426 ], [ -46.78296, -23.647614 ], [ -46.782756, -23.647274 ], [ -46.781781, -23.647093 ], [ -46.781809, -23.646795 ], [ -46.781738, -23.646684 ], [ -46.781765, -23.646607 ], [ -46.781538, -23.646235 ], [ -46.782054, -23.645791 ], [ -46.782094, -23.645801 ], [ -46.782091, -23.645762 ], [ -46.781498, -23.645649 ], [ -46.781219, -23.645334 ], [ -46.780951, -23.645327 ], [ -46.780859, -23.645336 ], [ -46.78076, -23.645428 ], [ -46.780704, -23.646022 ], [ -46.780095, -23.645881 ] ] ] } },
{ "type": "Feature", "properties": { "CD_SETOR": "355030817000356", "faces": 26, "pavimentada": 100.0, "bueiro": 11.54, "iluminacao": 65.38, "onibus": 0.0, "ciclovia": 0.0, "calcada": 46.15, "obstaculo": 91.67, "rampa": 0.0, "rampa_faces": 0.0, "sem_calcada": 53.85, "sem_arvore": 73.08, "muitas_arvores": 0.0, "vao": 100.0, "V05400": 26, "V05421": 12, "V05406": 26, "V05412": 17, "V05422": 14, "V05424": 11, "V05427": 0, "V05409": 3, "V05415": 0, "V05418": 0, "V05430": 19, "V05433": 0, "criancas_0a4": 47, "em_favela": true }, "geometry": { "type": "Polygon", "coordinates": [ [ [ -46.782756, -23.647274 ], [ -46.782346, -23.646549 ], [ -46.782102, -23.645927 ], [ -46.782094, -23.645801 ], [ -46.782054, -23.645791 ], [ -46.781538, -23.646235 ], [ -46.781765, -23.646607 ], [ -46.781738, -23.646684 ], [ -46.781809, -23.646795 ], [ -46.781781, -23.647093 ], [ -46.782756, -23.647274 ] ] ] } },
{ "type": "Feature", "properties": { "CD_SETOR": "355030817000357", "faces": 11, "pavimentada": 100.0, "bueiro": 36.36, "iluminacao": 100.0, "onibus": 9.09, "ciclovia": 0.0, "calcada": 63.64, "obstaculo": 71.43, "rampa": 28.57, "rampa_faces": 18.18, "sem_calcada": 36.36, "sem_arvore": 81.82, "muitas_arvores": 0.0, "vao": 81.82, "V05400": 11, "V05421": 7, "V05406": 11, "V05412": 11, "V05422": 4, "V05424": 5, "V05427": 2, "V05409": 4, "V05415": 1, "V05418": 0, "V05430": 9, "V05433": 0, "criancas_0a4": 27, "em_favela": false }, "geometry": { "type": "Polygon", "coordinates": [ [ [ -46.783788, -23.639039 ], [ -46.783284, -23.641051 ], [ -46.783841, -23.641278 ], [ -46.784327, -23.639346 ], [ -46.784397, -23.638431 ], [ -46.784389, -23.638262 ], [ -46.78379, -23.638017 ], [ -46.783788, -23.639039 ] ] ] } },
{ "type": "Feature", "properties": { "CD_SETOR": "355030817000358", "faces": 15, "pavimentada": 100.0, "bueiro": 40.0, "iluminacao": 100.0, "onibus": 13.33, "ciclovia": 0.0, "calcada": 73.33, "obstaculo": 72.73, "rampa": 27.27, "rampa_faces": 20.0, "sem_calcada": 26.67, "sem_arvore": 66.67, "muitas_arvores": 6.67, "vao": 80.0, "V05400": 15, "V05421": 11, "V05406": 15, "V05412": 15, "V05422": 4, "V05424": 8, "V05427": 3, "V05409": 6, "V05415": 2, "V05418": 0, "V05430": 10, "V05433": 1, "criancas_0a4": 34, "em_favela": false }, "geometry": { "type": "Polygon", "coordinates": [ [ [ -46.783841, -23.641278 ], [ -46.785014, -23.641716 ], [ -46.785477, -23.639739 ], [ -46.785237, -23.639427 ], [ -46.785168, -23.639124 ], [ -46.78495, -23.639158 ], [ -46.784381, -23.638919 ], [ -46.784327, -23.639346 ], [ -46.783841, -23.641278 ] ] ] } },
{ "type": "Feature", "properties": { "CD_SETOR": "355030817000359", "faces": 6, "pavimentada": 100.0, "bueiro": 50.0, "iluminacao": 100.0, "onibus": 0.0, "ciclovia": 0.0, "calcada": 100.0, "obstaculo": 66.67, "rampa": 16.67, "rampa_faces": 16.67, "sem_calcada": 0.0, "sem_arvore": 16.67, "muitas_arvores": 66.67, "vao": 83.33, "V05400": 6, "V05421": 6, "V05406": 6, "V05412": 6, "V05422": 0, "V05424": 4, "V05427": 1, "V05409": 3, "V05415": 0, "V05418": 0, "V05430": 1, "V05433": 4, "criancas_0a4": 21, "em_favela": false }, "geometry": { "type": "Polygon", "coordinates": [ [ [ -46.770321, -23.645322 ], [ -46.771975, -23.645948 ], [ -46.772313, -23.646215 ], [ -46.771979, -23.645335 ], [ -46.771567, -23.644734 ], [ -46.769432, -23.643979 ], [ -46.76998, -23.644616 ], [ -46.770538, -23.644896 ], [ -46.770321, -23.645322 ] ] ] } },
{ "type": "Feature", "properties": { "CD_SETOR": "355030817000360", "faces": 5, "pavimentada": 100.0, "bueiro": 60.0, "iluminacao": 100.0, "onibus": 60.0, "ciclovia": 0.0, "calcada": 100.0, "obstaculo": 60.0, "rampa": 0.0, "rampa_faces": 0.0, "sem_calcada": 0.0, "sem_arvore": 40.0, "muitas_arvores": 60.0, "vao": 100.0, "V05400": 5, "V05421": 5, "V05406": 5, "V05412": 5, "V05422": 0, "V05424": 3, "V05427": 0, "V05409": 3, "V05415": 3, "V05418": 0, "V05430": 2, "V05433": 3, "criancas_0a4": 15, "em_favela": false }, "geometry": { "type": "Polygon", "coordinates": [ [ [ -46.771567, -23.644734 ], [ -46.771979, -23.645335 ], [ -46.772313, -23.646215 ], [ -46.772536, -23.646462 ], [ -46.772875, -23.646354 ], [ -46.771792, -23.643551 ], [ -46.771652, -23.643549 ], [ -46.770908, -23.643141 ], [ -46.771567, -23.644734 ] ] ] } },
{ "type": "Feature", "properties": { "CD_SETOR": "355030817000361", "faces": 10, "pavimentada": 100.0, "bueiro": 0.0, "iluminacao": 100.0, "onibus": 0.0, "ciclovia": 0.0, "calcada": 80.0, "obstaculo": 100.0, "rampa": 0.0, "rampa_faces": 0.0, "sem_calcada": 20.0, "sem_arvore": 20.0, "muitas_arvores": 20.0, "vao": 100.0, "V05400": 10, "V05421": 8, "V05406": 10, "V05412": 10, "V05422": 2, "V05424": 8, "V05427": 0, "V05409": 0, "V05415": 0, "V05418": 0, "V05430": 2, "V05433": 2, "criancas_0a4": 29, "em_favela": false }, "geometry": { "type": "Polygon", "coordinates": [ [ [ -46.7532, -23.635061 ], [ -46.753646, -23.635794 ], [ -46.754365, -23.636142 ], [ -46.754849, -23.636925 ], [ -46.755015, -23.637058 ], [ -46.755427, -23.637191 ], [ -46.755667, -23.63719 ], [ -46.755946, -23.636959 ], [ -46.756391, -23.63628 ], [ -46.756634, -23.635575 ], [ -46.755442, -23.635316 ], [ -46.755168, -23.636256 ], [ -46.754826, -23.635776 ], [ -46.753905, -23.63538 ], [ -46.753554, -23.635069 ], [ -46.7532, -23.635061 ] ] ] } },
{ "type": "Feature", "properties": { "CD_SETOR": "355030817000362", "faces": 11, "pavimentada": 100.0, "bueiro": 18.18, "iluminacao": 100.0, "onibus": 0.0, "ciclovia": 0.0, "calcada": 63.64, "obstaculo": 85.71, "rampa": 0.0, "rampa_faces": 0.0, "sem_calcada": 36.36, "sem_arvore": 45.45, "muitas_arvores": 27.27, "vao": 100.0, "V05400": 11, "V05421": 7, "V05406": 11, "V05412": 11, "V05422": 4, "V05424": 6, "V05427": 0, "V05409": 2, "V05415": 0, "V05418": 0, "V05430": 5, "V05433": 3, "criancas_0a4": 17, "em_favela": false }, "geometry": { "type": "Polygon", "coordinates": [ [ [ -46.755442, -23.635316 ], [ -46.757239, -23.635708 ], [ -46.757334, -23.635309 ], [ -46.757329, -23.634438 ], [ -46.756706, -23.634465 ], [ -46.756681, -23.634335 ], [ -46.756449, -23.634196 ], [ -46.75625, -23.634132 ], [ -46.756077, -23.63414 ], [ -46.756089, -23.634708 ], [ -46.755577, -23.634767 ], [ -46.755442, -23.635316 ] ] ] } },
{ "type": "Feature", "properties": { "CD_SETOR": "355030817000363", "faces": 4, "pavimentada": 100.0, "bueiro": 75.0, "iluminacao": 100.0, "onibus": 25.0, "ciclovia": 25.0, "calcada": 75.0, "obstaculo": 100.0, "rampa": 33.33, "rampa_faces": 25.0, "sem_calcada": 25.0, "sem_arvore": 50.0, "muitas_arvores": 25.0, "vao": 75.0, "V05400": 4, "V05421": 3, "V05406": 4, "V05412": 4, "V05422": 1, "V05424": 3, "V05427": 1, "V05409": 3, "V05415": 1, "V05418": 1, "V05430": 2, "V05433": 1, "criancas_0a4": 26, "em_favela": false }, "geometry": { "type": "Polygon", "coordinates": [ [ [ -46.757305, -23.635497 ], [ -46.756981, -23.636505 ], [ -46.756383, -23.637394 ], [ -46.756207, -23.637556 ], [ -46.755828, -23.637707 ], [ -46.756047, -23.638236 ], [ -46.756554, -23.638017 ], [ -46.756804, -23.637801 ], [ -46.757365, -23.637021 ], [ -46.757604, -23.636588 ], [ -46.757742, -23.63623 ], [ -46.757629, -23.636102 ], [ -46.757305, -23.635497 ] ] ] } },
{ "type": "Feature", "properties": { "CD_SETOR": "355030817000364", "faces": 17, "pavimentada": 100.0, "bueiro": 47.06, "iluminacao": 100.0, "onibus": 0.0, "ciclovia": 0.0, "calcada": 64.71, "obstaculo": 100.0, "rampa": 0.0, "rampa_faces": 0.0, "sem_calcada": 35.29, "sem_arvore": 64.71, "muitas_arvores": 0.0, "vao": 100.0, "V05400": 17, "V05421": 11, "V05406": 17, "V05412": 17, "V05422": 6, "V05424": 11, "V05427": 0, "V05409": 8, "V05415": 0, "V05418": 0, "V05430": 11, "V05433": 0, "criancas_0a4": 25, "em_favela": false }, "geometry": { "type": "Polygon", "coordinates": [ [ [ -46.754799, -23.636865 ], [ -46.754454, -23.637435 ], [ -46.754125, -23.637508 ], [ -46.754251, -23.637983 ], [ -46.754323, -23.638068 ], [ -46.754569, -23.638075 ], [ -46.754883, -23.637563 ], [ -46.75502, -23.637478 ], [ -46.755188, -23.637517 ], [ -46.755474, -23.637824 ], [ -46.756138, -23.637592 ], [ -46.756279, -23.637501 ], [ -46.756981, -23.636505 ], [ -46.757239, -23.635708 ], [ -46.756634, -23.635575 ], [ -46.756391, -23.63628 ], [ -46.755895, -23.637027 ], [ -46.755729, -23.637161 ], [ -46.755553, -23.637204 ], [ -46.755292, -23.637157 ], [ -46.755015, -23.637058 ], [ -46.754799, -23.636865 ] ] ] } },
{ "type": "Feature", "properties": { "CD_SETOR": "355030817000365", "faces": 2, "pavimentada": 100.0, "bueiro": 100.0, "iluminacao": 100.0, "onibus": 0.0, "ciclovia": 0.0, "calcada": 100.0, "obstaculo": 100.0, "rampa": 0.0, "rampa_faces": 0.0, "sem_calcada": 0.0, "sem_arvore": 50.0, "muitas_arvores": 0.0, "vao": 100.0, "V05400": 2, "V05421": 2, "V05406": 2, "V05412": 2, "V05422": 0, "V05424": 2, "V05427": 0, "V05409": 2, "V05415": 0, "V05418": 0, "V05430": 1, "V05433": 0, "criancas_0a4": 15, "em_favela": false }, "geometry": { "type": "Polygon", "coordinates": [ [ [ -46.761912, -23.639145 ], [ -46.764163, -23.639354 ], [ -46.76418, -23.639125 ], [ -46.76196, -23.638884 ], [ -46.761912, -23.639145 ] ] ] } },
{ "type": "Feature", "properties": { "CD_SETOR": "355030817000367", "faces": 14, "pavimentada": 100.0, "bueiro": 0.0, "iluminacao": 100.0, "onibus": 28.57, "ciclovia": 0.0, "calcada": 57.14, "obstaculo": 100.0, "rampa": 0.0, "rampa_faces": 0.0, "sem_calcada": 42.86, "sem_arvore": 71.43, "muitas_arvores": 7.14, "vao": 100.0, "V05400": 14, "V05421": 8, "V05406": 14, "V05412": 14, "V05422": 6, "V05424": 8, "V05427": 0, "V05409": 0, "V05415": 4, "V05418": 0, "V05430": 10, "V05433": 1, "criancas_0a4": 69, "em_favela": false }, "geometry": { "type": "Polygon", "coordinates": [ [ [ -46.747425, -23.622589 ], [ -46.747329, -23.622913 ], [ -46.747275, -23.62366 ], [ -46.747218, -23.623825 ], [ -46.747179, -23.623834 ], [ -46.748277, -23.624498 ], [ -46.748201, -23.624853 ], [ -46.748628, -23.624904 ], [ -46.748687, -23.624793 ], [ -46.748663, -23.624394 ], [ -46.74871, -23.624047 ], [ -46.748832, -23.62365 ], [ -46.747425, -23.622589 ] ] ] } },
{ "type": "Feature", "properties": { "CD_SETOR": "355030817000368", "faces": 19, "pavimentada": 100.0, "bueiro": 21.05, "iluminacao": 100.0, "onibus": 10.53, "ciclovia": 0.0, "calcada": 94.74, "obstaculo": 33.33, "rampa": 5.56, "rampa_faces": 5.26, "sem_calcada": 5.26, "sem_arvore": 42.11, "muitas_arvores": 26.32, "vao": 94.74, "V05400": 19, "V05421": 18, "V05406": 19, "V05412": 19, "V05422": 1, "V05424": 6, "V05427": 1, "V05409": 4, "V05415": 2, "V05418": 0, "V05430": 8, "V05433": 5, "criancas_0a4": 42, "em_favela": false }, "geometry": { "type": "Polygon", "coordinates": [ [ [ -46.748201, -23.624853 ], [ -46.748072, -23.625276 ], [ -46.748097, -23.62541 ], [ -46.747509, -23.625484 ], [ -46.747434, -23.624758 ], [ -46.747045, -23.624809 ], [ -46.746724, -23.624952 ], [ -46.746554, -23.625099 ], [ -46.746395, -23.625322 ], [ -46.746251, -23.625648 ], [ -46.746362, -23.625743 ], [ -46.746576, -23.625638 ], [ -46.747287, -23.626327 ], [ -46.747272, -23.626415 ], [ -46.747096, -23.626559 ], [ -46.747354, -23.62685 ], [ -46.747326, -23.6269 ], [ -46.747583, -23.626722 ], [ -46.747591, -23.626533 ], [ -46.747476, -23.626416 ], [ -46.747391, -23.626426 ], [ -46.747422, -23.62625 ], [ -46.747641, -23.626051 ], [ -46.748301, -23.625861 ], [ -46.748332, -23.626016 ], [ -46.748427, -23.626115 ], [ -46.748658, -23.626145 ], [ -46.749122, -23.625991 ], [ -46.749464, -23.625756 ], [ -46.749577, -23.625582 ], [ -46.749664, -23.625262 ], [ -46.749328, -23.624855 ], [ -46.749279, -23.624565 ], [ -46.749354, -23.62399 ], [ -46.748832, -23.62365 ], [ -46.748674, -23.624281 ], [ -46.748669, -23.62487 ], [ -46.748572, -23.624914 ], [ -46.748201, -23.624853 ] ] ] } },
{ "type": "Feature", "properties": { "CD_SETOR": "355030817000369", "faces": 2, "pavimentada": 100.0, "bueiro": 0.0, "iluminacao": 100.0, "onibus": 0.0, "ciclovia": 0.0, "calcada": 100.0, "obstaculo": 0.0, "rampa": 0.0, "rampa_faces": 0.0, "sem_calcada": 0.0, "sem_arvore": 0.0, "muitas_arvores": 50.0, "vao": 100.0, "V05400": 2, "V05421": 2, "V05406": 2, "V05412": 2, "V05422": 0, "V05424": 0, "V05427": 0, "V05409": 0, "V05415": 0, "V05418": 0, "V05430": 0, "V05433": 1, "criancas_0a4": 30, "em_favela": false }, "geometry": { "type": "Polygon", "coordinates": [ [ [ -46.746632, -23.62638 ], [ -46.746589, -23.626717 ], [ -46.746692, -23.62719 ], [ -46.747326, -23.6269 ], [ -46.747354, -23.62685 ], [ -46.747096, -23.626559 ], [ -46.747272, -23.626415 ], [ -46.747287, -23.626327 ], [ -46.747061, -23.626072 ], [ -46.747017, -23.626107 ], [ -46.746934, -23.626021 ], [ -46.746799, -23.626141 ], [ -46.746632, -23.62638 ] ] ] } },
{ "type": "Feature", "properties": { "CD_SETOR": "355030817000370", "faces": 11, "pavimentada": 81.82, "bueiro": 27.27, "iluminacao": 63.64, "onibus": 9.09, "ciclovia": 0.0, "calcada": 54.55, "obstaculo": 16.67, "rampa": 0.0, "rampa_faces": 0.0, "sem_calcada": 45.45, "sem_arvore": 27.27, "muitas_arvores": 18.18, "vao": 81.82, "V05400": 11, "V05421": 6, "V05406": 9, "V05412": 7, "V05422": 5, "V05424": 1, "V05427": 0, "V05409": 3, "V05415": 1, "V05418": 0, "V05430": 3, "V05433": 2, "criancas_0a4": 22, "em_favela": false }, "geometry": { "type": "Polygon", "coordinates": [ [ [ -46.747326, -23.6269 ], [ -46.747779, -23.627103 ], [ -46.747908, -23.627617 ], [ -46.748215, -23.627653 ], [ -46.748356, -23.627854 ], [ -46.748564, -23.627878 ], [ -46.748663, -23.627837 ], [ -46.748766, -23.627698 ], [ -46.748759, -23.627019 ], [ -46.748807, -23.62691 ], [ -46.748979, -23.626833 ], [ -46.749002, -23.626484 ], [ -46.748427, -23.626115 ], [ -46.748332, -23.626016 ], [ -46.748301, -23.625861 ], [ -46.748107, -23.625941 ], [ -46.747777, -23.625983 ], [ -46.747583, -23.626088 ], [ -46.747422, -23.62625 ], [ -46.747391, -23.626426 ], [ -46.747476, -23.626416 ], [ -46.747609, -23.626607 ], [ -46.747583, -23.626722 ], [ -46.747504, -23.626808 ], [ -46.747326, -23.6269 ] ] ] } },
{ "type": "Feature", "properties": { "CD_SETOR": "355030817000371", "faces": 5, "pavimentada": 100.0, "bueiro": 40.0, "iluminacao": 100.0, "onibus": 0.0, "ciclovia": 0.0, "calcada": 100.0, "obstaculo": 20.0, "rampa": 60.0, "rampa_faces": 60.0, "sem_calcada": 0.0, "sem_arvore": 20.0, "muitas_arvores": 40.0, "vao": 40.0, "V05400": 5, "V05421": 5, "V05406": 5, "V05412": 5, "V05422": 0, "V05424": 1, "V05427": 3, "V05409": 2, "V05415": 0, "V05418": 0, "V05430": 1, "V05433": 2, "criancas_0a4": 47, "em_favela": false }, "geometry": { "type": "Polygon", "coordinates": [ [ [ -46.745853, -23.627098 ], [ -46.745965, -23.627341 ], [ -46.745934, -23.627555 ], [ -46.745736, -23.627705 ], [ -46.745414, -23.627713 ], [ -46.745458, -23.628018 ], [ -46.745622, -23.628214 ], [ -46.746433, -23.628412 ], [ -46.746618, -23.628196 ], [ -46.746748, -23.627455 ], [ -46.746589, -23.626717 ], [ -46.746592, -23.626531 ], [ -46.745924, -23.626322 ], [ -46.745822, -23.626715 ], [ -46.745853, -23.627098 ] ] ] } },
{ "type": "Feature", "properties": { "CD_SETOR": "355030817000372", "faces": 5, "pavimentada": 100.0, "bueiro": 80.0, "iluminacao": 100.0, "onibus": 20.0, "ciclovia": 0.0, "calcada": 100.0, "obstaculo": 0.0, "rampa": 0.0, "rampa_faces": 0.0, "sem_calcada": 0.0, "sem_arvore": 0.0, "muitas_arvores": 60.0, "vao": 100.0, "V05400": 5, "V05421": 5, "V05406": 5, "V05412": 5, "V05422": 0, "V05424": 0, "V05427": 0, "V05409": 4, "V05415": 1, "V05418": 0, "V05430": 0, "V05433": 3, "criancas_0a4": 35, "em_favela": false }, "geometry": { "type": "Polygon", "coordinates": [ [ [ -46.744554, -23.627666 ], [ -46.744067, -23.62866 ], [ -46.74421, -23.629162 ], [ -46.744546, -23.62889 ], [ -46.744788, -23.628839 ], [ -46.744983, -23.628865 ], [ -46.745341, -23.629054 ], [ -46.745456, -23.62865 ], [ -46.746425, -23.628834 ], [ -46.746433, -23.628412 ], [ -46.745622, -23.628214 ], [ -46.745458, -23.628018 ], [ -46.745414, -23.627713 ], [ -46.745023, -23.627649 ], [ -46.744554, -23.627666 ] ] ] } },
{ "type": "Feature", "properties": { "CD_SETOR": "355030817000373", "faces": 10, "pavimentada": 100.0, "bueiro": 50.0, "iluminacao": 100.0, "onibus": 0.0, "ciclovia": 0.0, "calcada": 80.0, "obstaculo": 100.0, "rampa": 0.0, "rampa_faces": 0.0, "sem_calcada": 20.0, "sem_arvore": 20.0, "muitas_arvores": 30.0, "vao": 100.0, "V05400": 10, "V05421": 8, "V05406": 10, "V05412": 10, "V05422": 2, "V05424": 8, "V05427": 0, "V05409": 5, "V05415": 0, "V05418": 0, "V05430": 2, "V05433": 3, "criancas_0a4": 29, "em_favela": false }, "geometry": { "type": "Polygon", "coordinates": [ [ [ -46.752383, -23.644927 ], [ -46.752304, -23.64535 ], [ -46.75223, -23.6455 ], [ -46.752875, -23.645816 ], [ -46.753142, -23.645887 ], [ -46.753573, -23.645907 ], [ -46.753918, -23.645837 ], [ -46.753928, -23.64566 ], [ -46.75406, -23.645662 ], [ -46.754139, -23.645172 ], [ -46.753957, -23.644757 ], [ -46.753648, -23.644296 ], [ -46.753118, -23.644187 ], [ -46.752932, -23.644915 ], [ -46.752533, -23.644999 ], [ -46.752383, -23.644927 ] ] ] } },
{ "type": "Feature", "properties": { "CD_SETOR": "355030817000374", "faces": 15, "pavimentada": 100.0, "bueiro": 80.0, "iluminacao": 100.0, "onibus": 0.0, "ciclovia": 6.67, "calcada": 86.67, "obstaculo": 84.62, "rampa": 0.0, "rampa_faces": 0.0, "sem_calcada": 13.33, "sem_arvore": 26.67, "muitas_arvores": 53.33, "vao": 100.0, "V05400": 15, "V05421": 13, "V05406": 15, "V05412": 15, "V05422": 2, "V05424": 11, "V05427": 0, "V05409": 12, "V05415": 0, "V05418": 1, "V05430": 4, "V05433": 8, "criancas_0a4": 33, "em_favela": false }, "geometry": { "type": "Polygon", "coordinates": [ [ [ -46.765148, -23.634165 ], [ -46.765155, -23.634294 ], [ -46.765266, -23.634381 ], [ -46.767368, -23.634836 ], [ -46.766906, -23.636584 ], [ -46.767082, -23.636614 ], [ -46.767552, -23.636393 ], [ -46.767689, -23.635632 ], [ -46.767594, -23.634028 ], [ -46.765148, -23.634165 ] ] ] } },
{ "type": "Feature", "properties": { "CD_SETOR": "355030817000375", "faces": 8, "pavimentada": 100.0, "bueiro": 25.0, "iluminacao": 100.0, "onibus": 0.0, "ciclovia": 0.0, "calcada": 100.0, "obstaculo": 87.5, "rampa": 0.0, "rampa_faces": 0.0, "sem_calcada": 0.0, "sem_arvore": 25.0, "muitas_arvores": 0.0, "vao": 100.0, "V05400": 8, "V05421": 8, "V05406": 8, "V05412": 8, "V05422": 0, "V05424": 7, "V05427": 0, "V05409": 2, "V05415": 0, "V05418": 0, "V05430": 2, "V05433": 0, "criancas_0a4": 22, "em_favela": false }, "geometry": { "type": "Polygon", "coordinates": [ [ [ -46.76601, -23.634546 ], [ -46.765785, -23.635425 ], [ -46.767144, -23.635722 ], [ -46.767368, -23.634836 ], [ -46.76601, -23.634546 ] ] ] } },
{ "type": "Feature", "properties": { "CD_SETOR": "355030817000376", "faces": 2, "pavimentada": 100.0, "bueiro": 100.0, "iluminacao": 100.0, "onibus": 50.0, "ciclovia": 0.0, "calcada": 100.0, "obstaculo": 100.0, "rampa": 0.0, "rampa_faces": 0.0, "sem_calcada": 0.0, "sem_arvore": 0.0, "muitas_arvores": 100.0, "vao": 100.0, "V05400": 2, "V05421": 2, "V05406": 2, "V05412": 2, "V05422": 0, "V05424": 2, "V05427": 0, "V05409": 2, "V05415": 1, "V05418": 0, "V05430": 0, "V05433": 2, "criancas_0a4": 25, "em_favela": false }, "geometry": { "type": "Polygon", "coordinates": [ [ [ -46.76755, -23.650241 ], [ -46.767759, -23.650864 ], [ -46.767804, -23.6512 ], [ -46.768455, -23.650719 ], [ -46.768563, -23.650478 ], [ -46.768687, -23.650445 ], [ -46.768456, -23.64966 ], [ -46.768081, -23.650152 ], [ -46.767908, -23.650215 ], [ -46.76755, -23.650241 ] ] ] } },
{ "type": "Feature", "properties": { "CD_SETOR": "355030817000377", "faces": 3, "pavimentada": 100.0, "bueiro": 66.67, "iluminacao": 100.0, "onibus": 0.0, "ciclovia": 0.0, "calcada": 100.0, "obstaculo": 66.67, "rampa": 0.0, "rampa_faces": 0.0, "sem_calcada": 0.0, "sem_arvore": 0.0, "muitas_arvores": 66.67, "vao": 100.0, "V05400": 3, "V05421": 3, "V05406": 3, "V05412": 3, "V05422": 0, "V05424": 2, "V05427": 0, "V05409": 2, "V05415": 0, "V05418": 0, "V05430": 0, "V05433": 2, "criancas_0a4": 29, "em_favela": false }, "geometry": { "type": "Polygon", "coordinates": [ [ [ -46.767804, -23.6512 ], [ -46.767806, -23.651559 ], [ -46.76877, -23.651291 ], [ -46.768815, -23.650826 ], [ -46.768687, -23.650445 ], [ -46.768563, -23.650478 ], [ -46.768455, -23.650719 ], [ -46.767804, -23.6512 ] ] ] } },
{ "type": "Feature", "properties": { "CD_SETOR": "355030817000378", "faces": 3, "pavimentada": 100.0, "bueiro": 33.33, "iluminacao": 100.0, "onibus": 33.33, "ciclovia": 0.0, "calcada": 100.0, "obstaculo": 0.0, "rampa": 0.0, "rampa_faces": 0.0, "sem_calcada": 0.0, "sem_arvore": 0.0, "muitas_arvores": 66.67, "vao": 100.0, "V05400": 3, "V05421": 3, "V05406": 3, "V05412": 3, "V05422": 0, "V05424": 0, "V05427": 0, "V05409": 1, "V05415": 1, "V05418": 0, "V05430": 0, "V05433": 2, "criancas_0a4": 33, "em_favela": false }, "geometry": { "type": "Polygon", "coordinates": [ [ [ -46.791241, -23.648286 ], [ -46.791409, -23.648854 ], [ -46.791643, -23.64932 ], [ -46.792522, -23.649759 ], [ -46.792524, -23.64965 ], [ -46.792319, -23.649139 ], [ -46.792583, -23.648421 ], [ -46.792486, -23.648349 ], [ -46.791528, -23.648 ], [ -46.791496, -23.648192 ], [ -46.791241, -23.648286 ] ] ] } },
{ "type": "Feature", "properties": { "CD_SETOR": "355030817000379", "faces": 4, "pavimentada": 100.0, "bueiro": 25.0, "iluminacao": 75.0, "onibus": 0.0, "ciclovia": 0.0, "calcada": 75.0, "obstaculo": 100.0, "rampa": 0.0, "rampa_faces": 0.0, "sem_calcada": 25.0, "sem_arvore": 0.0, "muitas_arvores": 25.0, "vao": 100.0, "V05400": 4, "V05421": 3, "V05406": 4, "V05412": 3, "V05422": 1, "V05424": 3, "V05427": 0, "V05409": 1, "V05415": 0, "V05418": 0, "V05430": 0, "V05433": 1, "criancas_0a4": 28, "em_favela": false }, "geometry": { "type": "Polygon", "coordinates": [ [ [ -46.790531, -23.647477 ], [ -46.790787, -23.647677 ], [ -46.791438, -23.647427 ], [ -46.792172, -23.647242 ], [ -46.792221, -23.647551 ], [ -46.79103, -23.647924 ], [ -46.791241, -23.648286 ], [ -46.791496, -23.648192 ], [ -46.791528, -23.648 ], [ -46.792486, -23.648349 ], [ -46.792583, -23.648421 ], [ -46.79275, -23.647548 ], [ -46.792713, -23.647191 ], [ -46.79256, -23.647148 ], [ -46.792262, -23.646949 ], [ -46.790531, -23.647477 ] ] ] } },
{ "type": "Feature", "properties": { "CD_SETOR": "355030817000380", "faces": 1, "pavimentada": 100.0, "bueiro": 100.0, "iluminacao": 100.0, "onibus": 0.0, "ciclovia": 0.0, "calcada": 100.0, "obstaculo": 0.0, "rampa": 100.0, "rampa_faces": 100.0, "sem_calcada": 0.0, "sem_arvore": 0.0, "muitas_arvores": 0.0, "vao": 0.0, "V05400": 1, "V05421": 1, "V05406": 1, "V05412": 1, "V05422": 0, "V05424": 0, "V05427": 1, "V05409": 1, "V05415": 0, "V05418": 0, "V05430": 0, "V05433": 0, "criancas_0a4": 43, "em_favela": false }, "geometry": { "type": "Polygon", "coordinates": [ [ [ -46.791438, -23.647427 ], [ -46.791525, -23.647769 ], [ -46.792221, -23.647551 ], [ -46.792172, -23.647242 ], [ -46.791438, -23.647427 ] ] ] } },
{ "type": "Feature", "properties": { "CD_SETOR": "355030817000381", "faces": 8, "pavimentada": 100.0, "bueiro": 100.0, "iluminacao": 100.0, "onibus": 12.5, "ciclovia": 0.0, "calcada": 62.5, "obstaculo": 100.0, "rampa": 0.0, "rampa_faces": 0.0, "sem_calcada": 37.5, "sem_arvore": 62.5, "muitas_arvores": 12.5, "vao": 100.0, "V05400": 8, "V05421": 5, "V05406": 8, "V05412": 8, "V05422": 3, "V05424": 5, "V05427": 0, "V05409": 8, "V05415": 1, "V05418": 0, "V05430": 5, "V05433": 1, "criancas_0a4": 23, "em_favela": false }, "geometry": { "type": "Polygon", "coordinates": [ [ [ -46.752977, -23.629524 ], [ -46.752746, -23.630618 ], [ -46.753282, -23.631139 ], [ -46.753515, -23.630024 ], [ -46.754215, -23.630163 ], [ -46.754359, -23.629504 ], [ -46.754497, -23.629429 ], [ -46.754009, -23.629368 ], [ -46.753748, -23.629405 ], [ -46.753633, -23.629469 ], [ -46.753542, -23.629417 ], [ -46.752977, -23.629524 ] ] ] } },
{ "type": "Feature", "properties": { "CD_SETOR": "355030817000382", "faces": 4, "pavimentada": 100.0, "bueiro": 100.0, "iluminacao": 100.0, "onibus": 0.0, "ciclovia": 0.0, "calcada": 75.0, "obstaculo": 33.33, "rampa": 0.0, "rampa_faces": 0.0, "sem_calcada": 25.0, "sem_arvore": 50.0, "muitas_arvores": 25.0, "vao": 100.0, "V05400": 4, "V05421": 3, "V05406": 4, "V05412": 4, "V05422": 1, "V05424": 1, "V05427": 0, "V05409": 4, "V05415": 0, "V05418": 0, "V05430": 2, "V05433": 1, "criancas_0a4": 25, "em_favela": false }, "geometry": { "type": "Polygon", "coordinates": [ [ [ -46.753282, -23.631139 ], [ -46.753877, -23.631711 ], [ -46.754215, -23.630163 ], [ -46.753515, -23.630024 ], [ -46.753282, -23.631139 ] ] ] } },
{ "type": "Feature", "properties": { "CD_SETOR": "355030817000383", "faces": 5, "pavimentada": 100.0, "bueiro": 40.0, "iluminacao": 100.0, "onibus": 0.0, "ciclovia": 0.0, "calcada": 100.0, "obstaculo": 100.0, "rampa": 0.0, "rampa_faces": 0.0, "sem_calcada": 0.0, "sem_arvore": 20.0, "muitas_arvores": 40.0, "vao": 100.0, "V05400": 5, "V05421": 5, "V05406": 5, "V05412": 5, "V05422": 0, "V05424": 5, "V05427": 0, "V05409": 2, "V05415": 0, "V05418": 0, "V05430": 1, "V05433": 2, "criancas_0a4": 18, "em_favela": false }, "geometry": { "type": "Polygon", "coordinates": [ [ [ -46.753756, -23.624486 ], [ -46.753769, -23.625622 ], [ -46.753351, -23.625977 ], [ -46.753229, -23.626441 ], [ -46.753782, -23.626485 ], [ -46.754097, -23.626561 ], [ -46.754592, -23.626894 ], [ -46.754969, -23.626758 ], [ -46.754941, -23.62666 ], [ -46.754277, -23.626371 ], [ -46.753983, -23.626271 ], [ -46.753694, -23.626243 ], [ -46.753797, -23.626043 ], [ -46.754215, -23.625538 ], [ -46.754467, -23.625675 ], [ -46.75466, -23.625928 ], [ -46.754869, -23.626055 ], [ -46.755163, -23.626106 ], [ -46.755347, -23.625641 ], [ -46.755215, -23.625246 ], [ -46.754982, -23.625651 ], [ -46.754882, -23.625669 ], [ -46.754702, -23.625592 ], [ -46.75461, -23.62546 ], [ -46.754332, -23.624559 ], [ -46.75424, -23.624467 ], [ -46.754098, -23.624435 ], [ -46.753756, -23.624486 ] ] ] } },
{ "type": "Feature", "properties": { "CD_SETOR": "355030817000384", "faces": 1, "pavimentada": 100.0, "bueiro": 100.0, "iluminacao": 100.0, "onibus": 0.0, "ciclovia": 0.0, "calcada": 100.0, "obstaculo": 100.0, "rampa": 100.0, "rampa_faces": 100.0, "sem_calcada": 0.0, "sem_arvore": 100.0, "muitas_arvores": 0.0, "vao": 0.0, "V05400": 1, "V05421": 1, "V05406": 1, "V05412": 1, "V05422": 0, "V05424": 1, "V05427": 1, "V05409": 1, "V05415": 0, "V05418": 0, "V05430": 1, "V05433": 0, "criancas_0a4": 31, "em_favela": false }, "geometry": { "type": "Polygon", "coordinates": [ [ [ -46.754941, -23.62666 ], [ -46.754978, -23.626472 ], [ -46.755163, -23.626106 ], [ -46.754869, -23.626055 ], [ -46.75466, -23.625928 ], [ -46.754467, -23.625675 ], [ -46.754215, -23.625538 ], [ -46.753797, -23.626043 ], [ -46.753694, -23.626243 ], [ -46.753983, -23.626271 ], [ -46.754941, -23.62666 ] ] ] } },
{ "type": "Feature", "properties": { "CD_SETOR": "355030817000385", "faces": 17, "pavimentada": 100.0, "bueiro": 76.47, "iluminacao": 100.0, "onibus": 17.65, "ciclovia": 0.0, "calcada": 94.12, "obstaculo": 100.0, "rampa": 0.0, "rampa_faces": 0.0, "sem_calcada": 5.88, "sem_arvore": 41.18, "muitas_arvores": 23.53, "vao": 100.0, "V05400": 17, "V05421": 16, "V05406": 17, "V05412": 17, "V05422": 1, "V05424": 16, "V05427": 0, "V05409": 13, "V05415": 3, "V05418": 0, "V05430": 7, "V05433": 4, "criancas_0a4": 22, "em_favela": false }, "geometry": { "type": "Polygon", "coordinates": [ [ [ -46.747672, -23.641494 ], [ -46.748136, -23.641939 ], [ -46.749262, -23.641537 ], [ -46.748761, -23.641122 ], [ -46.749399, -23.640898 ], [ -46.749579, -23.640751 ], [ -46.749621, -23.640658 ], [ -46.749539, -23.640344 ], [ -46.749881, -23.640277 ], [ -46.749714, -23.6397 ], [ -46.749344, -23.63991 ], [ -46.748711, -23.640009 ], [ -46.749238, -23.639465 ], [ -46.74803, -23.639282 ], [ -46.747497, -23.639749 ], [ -46.747637, -23.639909 ], [ -46.748124, -23.639995 ], [ -46.748231, -23.640134 ], [ -46.748302, -23.640373 ], [ -46.74783, -23.640728 ], [ -46.747694, -23.640895 ], [ -46.747636, -23.641104 ], [ -46.747672, -23.641494 ] ] ] } },
{ "type": "Feature", "properties": { "CD_SETOR": "355030817000386", "faces": 19, "pavimentada": 100.0, "bueiro": 84.21, "iluminacao": 100.0, "onibus": 21.05, "ciclovia": 21.05, "calcada": 94.74, "obstaculo": 88.89, "rampa": 0.0, "rampa_faces": 0.0, "sem_calcada": 5.26, "sem_arvore": 78.95, "muitas_arvores": 10.53, "vao": 100.0, "V05400": 19, "V05421": 18, "V05406": 19, "V05412": 19, "V05422": 1, "V05424": 16, "V05427": 0, "V05409": 16, "V05415": 4, "V05418": 4, "V05430": 15, "V05433": 2, "criancas_0a4": 17, "em_favela": false }, "geometry": { "type": "Polygon", "coordinates": [ [ [ -46.745282, -23.638807 ], [ -46.745326, -23.638851 ], [ -46.745073, -23.63911 ], [ -46.744942, -23.639168 ], [ -46.74493, -23.639505 ], [ -46.745709, -23.639553 ], [ -46.745944, -23.639617 ], [ -46.746378, -23.639846 ], [ -46.746555, -23.640009 ], [ -46.746788, -23.6403 ], [ -46.746897, -23.640666 ], [ -46.747094, -23.642313 ], [ -46.747744, -23.64218 ], [ -46.74765, -23.640994 ], [ -46.74783, -23.640728 ], [ -46.748302, -23.640373 ], [ -46.748231, -23.640134 ], [ -46.748124, -23.639995 ], [ -46.747637, -23.639909 ], [ -46.747497, -23.639749 ], [ -46.74803, -23.639282 ], [ -46.746494, -23.63904 ], [ -46.746091, -23.638814 ], [ -46.746, -23.638615 ], [ -46.745282, -23.638807 ] ] ] } },
{ "type": "Feature", "properties": { "CD_SETOR": "355030817000387", "faces": 9, "pavimentada": 100.0, "bueiro": 0.0, "iluminacao": 100.0, "onibus": 11.11, "ciclovia": 0.0, "calcada": 100.0, "obstaculo": 100.0, "rampa": 0.0, "rampa_faces": 0.0, "sem_calcada": 0.0, "sem_arvore": 44.44, "muitas_arvores": 11.11, "vao": 100.0, "V05400": 9, "V05421": 9, "V05406": 9, "V05412": 9, "V05422": 0, "V05424": 9, "V05427": 0, "V05409": 0, "V05415": 1, "V05418": 0, "V05430": 4, "V05433": 1, "criancas_0a4": 18, "em_favela": false }, "geometry": { "type": "Polygon", "coordinates": [ [ [ -46.781858, -23.648613 ], [ -46.781301, -23.648178 ], [ -46.781022, -23.648442 ], [ -46.781532, -23.648839 ], [ -46.781348, -23.64911 ], [ -46.782012, -23.650241 ], [ -46.782286, -23.650653 ], [ -46.782821, -23.650448 ], [ -46.782996, -23.650148 ], [ -46.783035, -23.649942 ], [ -46.78295, -23.649824 ], [ -46.782659, -23.648935 ], [ -46.78227, -23.649066 ], [ -46.781858, -23.648613 ] ] ] } },
{ "type": "Feature", "properties": { "CD_SETOR": "355030817000389", "faces": 8, "pavimentada": 100.0, "bueiro": 87.5, "iluminacao": 100.0, "onibus": 0.0, "ciclovia": 0.0, "calcada": 87.5, "obstaculo": 85.71, "rampa": 0.0, "rampa_faces": 0.0, "sem_calcada": 12.5, "sem_arvore": 25.0, "muitas_arvores": 25.0, "vao": 100.0, "V05400": 8, "V05421": 7, "V05406": 8, "V05412": 8, "V05422": 1, "V05424": 6, "V05427": 0, "V05409": 7, "V05415": 0, "V05418": 0, "V05430": 2, "V05433": 2, "criancas_0a4": 36, "em_favela": false }, "geometry": { "type": "Polygon", "coordinates": [ [ [ -46.778411, -23.648415 ], [ -46.777886, -23.648461 ], [ -46.777793, -23.648851 ], [ -46.777383, -23.64873 ], [ -46.77709, -23.648813 ], [ -46.776774, -23.649362 ], [ -46.776952, -23.64929 ], [ -46.777278, -23.649282 ], [ -46.777847, -23.649497 ], [ -46.77816, -23.649681 ], [ -46.778229, -23.649773 ], [ -46.778691, -23.649756 ], [ -46.778846, -23.648807 ], [ -46.779047, -23.648604 ], [ -46.778946, -23.648139 ], [ -46.778411, -23.648415 ] ] ] } },
{ "type": "Feature", "properties": { "CD_SETOR": "355030817000390", "faces": 7, "pavimentada": 100.0, "bueiro": 100.0, "iluminacao": 100.0, "onibus": 28.57, "ciclovia": 0.0, "calcada": 85.71, "obstaculo": 100.0, "rampa": 33.33, "rampa_faces": 28.57, "sem_calcada": 14.29, "sem_arvore": 42.86, "muitas_arvores": 42.86, "vao": 71.43, "V05400": 7, "V05421": 6, "V05406": 7, "V05412": 7, "V05422": 1, "V05424": 6, "V05427": 2, "V05409": 7, "V05415": 2, "V05418": 0, "V05430": 3, "V05433": 3, "criancas_0a4": 33, "em_favela": false }, "geometry": { "type": "Polygon", "coordinates": [ [ [ -46.778229, -23.649773 ], [ -46.778193, -23.649942 ], [ -46.777894, -23.650131 ], [ -46.777939, -23.650292 ], [ -46.777811, -23.650866 ], [ -46.777819, -23.651038 ], [ -46.777968, -23.651304 ], [ -46.778401, -23.651701 ], [ -46.77852, -23.65175 ], [ -46.779372, -23.649744 ], [ -46.779292, -23.649297 ], [ -46.779047, -23.648604 ], [ -46.778846, -23.648807 ], [ -46.778691, -23.649756 ], [ -46.778229, -23.649773 ] ] ] } },
{ "type": "Feature", "properties": { "CD_SETOR": "355030817000391", "faces": 17, "pavimentada": 100.0, "bueiro": 23.53, "iluminacao": 100.0, "onibus": 5.88, "ciclovia": 0.0, "calcada": 94.12, "obstaculo": 100.0, "rampa": 0.0, "rampa_faces": 0.0, "sem_calcada": 5.88, "sem_arvore": 29.41, "muitas_arvores": 23.53, "vao": 100.0, "V05400": 17, "V05421": 16, "V05406": 17, "V05412": 17, "V05422": 1, "V05424": 16, "V05427": 0, "V05409": 4, "V05415": 1, "V05418": 0, "V05430": 5, "V05433": 4, "criancas_0a4": 26, "em_favela": false }, "geometry": { "type": "Polygon", "coordinates": [ [ [ -46.759947, -23.624198 ], [ -46.760191, -23.624329 ], [ -46.759882, -23.625328 ], [ -46.759127, -23.625114 ], [ -46.759184, -23.624518 ], [ -46.759343, -23.62411 ], [ -46.758828, -23.624065 ], [ -46.7586, -23.626244 ], [ -46.76032, -23.62631 ], [ -46.760642, -23.625667 ], [ -46.761133, -23.624919 ], [ -46.761634, -23.622833 ], [ -46.761221, -23.622672 ], [ -46.760933, -23.62408 ], [ -46.760346, -23.623972 ], [ -46.760705, -23.62247 ], [ -46.760381, -23.622355 ], [ -46.759947, -23.624198 ] ] ] } },
{ "type": "Feature", "properties": { "CD_SETOR": "355030817000392", "faces": 5, "pavimentada": 100.0, "bueiro": 60.0, "iluminacao": 100.0, "onibus": 0.0, "ciclovia": 20.0, "calcada": 80.0, "obstaculo": 50.0, "rampa": 50.0, "rampa_faces": 40.0, "sem_calcada": 20.0, "sem_arvore": 40.0, "muitas_arvores": 40.0, "vao": 60.0, "V05400": 5, "V05421": 4, "V05406": 5, "V05412": 5, "V05422": 1, "V05424": 2, "V05427": 2, "V05409": 3, "V05415": 0, "V05418": 1, "V05430": 2, "V05433": 2, "criancas_0a4": 17, "em_favela": false }, "geometry": { "type": "Polygon", "coordinates": [ [ [ -46.761221, -23.622672 ], [ -46.760705, -23.62247 ], [ -46.760346, -23.623972 ], [ -46.760933, -23.62408 ], [ -46.761221, -23.622672 ] ] ] } },
{ "type": "Feature", "properties": { "CD_SETOR": "355030817000393", "faces": 5, "pavimentada": 100.0, "bueiro": 40.0, "iluminacao": 80.0, "onibus": 0.0, "ciclovia": 0.0, "calcada": 80.0, "obstaculo": 50.0, "rampa": 50.0, "rampa_faces": 40.0, "sem_calcada": 20.0, "sem_arvore": 40.0, "muitas_arvores": 60.0, "vao": 60.0, "V05400": 5, "V05421": 4, "V05406": 5, "V05412": 4, "V05422": 1, "V05424": 2, "V05427": 2, "V05409": 2, "V05415": 0, "V05418": 0, "V05430": 2, "V05433": 3, "criancas_0a4": 48, "em_favela": false }, "geometry": { "type": "Polygon", "coordinates": [ [ [ -46.759947, -23.624198 ], [ -46.759343, -23.62411 ], [ -46.759184, -23.624518 ], [ -46.759127, -23.625114 ], [ -46.759882, -23.625328 ], [ -46.760191, -23.624329 ], [ -46.759947, -23.624198 ] ] ] } },
{ "type": "Feature", "properties": { "CD_SETOR": "355030817000394", "faces": 10, "pavimentada": 100.0, "bueiro": 30.0, "iluminacao": 100.0, "onibus": 20.0, "ciclovia": 0.0, "calcada": 80.0, "obstaculo": 100.0, "rampa": 0.0, "rampa_faces": 0.0, "sem_calcada": 20.0, "sem_arvore": 40.0, "muitas_arvores": 20.0, "vao": 100.0, "V05400": 10, "V05421": 8, "V05406": 10, "V05412": 10, "V05422": 2, "V05424": 8, "V05427": 0, "V05409": 3, "V05415": 2, "V05418": 0, "V05430": 4, "V05433": 2, "criancas_0a4": 23, "em_favela": false }, "geometry": { "type": "Polygon", "coordinates": [ [ [ -46.747936, -23.631835 ], [ -46.746799, -23.631791 ], [ -46.74601, -23.632298 ], [ -46.745723, -23.632204 ], [ -46.74549, -23.632479 ], [ -46.745495, -23.632631 ], [ -46.745939, -23.633024 ], [ -46.745936, -23.632848 ], [ -46.745978, -23.632799 ], [ -46.746507, -23.632725 ], [ -46.74694, -23.632352 ], [ -46.747469, -23.632336 ], [ -46.748079, -23.632432 ], [ -46.748506, -23.632364 ], [ -46.748597, -23.632234 ], [ -46.748917, -23.63086 ], [ -46.74858, -23.631016 ], [ -46.748083, -23.63179 ], [ -46.747936, -23.631835 ] ] ] } },
{ "type": "Feature", "properties": { "CD_SETOR": "355030817000395", "faces": 7, "pavimentada": 100.0, "bueiro": 42.86, "iluminacao": 100.0, "onibus": 28.57, "ciclovia": 0.0, "calcada": 71.43, "obstaculo": 100.0, "rampa": 0.0, "rampa_faces": 0.0, "sem_calcada": 28.57, "sem_arvore": 57.14, "muitas_arvores": 14.29, "vao": 100.0, "V05400": 7, "V05421": 5, "V05406": 7, "V05412": 7, "V05422": 2, "V05424": 5, "V05427": 0, "V05409": 3, "V05415": 2, "V05418": 0, "V05430": 4, "V05433": 1, "criancas_0a4": 19, "em_favela": false }, "geometry": { "type": "Polygon", "coordinates": [ [ [ -46.745936, -23.632848 ], [ -46.745989, -23.63361 ], [ -46.745908, -23.63365 ], [ -46.746243, -23.63404 ], [ -46.746638, -23.633799 ], [ -46.746551, -23.633648 ], [ -46.747028, -23.633465 ], [ -46.746984, -23.633061 ], [ -46.747095, -23.632852 ], [ -46.747279, -23.632683 ], [ -46.74753, -23.632559 ], [ -46.748079, -23.632432 ], [ -46.747469, -23.632336 ], [ -46.74694, -23.632352 ], [ -46.746507, -23.632725 ], [ -46.745978, -23.632799 ], [ -46.745936, -23.632848 ] ] ] } },
{ "type": "Feature", "properties": { "CD_SETOR": "355030817000398", "faces": 6, "pavimentada": 100.0, "bueiro": 50.0, "iluminacao": 100.0, "onibus": 0.0, "ciclovia": 0.0, "calcada": 50.0, "obstaculo": 100.0, "rampa": 0.0, "rampa_faces": 0.0, "sem_calcada": 50.0, "sem_arvore": 33.33, "muitas_arvores": 50.0, "vao": 100.0, "V05400": 6, "V05421": 3, "V05406": 6, "V05412": 6, "V05422": 3, "V05424": 3, "V05427": 0, "V05409": 3, "V05415": 0, "V05418": 0, "V05430": 2, "V05433": 3, "criancas_0a4": 15, "em_favela": false }, "geometry": { "type": "Polygon", "coordinates": [ [ [ -46.757492, -23.638761 ], [ -46.755714, -23.639525 ], [ -46.755857, -23.639806 ], [ -46.756094, -23.640009 ], [ -46.757019, -23.639405 ], [ -46.757478, -23.639247 ], [ -46.758497, -23.638612 ], [ -46.758964, -23.638196 ], [ -46.759482, -23.637835 ], [ -46.759317, -23.63756 ], [ -46.757492, -23.638761 ] ] ] } },
{ "type": "Feature", "properties": { "CD_SETOR": "355030817000399", "faces": 7, "pavimentada": 100.0, "bueiro": 57.14, "iluminacao": 100.0, "onibus": 14.29, "ciclovia": 0.0, "calcada": 85.71, "obstaculo": 83.33, "rampa": 0.0, "rampa_faces": 0.0, "sem_calcada": 14.29, "sem_arvore": 0.0, "muitas_arvores": 71.43, "vao": 100.0, "V05400": 7, "V05421": 6, "V05406": 7, "V05412": 7, "V05422": 1, "V05424": 5, "V05427": 0, "V05409": 4, "V05415": 1, "V05418": 0, "V05430": 0, "V05433": 5, "criancas_0a4": 36, "em_favela": false }, "geometry": { "type": "Polygon", "coordinates": [ [ [ -46.755714, -23.639525 ], [ -46.755054, -23.639871 ], [ -46.754828, -23.640185 ], [ -46.754571, -23.641398 ], [ -46.754457, -23.641673 ], [ -46.75436, -23.64178 ], [ -46.753865, -23.642064 ], [ -46.753508, -23.642115 ], [ -46.753579, -23.642448 ], [ -46.753491, -23.642722 ], [ -46.753429, -23.642762 ], [ -46.754088, -23.643062 ], [ -46.754948, -23.642618 ], [ -46.756002, -23.642469 ], [ -46.755814, -23.640654 ], [ -46.755868, -23.640332 ], [ -46.756094, -23.640009 ], [ -46.755857, -23.639806 ], [ -46.755714, -23.639525 ] ] ] } },
{ "type": "Feature", "properties": { "CD_SETOR": "355030817000400", "faces": 24, "pavimentada": 100.0, "bueiro": 95.83, "iluminacao": 100.0, "onibus": 4.17, "ciclovia": 4.17, "calcada": 45.83, "obstaculo": 54.55, "rampa": 9.09, "rampa_faces": 4.17, "sem_calcada": 54.17, "sem_arvore": 8.33, "muitas_arvores": 83.33, "vao": 95.83, "V05400": 24, "V05421": 11, "V05406": 24, "V05412": 24, "V05422": 13, "V05424": 6, "V05427": 1, "V05409": 23, "V05415": 1, "V05418": 1, "V05430": 2, "V05433": 20, "criancas_0a4": 3, "em_favela": false }, "geometry": { "type": "Polygon", "coordinates": [ [ [ -46.751039, -23.61255 ], [ -46.750952, -23.613045 ], [ -46.751145, -23.613136 ], [ -46.751195, -23.612942 ], [ -46.751346, -23.612981 ], [ -46.751296, -23.613169 ], [ -46.751417, -23.613215 ], [ -46.752538, -23.615326 ], [ -46.755296, -23.614093 ], [ -46.755514, -23.614196 ], [ -46.755167, -23.613281 ], [ -46.754635, -23.612548 ], [ -46.752251, -23.612177 ], [ -46.752085, -23.612769 ], [ -46.751039, -23.61255 ] ] ] } },
{ "type": "Feature", "properties": { "CD_SETOR": "355030817000402", "faces": 9, "pavimentada": 100.0, "bueiro": 44.44, "iluminacao": 100.0, "onibus": 22.22, "ciclovia": 0.0, "calcada": 100.0, "obstaculo": 66.67, "rampa": 0.0, "rampa_faces": 0.0, "sem_calcada": 0.0, "sem_arvore": 55.56, "muitas_arvores": 33.33, "vao": 100.0, "V05400": 9, "V05421": 9, "V05406": 9, "V05412": 9, "V05422": 0, "V05424": 6, "V05427": 0, "V05409": 4, "V05415": 2, "V05418": 0, "V05430": 5, "V05433": 3, "criancas_0a4": 24, "em_favela": false }, "geometry": { "type": "Polygon", "coordinates": [ [ [ -46.785421, -23.640108 ], [ -46.786039, -23.640347 ], [ -46.78628, -23.639971 ], [ -46.7865, -23.63997 ], [ -46.786757, -23.6401 ], [ -46.787418, -23.640668 ], [ -46.785946, -23.642426 ], [ -46.788384, -23.644053 ], [ -46.788446, -23.643713 ], [ -46.78843, -23.64271 ], [ -46.788763, -23.642576 ], [ -46.78877, -23.642401 ], [ -46.788266, -23.64134 ], [ -46.787787, -23.640799 ], [ -46.786594, -23.639856 ], [ -46.78636, -23.639806 ], [ -46.785693, -23.639822 ], [ -46.785477, -23.639739 ], [ -46.785421, -23.640108 ] ] ] } },
{ "type": "Feature", "properties": { "CD_SETOR": "355030817000403", "faces": 22, "pavimentada": 100.0, "bueiro": 72.73, "iluminacao": 90.91, "onibus": 0.0, "ciclovia": 0.0, "calcada": 72.73, "obstaculo": 68.75, "rampa": 0.0, "rampa_faces": 0.0, "sem_calcada": 27.27, "sem_arvore": 59.09, "muitas_arvores": 4.55, "vao": 100.0, "V05400": 22, "V05421": 16, "V05406": 22, "V05412": 20, "V05422": 6, "V05424": 11, "V05427": 0, "V05409": 16, "V05415": 0, "V05418": 0, "V05430": 13, "V05433": 1, "criancas_0a4": 36, "em_favela": false }, "geometry": { "type": "Polygon", "coordinates": [ [ [ -46.785421, -23.640108 ], [ -46.785166, -23.641164 ], [ -46.785723, -23.641434 ], [ -46.786337, -23.641953 ], [ -46.787418, -23.640668 ], [ -46.786757, -23.6401 ], [ -46.7865, -23.63997 ], [ -46.78628, -23.639971 ], [ -46.786039, -23.640347 ], [ -46.785421, -23.640108 ] ] ] } },
{ "type": "Feature", "properties": { "CD_SETOR": "355030817000404", "faces": 5, "pavimentada": 100.0, "bueiro": 60.0, "iluminacao": 80.0, "onibus": 20.0, "ciclovia": 0.0, "calcada": 100.0, "obstaculo": 40.0, "rampa": 0.0, "rampa_faces": 0.0, "sem_calcada": 0.0, "sem_arvore": 0.0, "muitas_arvores": 60.0, "vao": 100.0, "V05400": 5, "V05421": 5, "V05406": 5, "V05412": 4, "V05422": 0, "V05424": 2, "V05427": 0, "V05409": 3, "V05415": 1, "V05418": 0, "V05430": 0, "V05433": 3, "criancas_0a4": 68, "em_favela": false }, "geometry": { "type": "Polygon", "coordinates": [ [ [ -46.766319, -23.648971 ], [ -46.766588, -23.649379 ], [ -46.767166, -23.649703 ], [ -46.76748, -23.649081 ], [ -46.76771, -23.648828 ], [ -46.767967, -23.64866 ], [ -46.768677, -23.648459 ], [ -46.768729, -23.648391 ], [ -46.768313, -23.648069 ], [ -46.767712, -23.647505 ], [ -46.76731, -23.647914 ], [ -46.766761, -23.648227 ], [ -46.766457, -23.648638 ], [ -46.766319, -23.648971 ] ] ] } },
{ "type": "Feature", "properties": { "CD_SETOR": "355030817000405", "faces": 2, "pavimentada": 100.0, "bueiro": 50.0, "iluminacao": 100.0, "onibus": 50.0, "ciclovia": 0.0, "calcada": 100.0, "obstaculo": 100.0, "rampa": 0.0, "rampa_faces": 0.0, "sem_calcada": 0.0, "sem_arvore": 0.0, "muitas_arvores": 100.0, "vao": 100.0, "V05400": 2, "V05421": 2, "V05406": 2, "V05412": 2, "V05422": 0, "V05424": 2, "V05427": 0, "V05409": 1, "V05415": 1, "V05418": 0, "V05430": 0, "V05433": 2, "criancas_0a4": 57, "em_favela": false }, "geometry": { "type": "Polygon", "coordinates": [ [ [ -46.766407, -23.650573 ], [ -46.76662, -23.650951 ], [ -46.766689, -23.651303 ], [ -46.766685, -23.651763 ], [ -46.766817, -23.652009 ], [ -46.767166, -23.652176 ], [ -46.767363, -23.652167 ], [ -46.767607, -23.652063 ], [ -46.76775, -23.651863 ], [ -46.767806, -23.651559 ], [ -46.767759, -23.650864 ], [ -46.76755, -23.650241 ], [ -46.767166, -23.649703 ], [ -46.767057, -23.649879 ], [ -46.766655, -23.650214 ], [ -46.766407, -23.650573 ] ] ] } },
{ "type": "Feature", "properties": { "CD_SETOR": "355030817000406", "faces": 4, "pavimentada": 100.0, "bueiro": 75.0, "iluminacao": 100.0, "onibus": 50.0, "ciclovia": 0.0, "calcada": 100.0, "obstaculo": 100.0, "rampa": 0.0, "rampa_faces": 0.0, "sem_calcada": 0.0, "sem_arvore": 0.0, "muitas_arvores": 100.0, "vao": 100.0, "V05400": 4, "V05421": 4, "V05406": 4, "V05412": 4, "V05422": 0, "V05424": 4, "V05427": 0, "V05409": 3, "V05415": 2, "V05418": 0, "V05430": 0, "V05433": 4, "criancas_0a4": 31, "em_favela": false }, "geometry": { "type": "Polygon", "coordinates": [ [ [ -46.767166, -23.649703 ], [ -46.76755, -23.650241 ], [ -46.767908, -23.650215 ], [ -46.768081, -23.650152 ], [ -46.768919, -23.648985 ], [ -46.769129, -23.648664 ], [ -46.769163, -23.648526 ], [ -46.768729, -23.648391 ], [ -46.768677, -23.648459 ], [ -46.767967, -23.64866 ], [ -46.76771, -23.648828 ], [ -46.76748, -23.649081 ], [ -46.767166, -23.649703 ] ] ] } },
{ "type": "Feature", "properties": { "CD_SETOR": "355030817000407", "faces": 2, "pavimentada": 100.0, "bueiro": 50.0, "iluminacao": 100.0, "onibus": 50.0, "ciclovia": 0.0, "calcada": 100.0, "obstaculo": 0.0, "rampa": 100.0, "rampa_faces": 100.0, "sem_calcada": 0.0, "sem_arvore": 0.0, "muitas_arvores": 100.0, "vao": 0.0, "V05400": 2, "V05421": 2, "V05406": 2, "V05412": 2, "V05422": 0, "V05424": 0, "V05427": 2, "V05409": 1, "V05415": 1, "V05418": 0, "V05430": 0, "V05433": 2, "criancas_0a4": 20, "em_favela": false }, "geometry": { "type": "Polygon", "coordinates": [ [ [ -46.761923, -23.649331 ], [ -46.761929, -23.64947 ], [ -46.762046, -23.649701 ], [ -46.762402, -23.650003 ], [ -46.763583, -23.649495 ], [ -46.763517, -23.648948 ], [ -46.763334, -23.64853 ], [ -46.762619, -23.649074 ], [ -46.762423, -23.64916 ], [ -46.762045, -23.649212 ], [ -46.761923, -23.649331 ] ] ] } },
{ "type": "Feature", "properties": { "CD_SETOR": "355030817000409", "faces": 14, "pavimentada": 100.0, "bueiro": 28.57, "iluminacao": 85.71, "onibus": 0.0, "ciclovia": 0.0, "calcada": 50.0, "obstaculo": 100.0, "rampa": 0.0, "rampa_faces": 0.0, "sem_calcada": 50.0, "sem_arvore": 42.86, "muitas_arvores": 28.57, "vao": 100.0, "V05400": 14, "V05421": 7, "V05406": 14, "V05412": 12, "V05422": 7, "V05424": 7, "V05427": 0, "V05409": 4, "V05415": 0, "V05418": 0, "V05430": 6, "V05433": 4, "criancas_0a4": 30, "em_favela": false }, "geometry": { "type": "Polygon", "coordinates": [ [ [ -46.758994, -23.645911 ], [ -46.759372, -23.646859 ], [ -46.759061, -23.646974 ], [ -46.759513, -23.648507 ], [ -46.760108, -23.648574 ], [ -46.759847, -23.647909 ], [ -46.760112, -23.6479 ], [ -46.759707, -23.646997 ], [ -46.759712, -23.64686 ], [ -46.759964, -23.646685 ], [ -46.760432, -23.647089 ], [ -46.760854, -23.646666 ], [ -46.760278, -23.646179 ], [ -46.759834, -23.645939 ], [ -46.759523, -23.64589 ], [ -46.758994, -23.645911 ] ] ] } },
{ "type": "Feature", "properties": { "CD_SETOR": "355030817000410", "faces": 10, "pavimentada": 100.0, "bueiro": 100.0, "iluminacao": 100.0, "onibus": 0.0, "ciclovia": 0.0, "calcada": 90.0, "obstaculo": 55.56, "rampa": 0.0, "rampa_faces": 0.0, "sem_calcada": 10.0, "sem_arvore": 50.0, "muitas_arvores": 0.0, "vao": 100.0, "V05400": 10, "V05421": 9, "V05406": 10, "V05412": 10, "V05422": 1, "V05424": 5, "V05427": 0, "V05409": 10, "V05415": 0, "V05418": 0, "V05430": 5, "V05433": 0, "criancas_0a4": 10, "em_favela": false }, "geometry": { "type": "Polygon", "coordinates": [ [ [ -46.760931, -23.650486 ], [ -46.761092, -23.649231 ], [ -46.761439, -23.649266 ], [ -46.761365, -23.648749 ], [ -46.761469, -23.64877 ], [ -46.761475, -23.648626 ], [ -46.759958, -23.64857 ], [ -46.75903, -23.648476 ], [ -46.759978, -23.649615 ], [ -46.760931, -23.650486 ] ] ] } },
{ "type": "Feature", "properties": { "CD_SETOR": "355030817000411", "faces": 11, "pavimentada": 100.0, "bueiro": 36.36, "iluminacao": 100.0, "onibus": 9.09, "ciclovia": 0.0, "calcada": 81.82, "obstaculo": 88.89, "rampa": 0.0, "rampa_faces": 0.0, "sem_calcada": 18.18, "sem_arvore": 27.27, "muitas_arvores": 18.18, "vao": 100.0, "V05400": 11, "V05421": 9, "V05406": 11, "V05412": 11, "V05422": 2, "V05424": 8, "V05427": 0, "V05409": 4, "V05415": 1, "V05418": 0, "V05430": 3, "V05433": 2, "criancas_0a4": 32, "em_favela": false }, "geometry": { "type": "Polygon", "coordinates": [ [ [ -46.753664, -23.641554 ], [ -46.75334, -23.641566 ], [ -46.753508, -23.642115 ], [ -46.753865, -23.642064 ], [ -46.75436, -23.64178 ], [ -46.754457, -23.641673 ], [ -46.754571, -23.641398 ], [ -46.754746, -23.640451 ], [ -46.754168, -23.640363 ], [ -46.754292, -23.640023 ], [ -46.753944, -23.639897 ], [ -46.753709, -23.641021 ], [ -46.753827, -23.641384 ], [ -46.753937, -23.641461 ], [ -46.753664, -23.641554 ] ] ] } },
{ "type": "Feature", "properties": { "CD_SETOR": "355030817000412", "faces": 11, "pavimentada": 100.0, "bueiro": 63.64, "iluminacao": 100.0, "onibus": 9.09, "ciclovia": 18.18, "calcada": 90.91, "obstaculo": 50.0, "rampa": 10.0, "rampa_faces": 9.09, "sem_calcada": 9.09, "sem_arvore": 27.27, "muitas_arvores": 27.27, "vao": 90.91, "V05400": 11, "V05421": 10, "V05406": 11, "V05412": 11, "V05422": 1, "V05424": 5, "V05427": 1, "V05409": 7, "V05415": 1, "V05418": 2, "V05430": 3, "V05433": 3, "criancas_0a4": 28, "em_favela": false }, "geometry": { "type": "Polygon", "coordinates": [ [ [ -46.753382, -23.639406 ], [ -46.75148, -23.6394 ], [ -46.751245, -23.64003 ], [ -46.751514, -23.640597 ], [ -46.751962, -23.640516 ], [ -46.752308, -23.640511 ], [ -46.753097, -23.640711 ], [ -46.75334, -23.641566 ], [ -46.753664, -23.641554 ], [ -46.753488, -23.641116 ], [ -46.753382, -23.639406 ] ] ] } },
{ "type": "Feature", "properties": { "CD_SETOR": "355030817000413", "faces": 4, "pavimentada": 100.0, "bueiro": 25.0, "iluminacao": 100.0, "onibus": 0.0, "ciclovia": 0.0, "calcada": 75.0, "obstaculo": 100.0, "rampa": 0.0, "rampa_faces": 0.0, "sem_calcada": 25.0, "sem_arvore": 25.0, "muitas_arvores": 0.0, "vao": 100.0, "V05400": 4, "V05421": 3, "V05406": 4, "V05412": 4, "V05422": 1, "V05424": 3, "V05427": 0, "V05409": 1, "V05415": 0, "V05418": 0, "V05430": 1, "V05433": 0, "criancas_0a4": 17, "em_favela": false }, "geometry": { "type": "Polygon", "coordinates": [ [ [ -46.756314, -23.627024 ], [ -46.754884, -23.627417 ], [ -46.754781, -23.62814 ], [ -46.755794, -23.627781 ], [ -46.756296, -23.627816 ], [ -46.756552, -23.627754 ], [ -46.757518, -23.627382 ], [ -46.757609, -23.62733 ], [ -46.757653, -23.626804 ], [ -46.757248, -23.626942 ], [ -46.756314, -23.627024 ] ] ] } },
{ "type": "Feature", "properties": { "CD_SETOR": "355030817000414", "faces": 8, "pavimentada": 100.0, "bueiro": 12.5, "iluminacao": 100.0, "onibus": 12.5, "ciclovia": 0.0, "calcada": 62.5, "obstaculo": 100.0, "rampa": 0.0, "rampa_faces": 0.0, "sem_calcada": 37.5, "sem_arvore": 50.0, "muitas_arvores": 12.5, "vao": 100.0, "V05400": 8, "V05421": 5, "V05406": 8, "V05412": 8, "V05422": 3, "V05424": 5, "V05427": 0, "V05409": 1, "V05415": 1, "V05418": 0, "V05430": 4, "V05433": 1, "criancas_0a4": 12, "em_favela": false }, "geometry": { "type": "Polygon", "coordinates": [ [ [ -46.754781, -23.62814 ], [ -46.754764, -23.628399 ], [ -46.754882, -23.628695 ], [ -46.754714, -23.628806 ], [ -46.75472, -23.629351 ], [ -46.755951, -23.628904 ], [ -46.755749, -23.62839 ], [ -46.756369, -23.628149 ], [ -46.756219, -23.627812 ], [ -46.755993, -23.627765 ], [ -46.755794, -23.627781 ], [ -46.754781, -23.62814 ] ] ] } },
{ "type": "Feature", "properties": { "CD_SETOR": "355030817000415", "faces": 9, "pavimentada": 88.89, "bueiro": 88.89, "iluminacao": 88.89, "onibus": 11.11, "ciclovia": 0.0, "calcada": 77.78, "obstaculo": 100.0, "rampa": 0.0, "rampa_faces": 0.0, "sem_calcada": 11.11, "sem_arvore": 33.33, "muitas_arvores": 11.11, "vao": 88.89, "V05400": 9, "V05421": 7, "V05406": 8, "V05412": 8, "V05422": 1, "V05424": 7, "V05427": 0, "V05409": 8, "V05415": 1, "V05418": 0, "V05430": 3, "V05433": 1, "criancas_0a4": 78, "em_favela": false }, "geometry": { "type": "Polygon", "coordinates": [ [ [ -46.748102, -23.635864 ], [ -46.747907, -23.63635 ], [ -46.747081, -23.636535 ], [ -46.746781, -23.636516 ], [ -46.746569, -23.638414 ], [ -46.747172, -23.638366 ], [ -46.747285, -23.637371 ], [ -46.747681, -23.636799 ], [ -46.748234, -23.637036 ], [ -46.748781, -23.635896 ], [ -46.748836, -23.635405 ], [ -46.748695, -23.635061 ], [ -46.748113, -23.635257 ], [ -46.748102, -23.635864 ] ] ] } },
{ "type": "Feature", "properties": { "CD_SETOR": "355030817000416", "faces": 7, "pavimentada": 100.0, "bueiro": 42.86, "iluminacao": 100.0, "onibus": 0.0, "ciclovia": 0.0, "calcada": 85.71, "obstaculo": 100.0, "rampa": 0.0, "rampa_faces": 0.0, "sem_calcada": 14.29, "sem_arvore": 28.57, "muitas_arvores": 28.57, "vao": 100.0, "V05400": 7, "V05421": 6, "V05406": 7, "V05412": 7, "V05422": 1, "V05424": 6, "V05427": 0, "V05409": 3, "V05415": 0, "V05418": 0, "V05430": 2, "V05433": 2, "criancas_0a4": 6, "em_favela": false }, "geometry": { "type": "Polygon", "coordinates": [ [ [ -46.747172, -23.638366 ], [ -46.747821, -23.638428 ], [ -46.748669, -23.637425 ], [ -46.748069, -23.637324 ], [ -46.748234, -23.637036 ], [ -46.747681, -23.636799 ], [ -46.747285, -23.637371 ], [ -46.747172, -23.638366 ] ] ] } },
{ "type": "Feature", "properties": { "CD_SETOR": "355030817000417", "faces": 21, "pavimentada": 100.0, "bueiro": 71.43, "iluminacao": 100.0, "onibus": 0.0, "ciclovia": 0.0, "calcada": 76.19, "obstaculo": 87.5, "rampa": 0.0, "rampa_faces": 0.0, "sem_calcada": 23.81, "sem_arvore": 38.1, "muitas_arvores": 4.76, "vao": 100.0, "V05400": 21, "V05421": 16, "V05406": 21, "V05412": 21, "V05422": 5, "V05424": 14, "V05427": 0, "V05409": 15, "V05415": 0, "V05418": 0, "V05430": 8, "V05433": 1, "criancas_0a4": 31, "em_favela": false }, "geometry": { "type": "Polygon", "coordinates": [ [ [ -46.748747, -23.620229 ], [ -46.748232, -23.621035 ], [ -46.748635, -23.621834 ], [ -46.749371, -23.622205 ], [ -46.749385, -23.622444 ], [ -46.749234, -23.622798 ], [ -46.7498, -23.623373 ], [ -46.751384, -23.622864 ], [ -46.751651, -23.622316 ], [ -46.751156, -23.622159 ], [ -46.750779, -23.6217 ], [ -46.750684, -23.621681 ], [ -46.75049, -23.621416 ], [ -46.749963, -23.620912 ], [ -46.749473, -23.620713 ], [ -46.749242, -23.620723 ], [ -46.748747, -23.620229 ] ] ] } },
{ "type": "Feature", "properties": { "CD_SETOR": "355030817000418", "faces": 3, "pavimentada": 100.0, "bueiro": 33.33, "iluminacao": 100.0, "onibus": 66.67, "ciclovia": 0.0, "calcada": 66.67, "obstaculo": 100.0, "rampa": 0.0, "rampa_faces": 0.0, "sem_calcada": 33.33, "sem_arvore": 66.67, "muitas_arvores": 0.0, "vao": 100.0, "V05400": 3, "V05421": 2, "V05406": 3, "V05412": 3, "V05422": 1, "V05424": 2, "V05427": 0, "V05409": 1, "V05415": 2, "V05418": 0, "V05430": 2, "V05433": 0, "criancas_0a4": 66, "em_favela": false }, "geometry": { "type": "Polygon", "coordinates": [ [ [ -46.748515, -23.623439 ], [ -46.749354, -23.62399 ], [ -46.749534, -23.623685 ], [ -46.7498, -23.623373 ], [ -46.748923, -23.622484 ], [ -46.748642, -23.62299 ], [ -46.748813, -23.623165 ], [ -46.748515, -23.623439 ] ] ] } },
{ "type": "Feature", "properties": { "CD_SETOR": "355030817000419", "faces": 10, "pavimentada": 100.0, "bueiro": 90.0, "iluminacao": 100.0, "onibus": 10.0, "ciclovia": 0.0, "calcada": 80.0, "obstaculo": 62.5, "rampa": 12.5, "rampa_faces": 10.0, "sem_calcada": 20.0, "sem_arvore": 30.0, "muitas_arvores": 70.0, "vao": 90.0, "V05400": 10, "V05421": 8, "V05406": 10, "V05412": 10, "V05422": 2, "V05424": 5, "V05427": 1, "V05409": 9, "V05415": 1, "V05418": 0, "V05430": 3, "V05433": 7, "criancas_0a4": 18, "em_favela": false }, "geometry": { "type": "Polygon", "coordinates": [ [ [ -46.766415, -23.641324 ], [ -46.767112, -23.64149 ], [ -46.768305, -23.642408 ], [ -46.768405, -23.642554 ], [ -46.769226, -23.642872 ], [ -46.769701, -23.643121 ], [ -46.770504, -23.643723 ], [ -46.77132, -23.644673 ], [ -46.771567, -23.644734 ], [ -46.771037, -23.643503 ], [ -46.770749, -23.642698 ], [ -46.770719, -23.642384 ], [ -46.770807, -23.642106 ], [ -46.77071, -23.6419 ], [ -46.77053, -23.641861 ], [ -46.770461, -23.641978 ], [ -46.770242, -23.642151 ], [ -46.770009, -23.642186 ], [ -46.768605, -23.64173 ], [ -46.76799, -23.641126 ], [ -46.766358, -23.640777 ], [ -46.766415, -23.641324 ] ] ] } },
{ "type": "Feature", "properties": { "CD_SETOR": "355030817000420", "faces": 23, "pavimentada": 100.0, "bueiro": 82.61, "iluminacao": 100.0, "onibus": 21.74, "ciclovia": 0.0, "calcada": 73.91, "obstaculo": 64.71, "rampa": 0.0, "rampa_faces": 0.0, "sem_calcada": 26.09, "sem_arvore": 43.48, "muitas_arvores": 30.43, "vao": 100.0, "V05400": 23, "V05421": 17, "V05406": 23, "V05412": 23, "V05422": 6, "V05424": 11, "V05427": 0, "V05409": 19, "V05415": 5, "V05418": 0, "V05430": 10, "V05433": 7, "criancas_0a4": 41, "em_favela": false }, "geometry": { "type": "Polygon", "coordinates": [ [ [ -46.766264, -23.64177 ], [ -46.766415, -23.641953 ], [ -46.766508, -23.642202 ], [ -46.766855, -23.644087 ], [ -46.766922, -23.644256 ], [ -46.767347, -23.644892 ], [ -46.767516, -23.644912 ], [ -46.767111, -23.642536 ], [ -46.767138, -23.642434 ], [ -46.767275, -23.642282 ], [ -46.767743, -23.64285 ], [ -46.770345, -23.643811 ], [ -46.770581, -23.64382 ], [ -46.770262, -23.643529 ], [ -46.769504, -23.642997 ], [ -46.768405, -23.642554 ], [ -46.768305, -23.642408 ], [ -46.767112, -23.64149 ], [ -46.766415, -23.641324 ], [ -46.766264, -23.64177 ] ] ] } },
{ "type": "Feature", "properties": { "CD_SETOR": "355030817000421", "faces": 15, "pavimentada": 100.0, "bueiro": 6.67, "iluminacao": 100.0, "onibus": 20.0, "ciclovia": 0.0, "calcada": 53.33, "obstaculo": 100.0, "rampa": 0.0, "rampa_faces": 0.0, "sem_calcada": 46.67, "sem_arvore": 53.33, "muitas_arvores": 13.33, "vao": 100.0, "V05400": 15, "V05421": 8, "V05406": 15, "V05412": 15, "V05422": 7, "V05424": 8, "V05427": 0, "V05409": 1, "V05415": 3, "V05418": 0, "V05430": 8, "V05433": 2, "criancas_0a4": 34, "em_favela": false }, "geometry": { "type": "Polygon", "coordinates": [ [ [ -46.769543, -23.638568 ], [ -46.769401, -23.638991 ], [ -46.769891, -23.638977 ], [ -46.770323, -23.639364 ], [ -46.770714, -23.639477 ], [ -46.771153, -23.639833 ], [ -46.771371, -23.640151 ], [ -46.771606, -23.640844 ], [ -46.772302, -23.640756 ], [ -46.772482, -23.640786 ], [ -46.772606, -23.640908 ], [ -46.772774, -23.641223 ], [ -46.773088, -23.641468 ], [ -46.773893, -23.641936 ], [ -46.77415, -23.641939 ], [ -46.774236, -23.641857 ], [ -46.77436, -23.641504 ], [ -46.774383, -23.64133 ], [ -46.774349, -23.641252 ], [ -46.773517, -23.640997 ], [ -46.772853, -23.640282 ], [ -46.77269, -23.640162 ], [ -46.772498, -23.640143 ], [ -46.772029, -23.640358 ], [ -46.771781, -23.640354 ], [ -46.771653, -23.640216 ], [ -46.771322, -23.639602 ], [ -46.770291, -23.638617 ], [ -46.770008, -23.638503 ], [ -46.769543, -23.638568 ] ] ] } },
{ "type": "Feature", "properties": { "CD_SETOR": "355030817000422", "faces": 4, "pavimentada": 100.0, "bueiro": 0.0, "iluminacao": 100.0, "onibus": 0.0, "ciclovia": 0.0, "calcada": 100.0, "obstaculo": 50.0, "rampa": 50.0, "rampa_faces": 50.0, "sem_calcada": 0.0, "sem_arvore": 0.0, "muitas_arvores": 100.0, "vao": 50.0, "V05400": 4, "V05421": 4, "V05406": 4, "V05412": 4, "V05422": 0, "V05424": 2, "V05427": 2, "V05409": 0, "V05415": 0, "V05418": 0, "V05430": 0, "V05433": 4, "criancas_0a4": 49, "em_favela": false }, "geometry": { "type": "Polygon", "coordinates": [ [ [ -46.769401, -23.638991 ], [ -46.769305, -23.639251 ], [ -46.769452, -23.639276 ], [ -46.769515, -23.639446 ], [ -46.769808, -23.639383 ], [ -46.770014, -23.639928 ], [ -46.770228, -23.639849 ], [ -46.770324, -23.640019 ], [ -46.770468, -23.639973 ], [ -46.770764, -23.640919 ], [ -46.770846, -23.641061 ], [ -46.771606, -23.640844 ], [ -46.771371, -23.640151 ], [ -46.771153, -23.639833 ], [ -46.770714, -23.639477 ], [ -46.770323, -23.639364 ], [ -46.769891, -23.638977 ], [ -46.769401, -23.638991 ] ] ] } },
{ "type": "Feature", "properties": { "CD_SETOR": "355030817000423", "faces": 3, "pavimentada": 100.0, "bueiro": 0.0, "iluminacao": 100.0, "onibus": 0.0, "ciclovia": 0.0, "calcada": 66.67, "obstaculo": 0.0, "rampa": 0.0, "rampa_faces": 0.0, "sem_calcada": 33.33, "sem_arvore": 33.33, "muitas_arvores": 66.67, "vao": 100.0, "V05400": 3, "V05421": 2, "V05406": 3, "V05412": 3, "V05422": 1, "V05424": 0, "V05427": 0, "V05409": 0, "V05415": 0, "V05418": 0, "V05430": 1, "V05433": 2, "criancas_0a4": 25, "em_favela": false }, "geometry": { "type": "Polygon", "coordinates": [ [ [ -46.768669, -23.639736 ], [ -46.769423, -23.640501 ], [ -46.769291, -23.64076 ], [ -46.769558, -23.64115 ], [ -46.770319, -23.641032 ], [ -46.770565, -23.641039 ], [ -46.770662, -23.640922 ], [ -46.770764, -23.640919 ], [ -46.770468, -23.639973 ], [ -46.770324, -23.640019 ], [ -46.770228, -23.639849 ], [ -46.770014, -23.639928 ], [ -46.769808, -23.639383 ], [ -46.769515, -23.639446 ], [ -46.769452, -23.639276 ], [ -46.769305, -23.639251 ], [ -46.769162, -23.639543 ], [ -46.768669, -23.639736 ] ] ] } },
{ "type": "Feature", "properties": { "CD_SETOR": "355030817000424", "faces": 2, "pavimentada": 100.0, "bueiro": 50.0, "iluminacao": 100.0, "onibus": 0.0, "ciclovia": 0.0, "calcada": 50.0, "obstaculo": 0.0, "rampa": 0.0, "rampa_faces": 0.0, "sem_calcada": 50.0, "sem_arvore": 50.0, "muitas_arvores": 50.0, "vao": 100.0, "V05400": 2, "V05421": 1, "V05406": 2, "V05412": 2, "V05422": 1, "V05424": 0, "V05427": 0, "V05409": 1, "V05415": 0, "V05418": 0, "V05430": 1, "V05433": 1, "criancas_0a4": 45, "em_favela": false }, "geometry": { "type": "Polygon", "coordinates": [ [ [ -46.767978, -23.64021 ], [ -46.768769, -23.640975 ], [ -46.768652, -23.641052 ], [ -46.769228, -23.641597 ], [ -46.770217, -23.641523 ], [ -46.770512, -23.641296 ], [ -46.770565, -23.641039 ], [ -46.770319, -23.641032 ], [ -46.769558, -23.64115 ], [ -46.769291, -23.64076 ], [ -46.769423, -23.640501 ], [ -46.768669, -23.639736 ], [ -46.767978, -23.64021 ] ] ] } },
{ "type": "Feature", "properties": { "CD_SETOR": "355030817000425", "faces": 3, "pavimentada": 100.0, "bueiro": 66.67, "iluminacao": 100.0, "onibus": 0.0, "ciclovia": 0.0, "calcada": 66.67, "obstaculo": 50.0, "rampa": 0.0, "rampa_faces": 0.0, "sem_calcada": 33.33, "sem_arvore": 33.33, "muitas_arvores": 66.67, "vao": 100.0, "V05400": 3, "V05421": 2, "V05406": 3, "V05412": 3, "V05422": 1, "V05424": 1, "V05427": 0, "V05409": 2, "V05415": 0, "V05418": 0, "V05430": 1, "V05433": 2, "criancas_0a4": 15, "em_favela": false }, "geometry": { "type": "Polygon", "coordinates": [ [ [ -46.767164, -23.640929 ], [ -46.76799, -23.641126 ], [ -46.768605, -23.64173 ], [ -46.769853, -23.642145 ], [ -46.770056, -23.642194 ], [ -46.770242, -23.642151 ], [ -46.770461, -23.641978 ], [ -46.77053, -23.641861 ], [ -46.770217, -23.64172 ], [ -46.770178, -23.641622 ], [ -46.770217, -23.641523 ], [ -46.769228, -23.641597 ], [ -46.768652, -23.641052 ], [ -46.768769, -23.640975 ], [ -46.767978, -23.64021 ], [ -46.767164, -23.640929 ] ] ] } },
{ "type": "Feature", "properties": { "CD_SETOR": "355030817000426", "faces": 9, "pavimentada": 66.67, "bueiro": 0.0, "iluminacao": 100.0, "onibus": 11.11, "ciclovia": 0.0, "calcada": 66.67, "obstaculo": 100.0, "rampa": 0.0, "rampa_faces": 0.0, "sem_calcada": 33.33, "sem_arvore": 33.33, "muitas_arvores": 22.22, "vao": 66.67, "V05400": 9, "V05421": 6, "V05406": 6, "V05412": 9, "V05422": 3, "V05424": 6, "V05427": 0, "V05409": 0, "V05415": 1, "V05418": 0, "V05430": 3, "V05433": 2, "criancas_0a4": 53, "em_favela": false }, "geometry": { "type": "Polygon", "coordinates": [ [ [ -46.762024, -23.630229 ], [ -46.761181, -23.631136 ], [ -46.761173, -23.631327 ], [ -46.761193, -23.631404 ], [ -46.761625, -23.631796 ], [ -46.761534, -23.631985 ], [ -46.761555, -23.632191 ], [ -46.761507, -23.632352 ], [ -46.761269, -23.632368 ], [ -46.761127, -23.632547 ], [ -46.761543, -23.632722 ], [ -46.761619, -23.632846 ], [ -46.761085, -23.633522 ], [ -46.761765, -23.633646 ], [ -46.762607, -23.632659 ], [ -46.762738, -23.632354 ], [ -46.762759, -23.631913 ], [ -46.762696, -23.631675 ], [ -46.762024, -23.630229 ] ] ] } },
{ "type": "Feature", "properties": { "CD_SETOR": "355030817000427", "faces": 13, "pavimentada": 100.0, "bueiro": 23.08, "iluminacao": 100.0, "onibus": 7.69, "ciclovia": 0.0, "calcada": 100.0, "obstaculo": 92.31, "rampa": 15.38, "rampa_faces": 15.38, "sem_calcada": 0.0, "sem_arvore": 53.85, "muitas_arvores": 23.08, "vao": 84.62, "V05400": 13, "V05421": 13, "V05406": 13, "V05412": 13, "V05422": 0, "V05424": 12, "V05427": 2, "V05409": 3, "V05415": 1, "V05418": 0, "V05430": 7, "V05433": 3, "criancas_0a4": 28, "em_favela": false }, "geometry": { "type": "Polygon", "coordinates": [ [ [ -46.762612, -23.631509 ], [ -46.76273, -23.631785 ], [ -46.762847, -23.631795 ], [ -46.76327, -23.632465 ], [ -46.763693, -23.633672 ], [ -46.763709, -23.633949 ], [ -46.763685, -23.633973 ], [ -46.762356, -23.632961 ], [ -46.762156, -23.633198 ], [ -46.76305, -23.633875 ], [ -46.763416, -23.634251 ], [ -46.763508, -23.634457 ], [ -46.763628, -23.63508 ], [ -46.763673, -23.63575 ], [ -46.764288, -23.635778 ], [ -46.76432, -23.635568 ], [ -46.76422, -23.635292 ], [ -46.763887, -23.633481 ], [ -46.76368, -23.63279 ], [ -46.763685, -23.632688 ], [ -46.763795, -23.632608 ], [ -46.76476, -23.632342 ], [ -46.764975, -23.632027 ], [ -46.765298, -23.632135 ], [ -46.765466, -23.631924 ], [ -46.7649, -23.631308 ], [ -46.763928, -23.631986 ], [ -46.763831, -23.631958 ], [ -46.763215, -23.631236 ], [ -46.763178, -23.631125 ], [ -46.762612, -23.631509 ] ] ] } },
{ "type": "Feature", "properties": { "CD_SETOR": "355030817000428", "faces": 1, "pavimentada": 100.0, "bueiro": 0.0, "iluminacao": 100.0, "onibus": 0.0, "ciclovia": 0.0, "calcada": 100.0, "obstaculo": 0.0, "rampa": 0.0, "rampa_faces": 0.0, "sem_calcada": 0.0, "sem_arvore": 0.0, "muitas_arvores": 100.0, "vao": 100.0, "V05400": 1, "V05421": 1, "V05406": 1, "V05412": 1, "V05422": 0, "V05424": 0, "V05427": 0, "V05409": 0, "V05415": 0, "V05418": 0, "V05430": 0, "V05433": 1, "criancas_0a4": 44, "em_favela": false }, "geometry": { "type": "Polygon", "coordinates": [ [ [ -46.762356, -23.632961 ], [ -46.763685, -23.633973 ], [ -46.763709, -23.633949 ], [ -46.763693, -23.633672 ], [ -46.76327, -23.632465 ], [ -46.762847, -23.631795 ], [ -46.76273, -23.631785 ], [ -46.762768, -23.632178 ], [ -46.762688, -23.632503 ], [ -46.762356, -23.632961 ] ] ] } },
{ "type": "Feature", "properties": { "CD_SETOR": "355030817000429", "faces": 1, "pavimentada": 0.0, "bueiro": 0.0, "iluminacao": 0.0, "onibus": 0.0, "ciclovia": 0.0, "calcada": 0.0, "obstaculo": null, "rampa": null, "rampa_faces": 0.0, "sem_calcada": 0.0, "sem_arvore": 0.0, "muitas_arvores": 0.0, "vao": 0.0, "V05400": 1, "V05421": 0, "V05406": 0, "V05412": 0, "V05422": 0, "V05424": 0, "V05427": 0, "V05409": 0, "V05415": 0, "V05418": 0, "V05430": 0, "V05433": 0, "criancas_0a4": 69, "em_favela": false }, "geometry": { "type": "Polygon", "coordinates": [ [ [ -46.761127, -23.630623 ], [ -46.760715, -23.631177 ], [ -46.760667, -23.631407 ], [ -46.760732, -23.631595 ], [ -46.760854, -23.63182 ], [ -46.761363, -23.632145 ], [ -46.761354, -23.632273 ], [ -46.761269, -23.632368 ], [ -46.761507, -23.632352 ], [ -46.761555, -23.632191 ], [ -46.761534, -23.631985 ], [ -46.761625, -23.631796 ], [ -46.761193, -23.631404 ], [ -46.761156, -23.631242 ], [ -46.761258, -23.631022 ], [ -46.761408, -23.63088 ], [ -46.761127, -23.630623 ] ] ] } },
{ "type": "Feature", "properties": { "CD_SETOR": "355030817000430", "faces": 20, "pavimentada": 100.0, "bueiro": 90.0, "iluminacao": 100.0, "onibus": 10.0, "ciclovia": 0.0, "calcada": 95.0, "obstaculo": 57.89, "rampa": 0.0, "rampa_faces": 0.0, "sem_calcada": 5.0, "sem_arvore": 5.0, "muitas_arvores": 95.0, "vao": 100.0, "V05400": 20, "V05421": 19, "V05406": 20, "V05412": 20, "V05422": 1, "V05424": 11, "V05427": 0, "V05409": 18, "V05415": 2, "V05418": 0, "V05430": 1, "V05433": 19, "criancas_0a4": 21, "em_favela": false }, "geometry": { "type": "Polygon", "coordinates": [ [ [ -46.763494, -23.648335 ], [ -46.763334, -23.64853 ], [ -46.763466, -23.648783 ], [ -46.763575, -23.649213 ], [ -46.763551, -23.650298 ], [ -46.763984, -23.65041 ], [ -46.764148, -23.650222 ], [ -46.764457, -23.650004 ], [ -46.764697, -23.64993 ], [ -46.765116, -23.649984 ], [ -46.765653, -23.649714 ], [ -46.765877, -23.649513 ], [ -46.766319, -23.648971 ], [ -46.766457, -23.648638 ], [ -46.766696, -23.648296 ], [ -46.766918, -23.648106 ], [ -46.76731, -23.647914 ], [ -46.767712, -23.647505 ], [ -46.767107, -23.646986 ], [ -46.766715, -23.646935 ], [ -46.764016, -23.648034 ], [ -46.763494, -23.648335 ] ] ] } },
{ "type": "Feature", "properties": { "CD_SETOR": "355030817000431", "faces": 1, "pavimentada": 100.0, "bueiro": 100.0, "iluminacao": 100.0, "onibus": 0.0, "ciclovia": 0.0, "calcada": 100.0, "obstaculo": 100.0, "rampa": 0.0, "rampa_faces": 0.0, "sem_calcada": 0.0, "sem_arvore": 0.0, "muitas_arvores": 100.0, "vao": 100.0, "V05400": 1, "V05421": 1, "V05406": 1, "V05412": 1, "V05422": 0, "V05424": 1, "V05427": 0, "V05409": 1, "V05415": 0, "V05418": 0, "V05430": 0, "V05433": 1, "criancas_0a4": 16, "em_favela": false }, "geometry": { "type": "Polygon", "coordinates": [ [ [ -46.762887, -23.650597 ], [ -46.762526, -23.651168 ], [ -46.762579, -23.651431 ], [ -46.763297, -23.651931 ], [ -46.763688, -23.651802 ], [ -46.763197, -23.65099 ], [ -46.763076, -23.650595 ], [ -46.762887, -23.650597 ] ] ] } },
{ "type": "Feature", "properties": { "CD_SETOR": "355030817000432", "faces": 3, "pavimentada": 33.33, "bueiro": 33.33, "iluminacao": 33.33, "onibus": 33.33, "ciclovia": 0.0, "calcada": 33.33, "obstaculo": 100.0, "rampa": 0.0, "rampa_faces": 0.0, "sem_calcada": 0.0, "sem_arvore": 0.0, "muitas_arvores": 33.33, "vao": 33.33, "V05400": 3, "V05421": 1, "V05406": 1, "V05412": 1, "V05422": 0, "V05424": 1, "V05427": 0, "V05409": 1, "V05415": 1, "V05418": 0, "V05430": 0, "V05433": 1, "criancas_0a4": 38, "em_favela": false }, "geometry": { "type": "Polygon", "coordinates": [ [ [ -46.764148, -23.650222 ], [ -46.76384, -23.650633 ], [ -46.763951, -23.651068 ], [ -46.764111, -23.651286 ], [ -46.765687, -23.650537 ], [ -46.765228, -23.650277 ], [ -46.765074, -23.649985 ], [ -46.76486, -23.649928 ], [ -46.764457, -23.650004 ], [ -46.764148, -23.650222 ] ] ] } },
{ "type": "Feature", "properties": { "CD_SETOR": "355030817000433", "faces": 6, "pavimentada": 100.0, "bueiro": 16.67, "iluminacao": 66.67, "onibus": 16.67, "ciclovia": 0.0, "calcada": 66.67, "obstaculo": 25.0, "rampa": 0.0, "rampa_faces": 0.0, "sem_calcada": 33.33, "sem_arvore": 0.0, "muitas_arvores": 50.0, "vao": 100.0, "V05400": 6, "V05421": 4, "V05406": 6, "V05412": 4, "V05422": 2, "V05424": 1, "V05427": 0, "V05409": 1, "V05415": 1, "V05418": 0, "V05430": 0, "V05433": 3, "criancas_0a4": 33, "em_favela": false }, "geometry": { "type": "Polygon", "coordinates": [ [ [ -46.764111, -23.651286 ], [ -46.764481, -23.651606 ], [ -46.764973, -23.651414 ], [ -46.765147, -23.651285 ], [ -46.765462, -23.651187 ], [ -46.765786, -23.651199 ], [ -46.765848, -23.650684 ], [ -46.765687, -23.650537 ], [ -46.764111, -23.651286 ] ] ] } },
{ "type": "Feature", "properties": { "CD_SETOR": "355030817000434", "faces": 7, "pavimentada": 100.0, "bueiro": 28.57, "iluminacao": 100.0, "onibus": 0.0, "ciclovia": 0.0, "calcada": 100.0, "obstaculo": 100.0, "rampa": 0.0, "rampa_faces": 0.0, "sem_calcada": 0.0, "sem_arvore": 0.0, "muitas_arvores": 100.0, "vao": 100.0, "V05400": 7, "V05421": 7, "V05406": 7, "V05412": 7, "V05422": 0, "V05424": 7, "V05427": 0, "V05409": 2, "V05415": 0, "V05418": 0, "V05430": 0, "V05433": 7, "criancas_0a4": 45, "em_favela": false }, "geometry": { "type": "Polygon", "coordinates": [ [ [ -46.765848, -23.650684 ], [ -46.765772, -23.651266 ], [ -46.765284, -23.652153 ], [ -46.765279, -23.652268 ], [ -46.765393, -23.652605 ], [ -46.766025, -23.653556 ], [ -46.766452, -23.654052 ], [ -46.766908, -23.653086 ], [ -46.767004, -23.65298 ], [ -46.76635, -23.652362 ], [ -46.766772, -23.651951 ], [ -46.766685, -23.651763 ], [ -46.766689, -23.651303 ], [ -46.766588, -23.650855 ], [ -46.766407, -23.650573 ], [ -46.766232, -23.650669 ], [ -46.765848, -23.650684 ] ] ] } },
{ "type": "Feature", "properties": { "CD_SETOR": "355030817000435", "faces": 4, "pavimentada": 100.0, "bueiro": 0.0, "iluminacao": 100.0, "onibus": 0.0, "ciclovia": 0.0, "calcada": 100.0, "obstaculo": 50.0, "rampa": 0.0, "rampa_faces": 0.0, "sem_calcada": 0.0, "sem_arvore": 0.0, "muitas_arvores": 100.0, "vao": 100.0, "V05400": 4, "V05421": 4, "V05406": 4, "V05412": 4, "V05422": 0, "V05424": 2, "V05427": 0, "V05409": 0, "V05415": 0, "V05418": 0, "V05430": 0, "V05433": 4, "criancas_0a4": 41, "em_favela": false }, "geometry": { "type": "Polygon", "coordinates": [ [ [ -46.766452, -23.654052 ], [ -46.766876, -23.654562 ], [ -46.767655, -23.653674 ], [ -46.767512, -23.653543 ], [ -46.767356, -23.653297 ], [ -46.767341, -23.653177 ], [ -46.76724, -23.653156 ], [ -46.767004, -23.65298 ], [ -46.766908, -23.653086 ], [ -46.766452, -23.654052 ] ] ] } },
{ "type": "Feature", "properties": { "CD_SETOR": "355030817000436", "faces": 4, "pavimentada": 100.0, "bueiro": 25.0, "iluminacao": 100.0, "onibus": 0.0, "ciclovia": 0.0, "calcada": 100.0, "obstaculo": 75.0, "rampa": 0.0, "rampa_faces": 0.0, "sem_calcada": 0.0, "sem_arvore": 0.0, "muitas_arvores": 75.0, "vao": 100.0, "V05400": 4, "V05421": 4, "V05406": 4, "V05412": 4, "V05422": 0, "V05424": 3, "V05427": 0, "V05409": 1, "V05415": 0, "V05418": 0, "V05430": 0, "V05433": 3, "criancas_0a4": 22, "em_favela": false }, "geometry": { "type": "Polygon", "coordinates": [ [ [ -46.766876, -23.654562 ], [ -46.767151, -23.654704 ], [ -46.767526, -23.654735 ], [ -46.768266, -23.654523 ], [ -46.76844, -23.654596 ], [ -46.768521, -23.654406 ], [ -46.768437, -23.654002 ], [ -46.767865, -23.653798 ], [ -46.767655, -23.653674 ], [ -46.766876, -23.654562 ] ] ] } },
{ "type": "Feature", "properties": { "CD_SETOR": "355030817000437", "faces": 3, "pavimentada": 100.0, "bueiro": 0.0, "iluminacao": 100.0, "onibus": 0.0, "ciclovia": 0.0, "calcada": 100.0, "obstaculo": 66.67, "rampa": 0.0, "rampa_faces": 0.0, "sem_calcada": 0.0, "sem_arvore": 0.0, "muitas_arvores": 33.33, "vao": 100.0, "V05400": 3, "V05421": 3, "V05406": 3, "V05412": 3, "V05422": 0, "V05424": 2, "V05427": 0, "V05409": 0, "V05415": 0, "V05418": 0, "V05430": 0, "V05433": 1, "criancas_0a4": 38, "em_favela": false }, "geometry": { "type": "Polygon", "coordinates": [ [ [ -46.765746, -23.654057 ], [ -46.76672, -23.655028 ], [ -46.767531, -23.655462 ], [ -46.767543, -23.655529 ], [ -46.76824, -23.654876 ], [ -46.76844, -23.654596 ], [ -46.768266, -23.654523 ], [ -46.767526, -23.654735 ], [ -46.767061, -23.65467 ], [ -46.766714, -23.654407 ], [ -46.766025, -23.653556 ], [ -46.765746, -23.654057 ] ] ] } },
{ "type": "Feature", "properties": { "CD_SETOR": "355030817000438", "faces": 2, "pavimentada": 100.0, "bueiro": 50.0, "iluminacao": 100.0, "onibus": 0.0, "ciclovia": 0.0, "calcada": 100.0, "obstaculo": 0.0, "rampa": 0.0, "rampa_faces": 0.0, "sem_calcada": 0.0, "sem_arvore": 0.0, "muitas_arvores": 100.0, "vao": 100.0, "V05400": 2, "V05421": 2, "V05406": 2, "V05412": 2, "V05422": 0, "V05424": 0, "V05427": 0, "V05409": 1, "V05415": 0, "V05418": 0, "V05430": 0, "V05433": 2, "criancas_0a4": 39, "em_favela": false }, "geometry": { "type": "Polygon", "coordinates": [ [ [ -46.765487, -23.654446 ], [ -46.766265, -23.655346 ], [ -46.766493, -23.655713 ], [ -46.766663, -23.655806 ], [ -46.766749, -23.655922 ], [ -46.767106, -23.655811 ], [ -46.767543, -23.655529 ], [ -46.767531, -23.655462 ], [ -46.76672, -23.655028 ], [ -46.765746, -23.654057 ], [ -46.765487, -23.654446 ] ] ] } },
{ "type": "Feature", "properties": { "CD_SETOR": "355030817000439", "faces": 2, "pavimentada": 100.0, "bueiro": 50.0, "iluminacao": 100.0, "onibus": 0.0, "ciclovia": 0.0, "calcada": 0.0, "obstaculo": null, "rampa": null, "rampa_faces": 0.0, "sem_calcada": 100.0, "sem_arvore": 0.0, "muitas_arvores": 100.0, "vao": 100.0, "V05400": 2, "V05421": 0, "V05406": 2, "V05412": 2, "V05422": 2, "V05424": 0, "V05427": 0, "V05409": 1, "V05415": 0, "V05418": 0, "V05430": 0, "V05433": 2, "criancas_0a4": 26, "em_favela": false }, "geometry": { "type": "Polygon", "coordinates": [ [ [ -46.759563, -23.617225 ], [ -46.759722, -23.617465 ], [ -46.759571, -23.617551 ], [ -46.759598, -23.617586 ], [ -46.760916, -23.61697 ], [ -46.760868, -23.61655 ], [ -46.759563, -23.617225 ] ] ] } },
{ "type": "Feature", "properties": { "CD_SETOR": "355030817000440", "faces": 1, "pavimentada": 100.0, "bueiro": 0.0, "iluminacao": 100.0, "onibus": 0.0, "ciclovia": 0.0, "calcada": 0.0, "obstaculo": null, "rampa": null, "rampa_faces": 0.0, "sem_calcada": 100.0, "sem_arvore": 0.0, "muitas_arvores": 100.0, "vao": 100.0, "V05400": 1, "V05421": 0, "V05406": 1, "V05412": 1, "V05422": 1, "V05424": 0, "V05427": 0, "V05409": 0, "V05415": 0, "V05418": 0, "V05430": 0, "V05433": 1, "criancas_0a4": 41, "em_favela": false }, "geometry": { "type": "Polygon", "coordinates": [ [ [ -46.759598, -23.617586 ], [ -46.759832, -23.617936 ], [ -46.761002, -23.617417 ], [ -46.760904, -23.617214 ], [ -46.760916, -23.61697 ], [ -46.759598, -23.617586 ] ] ] } },
{ "type": "Feature", "properties": { "CD_SETOR": "355030817000441", "faces": 1, "pavimentada": 100.0, "bueiro": 100.0, "iluminacao": 100.0, "onibus": 0.0, "ciclovia": 0.0, "calcada": 0.0, "obstaculo": null, "rampa": null, "rampa_faces": 0.0, "sem_calcada": 100.0, "sem_arvore": 0.0, "muitas_arvores": 100.0, "vao": 100.0, "V05400": 1, "V05421": 0, "V05406": 1, "V05412": 1, "V05422": 1, "V05424": 0, "V05427": 0, "V05409": 1, "V05415": 0, "V05418": 0, "V05430": 0, "V05433": 1, "criancas_0a4": 13, "em_favela": false }, "geometry": { "type": "Polygon", "coordinates": [ [ [ -46.761002, -23.617417 ], [ -46.759344, -23.618153 ], [ -46.759418, -23.618411 ], [ -46.760046, -23.61817 ], [ -46.760779, -23.617791 ], [ -46.761109, -23.617535 ], [ -46.761002, -23.617417 ] ] ] } },
{ "type": "Feature", "properties": { "CD_SETOR": "355030817000442", "faces": 2, "pavimentada": 100.0, "bueiro": 100.0, "iluminacao": 100.0, "onibus": 0.0, "ciclovia": 0.0, "calcada": 100.0, "obstaculo": 50.0, "rampa": 0.0, "rampa_faces": 0.0, "sem_calcada": 0.0, "sem_arvore": 50.0, "muitas_arvores": 50.0, "vao": 100.0, "V05400": 2, "V05421": 2, "V05406": 2, "V05412": 2, "V05422": 0, "V05424": 1, "V05427": 0, "V05409": 2, "V05415": 0, "V05418": 0, "V05430": 1, "V05433": 1, "criancas_0a4": 18, "em_favela": false }, "geometry": { "type": "Polygon", "coordinates": [ [ [ -46.760046, -23.61817 ], [ -46.76041, -23.618818 ], [ -46.760565, -23.618824 ], [ -46.760998, -23.618183 ], [ -46.76127, -23.617684 ], [ -46.761109, -23.617535 ], [ -46.760779, -23.617791 ], [ -46.760046, -23.61817 ] ] ] } },
{ "type": "Feature", "properties": { "CD_SETOR": "355030817000443", "faces": 1, "pavimentada": 100.0, "bueiro": 0.0, "iluminacao": 100.0, "onibus": 0.0, "ciclovia": 0.0, "calcada": 100.0, "obstaculo": 0.0, "rampa": 0.0, "rampa_faces": 0.0, "sem_calcada": 0.0, "sem_arvore": 0.0, "muitas_arvores": 0.0, "vao": 100.0, "V05400": 1, "V05421": 1, "V05406": 1, "V05412": 1, "V05422": 0, "V05424": 0, "V05427": 0, "V05409": 0, "V05415": 0, "V05418": 0, "V05430": 0, "V05433": 0, "criancas_0a4": 38, "em_favela": false }, "geometry": { "type": "Polygon", "coordinates": [ [ [ -46.760812, -23.619724 ], [ -46.761375, -23.620115 ], [ -46.761754, -23.619822 ], [ -46.760918, -23.619357 ], [ -46.760812, -23.619724 ] ] ] } },
{ "type": "Feature", "properties": { "CD_SETOR": "355030817000444", "faces": 1, "pavimentada": 100.0, "bueiro": 0.0, "iluminacao": 100.0, "onibus": 0.0, "ciclovia": 0.0, "calcada": 0.0, "obstaculo": null, "rampa": null, "rampa_faces": 0.0, "sem_calcada": 100.0, "sem_arvore": 0.0, "muitas_arvores": 0.0, "vao": 100.0, "V05400": 1, "V05421": 0, "V05406": 1, "V05412": 1, "V05422": 1, "V05424": 0, "V05427": 0, "V05409": 0, "V05415": 0, "V05418": 0, "V05430": 0, "V05433": 0, "criancas_0a4": 15, "em_favela": false }, "geometry": { "type": "Polygon", "coordinates": [ [ [ -46.761375, -23.620115 ], [ -46.760812, -23.619724 ], [ -46.760739, -23.62007 ], [ -46.760055, -23.620421 ], [ -46.759888, -23.620791 ], [ -46.760291, -23.620895 ], [ -46.761375, -23.620115 ] ] ] } },
{ "type": "Feature", "properties": { "CD_SETOR": "355030817000445", "faces": 2, "pavimentada": 100.0, "bueiro": 100.0, "iluminacao": 100.0, "onibus": 50.0, "ciclovia": 0.0, "calcada": 100.0, "obstaculo": 0.0, "rampa": 100.0, "rampa_faces": 100.0, "sem_calcada": 0.0, "sem_arvore": 0.0, "muitas_arvores": 100.0, "vao": 0.0, "V05400": 2, "V05421": 2, "V05406": 2, "V05412": 2, "V05422": 0, "V05424": 0, "V05427": 2, "V05409": 2, "V05415": 1, "V05418": 0, "V05430": 0, "V05433": 2, "criancas_0a4": 22, "em_favela": false }, "geometry": { "type": "Polygon", "coordinates": [ [ [ -46.755496, -23.615772 ], [ -46.755978, -23.616531 ], [ -46.756366, -23.616217 ], [ -46.756864, -23.616047 ], [ -46.756392, -23.615356 ], [ -46.75593, -23.614849 ], [ -46.755833, -23.615455 ], [ -46.755496, -23.615772 ] ] ] } },
{ "type": "Feature", "properties": { "CD_SETOR": "355030817000446", "faces": 3, "pavimentada": 100.0, "bueiro": 66.67, "iluminacao": 100.0, "onibus": 33.33, "ciclovia": 0.0, "calcada": 66.67, "obstaculo": 0.0, "rampa": 0.0, "rampa_faces": 0.0, "sem_calcada": 33.33, "sem_arvore": 33.33, "muitas_arvores": 0.0, "vao": 100.0, "V05400": 3, "V05421": 2, "V05406": 3, "V05412": 3, "V05422": 1, "V05424": 0, "V05427": 0, "V05409": 2, "V05415": 1, "V05418": 0, "V05430": 1, "V05433": 0, "criancas_0a4": 56, "em_favela": false }, "geometry": { "type": "Polygon", "coordinates": [ [ [ -46.753037, -23.616974 ], [ -46.753796, -23.618278 ], [ -46.753992, -23.61818 ], [ -46.753871, -23.617962 ], [ -46.75513, -23.617408 ], [ -46.755315, -23.61728 ], [ -46.755191, -23.617107 ], [ -46.755494, -23.616873 ], [ -46.754889, -23.616079 ], [ -46.753823, -23.616521 ], [ -46.753037, -23.616974 ] ] ] } },
{ "type": "Feature", "properties": { "CD_SETOR": "355030817000447", "faces": 1, "pavimentada": 100.0, "bueiro": 100.0, "iluminacao": 100.0, "onibus": 100.0, "ciclovia": 0.0, "calcada": 100.0, "obstaculo": 0.0, "rampa": 0.0, "rampa_faces": 0.0, "sem_calcada": 0.0, "sem_arvore": 100.0, "muitas_arvores": 0.0, "vao": 100.0, "V05400": 1, "V05421": 1, "V05406": 1, "V05412": 1, "V05422": 0, "V05424": 0, "V05427": 0, "V05409": 1, "V05415": 1, "V05418": 0, "V05430": 1, "V05433": 0, "criancas_0a4": 37, "em_favela": false }, "geometry": { "type": "Polygon", "coordinates": [ [ [ -46.755583, -23.616813 ], [ -46.755727, -23.617021 ], [ -46.755607, -23.617111 ], [ -46.755775, -23.617359 ], [ -46.755973, -23.617266 ], [ -46.756158, -23.61753 ], [ -46.756472, -23.617321 ], [ -46.755871, -23.616617 ], [ -46.755583, -23.616813 ] ] ] } },
{ "type": "Feature", "properties": { "CD_SETOR": "355030817000448", "faces": 2, "pavimentada": 100.0, "bueiro": 0.0, "iluminacao": 100.0, "onibus": 0.0, "ciclovia": 0.0, "calcada": 50.0, "obstaculo": 100.0, "rampa": 0.0, "rampa_faces": 0.0, "sem_calcada": 50.0, "sem_arvore": 50.0, "muitas_arvores": 0.0, "vao": 100.0, "V05400": 2, "V05421": 1, "V05406": 2, "V05412": 2, "V05422": 1, "V05424": 1, "V05427": 0, "V05409": 0, "V05415": 0, "V05418": 0, "V05430": 1, "V05433": 0, "criancas_0a4": 49, "em_favela": false }, "geometry": { "type": "Polygon", "coordinates": [ [ [ -46.785344, -23.645685 ], [ -46.785657, -23.645575 ], [ -46.786189, -23.645548 ], [ -46.787001, -23.64557 ], [ -46.787136, -23.645685 ], [ -46.78728, -23.645477 ], [ -46.786904, -23.645151 ], [ -46.786615, -23.644558 ], [ -46.786225, -23.644126 ], [ -46.786323, -23.64402 ], [ -46.786097, -23.643879 ], [ -46.785047, -23.645217 ], [ -46.785273, -23.645658 ], [ -46.785344, -23.645685 ] ] ] } },
{ "type": "Feature", "properties": { "CD_SETOR": "355030817000449", "faces": 3, "pavimentada": 100.0, "bueiro": 33.33, "iluminacao": 100.0, "onibus": 33.33, "ciclovia": 0.0, "calcada": 100.0, "obstaculo": 100.0, "rampa": 0.0, "rampa_faces": 0.0, "sem_calcada": 0.0, "sem_arvore": 33.33, "muitas_arvores": 66.67, "vao": 100.0, "V05400": 3, "V05421": 3, "V05406": 3, "V05412": 3, "V05422": 0, "V05424": 3, "V05427": 0, "V05409": 1, "V05415": 1, "V05418": 0, "V05430": 1, "V05433": 2, "criancas_0a4": 34, "em_favela": false }, "geometry": { "type": "Polygon", "coordinates": [ [ [ -46.785344, -23.645685 ], [ -46.785393, -23.646097 ], [ -46.78533, -23.646156 ], [ -46.785556, -23.646348 ], [ -46.786316, -23.646336 ], [ -46.787115, -23.6467 ], [ -46.787287, -23.646704 ], [ -46.787457, -23.646647 ], [ -46.787898, -23.64622 ], [ -46.787001, -23.64557 ], [ -46.785838, -23.645553 ], [ -46.785344, -23.645685 ] ] ] } },
{ "type": "Feature", "properties": { "CD_SETOR": "355030817000450", "faces": 9, "pavimentada": 100.0, "bueiro": 77.78, "iluminacao": 100.0, "onibus": 33.33, "ciclovia": 0.0, "calcada": 77.78, "obstaculo": 28.57, "rampa": 71.43, "rampa_faces": 55.56, "sem_calcada": 22.22, "sem_arvore": 66.67, "muitas_arvores": 0.0, "vao": 44.44, "V05400": 9, "V05421": 7, "V05406": 9, "V05412": 9, "V05422": 2, "V05424": 2, "V05427": 5, "V05409": 7, "V05415": 3, "V05418": 0, "V05430": 6, "V05433": 0, "criancas_0a4": 17, "em_favela": false }, "geometry": { "type": "Polygon", "coordinates": [ [ [ -46.785523, -23.643464 ], [ -46.786323, -23.64402 ], [ -46.786656, -23.643635 ], [ -46.787635, -23.644247 ], [ -46.787702, -23.644343 ], [ -46.787994, -23.64418 ], [ -46.788199, -23.643932 ], [ -46.786196, -23.642597 ], [ -46.785523, -23.643464 ] ] ] } },
{ "type": "Feature", "properties": { "CD_SETOR": "355030817000451", "faces": 16, "pavimentada": 100.0, "bueiro": 0.0, "iluminacao": 100.0, "onibus": 25.0, "ciclovia": 0.0, "calcada": 100.0, "obstaculo": 75.0, "rampa": 43.75, "rampa_faces": 43.75, "sem_calcada": 0.0, "sem_arvore": 25.0, "muitas_arvores": 12.5, "vao": 56.25, "V05400": 16, "V05421": 16, "V05406": 16, "V05412": 16, "V05422": 0, "V05424": 12, "V05427": 7, "V05409": 0, "V05415": 4, "V05418": 0, "V05430": 4, "V05433": 2, "criancas_0a4": 35, "em_favela": false }, "geometry": { "type": "Polygon", "coordinates": [ [ [ -46.783023, -23.643217 ], [ -46.783526, -23.64359 ], [ -46.783727, -23.643837 ], [ -46.784245, -23.644614 ], [ -46.78441, -23.644914 ], [ -46.784532, -23.645374 ], [ -46.78477, -23.645728 ], [ -46.78533, -23.646156 ], [ -46.785393, -23.646097 ], [ -46.785344, -23.645685 ], [ -46.785273, -23.645658 ], [ -46.785047, -23.645217 ], [ -46.786097, -23.643879 ], [ -46.785256, -23.643263 ], [ -46.784532, -23.643033 ], [ -46.783523, -23.642373 ], [ -46.783023, -23.643217 ] ] ] } },
{ "type": "Feature", "properties": { "CD_SETOR": "355030817000452", "faces": 6, "pavimentada": 50.0, "bueiro": 16.67, "iluminacao": 83.33, "onibus": 0.0, "ciclovia": 0.0, "calcada": 50.0, "obstaculo": 100.0, "rampa": 0.0, "rampa_faces": 0.0, "sem_calcada": 33.33, "sem_arvore": 33.33, "muitas_arvores": 16.67, "vao": 50.0, "V05400": 6, "V05421": 3, "V05406": 3, "V05412": 5, "V05422": 2, "V05424": 3, "V05427": 0, "V05409": 1, "V05415": 0, "V05418": 0, "V05430": 2, "V05433": 1, "criancas_0a4": 10, "em_favela": false }, "geometry": { "type": "Polygon", "coordinates": [ [ [ -46.761244, -23.627325 ], [ -46.761038, -23.627635 ], [ -46.76156, -23.628066 ], [ -46.761777, -23.627858 ], [ -46.762214, -23.627726 ], [ -46.761957, -23.627251 ], [ -46.761244, -23.627325 ] ] ] } },
{ "type": "Feature", "properties": { "CD_SETOR": "355030817000453", "faces": 1, "pavimentada": 100.0, "bueiro": 100.0, "iluminacao": 100.0, "onibus": 100.0, "ciclovia": 100.0, "calcada": 100.0, "obstaculo": 100.0, "rampa": 0.0, "rampa_faces": 0.0, "sem_calcada": 0.0, "sem_arvore": 0.0, "muitas_arvores": 0.0, "vao": 100.0, "V05400": 1, "V05421": 1, "V05406": 1, "V05412": 1, "V05422": 0, "V05424": 1, "V05427": 0, "V05409": 1, "V05415": 1, "V05418": 1, "V05430": 0, "V05433": 0, "criancas_0a4": 54, "em_favela": false }, "geometry": { "type": "Polygon", "coordinates": [ [ [ -46.760262, -23.628764 ], [ -46.75965, -23.629531 ], [ -46.759407, -23.630219 ], [ -46.759781, -23.630255 ], [ -46.760268, -23.630177 ], [ -46.76061, -23.630279 ], [ -46.761127, -23.630623 ], [ -46.761408, -23.63088 ], [ -46.762024, -23.630229 ], [ -46.761925, -23.629992 ], [ -46.762089, -23.629855 ], [ -46.761676, -23.629565 ], [ -46.761586, -23.629591 ], [ -46.761475, -23.62954 ], [ -46.761341, -23.629402 ], [ -46.76132, -23.629315 ], [ -46.761246, -23.629488 ], [ -46.760881, -23.629307 ], [ -46.760262, -23.628764 ] ] ] } },
{ "type": "Feature", "properties": { "CD_SETOR": "355030817000454", "faces": 17, "pavimentada": 88.24, "bueiro": 47.06, "iluminacao": 100.0, "onibus": 41.18, "ciclovia": 5.88, "calcada": 88.24, "obstaculo": 93.33, "rampa": 0.0, "rampa_faces": 0.0, "sem_calcada": 11.76, "sem_arvore": 52.94, "muitas_arvores": 17.65, "vao": 88.24, "V05400": 17, "V05421": 15, "V05406": 15, "V05412": 17, "V05422": 2, "V05424": 14, "V05427": 0, "V05409": 8, "V05415": 7, "V05418": 1, "V05430": 9, "V05433": 3, "criancas_0a4": 31, "em_favela": false }, "geometry": { "type": "Polygon", "coordinates": [ [ [ -46.758047, -23.633649 ], [ -46.758193, -23.633731 ], [ -46.758684, -23.63383 ], [ -46.758836, -23.63394 ], [ -46.758563, -23.632998 ], [ -46.758611, -23.632638 ], [ -46.758795, -23.632281 ], [ -46.760397, -23.632378 ], [ -46.759915, -23.632965 ], [ -46.759948, -23.633093 ], [ -46.760098, -23.633201 ], [ -46.76102, -23.633511 ], [ -46.761085, -23.633522 ], [ -46.761622, -23.632813 ], [ -46.761543, -23.632722 ], [ -46.761127, -23.632547 ], [ -46.761269, -23.632368 ], [ -46.760294, -23.632017 ], [ -46.760045, -23.631562 ], [ -46.75935, -23.63129 ], [ -46.758885, -23.630939 ], [ -46.758036, -23.632451 ], [ -46.757951, -23.633101 ], [ -46.758047, -23.633649 ] ] ] } },
{ "type": "Feature", "properties": { "CD_SETOR": "355030817000455", "faces": 2, "pavimentada": 100.0, "bueiro": 100.0, "iluminacao": 100.0, "onibus": 50.0, "ciclovia": 0.0, "calcada": 100.0, "obstaculo": 50.0, "rampa": 0.0, "rampa_faces": 0.0, "sem_calcada": 0.0, "sem_arvore": 50.0, "muitas_arvores": 0.0, "vao": 100.0, "V05400": 2, "V05421": 2, "V05406": 2, "V05412": 2, "V05422": 0, "V05424": 1, "V05427": 0, "V05409": 2, "V05415": 1, "V05418": 0, "V05430": 1, "V05433": 0, "criancas_0a4": 11, "em_favela": false }, "geometry": { "type": "Polygon", "coordinates": [ [ [ -46.760046, -23.61817 ], [ -46.758748, -23.618702 ], [ -46.758573, -23.618691 ], [ -46.758371, -23.618585 ], [ -46.758286, -23.618815 ], [ -46.75904, -23.618783 ], [ -46.759346, -23.619011 ], [ -46.760281, -23.618568 ], [ -46.760046, -23.61817 ] ] ] } },
{ "type": "Feature", "properties": { "CD_SETOR": "355030817000456", "faces": 1, "pavimentada": 100.0, "bueiro": 0.0, "iluminacao": 100.0, "onibus": 0.0, "ciclovia": 0.0, "calcada": 100.0, "obstaculo": 100.0, "rampa": 0.0, "rampa_faces": 0.0, "sem_calcada": 0.0, "sem_arvore": 100.0, "muitas_arvores": 0.0, "vao": 100.0, "V05400": 1, "V05421": 1, "V05406": 1, "V05412": 1, "V05422": 0, "V05424": 1, "V05427": 0, "V05409": 0, "V05415": 0, "V05418": 0, "V05430": 1, "V05433": 0, "criancas_0a4": 14, "em_favela": false }, "geometry": { "type": "Polygon", "coordinates": [ [ [ -46.759346, -23.619011 ], [ -46.759667, -23.619287 ], [ -46.76, -23.619421 ], [ -46.760143, -23.619429 ], [ -46.76027, -23.619308 ], [ -46.760565, -23.618824 ], [ -46.76041, -23.618818 ], [ -46.760281, -23.618568 ], [ -46.759346, -23.619011 ] ] ] } },
{ "type": "Feature", "properties": { "CD_SETOR": "355030817000457", "faces": 1, "pavimentada": 100.0, "bueiro": 100.0, "iluminacao": 100.0, "onibus": 0.0, "ciclovia": 0.0, "calcada": 100.0, "obstaculo": 100.0, "rampa": 100.0, "rampa_faces": 100.0, "sem_calcada": 0.0, "sem_arvore": 0.0, "muitas_arvores": 100.0, "vao": 0.0, "V05400": 1, "V05421": 1, "V05406": 1, "V05412": 1, "V05422": 0, "V05424": 1, "V05427": 1, "V05409": 1, "V05415": 0, "V05418": 0, "V05430": 0, "V05433": 1, "criancas_0a4": 24, "em_favela": false }, "geometry": { "type": "Polygon", "coordinates": [ [ [ -46.758145, -23.64548 ], [ -46.758251, -23.646069 ], [ -46.758006, -23.646282 ], [ -46.758213, -23.646483 ], [ -46.758342, -23.646673 ], [ -46.758376, -23.646819 ], [ -46.758583, -23.647083 ], [ -46.759372, -23.646859 ], [ -46.758994, -23.645911 ], [ -46.758863, -23.64531 ], [ -46.758145, -23.64548 ] ] ] } },
{ "type": "Feature", "properties": { "CD_SETOR": "355030817000458", "faces": 1, "pavimentada": 100.0, "bueiro": 100.0, "iluminacao": 100.0, "onibus": 0.0, "ciclovia": 0.0, "calcada": 100.0, "obstaculo": 100.0, "rampa": 100.0, "rampa_faces": 100.0, "sem_calcada": 0.0, "sem_arvore": 0.0, "muitas_arvores": 100.0, "vao": 0.0, "V05400": 1, "V05421": 1, "V05406": 1, "V05412": 1, "V05422": 0, "V05424": 1, "V05427": 1, "V05409": 1, "V05415": 0, "V05418": 0, "V05430": 0, "V05433": 1, "criancas_0a4": 20, "em_favela": false }, "geometry": { "type": "Polygon", "coordinates": [ [ [ -46.757348, -23.646871 ], [ -46.757792, -23.647266 ], [ -46.758583, -23.647083 ], [ -46.758376, -23.646819 ], [ -46.758342, -23.646673 ], [ -46.758213, -23.646483 ], [ -46.758006, -23.646282 ], [ -46.757348, -23.646871 ] ] ] } },
{ "type": "Feature", "properties": { "CD_SETOR": "355030817000459", "faces": 1, "pavimentada": 100.0, "bueiro": 100.0, "iluminacao": 100.0, "onibus": 100.0, "ciclovia": 0.0, "calcada": 100.0, "obstaculo": 0.0, "rampa": 100.0, "rampa_faces": 100.0, "sem_calcada": 0.0, "sem_arvore": 0.0, "muitas_arvores": 0.0, "vao": 0.0, "V05400": 1, "V05421": 1, "V05406": 1, "V05412": 1, "V05422": 0, "V05424": 0, "V05427": 1, "V05409": 1, "V05415": 1, "V05418": 0, "V05430": 0, "V05433": 0, "criancas_0a4": 16, "em_favela": false }, "geometry": { "type": "Polygon", "coordinates": [ [ [ -46.753946, -23.618211 ], [ -46.754075, -23.618256 ], [ -46.75434, -23.618136 ], [ -46.754491, -23.618272 ], [ -46.754686, -23.618135 ], [ -46.755027, -23.61848 ], [ -46.755299, -23.618032 ], [ -46.755516, -23.617886 ], [ -46.75513, -23.617408 ], [ -46.753871, -23.617962 ], [ -46.753992, -23.61818 ], [ -46.753946, -23.618211 ] ] ] } },
{ "type": "Feature", "properties": { "CD_SETOR": "355030817000460", "faces": 1, "pavimentada": 100.0, "bueiro": 100.0, "iluminacao": 100.0, "onibus": 100.0, "ciclovia": 0.0, "calcada": 100.0, "obstaculo": 100.0, "rampa": 0.0, "rampa_faces": 0.0, "sem_calcada": 0.0, "sem_arvore": 0.0, "muitas_arvores": 100.0, "vao": 100.0, "V05400": 1, "V05421": 1, "V05406": 1, "V05412": 1, "V05422": 0, "V05424": 1, "V05427": 0, "V05409": 1, "V05415": 1, "V05418": 0, "V05430": 0, "V05433": 1, "criancas_0a4": 12, "em_favela": false }, "geometry": { "type": "Polygon", "coordinates": [ [ [ -46.754075, -23.618256 ], [ -46.754163, -23.618373 ], [ -46.753904, -23.618544 ], [ -46.753474, -23.618693 ], [ -46.753703, -23.618806 ], [ -46.754109, -23.619273 ], [ -46.754228, -23.619327 ], [ -46.754758, -23.618826 ], [ -46.755027, -23.61848 ], [ -46.754686, -23.618135 ], [ -46.754491, -23.618272 ], [ -46.75434, -23.618136 ], [ -46.754075, -23.618256 ] ] ] } },
{ "type": "Feature", "properties": { "CD_SETOR": "355030817000461", "faces": 1, "pavimentada": 100.0, "bueiro": 100.0, "iluminacao": 100.0, "onibus": 100.0, "ciclovia": 0.0, "calcada": 100.0, "obstaculo": 0.0, "rampa": 100.0, "rampa_faces": 100.0, "sem_calcada": 0.0, "sem_arvore": 0.0, "muitas_arvores": 0.0, "vao": 0.0, "V05400": 1, "V05421": 1, "V05406": 1, "V05412": 1, "V05422": 0, "V05424": 0, "V05427": 1, "V05409": 1, "V05415": 1, "V05418": 0, "V05430": 0, "V05433": 0, "criancas_0a4": 39, "em_favela": false }, "geometry": { "type": "Polygon", "coordinates": [ [ [ -46.755583, -23.616813 ], [ -46.755191, -23.617107 ], [ -46.755315, -23.61728 ], [ -46.75513, -23.617408 ], [ -46.755516, -23.617886 ], [ -46.756158, -23.61753 ], [ -46.755973, -23.617266 ], [ -46.755775, -23.617359 ], [ -46.755607, -23.617111 ], [ -46.755727, -23.617021 ], [ -46.755583, -23.616813 ] ] ] } },
{ "type": "Feature", "properties": { "CD_SETOR": "355030817000464", "faces": 11, "pavimentada": 100.0, "bueiro": 0.0, "iluminacao": 81.82, "onibus": 0.0, "ciclovia": 0.0, "calcada": 9.09, "obstaculo": 100.0, "rampa": 0.0, "rampa_faces": 0.0, "sem_calcada": 90.91, "sem_arvore": 90.91, "muitas_arvores": 0.0, "vao": 100.0, "V05400": 11, "V05421": 1, "V05406": 11, "V05412": 9, "V05422": 10, "V05424": 1, "V05427": 0, "V05409": 0, "V05415": 0, "V05418": 0, "V05430": 10, "V05433": 0, "criancas_0a4": 24, "em_favela": true }, "geometry": { "type": "Polygon", "coordinates": [ [ [ -46.746889, -23.624134 ], [ -46.747135, -23.624281 ], [ -46.747115, -23.624517 ], [ -46.747162, -23.624791 ], [ -46.74783, -23.624719 ], [ -46.747837, -23.62465 ], [ -46.747921, -23.624645 ], [ -46.747977, -23.624514 ], [ -46.747936, -23.624288 ], [ -46.747179, -23.623834 ], [ -46.746889, -23.624134 ] ] ] } },
{ "type": "Feature", "properties": { "CD_SETOR": "355030817000465", "faces": 12, "pavimentada": 91.67, "bueiro": 25.0, "iluminacao": 41.67, "onibus": 0.0, "ciclovia": 0.0, "calcada": 8.33, "obstaculo": 100.0, "rampa": 0.0, "rampa_faces": 0.0, "sem_calcada": 91.67, "sem_arvore": 91.67, "muitas_arvores": 0.0, "vao": 91.67, "V05400": 12, "V05421": 1, "V05406": 11, "V05412": 5, "V05422": 11, "V05424": 1, "V05427": 0, "V05409": 3, "V05415": 0, "V05418": 0, "V05430": 11, "V05433": 0, "criancas_0a4": 28, "em_favela": true }, "geometry": { "type": "Polygon", "coordinates": [ [ [ -46.746271, -23.624648 ], [ -46.746005, -23.625147 ], [ -46.746395, -23.625322 ], [ -46.746724, -23.624952 ], [ -46.747162, -23.624791 ], [ -46.747115, -23.624517 ], [ -46.747135, -23.624281 ], [ -46.746889, -23.624134 ], [ -46.746271, -23.624648 ] ] ] } },
{ "type": "Feature", "properties": { "CD_SETOR": "355030817000466", "faces": 8, "pavimentada": 75.0, "bueiro": 37.5, "iluminacao": 37.5, "onibus": 0.0, "ciclovia": 0.0, "calcada": 0.0, "obstaculo": null, "rampa": null, "rampa_faces": 0.0, "sem_calcada": 75.0, "sem_arvore": 75.0, "muitas_arvores": 0.0, "vao": 75.0, "V05400": 8, "V05421": 0, "V05406": 6, "V05412": 3, "V05422": 6, "V05424": 0, "V05427": 0, "V05409": 3, "V05415": 0, "V05418": 0, "V05430": 6, "V05433": 0, "criancas_0a4": 25, "em_favela": true }, "geometry": { "type": "Polygon", "coordinates": [ [ [ -46.759827, -23.63947 ], [ -46.760211, -23.639208 ], [ -46.760273, -23.63906 ], [ -46.76016, -23.63902 ], [ -46.760132, -23.638829 ], [ -46.760055, -23.638795 ], [ -46.760113, -23.638448 ], [ -46.760028, -23.638424 ], [ -46.760008, -23.638118 ], [ -46.76008, -23.638105 ], [ -46.760047, -23.637862 ], [ -46.759951, -23.637892 ], [ -46.759916, -23.637765 ], [ -46.759792, -23.637791 ], [ -46.759651, -23.637559 ], [ -46.759443, -23.637471 ], [ -46.759317, -23.63756 ], [ -46.759624, -23.6381 ], [ -46.759741, -23.638513 ], [ -46.759827, -23.63947 ] ] ] } },
{ "type": "Feature", "properties": { "CD_SETOR": "355030817000467", "faces": 1, "pavimentada": 100.0, "bueiro": 0.0, "iluminacao": 100.0, "onibus": 0.0, "ciclovia": 0.0, "calcada": 0.0, "obstaculo": null, "rampa": null, "rampa_faces": 0.0, "sem_calcada": 100.0, "sem_arvore": 100.0, "muitas_arvores": 0.0, "vao": 100.0, "V05400": 1, "V05421": 0, "V05406": 1, "V05412": 1, "V05422": 1, "V05424": 0, "V05427": 0, "V05409": 0, "V05415": 0, "V05418": 0, "V05430": 1, "V05433": 0, "criancas_0a4": 28, "em_favela": true }, "geometry": { "type": "Polygon", "coordinates": [ [ [ -46.76018, -23.642463 ], [ -46.760452, -23.643891 ], [ -46.760537, -23.643994 ], [ -46.760571, -23.644158 ], [ -46.76054, -23.644249 ], [ -46.760574, -23.644604 ], [ -46.760514, -23.644793 ], [ -46.760298, -23.645035 ], [ -46.760333, -23.645102 ], [ -46.760602, -23.644858 ], [ -46.760677, -23.644531 ], [ -46.760621, -23.643969 ], [ -46.760556, -23.643854 ], [ -46.760485, -23.643824 ], [ -46.760616, -23.64364 ], [ -46.760644, -23.643481 ], [ -46.760435, -23.642406 ], [ -46.76018, -23.642463 ] ] ] } },
{ "type": "Feature", "properties": { "CD_SETOR": "355030817000469", "faces": 5, "pavimentada": 100.0, "bueiro": 20.0, "iluminacao": 100.0, "onibus": 0.0, "ciclovia": 0.0, "calcada": 100.0, "obstaculo": 100.0, "rampa": 0.0, "rampa_faces": 0.0, "sem_calcada": 0.0, "sem_arvore": 0.0, "muitas_arvores": 40.0, "vao": 100.0, "V05400": 5, "V05421": 5, "V05406": 5, "V05412": 5, "V05422": 0, "V05424": 5, "V05427": 0, "V05409": 1, "V05415": 0, "V05418": 0, "V05430": 0, "V05433": 2, "criancas_0a4": 20, "em_favela": false }, "geometry": { "type": "Polygon", "coordinates": [ [ [ -46.775233, -23.642523 ], [ -46.775118, -23.642623 ], [ -46.775229, -23.642723 ], [ -46.775293, -23.642878 ], [ -46.775336, -23.643554 ], [ -46.77545, -23.643644 ], [ -46.775457, -23.643812 ], [ -46.775404, -23.643816 ], [ -46.7754, -23.643971 ], [ -46.77545, -23.643975 ], [ -46.775445, -23.644178 ], [ -46.77548, -23.644244 ], [ -46.775715, -23.644211 ], [ -46.77573, -23.643532 ], [ -46.775802, -23.643314 ], [ -46.776051, -23.643143 ], [ -46.776618, -23.642986 ], [ -46.776658, -23.642798 ], [ -46.776714, -23.642739 ], [ -46.776669, -23.642662 ], [ -46.776748, -23.642411 ], [ -46.776913, -23.642227 ], [ -46.777271, -23.641981 ], [ -46.776935, -23.64201 ], [ -46.775233, -23.642523 ] ] ] } },
{ "type": "Feature", "properties": { "CD_SETOR": "355030817000470", "faces": 8, "pavimentada": 100.0, "bueiro": 62.5, "iluminacao": 100.0, "onibus": 25.0, "ciclovia": 0.0, "calcada": 100.0, "obstaculo": 87.5, "rampa": 0.0, "rampa_faces": 0.0, "sem_calcada": 0.0, "sem_arvore": 37.5, "muitas_arvores": 12.5, "vao": 100.0, "V05400": 8, "V05421": 8, "V05406": 8, "V05412": 8, "V05422": 0, "V05424": 7, "V05427": 0, "V05409": 5, "V05415": 2, "V05418": 0, "V05430": 3, "V05433": 1, "criancas_0a4": 14, "em_favela": false }, "geometry": { "type": "Polygon", "coordinates": [ [ [ -46.757713, -23.626181 ], [ -46.757609, -23.62733 ], [ -46.759307, -23.627392 ], [ -46.759386, -23.626295 ], [ -46.757713, -23.626181 ] ] ] } },
{ "type": "Feature", "properties": { "CD_SETOR": "355030817000471", "faces": 20, "pavimentada": 100.0, "bueiro": 25.0, "iluminacao": 100.0, "onibus": 15.0, "ciclovia": 0.0, "calcada": 90.0, "obstaculo": 100.0, "rampa": 0.0, "rampa_faces": 0.0, "sem_calcada": 10.0, "sem_arvore": 35.0, "muitas_arvores": 35.0, "vao": 100.0, "V05400": 20, "V05421": 18, "V05406": 20, "V05412": 20, "V05422": 2, "V05424": 18, "V05427": 0, "V05409": 5, "V05415": 3, "V05418": 0, "V05430": 7, "V05433": 7, "criancas_0a4": 38, "em_favela": true }, "geometry": { "type": "Polygon", "coordinates": [ [ [ -46.758342, -23.629114 ], [ -46.75855, -23.628987 ], [ -46.75881, -23.628628 ], [ -46.758833, -23.628321 ], [ -46.758955, -23.628092 ], [ -46.759293, -23.627827 ], [ -46.759307, -23.627392 ], [ -46.757609, -23.62733 ], [ -46.757596, -23.628366 ], [ -46.758158, -23.628656 ], [ -46.758278, -23.628835 ], [ -46.758342, -23.629114 ] ] ] } },
{ "type": "Feature", "properties": { "CD_SETOR": "355030817000472", "faces": 6, "pavimentada": 100.0, "bueiro": 50.0, "iluminacao": 100.0, "onibus": 16.67, "ciclovia": 0.0, "calcada": 100.0, "obstaculo": 100.0, "rampa": 0.0, "rampa_faces": 0.0, "sem_calcada": 0.0, "sem_arvore": 16.67, "muitas_arvores": 16.67, "vao": 100.0, "V05400": 6, "V05421": 6, "V05406": 6, "V05412": 6, "V05422": 0, "V05424": 6, "V05427": 0, "V05409": 3, "V05415": 1, "V05418": 0, "V05430": 1, "V05433": 1, "criancas_0a4": 25, "em_favela": true }, "geometry": { "type": "Polygon", "coordinates": [ [ [ -46.755951, -23.628904 ], [ -46.756104, -23.629331 ], [ -46.756489, -23.629779 ], [ -46.756556, -23.629824 ], [ -46.756778, -23.629658 ], [ -46.756718, -23.629485 ], [ -46.756834, -23.629308 ], [ -46.756777, -23.629258 ], [ -46.756832, -23.629123 ], [ -46.756718, -23.62904 ], [ -46.756816, -23.62893 ], [ -46.756712, -23.628859 ], [ -46.756631, -23.628646 ], [ -46.755951, -23.628904 ] ] ] } },
{ "type": "Feature", "properties": { "CD_SETOR": "355030817000474", "faces": 4, "pavimentada": 100.0, "bueiro": 0.0, "iluminacao": 100.0, "onibus": 75.0, "ciclovia": 0.0, "calcada": 75.0, "obstaculo": 33.33, "rampa": 0.0, "rampa_faces": 0.0, "sem_calcada": 25.0, "sem_arvore": 50.0, "muitas_arvores": 25.0, "vao": 100.0, "V05400": 4, "V05421": 3, "V05406": 4, "V05412": 4, "V05422": 1, "V05424": 1, "V05427": 0, "V05409": 0, "V05415": 3, "V05418": 0, "V05430": 2, "V05433": 1, "criancas_0a4": 4, "em_favela": false }, "geometry": { "type": "Polygon", "coordinates": [ [ [ -46.7695, -23.652944 ], [ -46.769132, -23.653467 ], [ -46.768437, -23.654002 ], [ -46.768521, -23.654406 ], [ -46.768676, -23.654355 ], [ -46.768681, -23.654268 ], [ -46.768775, -23.654137 ], [ -46.769063, -23.653833 ], [ -46.769176, -23.6539 ], [ -46.76929, -23.65415 ], [ -46.770205, -23.653827 ], [ -46.770198, -23.653522 ], [ -46.770286, -23.653308 ], [ -46.7695, -23.652944 ] ] ] } },
{ "type": "Feature", "properties": { "CD_SETOR": "355030817000476", "faces": 8, "pavimentada": 87.5, "bueiro": 62.5, "iluminacao": 100.0, "onibus": 12.5, "ciclovia": 12.5, "calcada": 62.5, "obstaculo": 100.0, "rampa": 0.0, "rampa_faces": 0.0, "sem_calcada": 37.5, "sem_arvore": 50.0, "muitas_arvores": 12.5, "vao": 87.5, "V05400": 8, "V05421": 5, "V05406": 7, "V05412": 8, "V05422": 3, "V05424": 5, "V05427": 0, "V05409": 5, "V05415": 1, "V05418": 1, "V05430": 4, "V05433": 1, "criancas_0a4": 21, "em_favela": true }, "geometry": { "type": "Polygon", "coordinates": [ [ [ -46.750867, -23.638438 ], [ -46.750772, -23.638788 ], [ -46.750598, -23.638843 ], [ -46.750514, -23.638805 ], [ -46.750437, -23.63893 ], [ -46.75101, -23.639182 ], [ -46.75172, -23.639151 ], [ -46.751967, -23.6387 ], [ -46.752007, -23.638013 ], [ -46.751841, -23.63806 ], [ -46.751652, -23.638445 ], [ -46.751488, -23.638571 ], [ -46.751132, -23.63858 ], [ -46.750867, -23.638438 ] ] ] } },
{ "type": "Feature", "properties": { "CD_SETOR": "355030817000477", "faces": 17, "pavimentada": 100.0, "bueiro": 64.71, "iluminacao": 88.24, "onibus": 0.0, "ciclovia": 0.0, "calcada": 47.06, "obstaculo": 87.5, "rampa": 0.0, "rampa_faces": 0.0, "sem_calcada": 52.94, "sem_arvore": 76.47, "muitas_arvores": 5.88, "vao": 100.0, "V05400": 17, "V05421": 8, "V05406": 17, "V05412": 15, "V05422": 9, "V05424": 7, "V05427": 0, "V05409": 11, "V05415": 0, "V05418": 0, "V05430": 13, "V05433": 1, "criancas_0a4": 56, "em_favela": true }, "geometry": { "type": "Polygon", "coordinates": [ [ [ -46.772993, -23.647233 ], [ -46.772449, -23.648597 ], [ -46.772344, -23.64873 ], [ -46.772081, -23.648871 ], [ -46.771866, -23.648884 ], [ -46.771514, -23.648767 ], [ -46.77044, -23.648083 ], [ -46.77032, -23.648303 ], [ -46.770943, -23.648787 ], [ -46.771085, -23.648998 ], [ -46.771489, -23.649199 ], [ -46.771649, -23.649238 ], [ -46.77229, -23.649173 ], [ -46.77241, -23.649327 ], [ -46.77281, -23.649259 ], [ -46.772977, -23.649199 ], [ -46.773031, -23.648055 ], [ -46.773138, -23.648001 ], [ -46.773175, -23.64766 ], [ -46.772993, -23.647233 ] ] ] } },
{ "type": "Feature", "properties": { "CD_SETOR": "355030817000478", "faces": 7, "pavimentada": 100.0, "bueiro": 85.71, "iluminacao": 100.0, "onibus": 0.0, "ciclovia": 0.0, "calcada": 42.86, "obstaculo": 100.0, "rampa": 0.0, "rampa_faces": 0.0, "sem_calcada": 57.14, "sem_arvore": 100.0, "muitas_arvores": 0.0, "vao": 100.0, "V05400": 7, "V05421": 3, "V05406": 7, "V05412": 7, "V05422": 4, "V05424": 3, "V05427": 0, "V05409": 6, "V05415": 0, "V05418": 0, "V05430": 7, "V05433": 0, "criancas_0a4": 30, "em_favela": true }, "geometry": { "type": "Polygon", "coordinates": [ [ [ -46.770155, -23.648633 ], [ -46.770557, -23.649085 ], [ -46.771529, -23.649629 ], [ -46.77241, -23.649327 ], [ -46.77229, -23.649173 ], [ -46.771649, -23.649238 ], [ -46.771489, -23.649199 ], [ -46.771085, -23.648998 ], [ -46.770943, -23.648787 ], [ -46.77032, -23.648303 ], [ -46.770155, -23.648633 ] ] ] } },
{ "type": "Feature", "properties": { "CD_SETOR": "355030817000479", "faces": 6, "pavimentada": 100.0, "bueiro": 83.33, "iluminacao": 100.0, "onibus": 16.67, "ciclovia": 0.0, "calcada": 83.33, "obstaculo": 100.0, "rampa": 0.0, "rampa_faces": 0.0, "sem_calcada": 16.67, "sem_arvore": 16.67, "muitas_arvores": 33.33, "vao": 100.0, "V05400": 6, "V05421": 5, "V05406": 6, "V05412": 6, "V05422": 1, "V05424": 5, "V05427": 0, "V05409": 5, "V05415": 1, "V05418": 0, "V05430": 1, "V05433": 2, "criancas_0a4": 23, "em_favela": false }, "geometry": { "type": "Polygon", "coordinates": [ [ [ -46.7582, -23.641104 ], [ -46.758367, -23.641126 ], [ -46.759059, -23.640785 ], [ -46.759972, -23.64228 ], [ -46.759021, -23.642819 ], [ -46.759506, -23.643633 ], [ -46.759645, -23.643951 ], [ -46.76042, -23.643634 ], [ -46.76018, -23.642463 ], [ -46.760435, -23.642406 ], [ -46.760415, -23.642325 ], [ -46.760291, -23.641989 ], [ -46.759641, -23.640933 ], [ -46.759621, -23.640742 ], [ -46.759292, -23.640571 ], [ -46.759291, -23.640486 ], [ -46.759459, -23.640146 ], [ -46.758561, -23.639804 ], [ -46.758213, -23.640744 ], [ -46.7582, -23.641104 ] ] ] } },
{ "type": "Feature", "properties": { "CD_SETOR": "355030817000482", "faces": 2, "pavimentada": 100.0, "bueiro": 100.0, "iluminacao": 100.0, "onibus": 0.0, "ciclovia": 0.0, "calcada": 100.0, "obstaculo": 50.0, "rampa": 50.0, "rampa_faces": 50.0, "sem_calcada": 0.0, "sem_arvore": 0.0, "muitas_arvores": 50.0, "vao": 50.0, "V05400": 2, "V05421": 2, "V05406": 2, "V05412": 2, "V05422": 0, "V05424": 1, "V05427": 1, "V05409": 2, "V05415": 0, "V05418": 0, "V05430": 0, "V05433": 1, "criancas_0a4": 28, "em_favela": false }, "geometry": { "type": "Polygon", "coordinates": [ [ [ -46.744554, -23.627666 ], [ -46.745023, -23.627649 ], [ -46.745585, -23.627729 ], [ -46.745736, -23.627705 ], [ -46.745934, -23.627555 ], [ -46.74595, -23.627268 ], [ -46.745853, -23.627098 ], [ -46.744914, -23.626933 ], [ -46.744554, -23.627666 ] ] ] } },
{ "type": "Feature", "properties": { "CD_SETOR": "355030817000483", "faces": 18, "pavimentada": 100.0, "bueiro": 27.78, "iluminacao": 66.67, "onibus": 0.0, "ciclovia": 0.0, "calcada": 22.22, "obstaculo": 100.0, "rampa": 0.0, "rampa_faces": 0.0, "sem_calcada": 77.78, "sem_arvore": 94.44, "muitas_arvores": 0.0, "vao": 100.0, "V05400": 18, "V05421": 4, "V05406": 18, "V05412": 12, "V05422": 14, "V05424": 4, "V05427": 0, "V05409": 5, "V05415": 0, "V05418": 0, "V05430": 17, "V05433": 0, "criancas_0a4": 16, "em_favela": true }, "geometry": { "type": "Polygon", "coordinates": [ [ [ -46.76918, -23.64799 ], [ -46.770155, -23.648633 ], [ -46.77044, -23.648083 ], [ -46.769482, -23.647614 ], [ -46.76918, -23.64799 ] ] ] } },
{ "type": "Feature", "properties": { "CD_SETOR": "355030817000484", "faces": 15, "pavimentada": 100.0, "bueiro": 20.0, "iluminacao": 33.33, "onibus": 0.0, "ciclovia": 0.0, "calcada": 20.0, "obstaculo": 100.0, "rampa": 0.0, "rampa_faces": 0.0, "sem_calcada": 80.0, "sem_arvore": 100.0, "muitas_arvores": 0.0, "vao": 100.0, "V05400": 15, "V05421": 3, "V05406": 15, "V05412": 5, "V05422": 12, "V05424": 3, "V05427": 0, "V05409": 3, "V05415": 0, "V05418": 0, "V05430": 15, "V05433": 0, "criancas_0a4": 69, "em_favela": true }, "geometry": { "type": "Polygon", "coordinates": [ [ [ -46.767453, -23.646129 ], [ -46.76751, -23.646564 ], [ -46.767934, -23.646868 ], [ -46.768085, -23.647041 ], [ -46.768231, -23.647517 ], [ -46.76844, -23.64778 ], [ -46.768653, -23.647891 ], [ -46.769043, -23.647911 ], [ -46.76918, -23.64799 ], [ -46.769482, -23.647614 ], [ -46.769003, -23.647223 ], [ -46.767747, -23.64599 ], [ -46.767453, -23.646129 ] ] ] } },
{ "type": "Feature", "properties": { "CD_SETOR": "355030817000485", "faces": 8, "pavimentada": 100.0, "bueiro": 12.5, "iluminacao": 100.0, "onibus": 0.0, "ciclovia": 0.0, "calcada": 75.0, "obstaculo": 66.67, "rampa": 0.0, "rampa_faces": 0.0, "sem_calcada": 25.0, "sem_arvore": 37.5, "muitas_arvores": 37.5, "vao": 100.0, "V05400": 8, "V05421": 6, "V05406": 8, "V05412": 8, "V05422": 2, "V05424": 4, "V05427": 0, "V05409": 1, "V05415": 0, "V05418": 0, "V05430": 3, "V05433": 3, "criancas_0a4": 16, "em_favela": false }, "geometry": { "type": "Polygon", "coordinates": [ [ [ -46.748511, -23.642304 ], [ -46.749675, -23.643444 ], [ -46.750069, -23.643749 ], [ -46.751539, -23.643961 ], [ -46.751709, -23.643661 ], [ -46.751455, -23.643334 ], [ -46.750567, -23.643252 ], [ -46.750252, -23.643065 ], [ -46.749496, -23.642458 ], [ -46.749235, -23.642304 ], [ -46.74896, -23.642256 ], [ -46.748511, -23.642304 ] ] ] } },
{ "type": "Feature", "properties": { "CD_SETOR": "355030817000487", "faces": 5, "pavimentada": 60.0, "bueiro": 0.0, "iluminacao": 60.0, "onibus": 0.0, "ciclovia": 0.0, "calcada": 20.0, "obstaculo": 100.0, "rampa": 0.0, "rampa_faces": 0.0, "sem_calcada": 80.0, "sem_arvore": 80.0, "muitas_arvores": 0.0, "vao": 60.0, "V05400": 5, "V05421": 1, "V05406": 3, "V05412": 3, "V05422": 4, "V05424": 1, "V05427": 0, "V05409": 0, "V05415": 0, "V05418": 0, "V05430": 4, "V05433": 0, "criancas_0a4": 18, "em_favela": true }, "geometry": { "type": "Polygon", "coordinates": [ [ [ -46.743968, -23.630849 ], [ -46.743944, -23.6311 ], [ -46.743846, -23.631282 ], [ -46.743682, -23.631439 ], [ -46.743079, -23.631734 ], [ -46.742895, -23.631766 ], [ -46.742577, -23.631689 ], [ -46.742536, -23.631771 ], [ -46.742922, -23.632174 ], [ -46.743423, -23.631931 ], [ -46.743876, -23.631589 ], [ -46.744224, -23.630673 ], [ -46.744126, -23.630625 ], [ -46.744044, -23.63066 ], [ -46.743968, -23.630849 ] ] ] } },
{ "type": "Feature", "properties": { "CD_SETOR": "355030817000488", "faces": 19, "pavimentada": 100.0, "bueiro": 0.0, "iluminacao": 94.74, "onibus": 0.0, "ciclovia": 0.0, "calcada": 0.0, "obstaculo": null, "rampa": null, "rampa_faces": 0.0, "sem_calcada": 100.0, "sem_arvore": 73.68, "muitas_arvores": 0.0, "vao": 100.0, "V05400": 19, "V05421": 0, "V05406": 19, "V05412": 18, "V05422": 19, "V05424": 0, "V05427": 0, "V05409": 0, "V05415": 0, "V05418": 0, "V05430": 14, "V05433": 0, "criancas_0a4": 63, "em_favela": true }, "geometry": { "type": "Polygon", "coordinates": [ [ [ -46.743734, -23.631682 ], [ -46.744404, -23.632438 ], [ -46.745003, -23.631847 ], [ -46.744796, -23.631592 ], [ -46.744671, -23.63096 ], [ -46.744224, -23.630673 ], [ -46.743876, -23.631589 ], [ -46.743734, -23.631682 ] ] ] } },
{ "type": "Feature", "properties": { "CD_SETOR": "355030817000489", "faces": 42, "pavimentada": 100.0, "bueiro": 47.62, "iluminacao": 16.67, "onibus": 0.0, "ciclovia": 0.0, "calcada": 2.38, "obstaculo": 100.0, "rampa": 0.0, "rampa_faces": 0.0, "sem_calcada": 97.62, "sem_arvore": 95.24, "muitas_arvores": 0.0, "vao": 100.0, "V05400": 42, "V05421": 1, "V05406": 42, "V05412": 7, "V05422": 41, "V05424": 1, "V05427": 0, "V05409": 20, "V05415": 0, "V05418": 0, "V05430": 40, "V05433": 0, "criancas_0a4": 37, "em_favela": true }, "geometry": { "type": "Polygon", "coordinates": [ [ [ -46.774589, -23.643459 ], [ -46.773696, -23.643876 ], [ -46.773734, -23.644006 ], [ -46.774011, -23.644156 ], [ -46.774099, -23.644253 ], [ -46.775479, -23.644242 ], [ -46.77545, -23.643975 ], [ -46.7754, -23.643971 ], [ -46.775404, -23.643816 ], [ -46.775457, -23.643812 ], [ -46.77545, -23.643644 ], [ -46.775336, -23.643554 ], [ -46.774988, -23.643715 ], [ -46.774917, -23.643784 ], [ -46.774891, -23.643899 ], [ -46.774801, -23.643944 ], [ -46.774631, -23.64369 ], [ -46.774698, -23.643589 ], [ -46.774589, -23.643459 ] ] ] } },
{ "type": "Feature", "properties": { "CD_SETOR": "355030817000490", "faces": 15, "pavimentada": 60.0, "bueiro": 33.33, "iluminacao": 60.0, "onibus": 6.67, "ciclovia": 0.0, "calcada": 13.33, "obstaculo": 50.0, "rampa": 0.0, "rampa_faces": 0.0, "sem_calcada": 86.67, "sem_arvore": 86.67, "muitas_arvores": 0.0, "vao": 60.0, "V05400": 15, "V05421": 2, "V05406": 9, "V05412": 9, "V05422": 13, "V05424": 1, "V05427": 0, "V05409": 5, "V05415": 1, "V05418": 0, "V05430": 13, "V05433": 0, "criancas_0a4": 38, "em_favela": true }, "geometry": { "type": "Polygon", "coordinates": [ [ [ -46.774099, -23.644253 ], [ -46.774118, -23.644625 ], [ -46.774375, -23.645176 ], [ -46.77548, -23.644244 ], [ -46.774099, -23.644253 ] ] ] } },
{ "type": "Feature", "properties": { "CD_SETOR": "355030817000491", "faces": 13, "pavimentada": 100.0, "bueiro": 76.92, "iluminacao": 100.0, "onibus": 0.0, "ciclovia": 0.0, "calcada": 0.0, "obstaculo": null, "rampa": null, "rampa_faces": 0.0, "sem_calcada": 100.0, "sem_arvore": 100.0, "muitas_arvores": 0.0, "vao": 100.0, "V05400": 13, "V05421": 0, "V05406": 13, "V05412": 13, "V05422": 13, "V05424": 0, "V05427": 0, "V05409": 10, "V05415": 0, "V05418": 0, "V05430": 13, "V05433": 0, "criancas_0a4": 100, "em_favela": true }, "geometry": { "type": "Polygon", "coordinates": [ [ [ -46.761631, -23.644087 ], [ -46.760642, -23.64434 ], [ -46.760677, -23.644531 ], [ -46.760602, -23.644858 ], [ -46.760333, -23.645102 ], [ -46.760399, -23.645166 ], [ -46.760703, -23.645228 ], [ -46.760739, -23.645177 ], [ -46.761058, -23.645266 ], [ -46.761394, -23.645161 ], [ -46.76171, -23.644985 ], [ -46.76159, -23.644838 ], [ -46.76193, -23.644694 ], [ -46.76206, -23.644702 ], [ -46.762138, -23.644564 ], [ -46.762101, -23.644214 ], [ -46.762132, -23.643978 ], [ -46.762113, -23.643918 ], [ -46.761926, -23.643939 ], [ -46.761631, -23.644087 ] ] ] } },
{ "type": "Feature", "properties": { "CD_SETOR": "355030817000492", "faces": 26, "pavimentada": 100.0, "bueiro": 19.23, "iluminacao": 88.46, "onibus": 0.0, "ciclovia": 0.0, "calcada": 30.77, "obstaculo": 100.0, "rampa": 0.0, "rampa_faces": 0.0, "sem_calcada": 69.23, "sem_arvore": 76.92, "muitas_arvores": 0.0, "vao": 100.0, "V05400": 26, "V05421": 8, "V05406": 26, "V05412": 23, "V05422": 18, "V05424": 8, "V05427": 0, "V05409": 5, "V05415": 0, "V05418": 0, "V05430": 20, "V05433": 0, "criancas_0a4": 59, "em_favela": true }, "geometry": { "type": "Polygon", "coordinates": [ [ [ -46.760333, -23.645102 ], [ -46.760367, -23.645271 ], [ -46.759113, -23.64583 ], [ -46.758974, -23.645844 ], [ -46.758994, -23.645911 ], [ -46.759674, -23.645898 ], [ -46.759834, -23.645939 ], [ -46.760278, -23.646179 ], [ -46.760562, -23.645864 ], [ -46.760499, -23.645739 ], [ -46.760522, -23.645655 ], [ -46.760906, -23.645599 ], [ -46.761591, -23.645899 ], [ -46.762189, -23.646313 ], [ -46.762729, -23.646517 ], [ -46.762767, -23.646462 ], [ -46.762801, -23.646313 ], [ -46.762759, -23.646192 ], [ -46.762234, -23.645871 ], [ -46.762066, -23.645665 ], [ -46.762086, -23.645424 ], [ -46.762464, -23.644794 ], [ -46.762396, -23.644717 ], [ -46.762237, -23.644291 ], [ -46.762214, -23.644029 ], [ -46.762113, -23.643918 ], [ -46.762138, -23.644564 ], [ -46.76206, -23.644702 ], [ -46.76193, -23.644694 ], [ -46.76159, -23.644838 ], [ -46.76171, -23.644985 ], [ -46.761394, -23.645161 ], [ -46.761058, -23.645266 ], [ -46.760739, -23.645177 ], [ -46.760703, -23.645228 ], [ -46.760399, -23.645166 ], [ -46.760333, -23.645102 ] ] ] } },
{ "type": "Feature", "properties": { "CD_SETOR": "355030817000493", "faces": 2, "pavimentada": 100.0, "bueiro": 50.0, "iluminacao": 100.0, "onibus": 50.0, "ciclovia": 0.0, "calcada": 100.0, "obstaculo": 100.0, "rampa": 0.0, "rampa_faces": 0.0, "sem_calcada": 0.0, "sem_arvore": 0.0, "muitas_arvores": 100.0, "vao": 100.0, "V05400": 2, "V05421": 2, "V05406": 2, "V05412": 2, "V05422": 0, "V05424": 2, "V05427": 0, "V05409": 1, "V05415": 1, "V05418": 0, "V05430": 0, "V05433": 2, "criancas_0a4": 12, "em_favela": false }, "geometry": { "type": "Polygon", "coordinates": [ [ [ -46.754204, -23.642982 ], [ -46.754561, -23.643232 ], [ -46.754622, -23.643195 ], [ -46.75489, -23.643487 ], [ -46.755454, -23.64334 ], [ -46.756466, -23.643218 ], [ -46.756002, -23.642469 ], [ -46.754948, -23.642618 ], [ -46.754204, -23.642982 ] ] ] } },
{ "type": "Feature", "properties": { "CD_SETOR": "355030817000494", "faces": 10, "pavimentada": 100.0, "bueiro": 70.0, "iluminacao": 100.0, "onibus": 0.0, "ciclovia": 0.0, "calcada": 60.0, "obstaculo": 100.0, "rampa": 0.0, "rampa_faces": 0.0, "sem_calcada": 40.0, "sem_arvore": 50.0, "muitas_arvores": 40.0, "vao": 100.0, "V05400": 10, "V05421": 6, "V05406": 10, "V05412": 10, "V05422": 4, "V05424": 6, "V05427": 0, "V05409": 7, "V05415": 0, "V05418": 0, "V05430": 5, "V05433": 4, "criancas_0a4": 42, "em_favela": true }, "geometry": { "type": "Polygon", "coordinates": [ [ [ -46.754088, -23.643062 ], [ -46.754121, -23.643236 ], [ -46.754051, -23.643759 ], [ -46.754196, -23.644058 ], [ -46.754467, -23.645075 ], [ -46.754328, -23.645197 ], [ -46.754139, -23.645172 ], [ -46.75406, -23.645662 ], [ -46.753928, -23.64566 ], [ -46.753918, -23.645837 ], [ -46.754513, -23.64577 ], [ -46.755054, -23.645803 ], [ -46.755013, -23.645452 ], [ -46.755091, -23.64513 ], [ -46.754865, -23.644743 ], [ -46.754737, -23.64433 ], [ -46.754565, -23.644098 ], [ -46.754524, -23.643745 ], [ -46.754456, -23.643654 ], [ -46.754406, -23.643673 ], [ -46.754377, -23.643325 ], [ -46.754284, -23.643327 ], [ -46.754275, -23.643151 ], [ -46.754204, -23.642982 ], [ -46.754088, -23.643062 ] ] ] } },
{ "type": "Feature", "properties": { "CD_SETOR": "355030817000495", "faces": 20, "pavimentada": 100.0, "bueiro": 60.0, "iluminacao": 100.0, "onibus": 10.0, "ciclovia": 0.0, "calcada": 100.0, "obstaculo": 90.0, "rampa": 25.0, "rampa_faces": 25.0, "sem_calcada": 0.0, "sem_arvore": 0.0, "muitas_arvores": 90.0, "vao": 75.0, "V05400": 20, "V05421": 20, "V05406": 20, "V05412": 20, "V05422": 0, "V05424": 18, "V05427": 5, "V05409": 12, "V05415": 2, "V05418": 0, "V05430": 0, "V05433": 18, "criancas_0a4": 37, "em_favela": false }, "geometry": { "type": "Polygon", "coordinates": [ [ [ -46.757414, -23.617104 ], [ -46.758315, -23.617876 ], [ -46.760868, -23.61655 ], [ -46.760518, -23.615369 ], [ -46.757414, -23.617104 ] ] ] } },
{ "type": "Feature", "properties": { "CD_SETOR": "355030817000496", "faces": 3, "pavimentada": 100.0, "bueiro": 66.67, "iluminacao": 100.0, "onibus": 0.0, "ciclovia": 0.0, "calcada": 100.0, "obstaculo": 66.67, "rampa": 33.33, "rampa_faces": 33.33, "sem_calcada": 0.0, "sem_arvore": 0.0, "muitas_arvores": 33.33, "vao": 66.67, "V05400": 3, "V05421": 3, "V05406": 3, "V05412": 3, "V05422": 0, "V05424": 2, "V05427": 1, "V05409": 2, "V05415": 0, "V05418": 0, "V05430": 0, "V05433": 1, "criancas_0a4": 0, "em_favela": false }, "geometry": { "type": "Polygon", "coordinates": [ [ [ -46.755301, -23.611305 ], [ -46.756708, -23.613385 ], [ -46.756653, -23.613525 ], [ -46.755514, -23.614196 ], [ -46.75576, -23.614696 ], [ -46.756392, -23.615356 ], [ -46.756744, -23.615845 ], [ -46.757287, -23.616936 ], [ -46.757414, -23.617104 ], [ -46.760518, -23.615369 ], [ -46.760478, -23.615085 ], [ -46.760391, -23.614929 ], [ -46.759642, -23.614604 ], [ -46.759486, -23.614208 ], [ -46.758717, -23.613608 ], [ -46.758127, -23.612893 ], [ -46.7576, -23.612596 ], [ -46.757072, -23.612467 ], [ -46.756459, -23.612192 ], [ -46.756313, -23.612084 ], [ -46.755751, -23.611424 ], [ -46.755494, -23.611285 ], [ -46.755301, -23.611305 ] ] ] } },
{ "type": "Feature", "properties": { "CD_SETOR": "355030817000497", "faces": 4, "pavimentada": 100.0, "bueiro": 50.0, "iluminacao": 100.0, "onibus": 0.0, "ciclovia": 0.0, "calcada": 25.0, "obstaculo": 0.0, "rampa": 0.0, "rampa_faces": 0.0, "sem_calcada": 75.0, "sem_arvore": 100.0, "muitas_arvores": 0.0, "vao": 100.0, "V05400": 4, "V05421": 1, "V05406": 4, "V05412": 4, "V05422": 3, "V05424": 0, "V05427": 0, "V05409": 2, "V05415": 0, "V05418": 0, "V05430": 4, "V05433": 0, "criancas_0a4": 36, "em_favela": false }, "geometry": { "type": "Polygon", "coordinates": [ [ [ -46.773772, -23.643022 ], [ -46.774069, -23.643697 ], [ -46.774589, -23.643459 ], [ -46.774455, -23.643346 ], [ -46.775303, -23.642935 ], [ -46.775229, -23.642723 ], [ -46.775118, -23.642623 ], [ -46.774953, -23.642599 ], [ -46.774655, -23.642668 ], [ -46.773938, -23.64304 ], [ -46.773772, -23.643022 ] ] ] } },
{ "type": "Feature", "properties": { "CD_SETOR": "355030817000498", "faces": 1, "pavimentada": 100.0, "bueiro": 0.0, "iluminacao": 100.0, "onibus": 0.0, "ciclovia": 0.0, "calcada": 0.0, "obstaculo": null, "rampa": null, "rampa_faces": 0.0, "sem_calcada": 100.0, "sem_arvore": 100.0, "muitas_arvores": 0.0, "vao": 100.0, "V05400": 1, "V05421": 0, "V05406": 1, "V05412": 1, "V05422": 1, "V05424": 0, "V05427": 0, "V05409": 0, "V05415": 0, "V05418": 0, "V05430": 1, "V05433": 0, "criancas_0a4": 43, "em_favela": false }, "geometry": { "type": "Polygon", "coordinates": [ [ [ -46.774455, -23.643346 ], [ -46.774698, -23.643589 ], [ -46.774631, -23.64369 ], [ -46.774801, -23.643944 ], [ -46.774891, -23.643899 ], [ -46.774917, -23.643784 ], [ -46.774988, -23.643715 ], [ -46.775336, -23.643554 ], [ -46.775303, -23.642935 ], [ -46.774455, -23.643346 ] ] ] } },
{ "type": "Feature", "properties": { "CD_SETOR": "355030817000500", "faces": 15, "pavimentada": 100.0, "bueiro": 6.67, "iluminacao": 100.0, "onibus": 26.67, "ciclovia": 0.0, "calcada": 66.67, "obstaculo": 90.0, "rampa": 0.0, "rampa_faces": 0.0, "sem_calcada": 33.33, "sem_arvore": 53.33, "muitas_arvores": 26.67, "vao": 100.0, "V05400": 15, "V05421": 10, "V05406": 15, "V05412": 15, "V05422": 5, "V05424": 9, "V05427": 0, "V05409": 1, "V05415": 4, "V05418": 0, "V05430": 8, "V05433": 4, "criancas_0a4": 42, "em_favela": false }, "geometry": { "type": "Polygon", "coordinates": [ [ [ -46.772054, -23.640787 ], [ -46.771415, -23.640884 ], [ -46.773446, -23.646122 ], [ -46.773743, -23.645938 ], [ -46.774157, -23.645388 ], [ -46.774375, -23.645176 ], [ -46.774201, -23.644794 ], [ -46.773449, -23.644447 ], [ -46.773415, -23.64435 ], [ -46.772978, -23.644065 ], [ -46.772735, -23.643038 ], [ -46.772364, -23.642366 ], [ -46.772423, -23.642196 ], [ -46.772358, -23.642204 ], [ -46.77229, -23.642026 ], [ -46.772486, -23.641956 ], [ -46.772054, -23.640787 ] ] ] } },
{ "type": "Feature", "properties": { "CD_SETOR": "355030817000501", "faces": 10, "pavimentada": 100.0, "bueiro": 60.0, "iluminacao": 100.0, "onibus": 0.0, "ciclovia": 0.0, "calcada": 0.0, "obstaculo": null, "rampa": null, "rampa_faces": 0.0, "sem_calcada": 100.0, "sem_arvore": 100.0, "muitas_arvores": 0.0, "vao": 100.0, "V05400": 10, "V05421": 0, "V05406": 10, "V05412": 10, "V05422": 10, "V05424": 0, "V05427": 0, "V05409": 6, "V05415": 0, "V05418": 0, "V05430": 10, "V05433": 0, "criancas_0a4": 19, "em_favela": true }, "geometry": { "type": "Polygon", "coordinates": [ [ [ -46.766906, -23.636584 ], [ -46.766954, -23.636641 ], [ -46.766868, -23.637009 ], [ -46.766747, -23.637067 ], [ -46.766698, -23.637155 ], [ -46.767017, -23.637465 ], [ -46.767614, -23.637028 ], [ -46.767918, -23.636877 ], [ -46.767489, -23.63643 ], [ -46.767082, -23.636614 ], [ -46.766906, -23.636584 ] ] ] } },
{ "type": "Feature", "properties": { "CD_SETOR": "355030817000502", "faces": 5, "pavimentada": 100.0, "bueiro": 20.0, "iluminacao": 100.0, "onibus": 0.0, "ciclovia": 0.0, "calcada": 40.0, "obstaculo": 100.0, "rampa": 0.0, "rampa_faces": 0.0, "sem_calcada": 60.0, "sem_arvore": 80.0, "muitas_arvores": 20.0, "vao": 100.0, "V05400": 5, "V05421": 2, "V05406": 5, "V05412": 5, "V05422": 3, "V05424": 2, "V05427": 0, "V05409": 1, "V05415": 0, "V05418": 0, "V05430": 4, "V05433": 1, "criancas_0a4": 20, "em_favela": true }, "geometry": { "type": "Polygon", "coordinates": [ [ [ -46.766402, -23.637463 ], [ -46.766284, -23.637886 ], [ -46.766303, -23.638185 ], [ -46.766386, -23.638332 ], [ -46.767017, -23.637465 ], [ -46.766698, -23.637155 ], [ -46.76663, -23.637189 ], [ -46.766483, -23.637467 ], [ -46.766402, -23.637463 ] ] ] } },
{ "type": "Feature", "properties": { "CD_SETOR": "355030817000503", "faces": 2, "pavimentada": 100.0, "bueiro": 100.0, "iluminacao": 100.0, "onibus": 0.0, "ciclovia": 0.0, "calcada": 100.0, "obstaculo": 0.0, "rampa": 50.0, "rampa_faces": 50.0, "sem_calcada": 0.0, "sem_arvore": 50.0, "muitas_arvores": 50.0, "vao": 50.0, "V05400": 2, "V05421": 2, "V05406": 2, "V05412": 2, "V05422": 0, "V05424": 0, "V05427": 1, "V05409": 2, "V05415": 0, "V05418": 0, "V05430": 1, "V05433": 1, "criancas_0a4": 20, "em_favela": false }, "geometry": { "type": "Polygon", "coordinates": [ [ [ -46.750779, -23.6217 ], [ -46.751156, -23.622159 ], [ -46.751651, -23.622316 ], [ -46.751961, -23.621689 ], [ -46.751256, -23.621088 ], [ -46.751012, -23.621434 ], [ -46.751074, -23.621636 ], [ -46.750917, -23.621731 ], [ -46.750779, -23.6217 ] ] ] } },
{ "type": "Feature", "properties": { "CD_SETOR": "355030817000504", "faces": 1, "pavimentada": 100.0, "bueiro": 100.0, "iluminacao": 100.0, "onibus": 0.0, "ciclovia": 0.0, "calcada": 100.0, "obstaculo": 0.0, "rampa": 0.0, "rampa_faces": 0.0, "sem_calcada": 0.0, "sem_arvore": 0.0, "muitas_arvores": 100.0, "vao": 100.0, "V05400": 1, "V05421": 1, "V05406": 1, "V05412": 1, "V05422": 0, "V05424": 0, "V05427": 0, "V05409": 1, "V05415": 0, "V05418": 0, "V05430": 0, "V05433": 1, "criancas_0a4": 16, "em_favela": false }, "geometry": { "type": "Polygon", "coordinates": [ [ [ -46.751256, -23.621088 ], [ -46.751961, -23.621689 ], [ -46.752427, -23.62101 ], [ -46.751773, -23.620373 ], [ -46.751256, -23.621088 ] ] ] } },
{ "type": "Feature", "properties": { "CD_SETOR": "355030817000505", "faces": 2, "pavimentada": 100.0, "bueiro": 100.0, "iluminacao": 100.0, "onibus": 0.0, "ciclovia": 0.0, "calcada": 100.0, "obstaculo": 0.0, "rampa": 0.0, "rampa_faces": 0.0, "sem_calcada": 0.0, "sem_arvore": 0.0, "muitas_arvores": 50.0, "vao": 100.0, "V05400": 2, "V05421": 2, "V05406": 2, "V05412": 2, "V05422": 0, "V05424": 0, "V05427": 0, "V05409": 2, "V05415": 0, "V05418": 0, "V05430": 0, "V05433": 1, "criancas_0a4": 17, "em_favela": false }, "geometry": { "type": "Polygon", "coordinates": [ [ [ -46.753144, -23.619611 ], [ -46.753476, -23.619973 ], [ -46.754228, -23.619327 ], [ -46.754109, -23.619273 ], [ -46.753793, -23.61891 ], [ -46.753342, -23.619239 ], [ -46.753465, -23.619373 ], [ -46.753144, -23.619611 ] ] ] } },
{ "type": "Feature", "properties": { "CD_SETOR": "355030817000506", "faces": 1, "pavimentada": 100.0, "bueiro": 100.0, "iluminacao": 100.0, "onibus": 0.0, "ciclovia": 0.0, "calcada": 100.0, "obstaculo": 0.0, "rampa": 0.0, "rampa_faces": 0.0, "sem_calcada": 0.0, "sem_arvore": 0.0, "muitas_arvores": 0.0, "vao": 100.0, "V05400": 1, "V05421": 1, "V05406": 1, "V05412": 1, "V05422": 0, "V05424": 0, "V05427": 0, "V05409": 1, "V05415": 0, "V05418": 0, "V05430": 0, "V05433": 0, "criancas_0a4": 7, "em_favela": false }, "geometry": { "type": "Polygon", "coordinates": [ [ [ -46.752761, -23.619187 ], [ -46.753144, -23.619611 ], [ -46.753465, -23.619373 ], [ -46.753342, -23.619239 ], [ -46.753793, -23.61891 ], [ -46.753703, -23.618806 ], [ -46.753474, -23.618693 ], [ -46.752903, -23.61899 ], [ -46.752761, -23.619187 ] ] ] } },
{ "type": "Feature", "properties": { "CD_SETOR": "355030817000507", "faces": 3, "pavimentada": 100.0, "bueiro": 66.67, "iluminacao": 100.0, "onibus": 0.0, "ciclovia": 0.0, "calcada": 66.67, "obstaculo": 50.0, "rampa": 0.0, "rampa_faces": 0.0, "sem_calcada": 33.33, "sem_arvore": 66.67, "muitas_arvores": 33.33, "vao": 100.0, "V05400": 3, "V05421": 2, "V05406": 3, "V05412": 3, "V05422": 1, "V05424": 1, "V05427": 0, "V05409": 2, "V05415": 0, "V05418": 0, "V05430": 2, "V05433": 1, "criancas_0a4": 8, "em_favela": false }, "geometry": { "type": "Polygon", "coordinates": [ [ [ -46.754078, -23.63333 ], [ -46.75479, -23.633327 ], [ -46.755104, -23.63321 ], [ -46.754991, -23.63298 ], [ -46.75453, -23.633049 ], [ -46.754231, -23.632868 ], [ -46.754078, -23.63333 ] ] ] } },
{ "type": "Feature", "properties": { "CD_SETOR": "355030817000508", "faces": 3, "pavimentada": 100.0, "bueiro": 66.67, "iluminacao": 100.0, "onibus": 0.0, "ciclovia": 0.0, "calcada": 66.67, "obstaculo": 50.0, "rampa": 0.0, "rampa_faces": 0.0, "sem_calcada": 33.33, "sem_arvore": 100.0, "muitas_arvores": 0.0, "vao": 100.0, "V05400": 3, "V05421": 2, "V05406": 3, "V05412": 3, "V05422": 1, "V05424": 1, "V05427": 0, "V05409": 2, "V05415": 0, "V05418": 0, "V05430": 3, "V05433": 0, "criancas_0a4": 11, "em_favela": false }, "geometry": { "type": "Polygon", "coordinates": [ [ [ -46.753639, -23.633368 ], [ -46.754078, -23.63333 ], [ -46.754231, -23.632868 ], [ -46.753862, -23.632525 ], [ -46.753639, -23.633368 ] ] ] } },
{ "type": "Feature", "properties": { "CD_SETOR": "355030817000509", "faces": 8, "pavimentada": 100.0, "bueiro": 0.0, "iluminacao": 100.0, "onibus": 0.0, "ciclovia": 0.0, "calcada": 100.0, "obstaculo": 100.0, "rampa": 0.0, "rampa_faces": 0.0, "sem_calcada": 0.0, "sem_arvore": 37.5, "muitas_arvores": 12.5, "vao": 100.0, "V05400": 8, "V05421": 8, "V05406": 8, "V05412": 8, "V05422": 0, "V05424": 8, "V05427": 0, "V05409": 0, "V05415": 0, "V05418": 0, "V05430": 3, "V05433": 1, "criancas_0a4": 19, "em_favela": false }, "geometry": { "type": "Polygon", "coordinates": [ [ [ -46.757451, -23.623747 ], [ -46.757282, -23.624578 ], [ -46.757322, -23.624616 ], [ -46.758726, -23.624846 ], [ -46.758828, -23.624065 ], [ -46.757955, -23.623919 ], [ -46.757451, -23.623747 ] ] ] } },
{ "type": "Feature", "properties": { "CD_SETOR": "355030817000510", "faces": 19, "pavimentada": 89.47, "bueiro": 10.53, "iluminacao": 94.74, "onibus": 5.26, "ciclovia": 0.0, "calcada": 89.47, "obstaculo": 100.0, "rampa": 5.88, "rampa_faces": 5.26, "sem_calcada": 10.53, "sem_arvore": 47.37, "muitas_arvores": 0.0, "vao": 84.21, "V05400": 19, "V05421": 17, "V05406": 17, "V05412": 18, "V05422": 2, "V05424": 17, "V05427": 1, "V05409": 2, "V05415": 1, "V05418": 0, "V05430": 9, "V05433": 0, "criancas_0a4": 16, "em_favela": false }, "geometry": { "type": "Polygon", "coordinates": [ [ [ -46.756978, -23.624893 ], [ -46.757676, -23.625875 ], [ -46.757713, -23.626181 ], [ -46.7586, -23.626244 ], [ -46.758726, -23.624846 ], [ -46.757322, -23.624616 ], [ -46.757282, -23.624578 ], [ -46.757417, -23.623841 ], [ -46.756943, -23.623824 ], [ -46.756849, -23.624525 ], [ -46.756978, -23.624893 ] ] ] } },
{ "type": "Feature", "properties": { "CD_SETOR": "355030817000511", "faces": 2, "pavimentada": 100.0, "bueiro": 100.0, "iluminacao": 100.0, "onibus": 100.0, "ciclovia": 0.0, "calcada": 100.0, "obstaculo": 0.0, "rampa": 0.0, "rampa_faces": 0.0, "sem_calcada": 0.0, "sem_arvore": 100.0, "muitas_arvores": 0.0, "vao": 100.0, "V05400": 2, "V05421": 2, "V05406": 2, "V05412": 2, "V05422": 0, "V05424": 0, "V05427": 0, "V05409": 2, "V05415": 2, "V05418": 0, "V05430": 2, "V05433": 0, "criancas_0a4": 23, "em_favela": false }, "geometry": { "type": "Polygon", "coordinates": [ [ [ -46.756248, -23.616312 ], [ -46.756377, -23.616465 ], [ -46.75647, -23.616457 ], [ -46.756647, -23.616667 ], [ -46.756588, -23.616723 ], [ -46.756814, -23.617058 ], [ -46.757228, -23.616768 ], [ -46.756864, -23.616047 ], [ -46.756366, -23.616217 ], [ -46.756248, -23.616312 ] ] ] } },
{ "type": "Feature", "properties": { "CD_SETOR": "355030817000512", "faces": 2, "pavimentada": 100.0, "bueiro": 100.0, "iluminacao": 100.0, "onibus": 50.0, "ciclovia": 0.0, "calcada": 100.0, "obstaculo": 0.0, "rampa": 0.0, "rampa_faces": 0.0, "sem_calcada": 0.0, "sem_arvore": 100.0, "muitas_arvores": 0.0, "vao": 100.0, "V05400": 2, "V05421": 2, "V05406": 2, "V05412": 2, "V05422": 0, "V05424": 0, "V05427": 0, "V05409": 2, "V05415": 1, "V05418": 0, "V05430": 2, "V05433": 0, "criancas_0a4": 14, "em_favela": false }, "geometry": { "type": "Polygon", "coordinates": [ [ [ -46.756248, -23.616312 ], [ -46.755871, -23.616617 ], [ -46.756472, -23.617321 ], [ -46.756814, -23.617058 ], [ -46.756588, -23.616723 ], [ -46.756647, -23.616667 ], [ -46.75647, -23.616457 ], [ -46.756377, -23.616465 ], [ -46.756248, -23.616312 ] ] ] } },
{ "type": "Feature", "properties": { "CD_SETOR": "355030817000513", "faces": 3, "pavimentada": 100.0, "bueiro": 100.0, "iluminacao": 66.67, "onibus": 33.33, "ciclovia": 0.0, "calcada": 100.0, "obstaculo": 66.67, "rampa": 0.0, "rampa_faces": 0.0, "sem_calcada": 0.0, "sem_arvore": 0.0, "muitas_arvores": 100.0, "vao": 100.0, "V05400": 3, "V05421": 3, "V05406": 3, "V05412": 2, "V05422": 0, "V05424": 2, "V05427": 0, "V05409": 3, "V05415": 1, "V05418": 0, "V05430": 0, "V05433": 3, "criancas_0a4": 39, "em_favela": false }, "geometry": { "type": "Polygon", "coordinates": [ [ [ -46.76862, -23.649428 ], [ -46.769428, -23.64974 ], [ -46.769326, -23.649925 ], [ -46.769975, -23.649794 ], [ -46.769859, -23.649201 ], [ -46.769677, -23.64885 ], [ -46.76946, -23.648627 ], [ -46.769264, -23.648538 ], [ -46.769163, -23.648526 ], [ -46.769129, -23.648664 ], [ -46.76862, -23.649428 ] ] ] } },
{ "type": "Feature", "properties": { "CD_SETOR": "355030817000514", "faces": 2, "pavimentada": 100.0, "bueiro": 50.0, "iluminacao": 100.0, "onibus": 50.0, "ciclovia": 0.0, "calcada": 100.0, "obstaculo": 50.0, "rampa": 0.0, "rampa_faces": 0.0, "sem_calcada": 0.0, "sem_arvore": 0.0, "muitas_arvores": 50.0, "vao": 100.0, "V05400": 2, "V05421": 2, "V05406": 2, "V05412": 2, "V05422": 0, "V05424": 1, "V05427": 0, "V05409": 1, "V05415": 1, "V05418": 0, "V05430": 0, "V05433": 1, "criancas_0a4": 33, "em_favela": false }, "geometry": { "type": "Polygon", "coordinates": [ [ [ -46.768456, -23.64966 ], [ -46.768687, -23.650445 ], [ -46.768815, -23.650826 ], [ -46.768852, -23.65067 ], [ -46.769428, -23.64974 ], [ -46.76862, -23.649428 ], [ -46.768456, -23.64966 ] ] ] } },
{ "type": "Feature", "properties": { "CD_SETOR": "355030817000515", "faces": 2, "pavimentada": 100.0, "bueiro": 50.0, "iluminacao": 100.0, "onibus": 0.0, "ciclovia": 0.0, "calcada": 100.0, "obstaculo": 50.0, "rampa": 0.0, "rampa_faces": 0.0, "sem_calcada": 0.0, "sem_arvore": 0.0, "muitas_arvores": 100.0, "vao": 100.0, "V05400": 2, "V05421": 2, "V05406": 2, "V05412": 2, "V05422": 0, "V05424": 1, "V05427": 0, "V05409": 1, "V05415": 0, "V05418": 0, "V05430": 0, "V05433": 2, "criancas_0a4": 18, "em_favela": false }, "geometry": { "type": "Polygon", "coordinates": [ [ [ -46.769326, -23.649925 ], [ -46.768852, -23.65067 ], [ -46.768815, -23.650826 ], [ -46.76998, -23.650475 ], [ -46.769975, -23.649794 ], [ -46.769326, -23.649925 ] ] ] } },
{ "type": "Feature", "properties": { "CD_SETOR": "355030817000516", "faces": 2, "pavimentada": 100.0, "bueiro": 0.0, "iluminacao": 100.0, "onibus": 0.0, "ciclovia": 0.0, "calcada": 100.0, "obstaculo": 50.0, "rampa": 0.0, "rampa_faces": 0.0, "sem_calcada": 0.0, "sem_arvore": 0.0, "muitas_arvores": 100.0, "vao": 100.0, "V05400": 2, "V05421": 2, "V05406": 2, "V05412": 2, "V05422": 0, "V05424": 1, "V05427": 0, "V05409": 0, "V05415": 0, "V05418": 0, "V05430": 0, "V05433": 2, "criancas_0a4": 44, "em_favela": false }, "geometry": { "type": "Polygon", "coordinates": [ [ [ -46.768815, -23.650826 ], [ -46.768778, -23.651521 ], [ -46.769472, -23.651529 ], [ -46.769467, -23.651785 ], [ -46.769991, -23.651811 ], [ -46.76998, -23.650475 ], [ -46.768815, -23.650826 ] ] ] } },
{ "type": "Feature", "properties": { "CD_SETOR": "355030817000517", "faces": 1, "pavimentada": 100.0, "bueiro": 100.0, "iluminacao": 100.0, "onibus": 100.0, "ciclovia": 0.0, "calcada": 100.0, "obstaculo": 0.0, "rampa": 0.0, "rampa_faces": 0.0, "sem_calcada": 0.0, "sem_arvore": 0.0, "muitas_arvores": 0.0, "vao": 100.0, "V05400": 1, "V05421": 1, "V05406": 1, "V05412": 1, "V05422": 0, "V05424": 0, "V05427": 0, "V05409": 1, "V05415": 1, "V05418": 0, "V05430": 0, "V05433": 0, "criancas_0a4": 16, "em_favela": false }, "geometry": { "type": "Polygon", "coordinates": [ [ [ -46.758315, -23.617876 ], [ -46.758462, -23.618136 ], [ -46.759598, -23.617586 ], [ -46.759571, -23.617551 ], [ -46.759722, -23.617465 ], [ -46.759563, -23.617225 ], [ -46.758315, -23.617876 ] ] ] } },
{ "type": "Feature", "properties": { "CD_SETOR": "355030817000518", "faces": 8, "pavimentada": 100.0, "bueiro": 87.5, "iluminacao": 100.0, "onibus": 50.0, "ciclovia": 0.0, "calcada": 100.0, "obstaculo": 25.0, "rampa": 50.0, "rampa_faces": 50.0, "sem_calcada": 0.0, "sem_arvore": 25.0, "muitas_arvores": 50.0, "vao": 50.0, "V05400": 8, "V05421": 8, "V05406": 8, "V05412": 8, "V05422": 0, "V05424": 2, "V05427": 4, "V05409": 7, "V05415": 4, "V05418": 0, "V05430": 2, "V05433": 4, "criancas_0a4": 7, "em_favela": false }, "geometry": { "type": "Polygon", "coordinates": [ [ [ -46.757228, -23.616768 ], [ -46.756158, -23.61753 ], [ -46.755328, -23.618 ], [ -46.754894, -23.618675 ], [ -46.754228, -23.619327 ], [ -46.754864, -23.619876 ], [ -46.756041, -23.618736 ], [ -46.756326, -23.618643 ], [ -46.75661, -23.618631 ], [ -46.756785, -23.61906 ], [ -46.75681, -23.619708 ], [ -46.757989, -23.617617 ], [ -46.757414, -23.617104 ], [ -46.757228, -23.616768 ] ] ] } },
{ "type": "Feature", "properties": { "CD_SETOR": "355030817000519", "faces": 18, "pavimentada": 100.0, "bueiro": 55.56, "iluminacao": 100.0, "onibus": 16.67, "ciclovia": 0.0, "calcada": 94.44, "obstaculo": 70.59, "rampa": 23.53, "rampa_faces": 22.22, "sem_calcada": 5.56, "sem_arvore": 27.78, "muitas_arvores": 33.33, "vao": 77.78, "V05400": 18, "V05421": 17, "V05406": 18, "V05412": 18, "V05422": 1, "V05424": 12, "V05427": 4, "V05409": 10, "V05415": 3, "V05418": 0, "V05430": 5, "V05433": 6, "criancas_0a4": 0, "em_favela": false }, "geometry": { "type": "Polygon", "coordinates": [ [ [ -46.75681, -23.619708 ], [ -46.756818, -23.619833 ], [ -46.756648, -23.620371 ], [ -46.756478, -23.620686 ], [ -46.756146, -23.621059 ], [ -46.7579, -23.622376 ], [ -46.757939, -23.6217 ], [ -46.757799, -23.621513 ], [ -46.757655, -23.621193 ], [ -46.757608, -23.620696 ], [ -46.75848, -23.618244 ], [ -46.758368, -23.617934 ], [ -46.757989, -23.617617 ], [ -46.75681, -23.619708 ] ] ] } },
{ "type": "Feature", "properties": { "CD_SETOR": "355030817000520", "faces": 2, "pavimentada": 100.0, "bueiro": 100.0, "iluminacao": 100.0, "onibus": 50.0, "ciclovia": 0.0, "calcada": 100.0, "obstaculo": 100.0, "rampa": 0.0, "rampa_faces": 0.0, "sem_calcada": 0.0, "sem_arvore": 0.0, "muitas_arvores": 100.0, "vao": 100.0, "V05400": 2, "V05421": 2, "V05406": 2, "V05412": 2, "V05422": 0, "V05424": 2, "V05427": 0, "V05409": 2, "V05415": 1, "V05418": 0, "V05430": 0, "V05433": 2, "criancas_0a4": 26, "em_favela": false }, "geometry": { "type": "Polygon", "coordinates": [ [ [ -46.755515, -23.619275 ], [ -46.75681, -23.619708 ], [ -46.756785, -23.61906 ], [ -46.75661, -23.618631 ], [ -46.756326, -23.618643 ], [ -46.756041, -23.618736 ], [ -46.755515, -23.619275 ] ] ] } },
{ "type": "Feature", "properties": { "CD_SETOR": "355030817000521", "faces": 3, "pavimentada": 100.0, "bueiro": 66.67, "iluminacao": 100.0, "onibus": 33.33, "ciclovia": 0.0, "calcada": 100.0, "obstaculo": 66.67, "rampa": 0.0, "rampa_faces": 0.0, "sem_calcada": 0.0, "sem_arvore": 0.0, "muitas_arvores": 33.33, "vao": 100.0, "V05400": 3, "V05421": 3, "V05406": 3, "V05412": 3, "V05422": 0, "V05424": 2, "V05427": 0, "V05409": 2, "V05415": 1, "V05418": 0, "V05430": 0, "V05433": 1, "criancas_0a4": 24, "em_favela": false }, "geometry": { "type": "Polygon", "coordinates": [ [ [ -46.755322, -23.619454 ], [ -46.755514, -23.619612 ], [ -46.756077, -23.619872 ], [ -46.75655, -23.620181 ], [ -46.756648, -23.620371 ], [ -46.756818, -23.619833 ], [ -46.75681, -23.619708 ], [ -46.755515, -23.619275 ], [ -46.755322, -23.619454 ] ] ] } },
{ "type": "Feature", "properties": { "CD_SETOR": "355030817000522", "faces": 1, "pavimentada": 100.0, "bueiro": 0.0, "iluminacao": 100.0, "onibus": 0.0, "ciclovia": 0.0, "calcada": 0.0, "obstaculo": null, "rampa": null, "rampa_faces": 0.0, "sem_calcada": 100.0, "sem_arvore": 0.0, "muitas_arvores": 100.0, "vao": 100.0, "V05400": 1, "V05421": 0, "V05406": 1, "V05412": 1, "V05422": 1, "V05424": 0, "V05427": 0, "V05409": 0, "V05415": 0, "V05418": 0, "V05430": 0, "V05433": 1, "criancas_0a4": 8, "em_favela": false }, "geometry": { "type": "Polygon", "coordinates": [ [ [ -46.758371, -23.618585 ], [ -46.758689, -23.618708 ], [ -46.759083, -23.618566 ], [ -46.759418, -23.618411 ], [ -46.759344, -23.618153 ], [ -46.758371, -23.618585 ] ] ] } },
{ "type": "Feature", "properties": { "CD_SETOR": "355030817000523", "faces": 9, "pavimentada": 100.0, "bueiro": 88.89, "iluminacao": 100.0, "onibus": 33.33, "ciclovia": 0.0, "calcada": 100.0, "obstaculo": 55.56, "rampa": 22.22, "rampa_faces": 22.22, "sem_calcada": 0.0, "sem_arvore": 22.22, "muitas_arvores": 55.56, "vao": 77.78, "V05400": 9, "V05421": 9, "V05406": 9, "V05412": 9, "V05422": 0, "V05424": 5, "V05427": 2, "V05409": 8, "V05415": 3, "V05418": 0, "V05430": 2, "V05433": 5, "criancas_0a4": 20, "em_favela": false }, "geometry": { "type": "Polygon", "coordinates": [ [ [ -46.767956, -23.644798 ], [ -46.769135, -23.64594 ], [ -46.76918, -23.645719 ], [ -46.769076, -23.645152 ], [ -46.768965, -23.645111 ], [ -46.768489, -23.64466 ], [ -46.768333, -23.643529 ], [ -46.767743, -23.64285 ], [ -46.767701, -23.643029 ], [ -46.767976, -23.644535 ], [ -46.767956, -23.644798 ] ] ] } },
{ "type": "Feature", "properties": { "CD_SETOR": "355030817000524", "faces": 7, "pavimentada": 100.0, "bueiro": 100.0, "iluminacao": 100.0, "onibus": 28.57, "ciclovia": 0.0, "calcada": 100.0, "obstaculo": 28.57, "rampa": 0.0, "rampa_faces": 0.0, "sem_calcada": 0.0, "sem_arvore": 0.0, "muitas_arvores": 100.0, "vao": 100.0, "V05400": 7, "V05421": 7, "V05406": 7, "V05412": 7, "V05422": 0, "V05424": 2, "V05427": 0, "V05409": 7, "V05415": 2, "V05418": 0, "V05430": 0, "V05433": 7, "criancas_0a4": 10, "em_favela": false }, "geometry": { "type": "Polygon", "coordinates": [ [ [ -46.76712, -23.642653 ], [ -46.767566, -23.645057 ], [ -46.767749, -23.645252 ], [ -46.768477, -23.64533 ], [ -46.767956, -23.644798 ], [ -46.767976, -23.644535 ], [ -46.767701, -23.643029 ], [ -46.767743, -23.64285 ], [ -46.767275, -23.642282 ], [ -46.767138, -23.642434 ], [ -46.76712, -23.642653 ] ] ] } },
{ "type": "Feature", "properties": { "CD_SETOR": "355030817000525", "faces": 4, "pavimentada": 100.0, "bueiro": 75.0, "iluminacao": 100.0, "onibus": 25.0, "ciclovia": 0.0, "calcada": 100.0, "obstaculo": 100.0, "rampa": 0.0, "rampa_faces": 0.0, "sem_calcada": 0.0, "sem_arvore": 100.0, "muitas_arvores": 0.0, "vao": 100.0, "V05400": 4, "V05421": 4, "V05406": 4, "V05412": 4, "V05422": 0, "V05424": 4, "V05427": 0, "V05409": 3, "V05415": 1, "V05418": 0, "V05430": 4, "V05433": 0, "criancas_0a4": 22, "em_favela": false }, "geometry": { "type": "Polygon", "coordinates": [ [ [ -46.768333, -23.643529 ], [ -46.768537, -23.643671 ], [ -46.77132, -23.644673 ], [ -46.770581, -23.64382 ], [ -46.770345, -23.643811 ], [ -46.767743, -23.64285 ], [ -46.768333, -23.643529 ] ] ] } },
{ "type": "Feature", "properties": { "CD_SETOR": "355030817000526", "faces": 4, "pavimentada": 100.0, "bueiro": 25.0, "iluminacao": 100.0, "onibus": 0.0, "ciclovia": 0.0, "calcada": 100.0, "obstaculo": 50.0, "rampa": 0.0, "rampa_faces": 0.0, "sem_calcada": 0.0, "sem_arvore": 100.0, "muitas_arvores": 0.0, "vao": 100.0, "V05400": 4, "V05421": 4, "V05406": 4, "V05412": 4, "V05422": 0, "V05424": 2, "V05427": 0, "V05409": 1, "V05415": 0, "V05418": 0, "V05430": 4, "V05433": 0, "criancas_0a4": 16, "em_favela": false }, "geometry": { "type": "Polygon", "coordinates": [ [ [ -46.770321, -23.645322 ], [ -46.770538, -23.644896 ], [ -46.76998, -23.644616 ], [ -46.769432, -23.643979 ], [ -46.768537, -23.643671 ], [ -46.76862, -23.643827 ], [ -46.769599, -23.644955 ], [ -46.769903, -23.645153 ], [ -46.770321, -23.645322 ] ] ] } },
{ "type": "Feature", "properties": { "CD_SETOR": "355030817000527", "faces": 25, "pavimentada": 100.0, "bueiro": 52.0, "iluminacao": 100.0, "onibus": 4.0, "ciclovia": 20.0, "calcada": 100.0, "obstaculo": 84.0, "rampa": 20.0, "rampa_faces": 20.0, "sem_calcada": 0.0, "sem_arvore": 36.0, "muitas_arvores": 24.0, "vao": 80.0, "V05400": 25, "V05421": 25, "V05406": 25, "V05412": 25, "V05422": 0, "V05424": 21, "V05427": 5, "V05409": 13, "V05415": 1, "V05418": 5, "V05430": 9, "V05433": 6, "criancas_0a4": 10, "em_favela": false }, "geometry": { "type": "Polygon", "coordinates": [ [ [ -46.763509, -23.623184 ], [ -46.763905, -23.623537 ], [ -46.764064, -23.623743 ], [ -46.764545, -23.624613 ], [ -46.765078, -23.625313 ], [ -46.766091, -23.624575 ], [ -46.765331, -23.623699 ], [ -46.765124, -23.623348 ], [ -46.765139, -23.623231 ], [ -46.76571, -23.622364 ], [ -46.765366, -23.621989 ], [ -46.76524, -23.621597 ], [ -46.76514, -23.621624 ], [ -46.764039, -23.622773 ], [ -46.763617, -23.622505 ], [ -46.763509, -23.623184 ] ] ] } },
{ "type": "Feature", "properties": { "CD_SETOR": "355030817000528", "faces": 14, "pavimentada": 100.0, "bueiro": 78.57, "iluminacao": 100.0, "onibus": 0.0, "ciclovia": 28.57, "calcada": 92.86, "obstaculo": 92.31, "rampa": 7.69, "rampa_faces": 7.14, "sem_calcada": 7.14, "sem_arvore": 21.43, "muitas_arvores": 35.71, "vao": 92.86, "V05400": 14, "V05421": 13, "V05406": 14, "V05412": 14, "V05422": 1, "V05424": 12, "V05427": 1, "V05409": 11, "V05415": 0, "V05418": 4, "V05430": 3, "V05433": 5, "criancas_0a4": 32, "em_favela": false }, "geometry": { "type": "Polygon", "coordinates": [ [ [ -46.766091, -23.624575 ], [ -46.76659, -23.62421 ], [ -46.767738, -23.625577 ], [ -46.767807, -23.625829 ], [ -46.768532, -23.625724 ], [ -46.767487, -23.623899 ], [ -46.766904, -23.623353 ], [ -46.76571, -23.622364 ], [ -46.765111, -23.623299 ], [ -46.765266, -23.623616 ], [ -46.766091, -23.624575 ] ] ] } },
{ "type": "Feature", "properties": { "CD_SETOR": "355030817000529", "faces": 7, "pavimentada": 100.0, "bueiro": 14.29, "iluminacao": 100.0, "onibus": 14.29, "ciclovia": 0.0, "calcada": 42.86, "obstaculo": 100.0, "rampa": 0.0, "rampa_faces": 0.0, "sem_calcada": 57.14, "sem_arvore": 71.43, "muitas_arvores": 0.0, "vao": 100.0, "V05400": 7, "V05421": 3, "V05406": 7, "V05412": 7, "V05422": 4, "V05424": 3, "V05427": 0, "V05409": 1, "V05415": 1, "V05418": 0, "V05430": 5, "V05433": 0, "criancas_0a4": 16, "em_favela": true }, "geometry": { "type": "Polygon", "coordinates": [ [ [ -46.773985, -23.645608 ], [ -46.774156, -23.645699 ], [ -46.774309, -23.645884 ], [ -46.7745, -23.645982 ], [ -46.774754, -23.646206 ], [ -46.774823, -23.646322 ], [ -46.774974, -23.646958 ], [ -46.775366, -23.646785 ], [ -46.775667, -23.646799 ], [ -46.775605, -23.646694 ], [ -46.775291, -23.646425 ], [ -46.774375, -23.645176 ], [ -46.773985, -23.645608 ] ] ] } },
{ "type": "Feature", "properties": { "CD_SETOR": "355030817000530", "faces": 27, "pavimentada": 100.0, "bueiro": 18.52, "iluminacao": 100.0, "onibus": 0.0, "ciclovia": 7.41, "calcada": 3.7, "obstaculo": 100.0, "rampa": 0.0, "rampa_faces": 0.0, "sem_calcada": 96.3, "sem_arvore": 96.3, "muitas_arvores": 0.0, "vao": 100.0, "V05400": 27, "V05421": 1, "V05406": 27, "V05412": 27, "V05422": 26, "V05424": 1, "V05427": 0, "V05409": 5, "V05415": 0, "V05418": 2, "V05430": 26, "V05433": 0, "criancas_0a4": 26, "em_favela": true }, "geometry": { "type": "Polygon", "coordinates": [ [ [ -46.77366, -23.64601 ], [ -46.773707, -23.646036 ], [ -46.773997, -23.645907 ], [ -46.774248, -23.646521 ], [ -46.774311, -23.646552 ], [ -46.774319, -23.646645 ], [ -46.774258, -23.646678 ], [ -46.774319, -23.646745 ], [ -46.774548, -23.646785 ], [ -46.774573, -23.646849 ], [ -46.774673, -23.646898 ], [ -46.774812, -23.646892 ], [ -46.774974, -23.646958 ], [ -46.774823, -23.646322 ], [ -46.774754, -23.646206 ], [ -46.7745, -23.645982 ], [ -46.774309, -23.645884 ], [ -46.774156, -23.645699 ], [ -46.773985, -23.645608 ], [ -46.77366, -23.64601 ] ] ] } },
{ "type": "Feature", "properties": { "CD_SETOR": "355030817000531", "faces": 11, "pavimentada": 100.0, "bueiro": 72.73, "iluminacao": 100.0, "onibus": 9.09, "ciclovia": 9.09, "calcada": 72.73, "obstaculo": 37.5, "rampa": 12.5, "rampa_faces": 9.09, "sem_calcada": 27.27, "sem_arvore": 27.27, "muitas_arvores": 72.73, "vao": 90.91, "V05400": 11, "V05421": 8, "V05406": 11, "V05412": 11, "V05422": 3, "V05424": 3, "V05427": 1, "V05409": 8, "V05415": 1, "V05418": 1, "V05430": 3, "V05433": 8, "criancas_0a4": 26, "em_favela": false }, "geometry": { "type": "Polygon", "coordinates": [ [ [ -46.749714, -23.6397 ], [ -46.749881, -23.640277 ], [ -46.749539, -23.640344 ], [ -46.7497, -23.640828 ], [ -46.750122, -23.641404 ], [ -46.750624, -23.641104 ], [ -46.750772, -23.641513 ], [ -46.751169, -23.641344 ], [ -46.7511, -23.641104 ], [ -46.751142, -23.640926 ], [ -46.751275, -23.640737 ], [ -46.751514, -23.640597 ], [ -46.751245, -23.64003 ], [ -46.75148, -23.6394 ], [ -46.750697, -23.639415 ], [ -46.749714, -23.6397 ] ] ] } },
{ "type": "Feature", "properties": { "CD_SETOR": "355030817000532", "faces": 7, "pavimentada": 100.0, "bueiro": 42.86, "iluminacao": 100.0, "onibus": 14.29, "ciclovia": 0.0, "calcada": 71.43, "obstaculo": 80.0, "rampa": 0.0, "rampa_faces": 0.0, "sem_calcada": 28.57, "sem_arvore": 28.57, "muitas_arvores": 42.86, "vao": 100.0, "V05400": 7, "V05421": 5, "V05406": 7, "V05412": 7, "V05422": 2, "V05424": 4, "V05427": 0, "V05409": 3, "V05415": 1, "V05418": 0, "V05430": 2, "V05433": 3, "criancas_0a4": 11, "em_favela": false }, "geometry": { "type": "Polygon", "coordinates": [ [ [ -46.751514, -23.640597 ], [ -46.751275, -23.640737 ], [ -46.751142, -23.640926 ], [ -46.7511, -23.641104 ], [ -46.751169, -23.641344 ], [ -46.751763, -23.641057 ], [ -46.752157, -23.641077 ], [ -46.75246, -23.641267 ], [ -46.752833, -23.641741 ], [ -46.753508, -23.642115 ], [ -46.753097, -23.640711 ], [ -46.752308, -23.640511 ], [ -46.751962, -23.640516 ], [ -46.751514, -23.640597 ] ] ] } },
{ "type": "Feature", "properties": { "CD_SETOR": "355030817000534", "faces": 6, "pavimentada": 100.0, "bueiro": 50.0, "iluminacao": 100.0, "onibus": 0.0, "ciclovia": 0.0, "calcada": 100.0, "obstaculo": 100.0, "rampa": 0.0, "rampa_faces": 0.0, "sem_calcada": 0.0, "sem_arvore": 16.67, "muitas_arvores": 66.67, "vao": 100.0, "V05400": 6, "V05421": 6, "V05406": 6, "V05412": 6, "V05422": 0, "V05424": 6, "V05427": 0, "V05409": 3, "V05415": 0, "V05418": 0, "V05430": 1, "V05433": 4, "criancas_0a4": 17, "em_favela": false }, "geometry": { "type": "Polygon", "coordinates": [ [ [ -46.745003, -23.631847 ], [ -46.74554, -23.632131 ], [ -46.745969, -23.632299 ], [ -46.746082, -23.632278 ], [ -46.746799, -23.631791 ], [ -46.747369, -23.631801 ], [ -46.747357, -23.631647 ], [ -46.747193, -23.63139 ], [ -46.746949, -23.63134 ], [ -46.746141, -23.631313 ], [ -46.745961, -23.63125 ], [ -46.745892, -23.631146 ], [ -46.74586, -23.631703 ], [ -46.745003, -23.631847 ] ] ] } },
{ "type": "Feature", "properties": { "CD_SETOR": "355030817000535", "faces": 21, "pavimentada": 76.19, "bueiro": 0.0, "iluminacao": 61.9, "onibus": 0.0, "ciclovia": 0.0, "calcada": 0.0, "obstaculo": null, "rampa": null, "rampa_faces": 0.0, "sem_calcada": 95.24, "sem_arvore": 85.71, "muitas_arvores": 4.76, "vao": 76.19, "V05400": 21, "V05421": 0, "V05406": 16, "V05412": 13, "V05422": 20, "V05424": 0, "V05427": 0, "V05409": 0, "V05415": 0, "V05418": 0, "V05430": 18, "V05433": 1, "criancas_0a4": 45, "em_favela": true }, "geometry": { "type": "Polygon", "coordinates": [ [ [ -46.743088, -23.630651 ], [ -46.743302, -23.63074 ], [ -46.74361, -23.630707 ], [ -46.743733, -23.630793 ], [ -46.743968, -23.630849 ], [ -46.744044, -23.63066 ], [ -46.744126, -23.630625 ], [ -46.744576, -23.630865 ], [ -46.744671, -23.63096 ], [ -46.744776, -23.631512 ], [ -46.744824, -23.631444 ], [ -46.744777, -23.631225 ], [ -46.744791, -23.630558 ], [ -46.744561, -23.630261 ], [ -46.744579, -23.630171 ], [ -46.744355, -23.630004 ], [ -46.743831, -23.62974 ], [ -46.743568, -23.629674 ], [ -46.743088, -23.630651 ] ] ] } },
{ "type": "Feature", "properties": { "CD_SETOR": "355030817000536", "faces": 16, "pavimentada": 93.75, "bueiro": 0.0, "iluminacao": 18.75, "onibus": 0.0, "ciclovia": 0.0, "calcada": 0.0, "obstaculo": null, "rampa": null, "rampa_faces": 0.0, "sem_calcada": 100.0, "sem_arvore": 93.75, "muitas_arvores": 6.25, "vao": 93.75, "V05400": 16, "V05421": 0, "V05406": 15, "V05412": 3, "V05422": 16, "V05424": 0, "V05427": 0, "V05409": 0, "V05415": 0, "V05418": 0, "V05430": 15, "V05433": 1, "criancas_0a4": 33, "em_favela": true }, "geometry": { "type": "Polygon", "coordinates": [ [ [ -46.742577, -23.631689 ], [ -46.742895, -23.631766 ], [ -46.743079, -23.631734 ], [ -46.743682, -23.631439 ], [ -46.743846, -23.631282 ], [ -46.743944, -23.6311 ], [ -46.743968, -23.630849 ], [ -46.743733, -23.630793 ], [ -46.74361, -23.630707 ], [ -46.743302, -23.63074 ], [ -46.743088, -23.630651 ], [ -46.742577, -23.631689 ] ] ] } },
{ "type": "Feature", "properties": { "CD_SETOR": "355030817000537", "faces": 15, "pavimentada": 100.0, "bueiro": 66.67, "iluminacao": 93.33, "onibus": 20.0, "ciclovia": 0.0, "calcada": 73.33, "obstaculo": 81.82, "rampa": 45.45, "rampa_faces": 33.33, "sem_calcada": 26.67, "sem_arvore": 40.0, "muitas_arvores": 20.0, "vao": 66.67, "V05400": 15, "V05421": 11, "V05406": 15, "V05412": 14, "V05422": 4, "V05424": 9, "V05427": 5, "V05409": 10, "V05415": 3, "V05418": 0, "V05430": 6, "V05433": 3, "criancas_0a4": 16, "em_favela": false }, "geometry": { "type": "Polygon", "coordinates": [ [ [ -46.760275, -23.639324 ], [ -46.759827, -23.63947 ], [ -46.759458, -23.639513 ], [ -46.760121, -23.639778 ], [ -46.760462, -23.640512 ], [ -46.761253, -23.640723 ], [ -46.761422, -23.640698 ], [ -46.76126, -23.640458 ], [ -46.761231, -23.640332 ], [ -46.76143, -23.63917 ], [ -46.760368, -23.639491 ], [ -46.760275, -23.639324 ] ] ] } },
{ "type": "Feature", "properties": { "CD_SETOR": "355030817000538", "faces": 2, "pavimentada": 100.0, "bueiro": 100.0, "iluminacao": 100.0, "onibus": 50.0, "ciclovia": 0.0, "calcada": 100.0, "obstaculo": 0.0, "rampa": 0.0, "rampa_faces": 0.0, "sem_calcada": 0.0, "sem_arvore": 100.0, "muitas_arvores": 0.0, "vao": 100.0, "V05400": 2, "V05421": 2, "V05406": 2, "V05412": 2, "V05422": 0, "V05424": 0, "V05427": 0, "V05409": 2, "V05415": 1, "V05418": 0, "V05430": 2, "V05433": 0, "criancas_0a4": 22, "em_favela": false }, "geometry": { "type": "Polygon", "coordinates": [ [ [ -46.754889, -23.616079 ], [ -46.755494, -23.616873 ], [ -46.755978, -23.616531 ], [ -46.755496, -23.615772 ], [ -46.755245, -23.615938 ], [ -46.754889, -23.616079 ] ] ] } },
{ "type": "Feature", "properties": { "CD_SETOR": "355030817000539", "faces": 38, "pavimentada": 92.11, "bueiro": 18.42, "iluminacao": 78.95, "onibus": 0.0, "ciclovia": 0.0, "calcada": 15.79, "obstaculo": 83.33, "rampa": 0.0, "rampa_faces": 0.0, "sem_calcada": 78.95, "sem_arvore": 89.47, "muitas_arvores": 0.0, "vao": 92.11, "V05400": 38, "V05421": 6, "V05406": 35, "V05412": 30, "V05422": 30, "V05424": 5, "V05427": 0, "V05409": 7, "V05415": 0, "V05418": 0, "V05430": 34, "V05433": 0, "criancas_0a4": 62, "em_favela": true }, "geometry": { "type": "Polygon", "coordinates": [ [ [ -46.759443, -23.637471 ], [ -46.759651, -23.637559 ], [ -46.759792, -23.637791 ], [ -46.759916, -23.637765 ], [ -46.759951, -23.637892 ], [ -46.760047, -23.637862 ], [ -46.76008, -23.638105 ], [ -46.760008, -23.638118 ], [ -46.760028, -23.638424 ], [ -46.760113, -23.638448 ], [ -46.760055, -23.638795 ], [ -46.760132, -23.638829 ], [ -46.76016, -23.63902 ], [ -46.760273, -23.63906 ], [ -46.760817, -23.637509 ], [ -46.760449, -23.637142 ], [ -46.760104, -23.637248 ], [ -46.759894, -23.637374 ], [ -46.759803, -23.637351 ], [ -46.759793, -23.637437 ], [ -46.759443, -23.637471 ] ] ] } },
{ "type": "Feature", "properties": { "CD_SETOR": "355030817000540", "faces": 8, "pavimentada": 100.0, "bueiro": 50.0, "iluminacao": 100.0, "onibus": 12.5, "ciclovia": 0.0, "calcada": 100.0, "obstaculo": 100.0, "rampa": 0.0, "rampa_faces": 0.0, "sem_calcada": 0.0, "sem_arvore": 62.5, "muitas_arvores": 25.0, "vao": 100.0, "V05400": 8, "V05421": 8, "V05406": 8, "V05412": 8, "V05422": 0, "V05424": 8, "V05427": 0, "V05409": 4, "V05415": 1, "V05418": 0, "V05430": 5, "V05433": 2, "criancas_0a4": 13, "em_favela": false }, "geometry": { "type": "Polygon", "coordinates": [ [ [ -46.761897, -23.64312 ], [ -46.762096, -23.643902 ], [ -46.762337, -23.64384 ], [ -46.762551, -23.64388 ], [ -46.762806, -23.644004 ], [ -46.763041, -23.644238 ], [ -46.763347, -23.644722 ], [ -46.763759, -23.644136 ], [ -46.763037, -23.643244 ], [ -46.762381, -23.642795 ], [ -46.762102, -23.643207 ], [ -46.761897, -23.64312 ] ] ] } },
{ "type": "Feature", "properties": { "CD_SETOR": "355030817000541", "faces": 9, "pavimentada": 100.0, "bueiro": 55.56, "iluminacao": 100.0, "onibus": 0.0, "ciclovia": 0.0, "calcada": 66.67, "obstaculo": 100.0, "rampa": 16.67, "rampa_faces": 11.11, "sem_calcada": 33.33, "sem_arvore": 66.67, "muitas_arvores": 11.11, "vao": 88.89, "V05400": 9, "V05421": 6, "V05406": 9, "V05412": 9, "V05422": 3, "V05424": 6, "V05427": 1, "V05409": 5, "V05415": 0, "V05418": 0, "V05430": 6, "V05433": 1, "criancas_0a4": 16, "em_favela": false }, "geometry": { "type": "Polygon", "coordinates": [ [ [ -46.762113, -23.643918 ], [ -46.762214, -23.644029 ], [ -46.762237, -23.644291 ], [ -46.762396, -23.644717 ], [ -46.762464, -23.644794 ], [ -46.762086, -23.645424 ], [ -46.762066, -23.645665 ], [ -46.762234, -23.645871 ], [ -46.762697, -23.646132 ], [ -46.762801, -23.646313 ], [ -46.763195, -23.646045 ], [ -46.763038, -23.645891 ], [ -46.762847, -23.645357 ], [ -46.763347, -23.644722 ], [ -46.763041, -23.644238 ], [ -46.762806, -23.644004 ], [ -46.762551, -23.64388 ], [ -46.762337, -23.64384 ], [ -46.762113, -23.643918 ] ] ] } },
{ "type": "Feature", "properties": { "CD_SETOR": "355030817000542", "faces": 8, "pavimentada": 87.5, "bueiro": 37.5, "iluminacao": 62.5, "onibus": 0.0, "ciclovia": 0.0, "calcada": 37.5, "obstaculo": 100.0, "rampa": 0.0, "rampa_faces": 0.0, "sem_calcada": 62.5, "sem_arvore": 100.0, "muitas_arvores": 0.0, "vao": 87.5, "V05400": 8, "V05421": 3, "V05406": 7, "V05412": 5, "V05422": 5, "V05424": 3, "V05427": 0, "V05409": 3, "V05415": 0, "V05418": 0, "V05430": 8, "V05433": 0, "criancas_0a4": 10, "em_favela": true }, "geometry": { "type": "Polygon", "coordinates": [ [ [ -46.777061, -23.643306 ], [ -46.777158, -23.643625 ], [ -46.777551, -23.643358 ], [ -46.777843, -23.643608 ], [ -46.777963, -23.643393 ], [ -46.777491, -23.642942 ], [ -46.777061, -23.643306 ] ] ] } },
{ "type": "Feature", "properties": { "CD_SETOR": "355030817000543", "faces": 8, "pavimentada": 100.0, "bueiro": 25.0, "iluminacao": 100.0, "onibus": 12.5, "ciclovia": 0.0, "calcada": 100.0, "obstaculo": 100.0, "rampa": 12.5, "rampa_faces": 12.5, "sem_calcada": 0.0, "sem_arvore": 37.5, "muitas_arvores": 37.5, "vao": 87.5, "V05400": 8, "V05421": 8, "V05406": 8, "V05412": 8, "V05422": 0, "V05424": 8, "V05427": 1, "V05409": 2, "V05415": 1, "V05418": 0, "V05430": 3, "V05433": 3, "criancas_0a4": 33, "em_favela": false }, "geometry": { "type": "Polygon", "coordinates": [ [ [ -46.777271, -23.641981 ], [ -46.776913, -23.642227 ], [ -46.776748, -23.642411 ], [ -46.777075, -23.642887 ], [ -46.776883, -23.642986 ], [ -46.777061, -23.643306 ], [ -46.777491, -23.642942 ], [ -46.777963, -23.643393 ], [ -46.778152, -23.643088 ], [ -46.778336, -23.643162 ], [ -46.778511, -23.643147 ], [ -46.77977, -23.642245 ], [ -46.78003, -23.641624 ], [ -46.78011, -23.641147 ], [ -46.779936, -23.640995 ], [ -46.779149, -23.64058 ], [ -46.77926, -23.641063 ], [ -46.779258, -23.64141 ], [ -46.77914, -23.641684 ], [ -46.77894, -23.641896 ], [ -46.77782, -23.642645 ], [ -46.777271, -23.641981 ] ] ] } },
{ "type": "Feature", "properties": { "CD_SETOR": "355030817000544", "faces": 20, "pavimentada": 100.0, "bueiro": 15.0, "iluminacao": 40.0, "onibus": 15.0, "ciclovia": 0.0, "calcada": 80.0, "obstaculo": 100.0, "rampa": 0.0, "rampa_faces": 0.0, "sem_calcada": 20.0, "sem_arvore": 80.0, "muitas_arvores": 0.0, "vao": 100.0, "V05400": 20, "V05421": 16, "V05406": 20, "V05412": 8, "V05422": 4, "V05424": 16, "V05427": 0, "V05409": 3, "V05415": 3, "V05418": 0, "V05430": 16, "V05433": 0, "criancas_0a4": 37, "em_favela": true }, "geometry": { "type": "Polygon", "coordinates": [ [ [ -46.778152, -23.643088 ], [ -46.777843, -23.643608 ], [ -46.778939, -23.643918 ], [ -46.779044, -23.643676 ], [ -46.779149, -23.64371 ], [ -46.77922, -23.643453 ], [ -46.779594, -23.643547 ], [ -46.77977, -23.642245 ], [ -46.778511, -23.643147 ], [ -46.778336, -23.643162 ], [ -46.778152, -23.643088 ] ] ] } },
{ "type": "Feature", "properties": { "CD_SETOR": "355030817000545", "faces": 2, "pavimentada": 100.0, "bueiro": 50.0, "iluminacao": 50.0, "onibus": 0.0, "ciclovia": 0.0, "calcada": 100.0, "obstaculo": 100.0, "rampa": 0.0, "rampa_faces": 0.0, "sem_calcada": 0.0, "sem_arvore": 50.0, "muitas_arvores": 0.0, "vao": 100.0, "V05400": 2, "V05421": 2, "V05406": 2, "V05412": 1, "V05422": 0, "V05424": 2, "V05427": 0, "V05409": 1, "V05415": 0, "V05418": 0, "V05430": 1, "V05433": 0, "criancas_0a4": 25, "em_favela": false }, "geometry": { "type": "Polygon", "coordinates": [ [ [ -46.777158, -23.643625 ], [ -46.77724, -23.643815 ], [ -46.777338, -23.643877 ], [ -46.778783, -23.644282 ], [ -46.778939, -23.643918 ], [ -46.777843, -23.643608 ], [ -46.777551, -23.643358 ], [ -46.777158, -23.643625 ] ] ] } },
{ "type": "Feature", "properties": { "CD_SETOR": "355030817000546", "faces": 11, "pavimentada": 100.0, "bueiro": 9.09, "iluminacao": 100.0, "onibus": 18.18, "ciclovia": 0.0, "calcada": 100.0, "obstaculo": 100.0, "rampa": 9.09, "rampa_faces": 9.09, "sem_calcada": 0.0, "sem_arvore": 18.18, "muitas_arvores": 18.18, "vao": 90.91, "V05400": 11, "V05421": 11, "V05406": 11, "V05412": 11, "V05422": 0, "V05424": 11, "V05427": 1, "V05409": 1, "V05415": 2, "V05418": 0, "V05430": 2, "V05433": 2, "criancas_0a4": 22, "em_favela": false }, "geometry": { "type": "Polygon", "coordinates": [ [ [ -46.756219, -23.627812 ], [ -46.756369, -23.628149 ], [ -46.755749, -23.62839 ], [ -46.755951, -23.628904 ], [ -46.756631, -23.628646 ], [ -46.757227, -23.628896 ], [ -46.75776, -23.629057 ], [ -46.758182, -23.629129 ], [ -46.758342, -23.629114 ], [ -46.758278, -23.628835 ], [ -46.758158, -23.628656 ], [ -46.757596, -23.628366 ], [ -46.757609, -23.62733 ], [ -46.756552, -23.627754 ], [ -46.756219, -23.627812 ] ] ] } },
{ "type": "Feature", "properties": { "CD_SETOR": "355030817000548", "faces": 3, "pavimentada": 100.0, "bueiro": 33.33, "iluminacao": 100.0, "onibus": 33.33, "ciclovia": 0.0, "calcada": 66.67, "obstaculo": 0.0, "rampa": 0.0, "rampa_faces": 0.0, "sem_calcada": 33.33, "sem_arvore": 33.33, "muitas_arvores": 66.67, "vao": 100.0, "V05400": 3, "V05421": 2, "V05406": 3, "V05412": 3, "V05422": 1, "V05424": 0, "V05427": 0, "V05409": 1, "V05415": 1, "V05418": 0, "V05430": 1, "V05433": 2, "criancas_0a4": 40, "em_favela": false }, "geometry": { "type": "Polygon", "coordinates": [ [ [ -46.746946, -23.630491 ], [ -46.747344, -23.630714 ], [ -46.747692, -23.630759 ], [ -46.747962, -23.63072 ], [ -46.748722, -23.63046 ], [ -46.748426, -23.629852 ], [ -46.746946, -23.630491 ] ] ] } },
{ "type": "Feature", "properties": { "CD_SETOR": "355030817000549", "faces": 15, "pavimentada": 20.0, "bueiro": 13.33, "iluminacao": 20.0, "onibus": 6.67, "ciclovia": 0.0, "calcada": 20.0, "obstaculo": 33.33, "rampa": 0.0, "rampa_faces": 0.0, "sem_calcada": 0.0, "sem_arvore": 0.0, "muitas_arvores": 20.0, "vao": 20.0, "V05400": 15, "V05421": 3, "V05406": 3, "V05412": 3, "V05422": 0, "V05424": 1, "V05427": 0, "V05409": 2, "V05415": 1, "V05418": 0, "V05430": 0, "V05433": 3, "criancas_0a4": 6, "em_favela": false }, "geometry": { "type": "Polygon", "coordinates": [ [ [ -46.765074, -23.649985 ], [ -46.765228, -23.650277 ], [ -46.765589, -23.650451 ], [ -46.765848, -23.650684 ], [ -46.766025, -23.650705 ], [ -46.766232, -23.650669 ], [ -46.766407, -23.650573 ], [ -46.766655, -23.650214 ], [ -46.767057, -23.649879 ], [ -46.767166, -23.649703 ], [ -46.766588, -23.649379 ], [ -46.766319, -23.648971 ], [ -46.765877, -23.649513 ], [ -46.765653, -23.649714 ], [ -46.765074, -23.649985 ] ] ] } },
{ "type": "Feature", "properties": { "CD_SETOR": "355030817000551", "faces": 2, "pavimentada": 100.0, "bueiro": 0.0, "iluminacao": 100.0, "onibus": 0.0, "ciclovia": 0.0, "calcada": 100.0, "obstaculo": 50.0, "rampa": 50.0, "rampa_faces": 50.0, "sem_calcada": 0.0, "sem_arvore": 50.0, "muitas_arvores": 0.0, "vao": 50.0, "V05400": 2, "V05421": 2, "V05406": 2, "V05412": 2, "V05422": 0, "V05424": 1, "V05427": 1, "V05409": 0, "V05415": 0, "V05418": 0, "V05430": 1, "V05433": 0, "criancas_0a4": 32, "em_favela": false }, "geometry": { "type": "Polygon", "coordinates": [ [ [ -46.746251, -23.625648 ], [ -46.745924, -23.626322 ], [ -46.746592, -23.626531 ], [ -46.746632, -23.62638 ], [ -46.746934, -23.626021 ], [ -46.746576, -23.625638 ], [ -46.746362, -23.625743 ], [ -46.746251, -23.625648 ] ] ] } },
{ "type": "Feature", "properties": { "CD_SETOR": "355030817000552", "faces": 2, "pavimentada": 100.0, "bueiro": 50.0, "iluminacao": 100.0, "onibus": 50.0, "ciclovia": 0.0, "calcada": 100.0, "obstaculo": 0.0, "rampa": 0.0, "rampa_faces": 0.0, "sem_calcada": 0.0, "sem_arvore": 0.0, "muitas_arvores": 50.0, "vao": 100.0, "V05400": 2, "V05421": 2, "V05406": 2, "V05412": 2, "V05422": 0, "V05424": 0, "V05427": 0, "V05409": 1, "V05415": 1, "V05418": 0, "V05430": 0, "V05433": 1, "criancas_0a4": 25, "em_favela": false }, "geometry": { "type": "Polygon", "coordinates": [ [ [ -46.746692, -23.62719 ], [ -46.747465, -23.627548 ], [ -46.747511, -23.627679 ], [ -46.747678, -23.627609 ], [ -46.747908, -23.627617 ], [ -46.747779, -23.627103 ], [ -46.747326, -23.6269 ], [ -46.746692, -23.62719 ] ] ] } },
{ "type": "Feature", "properties": { "CD_SETOR": "355030817000553", "faces": 4, "pavimentada": 100.0, "bueiro": 75.0, "iluminacao": 100.0, "onibus": 25.0, "ciclovia": 0.0, "calcada": 100.0, "obstaculo": 0.0, "rampa": 0.0, "rampa_faces": 0.0, "sem_calcada": 0.0, "sem_arvore": 25.0, "muitas_arvores": 25.0, "vao": 100.0, "V05400": 4, "V05421": 4, "V05406": 4, "V05412": 4, "V05422": 0, "V05424": 0, "V05427": 0, "V05409": 3, "V05415": 1, "V05418": 0, "V05430": 1, "V05433": 1, "criancas_0a4": 25, "em_favela": false }, "geometry": { "type": "Polygon", "coordinates": [ [ [ -46.746433, -23.628412 ], [ -46.746381, -23.62907 ], [ -46.746695, -23.62886 ], [ -46.74716, -23.628254 ], [ -46.747511, -23.627679 ], [ -46.747465, -23.627548 ], [ -46.746692, -23.62719 ], [ -46.746748, -23.627455 ], [ -46.746618, -23.628196 ], [ -46.746433, -23.628412 ] ] ] } },
{ "type": "Feature", "properties": { "CD_SETOR": "355030817000554", "faces": 2, "pavimentada": 100.0, "bueiro": 0.0, "iluminacao": 100.0, "onibus": 50.0, "ciclovia": 0.0, "calcada": 100.0, "obstaculo": 0.0, "rampa": 50.0, "rampa_faces": 50.0, "sem_calcada": 0.0, "sem_arvore": 0.0, "muitas_arvores": 50.0, "vao": 50.0, "V05400": 2, "V05421": 2, "V05406": 2, "V05412": 2, "V05422": 0, "V05424": 0, "V05427": 1, "V05409": 0, "V05415": 1, "V05418": 0, "V05430": 0, "V05433": 1, "criancas_0a4": 49, "em_favela": false }, "geometry": { "type": "Polygon", "coordinates": [ [ [ -46.745341, -23.629054 ], [ -46.745685, -23.62916 ], [ -46.74608, -23.62916 ], [ -46.746381, -23.62907 ], [ -46.746425, -23.628834 ], [ -46.745456, -23.62865 ], [ -46.745341, -23.629054 ] ] ] } },
{ "type": "Feature", "properties": { "CD_SETOR": "355030817000555", "faces": 1, "pavimentada": 100.0, "bueiro": 0.0, "iluminacao": 100.0, "onibus": 0.0, "ciclovia": 0.0, "calcada": 100.0, "obstaculo": 0.0, "rampa": 0.0, "rampa_faces": 0.0, "sem_calcada": 0.0, "sem_arvore": 0.0, "muitas_arvores": 0.0, "vao": 100.0, "V05400": 1, "V05421": 1, "V05406": 1, "V05412": 1, "V05422": 0, "V05424": 0, "V05427": 0, "V05409": 0, "V05415": 0, "V05418": 0, "V05430": 0, "V05433": 0, "criancas_0a4": 24, "em_favela": false }, "geometry": { "type": "Polygon", "coordinates": [ [ [ -46.790787, -23.647677 ], [ -46.79103, -23.647924 ], [ -46.791525, -23.647769 ], [ -46.791438, -23.647427 ], [ -46.790787, -23.647677 ] ] ] } },
{ "type": "Feature", "properties": { "CD_SETOR": "355030817000556", "faces": 2, "pavimentada": 100.0, "bueiro": 100.0, "iluminacao": 100.0, "onibus": 50.0, "ciclovia": 0.0, "calcada": 100.0, "obstaculo": 100.0, "rampa": 0.0, "rampa_faces": 0.0, "sem_calcada": 0.0, "sem_arvore": 0.0, "muitas_arvores": 0.0, "vao": 100.0, "V05400": 2, "V05421": 2, "V05406": 2, "V05412": 2, "V05422": 0, "V05424": 2, "V05427": 0, "V05409": 2, "V05415": 1, "V05418": 0, "V05430": 0, "V05433": 0, "criancas_0a4": 17, "em_favela": true }, "geometry": { "type": "Polygon", "coordinates": [ [ [ -46.755424, -23.626613 ], [ -46.755554, -23.626786 ], [ -46.756739, -23.62632 ], [ -46.757253, -23.626165 ], [ -46.757713, -23.626181 ], [ -46.757708, -23.625952 ], [ -46.757676, -23.625875 ], [ -46.756897, -23.626064 ], [ -46.755424, -23.626613 ] ] ] } },
{ "type": "Feature", "properties": { "CD_SETOR": "355030817000557", "faces": 2, "pavimentada": 100.0, "bueiro": 50.0, "iluminacao": 100.0, "onibus": 0.0, "ciclovia": 0.0, "calcada": 100.0, "obstaculo": 100.0, "rampa": 0.0, "rampa_faces": 0.0, "sem_calcada": 0.0, "sem_arvore": 0.0, "muitas_arvores": 50.0, "vao": 100.0, "V05400": 2, "V05421": 2, "V05406": 2, "V05412": 2, "V05422": 0, "V05424": 2, "V05427": 0, "V05409": 1, "V05415": 0, "V05418": 0, "V05430": 0, "V05433": 1, "criancas_0a4": 31, "em_favela": false }, "geometry": { "type": "Polygon", "coordinates": [ [ [ -46.755554, -23.626786 ], [ -46.755596, -23.627235 ], [ -46.756314, -23.627024 ], [ -46.75739, -23.626905 ], [ -46.757653, -23.626804 ], [ -46.757713, -23.626181 ], [ -46.757253, -23.626165 ], [ -46.756739, -23.62632 ], [ -46.755554, -23.626786 ] ] ] } },
{ "type": "Feature", "properties": { "CD_SETOR": "355030817000558", "faces": 1, "pavimentada": 100.0, "bueiro": 100.0, "iluminacao": 100.0, "onibus": 100.0, "ciclovia": 0.0, "calcada": 100.0, "obstaculo": 0.0, "rampa": 0.0, "rampa_faces": 0.0, "sem_calcada": 0.0, "sem_arvore": 100.0, "muitas_arvores": 0.0, "vao": 100.0, "V05400": 1, "V05421": 1, "V05406": 1, "V05412": 1, "V05422": 0, "V05424": 0, "V05427": 0, "V05409": 1, "V05415": 1, "V05418": 0, "V05430": 1, "V05433": 0, "criancas_0a4": 13, "em_favela": false }, "geometry": { "type": "Polygon", "coordinates": [ [ [ -46.758462, -23.618136 ], [ -46.75848, -23.618244 ], [ -46.758371, -23.618585 ], [ -46.759832, -23.617936 ], [ -46.759598, -23.617586 ], [ -46.758462, -23.618136 ] ] ] } },
{ "type": "Feature", "properties": { "CD_SETOR": "355030817000559", "faces": 14, "pavimentada": 100.0, "bueiro": 7.14, "iluminacao": 100.0, "onibus": 42.86, "ciclovia": 0.0, "calcada": 57.14, "obstaculo": 100.0, "rampa": 0.0, "rampa_faces": 0.0, "sem_calcada": 42.86, "sem_arvore": 78.57, "muitas_arvores": 0.0, "vao": 100.0, "V05400": 14, "V05421": 8, "V05406": 14, "V05412": 14, "V05422": 6, "V05424": 8, "V05427": 0, "V05409": 1, "V05415": 6, "V05418": 0, "V05430": 11, "V05433": 0, "criancas_0a4": 29, "em_favela": false }, "geometry": { "type": "Polygon", "coordinates": [ [ [ -46.773452, -23.640922 ], [ -46.773608, -23.641051 ], [ -46.774048, -23.641131 ], [ -46.774349, -23.641252 ], [ -46.774383, -23.64133 ], [ -46.77434, -23.641585 ], [ -46.774236, -23.641857 ], [ -46.77415, -23.641939 ], [ -46.774425, -23.642152 ], [ -46.774594, -23.641762 ], [ -46.77459, -23.641656 ], [ -46.774936, -23.641472 ], [ -46.77519, -23.641416 ], [ -46.775177, -23.641336 ], [ -46.775322, -23.641259 ], [ -46.77538, -23.64111 ], [ -46.775283, -23.641078 ], [ -46.77506, -23.640861 ], [ -46.77458, -23.640841 ], [ -46.773864, -23.64061 ], [ -46.773544, -23.64043 ], [ -46.773529, -23.640278 ], [ -46.77347, -23.6402 ], [ -46.773398, -23.64019 ], [ -46.773368, -23.64027 ], [ -46.773459, -23.64066 ], [ -46.773452, -23.640922 ] ] ] } },
{ "type": "Feature", "properties": { "CD_SETOR": "355030817000560", "faces": 5, "pavimentada": 100.0, "bueiro": 80.0, "iluminacao": 100.0, "onibus": 0.0, "ciclovia": 0.0, "calcada": 80.0, "obstaculo": 100.0, "rampa": 0.0, "rampa_faces": 0.0, "sem_calcada": 20.0, "sem_arvore": 20.0, "muitas_arvores": 0.0, "vao": 100.0, "V05400": 5, "V05421": 4, "V05406": 5, "V05412": 5, "V05422": 1, "V05424": 4, "V05427": 0, "V05409": 4, "V05415": 0, "V05418": 0, "V05430": 1, "V05433": 0, "criancas_0a4": 18, "em_favela": false }, "geometry": { "type": "Polygon", "coordinates": [ [ [ -46.759344, -23.627806 ], [ -46.759127, -23.62792 ], [ -46.758915, -23.628148 ], [ -46.758833, -23.628321 ], [ -46.75881, -23.628628 ], [ -46.758962, -23.62883 ], [ -46.759271, -23.629057 ], [ -46.759636, -23.628859 ], [ -46.760228, -23.62809 ], [ -46.759617, -23.628323 ], [ -46.759344, -23.627806 ] ] ] } },
{ "type": "Feature", "properties": { "CD_SETOR": "355030817000562", "faces": 4, "pavimentada": 100.0, "bueiro": 0.0, "iluminacao": 100.0, "onibus": 25.0, "ciclovia": 0.0, "calcada": 25.0, "obstaculo": 100.0, "rampa": 0.0, "rampa_faces": 0.0, "sem_calcada": 75.0, "sem_arvore": 100.0, "muitas_arvores": 0.0, "vao": 100.0, "V05400": 4, "V05421": 1, "V05406": 4, "V05412": 4, "V05422": 3, "V05424": 1, "V05427": 0, "V05409": 0, "V05415": 1, "V05418": 0, "V05430": 4, "V05433": 0, "criancas_0a4": 3, "em_favela": true }, "geometry": { "type": "Polygon", "coordinates": [ [ [ -46.768676, -23.654355 ], [ -46.76929, -23.65415 ], [ -46.769176, -23.6539 ], [ -46.769063, -23.653833 ], [ -46.768775, -23.654137 ], [ -46.768681, -23.654268 ], [ -46.768676, -23.654355 ] ] ] } },
{ "type": "Feature", "properties": { "CD_SETOR": "355030817000563", "faces": 3, "pavimentada": 100.0, "bueiro": 0.0, "iluminacao": 100.0, "onibus": 0.0, "ciclovia": 0.0, "calcada": 100.0, "obstaculo": 100.0, "rampa": 0.0, "rampa_faces": 0.0, "sem_calcada": 0.0, "sem_arvore": 0.0, "muitas_arvores": 100.0, "vao": 100.0, "V05400": 3, "V05421": 3, "V05406": 3, "V05412": 3, "V05422": 0, "V05424": 3, "V05427": 0, "V05409": 0, "V05415": 0, "V05418": 0, "V05430": 0, "V05433": 3, "criancas_0a4": 6, "em_favela": false }, "geometry": { "type": "Polygon", "coordinates": [ [ [ -46.782091, -23.645762 ], [ -46.782102, -23.645927 ], [ -46.782346, -23.646549 ], [ -46.782698, -23.647177 ], [ -46.783257, -23.646902 ], [ -46.782717, -23.645886 ], [ -46.782091, -23.645762 ] ] ] } },
{ "type": "Feature", "properties": { "CD_SETOR": "355030817000564", "faces": 3, "pavimentada": 100.0, "bueiro": 66.67, "iluminacao": 100.0, "onibus": 0.0, "ciclovia": 0.0, "calcada": 100.0, "obstaculo": 0.0, "rampa": 0.0, "rampa_faces": 0.0, "sem_calcada": 0.0, "sem_arvore": 0.0, "muitas_arvores": 100.0, "vao": 100.0, "V05400": 3, "V05421": 3, "V05406": 3, "V05412": 3, "V05422": 0, "V05424": 0, "V05427": 0, "V05409": 2, "V05415": 0, "V05418": 0, "V05430": 0, "V05433": 3, "criancas_0a4": 36, "em_favela": false }, "geometry": { "type": "Polygon", "coordinates": [ [ [ -46.767666, -23.651996 ], [ -46.767958, -23.652331 ], [ -46.767793, -23.65246 ], [ -46.768081, -23.652875 ], [ -46.768425, -23.652594 ], [ -46.768649, -23.652277 ], [ -46.768766, -23.651848 ], [ -46.76877, -23.651291 ], [ -46.767806, -23.651559 ], [ -46.76775, -23.651863 ], [ -46.767666, -23.651996 ] ] ] } },
{ "type": "Feature", "properties": { "CD_SETOR": "355030817000565", "faces": 3, "pavimentada": 100.0, "bueiro": 33.33, "iluminacao": 33.33, "onibus": 0.0, "ciclovia": 0.0, "calcada": 100.0, "obstaculo": 66.67, "rampa": 0.0, "rampa_faces": 0.0, "sem_calcada": 0.0, "sem_arvore": 0.0, "muitas_arvores": 66.67, "vao": 100.0, "V05400": 3, "V05421": 3, "V05406": 3, "V05412": 1, "V05422": 0, "V05424": 2, "V05427": 0, "V05409": 1, "V05415": 0, "V05418": 0, "V05430": 0, "V05433": 2, "criancas_0a4": 29, "em_favela": false }, "geometry": { "type": "Polygon", "coordinates": [ [ [ -46.76751, -23.653144 ], [ -46.768081, -23.652875 ], [ -46.767793, -23.65246 ], [ -46.767958, -23.652331 ], [ -46.767666, -23.651996 ], [ -46.767502, -23.652122 ], [ -46.767166, -23.652176 ], [ -46.766915, -23.652086 ], [ -46.766772, -23.651951 ], [ -46.76635, -23.652362 ], [ -46.76724, -23.653156 ], [ -46.76751, -23.653144 ] ] ] } },
{ "type": "Feature", "properties": { "CD_SETOR": "355030817000566", "faces": 1, "pavimentada": 100.0, "bueiro": 100.0, "iluminacao": 100.0, "onibus": 0.0, "ciclovia": 0.0, "calcada": 100.0, "obstaculo": 100.0, "rampa": 0.0, "rampa_faces": 0.0, "sem_calcada": 0.0, "sem_arvore": 100.0, "muitas_arvores": 0.0, "vao": 100.0, "V05400": 1, "V05421": 1, "V05406": 1, "V05412": 1, "V05422": 0, "V05424": 1, "V05427": 0, "V05409": 1, "V05415": 0, "V05418": 0, "V05430": 1, "V05433": 0, "criancas_0a4": 21, "em_favela": false }, "geometry": { "type": "Polygon", "coordinates": [ [ [ -46.745969, -23.63533 ], [ -46.746377, -23.635031 ], [ -46.74606, -23.634314 ], [ -46.745332, -23.634867 ], [ -46.745675, -23.635002 ], [ -46.745969, -23.63533 ] ] ] } },
{ "type": "Feature", "properties": { "CD_SETOR": "355030817000567", "faces": 21, "pavimentada": 100.0, "bueiro": 9.52, "iluminacao": 100.0, "onibus": 0.0, "ciclovia": 0.0, "calcada": 95.24, "obstaculo": 95.0, "rampa": 0.0, "rampa_faces": 0.0, "sem_calcada": 4.76, "sem_arvore": 42.86, "muitas_arvores": 4.76, "vao": 100.0, "V05400": 21, "V05421": 20, "V05406": 21, "V05412": 21, "V05422": 1, "V05424": 19, "V05427": 0, "V05409": 2, "V05415": 0, "V05418": 0, "V05430": 9, "V05433": 1, "criancas_0a4": 62, "em_favela": false }, "geometry": { "type": "Polygon", "coordinates": [ [ [ -46.745332, -23.634867 ], [ -46.74606, -23.634314 ], [ -46.746377, -23.635031 ], [ -46.745969, -23.63533 ], [ -46.746466, -23.635368 ], [ -46.746635, -23.635343 ], [ -46.746853, -23.635205 ], [ -46.746406, -23.634297 ], [ -46.745908, -23.63365 ], [ -46.745989, -23.63361 ], [ -46.745939, -23.633024 ], [ -46.745726, -23.632864 ], [ -46.745475, -23.632584 ], [ -46.74549, -23.632479 ], [ -46.745723, -23.632204 ], [ -46.745003, -23.631847 ], [ -46.744404, -23.632438 ], [ -46.744978, -23.633173 ], [ -46.744829, -23.633166 ], [ -46.744273, -23.633623 ], [ -46.744381, -23.633776 ], [ -46.744158, -23.633934 ], [ -46.743957, -23.634594 ], [ -46.744059, -23.634624 ], [ -46.744231, -23.634793 ], [ -46.744473, -23.634782 ], [ -46.745012, -23.634393 ], [ -46.745195, -23.634603 ], [ -46.745257, -23.634793 ], [ -46.745332, -23.634867 ] ] ] } },
{ "type": "Feature", "properties": { "CD_SETOR": "355030817000568", "faces": 1, "pavimentada": 100.0, "bueiro": 100.0, "iluminacao": 100.0, "onibus": 100.0, "ciclovia": 0.0, "calcada": 100.0, "obstaculo": 0.0, "rampa": 0.0, "rampa_faces": 0.0, "sem_calcada": 0.0, "sem_arvore": 100.0, "muitas_arvores": 0.0, "vao": 100.0, "V05400": 1, "V05421": 1, "V05406": 1, "V05412": 1, "V05422": 0, "V05424": 0, "V05427": 0, "V05409": 1, "V05415": 1, "V05418": 0, "V05430": 1, "V05433": 0, "criancas_0a4": 0, "em_favela": false }, "geometry": { "type": "Polygon", "coordinates": [ [ [ -46.753201, -23.616881 ], [ -46.75296, -23.616539 ], [ -46.75238, -23.616897 ], [ -46.752609, -23.61722 ], [ -46.753201, -23.616881 ] ] ] } },
{ "type": "Feature", "properties": { "CD_SETOR": "355030817000569", "faces": 13, "pavimentada": 100.0, "bueiro": 84.62, "iluminacao": 100.0, "onibus": 23.08, "ciclovia": 15.38, "calcada": 76.92, "obstaculo": 50.0, "rampa": 10.0, "rampa_faces": 7.69, "sem_calcada": 23.08, "sem_arvore": 46.15, "muitas_arvores": 46.15, "vao": 92.31, "V05400": 13, "V05421": 10, "V05406": 13, "V05412": 13, "V05422": 3, "V05424": 5, "V05427": 1, "V05409": 11, "V05415": 3, "V05418": 2, "V05430": 6, "V05433": 6, "criancas_0a4": 29, "em_favela": false }, "geometry": { "type": "Polygon", "coordinates": [ [ [ -46.752609, -23.61722 ], [ -46.75238, -23.616897 ], [ -46.75296, -23.616539 ], [ -46.753201, -23.616881 ], [ -46.753823, -23.616521 ], [ -46.755245, -23.615938 ], [ -46.755742, -23.615569 ], [ -46.755833, -23.615455 ], [ -46.75593, -23.614849 ], [ -46.75576, -23.614696 ], [ -46.755514, -23.614196 ], [ -46.755296, -23.614093 ], [ -46.752538, -23.615326 ], [ -46.752193, -23.615606 ], [ -46.751953, -23.615918 ], [ -46.751377, -23.617067 ], [ -46.751214, -23.617307 ], [ -46.74974, -23.61712 ], [ -46.74911, -23.618401 ], [ -46.749541, -23.618188 ], [ -46.749314, -23.618631 ], [ -46.749583, -23.618846 ], [ -46.749638, -23.618827 ], [ -46.749832, -23.6191 ], [ -46.750767, -23.618384 ], [ -46.752609, -23.61722 ] ] ] } },
{ "type": "Feature", "properties": { "CD_SETOR": "355030817000570", "faces": 15, "pavimentada": 100.0, "bueiro": 33.33, "iluminacao": 100.0, "onibus": 13.33, "ciclovia": 0.0, "calcada": 73.33, "obstaculo": 63.64, "rampa": 18.18, "rampa_faces": 13.33, "sem_calcada": 26.67, "sem_arvore": 40.0, "muitas_arvores": 20.0, "vao": 86.67, "V05400": 15, "V05421": 11, "V05406": 15, "V05412": 15, "V05422": 4, "V05424": 7, "V05427": 2, "V05409": 5, "V05415": 2, "V05418": 0, "V05430": 6, "V05433": 3, "criancas_0a4": 16, "em_favela": false }, "geometry": { "type": "Polygon", "coordinates": [ [ [ -46.759864, -23.619372 ], [ -46.758621, -23.619668 ], [ -46.758922, -23.618783 ], [ -46.758286, -23.618815 ], [ -46.757663, -23.620491 ], [ -46.7576, -23.620861 ], [ -46.757655, -23.621193 ], [ -46.757799, -23.621513 ], [ -46.7579, -23.621663 ], [ -46.758185, -23.621904 ], [ -46.758368, -23.622012 ], [ -46.758765, -23.622142 ], [ -46.759505, -23.622157 ], [ -46.760397, -23.621173 ], [ -46.761976, -23.619967 ], [ -46.761754, -23.619822 ], [ -46.760291, -23.620895 ], [ -46.759888, -23.620791 ], [ -46.760055, -23.620421 ], [ -46.760739, -23.62007 ], [ -46.760918, -23.619357 ], [ -46.760415, -23.619069 ], [ -46.760186, -23.61941 ], [ -46.760049, -23.619433 ], [ -46.759864, -23.619372 ] ] ] } },
{ "type": "Feature", "properties": { "CD_SETOR": "355030817000571", "faces": 1, "pavimentada": 100.0, "bueiro": 100.0, "iluminacao": 100.0, "onibus": 0.0, "ciclovia": 0.0, "calcada": 100.0, "obstaculo": 100.0, "rampa": 0.0, "rampa_faces": 0.0, "sem_calcada": 0.0, "sem_arvore": 0.0, "muitas_arvores": 0.0, "vao": 100.0, "V05400": 1, "V05421": 1, "V05406": 1, "V05412": 1, "V05422": 0, "V05424": 1, "V05427": 0, "V05409": 1, "V05415": 0, "V05418": 0, "V05430": 0, "V05433": 0, "criancas_0a4": 24, "em_favela": false }, "geometry": { "type": "Polygon", "coordinates": [ [ [ -46.758922, -23.618783 ], [ -46.758621, -23.619668 ], [ -46.759864, -23.619372 ], [ -46.759615, -23.619251 ], [ -46.759147, -23.618827 ], [ -46.758922, -23.618783 ] ] ] } },
{ "type": "Feature", "properties": { "CD_SETOR": "355030817000572", "faces": 2, "pavimentada": 100.0, "bueiro": 50.0, "iluminacao": 100.0, "onibus": 0.0, "ciclovia": 0.0, "calcada": 100.0, "obstaculo": 0.0, "rampa": 50.0, "rampa_faces": 50.0, "sem_calcada": 0.0, "sem_arvore": 0.0, "muitas_arvores": 0.0, "vao": 50.0, "V05400": 2, "V05421": 2, "V05406": 2, "V05412": 2, "V05422": 0, "V05424": 0, "V05427": 1, "V05409": 1, "V05415": 0, "V05418": 0, "V05430": 0, "V05433": 0, "criancas_0a4": 21, "em_favela": false }, "geometry": { "type": "Polygon", "coordinates": [ [ [ -46.762624, -23.650202 ], [ -46.763086, -23.649996 ], [ -46.762961, -23.649762 ], [ -46.762402, -23.650003 ], [ -46.762624, -23.650202 ] ] ] } },
{ "type": "Feature", "properties": { "CD_SETOR": "355030817000573", "faces": 2, "pavimentada": 100.0, "bueiro": 0.0, "iluminacao": 100.0, "onibus": 50.0, "ciclovia": 0.0, "calcada": 100.0, "obstaculo": 0.0, "rampa": 0.0, "rampa_faces": 0.0, "sem_calcada": 0.0, "sem_arvore": 0.0, "muitas_arvores": 50.0, "vao": 100.0, "V05400": 2, "V05421": 2, "V05406": 2, "V05412": 2, "V05422": 0, "V05424": 0, "V05427": 0, "V05409": 0, "V05415": 1, "V05418": 0, "V05430": 0, "V05433": 1, "criancas_0a4": 10, "em_favela": false }, "geometry": { "type": "Polygon", "coordinates": [ [ [ -46.762961, -23.649762 ], [ -46.763284, -23.650347 ], [ -46.762867, -23.650522 ], [ -46.762887, -23.650597 ], [ -46.763225, -23.650579 ], [ -46.763455, -23.650481 ], [ -46.763551, -23.650319 ], [ -46.763583, -23.649495 ], [ -46.762961, -23.649762 ] ] ] } },
{ "type": "Feature", "properties": { "CD_SETOR": "355030817000574", "faces": 2, "pavimentada": 100.0, "bueiro": 50.0, "iluminacao": 100.0, "onibus": 0.0, "ciclovia": 0.0, "calcada": 100.0, "obstaculo": 0.0, "rampa": 100.0, "rampa_faces": 100.0, "sem_calcada": 0.0, "sem_arvore": 0.0, "muitas_arvores": 100.0, "vao": 0.0, "V05400": 2, "V05421": 2, "V05406": 2, "V05412": 2, "V05422": 0, "V05424": 0, "V05427": 2, "V05409": 1, "V05415": 0, "V05418": 0, "V05430": 0, "V05433": 2, "criancas_0a4": 30, "em_favela": false }, "geometry": { "type": "Polygon", "coordinates": [ [ [ -46.762867, -23.650522 ], [ -46.763284, -23.650347 ], [ -46.763086, -23.649996 ], [ -46.762624, -23.650202 ], [ -46.762867, -23.650522 ] ] ] } },
{ "type": "Feature", "properties": { "CD_SETOR": "355030817000575", "faces": 17, "pavimentada": 100.0, "bueiro": 64.71, "iluminacao": 100.0, "onibus": 11.76, "ciclovia": 0.0, "calcada": 100.0, "obstaculo": 82.35, "rampa": 0.0, "rampa_faces": 0.0, "sem_calcada": 0.0, "sem_arvore": 35.29, "muitas_arvores": 35.29, "vao": 100.0, "V05400": 17, "V05421": 17, "V05406": 17, "V05412": 17, "V05422": 0, "V05424": 14, "V05427": 0, "V05409": 11, "V05415": 2, "V05418": 0, "V05430": 6, "V05433": 6, "criancas_0a4": 37, "em_favela": false }, "geometry": { "type": "Polygon", "coordinates": [ [ [ -46.750976, -23.62847 ], [ -46.751343, -23.629149 ], [ -46.750104, -23.629887 ], [ -46.748754, -23.630448 ], [ -46.747905, -23.630736 ], [ -46.747692, -23.630759 ], [ -46.747344, -23.630714 ], [ -46.746946, -23.630491 ], [ -46.746494, -23.630984 ], [ -46.746374, -23.63098 ], [ -46.746085, -23.630772 ], [ -46.745971, -23.630768 ], [ -46.745895, -23.630834 ], [ -46.74591, -23.631181 ], [ -46.745986, -23.631266 ], [ -46.746141, -23.631313 ], [ -46.746949, -23.63134 ], [ -46.747193, -23.63139 ], [ -46.747357, -23.631647 ], [ -46.747369, -23.631801 ], [ -46.748054, -23.631806 ], [ -46.74855, -23.631053 ], [ -46.748657, -23.630955 ], [ -46.749219, -23.630702 ], [ -46.750221, -23.63051 ], [ -46.751553, -23.629626 ], [ -46.751792, -23.6296 ], [ -46.751382, -23.628335 ], [ -46.750976, -23.62847 ] ] ] } },
{ "type": "Feature", "properties": { "CD_SETOR": "355030817000576", "faces": 1, "pavimentada": 100.0, "bueiro": 100.0, "iluminacao": 100.0, "onibus": 0.0, "ciclovia": 0.0, "calcada": 100.0, "obstaculo": 0.0, "rampa": 100.0, "rampa_faces": 100.0, "sem_calcada": 0.0, "sem_arvore": 0.0, "muitas_arvores": 0.0, "vao": 0.0, "V05400": 1, "V05421": 1, "V05406": 1, "V05412": 1, "V05422": 0, "V05424": 0, "V05427": 1, "V05409": 1, "V05415": 0, "V05418": 0, "V05430": 0, "V05433": 0, "criancas_0a4": 32, "em_favela": false }, "geometry": { "type": "Polygon", "coordinates": [ [ [ -46.75118, -23.628847 ], [ -46.750058, -23.629513 ], [ -46.750231, -23.629811 ], [ -46.751343, -23.629149 ], [ -46.75118, -23.628847 ] ] ] } },
{ "type": "Feature", "properties": { "CD_SETOR": "355030817000577", "faces": 2, "pavimentada": 100.0, "bueiro": 100.0, "iluminacao": 100.0, "onibus": 0.0, "ciclovia": 0.0, "calcada": 100.0, "obstaculo": 100.0, "rampa": 0.0, "rampa_faces": 0.0, "sem_calcada": 0.0, "sem_arvore": 50.0, "muitas_arvores": 50.0, "vao": 100.0, "V05400": 2, "V05421": 2, "V05406": 2, "V05412": 2, "V05422": 0, "V05424": 2, "V05427": 0, "V05409": 2, "V05415": 0, "V05418": 0, "V05430": 1, "V05433": 1, "criancas_0a4": 35, "em_favela": false }, "geometry": { "type": "Polygon", "coordinates": [ [ [ -46.750231, -23.629811 ], [ -46.750058, -23.629513 ], [ -46.75118, -23.628847 ], [ -46.750976, -23.62847 ], [ -46.749822, -23.629227 ], [ -46.750104, -23.629887 ], [ -46.750231, -23.629811 ] ] ] } },
{ "type": "Feature", "properties": { "CD_SETOR": "355030817000578", "faces": 10, "pavimentada": 100.0, "bueiro": 40.0, "iluminacao": 100.0, "onibus": 0.0, "ciclovia": 0.0, "calcada": 80.0, "obstaculo": 100.0, "rampa": 0.0, "rampa_faces": 0.0, "sem_calcada": 20.0, "sem_arvore": 50.0, "muitas_arvores": 0.0, "vao": 100.0, "V05400": 10, "V05421": 8, "V05406": 10, "V05412": 10, "V05422": 2, "V05424": 8, "V05427": 0, "V05409": 4, "V05415": 0, "V05418": 0, "V05430": 5, "V05433": 0, "criancas_0a4": 50, "em_favela": false }, "geometry": { "type": "Polygon", "coordinates": [ [ [ -46.745464, -23.63495 ], [ -46.743697, -23.636442 ], [ -46.744412, -23.637572 ], [ -46.745427, -23.636985 ], [ -46.745289, -23.636783 ], [ -46.745678, -23.636004 ], [ -46.745882, -23.635832 ], [ -46.745784, -23.635712 ], [ -46.74576, -23.635581 ], [ -46.745969, -23.63533 ], [ -46.745675, -23.635002 ], [ -46.745464, -23.63495 ] ] ] } },
{ "type": "Feature", "properties": { "CD_SETOR": "355030817000579", "faces": 6, "pavimentada": 100.0, "bueiro": 33.33, "iluminacao": 83.33, "onibus": 0.0, "ciclovia": 0.0, "calcada": 66.67, "obstaculo": 100.0, "rampa": 0.0, "rampa_faces": 0.0, "sem_calcada": 33.33, "sem_arvore": 100.0, "muitas_arvores": 0.0, "vao": 100.0, "V05400": 6, "V05421": 4, "V05406": 6, "V05412": 5, "V05422": 2, "V05424": 4, "V05427": 0, "V05409": 2, "V05415": 0, "V05418": 0, "V05430": 6, "V05433": 0, "criancas_0a4": 8, "em_favela": true }, "geometry": { "type": "Polygon", "coordinates": [ [ [ -46.743697, -23.636442 ], [ -46.7448, -23.635528 ], [ -46.744381, -23.63518 ], [ -46.743739, -23.635707 ], [ -46.743195, -23.635427 ], [ -46.742788, -23.63528 ], [ -46.743382, -23.635978 ], [ -46.743697, -23.636442 ] ] ] } },
{ "type": "Feature", "properties": { "CD_SETOR": "355030817000580", "faces": 22, "pavimentada": 100.0, "bueiro": 81.82, "iluminacao": 100.0, "onibus": 13.64, "ciclovia": 0.0, "calcada": 81.82, "obstaculo": 94.44, "rampa": 11.11, "rampa_faces": 9.09, "sem_calcada": 18.18, "sem_arvore": 59.09, "muitas_arvores": 13.64, "vao": 90.91, "V05400": 22, "V05421": 18, "V05406": 22, "V05412": 22, "V05422": 4, "V05424": 17, "V05427": 2, "V05409": 18, "V05415": 3, "V05418": 0, "V05430": 13, "V05433": 3, "criancas_0a4": 32, "em_favela": false }, "geometry": { "type": "Polygon", "coordinates": [ [ [ -46.76578, -23.638586 ], [ -46.763881, -23.638259 ], [ -46.763686, -23.639071 ], [ -46.76418, -23.639125 ], [ -46.764163, -23.639354 ], [ -46.763962, -23.63934 ], [ -46.763882, -23.640106 ], [ -46.76413, -23.640132 ], [ -46.764056, -23.640986 ], [ -46.764598, -23.641178 ], [ -46.764721, -23.641347 ], [ -46.766015, -23.642179 ], [ -46.766384, -23.641505 ], [ -46.766415, -23.641324 ], [ -46.766362, -23.64073 ], [ -46.766558, -23.639593 ], [ -46.766999, -23.638695 ], [ -46.766394, -23.638337 ], [ -46.766302, -23.638515 ], [ -46.766063, -23.638748 ], [ -46.76578, -23.638586 ] ] ] } },
{ "type": "Feature", "properties": { "CD_SETOR": "355030817000582", "faces": 13, "pavimentada": 46.15, "bueiro": 15.38, "iluminacao": 30.77, "onibus": 15.38, "ciclovia": 0.0, "calcada": 30.77, "obstaculo": 100.0, "rampa": 25.0, "rampa_faces": 7.69, "sem_calcada": 69.23, "sem_arvore": 84.62, "muitas_arvores": 7.69, "vao": 38.46, "V05400": 13, "V05421": 4, "V05406": 6, "V05412": 4, "V05422": 9, "V05424": 4, "V05427": 1, "V05409": 2, "V05415": 2, "V05418": 0, "V05430": 11, "V05433": 1, "criancas_0a4": 55, "em_favela": true }, "geometry": { "type": "Polygon", "coordinates": [ [ [ -46.779762, -23.650047 ], [ -46.779765, -23.650208 ], [ -46.779523, -23.650633 ], [ -46.779352, -23.650569 ], [ -46.779217, -23.6509 ], [ -46.778933, -23.650796 ], [ -46.77852, -23.65175 ], [ -46.778247, -23.652545 ], [ -46.778461, -23.652434 ], [ -46.778772, -23.65198 ], [ -46.779019, -23.651747 ], [ -46.779457, -23.651442 ], [ -46.779771, -23.651307 ], [ -46.780381, -23.651253 ], [ -46.780539, -23.649569 ], [ -46.780293, -23.649496 ], [ -46.780168, -23.649712 ], [ -46.779762, -23.650047 ] ] ] } },
{ "type": "Feature", "properties": { "CD_SETOR": "355030817000583", "faces": 2, "pavimentada": 100.0, "bueiro": 0.0, "iluminacao": 50.0, "onibus": 0.0, "ciclovia": 0.0, "calcada": 50.0, "obstaculo": 100.0, "rampa": 100.0, "rampa_faces": 50.0, "sem_calcada": 50.0, "sem_arvore": 100.0, "muitas_arvores": 0.0, "vao": 50.0, "V05400": 2, "V05421": 1, "V05406": 2, "V05412": 1, "V05422": 1, "V05424": 1, "V05427": 1, "V05409": 0, "V05415": 0, "V05418": 0, "V05430": 2, "V05433": 0, "criancas_0a4": 0, "em_favela": false }, "geometry": { "type": "Polygon", "coordinates": [ [ [ -46.778933, -23.650796 ], [ -46.779217, -23.6509 ], [ -46.779352, -23.650569 ], [ -46.779523, -23.650633 ], [ -46.779765, -23.650208 ], [ -46.779762, -23.650047 ], [ -46.779627, -23.650063 ], [ -46.779294, -23.649961 ], [ -46.778933, -23.650796 ] ] ] } },
{ "type": "Feature", "properties": { "CD_SETOR": "355030817000584", "faces": 2, "pavimentada": 100.0, "bueiro": 0.0, "iluminacao": 100.0, "onibus": 0.0, "ciclovia": 0.0, "calcada": 50.0, "obstaculo": 100.0, "rampa": 0.0, "rampa_faces": 0.0, "sem_calcada": 50.0, "sem_arvore": 100.0, "muitas_arvores": 0.0, "vao": 100.0, "V05400": 2, "V05421": 1, "V05406": 2, "V05412": 2, "V05422": 1, "V05424": 1, "V05427": 0, "V05409": 0, "V05415": 0, "V05418": 0, "V05430": 2, "V05433": 0, "criancas_0a4": 12, "em_favela": false }, "geometry": { "type": "Polygon", "coordinates": [ [ [ -46.773161, -23.651306 ], [ -46.773569, -23.651361 ], [ -46.773649, -23.650983 ], [ -46.773248, -23.650987 ], [ -46.773161, -23.651306 ] ] ] } },
{ "type": "Feature", "properties": { "CD_SETOR": "355030817000585", "faces": 4, "pavimentada": 100.0, "bueiro": 50.0, "iluminacao": 75.0, "onibus": 0.0, "ciclovia": 0.0, "calcada": 25.0, "obstaculo": 100.0, "rampa": 0.0, "rampa_faces": 0.0, "sem_calcada": 75.0, "sem_arvore": 75.0, "muitas_arvores": 0.0, "vao": 100.0, "V05400": 4, "V05421": 1, "V05406": 4, "V05412": 3, "V05422": 3, "V05424": 1, "V05427": 0, "V05409": 2, "V05415": 0, "V05418": 0, "V05430": 3, "V05433": 0, "criancas_0a4": 0, "em_favela": true }, "geometry": { "type": "Polygon", "coordinates": [ [ [ -46.773569, -23.651361 ], [ -46.773161, -23.651306 ], [ -46.773101, -23.651591 ], [ -46.773535, -23.651689 ], [ -46.773569, -23.651361 ] ] ] } },
{ "type": "Feature", "properties": { "CD_SETOR": "355030817000586", "faces": 45, "pavimentada": 80.0, "bueiro": 11.11, "iluminacao": 73.33, "onibus": 2.22, "ciclovia": 0.0, "calcada": 26.67, "obstaculo": 91.67, "rampa": 0.0, "rampa_faces": 0.0, "sem_calcada": 73.33, "sem_arvore": 84.44, "muitas_arvores": 8.89, "vao": 80.0, "V05400": 45, "V05421": 12, "V05406": 36, "V05412": 33, "V05422": 33, "V05424": 11, "V05427": 0, "V05409": 5, "V05415": 1, "V05418": 0, "V05430": 38, "V05433": 4, "criancas_0a4": 52, "em_favela": true }, "geometry": { "type": "Polygon", "coordinates": [ [ [ -46.771555, -23.649958 ], [ -46.770804, -23.649527 ], [ -46.770961, -23.649309 ], [ -46.770557, -23.649085 ], [ -46.770345, -23.648861 ], [ -46.769882, -23.649277 ], [ -46.769975, -23.649794 ], [ -46.769995, -23.651198 ], [ -46.770304, -23.651209 ], [ -46.77058, -23.651299 ], [ -46.770631, -23.651502 ], [ -46.770788, -23.651521 ], [ -46.771107, -23.650301 ], [ -46.771234, -23.65022 ], [ -46.771391, -23.650245 ], [ -46.771555, -23.649958 ] ] ] } },
{ "type": "Feature", "properties": { "CD_SETOR": "355030817000587", "faces": 1, "pavimentada": 100.0, "bueiro": 100.0, "iluminacao": 100.0, "onibus": 0.0, "ciclovia": 0.0, "calcada": 100.0, "obstaculo": 100.0, "rampa": 0.0, "rampa_faces": 0.0, "sem_calcada": 0.0, "sem_arvore": 0.0, "muitas_arvores": 0.0, "vao": 100.0, "V05400": 1, "V05421": 1, "V05406": 1, "V05412": 1, "V05422": 0, "V05424": 1, "V05427": 0, "V05409": 1, "V05415": 0, "V05418": 0, "V05430": 0, "V05433": 0, "criancas_0a4": 3, "em_favela": false }, "geometry": { "type": "Polygon", "coordinates": [ [ [ -46.770961, -23.649309 ], [ -46.770804, -23.649527 ], [ -46.771555, -23.649958 ], [ -46.771689, -23.649724 ], [ -46.770961, -23.649309 ] ] ] } },
{ "type": "Feature", "properties": { "CD_SETOR": "355030817000588", "faces": 11, "pavimentada": 100.0, "bueiro": 9.09, "iluminacao": 100.0, "onibus": 0.0, "ciclovia": 0.0, "calcada": 27.27, "obstaculo": 66.67, "rampa": 0.0, "rampa_faces": 0.0, "sem_calcada": 72.73, "sem_arvore": 81.82, "muitas_arvores": 18.18, "vao": 100.0, "V05400": 11, "V05421": 3, "V05406": 11, "V05412": 11, "V05422": 8, "V05424": 2, "V05427": 0, "V05409": 1, "V05415": 0, "V05418": 0, "V05430": 9, "V05433": 2, "criancas_0a4": 11, "em_favela": true }, "geometry": { "type": "Polygon", "coordinates": [ [ [ -46.752718, -23.633358 ], [ -46.752653, -23.633354 ], [ -46.752483, -23.633163 ], [ -46.752377, -23.633249 ], [ -46.75207, -23.632934 ], [ -46.751829, -23.632969 ], [ -46.751752, -23.633022 ], [ -46.751671, -23.633303 ], [ -46.751693, -23.633433 ], [ -46.751789, -23.633545 ], [ -46.752278, -23.633847 ], [ -46.752718, -23.633358 ] ] ] } },
{ "type": "Feature", "properties": { "CD_SETOR": "355030817000589", "faces": 2, "pavimentada": 100.0, "bueiro": 50.0, "iluminacao": 100.0, "onibus": 0.0, "ciclovia": 0.0, "calcada": 100.0, "obstaculo": 100.0, "rampa": 0.0, "rampa_faces": 0.0, "sem_calcada": 0.0, "sem_arvore": 50.0, "muitas_arvores": 50.0, "vao": 100.0, "V05400": 2, "V05421": 2, "V05406": 2, "V05412": 2, "V05422": 0, "V05424": 2, "V05427": 0, "V05409": 1, "V05415": 0, "V05418": 0, "V05430": 1, "V05433": 1, "criancas_0a4": 0, "em_favela": false }, "geometry": { "type": "Polygon", "coordinates": [ [ [ -46.75207, -23.632934 ], [ -46.752377, -23.633249 ], [ -46.752483, -23.633163 ], [ -46.752653, -23.633354 ], [ -46.752718, -23.633358 ], [ -46.752725, -23.633248 ], [ -46.753074, -23.632996 ], [ -46.753125, -23.632801 ], [ -46.75284, -23.632489 ], [ -46.752377, -23.632851 ], [ -46.75207, -23.632934 ] ] ] } },
{ "type": "Feature", "properties": { "CD_SETOR": "355030817000590", "faces": 2, "pavimentada": 100.0, "bueiro": 0.0, "iluminacao": 100.0, "onibus": 0.0, "ciclovia": 0.0, "calcada": 100.0, "obstaculo": 100.0, "rampa": 0.0, "rampa_faces": 0.0, "sem_calcada": 0.0, "sem_arvore": 0.0, "muitas_arvores": 50.0, "vao": 100.0, "V05400": 2, "V05421": 2, "V05406": 2, "V05412": 2, "V05422": 0, "V05424": 2, "V05427": 0, "V05409": 0, "V05415": 0, "V05418": 0, "V05430": 0, "V05433": 1, "criancas_0a4": 0, "em_favela": false }, "geometry": { "type": "Polygon", "coordinates": [ [ [ -46.75293, -23.63367 ], [ -46.752873, -23.633723 ], [ -46.752711, -23.633584 ], [ -46.752462, -23.633956 ], [ -46.752812, -23.63417 ], [ -46.753777, -23.633989 ], [ -46.753962, -23.6339 ], [ -46.753256, -23.63383 ], [ -46.75293, -23.63367 ] ] ] } },
{ "type": "Feature", "properties": { "CD_SETOR": "355030817000591", "faces": 2, "pavimentada": 100.0, "bueiro": 50.0, "iluminacao": 100.0, "onibus": 0.0, "ciclovia": 0.0, "calcada": 50.0, "obstaculo": 100.0, "rampa": 0.0, "rampa_faces": 0.0, "sem_calcada": 50.0, "sem_arvore": 50.0, "muitas_arvores": 50.0, "vao": 100.0, "V05400": 2, "V05421": 1, "V05406": 2, "V05412": 2, "V05422": 1, "V05424": 1, "V05427": 0, "V05409": 1, "V05415": 0, "V05418": 0, "V05430": 1, "V05433": 1, "criancas_0a4": 0, "em_favela": true }, "geometry": { "type": "Polygon", "coordinates": [ [ [ -46.752462, -23.633956 ], [ -46.752711, -23.633584 ], [ -46.752873, -23.633723 ], [ -46.75293, -23.63367 ], [ -46.752718, -23.633358 ], [ -46.752278, -23.633847 ], [ -46.752462, -23.633956 ] ] ] } },
{ "type": "Feature", "properties": { "CD_SETOR": "355030817000592", "faces": 23, "pavimentada": 100.0, "bueiro": 30.43, "iluminacao": 73.91, "onibus": 4.35, "ciclovia": 0.0, "calcada": 30.43, "obstaculo": 71.43, "rampa": 0.0, "rampa_faces": 0.0, "sem_calcada": 69.57, "sem_arvore": 73.91, "muitas_arvores": 13.04, "vao": 100.0, "V05400": 23, "V05421": 7, "V05406": 23, "V05412": 17, "V05422": 16, "V05424": 5, "V05427": 0, "V05409": 7, "V05415": 1, "V05418": 0, "V05430": 17, "V05433": 3, "criancas_0a4": 63, "em_favela": true }, "geometry": { "type": "Polygon", "coordinates": [ [ [ -46.751213, -23.637108 ], [ -46.750657, -23.636943 ], [ -46.749987, -23.638686 ], [ -46.750437, -23.63893 ], [ -46.750514, -23.638805 ], [ -46.750598, -23.638843 ], [ -46.750772, -23.638788 ], [ -46.750867, -23.638438 ], [ -46.750837, -23.638258 ], [ -46.751213, -23.637108 ] ] ] } },
{ "type": "Feature", "properties": { "CD_SETOR": "355030817000593", "faces": 1, "pavimentada": 100.0, "bueiro": 0.0, "iluminacao": 100.0, "onibus": 0.0, "ciclovia": 0.0, "calcada": 100.0, "obstaculo": 100.0, "rampa": 0.0, "rampa_faces": 0.0, "sem_calcada": 0.0, "sem_arvore": 0.0, "muitas_arvores": 100.0, "vao": 100.0, "V05400": 1, "V05421": 1, "V05406": 1, "V05412": 1, "V05422": 0, "V05424": 1, "V05427": 0, "V05409": 0, "V05415": 0, "V05418": 0, "V05430": 0, "V05433": 1, "criancas_0a4": 0, "em_favela": false }, "geometry": { "type": "Polygon", "coordinates": [ [ [ -46.750657, -23.636943 ], [ -46.751213, -23.637108 ], [ -46.75139, -23.636534 ], [ -46.750923, -23.636609 ], [ -46.750765, -23.636738 ], [ -46.750657, -23.636943 ] ] ] } },
{ "type": "Feature", "properties": { "CD_SETOR": "355030817000599", "faces": 21, "pavimentada": 100.0, "bueiro": 14.29, "iluminacao": 100.0, "onibus": 0.0, "ciclovia": 0.0, "calcada": 23.81, "obstaculo": 100.0, "rampa": 0.0, "rampa_faces": 0.0, "sem_calcada": 76.19, "sem_arvore": 61.9, "muitas_arvores": 0.0, "vao": 100.0, "V05400": 21, "V05421": 5, "V05406": 21, "V05412": 21, "V05422": 16, "V05424": 5, "V05427": 0, "V05409": 3, "V05415": 0, "V05418": 0, "V05430": 13, "V05433": 0, "criancas_0a4": 56, "em_favela": true }, "geometry": { "type": "Polygon", "coordinates": [ [ [ -46.758205, -23.629824 ], [ -46.7588, -23.629594 ], [ -46.758535, -23.629532 ], [ -46.758515, -23.629366 ], [ -46.758739, -23.629235 ], [ -46.758695, -23.629125 ], [ -46.758962, -23.62883 ], [ -46.75881, -23.628628 ], [ -46.758509, -23.629026 ], [ -46.758342, -23.629114 ], [ -46.758182, -23.629129 ], [ -46.757396, -23.628955 ], [ -46.756631, -23.628646 ], [ -46.756712, -23.628859 ], [ -46.756816, -23.62893 ], [ -46.756718, -23.62904 ], [ -46.756832, -23.629123 ], [ -46.756777, -23.629258 ], [ -46.756834, -23.629308 ], [ -46.756718, -23.629485 ], [ -46.756778, -23.629658 ], [ -46.757147, -23.629557 ], [ -46.75755, -23.629579 ], [ -46.757922, -23.629663 ], [ -46.758205, -23.629824 ] ] ] } },
{ "type": "Feature", "properties": { "CD_SETOR": "355030817000600", "faces": 5, "pavimentada": 100.0, "bueiro": 20.0, "iluminacao": 100.0, "onibus": 0.0, "ciclovia": 0.0, "calcada": 40.0, "obstaculo": 100.0, "rampa": 0.0, "rampa_faces": 0.0, "sem_calcada": 60.0, "sem_arvore": 40.0, "muitas_arvores": 0.0, "vao": 100.0, "V05400": 5, "V05421": 2, "V05406": 5, "V05412": 5, "V05422": 3, "V05424": 2, "V05427": 0, "V05409": 1, "V05415": 0, "V05418": 0, "V05430": 2, "V05433": 0, "criancas_0a4": 0, "em_favela": false }, "geometry": { "type": "Polygon", "coordinates": [ [ [ -46.7588, -23.629594 ], [ -46.75861, -23.629651 ], [ -46.758543, -23.629721 ], [ -46.758376, -23.629733 ], [ -46.758205, -23.629824 ], [ -46.758288, -23.62995 ], [ -46.758912, -23.630139 ], [ -46.758953, -23.629616 ], [ -46.7588, -23.629594 ] ] ] } },
{ "type": "Feature", "properties": { "CD_SETOR": "355030817000601", "faces": 4, "pavimentada": 100.0, "bueiro": 100.0, "iluminacao": 100.0, "onibus": 50.0, "ciclovia": 0.0, "calcada": 100.0, "obstaculo": 75.0, "rampa": 75.0, "rampa_faces": 75.0, "sem_calcada": 0.0, "sem_arvore": 0.0, "muitas_arvores": 100.0, "vao": 25.0, "V05400": 4, "V05421": 4, "V05406": 4, "V05412": 4, "V05422": 0, "V05424": 3, "V05427": 3, "V05409": 4, "V05415": 2, "V05418": 0, "V05430": 0, "V05433": 4, "criancas_0a4": 0, "em_favela": false }, "geometry": { "type": "Polygon", "coordinates": [ [ [ -46.76196, -23.638884 ], [ -46.76233, -23.638478 ], [ -46.762636, -23.638544 ], [ -46.762819, -23.638519 ], [ -46.763683, -23.638183 ], [ -46.764027, -23.637876 ], [ -46.763956, -23.637826 ], [ -46.763933, -23.637724 ], [ -46.764156, -23.636515 ], [ -46.763402, -23.636903 ], [ -46.763473, -23.637145 ], [ -46.763371, -23.637478 ], [ -46.7633, -23.637567 ], [ -46.762488, -23.637975 ], [ -46.761877, -23.638144 ], [ -46.761704, -23.638627 ], [ -46.76148, -23.638951 ], [ -46.761441, -23.63911 ], [ -46.761912, -23.639145 ], [ -46.76196, -23.638884 ] ] ] } },
{ "type": "Feature", "properties": { "CD_SETOR": "355030817000602", "faces": 8, "pavimentada": 12.5, "bueiro": 12.5, "iluminacao": 12.5, "onibus": 0.0, "ciclovia": 0.0, "calcada": 12.5, "obstaculo": 100.0, "rampa": 0.0, "rampa_faces": 0.0, "sem_calcada": 0.0, "sem_arvore": 0.0, "muitas_arvores": 12.5, "vao": 12.5, "V05400": 8, "V05421": 1, "V05406": 1, "V05412": 1, "V05422": 0, "V05424": 1, "V05427": 0, "V05409": 1, "V05415": 0, "V05418": 0, "V05430": 0, "V05433": 1, "criancas_0a4": 40, "em_favela": true }, "geometry": { "type": "Polygon", "coordinates": [ [ [ -46.764027, -23.637876 ], [ -46.763683, -23.638183 ], [ -46.762819, -23.638519 ], [ -46.762636, -23.638544 ], [ -46.76233, -23.638478 ], [ -46.76196, -23.638884 ], [ -46.763686, -23.639071 ], [ -46.763881, -23.638259 ], [ -46.76578, -23.638586 ], [ -46.765827, -23.638271 ], [ -46.764027, -23.637876 ] ] ] } },
{ "type": "Feature", "properties": { "CD_SETOR": "355030817000603", "faces": 20, "pavimentada": 70.0, "bueiro": 0.0, "iluminacao": 35.0, "onibus": 5.0, "ciclovia": 0.0, "calcada": 20.0, "obstaculo": 100.0, "rampa": 0.0, "rampa_faces": 0.0, "sem_calcada": 80.0, "sem_arvore": 85.0, "muitas_arvores": 5.0, "vao": 70.0, "V05400": 20, "V05421": 4, "V05406": 14, "V05412": 7, "V05422": 16, "V05424": 4, "V05427": 0, "V05409": 0, "V05415": 1, "V05418": 0, "V05430": 17, "V05433": 1, "criancas_0a4": 55, "em_favela": true }, "geometry": { "type": "Polygon", "coordinates": [ [ [ -46.745906, -23.630811 ], [ -46.745674, -23.630921 ], [ -46.745735, -23.62996 ], [ -46.744746, -23.629892 ], [ -46.744459, -23.629744 ], [ -46.744268, -23.629387 ], [ -46.744067, -23.62866 ], [ -46.743568, -23.629674 ], [ -46.743831, -23.62974 ], [ -46.744355, -23.630004 ], [ -46.744579, -23.630171 ], [ -46.744561, -23.630261 ], [ -46.744791, -23.630558 ], [ -46.744777, -23.631225 ], [ -46.744824, -23.631444 ], [ -46.744776, -23.631512 ], [ -46.744923, -23.631787 ], [ -46.745003, -23.631847 ], [ -46.74586, -23.631703 ], [ -46.745906, -23.630811 ] ] ] } },
{ "type": "Feature", "properties": { "CD_SETOR": "355030817000604", "faces": 2, "pavimentada": 100.0, "bueiro": 50.0, "iluminacao": 100.0, "onibus": 50.0, "ciclovia": 0.0, "calcada": 100.0, "obstaculo": 100.0, "rampa": 0.0, "rampa_faces": 0.0, "sem_calcada": 0.0, "sem_arvore": 0.0, "muitas_arvores": 100.0, "vao": 100.0, "V05400": 2, "V05421": 2, "V05406": 2, "V05412": 2, "V05422": 0, "V05424": 2, "V05427": 0, "V05409": 1, "V05415": 1, "V05418": 0, "V05430": 0, "V05433": 2, "criancas_0a4": 6, "em_favela": false }, "geometry": { "type": "Polygon", "coordinates": [ [ [ -46.745735, -23.62996 ], [ -46.745674, -23.630921 ], [ -46.74605, -23.630761 ], [ -46.74634, -23.630963 ], [ -46.746494, -23.630984 ], [ -46.746946, -23.630491 ], [ -46.746259, -23.630043 ], [ -46.745735, -23.62996 ] ] ] } },
{ "type": "Feature", "properties": { "CD_SETOR": "355030817000605", "faces": 2, "pavimentada": 100.0, "bueiro": 0.0, "iluminacao": 100.0, "onibus": 0.0, "ciclovia": 0.0, "calcada": 100.0, "obstaculo": 100.0, "rampa": 0.0, "rampa_faces": 0.0, "sem_calcada": 0.0, "sem_arvore": 50.0, "muitas_arvores": 0.0, "vao": 100.0, "V05400": 2, "V05421": 2, "V05406": 2, "V05412": 2, "V05422": 0, "V05424": 2, "V05427": 0, "V05409": 0, "V05415": 0, "V05418": 0, "V05430": 1, "V05433": 0, "criancas_0a4": 12, "em_favela": true }, "geometry": { "type": "Polygon", "coordinates": [ [ [ -46.751497, -23.644037 ], [ -46.751125, -23.644203 ], [ -46.750383, -23.644071 ], [ -46.750422, -23.643812 ], [ -46.750069, -23.643749 ], [ -46.75007, -23.643951 ], [ -46.750166, -23.644136 ], [ -46.750762, -23.644449 ], [ -46.751089, -23.64475 ], [ -46.75123, -23.644686 ], [ -46.751316, -23.644358 ], [ -46.751497, -23.644037 ] ] ] } },
{ "type": "Feature", "properties": { "CD_SETOR": "355030817000607", "faces": 2, "pavimentada": 100.0, "bueiro": 0.0, "iluminacao": 100.0, "onibus": 0.0, "ciclovia": 0.0, "calcada": 0.0, "obstaculo": null, "rampa": null, "rampa_faces": 0.0, "sem_calcada": 100.0, "sem_arvore": 50.0, "muitas_arvores": 50.0, "vao": 100.0, "V05400": 2, "V05421": 0, "V05406": 2, "V05412": 2, "V05422": 2, "V05424": 0, "V05427": 0, "V05409": 0, "V05415": 0, "V05418": 0, "V05430": 1, "V05433": 1, "criancas_0a4": 9, "em_favela": false }, "geometry": { "type": "Polygon", "coordinates": [ [ [ -46.774268, -23.650932 ], [ -46.774525, -23.650735 ], [ -46.775329, -23.65066 ], [ -46.775476, -23.650288 ], [ -46.775208, -23.650107 ], [ -46.774384, -23.649818 ], [ -46.773994, -23.649435 ], [ -46.773812, -23.65028 ], [ -46.774161, -23.650353 ], [ -46.774052, -23.650879 ], [ -46.774268, -23.650932 ] ] ] } },
{ "type": "Feature", "properties": { "CD_SETOR": "355030817000608", "faces": 12, "pavimentada": 100.0, "bueiro": 66.67, "iluminacao": 100.0, "onibus": 8.33, "ciclovia": 0.0, "calcada": 100.0, "obstaculo": 91.67, "rampa": 0.0, "rampa_faces": 0.0, "sem_calcada": 0.0, "sem_arvore": 41.67, "muitas_arvores": 16.67, "vao": 100.0, "V05400": 12, "V05421": 12, "V05406": 12, "V05412": 12, "V05422": 0, "V05424": 11, "V05427": 0, "V05409": 8, "V05415": 1, "V05418": 0, "V05430": 5, "V05433": 2, "criancas_0a4": 30, "em_favela": false }, "geometry": { "type": "Polygon", "coordinates": [ [ [ -46.774242, -23.651043 ], [ -46.773699, -23.650945 ], [ -46.773623, -23.650887 ], [ -46.77345, -23.650284 ], [ -46.773093, -23.649608 ], [ -46.772977, -23.649199 ], [ -46.77241, -23.649327 ], [ -46.771529, -23.649629 ], [ -46.772544, -23.650227 ], [ -46.772857, -23.650514 ], [ -46.773089, -23.650924 ], [ -46.773405, -23.651014 ], [ -46.773649, -23.650983 ], [ -46.773535, -23.651689 ], [ -46.77382, -23.651796 ], [ -46.773992, -23.651675 ], [ -46.774201, -23.65145 ], [ -46.774242, -23.651043 ] ] ] } },
{ "type": "Feature", "properties": { "CD_SETOR": "355030817000609", "faces": 3, "pavimentada": 100.0, "bueiro": 33.33, "iluminacao": 100.0, "onibus": 0.0, "ciclovia": 0.0, "calcada": 33.33, "obstaculo": 100.0, "rampa": 0.0, "rampa_faces": 0.0, "sem_calcada": 66.67, "sem_arvore": 66.67, "muitas_arvores": 33.33, "vao": 100.0, "V05400": 3, "V05421": 1, "V05406": 3, "V05412": 3, "V05422": 2, "V05424": 1, "V05427": 0, "V05409": 1, "V05415": 0, "V05418": 0, "V05430": 2, "V05433": 1, "criancas_0a4": 5, "em_favela": true }, "geometry": { "type": "Polygon", "coordinates": [ [ [ -46.774268, -23.650932 ], [ -46.774052, -23.650879 ], [ -46.774161, -23.650353 ], [ -46.773812, -23.65028 ], [ -46.773666, -23.650919 ], [ -46.774242, -23.651043 ], [ -46.774268, -23.650932 ] ] ] } },
{ "type": "Feature", "properties": { "CD_SETOR": "355030817000612", "faces": 14, "pavimentada": 100.0, "bueiro": 21.43, "iluminacao": 100.0, "onibus": 7.14, "ciclovia": 0.0, "calcada": 71.43, "obstaculo": 50.0, "rampa": 0.0, "rampa_faces": 0.0, "sem_calcada": 28.57, "sem_arvore": 50.0, "muitas_arvores": 0.0, "vao": 100.0, "V05400": 14, "V05421": 10, "V05406": 14, "V05412": 14, "V05422": 4, "V05424": 5, "V05427": 0, "V05409": 3, "V05415": 1, "V05418": 0, "V05430": 7, "V05433": 0, "criancas_0a4": 17, "em_favela": false }, "geometry": { "type": "Polygon", "coordinates": [ [ [ -46.751547, -23.634062 ], [ -46.751892, -23.633608 ], [ -46.751714, -23.633472 ], [ -46.751671, -23.633351 ], [ -46.751752, -23.633022 ], [ -46.751829, -23.632969 ], [ -46.752377, -23.632851 ], [ -46.75284, -23.632489 ], [ -46.75229, -23.631947 ], [ -46.752216, -23.632263 ], [ -46.752067, -23.632389 ], [ -46.751585, -23.632413 ], [ -46.750686, -23.632254 ], [ -46.750448, -23.633311 ], [ -46.75104, -23.6335 ], [ -46.751015, -23.633623 ], [ -46.751087, -23.633771 ], [ -46.751547, -23.634062 ] ] ] } },
{ "type": "Feature", "properties": { "CD_SETOR": "355030817000613", "faces": 12, "pavimentada": 100.0, "bueiro": 16.67, "iluminacao": 100.0, "onibus": 33.33, "ciclovia": 0.0, "calcada": 75.0, "obstaculo": 33.33, "rampa": 0.0, "rampa_faces": 0.0, "sem_calcada": 25.0, "sem_arvore": 50.0, "muitas_arvores": 25.0, "vao": 100.0, "V05400": 12, "V05421": 9, "V05406": 12, "V05412": 12, "V05422": 3, "V05424": 3, "V05427": 0, "V05409": 2, "V05415": 4, "V05418": 0, "V05430": 6, "V05433": 3, "criancas_0a4": 19, "em_favela": false }, "geometry": { "type": "Polygon", "coordinates": [ [ [ -46.751892, -23.633608 ], [ -46.751547, -23.634062 ], [ -46.7532, -23.635061 ], [ -46.753554, -23.635069 ], [ -46.753905, -23.63538 ], [ -46.754167, -23.635493 ], [ -46.75434, -23.634905 ], [ -46.75407, -23.634895 ], [ -46.753712, -23.634779 ], [ -46.753469, -23.634534 ], [ -46.751892, -23.633608 ] ] ] } },
{ "type": "Feature", "properties": { "CD_SETOR": "355030817000614", "faces": 3, "pavimentada": 66.67, "bueiro": 33.33, "iluminacao": 66.67, "onibus": 0.0, "ciclovia": 0.0, "calcada": 33.33, "obstaculo": 0.0, "rampa": 0.0, "rampa_faces": 0.0, "sem_calcada": 33.33, "sem_arvore": 0.0, "muitas_arvores": 33.33, "vao": 66.67, "V05400": 3, "V05421": 1, "V05406": 2, "V05412": 2, "V05422": 1, "V05424": 0, "V05427": 0, "V05409": 1, "V05415": 0, "V05418": 0, "V05430": 0, "V05433": 1, "criancas_0a4": 0, "em_favela": false }, "geometry": { "type": "Polygon", "coordinates": [ [ [ -46.753862, -23.632525 ], [ -46.75379, -23.632566 ], [ -46.753446, -23.63249 ], [ -46.75335, -23.63256 ], [ -46.753286, -23.632809 ], [ -46.753125, -23.632805 ], [ -46.753074, -23.632996 ], [ -46.752709, -23.63327 ], [ -46.752764, -23.63346 ], [ -46.753639, -23.633368 ], [ -46.753862, -23.632525 ] ] ] } },
{ "type": "Feature", "properties": { "CD_SETOR": "355030817000615", "faces": 18, "pavimentada": 100.0, "bueiro": 11.11, "iluminacao": 100.0, "onibus": 0.0, "ciclovia": 0.0, "calcada": 16.67, "obstaculo": 100.0, "rampa": 0.0, "rampa_faces": 0.0, "sem_calcada": 83.33, "sem_arvore": 94.44, "muitas_arvores": 5.56, "vao": 100.0, "V05400": 18, "V05421": 3, "V05406": 18, "V05412": 18, "V05422": 15, "V05424": 3, "V05427": 0, "V05409": 2, "V05415": 0, "V05418": 0, "V05430": 17, "V05433": 1, "criancas_0a4": 23, "em_favela": true }, "geometry": { "type": "Polygon", "coordinates": [ [ [ -46.753125, -23.632805 ], [ -46.753286, -23.632809 ], [ -46.75335, -23.63256 ], [ -46.753446, -23.63249 ], [ -46.75379, -23.632566 ], [ -46.753862, -23.632525 ], [ -46.753123, -23.631812 ], [ -46.752598, -23.632249 ], [ -46.753029, -23.632656 ], [ -46.753125, -23.632805 ] ] ] } },
{ "type": "Feature", "properties": { "CD_SETOR": "355030817000616", "faces": 18, "pavimentada": 83.33, "bueiro": 50.0, "iluminacao": 83.33, "onibus": 16.67, "ciclovia": 0.0, "calcada": 38.89, "obstaculo": 28.57, "rampa": 0.0, "rampa_faces": 0.0, "sem_calcada": 61.11, "sem_arvore": 100.0, "muitas_arvores": 0.0, "vao": 83.33, "V05400": 18, "V05421": 7, "V05406": 15, "V05412": 15, "V05422": 11, "V05424": 2, "V05427": 0, "V05409": 9, "V05415": 3, "V05418": 0, "V05430": 18, "V05433": 0, "criancas_0a4": 46, "em_favela": true }, "geometry": { "type": "Polygon", "coordinates": [ [ [ -46.748016, -23.620626 ], [ -46.747129, -23.622429 ], [ -46.747327, -23.622499 ], [ -46.747176, -23.622873 ], [ -46.746271, -23.624648 ], [ -46.746724, -23.624307 ], [ -46.747067, -23.623919 ], [ -46.747218, -23.623825 ], [ -46.747275, -23.62366 ], [ -46.747329, -23.622913 ], [ -46.747389, -23.622656 ], [ -46.748373, -23.620798 ], [ -46.748016, -23.620626 ] ] ] } },
{ "type": "Feature", "properties": { "CD_SETOR": "355030817000619", "faces": 11, "pavimentada": 100.0, "bueiro": 63.64, "iluminacao": 100.0, "onibus": 0.0, "ciclovia": 0.0, "calcada": 90.91, "obstaculo": 100.0, "rampa": 10.0, "rampa_faces": 9.09, "sem_calcada": 9.09, "sem_arvore": 45.45, "muitas_arvores": 36.36, "vao": 90.91, "V05400": 11, "V05421": 10, "V05406": 11, "V05412": 11, "V05422": 1, "V05424": 10, "V05427": 1, "V05409": 7, "V05415": 0, "V05418": 0, "V05430": 5, "V05433": 4, "criancas_0a4": 19, "em_favela": false }, "geometry": { "type": "Polygon", "coordinates": [ [ [ -46.764721, -23.641347 ], [ -46.764598, -23.641178 ], [ -46.764056, -23.640986 ], [ -46.76413, -23.640132 ], [ -46.761843, -23.639916 ], [ -46.761792, -23.640433 ], [ -46.762457, -23.640599 ], [ -46.762486, -23.640291 ], [ -46.763006, -23.640353 ], [ -46.763157, -23.640323 ], [ -46.763077, -23.640882 ], [ -46.764721, -23.641347 ] ] ] } },
{ "type": "Feature", "properties": { "CD_SETOR": "355030817000620", "faces": 7, "pavimentada": 100.0, "bueiro": 57.14, "iluminacao": 100.0, "onibus": 0.0, "ciclovia": 0.0, "calcada": 0.0, "obstaculo": null, "rampa": null, "rampa_faces": 0.0, "sem_calcada": 100.0, "sem_arvore": 100.0, "muitas_arvores": 0.0, "vao": 100.0, "V05400": 7, "V05421": 0, "V05406": 7, "V05412": 7, "V05422": 7, "V05424": 0, "V05427": 0, "V05409": 4, "V05415": 0, "V05418": 0, "V05430": 7, "V05433": 0, "criancas_0a4": 22, "em_favela": true }, "geometry": { "type": "Polygon", "coordinates": [ [ [ -46.763077, -23.640882 ], [ -46.763157, -23.640323 ], [ -46.763006, -23.640353 ], [ -46.762486, -23.640291 ], [ -46.762457, -23.640599 ], [ -46.761792, -23.640433 ], [ -46.761778, -23.640619 ], [ -46.763077, -23.640882 ] ] ] } },
{ "type": "Feature", "properties": { "CD_SETOR": "355030817000621", "faces": 7, "pavimentada": 28.57, "bueiro": 28.57, "iluminacao": 28.57, "onibus": 14.29, "ciclovia": 0.0, "calcada": 14.29, "obstaculo": 100.0, "rampa": 0.0, "rampa_faces": 0.0, "sem_calcada": 85.71, "sem_arvore": 85.71, "muitas_arvores": 0.0, "vao": 28.57, "V05400": 7, "V05421": 1, "V05406": 2, "V05412": 2, "V05422": 6, "V05424": 1, "V05427": 0, "V05409": 2, "V05415": 1, "V05418": 0, "V05430": 6, "V05433": 0, "criancas_0a4": 23, "em_favela": true }, "geometry": { "type": "Polygon", "coordinates": [ [ [ -46.745076, -23.626981 ], [ -46.747176, -23.622873 ], [ -46.747327, -23.622499 ], [ -46.747279, -23.62247 ], [ -46.747129, -23.622429 ], [ -46.744914, -23.626933 ], [ -46.745076, -23.626981 ] ] ] } },
{ "type": "Feature", "properties": { "CD_SETOR": "355030817000622", "faces": 3, "pavimentada": 33.33, "bueiro": 33.33, "iluminacao": 33.33, "onibus": 0.0, "ciclovia": 0.0, "calcada": 33.33, "obstaculo": 100.0, "rampa": 0.0, "rampa_faces": 0.0, "sem_calcada": 66.67, "sem_arvore": 33.33, "muitas_arvores": 0.0, "vao": 33.33, "V05400": 3, "V05421": 1, "V05406": 1, "V05412": 1, "V05422": 2, "V05424": 1, "V05427": 0, "V05409": 1, "V05415": 0, "V05418": 0, "V05430": 1, "V05433": 0, "criancas_0a4": 10, "em_favela": true }, "geometry": { "type": "Polygon", "coordinates": [ [ [ -46.745279, -23.626647 ], [ -46.745076, -23.626981 ], [ -46.745853, -23.627098 ], [ -46.745825, -23.626805 ], [ -46.745475, -23.626784 ], [ -46.745509, -23.626684 ], [ -46.745279, -23.626647 ] ] ] } },
{ "type": "Feature", "properties": { "CD_SETOR": "355030817000623", "faces": 11, "pavimentada": 100.0, "bueiro": 63.64, "iluminacao": 100.0, "onibus": 0.0, "ciclovia": 0.0, "calcada": 27.27, "obstaculo": 100.0, "rampa": 0.0, "rampa_faces": 0.0, "sem_calcada": 72.73, "sem_arvore": 72.73, "muitas_arvores": 0.0, "vao": 100.0, "V05400": 11, "V05421": 3, "V05406": 11, "V05412": 11, "V05422": 8, "V05424": 3, "V05427": 0, "V05409": 7, "V05415": 0, "V05418": 0, "V05430": 8, "V05433": 0, "criancas_0a4": 30, "em_favela": true }, "geometry": { "type": "Polygon", "coordinates": [ [ [ -46.762594, -23.640792 ], [ -46.762484, -23.641155 ], [ -46.762263, -23.641098 ], [ -46.76208, -23.64111 ], [ -46.762101, -23.641251 ], [ -46.762025, -23.641718 ], [ -46.762102, -23.641949 ], [ -46.762651, -23.642147 ], [ -46.762901, -23.641603 ], [ -46.763138, -23.641492 ], [ -46.763169, -23.64133 ], [ -46.763488, -23.641217 ], [ -46.763872, -23.641216 ], [ -46.763864, -23.64108 ], [ -46.762594, -23.640792 ] ] ] } },
{ "type": "Feature", "properties": { "CD_SETOR": "355030817000624", "faces": 4, "pavimentada": 100.0, "bueiro": 75.0, "iluminacao": 100.0, "onibus": 0.0, "ciclovia": 0.0, "calcada": 75.0, "obstaculo": 100.0, "rampa": 0.0, "rampa_faces": 0.0, "sem_calcada": 25.0, "sem_arvore": 50.0, "muitas_arvores": 25.0, "vao": 100.0, "V05400": 4, "V05421": 3, "V05406": 4, "V05412": 4, "V05422": 1, "V05424": 3, "V05427": 0, "V05409": 3, "V05415": 0, "V05418": 0, "V05430": 2, "V05433": 1, "criancas_0a4": 9, "em_favela": false }, "geometry": { "type": "Polygon", "coordinates": [ [ [ -46.764721, -23.641347 ], [ -46.763864, -23.64108 ], [ -46.763872, -23.641216 ], [ -46.763488, -23.641217 ], [ -46.763169, -23.64133 ], [ -46.763138, -23.641492 ], [ -46.762932, -23.641571 ], [ -46.762852, -23.641766 ], [ -46.762925, -23.641849 ], [ -46.763277, -23.641932 ], [ -46.764179, -23.641869 ], [ -46.764356, -23.641903 ], [ -46.764721, -23.641347 ] ] ] } },
{ "type": "Feature", "properties": { "CD_SETOR": "355030817000625", "faces": 3, "pavimentada": 100.0, "bueiro": 33.33, "iluminacao": 33.33, "onibus": 0.0, "ciclovia": 0.0, "calcada": 33.33, "obstaculo": 100.0, "rampa": 0.0, "rampa_faces": 0.0, "sem_calcada": 66.67, "sem_arvore": 100.0, "muitas_arvores": 0.0, "vao": 100.0, "V05400": 3, "V05421": 1, "V05406": 3, "V05412": 1, "V05422": 2, "V05424": 1, "V05427": 0, "V05409": 1, "V05415": 0, "V05418": 0, "V05430": 3, "V05433": 0, "criancas_0a4": 8, "em_favela": true }, "geometry": { "type": "Polygon", "coordinates": [ [ [ -46.773268, -23.64727 ], [ -46.773328, -23.646824 ], [ -46.77303, -23.646652 ], [ -46.772597, -23.647302 ], [ -46.772928, -23.647388 ], [ -46.772947, -23.647278 ], [ -46.773047, -23.647188 ], [ -46.773156, -23.647194 ], [ -46.773268, -23.64727 ] ] ] } },
{ "type": "Feature", "properties": { "CD_SETOR": "355030817000626", "faces": 12, "pavimentada": 100.0, "bueiro": 25.0, "iluminacao": 100.0, "onibus": 8.33, "ciclovia": 0.0, "calcada": 100.0, "obstaculo": 100.0, "rampa": 0.0, "rampa_faces": 0.0, "sem_calcada": 0.0, "sem_arvore": 41.67, "muitas_arvores": 16.67, "vao": 100.0, "V05400": 12, "V05421": 12, "V05406": 12, "V05412": 12, "V05422": 0, "V05424": 12, "V05427": 0, "V05409": 3, "V05415": 1, "V05418": 0, "V05430": 5, "V05433": 2, "criancas_0a4": 27, "em_favela": false }, "geometry": { "type": "Polygon", "coordinates": [ [ [ -46.780525, -23.649678 ], [ -46.780921, -23.649798 ], [ -46.781256, -23.649772 ], [ -46.781324, -23.650256 ], [ -46.781237, -23.650785 ], [ -46.780437, -23.650718 ], [ -46.780381, -23.651253 ], [ -46.781064, -23.65128 ], [ -46.7814, -23.650999 ], [ -46.782286, -23.650653 ], [ -46.781348, -23.64911 ], [ -46.781532, -23.648839 ], [ -46.780787, -23.648281 ], [ -46.780466, -23.648224 ], [ -46.780545, -23.64927 ], [ -46.780525, -23.649678 ] ] ] } },
{ "type": "Feature", "properties": { "CD_SETOR": "355030817000627", "faces": 7, "pavimentada": 100.0, "bueiro": 14.29, "iluminacao": 42.86, "onibus": 0.0, "ciclovia": 0.0, "calcada": 42.86, "obstaculo": 100.0, "rampa": 0.0, "rampa_faces": 0.0, "sem_calcada": 57.14, "sem_arvore": 85.71, "muitas_arvores": 0.0, "vao": 100.0, "V05400": 7, "V05421": 3, "V05406": 7, "V05412": 3, "V05422": 4, "V05424": 3, "V05427": 0, "V05409": 1, "V05415": 0, "V05418": 0, "V05430": 6, "V05433": 0, "criancas_0a4": 42, "em_favela": true }, "geometry": { "type": "Polygon", "coordinates": [ [ [ -46.780437, -23.650718 ], [ -46.781237, -23.650785 ], [ -46.781324, -23.650256 ], [ -46.781256, -23.649772 ], [ -46.780921, -23.649798 ], [ -46.780525, -23.649678 ], [ -46.780437, -23.650718 ] ] ] } },
{ "type": "Feature", "properties": { "CD_SETOR": "355030817000628", "faces": 8, "pavimentada": 100.0, "bueiro": 100.0, "iluminacao": 100.0, "onibus": 62.5, "ciclovia": 0.0, "calcada": 100.0, "obstaculo": 25.0, "rampa": 50.0, "rampa_faces": 50.0, "sem_calcada": 0.0, "sem_arvore": 25.0, "muitas_arvores": 25.0, "vao": 50.0, "V05400": 8, "V05421": 8, "V05406": 8, "V05412": 8, "V05422": 0, "V05424": 2, "V05427": 4, "V05409": 8, "V05415": 5, "V05418": 0, "V05430": 2, "V05433": 2, "criancas_0a4": 10, "em_favela": false }, "geometry": { "type": "Polygon", "coordinates": [ [ [ -46.779949, -23.644456 ], [ -46.780093, -23.642855 ], [ -46.780246, -23.642312 ], [ -46.780326, -23.642328 ], [ -46.780573, -23.642063 ], [ -46.780699, -23.642181 ], [ -46.781388, -23.642067 ], [ -46.781198, -23.641812 ], [ -46.780447, -23.639734 ], [ -46.779722, -23.639006 ], [ -46.779799, -23.639667 ], [ -46.780042, -23.64072 ], [ -46.780107, -23.641279 ], [ -46.78003, -23.641624 ], [ -46.77977, -23.642245 ], [ -46.779687, -23.642663 ], [ -46.779495, -23.644447 ], [ -46.779949, -23.644456 ] ] ] } },
{ "type": "Feature", "properties": { "CD_SETOR": "355030817000629", "faces": 4, "pavimentada": 100.0, "bueiro": 50.0, "iluminacao": 100.0, "onibus": 0.0, "ciclovia": 0.0, "calcada": 50.0, "obstaculo": 50.0, "rampa": 50.0, "rampa_faces": 25.0, "sem_calcada": 50.0, "sem_arvore": 75.0, "muitas_arvores": 25.0, "vao": 75.0, "V05400": 4, "V05421": 2, "V05406": 4, "V05412": 4, "V05422": 2, "V05424": 1, "V05427": 1, "V05409": 2, "V05415": 0, "V05418": 0, "V05430": 3, "V05433": 1, "criancas_0a4": 12, "em_favela": true }, "geometry": { "type": "Polygon", "coordinates": [ [ [ -46.780699, -23.642181 ], [ -46.780573, -23.642063 ], [ -46.780326, -23.642328 ], [ -46.780246, -23.642312 ], [ -46.78017, -23.642516 ], [ -46.780093, -23.642855 ], [ -46.779949, -23.644456 ], [ -46.780166, -23.644461 ], [ -46.780273, -23.642724 ], [ -46.780529, -23.642303 ], [ -46.780699, -23.642181 ] ] ] } },
{ "type": "Feature", "properties": { "CD_SETOR": "355030817000630", "faces": 12, "pavimentada": 100.0, "bueiro": 33.33, "iluminacao": 100.0, "onibus": 16.67, "ciclovia": 0.0, "calcada": 50.0, "obstaculo": 50.0, "rampa": 83.33, "rampa_faces": 41.67, "sem_calcada": 50.0, "sem_arvore": 58.33, "muitas_arvores": 8.33, "vao": 58.33, "V05400": 12, "V05421": 6, "V05406": 12, "V05412": 12, "V05422": 6, "V05424": 3, "V05427": 5, "V05409": 4, "V05415": 2, "V05418": 0, "V05430": 7, "V05433": 1, "criancas_0a4": 20, "em_favela": false }, "geometry": { "type": "Polygon", "coordinates": [ [ [ -46.7801, -23.647629 ], [ -46.780083, -23.647139 ], [ -46.779964, -23.647094 ], [ -46.779968, -23.646992 ], [ -46.779728, -23.646455 ], [ -46.779699, -23.646271 ], [ -46.779811, -23.644764 ], [ -46.779928, -23.644758 ], [ -46.779949, -23.644456 ], [ -46.779495, -23.644447 ], [ -46.779373, -23.645461 ], [ -46.778941, -23.647556 ], [ -46.7801, -23.647629 ] ] ] } },
{ "type": "Feature", "properties": { "CD_SETOR": "355030817000631", "faces": 3, "pavimentada": 100.0, "bueiro": 33.33, "iluminacao": 100.0, "onibus": 0.0, "ciclovia": 0.0, "calcada": 33.33, "obstaculo": 100.0, "rampa": 0.0, "rampa_faces": 0.0, "sem_calcada": 66.67, "sem_arvore": 100.0, "muitas_arvores": 0.0, "vao": 100.0, "V05400": 3, "V05421": 1, "V05406": 3, "V05412": 3, "V05422": 2, "V05424": 1, "V05427": 0, "V05409": 1, "V05415": 0, "V05418": 0, "V05430": 3, "V05433": 0, "criancas_0a4": 17, "em_favela": true }, "geometry": { "type": "Polygon", "coordinates": [ [ [ -46.779949, -23.644456 ], [ -46.779928, -23.644758 ], [ -46.779811, -23.644764 ], [ -46.779699, -23.646271 ], [ -46.779728, -23.646455 ], [ -46.779968, -23.646992 ], [ -46.779964, -23.647094 ], [ -46.780083, -23.647139 ], [ -46.780097, -23.647191 ], [ -46.780192, -23.647107 ], [ -46.779957, -23.646708 ], [ -46.779876, -23.646252 ], [ -46.779866, -23.64587 ], [ -46.780095, -23.645881 ], [ -46.780166, -23.644461 ], [ -46.779949, -23.644456 ] ] ] } },
{ "type": "Feature", "properties": { "CD_SETOR": "355030817000632", "faces": 32, "pavimentada": 43.75, "bueiro": 28.12, "iluminacao": 28.12, "onibus": 12.5, "ciclovia": 0.0, "calcada": 15.62, "obstaculo": 40.0, "rampa": 0.0, "rampa_faces": 0.0, "sem_calcada": 84.38, "sem_arvore": 90.62, "muitas_arvores": 0.0, "vao": 43.75, "V05400": 32, "V05421": 5, "V05406": 14, "V05412": 9, "V05422": 27, "V05424": 2, "V05427": 0, "V05409": 9, "V05415": 4, "V05418": 0, "V05430": 29, "V05433": 0, "criancas_0a4": 74, "em_favela": true }, "geometry": { "type": "Polygon", "coordinates": [ [ [ -46.748016, -23.620626 ], [ -46.748231, -23.620732 ], [ -46.748962, -23.619331 ], [ -46.749264, -23.619633 ], [ -46.749832, -23.6191 ], [ -46.749638, -23.618827 ], [ -46.749583, -23.618846 ], [ -46.749314, -23.618631 ], [ -46.749541, -23.618188 ], [ -46.74911, -23.618401 ], [ -46.748016, -23.620626 ] ] ] } },
{ "type": "Feature", "properties": { "CD_SETOR": "355030817000633", "faces": 3, "pavimentada": 100.0, "bueiro": 33.33, "iluminacao": 33.33, "onibus": 0.0, "ciclovia": 0.0, "calcada": 33.33, "obstaculo": 100.0, "rampa": 0.0, "rampa_faces": 0.0, "sem_calcada": 66.67, "sem_arvore": 66.67, "muitas_arvores": 0.0, "vao": 100.0, "V05400": 3, "V05421": 1, "V05406": 3, "V05412": 1, "V05422": 2, "V05424": 1, "V05427": 0, "V05409": 1, "V05415": 0, "V05418": 0, "V05430": 2, "V05433": 0, "criancas_0a4": 0, "em_favela": false }, "geometry": { "type": "Polygon", "coordinates": [ [ [ -46.749264, -23.619633 ], [ -46.748962, -23.619331 ], [ -46.748231, -23.620732 ], [ -46.748373, -23.620798 ], [ -46.748747, -23.620229 ], [ -46.749264, -23.619633 ] ] ] } },
{ "type": "Feature", "properties": { "CD_SETOR": "355030817000634", "faces": 5, "pavimentada": 100.0, "bueiro": 20.0, "iluminacao": 100.0, "onibus": 20.0, "ciclovia": 0.0, "calcada": 40.0, "obstaculo": 100.0, "rampa": 0.0, "rampa_faces": 0.0, "sem_calcada": 60.0, "sem_arvore": 100.0, "muitas_arvores": 0.0, "vao": 100.0, "V05400": 5, "V05421": 2, "V05406": 5, "V05412": 5, "V05422": 3, "V05424": 2, "V05427": 0, "V05409": 1, "V05415": 1, "V05418": 0, "V05430": 5, "V05433": 0, "criancas_0a4": 22, "em_favela": true }, "geometry": { "type": "Polygon", "coordinates": [ [ [ -46.756841, -23.630653 ], [ -46.756705, -23.630856 ], [ -46.75644, -23.630701 ], [ -46.756371, -23.630589 ], [ -46.756391, -23.630422 ], [ -46.756128, -23.63025 ], [ -46.755492, -23.630501 ], [ -46.756063, -23.630922 ], [ -46.757022, -23.63143 ], [ -46.757329, -23.630906 ], [ -46.756841, -23.630653 ] ] ] } },
{ "type": "Feature", "properties": { "CD_SETOR": "355030817000635", "faces": 1, "pavimentada": 100.0, "bueiro": 0.0, "iluminacao": 100.0, "onibus": 0.0, "ciclovia": 0.0, "calcada": 100.0, "obstaculo": 100.0, "rampa": 0.0, "rampa_faces": 0.0, "sem_calcada": 0.0, "sem_arvore": 100.0, "muitas_arvores": 0.0, "vao": 100.0, "V05400": 1, "V05421": 1, "V05406": 1, "V05412": 1, "V05422": 0, "V05424": 1, "V05427": 0, "V05409": 0, "V05415": 0, "V05418": 0, "V05430": 1, "V05433": 0, "criancas_0a4": 3, "em_favela": false }, "geometry": { "type": "Polygon", "coordinates": [ [ [ -46.756391, -23.630422 ], [ -46.756383, -23.630627 ], [ -46.756705, -23.630856 ], [ -46.756841, -23.630653 ], [ -46.756391, -23.630422 ] ] ] } },
{ "type": "Feature", "properties": { "CD_SETOR": "355030817000636", "faces": 15, "pavimentada": 100.0, "bueiro": 40.0, "iluminacao": 100.0, "onibus": 13.33, "ciclovia": 0.0, "calcada": 100.0, "obstaculo": 80.0, "rampa": 6.67, "rampa_faces": 6.67, "sem_calcada": 0.0, "sem_arvore": 80.0, "muitas_arvores": 6.67, "vao": 93.33, "V05400": 15, "V05421": 15, "V05406": 15, "V05412": 15, "V05422": 0, "V05424": 12, "V05427": 1, "V05409": 6, "V05415": 2, "V05418": 0, "V05430": 12, "V05433": 1, "criancas_0a4": 12, "em_favela": false }, "geometry": { "type": "Polygon", "coordinates": [ [ [ -46.76038, -23.638755 ], [ -46.760711, -23.638853 ], [ -46.760611, -23.639215 ], [ -46.760275, -23.639324 ], [ -46.760368, -23.639491 ], [ -46.76143, -23.63917 ], [ -46.76148, -23.638951 ], [ -46.761704, -23.638627 ], [ -46.762077, -23.637516 ], [ -46.761783, -23.637015 ], [ -46.760817, -23.637509 ], [ -46.76038, -23.638755 ] ] ] } },
{ "type": "Feature", "properties": { "CD_SETOR": "355030817000637", "faces": 2, "pavimentada": 100.0, "bueiro": 50.0, "iluminacao": 100.0, "onibus": 0.0, "ciclovia": 0.0, "calcada": 50.0, "obstaculo": 100.0, "rampa": 0.0, "rampa_faces": 0.0, "sem_calcada": 50.0, "sem_arvore": 50.0, "muitas_arvores": 50.0, "vao": 100.0, "V05400": 2, "V05421": 1, "V05406": 2, "V05412": 2, "V05422": 1, "V05424": 1, "V05427": 0, "V05409": 1, "V05415": 0, "V05418": 0, "V05430": 1, "V05433": 1, "criancas_0a4": 4, "em_favela": true }, "geometry": { "type": "Polygon", "coordinates": [ [ [ -46.759831, -23.639467 ], [ -46.760611, -23.639215 ], [ -46.760711, -23.638853 ], [ -46.76038, -23.638755 ], [ -46.760211, -23.639208 ], [ -46.759831, -23.639467 ] ] ] } },
{ "type": "Feature", "properties": { "CD_SETOR": "355030817000638", "faces": 13, "pavimentada": 100.0, "bueiro": 69.23, "iluminacao": 100.0, "onibus": 15.38, "ciclovia": 61.54, "calcada": 69.23, "obstaculo": 33.33, "rampa": 33.33, "rampa_faces": 23.08, "sem_calcada": 30.77, "sem_arvore": 46.15, "muitas_arvores": 46.15, "vao": 76.92, "V05400": 13, "V05421": 9, "V05406": 13, "V05412": 13, "V05422": 4, "V05424": 3, "V05427": 3, "V05409": 9, "V05415": 2, "V05418": 8, "V05430": 6, "V05433": 6, "criancas_0a4": 15, "em_favela": false }, "geometry": { "type": "Polygon", "coordinates": [ [ [ -46.753457, -23.636702 ], [ -46.753356, -23.636721 ], [ -46.753307, -23.636825 ], [ -46.752929, -23.63682 ], [ -46.752774, -23.638226 ], [ -46.753218, -23.638523 ], [ -46.753105, -23.638718 ], [ -46.753133, -23.638959 ], [ -46.753366, -23.638927 ], [ -46.75336, -23.638668 ], [ -46.753449, -23.638426 ], [ -46.753772, -23.637864 ], [ -46.753583, -23.636957 ], [ -46.753536, -23.63679 ], [ -46.753457, -23.636702 ] ] ] } },
{ "type": "Feature", "properties": { "CD_SETOR": "355030817000639", "faces": 4, "pavimentada": 100.0, "bueiro": 25.0, "iluminacao": 100.0, "onibus": 0.0, "ciclovia": 0.0, "calcada": 50.0, "obstaculo": 50.0, "rampa": 50.0, "rampa_faces": 25.0, "sem_calcada": 50.0, "sem_arvore": 75.0, "muitas_arvores": 25.0, "vao": 75.0, "V05400": 4, "V05421": 2, "V05406": 4, "V05412": 4, "V05422": 2, "V05424": 1, "V05427": 1, "V05409": 1, "V05415": 0, "V05418": 0, "V05430": 3, "V05433": 1, "criancas_0a4": 3, "em_favela": true }, "geometry": { "type": "Polygon", "coordinates": [ [ [ -46.752929, -23.63682 ], [ -46.753307, -23.636825 ], [ -46.753356, -23.636721 ], [ -46.753457, -23.636702 ], [ -46.753272, -23.636192 ], [ -46.753101, -23.635966 ], [ -46.753001, -23.63607 ], [ -46.752929, -23.63682 ] ] ] } },
{ "type": "Feature", "properties": { "CD_SETOR": "355030817000640", "faces": 22, "pavimentada": 100.0, "bueiro": 27.27, "iluminacao": 100.0, "onibus": 40.91, "ciclovia": 0.0, "calcada": 90.91, "obstaculo": 75.0, "rampa": 20.0, "rampa_faces": 18.18, "sem_calcada": 9.09, "sem_arvore": 27.27, "muitas_arvores": 59.09, "vao": 81.82, "V05400": 22, "V05421": 20, "V05406": 22, "V05412": 22, "V05422": 2, "V05424": 15, "V05427": 4, "V05409": 6, "V05415": 9, "V05418": 0, "V05430": 6, "V05433": 13, "criancas_0a4": 51, "em_favela": false }, "geometry": { "type": "Polygon", "coordinates": [ [ [ -46.75017, -23.635789 ], [ -46.750126, -23.635797 ], [ -46.749838, -23.634917 ], [ -46.749899, -23.634909 ], [ -46.749813, -23.63451 ], [ -46.749842, -23.63331 ], [ -46.749963, -23.632611 ], [ -46.749602, -23.632271 ], [ -46.749479, -23.63252 ], [ -46.749494, -23.63348 ], [ -46.749361, -23.633682 ], [ -46.749134, -23.633761 ], [ -46.749001, -23.633751 ], [ -46.748773, -23.633619 ], [ -46.748064, -23.632878 ], [ -46.747095, -23.632852 ], [ -46.747259, -23.63308 ], [ -46.747548, -23.633205 ], [ -46.747577, -23.633365 ], [ -46.748695, -23.635061 ], [ -46.748836, -23.635405 ], [ -46.748831, -23.63563 ], [ -46.748729, -23.636029 ], [ -46.748069, -23.637324 ], [ -46.748669, -23.637425 ], [ -46.749449, -23.635896 ], [ -46.749453, -23.635731 ], [ -46.749689, -23.63656 ], [ -46.749482, -23.638001 ], [ -46.749492, -23.638838 ], [ -46.749738, -23.638934 ], [ -46.749987, -23.638686 ], [ -46.750274, -23.637879 ], [ -46.750214, -23.637541 ], [ -46.75017, -23.635789 ] ] ] } },
{ "type": "Feature", "properties": { "CD_SETOR": "355030817000641", "faces": 1, "pavimentada": 100.0, "bueiro": 100.0, "iluminacao": 100.0, "onibus": 0.0, "ciclovia": 0.0, "calcada": 100.0, "obstaculo": 100.0, "rampa": 100.0, "rampa_faces": 100.0, "sem_calcada": 0.0, "sem_arvore": 0.0, "muitas_arvores": 100.0, "vao": 0.0, "V05400": 1, "V05421": 1, "V05406": 1, "V05412": 1, "V05422": 0, "V05424": 1, "V05427": 1, "V05409": 1, "V05415": 0, "V05418": 0, "V05430": 0, "V05433": 1, "criancas_0a4": 0, "em_favela": true }, "geometry": { "type": "Polygon", "coordinates": [ [ [ -46.749899, -23.634909 ], [ -46.749838, -23.634917 ], [ -46.750126, -23.635797 ], [ -46.75017, -23.635789 ], [ -46.750154, -23.635366 ], [ -46.749899, -23.634909 ] ] ] } },
{ "type": "Feature", "properties": { "CD_SETOR": "355030817000642", "faces": 16, "pavimentada": 81.25, "bueiro": 18.75, "iluminacao": 68.75, "onibus": 0.0, "ciclovia": 0.0, "calcada": 43.75, "obstaculo": 100.0, "rampa": 0.0, "rampa_faces": 0.0, "sem_calcada": 37.5, "sem_arvore": 62.5, "muitas_arvores": 0.0, "vao": 81.25, "V05400": 16, "V05421": 7, "V05406": 13, "V05412": 11, "V05422": 6, "V05424": 7, "V05427": 0, "V05409": 3, "V05415": 0, "V05418": 0, "V05430": 10, "V05433": 0, "criancas_0a4": 62, "em_favela": true }, "geometry": { "type": "Polygon", "coordinates": [ [ [ -46.745427, -23.636985 ], [ -46.745544, -23.637166 ], [ -46.745378, -23.637254 ], [ -46.745636, -23.637679 ], [ -46.745234, -23.638236 ], [ -46.745376, -23.638421 ], [ -46.74507, -23.638593 ], [ -46.745282, -23.638807 ], [ -46.745758, -23.638395 ], [ -46.74588, -23.638212 ], [ -46.746053, -23.636826 ], [ -46.746263, -23.636408 ], [ -46.746252, -23.636309 ], [ -46.746105, -23.636311 ], [ -46.745607, -23.636851 ], [ -46.745427, -23.636985 ] ] ] } },
{ "type": "Feature", "properties": { "CD_SETOR": "355030817000643", "faces": 4, "pavimentada": 100.0, "bueiro": 25.0, "iluminacao": 100.0, "onibus": 0.0, "ciclovia": 0.0, "calcada": 100.0, "obstaculo": 100.0, "rampa": 0.0, "rampa_faces": 0.0, "sem_calcada": 0.0, "sem_arvore": 75.0, "muitas_arvores": 0.0, "vao": 100.0, "V05400": 4, "V05421": 4, "V05406": 4, "V05412": 4, "V05422": 0, "V05424": 4, "V05427": 0, "V05409": 1, "V05415": 0, "V05418": 0, "V05430": 3, "V05433": 0, "criancas_0a4": 30, "em_favela": false }, "geometry": { "type": "Polygon", "coordinates": [ [ [ -46.74507, -23.638593 ], [ -46.745376, -23.638421 ], [ -46.745234, -23.638236 ], [ -46.745636, -23.637679 ], [ -46.745378, -23.637254 ], [ -46.745544, -23.637166 ], [ -46.745427, -23.636985 ], [ -46.744412, -23.637572 ], [ -46.74507, -23.638593 ] ] ] } },
{ "type": "Feature", "properties": { "CD_SETOR": "355030817000644", "faces": 14, "pavimentada": 100.0, "bueiro": 71.43, "iluminacao": 100.0, "onibus": 0.0, "ciclovia": 0.0, "calcada": 28.57, "obstaculo": 100.0, "rampa": 0.0, "rampa_faces": 0.0, "sem_calcada": 71.43, "sem_arvore": 85.71, "muitas_arvores": 0.0, "vao": 100.0, "V05400": 14, "V05421": 4, "V05406": 14, "V05412": 14, "V05422": 10, "V05424": 4, "V05427": 0, "V05409": 10, "V05415": 0, "V05418": 0, "V05430": 12, "V05433": 0, "criancas_0a4": 23, "em_favela": true }, "geometry": { "type": "Polygon", "coordinates": [ [ [ -46.775613, -23.641214 ], [ -46.776134, -23.640368 ], [ -46.776007, -23.640236 ], [ -46.77571, -23.640459 ], [ -46.775497, -23.640499 ], [ -46.774113, -23.640399 ], [ -46.773471, -23.64017 ], [ -46.773398, -23.64019 ], [ -46.77347, -23.6402 ], [ -46.773529, -23.640278 ], [ -46.773544, -23.64043 ], [ -46.773864, -23.64061 ], [ -46.77458, -23.640841 ], [ -46.77506, -23.640861 ], [ -46.775283, -23.641078 ], [ -46.775613, -23.641214 ] ] ] } },
{ "type": "Feature", "properties": { "CD_SETOR": "355030817000645", "faces": 2, "pavimentada": 100.0, "bueiro": 100.0, "iluminacao": 100.0, "onibus": 0.0, "ciclovia": 0.0, "calcada": 50.0, "obstaculo": 100.0, "rampa": 0.0, "rampa_faces": 0.0, "sem_calcada": 50.0, "sem_arvore": 100.0, "muitas_arvores": 0.0, "vao": 100.0, "V05400": 2, "V05421": 1, "V05406": 2, "V05412": 2, "V05422": 1, "V05424": 1, "V05427": 0, "V05409": 2, "V05415": 0, "V05418": 0, "V05430": 2, "V05433": 0, "criancas_0a4": 4, "em_favela": false }, "geometry": { "type": "Polygon", "coordinates": [ [ [ -46.776134, -23.640368 ], [ -46.775613, -23.641214 ], [ -46.776012, -23.641428 ], [ -46.776153, -23.641117 ], [ -46.776471, -23.640717 ], [ -46.776134, -23.640368 ] ] ] } },
{ "type": "Feature", "properties": { "CD_SETOR": "355030817000646", "faces": 21, "pavimentada": 90.48, "bueiro": 38.1, "iluminacao": 14.29, "onibus": 0.0, "ciclovia": 0.0, "calcada": 0.0, "obstaculo": null, "rampa": null, "rampa_faces": 0.0, "sem_calcada": 100.0, "sem_arvore": 100.0, "muitas_arvores": 0.0, "vao": 90.48, "V05400": 21, "V05421": 0, "V05406": 19, "V05412": 3, "V05422": 21, "V05424": 0, "V05427": 0, "V05409": 8, "V05415": 0, "V05418": 0, "V05430": 21, "V05433": 0, "criancas_0a4": 50, "em_favela": true }, "geometry": { "type": "Polygon", "coordinates": [ [ [ -46.773092, -23.642637 ], [ -46.772815, -23.642875 ], [ -46.772745, -23.643078 ], [ -46.772978, -23.644065 ], [ -46.773415, -23.64435 ], [ -46.773449, -23.644447 ], [ -46.774201, -23.644794 ], [ -46.77409, -23.64451 ], [ -46.774099, -23.644253 ], [ -46.774011, -23.644156 ], [ -46.773734, -23.644006 ], [ -46.773696, -23.643876 ], [ -46.773398, -23.643623 ], [ -46.773299, -23.643337 ], [ -46.773315, -23.643177 ], [ -46.772929, -23.643056 ], [ -46.773092, -23.642637 ] ] ] } },
{ "type": "Feature", "properties": { "CD_SETOR": "355030817000647", "faces": 8, "pavimentada": 100.0, "bueiro": 25.0, "iluminacao": 87.5, "onibus": 0.0, "ciclovia": 0.0, "calcada": 0.0, "obstaculo": null, "rampa": null, "rampa_faces": 0.0, "sem_calcada": 100.0, "sem_arvore": 87.5, "muitas_arvores": 0.0, "vao": 100.0, "V05400": 8, "V05421": 0, "V05406": 8, "V05412": 7, "V05422": 8, "V05424": 0, "V05427": 0, "V05409": 2, "V05415": 0, "V05418": 0, "V05430": 7, "V05433": 0, "criancas_0a4": 30, "em_favela": true }, "geometry": { "type": "Polygon", "coordinates": [ [ [ -46.772745, -23.643078 ], [ -46.772815, -23.642875 ], [ -46.773092, -23.642637 ], [ -46.773434, -23.642856 ], [ -46.773404, -23.642738 ], [ -46.773256, -23.642598 ], [ -46.773279, -23.642429 ], [ -46.773371, -23.642254 ], [ -46.773217, -23.642235 ], [ -46.773217, -23.64228 ], [ -46.773074, -23.642274 ], [ -46.773011, -23.642389 ], [ -46.772615, -23.642445 ], [ -46.772539, -23.642407 ], [ -46.772556, -23.6421 ], [ -46.772486, -23.641956 ], [ -46.77229, -23.642026 ], [ -46.772358, -23.642204 ], [ -46.772423, -23.642196 ], [ -46.772364, -23.642366 ], [ -46.772745, -23.643078 ] ] ] } },
{ "type": "Feature", "properties": { "CD_SETOR": "355030817000648", "faces": 5, "pavimentada": 100.0, "bueiro": 40.0, "iluminacao": 100.0, "onibus": 40.0, "ciclovia": 0.0, "calcada": 100.0, "obstaculo": 100.0, "rampa": 0.0, "rampa_faces": 0.0, "sem_calcada": 0.0, "sem_arvore": 40.0, "muitas_arvores": 0.0, "vao": 100.0, "V05400": 5, "V05421": 5, "V05406": 5, "V05412": 5, "V05422": 0, "V05424": 5, "V05427": 0, "V05409": 2, "V05415": 2, "V05418": 0, "V05430": 2, "V05433": 0, "criancas_0a4": 19, "em_favela": false }, "geometry": { "type": "Polygon", "coordinates": [ [ [ -46.772928, -23.647388 ], [ -46.772597, -23.647302 ], [ -46.77303, -23.646652 ], [ -46.773328, -23.646824 ], [ -46.773268, -23.64727 ], [ -46.773371, -23.647389 ], [ -46.773499, -23.647674 ], [ -46.773535, -23.648346 ], [ -46.773722, -23.648242 ], [ -46.773945, -23.647931 ], [ -46.774265, -23.647673 ], [ -46.773835, -23.64685 ], [ -46.773014, -23.646303 ], [ -46.772536, -23.646462 ], [ -46.772351, -23.647017 ], [ -46.771912, -23.647509 ], [ -46.771885, -23.647732 ], [ -46.772054, -23.647884 ], [ -46.772264, -23.647888 ], [ -46.772826, -23.647674 ], [ -46.772887, -23.647593 ], [ -46.772928, -23.647388 ] ] ] } }
]
}
