{
"type": "FeatureCollection",
"name": "capao-redondo",
"crs": { "type": "name", "properties": { "name": "urn:ogc:def:crs:OGC:1.3:CRS84" } },
"xy_coordinate_resolution": 1e-06,
"features": [
{ "type": "Feature", "properties": { "CD_SETOR": "355030819000001", "faces": 27, "pavimentada": 85.19, "bueiro": 48.15, "iluminacao": 100.0, "onibus": 11.11, "ciclovia": 0.0, "calcada": 59.26, "obstaculo": 81.25, "rampa": 6.25, "rampa_faces": 3.7, "sem_calcada": 40.74, "sem_arvore": 55.56, "muitas_arvores": 22.22, "vao": 81.48, "V05400": 27, "V05421": 16, "V05406": 23, "V05412": 27, "V05422": 11, "V05424": 13, "V05427": 1, "V05409": 13, "V05415": 3, "V05418": 0, "V05430": 15, "V05433": 6, "criancas_0a4": 15, "em_favela": false }, "geometry": { "type": "Polygon", "coordinates": [ [ [ -46.772639, -23.666962 ], [ -46.772796, -23.667146 ], [ -46.772936, -23.667429 ], [ -46.773009, -23.667708 ], [ -46.77299, -23.66888 ], [ -46.773084, -23.669419 ], [ -46.773079, -23.669656 ], [ -46.773529, -23.669688 ], [ -46.773546, -23.670117 ], [ -46.774066, -23.670149 ], [ -46.774076, -23.668853 ], [ -46.774556, -23.668866 ], [ -46.774557, -23.668921 ], [ -46.774675, -23.668937 ], [ -46.775081, -23.669377 ], [ -46.775104, -23.669509 ], [ -46.775516, -23.670261 ], [ -46.776031, -23.670024 ], [ -46.774771, -23.667791 ], [ -46.774661, -23.667638 ], [ -46.773947, -23.666968 ], [ -46.773599, -23.667009 ], [ -46.772639, -23.666962 ] ] ] } },
{ "type": "Feature", "properties": { "CD_SETOR": "355030819000002", "faces": 2, "pavimentada": 100.0, "bueiro": 100.0, "iluminacao": 100.0, "onibus": 100.0, "ciclovia": 0.0, "calcada": 100.0, "obstaculo": 100.0, "rampa": 50.0, "rampa_faces": 50.0, "sem_calcada": 0.0, "sem_arvore": 50.0, "muitas_arvores": 50.0, "vao": 50.0, "V05400": 2, "V05421": 2, "V05406": 2, "V05412": 2, "V05422": 0, "V05424": 2, "V05427": 1, "V05409": 2, "V05415": 2, "V05418": 0, "V05430": 1, "V05433": 1, "criancas_0a4": 24, "em_favela": false }, "geometry": { "type": "Polygon", "coordinates": [ [ [ -46.775323, -23.668709 ], [ -46.776702, -23.669687 ], [ -46.777396, -23.670248 ], [ -46.77747, -23.669907 ], [ -46.777393, -23.669672 ], [ -46.776968, -23.669221 ], [ -46.776933, -23.669126 ], [ -46.776743, -23.668942 ], [ -46.776613, -23.668883 ], [ -46.77594, -23.668213 ], [ -46.775323, -23.668709 ] ] ] } },
{ "type": "Feature", "properties": { "CD_SETOR": "355030819000003", "faces": 9, "pavimentada": 100.0, "bueiro": 88.89, "iluminacao": 100.0, "onibus": 66.67, "ciclovia": 0.0, "calcada": 100.0, "obstaculo": 33.33, "rampa": 22.22, "rampa_faces": 22.22, "sem_calcada": 0.0, "sem_arvore": 33.33, "muitas_arvores": 33.33, "vao": 77.78, "V05400": 9, "V05421": 9, "V05406": 9, "V05412": 9, "V05422": 0, "V05424": 3, "V05427": 2, "V05409": 8, "V05415": 6, "V05418": 0, "V05430": 3, "V05433": 3, "criancas_0a4": 26, "em_favela": false }, "geometry": { "type": "Polygon", "coordinates": [ [ [ -46.773947, -23.666968 ], [ -46.774661, -23.667638 ], [ -46.775323, -23.668709 ], [ -46.77594, -23.668213 ], [ -46.776613, -23.668883 ], [ -46.776743, -23.668942 ], [ -46.777393, -23.669672 ], [ -46.77747, -23.669907 ], [ -46.777396, -23.670248 ], [ -46.777711, -23.670594 ], [ -46.778342, -23.670146 ], [ -46.774662, -23.666509 ], [ -46.774147, -23.666794 ], [ -46.773947, -23.666968 ] ] ] } },
{ "type": "Feature", "properties": { "CD_SETOR": "355030819000005", "faces": 8, "pavimentada": 100.0, "bueiro": 37.5, "iluminacao": 100.0, "onibus": 25.0, "ciclovia": 0.0, "calcada": 100.0, "obstaculo": 25.0, "rampa": 0.0, "rampa_faces": 0.0, "sem_calcada": 0.0, "sem_arvore": 87.5, "muitas_arvores": 0.0, "vao": 100.0, "V05400": 8, "V05421": 8, "V05406": 8, "V05412": 8, "V05422": 0, "V05424": 2, "V05427": 0, "V05409": 3, "V05415": 2, "V05418": 0, "V05430": 7, "V05433": 0, "criancas_0a4": 23, "em_favela": false }, "geometry": { "type": "Polygon", "coordinates": [ [ [ -46.776028, -23.664044 ], [ -46.776106, -23.664723 ], [ -46.776475, -23.664696 ], [ -46.77655, -23.665421 ], [ -46.777112, -23.665221 ], [ -46.777018, -23.664093 ], [ -46.776916, -23.663976 ], [ -46.776028, -23.664044 ] ] ] } },
{ "type": "Feature", "properties": { "CD_SETOR": "355030819000007", "faces": 18, "pavimentada": 100.0, "bueiro": 16.67, "iluminacao": 100.0, "onibus": 0.0, "ciclovia": 5.56, "calcada": 38.89, "obstaculo": 100.0, "rampa": 0.0, "rampa_faces": 0.0, "sem_calcada": 61.11, "sem_arvore": 100.0, "muitas_arvores": 0.0, "vao": 100.0, "V05400": 18, "V05421": 7, "V05406": 18, "V05412": 18, "V05422": 11, "V05424": 7, "V05427": 0, "V05409": 3, "V05415": 0, "V05418": 1, "V05430": 18, "V05433": 0, "criancas_0a4": 45, "em_favela": true }, "geometry": { "type": "Polygon", "coordinates": [ [ [ -46.771014, -23.661721 ], [ -46.770709, -23.661962 ], [ -46.770915, -23.662219 ], [ -46.771092, -23.662592 ], [ -46.771402, -23.662556 ], [ -46.7717, -23.662439 ], [ -46.771857, -23.662294 ], [ -46.772893, -23.661715 ], [ -46.773028, -23.66161 ], [ -46.773043, -23.661323 ], [ -46.772794, -23.661327 ], [ -46.772304, -23.661699 ], [ -46.771959, -23.661883 ], [ -46.771321, -23.661917 ], [ -46.771014, -23.661721 ] ] ] } },
{ "type": "Feature", "properties": { "CD_SETOR": "355030819000009", "faces": 25, "pavimentada": 100.0, "bueiro": 32.0, "iluminacao": 100.0, "onibus": 12.0, "ciclovia": 0.0, "calcada": 100.0, "obstaculo": 88.0, "rampa": 4.0, "rampa_faces": 4.0, "sem_calcada": 0.0, "sem_arvore": 64.0, "muitas_arvores": 0.0, "vao": 96.0, "V05400": 25, "V05421": 25, "V05406": 25, "V05412": 25, "V05422": 0, "V05424": 22, "V05427": 1, "V05409": 8, "V05415": 3, "V05418": 0, "V05430": 16, "V05433": 0, "criancas_0a4": 13, "em_favela": false }, "geometry": { "type": "Polygon", "coordinates": [ [ [ -46.768706, -23.665795 ], [ -46.769173, -23.666261 ], [ -46.76962, -23.666878 ], [ -46.770008, -23.666626 ], [ -46.77045, -23.667052 ], [ -46.771453, -23.66638 ], [ -46.771124, -23.666089 ], [ -46.770754, -23.66561 ], [ -46.769789, -23.663835 ], [ -46.768706, -23.665795 ] ] ] } },
{ "type": "Feature", "properties": { "CD_SETOR": "355030819000010", "faces": 11, "pavimentada": 100.0, "bueiro": 63.64, "iluminacao": 100.0, "onibus": 36.36, "ciclovia": 0.0, "calcada": 100.0, "obstaculo": 72.73, "rampa": 9.09, "rampa_faces": 9.09, "sem_calcada": 0.0, "sem_arvore": 36.36, "muitas_arvores": 18.18, "vao": 90.91, "V05400": 11, "V05421": 11, "V05406": 11, "V05412": 11, "V05422": 0, "V05424": 8, "V05427": 1, "V05409": 7, "V05415": 4, "V05418": 0, "V05430": 4, "V05433": 2, "criancas_0a4": 25, "em_favela": false }, "geometry": { "type": "Polygon", "coordinates": [ [ [ -46.77045, -23.667052 ], [ -46.770686, -23.667319 ], [ -46.770319, -23.667579 ], [ -46.770548, -23.667836 ], [ -46.77022, -23.668084 ], [ -46.77034, -23.668333 ], [ -46.770537, -23.668239 ], [ -46.770652, -23.668413 ], [ -46.771772, -23.668008 ], [ -46.772422, -23.668076 ], [ -46.773007, -23.667972 ], [ -46.773009, -23.667708 ], [ -46.772936, -23.667429 ], [ -46.772796, -23.667146 ], [ -46.772639, -23.666962 ], [ -46.771741, -23.66659 ], [ -46.771453, -23.66638 ], [ -46.77045, -23.667052 ] ] ] } },
{ "type": "Feature", "properties": { "CD_SETOR": "355030819000011", "faces": 5, "pavimentada": 100.0, "bueiro": 80.0, "iluminacao": 100.0, "onibus": 0.0, "ciclovia": 0.0, "calcada": 80.0, "obstaculo": 100.0, "rampa": 0.0, "rampa_faces": 0.0, "sem_calcada": 20.0, "sem_arvore": 20.0, "muitas_arvores": 40.0, "vao": 100.0, "V05400": 5, "V05421": 4, "V05406": 5, "V05412": 5, "V05422": 1, "V05424": 4, "V05427": 0, "V05409": 4, "V05415": 0, "V05418": 0, "V05430": 1, "V05433": 2, "criancas_0a4": 20, "em_favela": true }, "geometry": { "type": "Polygon", "coordinates": [ [ [ -46.769687, -23.667573 ], [ -46.769268, -23.668156 ], [ -46.768897, -23.668511 ], [ -46.769162, -23.668478 ], [ -46.769244, -23.668923 ], [ -46.76989, -23.668739 ], [ -46.770652, -23.668413 ], [ -46.770537, -23.668239 ], [ -46.77034, -23.668333 ], [ -46.77022, -23.668084 ], [ -46.770548, -23.667836 ], [ -46.770319, -23.667579 ], [ -46.770686, -23.667319 ], [ -46.77045, -23.667052 ], [ -46.769687, -23.667573 ] ] ] } },
{ "type": "Feature", "properties": { "CD_SETOR": "355030819000012", "faces": 17, "pavimentada": 100.0, "bueiro": 35.29, "iluminacao": 100.0, "onibus": 17.65, "ciclovia": 0.0, "calcada": 82.35, "obstaculo": 92.86, "rampa": 14.29, "rampa_faces": 11.76, "sem_calcada": 17.65, "sem_arvore": 47.06, "muitas_arvores": 11.76, "vao": 88.24, "V05400": 17, "V05421": 14, "V05406": 17, "V05412": 17, "V05422": 3, "V05424": 13, "V05427": 2, "V05409": 6, "V05415": 3, "V05418": 0, "V05430": 8, "V05433": 2, "criancas_0a4": 13, "em_favela": false }, "geometry": { "type": "Polygon", "coordinates": [ [ [ -46.770652, -23.668413 ], [ -46.770972, -23.668998 ], [ -46.771634, -23.668712 ], [ -46.771722, -23.668601 ], [ -46.77168, -23.669817 ], [ -46.772331, -23.66952 ], [ -46.772373, -23.670167 ], [ -46.772972, -23.670014 ], [ -46.773063, -23.669823 ], [ -46.773084, -23.669419 ], [ -46.77299, -23.66888 ], [ -46.773007, -23.667972 ], [ -46.772422, -23.668076 ], [ -46.771772, -23.668008 ], [ -46.770652, -23.668413 ] ] ] } },
{ "type": "Feature", "properties": { "CD_SETOR": "355030819000013", "faces": 26, "pavimentada": 96.15, "bueiro": 19.23, "iluminacao": 96.15, "onibus": 11.54, "ciclovia": 0.0, "calcada": 76.92, "obstaculo": 90.0, "rampa": 30.0, "rampa_faces": 23.08, "sem_calcada": 19.23, "sem_arvore": 53.85, "muitas_arvores": 11.54, "vao": 73.08, "V05400": 26, "V05421": 20, "V05406": 25, "V05412": 25, "V05422": 5, "V05424": 18, "V05427": 6, "V05409": 5, "V05415": 3, "V05418": 0, "V05430": 14, "V05433": 3, "criancas_0a4": 35, "em_favela": false }, "geometry": { "type": "Polygon", "coordinates": [ [ [ -46.76989, -23.668739 ], [ -46.768776, -23.669087 ], [ -46.767253, -23.670012 ], [ -46.765719, -23.670123 ], [ -46.765717, -23.67037 ], [ -46.766228, -23.670658 ], [ -46.766885, -23.670649 ], [ -46.767194, -23.671028 ], [ -46.767465, -23.671269 ], [ -46.768634, -23.671299 ], [ -46.767609, -23.670562 ], [ -46.768743, -23.669947 ], [ -46.770972, -23.668998 ], [ -46.770652, -23.668413 ], [ -46.76989, -23.668739 ] ] ] } },
{ "type": "Feature", "properties": { "CD_SETOR": "355030819000014", "faces": 15, "pavimentada": 100.0, "bueiro": 53.33, "iluminacao": 100.0, "onibus": 20.0, "ciclovia": 13.33, "calcada": 100.0, "obstaculo": 86.67, "rampa": 33.33, "rampa_faces": 33.33, "sem_calcada": 0.0, "sem_arvore": 26.67, "muitas_arvores": 46.67, "vao": 66.67, "V05400": 15, "V05421": 15, "V05406": 15, "V05412": 15, "V05422": 0, "V05424": 13, "V05427": 5, "V05409": 8, "V05415": 3, "V05418": 2, "V05430": 4, "V05433": 7, "criancas_0a4": 38, "em_favela": false }, "geometry": { "type": "Polygon", "coordinates": [ [ [ -46.772972, -23.670014 ], [ -46.77058, -23.670716 ], [ -46.769619, -23.670644 ], [ -46.769584, -23.670716 ], [ -46.769697, -23.670977 ], [ -46.769623, -23.670996 ], [ -46.769753, -23.671463 ], [ -46.76963, -23.671911 ], [ -46.770276, -23.672063 ], [ -46.770923, -23.671575 ], [ -46.771545, -23.671384 ], [ -46.771675, -23.671425 ], [ -46.772101, -23.671923 ], [ -46.77315, -23.671693 ], [ -46.772806, -23.670949 ], [ -46.772778, -23.67069 ], [ -46.772806, -23.670414 ], [ -46.772972, -23.670014 ] ] ] } },
{ "type": "Feature", "properties": { "CD_SETOR": "355030819000015", "faces": 10, "pavimentada": 100.0, "bueiro": 30.0, "iluminacao": 100.0, "onibus": 20.0, "ciclovia": 0.0, "calcada": 90.0, "obstaculo": 88.89, "rampa": 0.0, "rampa_faces": 0.0, "sem_calcada": 10.0, "sem_arvore": 30.0, "muitas_arvores": 30.0, "vao": 100.0, "V05400": 10, "V05421": 9, "V05406": 10, "V05412": 10, "V05422": 1, "V05424": 8, "V05427": 0, "V05409": 3, "V05415": 2, "V05418": 0, "V05430": 3, "V05433": 3, "criancas_0a4": 33, "em_favela": false }, "geometry": { "type": "Polygon", "coordinates": [ [ [ -46.772101, -23.671923 ], [ -46.772202, -23.672333 ], [ -46.772013, -23.672371 ], [ -46.772033, -23.672439 ], [ -46.771496, -23.672589 ], [ -46.771433, -23.672165 ], [ -46.770969, -23.672354 ], [ -46.769391, -23.673258 ], [ -46.768674, -23.672602 ], [ -46.768297, -23.672841 ], [ -46.768339, -23.673083 ], [ -46.769563, -23.674544 ], [ -46.769652, -23.673928 ], [ -46.769706, -23.673864 ], [ -46.771119, -23.673194 ], [ -46.773298, -23.672639 ], [ -46.77329, -23.672356 ], [ -46.77315, -23.671693 ], [ -46.772101, -23.671923 ] ] ] } },
{ "type": "Feature", "properties": { "CD_SETOR": "355030819000016", "faces": 15, "pavimentada": 93.33, "bueiro": 40.0, "iluminacao": 100.0, "onibus": 6.67, "ciclovia": 0.0, "calcada": 66.67, "obstaculo": 90.0, "rampa": 40.0, "rampa_faces": 26.67, "sem_calcada": 33.33, "sem_arvore": 53.33, "muitas_arvores": 33.33, "vao": 66.67, "V05400": 15, "V05421": 10, "V05406": 14, "V05412": 15, "V05422": 5, "V05424": 9, "V05427": 4, "V05409": 6, "V05415": 1, "V05418": 0, "V05430": 8, "V05433": 5, "criancas_0a4": 16, "em_favela": false }, "geometry": { "type": "Polygon", "coordinates": [ [ [ -46.773079, -23.669656 ], [ -46.773063, -23.669823 ], [ -46.772806, -23.670414 ], [ -46.772806, -23.670949 ], [ -46.77315, -23.671693 ], [ -46.77329, -23.672356 ], [ -46.773329, -23.67332 ], [ -46.773522, -23.673715 ], [ -46.7737, -23.674585 ], [ -46.774315, -23.674294 ], [ -46.774206, -23.673417 ], [ -46.774534, -23.672504 ], [ -46.77437, -23.672515 ], [ -46.774261, -23.672429 ], [ -46.774174, -23.672076 ], [ -46.774145, -23.671426 ], [ -46.774006, -23.671299 ], [ -46.773905, -23.670706 ], [ -46.773913, -23.670582 ], [ -46.774014, -23.670523 ], [ -46.774032, -23.670289 ], [ -46.774413, -23.670333 ], [ -46.77442, -23.670296 ], [ -46.774519, -23.670285 ], [ -46.774556, -23.668866 ], [ -46.774076, -23.668853 ], [ -46.774066, -23.670149 ], [ -46.773546, -23.670117 ], [ -46.773529, -23.669688 ], [ -46.773079, -23.669656 ] ] ] } },
{ "type": "Feature", "properties": { "CD_SETOR": "355030819000017", "faces": 7, "pavimentada": 71.43, "bueiro": 14.29, "iluminacao": 85.71, "onibus": 0.0, "ciclovia": 0.0, "calcada": 28.57, "obstaculo": 100.0, "rampa": 0.0, "rampa_faces": 0.0, "sem_calcada": 71.43, "sem_arvore": 42.86, "muitas_arvores": 28.57, "vao": 71.43, "V05400": 7, "V05421": 2, "V05406": 5, "V05412": 6, "V05422": 5, "V05424": 2, "V05427": 0, "V05409": 1, "V05415": 0, "V05418": 0, "V05430": 3, "V05433": 2, "criancas_0a4": 29, "em_favela": true }, "geometry": { "type": "Polygon", "coordinates": [ [ [ -46.774534, -23.672504 ], [ -46.774633, -23.672281 ], [ -46.774946, -23.672037 ], [ -46.774592, -23.671759 ], [ -46.774519, -23.670285 ], [ -46.77442, -23.670296 ], [ -46.774413, -23.670333 ], [ -46.774032, -23.670289 ], [ -46.774014, -23.670523 ], [ -46.773913, -23.670582 ], [ -46.773905, -23.670706 ], [ -46.774006, -23.671299 ], [ -46.774145, -23.671426 ], [ -46.774174, -23.672076 ], [ -46.774261, -23.672429 ], [ -46.77437, -23.672515 ], [ -46.774534, -23.672504 ] ] ] } },
{ "type": "Feature", "properties": { "CD_SETOR": "355030819000018", "faces": 12, "pavimentada": 100.0, "bueiro": 50.0, "iluminacao": 100.0, "onibus": 0.0, "ciclovia": 0.0, "calcada": 75.0, "obstaculo": 100.0, "rampa": 0.0, "rampa_faces": 0.0, "sem_calcada": 25.0, "sem_arvore": 58.33, "muitas_arvores": 25.0, "vao": 100.0, "V05400": 12, "V05421": 9, "V05406": 12, "V05412": 12, "V05422": 3, "V05424": 9, "V05427": 0, "V05409": 6, "V05415": 0, "V05418": 0, "V05430": 7, "V05433": 3, "criancas_0a4": 30, "em_favela": false }, "geometry": { "type": "Polygon", "coordinates": [ [ [ -46.774557, -23.668921 ], [ -46.774508, -23.670583 ], [ -46.774592, -23.671759 ], [ -46.774946, -23.672037 ], [ -46.775844, -23.672546 ], [ -46.776278, -23.67286 ], [ -46.776289, -23.672538 ], [ -46.776168, -23.672158 ], [ -46.775168, -23.671038 ], [ -46.7751, -23.670877 ], [ -46.775062, -23.670272 ], [ -46.775081, -23.669377 ], [ -46.774675, -23.668937 ], [ -46.774557, -23.668921 ] ] ] } },
{ "type": "Feature", "properties": { "CD_SETOR": "355030819000020", "faces": 17, "pavimentada": 100.0, "bueiro": 100.0, "iluminacao": 100.0, "onibus": 5.88, "ciclovia": 0.0, "calcada": 100.0, "obstaculo": 58.82, "rampa": 5.88, "rampa_faces": 5.88, "sem_calcada": 0.0, "sem_arvore": 52.94, "muitas_arvores": 23.53, "vao": 94.12, "V05400": 17, "V05421": 17, "V05406": 17, "V05412": 17, "V05422": 0, "V05424": 10, "V05427": 1, "V05409": 17, "V05415": 1, "V05418": 0, "V05430": 9, "V05433": 4, "criancas_0a4": 40, "em_favela": false }, "geometry": { "type": "Polygon", "coordinates": [ [ [ -46.779785, -23.669933 ], [ -46.77814, -23.671094 ], [ -46.77897, -23.672045 ], [ -46.780004, -23.671401 ], [ -46.780086, -23.671419 ], [ -46.780657, -23.671963 ], [ -46.781174, -23.671492 ], [ -46.781152, -23.671255 ], [ -46.781534, -23.670618 ], [ -46.78078, -23.670234 ], [ -46.780775, -23.67013 ], [ -46.780684, -23.670079 ], [ -46.78017, -23.669929 ], [ -46.779785, -23.669933 ] ] ] } },
{ "type": "Feature", "properties": { "CD_SETOR": "355030819000021", "faces": 20, "pavimentada": 100.0, "bueiro": 15.0, "iluminacao": 100.0, "onibus": 0.0, "ciclovia": 0.0, "calcada": 100.0, "obstaculo": 60.0, "rampa": 15.0, "rampa_faces": 15.0, "sem_calcada": 0.0, "sem_arvore": 60.0, "muitas_arvores": 15.0, "vao": 85.0, "V05400": 20, "V05421": 20, "V05406": 20, "V05412": 20, "V05422": 0, "V05424": 12, "V05427": 3, "V05409": 3, "V05415": 0, "V05418": 0, "V05430": 12, "V05433": 3, "criancas_0a4": 68, "em_favela": false }, "geometry": { "type": "Polygon", "coordinates": [ [ [ -46.775842, -23.667669 ], [ -46.777252, -23.669062 ], [ -46.777423, -23.669032 ], [ -46.779007, -23.669502 ], [ -46.77924, -23.668849 ], [ -46.780482, -23.669215 ], [ -46.780627, -23.669304 ], [ -46.78112, -23.669206 ], [ -46.779928, -23.6688 ], [ -46.77742, -23.668078 ], [ -46.777129, -23.667934 ], [ -46.776606, -23.667547 ], [ -46.776369, -23.667284 ], [ -46.775842, -23.667669 ] ] ] } },
{ "type": "Feature", "properties": { "CD_SETOR": "355030819000022", "faces": 6, "pavimentada": 100.0, "bueiro": 50.0, "iluminacao": 100.0, "onibus": 33.33, "ciclovia": 0.0, "calcada": 83.33, "obstaculo": 20.0, "rampa": 20.0, "rampa_faces": 16.67, "sem_calcada": 16.67, "sem_arvore": 66.67, "muitas_arvores": 0.0, "vao": 83.33, "V05400": 6, "V05421": 5, "V05406": 6, "V05412": 6, "V05422": 1, "V05424": 1, "V05427": 1, "V05409": 3, "V05415": 2, "V05418": 0, "V05430": 4, "V05433": 0, "criancas_0a4": 31, "em_favela": false }, "geometry": { "type": "Polygon", "coordinates": [ [ [ -46.780452, -23.664987 ], [ -46.77793, -23.665116 ], [ -46.776897, -23.665278 ], [ -46.776903, -23.665314 ], [ -46.77699, -23.665294 ], [ -46.777099, -23.665698 ], [ -46.77688, -23.665745 ], [ -46.776465, -23.666 ], [ -46.776279, -23.666188 ], [ -46.776165, -23.666601 ], [ -46.776175, -23.666786 ], [ -46.776328, -23.667024 ], [ -46.776369, -23.667284 ], [ -46.776606, -23.667547 ], [ -46.777129, -23.667934 ], [ -46.77742, -23.668078 ], [ -46.779928, -23.6688 ], [ -46.780965, -23.669172 ], [ -46.781548, -23.669203 ], [ -46.783096, -23.669686 ], [ -46.783368, -23.669676 ], [ -46.783274, -23.669885 ], [ -46.783332, -23.669905 ], [ -46.783678, -23.669675 ], [ -46.784537, -23.669967 ], [ -46.784702, -23.67006 ], [ -46.785277, -23.670694 ], [ -46.785956, -23.670192 ], [ -46.785041, -23.669175 ], [ -46.784723, -23.668703 ], [ -46.784263, -23.667853 ], [ -46.784027, -23.667514 ], [ -46.783405, -23.666816 ], [ -46.783192, -23.666371 ], [ -46.782954, -23.665549 ], [ -46.782607, -23.664891 ], [ -46.782042, -23.66487 ], [ -46.781513, -23.664983 ], [ -46.780766, -23.665051 ], [ -46.780452, -23.664987 ] ] ] } },
{ "type": "Feature", "properties": { "CD_SETOR": "355030819000023", "faces": 31, "pavimentada": 100.0, "bueiro": 54.84, "iluminacao": 100.0, "onibus": 12.9, "ciclovia": 0.0, "calcada": 100.0, "obstaculo": 38.71, "rampa": 3.23, "rampa_faces": 3.23, "sem_calcada": 0.0, "sem_arvore": 54.84, "muitas_arvores": 16.13, "vao": 96.77, "V05400": 31, "V05421": 31, "V05406": 31, "V05412": 31, "V05422": 0, "V05424": 12, "V05427": 1, "V05409": 17, "V05415": 4, "V05418": 0, "V05430": 17, "V05433": 5, "criancas_0a4": 52, "em_favela": false }, "geometry": { "type": "Polygon", "coordinates": [ [ [ -46.776916, -23.663976 ], [ -46.777018, -23.664093 ], [ -46.777034, -23.664225 ], [ -46.777709, -23.664566 ], [ -46.778135, -23.663826 ], [ -46.778507, -23.66402 ], [ -46.778923, -23.663291 ], [ -46.777854, -23.662741 ], [ -46.777708, -23.662725 ], [ -46.776993, -23.661865 ], [ -46.776698, -23.66178 ], [ -46.776916, -23.663976 ] ] ] } },
{ "type": "Feature", "properties": { "CD_SETOR": "355030819000025", "faces": 12, "pavimentada": 100.0, "bueiro": 66.67, "iluminacao": 100.0, "onibus": 8.33, "ciclovia": 0.0, "calcada": 100.0, "obstaculo": 0.0, "rampa": 16.67, "rampa_faces": 16.67, "sem_calcada": 0.0, "sem_arvore": 16.67, "muitas_arvores": 41.67, "vao": 83.33, "V05400": 12, "V05421": 12, "V05406": 12, "V05412": 12, "V05422": 0, "V05424": 0, "V05427": 2, "V05409": 8, "V05415": 1, "V05418": 0, "V05430": 2, "V05433": 5, "criancas_0a4": 30, "em_favela": false }, "geometry": { "type": "Polygon", "coordinates": [ [ [ -46.780185, -23.663567 ], [ -46.779881, -23.664078 ], [ -46.780455, -23.664356 ], [ -46.780079, -23.665018 ], [ -46.780452, -23.664987 ], [ -46.780766, -23.665051 ], [ -46.781513, -23.664983 ], [ -46.782042, -23.66487 ], [ -46.782607, -23.664891 ], [ -46.78179, -23.663685 ], [ -46.781246, -23.663114 ], [ -46.780812, -23.663842 ], [ -46.780576, -23.664036 ], [ -46.780185, -23.663567 ] ] ] } },
{ "type": "Feature", "properties": { "CD_SETOR": "355030819000026", "faces": 4, "pavimentada": 100.0, "bueiro": 0.0, "iluminacao": 100.0, "onibus": 0.0, "ciclovia": 0.0, "calcada": 100.0, "obstaculo": 50.0, "rampa": 0.0, "rampa_faces": 0.0, "sem_calcada": 0.0, "sem_arvore": 25.0, "muitas_arvores": 50.0, "vao": 100.0, "V05400": 4, "V05421": 4, "V05406": 4, "V05412": 4, "V05422": 0, "V05424": 2, "V05427": 0, "V05409": 0, "V05415": 0, "V05418": 0, "V05430": 1, "V05433": 2, "criancas_0a4": 34, "em_favela": false }, "geometry": { "type": "Polygon", "coordinates": [ [ [ -46.779492, -23.662276 ], [ -46.779069, -23.662933 ], [ -46.78004, -23.663453 ], [ -46.780303, -23.663668 ], [ -46.780576, -23.664036 ], [ -46.780812, -23.663842 ], [ -46.781246, -23.663114 ], [ -46.780562, -23.66256 ], [ -46.779898, -23.66214 ], [ -46.779492, -23.662276 ] ] ] } },
{ "type": "Feature", "properties": { "CD_SETOR": "355030819000027", "faces": 8, "pavimentada": 100.0, "bueiro": 0.0, "iluminacao": 100.0, "onibus": 50.0, "ciclovia": 0.0, "calcada": 100.0, "obstaculo": 12.5, "rampa": 0.0, "rampa_faces": 0.0, "sem_calcada": 0.0, "sem_arvore": 25.0, "muitas_arvores": 25.0, "vao": 100.0, "V05400": 8, "V05421": 8, "V05406": 8, "V05412": 8, "V05422": 0, "V05424": 1, "V05427": 0, "V05409": 0, "V05415": 4, "V05418": 0, "V05430": 2, "V05433": 2, "criancas_0a4": 23, "em_favela": false }, "geometry": { "type": "Polygon", "coordinates": [ [ [ -46.776631, -23.661087 ], [ -46.777092, -23.661073 ], [ -46.777327, -23.661154 ], [ -46.777627, -23.661372 ], [ -46.778257, -23.662145 ], [ -46.779239, -23.662632 ], [ -46.779492, -23.662276 ], [ -46.779898, -23.66214 ], [ -46.779409, -23.661878 ], [ -46.779294, -23.661866 ], [ -46.778829, -23.661654 ], [ -46.778594, -23.661444 ], [ -46.77824, -23.660958 ], [ -46.777902, -23.660678 ], [ -46.776524, -23.660081 ], [ -46.776631, -23.661087 ] ] ] } },
{ "type": "Feature", "properties": { "CD_SETOR": "355030819000028", "faces": 15, "pavimentada": 93.33, "bueiro": 26.67, "iluminacao": 93.33, "onibus": 33.33, "ciclovia": 0.0, "calcada": 73.33, "obstaculo": 36.36, "rampa": 9.09, "rampa_faces": 6.67, "sem_calcada": 20.0, "sem_arvore": 13.33, "muitas_arvores": 73.33, "vao": 86.67, "V05400": 15, "V05421": 11, "V05406": 14, "V05412": 14, "V05422": 3, "V05424": 4, "V05427": 1, "V05409": 4, "V05415": 5, "V05418": 0, "V05430": 2, "V05433": 11, "criancas_0a4": 20, "em_favela": false }, "geometry": { "type": "Polygon", "coordinates": [ [ [ -46.774588, -23.659586 ], [ -46.771825, -23.660208 ], [ -46.771741, -23.6611 ], [ -46.772644, -23.660723 ], [ -46.773581, -23.660472 ], [ -46.774034, -23.660499 ], [ -46.774967, -23.660371 ], [ -46.775454, -23.660526 ], [ -46.775555, -23.660694 ], [ -46.775543, -23.660856 ], [ -46.775394, -23.661018 ], [ -46.774589, -23.661331 ], [ -46.775008, -23.661663 ], [ -46.775557, -23.661626 ], [ -46.77573, -23.661558 ], [ -46.775965, -23.661333 ], [ -46.776064, -23.661153 ], [ -46.776109, -23.66069 ], [ -46.776042, -23.660355 ], [ -46.775649, -23.66016 ], [ -46.775684, -23.65973 ], [ -46.775002, -23.659554 ], [ -46.774588, -23.659586 ] ] ] } },
{ "type": "Feature", "properties": { "CD_SETOR": "355030819000029", "faces": 16, "pavimentada": 93.75, "bueiro": 31.25, "iluminacao": 93.75, "onibus": 18.75, "ciclovia": 0.0, "calcada": 68.75, "obstaculo": 90.91, "rampa": 0.0, "rampa_faces": 0.0, "sem_calcada": 25.0, "sem_arvore": 56.25, "muitas_arvores": 0.0, "vao": 93.75, "V05400": 16, "V05421": 11, "V05406": 15, "V05412": 15, "V05422": 4, "V05424": 10, "V05427": 0, "V05409": 5, "V05415": 3, "V05418": 0, "V05430": 9, "V05433": 0, "criancas_0a4": 34, "em_favela": false }, "geometry": { "type": "Polygon", "coordinates": [ [ [ -46.772199, -23.656884 ], [ -46.772711, -23.657317 ], [ -46.773068, -23.65754 ], [ -46.773575, -23.657614 ], [ -46.773676, -23.65767 ], [ -46.773765, -23.657791 ], [ -46.773754, -23.658022 ], [ -46.774108, -23.658033 ], [ -46.774353, -23.658097 ], [ -46.774404, -23.657453 ], [ -46.774269, -23.657131 ], [ -46.773209, -23.656369 ], [ -46.772327, -23.65542 ], [ -46.772092, -23.656342 ], [ -46.772199, -23.656884 ] ] ] } },
{ "type": "Feature", "properties": { "CD_SETOR": "355030819000030", "faces": 23, "pavimentada": 100.0, "bueiro": 47.83, "iluminacao": 100.0, "onibus": 13.04, "ciclovia": 4.35, "calcada": 82.61, "obstaculo": 78.95, "rampa": 15.79, "rampa_faces": 13.04, "sem_calcada": 17.39, "sem_arvore": 47.83, "muitas_arvores": 13.04, "vao": 86.96, "V05400": 23, "V05421": 19, "V05406": 23, "V05412": 23, "V05422": 4, "V05424": 15, "V05427": 3, "V05409": 11, "V05415": 3, "V05418": 1, "V05430": 11, "V05433": 3, "criancas_0a4": 41, "em_favela": false }, "geometry": { "type": "Polygon", "coordinates": [ [ [ -46.769191, -23.656877 ], [ -46.76891, -23.657176 ], [ -46.768415, -23.657383 ], [ -46.768388, -23.657814 ], [ -46.768424, -23.658157 ], [ -46.76879, -23.658547 ], [ -46.768729, -23.658706 ], [ -46.768663, -23.658684 ], [ -46.768568, -23.658726 ], [ -46.768486, -23.658894 ], [ -46.768359, -23.659006 ], [ -46.768295, -23.658993 ], [ -46.76809, -23.65862 ], [ -46.76794, -23.658447 ], [ -46.767526, -23.658131 ], [ -46.767257, -23.658825 ], [ -46.766485, -23.659588 ], [ -46.767004, -23.660155 ], [ -46.767968, -23.660771 ], [ -46.768072, -23.660605 ], [ -46.769211, -23.660095 ], [ -46.768995, -23.659706 ], [ -46.769266, -23.659574 ], [ -46.769242, -23.659291 ], [ -46.769687, -23.659071 ], [ -46.770469, -23.658475 ], [ -46.771106, -23.658122 ], [ -46.769535, -23.657775 ], [ -46.769596, -23.657591 ], [ -46.769177, -23.657261 ], [ -46.769214, -23.657098 ], [ -46.769191, -23.656877 ] ] ] } },
{ "type": "Feature", "properties": { "CD_SETOR": "355030819000031", "faces": 15, "pavimentada": 100.0, "bueiro": 33.33, "iluminacao": 86.67, "onibus": 0.0, "ciclovia": 0.0, "calcada": 33.33, "obstaculo": 100.0, "rampa": 20.0, "rampa_faces": 6.67, "sem_calcada": 66.67, "sem_arvore": 100.0, "muitas_arvores": 0.0, "vao": 93.33, "V05400": 15, "V05421": 5, "V05406": 15, "V05412": 13, "V05422": 10, "V05424": 5, "V05427": 1, "V05409": 5, "V05415": 0, "V05418": 0, "V05430": 15, "V05433": 0, "criancas_0a4": 23, "em_favela": true }, "geometry": { "type": "Polygon", "coordinates": [ [ [ -46.767526, -23.658131 ], [ -46.76794, -23.658447 ], [ -46.76809, -23.65862 ], [ -46.768295, -23.658993 ], [ -46.768359, -23.659006 ], [ -46.768486, -23.658894 ], [ -46.768568, -23.658726 ], [ -46.768663, -23.658684 ], [ -46.768729, -23.658706 ], [ -46.76879, -23.658547 ], [ -46.768424, -23.658157 ], [ -46.768388, -23.657814 ], [ -46.768415, -23.657383 ], [ -46.767987, -23.65757 ], [ -46.767526, -23.658131 ] ] ] } },
{ "type": "Feature", "properties": { "CD_SETOR": "355030819000032", "faces": 12, "pavimentada": 100.0, "bueiro": 58.33, "iluminacao": 100.0, "onibus": 16.67, "ciclovia": 0.0, "calcada": 100.0, "obstaculo": 58.33, "rampa": 33.33, "rampa_faces": 33.33, "sem_calcada": 0.0, "sem_arvore": 75.0, "muitas_arvores": 8.33, "vao": 66.67, "V05400": 12, "V05421": 12, "V05406": 12, "V05412": 12, "V05422": 0, "V05424": 7, "V05427": 4, "V05409": 7, "V05415": 2, "V05418": 0, "V05430": 9, "V05433": 1, "criancas_0a4": 8, "em_favela": false }, "geometry": { "type": "Polygon", "coordinates": [ [ [ -46.76586, -23.66023 ], [ -46.76795, -23.662323 ], [ -46.76763, -23.662521 ], [ -46.767942, -23.663068 ], [ -46.767852, -23.663442 ], [ -46.768212, -23.663971 ], [ -46.769328, -23.663067 ], [ -46.768928, -23.661938 ], [ -46.767968, -23.660771 ], [ -46.767202, -23.660312 ], [ -46.767004, -23.660155 ], [ -46.76656, -23.659657 ], [ -46.76586, -23.66023 ] ] ] } },
{ "type": "Feature", "properties": { "CD_SETOR": "355030819000033", "faces": 8, "pavimentada": 100.0, "bueiro": 12.5, "iluminacao": 100.0, "onibus": 0.0, "ciclovia": 0.0, "calcada": 100.0, "obstaculo": 100.0, "rampa": 0.0, "rampa_faces": 0.0, "sem_calcada": 0.0, "sem_arvore": 25.0, "muitas_arvores": 25.0, "vao": 100.0, "V05400": 8, "V05421": 8, "V05406": 8, "V05412": 8, "V05422": 0, "V05424": 8, "V05427": 0, "V05409": 1, "V05415": 0, "V05418": 0, "V05430": 2, "V05433": 2, "criancas_0a4": 31, "em_favela": false }, "geometry": { "type": "Polygon", "coordinates": [ [ [ -46.765791, -23.662627 ], [ -46.765552, -23.662845 ], [ -46.765411, -23.663055 ], [ -46.765365, -23.663521 ], [ -46.765772, -23.663505 ], [ -46.766198, -23.663362 ], [ -46.766286, -23.663817 ], [ -46.766338, -23.663888 ], [ -46.766965, -23.663563 ], [ -46.767885, -23.662965 ], [ -46.76763, -23.662521 ], [ -46.766789, -23.66302 ], [ -46.765791, -23.662627 ] ] ] } },
{ "type": "Feature", "properties": { "CD_SETOR": "355030819000034", "faces": 12, "pavimentada": 100.0, "bueiro": 41.67, "iluminacao": 100.0, "onibus": 8.33, "ciclovia": 0.0, "calcada": 100.0, "obstaculo": 91.67, "rampa": 0.0, "rampa_faces": 0.0, "sem_calcada": 0.0, "sem_arvore": 66.67, "muitas_arvores": 16.67, "vao": 100.0, "V05400": 12, "V05421": 12, "V05406": 12, "V05412": 12, "V05422": 0, "V05424": 11, "V05427": 0, "V05409": 5, "V05415": 1, "V05418": 0, "V05430": 8, "V05433": 2, "criancas_0a4": 26, "em_favela": false }, "geometry": { "type": "Polygon", "coordinates": [ [ [ -46.769328, -23.663067 ], [ -46.767204, -23.664822 ], [ -46.767424, -23.666025 ], [ -46.767643, -23.666661 ], [ -46.768608, -23.665959 ], [ -46.769789, -23.663835 ], [ -46.769328, -23.663067 ] ] ] } },
{ "type": "Feature", "properties": { "CD_SETOR": "355030819000035", "faces": 12, "pavimentada": 100.0, "bueiro": 25.0, "iluminacao": 100.0, "onibus": 0.0, "ciclovia": 0.0, "calcada": 100.0, "obstaculo": 100.0, "rampa": 8.33, "rampa_faces": 8.33, "sem_calcada": 0.0, "sem_arvore": 16.67, "muitas_arvores": 8.33, "vao": 91.67, "V05400": 12, "V05421": 12, "V05406": 12, "V05412": 12, "V05422": 0, "V05424": 12, "V05427": 1, "V05409": 3, "V05415": 0, "V05418": 0, "V05430": 2, "V05433": 1, "criancas_0a4": 22, "em_favela": false }, "geometry": { "type": "Polygon", "coordinates": [ [ [ -46.765587, -23.665454 ], [ -46.765762, -23.666439 ], [ -46.766066, -23.667402 ], [ -46.76651, -23.667363 ], [ -46.767643, -23.666661 ], [ -46.767424, -23.666025 ], [ -46.767204, -23.664822 ], [ -46.766662, -23.665302 ], [ -46.765587, -23.665454 ] ] ] } },
{ "type": "Feature", "properties": { "CD_SETOR": "355030819000036", "faces": 18, "pavimentada": 100.0, "bueiro": 16.67, "iluminacao": 100.0, "onibus": 5.56, "ciclovia": 0.0, "calcada": 88.89, "obstaculo": 87.5, "rampa": 6.25, "rampa_faces": 5.56, "sem_calcada": 11.11, "sem_arvore": 33.33, "muitas_arvores": 22.22, "vao": 94.44, "V05400": 18, "V05421": 16, "V05406": 18, "V05412": 18, "V05422": 2, "V05424": 14, "V05427": 1, "V05409": 3, "V05415": 1, "V05418": 0, "V05430": 6, "V05433": 4, "criancas_0a4": 35, "em_favela": false }, "geometry": { "type": "Polygon", "coordinates": [ [ [ -46.766424, -23.667381 ], [ -46.766325, -23.670083 ], [ -46.767253, -23.670012 ], [ -46.76823, -23.669411 ], [ -46.767981, -23.668965 ], [ -46.767845, -23.669042 ], [ -46.76782, -23.667202 ], [ -46.767643, -23.666661 ], [ -46.767131, -23.667003 ], [ -46.766424, -23.667381 ] ] ] } },
{ "type": "Feature", "properties": { "CD_SETOR": "355030819000038", "faces": 13, "pavimentada": 100.0, "bueiro": 61.54, "iluminacao": 53.85, "onibus": 7.69, "ciclovia": 0.0, "calcada": 84.62, "obstaculo": 100.0, "rampa": 0.0, "rampa_faces": 0.0, "sem_calcada": 15.38, "sem_arvore": 76.92, "muitas_arvores": 0.0, "vao": 100.0, "V05400": 13, "V05421": 11, "V05406": 13, "V05412": 7, "V05422": 2, "V05424": 11, "V05427": 0, "V05409": 8, "V05415": 1, "V05418": 0, "V05430": 10, "V05433": 0, "criancas_0a4": 26, "em_favela": true }, "geometry": { "type": "Polygon", "coordinates": [ [ [ -46.762302, -23.670845 ], [ -46.762354, -23.671193 ], [ -46.762559, -23.671834 ], [ -46.762515, -23.672229 ], [ -46.762543, -23.672476 ], [ -46.762608, -23.672701 ], [ -46.76277, -23.672898 ], [ -46.763269, -23.672625 ], [ -46.763181, -23.672492 ], [ -46.763121, -23.672481 ], [ -46.762524, -23.671173 ], [ -46.762292, -23.669905 ], [ -46.762072, -23.66987 ], [ -46.762104, -23.670244 ], [ -46.762302, -23.670845 ] ] ] } },
{ "type": "Feature", "properties": { "CD_SETOR": "355030819000039", "faces": 19, "pavimentada": 100.0, "bueiro": 0.0, "iluminacao": 100.0, "onibus": 5.26, "ciclovia": 0.0, "calcada": 89.47, "obstaculo": 76.47, "rampa": 11.76, "rampa_faces": 10.53, "sem_calcada": 10.53, "sem_arvore": 42.11, "muitas_arvores": 5.26, "vao": 89.47, "V05400": 19, "V05421": 17, "V05406": 19, "V05412": 19, "V05422": 2, "V05424": 13, "V05427": 2, "V05409": 0, "V05415": 1, "V05418": 0, "V05430": 8, "V05433": 1, "criancas_0a4": 24, "em_favela": false }, "geometry": { "type": "Polygon", "coordinates": [ [ [ -46.765626, -23.670785 ], [ -46.76591, -23.671143 ], [ -46.766025, -23.671215 ], [ -46.766295, -23.671235 ], [ -46.766535, -23.67108 ], [ -46.766714, -23.671301 ], [ -46.766936, -23.671333 ], [ -46.766652, -23.671946 ], [ -46.766503, -23.672124 ], [ -46.76696, -23.672708 ], [ -46.767349, -23.672413 ], [ -46.768222, -23.672303 ], [ -46.768297, -23.672841 ], [ -46.768845, -23.672451 ], [ -46.76885, -23.671676 ], [ -46.768732, -23.671538 ], [ -46.768701, -23.671281 ], [ -46.767465, -23.671269 ], [ -46.767194, -23.671028 ], [ -46.766885, -23.670649 ], [ -46.766228, -23.670658 ], [ -46.765717, -23.67037 ], [ -46.765626, -23.670785 ] ] ] } },
{ "type": "Feature", "properties": { "CD_SETOR": "355030819000042", "faces": 12, "pavimentada": 100.0, "bueiro": 8.33, "iluminacao": 100.0, "onibus": 8.33, "ciclovia": 0.0, "calcada": 91.67, "obstaculo": 100.0, "rampa": 0.0, "rampa_faces": 0.0, "sem_calcada": 8.33, "sem_arvore": 50.0, "muitas_arvores": 8.33, "vao": 100.0, "V05400": 12, "V05421": 11, "V05406": 12, "V05412": 12, "V05422": 1, "V05424": 11, "V05427": 0, "V05409": 1, "V05415": 1, "V05418": 0, "V05430": 6, "V05433": 1, "criancas_0a4": 33, "em_favela": false }, "geometry": { "type": "Polygon", "coordinates": [ [ [ -46.764749, -23.672944 ], [ -46.765248, -23.674124 ], [ -46.765368, -23.674122 ], [ -46.765513, -23.674377 ], [ -46.765596, -23.675115 ], [ -46.766213, -23.675738 ], [ -46.766085, -23.674043 ], [ -46.766671, -23.673996 ], [ -46.766654, -23.673778 ], [ -46.766484, -23.673357 ], [ -46.766347, -23.673166 ], [ -46.766123, -23.673027 ], [ -46.765063, -23.672878 ], [ -46.764749, -23.672944 ] ] ] } },
{ "type": "Feature", "properties": { "CD_SETOR": "355030819000043", "faces": 15, "pavimentada": 100.0, "bueiro": 26.67, "iluminacao": 100.0, "onibus": 13.33, "ciclovia": 0.0, "calcada": 73.33, "obstaculo": 100.0, "rampa": 0.0, "rampa_faces": 0.0, "sem_calcada": 26.67, "sem_arvore": 60.0, "muitas_arvores": 0.0, "vao": 100.0, "V05400": 15, "V05421": 11, "V05406": 15, "V05412": 15, "V05422": 4, "V05424": 11, "V05427": 0, "V05409": 4, "V05415": 2, "V05418": 0, "V05430": 9, "V05433": 0, "criancas_0a4": 52, "em_favela": false }, "geometry": { "type": "Polygon", "coordinates": [ [ [ -46.766085, -23.674043 ], [ -46.76628, -23.676522 ], [ -46.76717, -23.676835 ], [ -46.767712, -23.677507 ], [ -46.76785, -23.677424 ], [ -46.767906, -23.677281 ], [ -46.767432, -23.676548 ], [ -46.767327, -23.675486 ], [ -46.766745, -23.674925 ], [ -46.766671, -23.673996 ], [ -46.766085, -23.674043 ] ] ] } },
{ "type": "Feature", "properties": { "CD_SETOR": "355030819000044", "faces": 7, "pavimentada": 100.0, "bueiro": 42.86, "iluminacao": 100.0, "onibus": 14.29, "ciclovia": 0.0, "calcada": 85.71, "obstaculo": 100.0, "rampa": 0.0, "rampa_faces": 0.0, "sem_calcada": 14.29, "sem_arvore": 42.86, "muitas_arvores": 14.29, "vao": 100.0, "V05400": 7, "V05421": 6, "V05406": 7, "V05412": 7, "V05422": 1, "V05424": 6, "V05427": 0, "V05409": 3, "V05415": 1, "V05418": 0, "V05430": 3, "V05433": 1, "criancas_0a4": 29, "em_favela": false }, "geometry": { "type": "Polygon", "coordinates": [ [ [ -46.767567, -23.67408 ], [ -46.767731, -23.675006 ], [ -46.767865, -23.675362 ], [ -46.768451, -23.676664 ], [ -46.76905, -23.676412 ], [ -46.769342, -23.676239 ], [ -46.769011, -23.676113 ], [ -46.768839, -23.675983 ], [ -46.76873, -23.675805 ], [ -46.768493, -23.675285 ], [ -46.768161, -23.67421 ], [ -46.767998, -23.673869 ], [ -46.767698, -23.673957 ], [ -46.767567, -23.67408 ] ] ] } },
{ "type": "Feature", "properties": { "CD_SETOR": "355030819000046", "faces": 6, "pavimentada": 100.0, "bueiro": 16.67, "iluminacao": 100.0, "onibus": 33.33, "ciclovia": 0.0, "calcada": 83.33, "obstaculo": 100.0, "rampa": 0.0, "rampa_faces": 0.0, "sem_calcada": 16.67, "sem_arvore": 50.0, "muitas_arvores": 33.33, "vao": 100.0, "V05400": 6, "V05421": 5, "V05406": 6, "V05412": 6, "V05422": 1, "V05424": 5, "V05427": 0, "V05409": 1, "V05415": 2, "V05418": 0, "V05430": 3, "V05433": 2, "criancas_0a4": 30, "em_favela": false }, "geometry": { "type": "Polygon", "coordinates": [ [ [ -46.76769, -23.672368 ], [ -46.767901, -23.673706 ], [ -46.768236, -23.673689 ], [ -46.768859, -23.674852 ], [ -46.769008, -23.674976 ], [ -46.769189, -23.675003 ], [ -46.769765, -23.674823 ], [ -46.768339, -23.673083 ], [ -46.768222, -23.672303 ], [ -46.76769, -23.672368 ] ] ] } },
{ "type": "Feature", "properties": { "CD_SETOR": "355030819000048", "faces": 17, "pavimentada": 100.0, "bueiro": 64.71, "iluminacao": 100.0, "onibus": 0.0, "ciclovia": 0.0, "calcada": 100.0, "obstaculo": 100.0, "rampa": 0.0, "rampa_faces": 0.0, "sem_calcada": 0.0, "sem_arvore": 47.06, "muitas_arvores": 0.0, "vao": 100.0, "V05400": 17, "V05421": 17, "V05406": 17, "V05412": 17, "V05422": 0, "V05424": 17, "V05427": 0, "V05409": 11, "V05415": 0, "V05418": 0, "V05430": 8, "V05433": 0, "criancas_0a4": 15, "em_favela": true }, "geometry": { "type": "Polygon", "coordinates": [ [ [ -46.769642, -23.677377 ], [ -46.769206, -23.677548 ], [ -46.768797, -23.677856 ], [ -46.768585, -23.6781 ], [ -46.768903, -23.678345 ], [ -46.769241, -23.678512 ], [ -46.76938, -23.678724 ], [ -46.770242, -23.678241 ], [ -46.769719, -23.677393 ], [ -46.769642, -23.677377 ] ] ] } },
{ "type": "Feature", "properties": { "CD_SETOR": "355030819000049", "faces": 17, "pavimentada": 100.0, "bueiro": 64.71, "iluminacao": 100.0, "onibus": 23.53, "ciclovia": 0.0, "calcada": 88.24, "obstaculo": 73.33, "rampa": 20.0, "rampa_faces": 17.65, "sem_calcada": 11.76, "sem_arvore": 76.47, "muitas_arvores": 11.76, "vao": 82.35, "V05400": 17, "V05421": 15, "V05406": 17, "V05412": 17, "V05422": 2, "V05424": 11, "V05427": 3, "V05409": 11, "V05415": 4, "V05418": 0, "V05430": 13, "V05433": 2, "criancas_0a4": 24, "em_favela": false }, "geometry": { "type": "Polygon", "coordinates": [ [ [ -46.771286, -23.675524 ], [ -46.771386, -23.675703 ], [ -46.771731, -23.675776 ], [ -46.771906, -23.675767 ], [ -46.770992, -23.67632 ], [ -46.770796, -23.676811 ], [ -46.770638, -23.677397 ], [ -46.77259, -23.676319 ], [ -46.773188, -23.677129 ], [ -46.773477, -23.676922 ], [ -46.773779, -23.676052 ], [ -46.773903, -23.675828 ], [ -46.773683, -23.674483 ], [ -46.772829, -23.674702 ], [ -46.772394, -23.675039 ], [ -46.77156, -23.675455 ], [ -46.771376, -23.675535 ], [ -46.771286, -23.675524 ] ] ] } },
{ "type": "Feature", "properties": { "CD_SETOR": "355030819000050", "faces": 15, "pavimentada": 100.0, "bueiro": 53.33, "iluminacao": 100.0, "onibus": 0.0, "ciclovia": 0.0, "calcada": 100.0, "obstaculo": 93.33, "rampa": 13.33, "rampa_faces": 13.33, "sem_calcada": 0.0, "sem_arvore": 40.0, "muitas_arvores": 6.67, "vao": 86.67, "V05400": 15, "V05421": 15, "V05406": 15, "V05412": 15, "V05422": 0, "V05424": 14, "V05427": 2, "V05409": 8, "V05415": 0, "V05418": 0, "V05430": 6, "V05433": 1, "criancas_0a4": 17, "em_favela": false }, "geometry": { "type": "Polygon", "coordinates": [ [ [ -46.774925, -23.673885 ], [ -46.775282, -23.67452 ], [ -46.775568, -23.674869 ], [ -46.77549, -23.675021 ], [ -46.775928, -23.675894 ], [ -46.776337, -23.675125 ], [ -46.77674, -23.674601 ], [ -46.776918, -23.674088 ], [ -46.776907, -23.673668 ], [ -46.776507, -23.673507 ], [ -46.776151, -23.673106 ], [ -46.774925, -23.673885 ] ] ] } },
{ "type": "Feature", "properties": { "CD_SETOR": "355030819000052", "faces": 8, "pavimentada": 100.0, "bueiro": 12.5, "iluminacao": 100.0, "onibus": 25.0, "ciclovia": 0.0, "calcada": 87.5, "obstaculo": 100.0, "rampa": 0.0, "rampa_faces": 0.0, "sem_calcada": 12.5, "sem_arvore": 25.0, "muitas_arvores": 0.0, "vao": 100.0, "V05400": 8, "V05421": 7, "V05406": 8, "V05412": 8, "V05422": 1, "V05424": 7, "V05427": 0, "V05409": 1, "V05415": 2, "V05418": 0, "V05430": 2, "V05433": 0, "criancas_0a4": 41, "em_favela": false }, "geometry": { "type": "Polygon", "coordinates": [ [ [ -46.778179, -23.67859 ], [ -46.77969, -23.678847 ], [ -46.778772, -23.677033 ], [ -46.778806, -23.676563 ], [ -46.778734, -23.676385 ], [ -46.778619, -23.676252 ], [ -46.778142, -23.676002 ], [ -46.777954, -23.675486 ], [ -46.777238, -23.675393 ], [ -46.777355, -23.676147 ], [ -46.777335, -23.676896 ], [ -46.778179, -23.67859 ] ] ] } },
{ "type": "Feature", "properties": { "CD_SETOR": "355030819000053", "faces": 11, "pavimentada": 100.0, "bueiro": 0.0, "iluminacao": 100.0, "onibus": 0.0, "ciclovia": 0.0, "calcada": 100.0, "obstaculo": 100.0, "rampa": 0.0, "rampa_faces": 0.0, "sem_calcada": 0.0, "sem_arvore": 27.27, "muitas_arvores": 0.0, "vao": 100.0, "V05400": 11, "V05421": 11, "V05406": 11, "V05412": 11, "V05422": 0, "V05424": 11, "V05427": 0, "V05409": 0, "V05415": 0, "V05418": 0, "V05430": 3, "V05433": 0, "criancas_0a4": 16, "em_favela": false }, "geometry": { "type": "Polygon", "coordinates": [ [ [ -46.778184, -23.674837 ], [ -46.778672, -23.674906 ], [ -46.778642, -23.675045 ], [ -46.778455, -23.675179 ], [ -46.778657, -23.675396 ], [ -46.7792, -23.675695 ], [ -46.780247, -23.674806 ], [ -46.77923, -23.673873 ], [ -46.778184, -23.674837 ] ] ] } },
{ "type": "Feature", "properties": { "CD_SETOR": "355030819000055", "faces": 7, "pavimentada": 100.0, "bueiro": 85.71, "iluminacao": 100.0, "onibus": 0.0, "ciclovia": 0.0, "calcada": 57.14, "obstaculo": 100.0, "rampa": 0.0, "rampa_faces": 0.0, "sem_calcada": 42.86, "sem_arvore": 57.14, "muitas_arvores": 0.0, "vao": 100.0, "V05400": 7, "V05421": 4, "V05406": 7, "V05412": 7, "V05422": 3, "V05424": 4, "V05427": 0, "V05409": 6, "V05415": 0, "V05418": 0, "V05430": 4, "V05433": 0, "criancas_0a4": 40, "em_favela": false }, "geometry": { "type": "Polygon", "coordinates": [ [ [ -46.778826, -23.67295 ], [ -46.779011, -23.673034 ], [ -46.781617, -23.67531 ], [ -46.782081, -23.675196 ], [ -46.782091, -23.675123 ], [ -46.781815, -23.674615 ], [ -46.780484, -23.673602 ], [ -46.779817, -23.672956 ], [ -46.779588, -23.672863 ], [ -46.77935, -23.672846 ], [ -46.779071, -23.672862 ], [ -46.778826, -23.67295 ] ] ] } },
{ "type": "Feature", "properties": { "CD_SETOR": "355030819000057", "faces": 14, "pavimentada": 100.0, "bueiro": 78.57, "iluminacao": 92.86, "onibus": 0.0, "ciclovia": 0.0, "calcada": 85.71, "obstaculo": 50.0, "rampa": 8.33, "rampa_faces": 7.14, "sem_calcada": 14.29, "sem_arvore": 100.0, "muitas_arvores": 0.0, "vao": 92.86, "V05400": 14, "V05421": 12, "V05406": 14, "V05412": 13, "V05422": 2, "V05424": 6, "V05427": 1, "V05409": 11, "V05415": 0, "V05418": 0, "V05430": 14, "V05433": 0, "criancas_0a4": 24, "em_favela": true }, "geometry": { "type": "Polygon", "coordinates": [ [ [ -46.783772, -23.67233 ], [ -46.783422, -23.672478 ], [ -46.783376, -23.672383 ], [ -46.782987, -23.672439 ], [ -46.783015, -23.672981 ], [ -46.781458, -23.673095 ], [ -46.781581, -23.673362 ], [ -46.781868, -23.673715 ], [ -46.783027, -23.673427 ], [ -46.783868, -23.673074 ], [ -46.783829, -23.672988 ], [ -46.784157, -23.672826 ], [ -46.784148, -23.67264 ], [ -46.783949, -23.672525 ], [ -46.783772, -23.67233 ] ] ] } },
{ "type": "Feature", "properties": { "CD_SETOR": "355030819000058", "faces": 18, "pavimentada": 100.0, "bueiro": 22.22, "iluminacao": 100.0, "onibus": 22.22, "ciclovia": 0.0, "calcada": 83.33, "obstaculo": 66.67, "rampa": 0.0, "rampa_faces": 0.0, "sem_calcada": 16.67, "sem_arvore": 72.22, "muitas_arvores": 0.0, "vao": 100.0, "V05400": 18, "V05421": 15, "V05406": 18, "V05412": 18, "V05422": 3, "V05424": 10, "V05427": 0, "V05409": 4, "V05415": 4, "V05418": 0, "V05430": 13, "V05433": 0, "criancas_0a4": 38, "em_favela": false }, "geometry": { "type": "Polygon", "coordinates": [ [ [ -46.783027, -23.673427 ], [ -46.7818, -23.673742 ], [ -46.781815, -23.673794 ], [ -46.78325, -23.675676 ], [ -46.784084, -23.67506 ], [ -46.784627, -23.674555 ], [ -46.785425, -23.67396 ], [ -46.78514, -23.673722 ], [ -46.783706, -23.674373 ], [ -46.783027, -23.673427 ] ] ] } },
{ "type": "Feature", "properties": { "CD_SETOR": "355030819000059", "faces": 12, "pavimentada": 100.0, "bueiro": 91.67, "iluminacao": 100.0, "onibus": 8.33, "ciclovia": 0.0, "calcada": 100.0, "obstaculo": 75.0, "rampa": 0.0, "rampa_faces": 0.0, "sem_calcada": 0.0, "sem_arvore": 66.67, "muitas_arvores": 0.0, "vao": 100.0, "V05400": 12, "V05421": 12, "V05406": 12, "V05412": 12, "V05422": 0, "V05424": 9, "V05427": 0, "V05409": 11, "V05415": 1, "V05418": 0, "V05430": 8, "V05433": 0, "criancas_0a4": 29, "em_favela": false }, "geometry": { "type": "Polygon", "coordinates": [ [ [ -46.781084, -23.671582 ], [ -46.782009, -23.672504 ], [ -46.782987, -23.672439 ], [ -46.782887, -23.672282 ], [ -46.782386, -23.67201 ], [ -46.782667, -23.671553 ], [ -46.782876, -23.671658 ], [ -46.783129, -23.671692 ], [ -46.782941, -23.671319 ], [ -46.781534, -23.670618 ], [ -46.781152, -23.671255 ], [ -46.781185, -23.67147 ], [ -46.781084, -23.671582 ] ] ] } },
{ "type": "Feature", "properties": { "CD_SETOR": "355030819000061", "faces": 10, "pavimentada": 100.0, "bueiro": 60.0, "iluminacao": 100.0, "onibus": 40.0, "ciclovia": 0.0, "calcada": 90.0, "obstaculo": 77.78, "rampa": 55.56, "rampa_faces": 50.0, "sem_calcada": 10.0, "sem_arvore": 50.0, "muitas_arvores": 20.0, "vao": 50.0, "V05400": 10, "V05421": 9, "V05406": 10, "V05412": 10, "V05422": 1, "V05424": 7, "V05427": 5, "V05409": 6, "V05415": 4, "V05418": 0, "V05430": 5, "V05433": 2, "criancas_0a4": 35, "em_favela": false }, "geometry": { "type": "Polygon", "coordinates": [ [ [ -46.783269, -23.666562 ], [ -46.783405, -23.666816 ], [ -46.784027, -23.667514 ], [ -46.784263, -23.667853 ], [ -46.784938, -23.669036 ], [ -46.785956, -23.670192 ], [ -46.786887, -23.671541 ], [ -46.787953, -23.670895 ], [ -46.788222, -23.670429 ], [ -46.786388, -23.668522 ], [ -46.78624, -23.668313 ], [ -46.786212, -23.668141 ], [ -46.786259, -23.667957 ], [ -46.786587, -23.667547 ], [ -46.785959, -23.667763 ], [ -46.785445, -23.667721 ], [ -46.784848, -23.667462 ], [ -46.784478, -23.666825 ], [ -46.784238, -23.666514 ], [ -46.783785, -23.666436 ], [ -46.783269, -23.666562 ] ] ] } },
{ "type": "Feature", "properties": { "CD_SETOR": "355030819000062", "faces": 33, "pavimentada": 75.76, "bueiro": 30.3, "iluminacao": 72.73, "onibus": 12.12, "ciclovia": 0.0, "calcada": 51.52, "obstaculo": 100.0, "rampa": 0.0, "rampa_faces": 0.0, "sem_calcada": 36.36, "sem_arvore": 48.48, "muitas_arvores": 9.09, "vao": 75.76, "V05400": 33, "V05421": 17, "V05406": 25, "V05412": 24, "V05422": 12, "V05424": 17, "V05427": 0, "V05409": 10, "V05415": 4, "V05418": 0, "V05430": 16, "V05433": 3, "criancas_0a4": 53, "em_favela": false }, "geometry": { "type": "Polygon", "coordinates": [ [ [ -46.787508, -23.664041 ], [ -46.786588, -23.664324 ], [ -46.786298, -23.664661 ], [ -46.786159, -23.664895 ], [ -46.786069, -23.665207 ], [ -46.786114, -23.666365 ], [ -46.78624, -23.666589 ], [ -46.786486, -23.666791 ], [ -46.786463, -23.66688 ], [ -46.785836, -23.667066 ], [ -46.785573, -23.667013 ], [ -46.785414, -23.666905 ], [ -46.785339, -23.666598 ], [ -46.784927, -23.6663 ], [ -46.784838, -23.66613 ], [ -46.784814, -23.665939 ], [ -46.78462, -23.665756 ], [ -46.784567, -23.665446 ], [ -46.78413, -23.665491 ], [ -46.784056, -23.665295 ], [ -46.784223, -23.66509 ], [ -46.784103, -23.664968 ], [ -46.783913, -23.665143 ], [ -46.783846, -23.665005 ], [ -46.783577, -23.665111 ], [ -46.783959, -23.665959 ], [ -46.783954, -23.66614 ], [ -46.783785, -23.666436 ], [ -46.784078, -23.666459 ], [ -46.784273, -23.666537 ], [ -46.784848, -23.667462 ], [ -46.785445, -23.667721 ], [ -46.785959, -23.667763 ], [ -46.78673, -23.667512 ], [ -46.787395, -23.667458 ], [ -46.787021, -23.667925 ], [ -46.786982, -23.668132 ], [ -46.787046, -23.668342 ], [ -46.787246, -23.668559 ], [ -46.787705, -23.668185 ], [ -46.788528, -23.669044 ], [ -46.788792, -23.668689 ], [ -46.788407, -23.66766 ], [ -46.788213, -23.667502 ], [ -46.78813, -23.667528 ], [ -46.787726, -23.667291 ], [ -46.788025, -23.667067 ], [ -46.787689, -23.666703 ], [ -46.78724, -23.666596 ], [ -46.787318, -23.666194 ], [ -46.786964, -23.666021 ], [ -46.786859, -23.665877 ], [ -46.7868, -23.665683 ], [ -46.786818, -23.665225 ], [ -46.787029, -23.664681 ], [ -46.787173, -23.664402 ], [ -46.787508, -23.664041 ] ] ] } },
{ "type": "Feature", "properties": { "CD_SETOR": "355030819000063", "faces": 30, "pavimentada": 93.33, "bueiro": 13.33, "iluminacao": 33.33, "onibus": 3.33, "ciclovia": 0.0, "calcada": 23.33, "obstaculo": 100.0, "rampa": 0.0, "rampa_faces": 0.0, "sem_calcada": 70.0, "sem_arvore": 93.33, "muitas_arvores": 0.0, "vao": 93.33, "V05400": 30, "V05421": 7, "V05406": 28, "V05412": 10, "V05422": 21, "V05424": 7, "V05427": 0, "V05409": 4, "V05415": 1, "V05418": 0, "V05430": 28, "V05433": 0, "criancas_0a4": 45, "em_favela": true }, "geometry": { "type": "Polygon", "coordinates": [ [ [ -46.783661, -23.66407 ], [ -46.783447, -23.664859 ], [ -46.783577, -23.665111 ], [ -46.783846, -23.665005 ], [ -46.783913, -23.665143 ], [ -46.784103, -23.664968 ], [ -46.784223, -23.66509 ], [ -46.784056, -23.665295 ], [ -46.78413, -23.665491 ], [ -46.784567, -23.665446 ], [ -46.78462, -23.665756 ], [ -46.784814, -23.665939 ], [ -46.784801, -23.665127 ], [ -46.785047, -23.665101 ], [ -46.785204, -23.664426 ], [ -46.78484, -23.664216 ], [ -46.784773, -23.663969 ], [ -46.784403, -23.663959 ], [ -46.783661, -23.66407 ] ] ] } },
{ "type": "Feature", "properties": { "CD_SETOR": "355030819000064", "faces": 11, "pavimentada": 100.0, "bueiro": 72.73, "iluminacao": 100.0, "onibus": 9.09, "ciclovia": 9.09, "calcada": 100.0, "obstaculo": 72.73, "rampa": 9.09, "rampa_faces": 9.09, "sem_calcada": 0.0, "sem_arvore": 36.36, "muitas_arvores": 0.0, "vao": 90.91, "V05400": 11, "V05421": 11, "V05406": 11, "V05412": 11, "V05422": 0, "V05424": 8, "V05427": 1, "V05409": 8, "V05415": 1, "V05418": 1, "V05430": 4, "V05433": 0, "criancas_0a4": 28, "em_favela": false }, "geometry": { "type": "Polygon", "coordinates": [ [ [ -46.785012, -23.663966 ], [ -46.785322, -23.663905 ], [ -46.785528, -23.663794 ], [ -46.786019, -23.663698 ], [ -46.786052, -23.663032 ], [ -46.786859, -23.663106 ], [ -46.787235, -23.663389 ], [ -46.787391, -23.663422 ], [ -46.787388, -23.662759 ], [ -46.786859, -23.662603 ], [ -46.785077, -23.662523 ], [ -46.785012, -23.663966 ] ] ] } },
{ "type": "Feature", "properties": { "CD_SETOR": "355030819000066", "faces": 2, "pavimentada": 100.0, "bueiro": 0.0, "iluminacao": 100.0, "onibus": 50.0, "ciclovia": 0.0, "calcada": 100.0, "obstaculo": 100.0, "rampa": 0.0, "rampa_faces": 0.0, "sem_calcada": 0.0, "sem_arvore": 50.0, "muitas_arvores": 50.0, "vao": 100.0, "V05400": 2, "V05421": 2, "V05406": 2, "V05412": 2, "V05422": 0, "V05424": 2, "V05427": 0, "V05409": 0, "V05415": 1, "V05418": 0, "V05430": 1, "V05433": 1, "criancas_0a4": 28, "em_favela": false }, "geometry": { "type": "Polygon", "coordinates": [ [ [ -46.784528, -23.661275 ], [ -46.783771, -23.661723 ], [ -46.783502, -23.661792 ], [ -46.782995, -23.661795 ], [ -46.781517, -23.661557 ], [ -46.781735, -23.662725 ], [ -46.782086, -23.663058 ], [ -46.782348, -23.663112 ], [ -46.783052, -23.663081 ], [ -46.783602, -23.662806 ], [ -46.783805, -23.662753 ], [ -46.784237, -23.662775 ], [ -46.784413, -23.662842 ], [ -46.784568, -23.662522 ], [ -46.784817, -23.662422 ], [ -46.784528, -23.661275 ] ] ] } },
{ "type": "Feature", "properties": { "CD_SETOR": "355030819000067", "faces": 13, "pavimentada": 100.0, "bueiro": 46.15, "iluminacao": 69.23, "onibus": 30.77, "ciclovia": 0.0, "calcada": 69.23, "obstaculo": 88.89, "rampa": 0.0, "rampa_faces": 0.0, "sem_calcada": 30.77, "sem_arvore": 92.31, "muitas_arvores": 0.0, "vao": 100.0, "V05400": 13, "V05421": 9, "V05406": 13, "V05412": 9, "V05422": 4, "V05424": 8, "V05427": 0, "V05409": 6, "V05415": 4, "V05418": 0, "V05430": 12, "V05433": 0, "criancas_0a4": 32, "em_favela": true }, "geometry": { "type": "Polygon", "coordinates": [ [ [ -46.784528, -23.661275 ], [ -46.784817, -23.662422 ], [ -46.784568, -23.662522 ], [ -46.784413, -23.662842 ], [ -46.784237, -23.662775 ], [ -46.783908, -23.662748 ], [ -46.783531, -23.662838 ], [ -46.783951, -23.66322 ], [ -46.784046, -23.663539 ], [ -46.783994, -23.663765 ], [ -46.783661, -23.66407 ], [ -46.784403, -23.663959 ], [ -46.785012, -23.663966 ], [ -46.785121, -23.661334 ], [ -46.784528, -23.661275 ] ] ] } },
{ "type": "Feature", "properties": { "CD_SETOR": "355030819000068", "faces": 3, "pavimentada": 100.0, "bueiro": 33.33, "iluminacao": 100.0, "onibus": 0.0, "ciclovia": 0.0, "calcada": 100.0, "obstaculo": 66.67, "rampa": 0.0, "rampa_faces": 0.0, "sem_calcada": 0.0, "sem_arvore": 66.67, "muitas_arvores": 0.0, "vao": 100.0, "V05400": 3, "V05421": 3, "V05406": 3, "V05412": 3, "V05422": 0, "V05424": 2, "V05427": 0, "V05409": 1, "V05415": 0, "V05418": 0, "V05430": 2, "V05433": 0, "criancas_0a4": 9, "em_favela": false }, "geometry": { "type": "Polygon", "coordinates": [ [ [ -46.783036, -23.659331 ], [ -46.782881, -23.659624 ], [ -46.782874, -23.659755 ], [ -46.783081, -23.659811 ], [ -46.783154, -23.660192 ], [ -46.783467, -23.660207 ], [ -46.783651, -23.660156 ], [ -46.78368, -23.660082 ], [ -46.783558, -23.659919 ], [ -46.783584, -23.659765 ], [ -46.783653, -23.659674 ], [ -46.783621, -23.65929 ], [ -46.783036, -23.659331 ] ] ] } },
{ "type": "Feature", "properties": { "CD_SETOR": "355030819000069", "faces": 22, "pavimentada": 100.0, "bueiro": 72.73, "iluminacao": 100.0, "onibus": 4.55, "ciclovia": 0.0, "calcada": 36.36, "obstaculo": 87.5, "rampa": 25.0, "rampa_faces": 9.09, "sem_calcada": 63.64, "sem_arvore": 100.0, "muitas_arvores": 0.0, "vao": 90.91, "V05400": 22, "V05421": 8, "V05406": 22, "V05412": 22, "V05422": 14, "V05424": 7, "V05427": 2, "V05409": 16, "V05415": 1, "V05418": 0, "V05430": 22, "V05433": 0, "criancas_0a4": 91, "em_favela": true }, "geometry": { "type": "Polygon", "coordinates": [ [ [ -46.775804, -23.657632 ], [ -46.776297, -23.658127 ], [ -46.77618, -23.658383 ], [ -46.776215, -23.658501 ], [ -46.777792, -23.659342 ], [ -46.778432, -23.65979 ], [ -46.778657, -23.660112 ], [ -46.778975, -23.659971 ], [ -46.77903, -23.660002 ], [ -46.779114, -23.659758 ], [ -46.779328, -23.659558 ], [ -46.779246, -23.65939 ], [ -46.778642, -23.659221 ], [ -46.778571, -23.659055 ], [ -46.778111, -23.658909 ], [ -46.777918, -23.658791 ], [ -46.777594, -23.658717 ], [ -46.777191, -23.658463 ], [ -46.777015, -23.658249 ], [ -46.77689, -23.65793 ], [ -46.776549, -23.657685 ], [ -46.776262, -23.657053 ], [ -46.776152, -23.657037 ], [ -46.776057, -23.65727 ], [ -46.775804, -23.657632 ] ] ] } },
{ "type": "Feature", "properties": { "CD_SETOR": "355030819000071", "faces": 9, "pavimentada": 88.89, "bueiro": 33.33, "iluminacao": 100.0, "onibus": 0.0, "ciclovia": 0.0, "calcada": 33.33, "obstaculo": 100.0, "rampa": 0.0, "rampa_faces": 0.0, "sem_calcada": 66.67, "sem_arvore": 55.56, "muitas_arvores": 0.0, "vao": 88.89, "V05400": 9, "V05421": 3, "V05406": 8, "V05412": 9, "V05422": 6, "V05424": 3, "V05427": 0, "V05409": 3, "V05415": 0, "V05418": 0, "V05430": 5, "V05433": 0, "criancas_0a4": 29, "em_favela": true }, "geometry": { "type": "Polygon", "coordinates": [ [ [ -46.779688, -23.65837 ], [ -46.779844, -23.658419 ], [ -46.779883, -23.658565 ], [ -46.780347, -23.65873 ], [ -46.780497, -23.658673 ], [ -46.780728, -23.658772 ], [ -46.780738, -23.658595 ], [ -46.780512, -23.657824 ], [ -46.780621, -23.657171 ], [ -46.780421, -23.656964 ], [ -46.780098, -23.656996 ], [ -46.779985, -23.657058 ], [ -46.779983, -23.657177 ], [ -46.780128, -23.657263 ], [ -46.779877, -23.657733 ], [ -46.779824, -23.658082 ], [ -46.779688, -23.65837 ] ] ] } },
{ "type": "Feature", "properties": { "CD_SETOR": "355030819000073", "faces": 8, "pavimentada": 100.0, "bueiro": 50.0, "iluminacao": 100.0, "onibus": 0.0, "ciclovia": 0.0, "calcada": 62.5, "obstaculo": 100.0, "rampa": 0.0, "rampa_faces": 0.0, "sem_calcada": 37.5, "sem_arvore": 50.0, "muitas_arvores": 0.0, "vao": 100.0, "V05400": 8, "V05421": 5, "V05406": 8, "V05412": 8, "V05422": 3, "V05424": 5, "V05427": 0, "V05409": 4, "V05415": 0, "V05418": 0, "V05430": 4, "V05433": 0, "criancas_0a4": 15, "em_favela": true }, "geometry": { "type": "Polygon", "coordinates": [ [ [ -46.778297, -23.657244 ], [ -46.778476, -23.657239 ], [ -46.7791, -23.657404 ], [ -46.779216, -23.656992 ], [ -46.779231, -23.656765 ], [ -46.778312, -23.656616 ], [ -46.778297, -23.657244 ] ] ] } },
{ "type": "Feature", "properties": { "CD_SETOR": "355030819000074", "faces": 7, "pavimentada": 100.0, "bueiro": 71.43, "iluminacao": 100.0, "onibus": 0.0, "ciclovia": 14.29, "calcada": 85.71, "obstaculo": 100.0, "rampa": 0.0, "rampa_faces": 0.0, "sem_calcada": 14.29, "sem_arvore": 14.29, "muitas_arvores": 14.29, "vao": 100.0, "V05400": 7, "V05421": 6, "V05406": 7, "V05412": 7, "V05422": 1, "V05424": 6, "V05427": 0, "V05409": 5, "V05415": 0, "V05418": 1, "V05430": 1, "V05433": 1, "criancas_0a4": 31, "em_favela": false }, "geometry": { "type": "Polygon", "coordinates": [ [ [ -46.775408, -23.653746 ], [ -46.775248, -23.654493 ], [ -46.77282, -23.655268 ], [ -46.772802, -23.655337 ], [ -46.774646, -23.655219 ], [ -46.775373, -23.654993 ], [ -46.775765, -23.654946 ], [ -46.775982, -23.654019 ], [ -46.775408, -23.653746 ] ] ] } },
{ "type": "Feature", "properties": { "CD_SETOR": "355030819000075", "faces": 10, "pavimentada": 100.0, "bueiro": 20.0, "iluminacao": 100.0, "onibus": 0.0, "ciclovia": 0.0, "calcada": 100.0, "obstaculo": 100.0, "rampa": 0.0, "rampa_faces": 0.0, "sem_calcada": 0.0, "sem_arvore": 20.0, "muitas_arvores": 0.0, "vao": 100.0, "V05400": 10, "V05421": 10, "V05406": 10, "V05412": 10, "V05422": 0, "V05424": 10, "V05427": 0, "V05409": 2, "V05415": 0, "V05418": 0, "V05430": 2, "V05433": 0, "criancas_0a4": 39, "em_favela": true }, "geometry": { "type": "Polygon", "coordinates": [ [ [ -46.777287, -23.655204 ], [ -46.777019, -23.655704 ], [ -46.777031, -23.655888 ], [ -46.77715, -23.656181 ], [ -46.777727, -23.656107 ], [ -46.778347, -23.656098 ], [ -46.778381, -23.655373 ], [ -46.778584, -23.655211 ], [ -46.778314, -23.654735 ], [ -46.778089, -23.654765 ], [ -46.777973, -23.654729 ], [ -46.777287, -23.655204 ] ] ] } },
{ "type": "Feature", "properties": { "CD_SETOR": "355030819000079", "faces": 25, "pavimentada": 100.0, "bueiro": 24.0, "iluminacao": 100.0, "onibus": 8.0, "ciclovia": 0.0, "calcada": 92.0, "obstaculo": 91.3, "rampa": 21.74, "rampa_faces": 20.0, "sem_calcada": 8.0, "sem_arvore": 48.0, "muitas_arvores": 36.0, "vao": 80.0, "V05400": 25, "V05421": 23, "V05406": 25, "V05412": 25, "V05422": 2, "V05424": 21, "V05427": 5, "V05409": 6, "V05415": 2, "V05418": 0, "V05430": 12, "V05433": 9, "criancas_0a4": 37, "em_favela": false }, "geometry": { "type": "Polygon", "coordinates": [ [ [ -46.773992, -23.651675 ], [ -46.773415, -23.652112 ], [ -46.772924, -23.652887 ], [ -46.772265, -23.653138 ], [ -46.772454, -23.653666 ], [ -46.773083, -23.653453 ], [ -46.773463, -23.654485 ], [ -46.773752, -23.654388 ], [ -46.773958, -23.654897 ], [ -46.775248, -23.654493 ], [ -46.775361, -23.653971 ], [ -46.775157, -23.653933 ], [ -46.77421, -23.653491 ], [ -46.774413, -23.653193 ], [ -46.77392, -23.652195 ], [ -46.773908, -23.651968 ], [ -46.773992, -23.651675 ] ] ] } },
{ "type": "Feature", "properties": { "CD_SETOR": "355030819000082", "faces": 6, "pavimentada": 100.0, "bueiro": 33.33, "iluminacao": 100.0, "onibus": 33.33, "ciclovia": 0.0, "calcada": 83.33, "obstaculo": 100.0, "rampa": 0.0, "rampa_faces": 0.0, "sem_calcada": 16.67, "sem_arvore": 33.33, "muitas_arvores": 33.33, "vao": 100.0, "V05400": 6, "V05421": 5, "V05406": 6, "V05412": 6, "V05422": 1, "V05424": 5, "V05427": 0, "V05409": 2, "V05415": 2, "V05418": 0, "V05430": 2, "V05433": 2, "criancas_0a4": 19, "em_favela": false }, "geometry": { "type": "Polygon", "coordinates": [ [ [ -46.768816, -23.655546 ], [ -46.768778, -23.655691 ], [ -46.768625, -23.655751 ], [ -46.76837, -23.656172 ], [ -46.768147, -23.656433 ], [ -46.769087, -23.657009 ], [ -46.769191, -23.656877 ], [ -46.769233, -23.656729 ], [ -46.769374, -23.655861 ], [ -46.769398, -23.655617 ], [ -46.769355, -23.655288 ], [ -46.769007, -23.655332 ], [ -46.768816, -23.655546 ] ] ] } },
{ "type": "Feature", "properties": { "CD_SETOR": "355030819000083", "faces": 37, "pavimentada": 100.0, "bueiro": 8.11, "iluminacao": 94.59, "onibus": 0.0, "ciclovia": 0.0, "calcada": 40.54, "obstaculo": 100.0, "rampa": 0.0, "rampa_faces": 0.0, "sem_calcada": 59.46, "sem_arvore": 89.19, "muitas_arvores": 5.41, "vao": 100.0, "V05400": 37, "V05421": 15, "V05406": 37, "V05412": 35, "V05422": 22, "V05424": 15, "V05427": 0, "V05409": 3, "V05415": 0, "V05418": 0, "V05430": 33, "V05433": 2, "criancas_0a4": 73, "em_favela": true }, "geometry": { "type": "Polygon", "coordinates": [ [ [ -46.767543, -23.655529 ], [ -46.767106, -23.655811 ], [ -46.766593, -23.655977 ], [ -46.766379, -23.656186 ], [ -46.765773, -23.656512 ], [ -46.766073, -23.657219 ], [ -46.766276, -23.657181 ], [ -46.766796, -23.657222 ], [ -46.767146, -23.657016 ], [ -46.767138, -23.656835 ], [ -46.767218, -23.656643 ], [ -46.767764, -23.656064 ], [ -46.768147, -23.656433 ], [ -46.76837, -23.656172 ], [ -46.768625, -23.655751 ], [ -46.768778, -23.655691 ], [ -46.768816, -23.655546 ], [ -46.768025, -23.655084 ], [ -46.767543, -23.655529 ] ] ] } },
{ "type": "Feature", "properties": { "CD_SETOR": "355030819000084", "faces": 19, "pavimentada": 100.0, "bueiro": 0.0, "iluminacao": 100.0, "onibus": 0.0, "ciclovia": 0.0, "calcada": 31.58, "obstaculo": 100.0, "rampa": 0.0, "rampa_faces": 0.0, "sem_calcada": 68.42, "sem_arvore": 89.47, "muitas_arvores": 0.0, "vao": 100.0, "V05400": 19, "V05421": 6, "V05406": 19, "V05412": 19, "V05422": 13, "V05424": 6, "V05427": 0, "V05409": 0, "V05415": 0, "V05418": 0, "V05430": 17, "V05433": 0, "criancas_0a4": 49, "em_favela": true }, "geometry": { "type": "Polygon", "coordinates": [ [ [ -46.769092, -23.654229 ], [ -46.768521, -23.654406 ], [ -46.768367, -23.654721 ], [ -46.768025, -23.655084 ], [ -46.768816, -23.655546 ], [ -46.769007, -23.655332 ], [ -46.769355, -23.655288 ], [ -46.769092, -23.654229 ] ] ] } },
{ "type": "Feature", "properties": { "CD_SETOR": "355030819000086", "faces": 2, "pavimentada": 100.0, "bueiro": 50.0, "iluminacao": 100.0, "onibus": 50.0, "ciclovia": 50.0, "calcada": 100.0, "obstaculo": 50.0, "rampa": 50.0, "rampa_faces": 50.0, "sem_calcada": 0.0, "sem_arvore": 50.0, "muitas_arvores": 50.0, "vao": 50.0, "V05400": 2, "V05421": 2, "V05406": 2, "V05412": 2, "V05422": 0, "V05424": 1, "V05427": 1, "V05409": 1, "V05415": 1, "V05418": 1, "V05430": 1, "V05433": 1, "criancas_0a4": 25, "em_favela": false }, "geometry": { "type": "Polygon", "coordinates": [ [ [ -46.761609, -23.655431 ], [ -46.762678, -23.656129 ], [ -46.763199, -23.655539 ], [ -46.763122, -23.655276 ], [ -46.762871, -23.654975 ], [ -46.762401, -23.654737 ], [ -46.761609, -23.655431 ] ] ] } },
{ "type": "Feature", "properties": { "CD_SETOR": "355030819000087", "faces": 21, "pavimentada": 100.0, "bueiro": 47.62, "iluminacao": 90.48, "onibus": 4.76, "ciclovia": 0.0, "calcada": 90.48, "obstaculo": 73.68, "rampa": 0.0, "rampa_faces": 0.0, "sem_calcada": 9.52, "sem_arvore": 42.86, "muitas_arvores": 19.05, "vao": 100.0, "V05400": 21, "V05421": 19, "V05406": 21, "V05412": 19, "V05422": 2, "V05424": 14, "V05427": 0, "V05409": 10, "V05415": 1, "V05418": 0, "V05430": 9, "V05433": 4, "criancas_0a4": 18, "em_favela": false }, "geometry": { "type": "Polygon", "coordinates": [ [ [ -46.763888, -23.656979 ], [ -46.761564, -23.659298 ], [ -46.761801, -23.659671 ], [ -46.763098, -23.65877 ], [ -46.763291, -23.658792 ], [ -46.763759, -23.659409 ], [ -46.763805, -23.659556 ], [ -46.763792, -23.659734 ], [ -46.762968, -23.660611 ], [ -46.762877, -23.660944 ], [ -46.762902, -23.661138 ], [ -46.763462, -23.66104 ], [ -46.764598, -23.660363 ], [ -46.76555, -23.659631 ], [ -46.76557, -23.659387 ], [ -46.765397, -23.658641 ], [ -46.765154, -23.658421 ], [ -46.763888, -23.656979 ] ] ] } },
{ "type": "Feature", "properties": { "CD_SETOR": "355030819000088", "faces": 23, "pavimentada": 100.0, "bueiro": 26.09, "iluminacao": 95.65, "onibus": 4.35, "ciclovia": 0.0, "calcada": 100.0, "obstaculo": 82.61, "rampa": 4.35, "rampa_faces": 4.35, "sem_calcada": 0.0, "sem_arvore": 34.78, "muitas_arvores": 30.43, "vao": 95.65, "V05400": 23, "V05421": 23, "V05406": 23, "V05412": 22, "V05422": 0, "V05424": 19, "V05427": 1, "V05409": 6, "V05415": 1, "V05418": 0, "V05430": 8, "V05433": 7, "criancas_0a4": 33, "em_favela": false }, "geometry": { "type": "Polygon", "coordinates": [ [ [ -46.763004, -23.660544 ], [ -46.762062, -23.660702 ], [ -46.761657, -23.66094 ], [ -46.761495, -23.661129 ], [ -46.761445, -23.661286 ], [ -46.761519, -23.661888 ], [ -46.761715, -23.662684 ], [ -46.762033, -23.663097 ], [ -46.762515, -23.663376 ], [ -46.762789, -23.662792 ], [ -46.762923, -23.662647 ], [ -46.76656, -23.659657 ], [ -46.766174, -23.659322 ], [ -46.765419, -23.658827 ], [ -46.765554, -23.659219 ], [ -46.76555, -23.659631 ], [ -46.764598, -23.660363 ], [ -46.763462, -23.66104 ], [ -46.762902, -23.661138 ], [ -46.762893, -23.660834 ], [ -46.763004, -23.660544 ] ] ] } },
{ "type": "Feature", "properties": { "CD_SETOR": "355030819000089", "faces": 18, "pavimentada": 100.0, "bueiro": 44.44, "iluminacao": 100.0, "onibus": 11.11, "ciclovia": 0.0, "calcada": 88.89, "obstaculo": 87.5, "rampa": 6.25, "rampa_faces": 5.56, "sem_calcada": 11.11, "sem_arvore": 44.44, "muitas_arvores": 33.33, "vao": 94.44, "V05400": 18, "V05421": 16, "V05406": 18, "V05412": 18, "V05422": 2, "V05424": 14, "V05427": 1, "V05409": 8, "V05415": 2, "V05418": 0, "V05430": 8, "V05433": 6, "criancas_0a4": 29, "em_favela": false }, "geometry": { "type": "Polygon", "coordinates": [ [ [ -46.762046, -23.664456 ], [ -46.762036, -23.665686 ], [ -46.762825, -23.665579 ], [ -46.76293, -23.666128 ], [ -46.76345, -23.666245 ], [ -46.763986, -23.666583 ], [ -46.763655, -23.664377 ], [ -46.763726, -23.664254 ], [ -46.763947, -23.664138 ], [ -46.763785, -23.663789 ], [ -46.763535, -23.663772 ], [ -46.763375, -23.663949 ], [ -46.762681, -23.664454 ], [ -46.76243, -23.664502 ], [ -46.762046, -23.664456 ] ] ] } },
{ "type": "Feature", "properties": { "CD_SETOR": "355030819000090", "faces": 24, "pavimentada": 70.83, "bueiro": 8.33, "iluminacao": 41.67, "onibus": 8.33, "ciclovia": 0.0, "calcada": 37.5, "obstaculo": 100.0, "rampa": 0.0, "rampa_faces": 0.0, "sem_calcada": 58.33, "sem_arvore": 87.5, "muitas_arvores": 0.0, "vao": 70.83, "V05400": 24, "V05421": 9, "V05406": 17, "V05412": 10, "V05422": 14, "V05424": 9, "V05427": 0, "V05409": 2, "V05415": 2, "V05418": 0, "V05430": 21, "V05433": 0, "criancas_0a4": 75, "em_favela": true }, "geometry": { "type": "Polygon", "coordinates": [ [ [ -46.761651, -23.66646 ], [ -46.76153, -23.666961 ], [ -46.761496, -23.668139 ], [ -46.761802, -23.669079 ], [ -46.76198, -23.669169 ], [ -46.762072, -23.669296 ], [ -46.762072, -23.66987 ], [ -46.762947, -23.670021 ], [ -46.763011, -23.66971 ], [ -46.763169, -23.669483 ], [ -46.761981, -23.668471 ], [ -46.761835, -23.66743 ], [ -46.762014, -23.666235 ], [ -46.761651, -23.66646 ] ] ] } },
{ "type": "Feature", "properties": { "CD_SETOR": "355030819000091", "faces": 20, "pavimentada": 100.0, "bueiro": 15.0, "iluminacao": 100.0, "onibus": 15.0, "ciclovia": 0.0, "calcada": 80.0, "obstaculo": 87.5, "rampa": 0.0, "rampa_faces": 0.0, "sem_calcada": 20.0, "sem_arvore": 45.0, "muitas_arvores": 20.0, "vao": 100.0, "V05400": 20, "V05421": 16, "V05406": 20, "V05412": 20, "V05422": 4, "V05424": 14, "V05427": 0, "V05409": 3, "V05415": 3, "V05418": 0, "V05430": 9, "V05433": 4, "criancas_0a4": 32, "em_favela": false }, "geometry": { "type": "Polygon", "coordinates": [ [ [ -46.763886, -23.664 ], [ -46.763947, -23.664138 ], [ -46.763726, -23.664254 ], [ -46.763655, -23.664377 ], [ -46.763986, -23.666583 ], [ -46.764182, -23.666871 ], [ -46.764682, -23.66688 ], [ -46.764418, -23.665624 ], [ -46.765587, -23.665454 ], [ -46.765341, -23.663917 ], [ -46.764781, -23.663873 ], [ -46.764831, -23.664371 ], [ -46.764453, -23.664425 ], [ -46.76435, -23.664384 ], [ -46.764216, -23.663867 ], [ -46.763886, -23.664 ] ] ] } },
{ "type": "Feature", "properties": { "CD_SETOR": "355030819000092", "faces": 19, "pavimentada": 100.0, "bueiro": 47.37, "iluminacao": 89.47, "onibus": 10.53, "ciclovia": 0.0, "calcada": 84.21, "obstaculo": 93.75, "rampa": 0.0, "rampa_faces": 0.0, "sem_calcada": 15.79, "sem_arvore": 68.42, "muitas_arvores": 5.26, "vao": 100.0, "V05400": 19, "V05421": 16, "V05406": 19, "V05412": 17, "V05422": 3, "V05424": 15, "V05427": 0, "V05409": 9, "V05415": 2, "V05418": 0, "V05430": 13, "V05433": 1, "criancas_0a4": 22, "em_favela": false }, "geometry": { "type": "Polygon", "coordinates": [ [ [ -46.762036, -23.665686 ], [ -46.762014, -23.666235 ], [ -46.7619, -23.666969 ], [ -46.76308, -23.667939 ], [ -46.764615, -23.667967 ], [ -46.764621, -23.667421 ], [ -46.764855, -23.667425 ], [ -46.764682, -23.66688 ], [ -46.764182, -23.666871 ], [ -46.763986, -23.666583 ], [ -46.76345, -23.666245 ], [ -46.76293, -23.666128 ], [ -46.762825, -23.665579 ], [ -46.762036, -23.665686 ] ] ] } },
{ "type": "Feature", "properties": { "CD_SETOR": "355030819000093", "faces": 31, "pavimentada": 100.0, "bueiro": 29.03, "iluminacao": 100.0, "onibus": 19.35, "ciclovia": 0.0, "calcada": 80.65, "obstaculo": 96.0, "rampa": 0.0, "rampa_faces": 0.0, "sem_calcada": 19.35, "sem_arvore": 64.52, "muitas_arvores": 16.13, "vao": 100.0, "V05400": 31, "V05421": 25, "V05406": 31, "V05412": 31, "V05422": 6, "V05424": 24, "V05427": 0, "V05409": 9, "V05415": 6, "V05418": 0, "V05430": 20, "V05433": 5, "criancas_0a4": 31, "em_favela": false }, "geometry": { "type": "Polygon", "coordinates": [ [ [ -46.761879, -23.667703 ], [ -46.764886, -23.670183 ], [ -46.76513, -23.670167 ], [ -46.765176, -23.668513 ], [ -46.764855, -23.667425 ], [ -46.764621, -23.667421 ], [ -46.764615, -23.667967 ], [ -46.76308, -23.667939 ], [ -46.7619, -23.666969 ], [ -46.761835, -23.66743 ], [ -46.761879, -23.667703 ] ] ] } },
{ "type": "Feature", "properties": { "CD_SETOR": "355030819000094", "faces": 11, "pavimentada": 100.0, "bueiro": 63.64, "iluminacao": 100.0, "onibus": 9.09, "ciclovia": 0.0, "calcada": 72.73, "obstaculo": 100.0, "rampa": 0.0, "rampa_faces": 0.0, "sem_calcada": 27.27, "sem_arvore": 90.91, "muitas_arvores": 0.0, "vao": 100.0, "V05400": 11, "V05421": 8, "V05406": 11, "V05412": 11, "V05422": 3, "V05424": 8, "V05427": 0, "V05409": 7, "V05415": 1, "V05418": 0, "V05430": 10, "V05433": 0, "criancas_0a4": 36, "em_favela": false }, "geometry": { "type": "Polygon", "coordinates": [ [ [ -46.765807, -23.676923 ], [ -46.767621, -23.679375 ], [ -46.768089, -23.679194 ], [ -46.767836, -23.67855 ], [ -46.76754, -23.678268 ], [ -46.766332, -23.676645 ], [ -46.765807, -23.676923 ] ] ] } },
{ "type": "Feature", "properties": { "CD_SETOR": "355030819000095", "faces": 21, "pavimentada": 100.0, "bueiro": 33.33, "iluminacao": 95.24, "onibus": 28.57, "ciclovia": 0.0, "calcada": 100.0, "obstaculo": 100.0, "rampa": 0.0, "rampa_faces": 0.0, "sem_calcada": 0.0, "sem_arvore": 42.86, "muitas_arvores": 14.29, "vao": 100.0, "V05400": 21, "V05421": 21, "V05406": 21, "V05412": 20, "V05422": 0, "V05424": 21, "V05427": 0, "V05409": 7, "V05415": 6, "V05418": 0, "V05430": 9, "V05433": 3, "criancas_0a4": 22, "em_favela": false }, "geometry": { "type": "Polygon", "coordinates": [ [ [ -46.76952, -23.67963 ], [ -46.769763, -23.679319 ], [ -46.769619, -23.6791 ], [ -46.769999, -23.678991 ], [ -46.770173, -23.67883 ], [ -46.770529, -23.678622 ], [ -46.770242, -23.678241 ], [ -46.76938, -23.678724 ], [ -46.769241, -23.678512 ], [ -46.769134, -23.678436 ], [ -46.768903, -23.678345 ], [ -46.768586, -23.678118 ], [ -46.76842, -23.678125 ], [ -46.767947, -23.677803 ], [ -46.76717, -23.676835 ], [ -46.76628, -23.676522 ], [ -46.766302, -23.676604 ], [ -46.767579, -23.67831 ], [ -46.767779, -23.678482 ], [ -46.768377, -23.678752 ], [ -46.768662, -23.678992 ], [ -46.768787, -23.679969 ], [ -46.76874, -23.680151 ], [ -46.76886, -23.680316 ], [ -46.769461, -23.680084 ], [ -46.76951, -23.679983 ], [ -46.76952, -23.67963 ] ] ] } },
{ "type": "Feature", "properties": { "CD_SETOR": "355030819000096", "faces": 13, "pavimentada": 100.0, "bueiro": 69.23, "iluminacao": 100.0, "onibus": 23.08, "ciclovia": 0.0, "calcada": 100.0, "obstaculo": 100.0, "rampa": 0.0, "rampa_faces": 0.0, "sem_calcada": 0.0, "sem_arvore": 46.15, "muitas_arvores": 15.38, "vao": 100.0, "V05400": 13, "V05421": 13, "V05406": 13, "V05412": 13, "V05422": 0, "V05424": 13, "V05427": 0, "V05409": 9, "V05415": 3, "V05418": 0, "V05430": 6, "V05433": 2, "criancas_0a4": 33, "em_favela": false }, "geometry": { "type": "Polygon", "coordinates": [ [ [ -46.772906, -23.676725 ], [ -46.770242, -23.678241 ], [ -46.770529, -23.678622 ], [ -46.770173, -23.67883 ], [ -46.769967, -23.67904 ], [ -46.769958, -23.679245 ], [ -46.770078, -23.679461 ], [ -46.770245, -23.679611 ], [ -46.770559, -23.679289 ], [ -46.772589, -23.678152 ], [ -46.773681, -23.677357 ], [ -46.773796, -23.677198 ], [ -46.773895, -23.676864 ], [ -46.773903, -23.675828 ], [ -46.773779, -23.676052 ], [ -46.773438, -23.676984 ], [ -46.773188, -23.677129 ], [ -46.772906, -23.676725 ] ] ] } },
{ "type": "Feature", "properties": { "CD_SETOR": "355030819000097", "faces": 15, "pavimentada": 100.0, "bueiro": 60.0, "iluminacao": 100.0, "onibus": 6.67, "ciclovia": 0.0, "calcada": 86.67, "obstaculo": 61.54, "rampa": 0.0, "rampa_faces": 0.0, "sem_calcada": 13.33, "sem_arvore": 53.33, "muitas_arvores": 6.67, "vao": 100.0, "V05400": 15, "V05421": 13, "V05406": 15, "V05412": 15, "V05422": 2, "V05424": 8, "V05427": 0, "V05409": 9, "V05415": 1, "V05418": 0, "V05430": 8, "V05433": 1, "criancas_0a4": 33, "em_favela": false }, "geometry": { "type": "Polygon", "coordinates": [ [ [ -46.776563, -23.679925 ], [ -46.777327, -23.681315 ], [ -46.777934, -23.681103 ], [ -46.778058, -23.681298 ], [ -46.779273, -23.680241 ], [ -46.77856, -23.679225 ], [ -46.778013, -23.67952 ], [ -46.777305, -23.678441 ], [ -46.776639, -23.678317 ], [ -46.776559, -23.678656 ], [ -46.776308, -23.679119 ], [ -46.776329, -23.679371 ], [ -46.776563, -23.679925 ] ] ] } },
{ "type": "Feature", "properties": { "CD_SETOR": "355030819000098", "faces": 15, "pavimentada": 100.0, "bueiro": 86.67, "iluminacao": 100.0, "onibus": 20.0, "ciclovia": 0.0, "calcada": 100.0, "obstaculo": 73.33, "rampa": 0.0, "rampa_faces": 0.0, "sem_calcada": 0.0, "sem_arvore": 40.0, "muitas_arvores": 13.33, "vao": 100.0, "V05400": 15, "V05421": 15, "V05406": 15, "V05412": 15, "V05422": 0, "V05424": 11, "V05427": 0, "V05409": 13, "V05415": 3, "V05418": 0, "V05430": 6, "V05433": 2, "criancas_0a4": 54, "em_favela": false }, "geometry": { "type": "Polygon", "coordinates": [ [ [ -46.782167, -23.675757 ], [ -46.781507, -23.675827 ], [ -46.780502, -23.676716 ], [ -46.780472, -23.677563 ], [ -46.780821, -23.677921 ], [ -46.78117, -23.677813 ], [ -46.781915, -23.676677 ], [ -46.782083, -23.676821 ], [ -46.78249, -23.677361 ], [ -46.783171, -23.676437 ], [ -46.782834, -23.676145 ], [ -46.782557, -23.675974 ], [ -46.782167, -23.675757 ] ] ] } },
{ "type": "Feature", "properties": { "CD_SETOR": "355030819000099", "faces": 10, "pavimentada": 100.0, "bueiro": 50.0, "iluminacao": 100.0, "onibus": 0.0, "ciclovia": 20.0, "calcada": 70.0, "obstaculo": 85.71, "rampa": 0.0, "rampa_faces": 0.0, "sem_calcada": 30.0, "sem_arvore": 90.0, "muitas_arvores": 0.0, "vao": 100.0, "V05400": 10, "V05421": 7, "V05406": 10, "V05412": 10, "V05422": 3, "V05424": 6, "V05427": 0, "V05409": 5, "V05415": 0, "V05418": 2, "V05430": 9, "V05433": 0, "criancas_0a4": 28, "em_favela": false }, "geometry": { "type": "Polygon", "coordinates": [ [ [ -46.785114, -23.676795 ], [ -46.784403, -23.677339 ], [ -46.78464, -23.67763 ], [ -46.785721, -23.678096 ], [ -46.785918, -23.678337 ], [ -46.786046, -23.67863 ], [ -46.786316, -23.678884 ], [ -46.786667, -23.678717 ], [ -46.786601, -23.678249 ], [ -46.786222, -23.677661 ], [ -46.786002, -23.676912 ], [ -46.785512, -23.676267 ], [ -46.78526, -23.675793 ], [ -46.784803, -23.676171 ], [ -46.785114, -23.676795 ] ] ] } },
{ "type": "Feature", "properties": { "CD_SETOR": "355030819000102", "faces": 14, "pavimentada": 100.0, "bueiro": 50.0, "iluminacao": 100.0, "onibus": 0.0, "ciclovia": 0.0, "calcada": 64.29, "obstaculo": 66.67, "rampa": 0.0, "rampa_faces": 0.0, "sem_calcada": 35.71, "sem_arvore": 92.86, "muitas_arvores": 0.0, "vao": 100.0, "V05400": 14, "V05421": 9, "V05406": 14, "V05412": 14, "V05422": 5, "V05424": 6, "V05427": 0, "V05409": 7, "V05415": 0, "V05418": 0, "V05430": 13, "V05433": 0, "criancas_0a4": 45, "em_favela": true }, "geometry": { "type": "Polygon", "coordinates": [ [ [ -46.785425, -23.67396 ], [ -46.784627, -23.674555 ], [ -46.784084, -23.67506 ], [ -46.784431, -23.675439 ], [ -46.785098, -23.675162 ], [ -46.786345, -23.674144 ], [ -46.786217, -23.673965 ], [ -46.786057, -23.673898 ], [ -46.785425, -23.67396 ] ] ] } },
{ "type": "Feature", "properties": { "CD_SETOR": "355030819000103", "faces": 12, "pavimentada": 100.0, "bueiro": 41.67, "iluminacao": 91.67, "onibus": 16.67, "ciclovia": 0.0, "calcada": 100.0, "obstaculo": 50.0, "rampa": 16.67, "rampa_faces": 16.67, "sem_calcada": 0.0, "sem_arvore": 66.67, "muitas_arvores": 25.0, "vao": 83.33, "V05400": 12, "V05421": 12, "V05406": 12, "V05412": 11, "V05422": 0, "V05424": 6, "V05427": 2, "V05409": 5, "V05415": 2, "V05418": 0, "V05430": 8, "V05433": 3, "criancas_0a4": 29, "em_favela": false }, "geometry": { "type": "Polygon", "coordinates": [ [ [ -46.785964, -23.672572 ], [ -46.786659, -23.672293 ], [ -46.786992, -23.672989 ], [ -46.78706, -23.673266 ], [ -46.787027, -23.673347 ], [ -46.787099, -23.673371 ], [ -46.787159, -23.67354 ], [ -46.787196, -23.673576 ], [ -46.787485, -23.673555 ], [ -46.787759, -23.673617 ], [ -46.787677, -23.672859 ], [ -46.787209, -23.671996 ], [ -46.785408, -23.671351 ], [ -46.785964, -23.672572 ] ] ] } },
{ "type": "Feature", "properties": { "CD_SETOR": "355030819000104", "faces": 11, "pavimentada": 100.0, "bueiro": 27.27, "iluminacao": 100.0, "onibus": 9.09, "ciclovia": 0.0, "calcada": 100.0, "obstaculo": 27.27, "rampa": 0.0, "rampa_faces": 0.0, "sem_calcada": 0.0, "sem_arvore": 81.82, "muitas_arvores": 9.09, "vao": 100.0, "V05400": 11, "V05421": 11, "V05406": 11, "V05412": 11, "V05422": 0, "V05424": 3, "V05427": 0, "V05409": 3, "V05415": 1, "V05418": 0, "V05430": 9, "V05433": 1, "criancas_0a4": 55, "em_favela": false }, "geometry": { "type": "Polygon", "coordinates": [ [ [ -46.788342, -23.670222 ], [ -46.787906, -23.670938 ], [ -46.786887, -23.671541 ], [ -46.787235, -23.672035 ], [ -46.787607, -23.672684 ], [ -46.787713, -23.672994 ], [ -46.787733, -23.673285 ], [ -46.787847, -23.67346 ], [ -46.788327, -23.674661 ], [ -46.788942, -23.67444 ], [ -46.788676, -23.673723 ], [ -46.788355, -23.673725 ], [ -46.788286, -23.673441 ], [ -46.788893, -23.673364 ], [ -46.789445, -23.673432 ], [ -46.790393, -23.673047 ], [ -46.789755, -23.672991 ], [ -46.789229, -23.672833 ], [ -46.789088, -23.672522 ], [ -46.788851, -23.672523 ], [ -46.788691, -23.672252 ], [ -46.788491, -23.671652 ], [ -46.788251, -23.671144 ], [ -46.788227, -23.671009 ], [ -46.788323, -23.670705 ], [ -46.788943, -23.67146 ], [ -46.789244, -23.671581 ], [ -46.789427, -23.671488 ], [ -46.788342, -23.670222 ] ] ] } },
{ "type": "Feature", "properties": { "CD_SETOR": "355030819000105", "faces": 14, "pavimentada": 100.0, "bueiro": 28.57, "iluminacao": 100.0, "onibus": 0.0, "ciclovia": 0.0, "calcada": 100.0, "obstaculo": 78.57, "rampa": 0.0, "rampa_faces": 0.0, "sem_calcada": 0.0, "sem_arvore": 0.0, "muitas_arvores": 14.29, "vao": 100.0, "V05400": 14, "V05421": 14, "V05406": 14, "V05412": 14, "V05422": 0, "V05424": 11, "V05427": 0, "V05409": 4, "V05415": 0, "V05418": 0, "V05430": 0, "V05433": 2, "criancas_0a4": 30, "em_favela": false }, "geometry": { "type": "Polygon", "coordinates": [ [ [ -46.789054, -23.670037 ], [ -46.788799, -23.670739 ], [ -46.789427, -23.671488 ], [ -46.78969, -23.671795 ], [ -46.789828, -23.67187 ], [ -46.79001, -23.671839 ], [ -46.790383, -23.671619 ], [ -46.790497, -23.671445 ], [ -46.790485, -23.671105 ], [ -46.790852, -23.670769 ], [ -46.790866, -23.670177 ], [ -46.79095, -23.669901 ], [ -46.791019, -23.669835 ], [ -46.789054, -23.670037 ] ] ] } },
{ "type": "Feature", "properties": { "CD_SETOR": "355030819000106", "faces": 28, "pavimentada": 100.0, "bueiro": 64.29, "iluminacao": 100.0, "onibus": 10.71, "ciclovia": 0.0, "calcada": 78.57, "obstaculo": 100.0, "rampa": 0.0, "rampa_faces": 0.0, "sem_calcada": 21.43, "sem_arvore": 53.57, "muitas_arvores": 10.71, "vao": 100.0, "V05400": 28, "V05421": 22, "V05406": 28, "V05412": 28, "V05422": 6, "V05424": 22, "V05427": 0, "V05409": 18, "V05415": 3, "V05418": 0, "V05430": 15, "V05433": 3, "criancas_0a4": 72, "em_favela": false }, "geometry": { "type": "Polygon", "coordinates": [ [ [ -46.793095, -23.665882 ], [ -46.792415, -23.666098 ], [ -46.791434, -23.666508 ], [ -46.793098, -23.667048 ], [ -46.793125, -23.667146 ], [ -46.793085, -23.667226 ], [ -46.792776, -23.667346 ], [ -46.792517, -23.667413 ], [ -46.792073, -23.667367 ], [ -46.792215, -23.667474 ], [ -46.792434, -23.667854 ], [ -46.792833, -23.667806 ], [ -46.793965, -23.66788 ], [ -46.793991, -23.666991 ], [ -46.794749, -23.667153 ], [ -46.794898, -23.666736 ], [ -46.79514, -23.66647 ], [ -46.793454, -23.66592 ], [ -46.793095, -23.665882 ] ] ] } },
{ "type": "Feature", "properties": { "CD_SETOR": "355030819000107", "faces": 13, "pavimentada": 100.0, "bueiro": 30.77, "iluminacao": 100.0, "onibus": 23.08, "ciclovia": 0.0, "calcada": 53.85, "obstaculo": 100.0, "rampa": 0.0, "rampa_faces": 0.0, "sem_calcada": 46.15, "sem_arvore": 76.92, "muitas_arvores": 7.69, "vao": 100.0, "V05400": 13, "V05421": 7, "V05406": 13, "V05412": 13, "V05422": 6, "V05424": 7, "V05427": 0, "V05409": 4, "V05415": 3, "V05418": 0, "V05430": 10, "V05433": 1, "criancas_0a4": 17, "em_favela": false }, "geometry": { "type": "Polygon", "coordinates": [ [ [ -46.788463, -23.666795 ], [ -46.787726, -23.667291 ], [ -46.78813, -23.667528 ], [ -46.788213, -23.667502 ], [ -46.788471, -23.66761 ], [ -46.788686, -23.66747 ], [ -46.788831, -23.667445 ], [ -46.789376, -23.667551 ], [ -46.79034, -23.667584 ], [ -46.790796, -23.667432 ], [ -46.790896, -23.667341 ], [ -46.790951, -23.666792 ], [ -46.790119, -23.667014 ], [ -46.789195, -23.666982 ], [ -46.788463, -23.666795 ] ] ] } },
{ "type": "Feature", "properties": { "CD_SETOR": "355030819000108", "faces": 9, "pavimentada": 100.0, "bueiro": 44.44, "iluminacao": 100.0, "onibus": 0.0, "ciclovia": 11.11, "calcada": 100.0, "obstaculo": 100.0, "rampa": 11.11, "rampa_faces": 11.11, "sem_calcada": 0.0, "sem_arvore": 77.78, "muitas_arvores": 0.0, "vao": 88.89, "V05400": 9, "V05421": 9, "V05406": 9, "V05412": 9, "V05422": 0, "V05424": 9, "V05427": 1, "V05409": 4, "V05415": 0, "V05418": 1, "V05430": 7, "V05433": 0, "criancas_0a4": 23, "em_favela": false }, "geometry": { "type": "Polygon", "coordinates": [ [ [ -46.787898, -23.661631 ], [ -46.788526, -23.661925 ], [ -46.788405, -23.660413 ], [ -46.787924, -23.658836 ], [ -46.787389, -23.659092 ], [ -46.787778, -23.66054 ], [ -46.787898, -23.661631 ] ] ] } },
{ "type": "Feature", "properties": { "CD_SETOR": "355030819000109", "faces": 3, "pavimentada": 100.0, "bueiro": 0.0, "iluminacao": 100.0, "onibus": 0.0, "ciclovia": 0.0, "calcada": 100.0, "obstaculo": 100.0, "rampa": 0.0, "rampa_faces": 0.0, "sem_calcada": 0.0, "sem_arvore": 0.0, "muitas_arvores": 0.0, "vao": 100.0, "V05400": 3, "V05421": 3, "V05406": 3, "V05412": 3, "V05422": 0, "V05424": 3, "V05427": 0, "V05409": 0, "V05415": 0, "V05418": 0, "V05430": 0, "V05433": 0, "criancas_0a4": 9, "em_favela": false }, "geometry": { "type": "Polygon", "coordinates": [ [ [ -46.787406, -23.661284 ], [ -46.787391, -23.663422 ], [ -46.787502, -23.663433 ], [ -46.787814, -23.66324 ], [ -46.787896, -23.663077 ], [ -46.787898, -23.661631 ], [ -46.787406, -23.661284 ] ] ] } },
{ "type": "Feature", "properties": { "CD_SETOR": "355030819000110", "faces": 16, "pavimentada": 93.75, "bueiro": 18.75, "iluminacao": 87.5, "onibus": 12.5, "ciclovia": 0.0, "calcada": 81.25, "obstaculo": 100.0, "rampa": 7.69, "rampa_faces": 6.25, "sem_calcada": 18.75, "sem_arvore": 31.25, "muitas_arvores": 0.0, "vao": 87.5, "V05400": 16, "V05421": 13, "V05406": 15, "V05412": 14, "V05422": 3, "V05424": 13, "V05427": 1, "V05409": 3, "V05415": 2, "V05418": 0, "V05430": 5, "V05433": 0, "criancas_0a4": 19, "em_favela": false }, "geometry": { "type": "Polygon", "coordinates": [ [ [ -46.788387, -23.656771 ], [ -46.788667, -23.657082 ], [ -46.788293, -23.657686 ], [ -46.788228, -23.65821 ], [ -46.78851, -23.658796 ], [ -46.788777, -23.659544 ], [ -46.789311, -23.658285 ], [ -46.790116, -23.657454 ], [ -46.78996, -23.65731 ], [ -46.789753, -23.657442 ], [ -46.789235, -23.657163 ], [ -46.789239, -23.656931 ], [ -46.788652, -23.656143 ], [ -46.788387, -23.656771 ] ] ] } },
{ "type": "Feature", "properties": { "CD_SETOR": "355030819000111", "faces": 22, "pavimentada": 100.0, "bueiro": 13.64, "iluminacao": 72.73, "onibus": 4.55, "ciclovia": 0.0, "calcada": 36.36, "obstaculo": 100.0, "rampa": 0.0, "rampa_faces": 0.0, "sem_calcada": 63.64, "sem_arvore": 95.45, "muitas_arvores": 0.0, "vao": 100.0, "V05400": 22, "V05421": 8, "V05406": 22, "V05412": 16, "V05422": 14, "V05424": 8, "V05427": 0, "V05409": 3, "V05415": 1, "V05418": 0, "V05430": 21, "V05433": 0, "criancas_0a4": 46, "em_favela": true }, "geometry": { "type": "Polygon", "coordinates": [ [ [ -46.792135, -23.655789 ], [ -46.791552, -23.656074 ], [ -46.791331, -23.655922 ], [ -46.790358, -23.656673 ], [ -46.790535, -23.657165 ], [ -46.791832, -23.656347 ], [ -46.792724, -23.656081 ], [ -46.79263, -23.655784 ], [ -46.792135, -23.655789 ] ] ] } },
{ "type": "Feature", "properties": { "CD_SETOR": "355030819000113", "faces": 23, "pavimentada": 95.65, "bueiro": 13.04, "iluminacao": 73.91, "onibus": 4.35, "ciclovia": 0.0, "calcada": 47.83, "obstaculo": 100.0, "rampa": 0.0, "rampa_faces": 0.0, "sem_calcada": 47.83, "sem_arvore": 91.3, "muitas_arvores": 0.0, "vao": 95.65, "V05400": 23, "V05421": 11, "V05406": 22, "V05412": 17, "V05422": 11, "V05424": 11, "V05427": 0, "V05409": 3, "V05415": 1, "V05418": 0, "V05430": 21, "V05433": 0, "criancas_0a4": 37, "em_favela": true }, "geometry": { "type": "Polygon", "coordinates": [ [ [ -46.787061, -23.65468 ], [ -46.787259, -23.654842 ], [ -46.787383, -23.655017 ], [ -46.78748, -23.655339 ], [ -46.787322, -23.655906 ], [ -46.78749, -23.656087 ], [ -46.787848, -23.656316 ], [ -46.788153, -23.655592 ], [ -46.78793, -23.655393 ], [ -46.788014, -23.654859 ], [ -46.787442, -23.654401 ], [ -46.787122, -23.654488 ], [ -46.78703, -23.654571 ], [ -46.787061, -23.65468 ] ] ] } },
{ "type": "Feature", "properties": { "CD_SETOR": "355030819000114", "faces": 1, "pavimentada": 100.0, "bueiro": 0.0, "iluminacao": 100.0, "onibus": 0.0, "ciclovia": 0.0, "calcada": 100.0, "obstaculo": 100.0, "rampa": 0.0, "rampa_faces": 0.0, "sem_calcada": 0.0, "sem_arvore": 0.0, "muitas_arvores": 0.0, "vao": 100.0, "V05400": 1, "V05421": 1, "V05406": 1, "V05412": 1, "V05422": 0, "V05424": 1, "V05427": 0, "V05409": 0, "V05415": 0, "V05418": 0, "V05430": 0, "V05433": 0, "criancas_0a4": 0, "em_favela": false }, "geometry": { "type": "Polygon", "coordinates": [ [ [ -46.788309, -23.65682 ], [ -46.78841, -23.656729 ], [ -46.788672, -23.656078 ], [ -46.788418, -23.656073 ], [ -46.788323, -23.656239 ], [ -46.78822, -23.656478 ], [ -46.788205, -23.656669 ], [ -46.788309, -23.65682 ] ] ] } },
{ "type": "Feature", "properties": { "CD_SETOR": "355030819000118", "faces": 13, "pavimentada": 100.0, "bueiro": 7.69, "iluminacao": 100.0, "onibus": 15.38, "ciclovia": 0.0, "calcada": 76.92, "obstaculo": 100.0, "rampa": 10.0, "rampa_faces": 7.69, "sem_calcada": 23.08, "sem_arvore": 46.15, "muitas_arvores": 7.69, "vao": 92.31, "V05400": 13, "V05421": 10, "V05406": 13, "V05412": 13, "V05422": 3, "V05424": 10, "V05427": 1, "V05409": 1, "V05415": 2, "V05418": 0, "V05430": 6, "V05433": 1, "criancas_0a4": 46, "em_favela": false }, "geometry": { "type": "Polygon", "coordinates": [ [ [ -46.777894, -23.650131 ], [ -46.775709, -23.651227 ], [ -46.774449, -23.651345 ], [ -46.774201, -23.65145 ], [ -46.773992, -23.651675 ], [ -46.773902, -23.652038 ], [ -46.77392, -23.652195 ], [ -46.774149, -23.65272 ], [ -46.774413, -23.653193 ], [ -46.77421, -23.653491 ], [ -46.775157, -23.653933 ], [ -46.775361, -23.653971 ], [ -46.775403, -23.653712 ], [ -46.774635, -23.652272 ], [ -46.774645, -23.652008 ], [ -46.774808, -23.651869 ], [ -46.775243, -23.651877 ], [ -46.77596, -23.651784 ], [ -46.777811, -23.650866 ], [ -46.777939, -23.650292 ], [ -46.777894, -23.650131 ] ] ] } },
{ "type": "Feature", "properties": { "CD_SETOR": "355030819000119", "faces": 20, "pavimentada": 100.0, "bueiro": 55.0, "iluminacao": 100.0, "onibus": 10.0, "ciclovia": 20.0, "calcada": 100.0, "obstaculo": 95.0, "rampa": 0.0, "rampa_faces": 0.0, "sem_calcada": 0.0, "sem_arvore": 40.0, "muitas_arvores": 15.0, "vao": 100.0, "V05400": 20, "V05421": 20, "V05406": 20, "V05412": 20, "V05422": 0, "V05424": 19, "V05427": 0, "V05409": 11, "V05415": 2, "V05418": 4, "V05430": 8, "V05433": 3, "criancas_0a4": 6, "em_favela": false }, "geometry": { "type": "Polygon", "coordinates": [ [ [ -46.760293, -23.655649 ], [ -46.758868, -23.65663 ], [ -46.760474, -23.658125 ], [ -46.762529, -23.65604 ], [ -46.761017, -23.655078 ], [ -46.760293, -23.655649 ] ] ] } },
{ "type": "Feature", "properties": { "CD_SETOR": "355030819000120", "faces": 25, "pavimentada": 100.0, "bueiro": 24.0, "iluminacao": 100.0, "onibus": 4.0, "ciclovia": 0.0, "calcada": 76.0, "obstaculo": 94.74, "rampa": 0.0, "rampa_faces": 0.0, "sem_calcada": 24.0, "sem_arvore": 40.0, "muitas_arvores": 24.0, "vao": 100.0, "V05400": 25, "V05421": 19, "V05406": 25, "V05412": 25, "V05422": 6, "V05424": 18, "V05427": 0, "V05409": 6, "V05415": 1, "V05418": 0, "V05430": 10, "V05433": 6, "criancas_0a4": 50, "em_favela": false }, "geometry": { "type": "Polygon", "coordinates": [ [ [ -46.75737, -23.657633 ], [ -46.757361, -23.657713 ], [ -46.757913, -23.6585 ], [ -46.758291, -23.659213 ], [ -46.759186, -23.658445 ], [ -46.759071, -23.658153 ], [ -46.759163, -23.657886 ], [ -46.759346, -23.657742 ], [ -46.759895, -23.65761 ], [ -46.758868, -23.65663 ], [ -46.75737, -23.657633 ] ] ] } },
{ "type": "Feature", "properties": { "CD_SETOR": "355030819000121", "faces": 17, "pavimentada": 76.47, "bueiro": 17.65, "iluminacao": 64.71, "onibus": 0.0, "ciclovia": 5.88, "calcada": 41.18, "obstaculo": 100.0, "rampa": 0.0, "rampa_faces": 0.0, "sem_calcada": 58.82, "sem_arvore": 76.47, "muitas_arvores": 5.88, "vao": 76.47, "V05400": 17, "V05421": 7, "V05406": 13, "V05412": 11, "V05422": 10, "V05424": 7, "V05427": 0, "V05409": 3, "V05415": 0, "V05418": 1, "V05430": 13, "V05433": 1, "criancas_0a4": 45, "em_favela": true }, "geometry": { "type": "Polygon", "coordinates": [ [ [ -46.756584, -23.658061 ], [ -46.757032, -23.658537 ], [ -46.757471, -23.658754 ], [ -46.757885, -23.659312 ], [ -46.757836, -23.659732 ], [ -46.75765, -23.660037 ], [ -46.757696, -23.660289 ], [ -46.757868, -23.660676 ], [ -46.75868, -23.659886 ], [ -46.757913, -23.6585 ], [ -46.757361, -23.657713 ], [ -46.75737, -23.657633 ], [ -46.756584, -23.658061 ] ] ] } },
{ "type": "Feature", "properties": { "CD_SETOR": "355030819000123", "faces": 21, "pavimentada": 33.33, "bueiro": 14.29, "iluminacao": 33.33, "onibus": 0.0, "ciclovia": 4.76, "calcada": 28.57, "obstaculo": 100.0, "rampa": 0.0, "rampa_faces": 0.0, "sem_calcada": 66.67, "sem_arvore": 85.71, "muitas_arvores": 0.0, "vao": 33.33, "V05400": 21, "V05421": 6, "V05406": 7, "V05412": 7, "V05422": 14, "V05424": 6, "V05427": 0, "V05409": 3, "V05415": 0, "V05418": 1, "V05430": 18, "V05433": 0, "criancas_0a4": 51, "em_favela": true }, "geometry": { "type": "Polygon", "coordinates": [ [ [ -46.75809, -23.660459 ], [ -46.757868, -23.660676 ], [ -46.758169, -23.661337 ], [ -46.758194, -23.661759 ], [ -46.758321, -23.661907 ], [ -46.758566, -23.662075 ], [ -46.759535, -23.661403 ], [ -46.759228, -23.660946 ], [ -46.759142, -23.660605 ], [ -46.758985, -23.66044 ], [ -46.758579, -23.660501 ], [ -46.75809, -23.660459 ] ] ] } },
{ "type": "Feature", "properties": { "CD_SETOR": "355030819000124", "faces": 23, "pavimentada": 86.96, "bueiro": 4.35, "iluminacao": 95.65, "onibus": 0.0, "ciclovia": 0.0, "calcada": 73.91, "obstaculo": 100.0, "rampa": 0.0, "rampa_faces": 0.0, "sem_calcada": 26.09, "sem_arvore": 56.52, "muitas_arvores": 4.35, "vao": 86.96, "V05400": 23, "V05421": 17, "V05406": 20, "V05412": 22, "V05422": 6, "V05424": 17, "V05427": 0, "V05409": 1, "V05415": 0, "V05418": 0, "V05430": 13, "V05433": 1, "criancas_0a4": 32, "em_favela": false }, "geometry": { "type": "Polygon", "coordinates": [ [ [ -46.758566, -23.662075 ], [ -46.758865, -23.662369 ], [ -46.759581, -23.663382 ], [ -46.759956, -23.663706 ], [ -46.760522, -23.663207 ], [ -46.761041, -23.662518 ], [ -46.761339, -23.662454 ], [ -46.761315, -23.662285 ], [ -46.761588, -23.66221 ], [ -46.761519, -23.661888 ], [ -46.760931, -23.661962 ], [ -46.760896, -23.66181 ], [ -46.759794, -23.662146 ], [ -46.759535, -23.661403 ], [ -46.758566, -23.662075 ] ] ] } },
{ "type": "Feature", "properties": { "CD_SETOR": "355030819000125", "faces": 12, "pavimentada": 91.67, "bueiro": 8.33, "iluminacao": 91.67, "onibus": 0.0, "ciclovia": 0.0, "calcada": 25.0, "obstaculo": 100.0, "rampa": 0.0, "rampa_faces": 0.0, "sem_calcada": 75.0, "sem_arvore": 91.67, "muitas_arvores": 0.0, "vao": 91.67, "V05400": 12, "V05421": 3, "V05406": 11, "V05412": 11, "V05422": 9, "V05424": 3, "V05427": 0, "V05409": 1, "V05415": 0, "V05418": 0, "V05430": 11, "V05433": 0, "criancas_0a4": 32, "em_favela": true }, "geometry": { "type": "Polygon", "coordinates": [ [ [ -46.759956, -23.663706 ], [ -46.760356, -23.663929 ], [ -46.760272, -23.663806 ], [ -46.760387, -23.663682 ], [ -46.760437, -23.663723 ], [ -46.760508, -23.663643 ], [ -46.760678, -23.663616 ], [ -46.761256, -23.663131 ], [ -46.761302, -23.663036 ], [ -46.761974, -23.663036 ], [ -46.761715, -23.662684 ], [ -46.761588, -23.66221 ], [ -46.761315, -23.662285 ], [ -46.761339, -23.662454 ], [ -46.761041, -23.662518 ], [ -46.760522, -23.663207 ], [ -46.759956, -23.663706 ] ] ] } },
{ "type": "Feature", "properties": { "CD_SETOR": "355030819000126", "faces": 3, "pavimentada": 100.0, "bueiro": 33.33, "iluminacao": 100.0, "onibus": 33.33, "ciclovia": 0.0, "calcada": 66.67, "obstaculo": 100.0, "rampa": 0.0, "rampa_faces": 0.0, "sem_calcada": 33.33, "sem_arvore": 0.0, "muitas_arvores": 0.0, "vao": 100.0, "V05400": 3, "V05421": 2, "V05406": 3, "V05412": 3, "V05422": 1, "V05424": 2, "V05427": 0, "V05409": 1, "V05415": 1, "V05418": 0, "V05430": 0, "V05433": 0, "criancas_0a4": 9, "em_favela": false }, "geometry": { "type": "Polygon", "coordinates": [ [ [ -46.777327, -23.681315 ], [ -46.777908, -23.682353 ], [ -46.778899, -23.684165 ], [ -46.778966, -23.6839 ], [ -46.778833, -23.682695 ], [ -46.777934, -23.681103 ], [ -46.777327, -23.681315 ] ] ] } },
{ "type": "Feature", "properties": { "CD_SETOR": "355030819000127", "faces": 8, "pavimentada": 100.0, "bueiro": 0.0, "iluminacao": 100.0, "onibus": 12.5, "ciclovia": 0.0, "calcada": 100.0, "obstaculo": 50.0, "rampa": 25.0, "rampa_faces": 25.0, "sem_calcada": 0.0, "sem_arvore": 0.0, "muitas_arvores": 25.0, "vao": 75.0, "V05400": 8, "V05421": 8, "V05406": 8, "V05412": 8, "V05422": 0, "V05424": 4, "V05427": 2, "V05409": 0, "V05415": 1, "V05418": 0, "V05430": 0, "V05433": 2, "criancas_0a4": 3, "em_favela": false }, "geometry": { "type": "Polygon", "coordinates": [ [ [ -46.779886, -23.681365 ], [ -46.779941, -23.681454 ], [ -46.780027, -23.682037 ], [ -46.780195, -23.682146 ], [ -46.780593, -23.682656 ], [ -46.781286, -23.682613 ], [ -46.781188, -23.681545 ], [ -46.780569, -23.681152 ], [ -46.780559, -23.68128 ], [ -46.78024, -23.681284 ], [ -46.779886, -23.681365 ] ] ] } },
{ "type": "Feature", "properties": { "CD_SETOR": "355030819000128", "faces": 27, "pavimentada": 100.0, "bueiro": 66.67, "iluminacao": 100.0, "onibus": 7.41, "ciclovia": 0.0, "calcada": 74.07, "obstaculo": 95.0, "rampa": 0.0, "rampa_faces": 0.0, "sem_calcada": 25.93, "sem_arvore": 48.15, "muitas_arvores": 3.7, "vao": 100.0, "V05400": 27, "V05421": 20, "V05406": 27, "V05412": 27, "V05422": 7, "V05424": 19, "V05427": 0, "V05409": 18, "V05415": 2, "V05418": 0, "V05430": 13, "V05433": 1, "criancas_0a4": 17, "em_favela": false }, "geometry": { "type": "Polygon", "coordinates": [ [ [ -46.78249, -23.677361 ], [ -46.78302, -23.677718 ], [ -46.782504, -23.678472 ], [ -46.783176, -23.678862 ], [ -46.782928, -23.679222 ], [ -46.783338, -23.67948 ], [ -46.784428, -23.677957 ], [ -46.783171, -23.676437 ], [ -46.78249, -23.677361 ] ] ] } },
{ "type": "Feature", "properties": { "CD_SETOR": "355030819000131", "faces": 16, "pavimentada": 100.0, "bueiro": 37.5, "iluminacao": 100.0, "onibus": 18.75, "ciclovia": 0.0, "calcada": 100.0, "obstaculo": 100.0, "rampa": 0.0, "rampa_faces": 0.0, "sem_calcada": 0.0, "sem_arvore": 12.5, "muitas_arvores": 62.5, "vao": 100.0, "V05400": 16, "V05421": 16, "V05406": 16, "V05412": 16, "V05422": 0, "V05424": 16, "V05427": 0, "V05409": 6, "V05415": 3, "V05418": 0, "V05430": 2, "V05433": 10, "criancas_0a4": 34, "em_favela": false }, "geometry": { "type": "Polygon", "coordinates": [ [ [ -46.784428, -23.677957 ], [ -46.783269, -23.679585 ], [ -46.783902, -23.679537 ], [ -46.784577, -23.679793 ], [ -46.784618, -23.679853 ], [ -46.784602, -23.679971 ], [ -46.784253, -23.680467 ], [ -46.784792, -23.68073 ], [ -46.785522, -23.679644 ], [ -46.785545, -23.678932 ], [ -46.785495, -23.678387 ], [ -46.784428, -23.677957 ] ] ] } },
{ "type": "Feature", "properties": { "CD_SETOR": "355030819000135", "faces": 22, "pavimentada": 100.0, "bueiro": 72.73, "iluminacao": 95.45, "onibus": 22.73, "ciclovia": 0.0, "calcada": 100.0, "obstaculo": 31.82, "rampa": 0.0, "rampa_faces": 0.0, "sem_calcada": 0.0, "sem_arvore": 45.45, "muitas_arvores": 31.82, "vao": 100.0, "V05400": 22, "V05421": 22, "V05406": 22, "V05412": 21, "V05422": 0, "V05424": 7, "V05427": 0, "V05409": 16, "V05415": 5, "V05418": 0, "V05430": 10, "V05433": 7, "criancas_0a4": 45, "em_favela": false }, "geometry": { "type": "Polygon", "coordinates": [ [ [ -46.790836, -23.673036 ], [ -46.789211, -23.673691 ], [ -46.788759, -23.673703 ], [ -46.788665, -23.673746 ], [ -46.789119, -23.674885 ], [ -46.78923, -23.67504 ], [ -46.789279, -23.674561 ], [ -46.789345, -23.674419 ], [ -46.789497, -23.674269 ], [ -46.789911, -23.674693 ], [ -46.789856, -23.674844 ], [ -46.789805, -23.675575 ], [ -46.78998, -23.675679 ], [ -46.790284, -23.676017 ], [ -46.7905, -23.676088 ], [ -46.79061, -23.676074 ], [ -46.791151, -23.675197 ], [ -46.791287, -23.675049 ], [ -46.790964, -23.67482 ], [ -46.79122, -23.674393 ], [ -46.790836, -23.673036 ] ] ] } },
{ "type": "Feature", "properties": { "CD_SETOR": "355030819000136", "faces": 16, "pavimentada": 100.0, "bueiro": 56.25, "iluminacao": 100.0, "onibus": 25.0, "ciclovia": 0.0, "calcada": 81.25, "obstaculo": 92.31, "rampa": 7.69, "rampa_faces": 6.25, "sem_calcada": 18.75, "sem_arvore": 25.0, "muitas_arvores": 25.0, "vao": 93.75, "V05400": 16, "V05421": 13, "V05406": 16, "V05412": 16, "V05422": 3, "V05424": 12, "V05427": 1, "V05409": 9, "V05415": 4, "V05418": 0, "V05430": 4, "V05433": 4, "criancas_0a4": 53, "em_favela": false }, "geometry": { "type": "Polygon", "coordinates": [ [ [ -46.793031, -23.671349 ], [ -46.792089, -23.671804 ], [ -46.790793, -23.672752 ], [ -46.790779, -23.672856 ], [ -46.790972, -23.673584 ], [ -46.793137, -23.672375 ], [ -46.793578, -23.672997 ], [ -46.793832, -23.67285 ], [ -46.793985, -23.672835 ], [ -46.794071, -23.672867 ], [ -46.794226, -23.673041 ], [ -46.794421, -23.673087 ], [ -46.79478, -23.672913 ], [ -46.794935, -23.672734 ], [ -46.795012, -23.672508 ], [ -46.794993, -23.672274 ], [ -46.794731, -23.671712 ], [ -46.794589, -23.671583 ], [ -46.793934, -23.671355 ], [ -46.793507, -23.671678 ], [ -46.793367, -23.671359 ], [ -46.793031, -23.671349 ] ] ] } },
{ "type": "Feature", "properties": { "CD_SETOR": "355030819000137", "faces": 17, "pavimentada": 100.0, "bueiro": 52.94, "iluminacao": 100.0, "onibus": 35.29, "ciclovia": 0.0, "calcada": 88.24, "obstaculo": 100.0, "rampa": 6.67, "rampa_faces": 5.88, "sem_calcada": 11.76, "sem_arvore": 23.53, "muitas_arvores": 23.53, "vao": 94.12, "V05400": 17, "V05421": 15, "V05406": 17, "V05412": 17, "V05422": 2, "V05424": 15, "V05427": 1, "V05409": 9, "V05415": 6, "V05418": 0, "V05430": 4, "V05433": 4, "criancas_0a4": 27, "em_favela": false }, "geometry": { "type": "Polygon", "coordinates": [ [ [ -46.792784, -23.668185 ], [ -46.792464, -23.66828 ], [ -46.792592, -23.669049 ], [ -46.792816, -23.669611 ], [ -46.791612, -23.670047 ], [ -46.792302, -23.670914 ], [ -46.79239, -23.67098 ], [ -46.792545, -23.670972 ], [ -46.792731, -23.671491 ], [ -46.793031, -23.671349 ], [ -46.79346, -23.671359 ], [ -46.793904, -23.670537 ], [ -46.793483, -23.670651 ], [ -46.793304, -23.67011 ], [ -46.793465, -23.670043 ], [ -46.793566, -23.669906 ], [ -46.793229, -23.669117 ], [ -46.793059, -23.669001 ], [ -46.792972, -23.668215 ], [ -46.792784, -23.668185 ] ] ] } },
{ "type": "Feature", "properties": { "CD_SETOR": "355030819000138", "faces": 16, "pavimentada": 100.0, "bueiro": 75.0, "iluminacao": 100.0, "onibus": 50.0, "ciclovia": 0.0, "calcada": 75.0, "obstaculo": 100.0, "rampa": 0.0, "rampa_faces": 0.0, "sem_calcada": 25.0, "sem_arvore": 37.5, "muitas_arvores": 25.0, "vao": 100.0, "V05400": 16, "V05421": 12, "V05406": 16, "V05412": 16, "V05422": 4, "V05424": 12, "V05427": 0, "V05409": 12, "V05415": 8, "V05418": 0, "V05430": 6, "V05433": 4, "criancas_0a4": 27, "em_favela": false }, "geometry": { "type": "Polygon", "coordinates": [ [ [ -46.79346, -23.671359 ], [ -46.793645, -23.671349 ], [ -46.793838, -23.671248 ], [ -46.794711, -23.670545 ], [ -46.79467, -23.669254 ], [ -46.79414, -23.669457 ], [ -46.793676, -23.668384 ], [ -46.792972, -23.668215 ], [ -46.793059, -23.669001 ], [ -46.793229, -23.669117 ], [ -46.793566, -23.669906 ], [ -46.793465, -23.670043 ], [ -46.793304, -23.67011 ], [ -46.793483, -23.670651 ], [ -46.793904, -23.670537 ], [ -46.79346, -23.671359 ] ] ] } },
{ "type": "Feature", "properties": { "CD_SETOR": "355030819000139", "faces": 5, "pavimentada": 100.0, "bueiro": 40.0, "iluminacao": 100.0, "onibus": 40.0, "ciclovia": 0.0, "calcada": 80.0, "obstaculo": 100.0, "rampa": 0.0, "rampa_faces": 0.0, "sem_calcada": 20.0, "sem_arvore": 20.0, "muitas_arvores": 60.0, "vao": 100.0, "V05400": 5, "V05421": 4, "V05406": 5, "V05412": 5, "V05422": 1, "V05424": 4, "V05427": 0, "V05409": 2, "V05415": 2, "V05418": 0, "V05430": 1, "V05433": 3, "criancas_0a4": 31, "em_favela": false }, "geometry": { "type": "Polygon", "coordinates": [ [ [ -46.792999, -23.66527 ], [ -46.790685, -23.665722 ], [ -46.790346, -23.665621 ], [ -46.789387, -23.665797 ], [ -46.78872, -23.66548 ], [ -46.788191, -23.666366 ], [ -46.788463, -23.666795 ], [ -46.789195, -23.666982 ], [ -46.790119, -23.667014 ], [ -46.790858, -23.66683 ], [ -46.791796, -23.666335 ], [ -46.793095, -23.665882 ], [ -46.792999, -23.66527 ] ] ] } },
{ "type": "Feature", "properties": { "CD_SETOR": "355030819000140", "faces": 4, "pavimentada": 75.0, "bueiro": 75.0, "iluminacao": 100.0, "onibus": 0.0, "ciclovia": 0.0, "calcada": 75.0, "obstaculo": 66.67, "rampa": 0.0, "rampa_faces": 0.0, "sem_calcada": 25.0, "sem_arvore": 25.0, "muitas_arvores": 50.0, "vao": 75.0, "V05400": 4, "V05421": 3, "V05406": 3, "V05412": 4, "V05422": 1, "V05424": 2, "V05427": 0, "V05409": 3, "V05415": 0, "V05418": 0, "V05430": 1, "V05433": 2, "criancas_0a4": 7, "em_favela": true }, "geometry": { "type": "Polygon", "coordinates": [ [ [ -46.794265, -23.664853 ], [ -46.794298, -23.664985 ], [ -46.794771, -23.664886 ], [ -46.794849, -23.664895 ], [ -46.795051, -23.665071 ], [ -46.795208, -23.666086 ], [ -46.795206, -23.666315 ], [ -46.79514, -23.66647 ], [ -46.795317, -23.666565 ], [ -46.79534, -23.66611 ], [ -46.795488, -23.665617 ], [ -46.795483, -23.665292 ], [ -46.795361, -23.665122 ], [ -46.795114, -23.664996 ], [ -46.795006, -23.664798 ], [ -46.794897, -23.664387 ], [ -46.79467, -23.664215 ], [ -46.794562, -23.664052 ], [ -46.794317, -23.663027 ], [ -46.794266, -23.662942 ], [ -46.794133, -23.662928 ], [ -46.794516, -23.664525 ], [ -46.794466, -23.664734 ], [ -46.794265, -23.664853 ] ] ] } },
{ "type": "Feature", "properties": { "CD_SETOR": "355030819000141", "faces": 16, "pavimentada": 100.0, "bueiro": 25.0, "iluminacao": 100.0, "onibus": 12.5, "ciclovia": 0.0, "calcada": 68.75, "obstaculo": 100.0, "rampa": 0.0, "rampa_faces": 0.0, "sem_calcada": 31.25, "sem_arvore": 56.25, "muitas_arvores": 6.25, "vao": 100.0, "V05400": 16, "V05421": 11, "V05406": 16, "V05412": 16, "V05422": 5, "V05424": 11, "V05427": 0, "V05409": 4, "V05415": 2, "V05418": 0, "V05430": 9, "V05433": 1, "criancas_0a4": 19, "em_favela": false }, "geometry": { "type": "Polygon", "coordinates": [ [ [ -46.793559, -23.662901 ], [ -46.793789, -23.66336 ], [ -46.793781, -23.663553 ], [ -46.79371, -23.663775 ], [ -46.793432, -23.663929 ], [ -46.793131, -23.664335 ], [ -46.792856, -23.664431 ], [ -46.791066, -23.664705 ], [ -46.790685, -23.664843 ], [ -46.790918, -23.665315 ], [ -46.793482, -23.664896 ], [ -46.794265, -23.664853 ], [ -46.794413, -23.664786 ], [ -46.7945, -23.664669 ], [ -46.794516, -23.664525 ], [ -46.794133, -23.662928 ], [ -46.794088, -23.662878 ], [ -46.793559, -23.662901 ] ] ] } },
{ "type": "Feature", "properties": { "CD_SETOR": "355030819000142", "faces": 6, "pavimentada": 100.0, "bueiro": 50.0, "iluminacao": 100.0, "onibus": 0.0, "ciclovia": 0.0, "calcada": 83.33, "obstaculo": 100.0, "rampa": 0.0, "rampa_faces": 0.0, "sem_calcada": 16.67, "sem_arvore": 33.33, "muitas_arvores": 0.0, "vao": 100.0, "V05400": 6, "V05421": 5, "V05406": 6, "V05412": 6, "V05422": 1, "V05424": 5, "V05427": 0, "V05409": 3, "V05415": 0, "V05418": 0, "V05430": 2, "V05433": 0, "criancas_0a4": 22, "em_favela": false }, "geometry": { "type": "Polygon", "coordinates": [ [ [ -46.792034, -23.663495 ], [ -46.792138, -23.66398 ], [ -46.792847, -23.663877 ], [ -46.793291, -23.664111 ], [ -46.793432, -23.663929 ], [ -46.79371, -23.663775 ], [ -46.793789, -23.66336 ], [ -46.793697, -23.663136 ], [ -46.793164, -23.663387 ], [ -46.792907, -23.663353 ], [ -46.792034, -23.663495 ] ] ] } },
{ "type": "Feature", "properties": { "CD_SETOR": "355030819000143", "faces": 10, "pavimentada": 100.0, "bueiro": 30.0, "iluminacao": 80.0, "onibus": 0.0, "ciclovia": 0.0, "calcada": 60.0, "obstaculo": 83.33, "rampa": 0.0, "rampa_faces": 0.0, "sem_calcada": 40.0, "sem_arvore": 70.0, "muitas_arvores": 0.0, "vao": 100.0, "V05400": 10, "V05421": 6, "V05406": 10, "V05412": 8, "V05422": 4, "V05424": 5, "V05427": 0, "V05409": 3, "V05415": 0, "V05418": 0, "V05430": 7, "V05433": 0, "criancas_0a4": 34, "em_favela": true }, "geometry": { "type": "Polygon", "coordinates": [ [ [ -46.792168, -23.663138 ], [ -46.791266, -23.663479 ], [ -46.7908, -23.663591 ], [ -46.790733, -23.663683 ], [ -46.790749, -23.66372 ], [ -46.790877, -23.663729 ], [ -46.791069, -23.663689 ], [ -46.7915, -23.663714 ], [ -46.791907, -23.663523 ], [ -46.792162, -23.663469 ], [ -46.793013, -23.663344 ], [ -46.793164, -23.663387 ], [ -46.793697, -23.663136 ], [ -46.79351, -23.662772 ], [ -46.793383, -23.662774 ], [ -46.792168, -23.663138 ] ] ] } },
{ "type": "Feature", "properties": { "CD_SETOR": "355030819000144", "faces": 18, "pavimentada": 100.0, "bueiro": 0.0, "iluminacao": 88.89, "onibus": 5.56, "ciclovia": 0.0, "calcada": 55.56, "obstaculo": 100.0, "rampa": 0.0, "rampa_faces": 0.0, "sem_calcada": 44.44, "sem_arvore": 83.33, "muitas_arvores": 5.56, "vao": 100.0, "V05400": 18, "V05421": 10, "V05406": 18, "V05412": 16, "V05422": 8, "V05424": 10, "V05427": 0, "V05409": 0, "V05415": 1, "V05418": 0, "V05430": 15, "V05433": 1, "criancas_0a4": 46, "em_favela": false }, "geometry": { "type": "Polygon", "coordinates": [ [ [ -46.790291, -23.661815 ], [ -46.789497, -23.662028 ], [ -46.788981, -23.662013 ], [ -46.788978, -23.663377 ], [ -46.789463, -23.663345 ], [ -46.789461, -23.66279 ], [ -46.789489, -23.662677 ], [ -46.78959, -23.662572 ], [ -46.790052, -23.662524 ], [ -46.790135, -23.662627 ], [ -46.790417, -23.662658 ], [ -46.790698, -23.662893 ], [ -46.790913, -23.662967 ], [ -46.791606, -23.662756 ], [ -46.791484, -23.662353 ], [ -46.792074, -23.662099 ], [ -46.792144, -23.662014 ], [ -46.792181, -23.661782 ], [ -46.792153, -23.661686 ], [ -46.791919, -23.661391 ], [ -46.790654, -23.662275 ], [ -46.790291, -23.661815 ] ] ] } },
{ "type": "Feature", "properties": { "CD_SETOR": "355030819000145", "faces": 8, "pavimentada": 100.0, "bueiro": 12.5, "iluminacao": 100.0, "onibus": 25.0, "ciclovia": 0.0, "calcada": 100.0, "obstaculo": 100.0, "rampa": 0.0, "rampa_faces": 0.0, "sem_calcada": 0.0, "sem_arvore": 62.5, "muitas_arvores": 12.5, "vao": 100.0, "V05400": 8, "V05421": 8, "V05406": 8, "V05412": 8, "V05422": 0, "V05424": 8, "V05427": 0, "V05409": 1, "V05415": 2, "V05418": 0, "V05430": 5, "V05433": 1, "criancas_0a4": 20, "em_favela": false }, "geometry": { "type": "Polygon", "coordinates": [ [ [ -46.79191, -23.660699 ], [ -46.790291, -23.661815 ], [ -46.790654, -23.662275 ], [ -46.791919, -23.661391 ], [ -46.792153, -23.661686 ], [ -46.792181, -23.661782 ], [ -46.792144, -23.662014 ], [ -46.791996, -23.662151 ], [ -46.791484, -23.662353 ], [ -46.791606, -23.662756 ], [ -46.792327, -23.662524 ], [ -46.792369, -23.662473 ], [ -46.792698, -23.661141 ], [ -46.79191, -23.660699 ] ] ] } },
{ "type": "Feature", "properties": { "CD_SETOR": "355030819000147", "faces": 36, "pavimentada": 97.22, "bueiro": 0.0, "iluminacao": 52.78, "onibus": 0.0, "ciclovia": 5.56, "calcada": 11.11, "obstaculo": 75.0, "rampa": 0.0, "rampa_faces": 0.0, "sem_calcada": 88.89, "sem_arvore": 100.0, "muitas_arvores": 0.0, "vao": 97.22, "V05400": 36, "V05421": 4, "V05406": 35, "V05412": 19, "V05422": 32, "V05424": 3, "V05427": 0, "V05409": 0, "V05415": 0, "V05418": 2, "V05430": 36, "V05433": 0, "criancas_0a4": 70, "em_favela": true }, "geometry": { "type": "Polygon", "coordinates": [ [ [ -46.78857, -23.660807 ], [ -46.788815, -23.661082 ], [ -46.788963, -23.661036 ], [ -46.789099, -23.661083 ], [ -46.789178, -23.661049 ], [ -46.789521, -23.661307 ], [ -46.789602, -23.661438 ], [ -46.7897, -23.661411 ], [ -46.789794, -23.661457 ], [ -46.790006, -23.661673 ], [ -46.790993, -23.660964 ], [ -46.790651, -23.660941 ], [ -46.79065, -23.660797 ], [ -46.790486, -23.660743 ], [ -46.790568, -23.660284 ], [ -46.790394, -23.66038 ], [ -46.790275, -23.660656 ], [ -46.790184, -23.660715 ], [ -46.789522, -23.66055 ], [ -46.789464, -23.660487 ], [ -46.789512, -23.660325 ], [ -46.789273, -23.660184 ], [ -46.789151, -23.660352 ], [ -46.788884, -23.660336 ], [ -46.788804, -23.660499 ], [ -46.788823, -23.660672 ], [ -46.78857, -23.660807 ] ] ] } },
{ "type": "Feature", "properties": { "CD_SETOR": "355030819000149", "faces": 3, "pavimentada": 100.0, "bueiro": 0.0, "iluminacao": 100.0, "onibus": 0.0, "ciclovia": 0.0, "calcada": 100.0, "obstaculo": 66.67, "rampa": 0.0, "rampa_faces": 0.0, "sem_calcada": 0.0, "sem_arvore": 33.33, "muitas_arvores": 66.67, "vao": 100.0, "V05400": 3, "V05421": 3, "V05406": 3, "V05412": 3, "V05422": 0, "V05424": 2, "V05427": 0, "V05409": 0, "V05415": 0, "V05418": 0, "V05430": 1, "V05433": 2, "criancas_0a4": 31, "em_favela": false }, "geometry": { "type": "Polygon", "coordinates": [ [ [ -46.788532, -23.652957 ], [ -46.786745, -23.653669 ], [ -46.785408, -23.654961 ], [ -46.785726, -23.655189 ], [ -46.785971, -23.655188 ], [ -46.786293, -23.654683 ], [ -46.786942, -23.654061 ], [ -46.789423, -23.653106 ], [ -46.789329, -23.65305 ], [ -46.788853, -23.652956 ], [ -46.788532, -23.652957 ] ] ] } },
{ "type": "Feature", "properties": { "CD_SETOR": "355030819000151", "faces": 5, "pavimentada": 100.0, "bueiro": 20.0, "iluminacao": 80.0, "onibus": 20.0, "ciclovia": 0.0, "calcada": 60.0, "obstaculo": 66.67, "rampa": 0.0, "rampa_faces": 0.0, "sem_calcada": 40.0, "sem_arvore": 80.0, "muitas_arvores": 0.0, "vao": 100.0, "V05400": 5, "V05421": 3, "V05406": 5, "V05412": 4, "V05422": 2, "V05424": 2, "V05427": 0, "V05409": 1, "V05415": 1, "V05418": 0, "V05430": 4, "V05433": 0, "criancas_0a4": 43, "em_favela": true }, "geometry": { "type": "Polygon", "coordinates": [ [ [ -46.788047, -23.652548 ], [ -46.787584, -23.65299 ], [ -46.787169, -23.65315 ], [ -46.786718, -23.653407 ], [ -46.786823, -23.653632 ], [ -46.788532, -23.652957 ], [ -46.78843, -23.652618 ], [ -46.788489, -23.652473 ], [ -46.788462, -23.652363 ], [ -46.788047, -23.652548 ] ] ] } },
{ "type": "Feature", "properties": { "CD_SETOR": "355030819000153", "faces": 16, "pavimentada": 100.0, "bueiro": 75.0, "iluminacao": 100.0, "onibus": 6.25, "ciclovia": 0.0, "calcada": 87.5, "obstaculo": 92.86, "rampa": 35.71, "rampa_faces": 31.25, "sem_calcada": 12.5, "sem_arvore": 68.75, "muitas_arvores": 6.25, "vao": 68.75, "V05400": 16, "V05421": 14, "V05406": 16, "V05412": 16, "V05422": 2, "V05424": 13, "V05427": 5, "V05409": 12, "V05415": 1, "V05418": 0, "V05430": 11, "V05433": 1, "criancas_0a4": 42, "em_favela": false }, "geometry": { "type": "Polygon", "coordinates": [ [ [ -46.782433, -23.650606 ], [ -46.781489, -23.650956 ], [ -46.78223, -23.651979 ], [ -46.782265, -23.652091 ], [ -46.782232, -23.652265 ], [ -46.781682, -23.652862 ], [ -46.782233, -23.653814 ], [ -46.782342, -23.653699 ], [ -46.783299, -23.651791 ], [ -46.783236, -23.651592 ], [ -46.782433, -23.650606 ] ] ] } },
{ "type": "Feature", "properties": { "CD_SETOR": "355030819000156", "faces": 1, "pavimentada": 100.0, "bueiro": 100.0, "iluminacao": 100.0, "onibus": 0.0, "ciclovia": 0.0, "calcada": 100.0, "obstaculo": 0.0, "rampa": 100.0, "rampa_faces": 100.0, "sem_calcada": 0.0, "sem_arvore": 0.0, "muitas_arvores": 0.0, "vao": 0.0, "V05400": 1, "V05421": 1, "V05406": 1, "V05412": 1, "V05422": 0, "V05424": 0, "V05427": 1, "V05409": 1, "V05415": 0, "V05418": 0, "V05430": 0, "V05433": 0, "criancas_0a4": 28, "em_favela": false }, "geometry": { "type": "Polygon", "coordinates": [ [ [ -46.758117, -23.651995 ], [ -46.758648, -23.65262 ], [ -46.759412, -23.652216 ], [ -46.758923, -23.651573 ], [ -46.758117, -23.651995 ] ] ] } },
{ "type": "Feature", "properties": { "CD_SETOR": "355030819000158", "faces": 20, "pavimentada": 100.0, "bueiro": 20.0, "iluminacao": 100.0, "onibus": 0.0, "ciclovia": 0.0, "calcada": 100.0, "obstaculo": 95.0, "rampa": 0.0, "rampa_faces": 0.0, "sem_calcada": 0.0, "sem_arvore": 45.0, "muitas_arvores": 0.0, "vao": 100.0, "V05400": 20, "V05421": 20, "V05406": 20, "V05412": 20, "V05422": 0, "V05424": 19, "V05427": 0, "V05409": 4, "V05415": 0, "V05418": 0, "V05430": 9, "V05433": 0, "criancas_0a4": 28, "em_favela": false }, "geometry": { "type": "Polygon", "coordinates": [ [ [ -46.757893, -23.654584 ], [ -46.759653, -23.656074 ], [ -46.760293, -23.655649 ], [ -46.761017, -23.655078 ], [ -46.760601, -23.654794 ], [ -46.759756, -23.653857 ], [ -46.757893, -23.654584 ] ] ] } },
{ "type": "Feature", "properties": { "CD_SETOR": "355030819000159", "faces": 17, "pavimentada": 100.0, "bueiro": 41.18, "iluminacao": 94.12, "onibus": 11.76, "ciclovia": 0.0, "calcada": 88.24, "obstaculo": 86.67, "rampa": 0.0, "rampa_faces": 0.0, "sem_calcada": 11.76, "sem_arvore": 23.53, "muitas_arvores": 11.76, "vao": 100.0, "V05400": 17, "V05421": 15, "V05406": 17, "V05412": 16, "V05422": 2, "V05424": 13, "V05427": 0, "V05409": 7, "V05415": 2, "V05418": 0, "V05430": 4, "V05433": 2, "criancas_0a4": 49, "em_favela": false }, "geometry": { "type": "Polygon", "coordinates": [ [ [ -46.780674, -23.682678 ], [ -46.780745, -23.683381 ], [ -46.780141, -23.683499 ], [ -46.780168, -23.683799 ], [ -46.779557, -23.683729 ], [ -46.779696, -23.685324 ], [ -46.779692, -23.685571 ], [ -46.779648, -23.685572 ], [ -46.780217, -23.686635 ], [ -46.781168, -23.686218 ], [ -46.780592, -23.685798 ], [ -46.780404, -23.68573 ], [ -46.780319, -23.685475 ], [ -46.780259, -23.684876 ], [ -46.781628, -23.68578 ], [ -46.781995, -23.685308 ], [ -46.781057, -23.68469 ], [ -46.780897, -23.684506 ], [ -46.780872, -23.68437 ], [ -46.780933, -23.684097 ], [ -46.781258, -23.683423 ], [ -46.781366, -23.683307 ], [ -46.781312, -23.682771 ], [ -46.781286, -23.682613 ], [ -46.780674, -23.682678 ] ] ] } },
{ "type": "Feature", "properties": { "CD_SETOR": "355030819000160", "faces": 11, "pavimentada": 100.0, "bueiro": 54.55, "iluminacao": 81.82, "onibus": 0.0, "ciclovia": 0.0, "calcada": 72.73, "obstaculo": 100.0, "rampa": 0.0, "rampa_faces": 0.0, "sem_calcada": 27.27, "sem_arvore": 36.36, "muitas_arvores": 18.18, "vao": 100.0, "V05400": 11, "V05421": 8, "V05406": 11, "V05412": 9, "V05422": 3, "V05424": 8, "V05427": 0, "V05409": 6, "V05415": 0, "V05418": 0, "V05430": 4, "V05433": 2, "criancas_0a4": 42, "em_favela": false }, "geometry": { "type": "Polygon", "coordinates": [ [ [ -46.78407, -23.684669 ], [ -46.784219, -23.684637 ], [ -46.784655, -23.685013 ], [ -46.785, -23.684639 ], [ -46.784501, -23.684305 ], [ -46.784607, -23.684178 ], [ -46.78461, -23.68402 ], [ -46.784507, -23.682906 ], [ -46.782707, -23.682876 ], [ -46.78259, -23.683529 ], [ -46.782738, -23.683533 ], [ -46.783497, -23.683202 ], [ -46.783943, -23.683413 ], [ -46.784037, -23.684615 ], [ -46.78407, -23.684669 ] ] ] } },
{ "type": "Feature", "properties": { "CD_SETOR": "355030819000161", "faces": 6, "pavimentada": 100.0, "bueiro": 83.33, "iluminacao": 100.0, "onibus": 0.0, "ciclovia": 0.0, "calcada": 50.0, "obstaculo": 100.0, "rampa": 0.0, "rampa_faces": 0.0, "sem_calcada": 50.0, "sem_arvore": 66.67, "muitas_arvores": 0.0, "vao": 100.0, "V05400": 6, "V05421": 3, "V05406": 6, "V05412": 6, "V05422": 3, "V05424": 3, "V05427": 0, "V05409": 5, "V05415": 0, "V05418": 0, "V05430": 4, "V05433": 0, "criancas_0a4": 12, "em_favela": false }, "geometry": { "type": "Polygon", "coordinates": [ [ [ -46.785335, -23.685456 ], [ -46.784888, -23.686098 ], [ -46.784892, -23.686202 ], [ -46.784978, -23.686336 ], [ -46.785287, -23.686282 ], [ -46.78537, -23.686133 ], [ -46.787149, -23.68468 ], [ -46.78697, -23.68446 ], [ -46.785907, -23.685309 ], [ -46.785769, -23.685138 ], [ -46.785335, -23.685456 ] ] ] } },
{ "type": "Feature", "properties": { "CD_SETOR": "355030819000163", "faces": 14, "pavimentada": 92.86, "bueiro": 64.29, "iluminacao": 92.86, "onibus": 0.0, "ciclovia": 0.0, "calcada": 78.57, "obstaculo": 100.0, "rampa": 0.0, "rampa_faces": 0.0, "sem_calcada": 21.43, "sem_arvore": 50.0, "muitas_arvores": 7.14, "vao": 92.86, "V05400": 14, "V05421": 11, "V05406": 13, "V05412": 13, "V05422": 3, "V05424": 11, "V05427": 0, "V05409": 9, "V05415": 0, "V05418": 0, "V05430": 7, "V05433": 1, "criancas_0a4": 20, "em_favela": false }, "geometry": { "type": "Polygon", "coordinates": [ [ [ -46.787449, -23.682069 ], [ -46.787674, -23.682576 ], [ -46.787713, -23.682813 ], [ -46.787301, -23.683129 ], [ -46.789187, -23.682959 ], [ -46.789185, -23.683233 ], [ -46.789459, -23.682908 ], [ -46.789622, -23.682791 ], [ -46.789716, -23.682588 ], [ -46.789714, -23.682532 ], [ -46.789599, -23.682453 ], [ -46.787743, -23.681543 ], [ -46.787449, -23.682069 ] ] ] } },
{ "type": "Feature", "properties": { "CD_SETOR": "355030819000164", "faces": 20, "pavimentada": 100.0, "bueiro": 50.0, "iluminacao": 100.0, "onibus": 5.0, "ciclovia": 0.0, "calcada": 100.0, "obstaculo": 85.0, "rampa": 0.0, "rampa_faces": 0.0, "sem_calcada": 0.0, "sem_arvore": 40.0, "muitas_arvores": 0.0, "vao": 100.0, "V05400": 20, "V05421": 20, "V05406": 20, "V05412": 20, "V05422": 0, "V05424": 17, "V05427": 0, "V05409": 10, "V05415": 1, "V05418": 0, "V05430": 8, "V05433": 0, "criancas_0a4": 31, "em_favela": false }, "geometry": { "type": "Polygon", "coordinates": [ [ [ -46.787681, -23.679029 ], [ -46.788652, -23.679044 ], [ -46.788662, -23.678409 ], [ -46.789236, -23.6784 ], [ -46.789126, -23.677524 ], [ -46.787649, -23.677496 ], [ -46.787599, -23.678388 ], [ -46.787719, -23.678395 ], [ -46.787681, -23.679029 ] ] ] } },
{ "type": "Feature", "properties": { "CD_SETOR": "355030819000165", "faces": 15, "pavimentada": 93.33, "bueiro": 66.67, "iluminacao": 100.0, "onibus": 33.33, "ciclovia": 0.0, "calcada": 80.0, "obstaculo": 100.0, "rampa": 0.0, "rampa_faces": 0.0, "sem_calcada": 20.0, "sem_arvore": 33.33, "muitas_arvores": 13.33, "vao": 93.33, "V05400": 15, "V05421": 12, "V05406": 14, "V05412": 15, "V05422": 3, "V05424": 12, "V05427": 0, "V05409": 10, "V05415": 5, "V05418": 0, "V05430": 5, "V05433": 2, "criancas_0a4": 55, "em_favela": false }, "geometry": { "type": "Polygon", "coordinates": [ [ [ -46.791485, -23.676166 ], [ -46.789979, -23.680449 ], [ -46.789233, -23.680339 ], [ -46.789224, -23.680779 ], [ -46.789253, -23.681038 ], [ -46.789336, -23.681196 ], [ -46.790311, -23.682212 ], [ -46.790863, -23.683142 ], [ -46.791884, -23.682591 ], [ -46.79187, -23.68246 ], [ -46.791724, -23.682204 ], [ -46.791613, -23.681869 ], [ -46.791645, -23.681428 ], [ -46.791812, -23.681199 ], [ -46.791563, -23.681118 ], [ -46.791228, -23.681198 ], [ -46.791038, -23.681187 ], [ -46.791519, -23.679772 ], [ -46.791493, -23.679613 ], [ -46.791661, -23.679412 ], [ -46.791155, -23.679169 ], [ -46.792117, -23.676644 ], [ -46.792294, -23.676413 ], [ -46.791913, -23.676262 ], [ -46.791485, -23.676166 ] ] ] } },
{ "type": "Feature", "properties": { "CD_SETOR": "355030819000167", "faces": 1, "pavimentada": 100.0, "bueiro": 100.0, "iluminacao": 100.0, "onibus": 100.0, "ciclovia": 0.0, "calcada": 100.0, "obstaculo": 0.0, "rampa": 0.0, "rampa_faces": 0.0, "sem_calcada": 0.0, "sem_arvore": 0.0, "muitas_arvores": 100.0, "vao": 100.0, "V05400": 1, "V05421": 1, "V05406": 1, "V05412": 1, "V05422": 0, "V05424": 0, "V05427": 0, "V05409": 1, "V05415": 1, "V05418": 0, "V05430": 0, "V05433": 1, "criancas_0a4": 17, "em_favela": false }, "geometry": { "type": "Polygon", "coordinates": [ [ [ -46.789236, -23.6784 ], [ -46.789233, -23.680339 ], [ -46.789979, -23.680449 ], [ -46.790592, -23.678638 ], [ -46.789167, -23.677854 ], [ -46.789236, -23.6784 ] ] ] } },
{ "type": "Feature", "properties": { "CD_SETOR": "355030819000168", "faces": 15, "pavimentada": 100.0, "bueiro": 40.0, "iluminacao": 100.0, "onibus": 33.33, "ciclovia": 0.0, "calcada": 86.67, "obstaculo": 100.0, "rampa": 7.69, "rampa_faces": 6.67, "sem_calcada": 13.33, "sem_arvore": 26.67, "muitas_arvores": 53.33, "vao": 93.33, "V05400": 15, "V05421": 13, "V05406": 15, "V05412": 15, "V05422": 2, "V05424": 13, "V05427": 1, "V05409": 6, "V05415": 5, "V05418": 0, "V05430": 4, "V05433": 8, "criancas_0a4": 22, "em_favela": false }, "geometry": { "type": "Polygon", "coordinates": [ [ [ -46.793832, -23.67285 ], [ -46.793466, -23.673091 ], [ -46.793577, -23.673337 ], [ -46.793563, -23.673541 ], [ -46.79311, -23.674524 ], [ -46.793119, -23.675301 ], [ -46.792746, -23.67653 ], [ -46.792878, -23.676684 ], [ -46.792886, -23.676837 ], [ -46.793761, -23.677567 ], [ -46.793957, -23.6775 ], [ -46.794254, -23.677261 ], [ -46.795554, -23.675536 ], [ -46.795665, -23.675329 ], [ -46.795408, -23.675444 ], [ -46.794802, -23.67596 ], [ -46.794839, -23.675606 ], [ -46.794307, -23.675572 ], [ -46.794169, -23.675481 ], [ -46.794049, -23.675494 ], [ -46.79396, -23.675574 ], [ -46.793575, -23.675457 ], [ -46.793621, -23.675024 ], [ -46.793697, -23.674849 ], [ -46.793734, -23.674561 ], [ -46.794421, -23.673087 ], [ -46.794226, -23.673041 ], [ -46.794071, -23.672867 ], [ -46.793985, -23.672835 ], [ -46.793832, -23.67285 ] ] ] } },
{ "type": "Feature", "properties": { "CD_SETOR": "355030819000169", "faces": 24, "pavimentada": 100.0, "bueiro": 83.33, "iluminacao": 95.83, "onibus": 4.17, "ciclovia": 0.0, "calcada": 83.33, "obstaculo": 100.0, "rampa": 0.0, "rampa_faces": 0.0, "sem_calcada": 16.67, "sem_arvore": 29.17, "muitas_arvores": 50.0, "vao": 100.0, "V05400": 24, "V05421": 20, "V05406": 24, "V05412": 23, "V05422": 4, "V05424": 20, "V05427": 0, "V05409": 20, "V05415": 1, "V05418": 0, "V05430": 7, "V05433": 12, "criancas_0a4": 32, "em_favela": false }, "geometry": { "type": "Polygon", "coordinates": [ [ [ -46.793887, -23.675524 ], [ -46.79396, -23.675574 ], [ -46.794049, -23.675494 ], [ -46.794169, -23.675481 ], [ -46.794307, -23.675572 ], [ -46.794839, -23.675606 ], [ -46.794928, -23.675061 ], [ -46.795041, -23.674838 ], [ -46.79544, -23.674477 ], [ -46.795946, -23.674298 ], [ -46.795867, -23.673506 ], [ -46.795719, -23.67356 ], [ -46.795636, -23.673291 ], [ -46.795341, -23.673413 ], [ -46.795144, -23.673416 ], [ -46.794554, -23.674014 ], [ -46.794245, -23.674462 ], [ -46.79412, -23.674818 ], [ -46.793961, -23.675075 ], [ -46.793887, -23.675524 ] ] ] } },
{ "type": "Feature", "properties": { "CD_SETOR": "355030819000170", "faces": 8, "pavimentada": 100.0, "bueiro": 50.0, "iluminacao": 100.0, "onibus": 12.5, "ciclovia": 0.0, "calcada": 62.5, "obstaculo": 100.0, "rampa": 0.0, "rampa_faces": 0.0, "sem_calcada": 37.5, "sem_arvore": 75.0, "muitas_arvores": 0.0, "vao": 100.0, "V05400": 8, "V05421": 5, "V05406": 8, "V05412": 8, "V05422": 3, "V05424": 5, "V05427": 0, "V05409": 4, "V05415": 1, "V05418": 0, "V05430": 6, "V05433": 0, "criancas_0a4": 14, "em_favela": true }, "geometry": { "type": "Polygon", "coordinates": [ [ [ -46.794421, -23.673087 ], [ -46.793734, -23.674561 ], [ -46.793697, -23.674849 ], [ -46.793621, -23.675024 ], [ -46.793575, -23.675457 ], [ -46.793738, -23.675531 ], [ -46.793887, -23.675524 ], [ -46.793961, -23.675075 ], [ -46.79412, -23.674818 ], [ -46.794322, -23.67433 ], [ -46.794914, -23.673612 ], [ -46.795144, -23.673416 ], [ -46.795269, -23.673427 ], [ -46.795151, -23.673199 ], [ -46.795204, -23.673162 ], [ -46.794854, -23.672849 ], [ -46.794421, -23.673087 ] ] ] } },
{ "type": "Feature", "properties": { "CD_SETOR": "355030819000171", "faces": 4, "pavimentada": 100.0, "bueiro": 50.0, "iluminacao": 100.0, "onibus": 0.0, "ciclovia": 0.0, "calcada": 75.0, "obstaculo": 100.0, "rampa": 0.0, "rampa_faces": 0.0, "sem_calcada": 25.0, "sem_arvore": 0.0, "muitas_arvores": 50.0, "vao": 100.0, "V05400": 4, "V05421": 3, "V05406": 4, "V05412": 4, "V05422": 1, "V05424": 3, "V05427": 0, "V05409": 2, "V05415": 0, "V05418": 0, "V05430": 0, "V05433": 2, "criancas_0a4": 9, "em_favela": false }, "geometry": { "type": "Polygon", "coordinates": [ [ [ -46.795972, -23.672702 ], [ -46.796333, -23.672229 ], [ -46.796261, -23.67186 ], [ -46.796111, -23.671502 ], [ -46.795924, -23.671494 ], [ -46.795431, -23.671692 ], [ -46.795972, -23.672702 ] ] ] } },
{ "type": "Feature", "properties": { "CD_SETOR": "355030819000172", "faces": 9, "pavimentada": 100.0, "bueiro": 55.56, "iluminacao": 100.0, "onibus": 11.11, "ciclovia": 0.0, "calcada": 77.78, "obstaculo": 100.0, "rampa": 0.0, "rampa_faces": 0.0, "sem_calcada": 22.22, "sem_arvore": 22.22, "muitas_arvores": 33.33, "vao": 100.0, "V05400": 9, "V05421": 7, "V05406": 9, "V05412": 9, "V05422": 2, "V05424": 7, "V05427": 0, "V05409": 5, "V05415": 1, "V05418": 0, "V05430": 2, "V05433": 3, "criancas_0a4": 61, "em_favela": false }, "geometry": { "type": "Polygon", "coordinates": [ [ [ -46.793462, -23.658655 ], [ -46.792632, -23.660126 ], [ -46.792417, -23.660348 ], [ -46.793947, -23.661169 ], [ -46.794234, -23.661207 ], [ -46.794317, -23.661118 ], [ -46.793981, -23.660492 ], [ -46.793937, -23.660289 ], [ -46.793968, -23.660244 ], [ -46.794173, -23.6602 ], [ -46.794372, -23.659885 ], [ -46.794341, -23.659502 ], [ -46.794203, -23.659195 ], [ -46.794096, -23.659035 ], [ -46.793847, -23.658835 ], [ -46.793644, -23.658491 ], [ -46.793495, -23.658407 ], [ -46.793462, -23.658655 ] ] ] } },
{ "type": "Feature", "properties": { "CD_SETOR": "355030819000173", "faces": 12, "pavimentada": 100.0, "bueiro": 25.0, "iluminacao": 100.0, "onibus": 0.0, "ciclovia": 8.33, "calcada": 91.67, "obstaculo": 100.0, "rampa": 0.0, "rampa_faces": 0.0, "sem_calcada": 8.33, "sem_arvore": 83.33, "muitas_arvores": 0.0, "vao": 100.0, "V05400": 12, "V05421": 11, "V05406": 12, "V05412": 12, "V05422": 1, "V05424": 11, "V05427": 0, "V05409": 3, "V05415": 0, "V05418": 1, "V05430": 10, "V05433": 0, "criancas_0a4": 33, "em_favela": false }, "geometry": { "type": "Polygon", "coordinates": [ [ [ -46.791832, -23.656347 ], [ -46.790281, -23.657339 ], [ -46.790564, -23.657397 ], [ -46.790792, -23.657547 ], [ -46.791991, -23.656794 ], [ -46.7922, -23.65739 ], [ -46.792659, -23.657452 ], [ -46.792664, -23.657554 ], [ -46.793158, -23.657967 ], [ -46.793101, -23.657066 ], [ -46.792724, -23.656081 ], [ -46.791832, -23.656347 ] ] ] } },
{ "type": "Feature", "properties": { "CD_SETOR": "355030819000175", "faces": 10, "pavimentada": 100.0, "bueiro": 40.0, "iluminacao": 100.0, "onibus": 10.0, "ciclovia": 0.0, "calcada": 70.0, "obstaculo": 100.0, "rampa": 0.0, "rampa_faces": 0.0, "sem_calcada": 30.0, "sem_arvore": 40.0, "muitas_arvores": 10.0, "vao": 100.0, "V05400": 10, "V05421": 7, "V05406": 10, "V05412": 10, "V05422": 3, "V05424": 7, "V05427": 0, "V05409": 4, "V05415": 1, "V05418": 0, "V05430": 4, "V05433": 1, "criancas_0a4": 49, "em_favela": false }, "geometry": { "type": "Polygon", "coordinates": [ [ [ -46.790981, -23.651972 ], [ -46.792135, -23.655789 ], [ -46.79263, -23.655784 ], [ -46.791607, -23.652322 ], [ -46.791412, -23.652118 ], [ -46.790981, -23.651972 ] ] ] } },
{ "type": "Feature", "properties": { "CD_SETOR": "355030819000176", "faces": 29, "pavimentada": 100.0, "bueiro": 13.79, "iluminacao": 51.72, "onibus": 10.34, "ciclovia": 0.0, "calcada": 41.38, "obstaculo": 91.67, "rampa": 0.0, "rampa_faces": 0.0, "sem_calcada": 58.62, "sem_arvore": 89.66, "muitas_arvores": 0.0, "vao": 100.0, "V05400": 29, "V05421": 12, "V05406": 29, "V05412": 15, "V05422": 17, "V05424": 11, "V05427": 0, "V05409": 4, "V05415": 3, "V05418": 0, "V05430": 26, "V05433": 0, "criancas_0a4": 40, "em_favela": true }, "geometry": { "type": "Polygon", "coordinates": [ [ [ -46.790641, -23.651713 ], [ -46.790981, -23.651972 ], [ -46.791482, -23.652162 ], [ -46.791607, -23.652322 ], [ -46.79263, -23.655784 ], [ -46.792951, -23.655788 ], [ -46.793047, -23.655673 ], [ -46.793048, -23.655561 ], [ -46.792757, -23.654833 ], [ -46.79245, -23.65376 ], [ -46.791897, -23.652147 ], [ -46.791886, -23.651741 ], [ -46.792064, -23.651385 ], [ -46.790995, -23.651006 ], [ -46.790797, -23.651344 ], [ -46.790633, -23.651445 ], [ -46.790641, -23.651713 ] ] ] } },
{ "type": "Feature", "properties": { "CD_SETOR": "355030819000177", "faces": 9, "pavimentada": 100.0, "bueiro": 55.56, "iluminacao": 100.0, "onibus": 33.33, "ciclovia": 0.0, "calcada": 100.0, "obstaculo": 55.56, "rampa": 0.0, "rampa_faces": 0.0, "sem_calcada": 0.0, "sem_arvore": 11.11, "muitas_arvores": 33.33, "vao": 100.0, "V05400": 9, "V05421": 9, "V05406": 9, "V05412": 9, "V05422": 0, "V05424": 5, "V05427": 0, "V05409": 5, "V05415": 3, "V05418": 0, "V05430": 1, "V05433": 3, "criancas_0a4": 27, "em_favela": false }, "geometry": { "type": "Polygon", "coordinates": [ [ [ -46.787332, -23.651665 ], [ -46.787321, -23.651942 ], [ -46.787817, -23.651973 ], [ -46.788047, -23.652548 ], [ -46.788462, -23.652363 ], [ -46.788489, -23.652473 ], [ -46.78929, -23.652155 ], [ -46.788791, -23.651133 ], [ -46.787811, -23.651521 ], [ -46.787553, -23.651601 ], [ -46.787418, -23.65159 ], [ -46.787332, -23.651665 ] ] ] } },
{ "type": "Feature", "properties": { "CD_SETOR": "355030819000178", "faces": 1, "pavimentada": 100.0, "bueiro": 0.0, "iluminacao": 100.0, "onibus": 0.0, "ciclovia": 0.0, "calcada": 0.0, "obstaculo": null, "rampa": null, "rampa_faces": 0.0, "sem_calcada": 100.0, "sem_arvore": 0.0, "muitas_arvores": 100.0, "vao": 100.0, "V05400": 1, "V05421": 0, "V05406": 1, "V05412": 1, "V05422": 1, "V05424": 0, "V05427": 0, "V05409": 0, "V05415": 0, "V05418": 0, "V05430": 0, "V05433": 1, "criancas_0a4": 32, "em_favela": false }, "geometry": { "type": "Polygon", "coordinates": [ [ [ -46.787321, -23.651942 ], [ -46.786784, -23.652355 ], [ -46.787584, -23.65299 ], [ -46.788047, -23.652548 ], [ -46.787817, -23.651973 ], [ -46.787321, -23.651942 ] ] ] } },
{ "type": "Feature", "properties": { "CD_SETOR": "355030819000179", "faces": 3, "pavimentada": 100.0, "bueiro": 33.33, "iluminacao": 100.0, "onibus": 0.0, "ciclovia": 0.0, "calcada": 33.33, "obstaculo": 100.0, "rampa": 0.0, "rampa_faces": 0.0, "sem_calcada": 66.67, "sem_arvore": 66.67, "muitas_arvores": 0.0, "vao": 100.0, "V05400": 3, "V05421": 1, "V05406": 3, "V05412": 3, "V05422": 2, "V05424": 1, "V05427": 0, "V05409": 1, "V05415": 0, "V05418": 0, "V05430": 2, "V05433": 0, "criancas_0a4": 28, "em_favela": false }, "geometry": { "type": "Polygon", "coordinates": [ [ [ -46.785916, -23.651847 ], [ -46.78651, -23.652152 ], [ -46.786784, -23.652355 ], [ -46.787321, -23.651942 ], [ -46.787332, -23.651665 ], [ -46.787054, -23.651521 ], [ -46.786527, -23.651105 ], [ -46.785916, -23.651847 ] ] ] } },
{ "type": "Feature", "properties": { "CD_SETOR": "355030819000180", "faces": 19, "pavimentada": 89.47, "bueiro": 84.21, "iluminacao": 89.47, "onibus": 15.79, "ciclovia": 0.0, "calcada": 52.63, "obstaculo": 100.0, "rampa": 20.0, "rampa_faces": 10.53, "sem_calcada": 36.84, "sem_arvore": 31.58, "muitas_arvores": 26.32, "vao": 78.95, "V05400": 19, "V05421": 10, "V05406": 17, "V05412": 17, "V05422": 7, "V05424": 10, "V05427": 2, "V05409": 16, "V05415": 3, "V05418": 0, "V05430": 6, "V05433": 5, "criancas_0a4": 43, "em_favela": false }, "geometry": { "type": "Polygon", "coordinates": [ [ [ -46.783646, -23.650473 ], [ -46.783844, -23.650723 ], [ -46.784268, -23.650997 ], [ -46.784795, -23.651061 ], [ -46.785066, -23.651019 ], [ -46.785526, -23.650835 ], [ -46.786283, -23.650441 ], [ -46.786079, -23.650036 ], [ -46.787395, -23.649375 ], [ -46.786691, -23.649062 ], [ -46.786414, -23.64932 ], [ -46.784603, -23.650248 ], [ -46.78383, -23.650483 ], [ -46.783646, -23.650473 ] ] ] } },
{ "type": "Feature", "properties": { "CD_SETOR": "355030819000182", "faces": 37, "pavimentada": 100.0, "bueiro": 29.73, "iluminacao": 100.0, "onibus": 10.81, "ciclovia": 5.41, "calcada": 100.0, "obstaculo": 56.76, "rampa": 18.92, "rampa_faces": 18.92, "sem_calcada": 0.0, "sem_arvore": 59.46, "muitas_arvores": 13.51, "vao": 81.08, "V05400": 37, "V05421": 37, "V05406": 37, "V05412": 37, "V05422": 0, "V05424": 21, "V05427": 7, "V05409": 11, "V05415": 4, "V05418": 2, "V05430": 22, "V05433": 5, "criancas_0a4": 14, "em_favela": false }, "geometry": { "type": "Polygon", "coordinates": [ [ [ -46.752932, -23.648912 ], [ -46.752698, -23.649056 ], [ -46.753145, -23.650614 ], [ -46.753231, -23.650495 ], [ -46.753546, -23.650461 ], [ -46.753974, -23.650059 ], [ -46.754289, -23.650412 ], [ -46.754358, -23.650408 ], [ -46.755758, -23.651418 ], [ -46.755452, -23.651647 ], [ -46.755817, -23.652049 ], [ -46.756502, -23.651562 ], [ -46.757189, -23.652334 ], [ -46.75794, -23.651777 ], [ -46.757121, -23.650871 ], [ -46.755017, -23.649199 ], [ -46.75457, -23.648992 ], [ -46.754041, -23.648873 ], [ -46.753393, -23.648858 ], [ -46.752932, -23.648912 ] ] ] } },
{ "type": "Feature", "properties": { "CD_SETOR": "355030819000184", "faces": 11, "pavimentada": 100.0, "bueiro": 18.18, "iluminacao": 100.0, "onibus": 9.09, "ciclovia": 0.0, "calcada": 81.82, "obstaculo": 77.78, "rampa": 0.0, "rampa_faces": 0.0, "sem_calcada": 18.18, "sem_arvore": 72.73, "muitas_arvores": 18.18, "vao": 100.0, "V05400": 11, "V05421": 9, "V05406": 11, "V05412": 11, "V05422": 2, "V05424": 7, "V05427": 0, "V05409": 2, "V05415": 1, "V05418": 0, "V05430": 8, "V05433": 2, "criancas_0a4": 3, "em_favela": false }, "geometry": { "type": "Polygon", "coordinates": [ [ [ -46.754166, -23.651487 ], [ -46.754759, -23.652126 ], [ -46.755758, -23.651418 ], [ -46.755087, -23.650929 ], [ -46.754166, -23.651487 ] ] ] } },
{ "type": "Feature", "properties": { "CD_SETOR": "355030819000185", "faces": 17, "pavimentada": 100.0, "bueiro": 58.82, "iluminacao": 58.82, "onibus": 0.0, "ciclovia": 0.0, "calcada": 52.94, "obstaculo": 88.89, "rampa": 0.0, "rampa_faces": 0.0, "sem_calcada": 47.06, "sem_arvore": 100.0, "muitas_arvores": 0.0, "vao": 100.0, "V05400": 17, "V05421": 9, "V05406": 17, "V05412": 10, "V05422": 8, "V05424": 8, "V05427": 0, "V05409": 10, "V05415": 0, "V05418": 0, "V05430": 17, "V05433": 0, "criancas_0a4": 62, "em_favela": true }, "geometry": { "type": "Polygon", "coordinates": [ [ [ -46.754166, -23.651487 ], [ -46.753812, -23.651686 ], [ -46.753558, -23.65172 ], [ -46.753773, -23.651929 ], [ -46.754086, -23.652412 ], [ -46.754227, -23.652767 ], [ -46.754711, -23.653548 ], [ -46.754763, -23.654103 ], [ -46.754837, -23.654212 ], [ -46.754907, -23.654203 ], [ -46.755021, -23.654071 ], [ -46.755123, -23.653667 ], [ -46.754639, -23.652363 ], [ -46.754641, -23.652196 ], [ -46.754703, -23.652062 ], [ -46.754166, -23.651487 ] ] ] } },
{ "type": "Feature", "properties": { "CD_SETOR": "355030819000186", "faces": 1, "pavimentada": 100.0, "bueiro": 0.0, "iluminacao": 100.0, "onibus": 0.0, "ciclovia": 0.0, "calcada": 100.0, "obstaculo": 100.0, "rampa": 0.0, "rampa_faces": 0.0, "sem_calcada": 0.0, "sem_arvore": 0.0, "muitas_arvores": 0.0, "vao": 100.0, "V05400": 1, "V05421": 1, "V05406": 1, "V05412": 1, "V05422": 0, "V05424": 1, "V05427": 0, "V05409": 0, "V05415": 0, "V05418": 0, "V05430": 0, "V05433": 0, "criancas_0a4": 0, "em_favela": true }, "geometry": { "type": "Polygon", "coordinates": [ [ [ -46.756122, -23.656234 ], [ -46.756314, -23.656582 ], [ -46.756652, -23.656948 ], [ -46.756755, -23.657122 ], [ -46.757044, -23.65699 ], [ -46.756821, -23.656544 ], [ -46.756421, -23.656036 ], [ -46.756122, -23.656234 ] ] ] } },
{ "type": "Feature", "properties": { "CD_SETOR": "355030819000187", "faces": 9, "pavimentada": 100.0, "bueiro": 55.56, "iluminacao": 100.0, "onibus": 0.0, "ciclovia": 0.0, "calcada": 66.67, "obstaculo": 100.0, "rampa": 0.0, "rampa_faces": 0.0, "sem_calcada": 33.33, "sem_arvore": 66.67, "muitas_arvores": 0.0, "vao": 100.0, "V05400": 9, "V05421": 6, "V05406": 9, "V05412": 9, "V05422": 3, "V05424": 6, "V05427": 0, "V05409": 5, "V05415": 0, "V05418": 0, "V05430": 6, "V05433": 0, "criancas_0a4": 21, "em_favela": false }, "geometry": { "type": "Polygon", "coordinates": [ [ [ -46.784978, -23.686336 ], [ -46.785158, -23.686886 ], [ -46.78445, -23.687277 ], [ -46.78486, -23.687663 ], [ -46.786081, -23.687024 ], [ -46.785967, -23.686813 ], [ -46.785886, -23.686487 ], [ -46.785588, -23.686434 ], [ -46.785287, -23.686282 ], [ -46.784978, -23.686336 ] ] ] } },
{ "type": "Feature", "properties": { "CD_SETOR": "355030819000188", "faces": 14, "pavimentada": 100.0, "bueiro": 35.71, "iluminacao": 100.0, "onibus": 7.14, "ciclovia": 0.0, "calcada": 100.0, "obstaculo": 100.0, "rampa": 0.0, "rampa_faces": 0.0, "sem_calcada": 0.0, "sem_arvore": 64.29, "muitas_arvores": 0.0, "vao": 100.0, "V05400": 14, "V05421": 14, "V05406": 14, "V05412": 14, "V05422": 0, "V05424": 14, "V05427": 0, "V05409": 5, "V05415": 1, "V05418": 0, "V05430": 9, "V05433": 0, "criancas_0a4": 34, "em_favela": false }, "geometry": { "type": "Polygon", "coordinates": [ [ [ -46.789391, -23.684255 ], [ -46.788238, -23.684765 ], [ -46.787424, -23.685184 ], [ -46.788504, -23.685171 ], [ -46.788831, -23.685251 ], [ -46.789252, -23.685431 ], [ -46.78962, -23.685741 ], [ -46.789732, -23.685898 ], [ -46.789956, -23.686682 ], [ -46.790341, -23.685615 ], [ -46.790474, -23.684936 ], [ -46.79071, -23.685167 ], [ -46.790859, -23.685463 ], [ -46.79098, -23.685553 ], [ -46.791031, -23.68533 ], [ -46.79103, -23.685061 ], [ -46.790932, -23.684578 ], [ -46.79064, -23.683535 ], [ -46.78991, -23.683903 ], [ -46.790187, -23.684111 ], [ -46.790364, -23.684733 ], [ -46.790201, -23.68469 ], [ -46.789391, -23.684255 ] ] ] } },
{ "type": "Feature", "properties": { "CD_SETOR": "355030819000189", "faces": 19, "pavimentada": 89.47, "bueiro": 42.11, "iluminacao": 89.47, "onibus": 10.53, "ciclovia": 0.0, "calcada": 84.21, "obstaculo": 93.75, "rampa": 0.0, "rampa_faces": 0.0, "sem_calcada": 5.26, "sem_arvore": 31.58, "muitas_arvores": 5.26, "vao": 89.47, "V05400": 19, "V05421": 16, "V05406": 17, "V05412": 17, "V05422": 1, "V05424": 15, "V05427": 0, "V05409": 8, "V05415": 2, "V05418": 0, "V05430": 6, "V05433": 1, "criancas_0a4": 48, "em_favela": false }, "geometry": { "type": "Polygon", "coordinates": [ [ [ -46.787424, -23.685184 ], [ -46.785902, -23.685837 ], [ -46.78572, -23.685877 ], [ -46.78537, -23.686133 ], [ -46.785287, -23.686282 ], [ -46.785588, -23.686434 ], [ -46.785886, -23.686487 ], [ -46.785967, -23.686813 ], [ -46.786081, -23.687024 ], [ -46.786698, -23.686696 ], [ -46.788698, -23.6858 ], [ -46.788931, -23.685769 ], [ -46.789116, -23.685371 ], [ -46.788504, -23.685171 ], [ -46.787424, -23.685184 ] ] ] } },
{ "type": "Feature", "properties": { "CD_SETOR": "355030819000190", "faces": 11, "pavimentada": 100.0, "bueiro": 54.55, "iluminacao": 100.0, "onibus": 18.18, "ciclovia": 0.0, "calcada": 100.0, "obstaculo": 100.0, "rampa": 0.0, "rampa_faces": 0.0, "sem_calcada": 0.0, "sem_arvore": 54.55, "muitas_arvores": 0.0, "vao": 100.0, "V05400": 11, "V05421": 11, "V05406": 11, "V05412": 11, "V05422": 0, "V05424": 11, "V05427": 0, "V05409": 6, "V05415": 2, "V05418": 0, "V05430": 6, "V05433": 0, "criancas_0a4": 20, "em_favela": false }, "geometry": { "type": "Polygon", "coordinates": [ [ [ -46.791884, -23.682591 ], [ -46.790863, -23.683142 ], [ -46.790964, -23.683332 ], [ -46.791009, -23.68341 ], [ -46.791146, -23.683415 ], [ -46.791426, -23.683299 ], [ -46.791715, -23.683652 ], [ -46.792304, -23.684661 ], [ -46.792758, -23.684927 ], [ -46.793022, -23.684999 ], [ -46.793157, -23.684985 ], [ -46.792663, -23.684713 ], [ -46.79245, -23.684473 ], [ -46.792403, -23.684358 ], [ -46.792475, -23.684172 ], [ -46.792611, -23.684033 ], [ -46.793049, -23.683891 ], [ -46.793219, -23.683342 ], [ -46.792799, -23.68302 ], [ -46.792067, -23.682588 ], [ -46.791884, -23.682591 ] ] ] } },
{ "type": "Feature", "properties": { "CD_SETOR": "355030819000192", "faces": 14, "pavimentada": 100.0, "bueiro": 28.57, "iluminacao": 100.0, "onibus": 21.43, "ciclovia": 0.0, "calcada": 100.0, "obstaculo": 100.0, "rampa": 7.14, "rampa_faces": 7.14, "sem_calcada": 0.0, "sem_arvore": 28.57, "muitas_arvores": 42.86, "vao": 92.86, "V05400": 14, "V05421": 14, "V05406": 14, "V05412": 14, "V05422": 0, "V05424": 14, "V05427": 1, "V05409": 4, "V05415": 3, "V05418": 0, "V05430": 4, "V05433": 6, "criancas_0a4": 25, "em_favela": false }, "geometry": { "type": "Polygon", "coordinates": [ [ [ -46.795946, -23.674298 ], [ -46.79544, -23.674477 ], [ -46.795041, -23.674838 ], [ -46.794863, -23.675312 ], [ -46.794802, -23.67596 ], [ -46.795408, -23.675444 ], [ -46.795665, -23.675329 ], [ -46.795554, -23.675536 ], [ -46.794254, -23.677261 ], [ -46.793957, -23.6775 ], [ -46.793761, -23.677567 ], [ -46.794829, -23.678603 ], [ -46.795544, -23.679191 ], [ -46.795908, -23.677682 ], [ -46.795607, -23.677142 ], [ -46.795593, -23.676668 ], [ -46.796093, -23.675984 ], [ -46.796141, -23.675847 ], [ -46.796056, -23.675528 ], [ -46.795725, -23.675307 ], [ -46.79651, -23.674316 ], [ -46.795946, -23.674298 ] ] ] } },
{ "type": "Feature", "properties": { "CD_SETOR": "355030819000194", "faces": 4, "pavimentada": 100.0, "bueiro": 100.0, "iluminacao": 100.0, "onibus": 25.0, "ciclovia": 0.0, "calcada": 100.0, "obstaculo": 100.0, "rampa": 0.0, "rampa_faces": 0.0, "sem_calcada": 0.0, "sem_arvore": 25.0, "muitas_arvores": 25.0, "vao": 100.0, "V05400": 4, "V05421": 4, "V05406": 4, "V05412": 4, "V05422": 0, "V05424": 4, "V05427": 0, "V05409": 4, "V05415": 1, "V05418": 0, "V05430": 1, "V05433": 1, "criancas_0a4": 16, "em_favela": true }, "geometry": { "type": "Polygon", "coordinates": [ [ [ -46.796921, -23.673906 ], [ -46.797474, -23.674495 ], [ -46.79828, -23.675542 ], [ -46.798378, -23.675801 ], [ -46.798411, -23.676057 ], [ -46.798418, -23.676658 ], [ -46.798732, -23.677078 ], [ -46.798894, -23.67688 ], [ -46.798748, -23.676754 ], [ -46.798619, -23.675974 ], [ -46.798609, -23.675431 ], [ -46.798497, -23.675063 ], [ -46.798391, -23.674915 ], [ -46.797453, -23.674116 ], [ -46.797297, -23.673928 ], [ -46.797174, -23.673648 ], [ -46.796921, -23.673906 ] ] ] } },
{ "type": "Feature", "properties": { "CD_SETOR": "355030819000195", "faces": 14, "pavimentada": 100.0, "bueiro": 42.86, "iluminacao": 100.0, "onibus": 28.57, "ciclovia": 0.0, "calcada": 71.43, "obstaculo": 100.0, "rampa": 10.0, "rampa_faces": 7.14, "sem_calcada": 28.57, "sem_arvore": 35.71, "muitas_arvores": 42.86, "vao": 92.86, "V05400": 14, "V05421": 10, "V05406": 14, "V05412": 14, "V05422": 4, "V05424": 10, "V05427": 1, "V05409": 6, "V05415": 4, "V05418": 0, "V05430": 5, "V05433": 6, "criancas_0a4": 38, "em_favela": false }, "geometry": { "type": "Polygon", "coordinates": [ [ [ -46.790553, -23.649697 ], [ -46.789763, -23.651242 ], [ -46.789016, -23.651565 ], [ -46.78929, -23.652155 ], [ -46.790396, -23.651732 ], [ -46.790641, -23.651713 ], [ -46.790633, -23.651445 ], [ -46.790766, -23.651378 ], [ -46.790905, -23.651187 ], [ -46.7917, -23.649587 ], [ -46.790553, -23.649697 ] ] ] } },
{ "type": "Feature", "properties": { "CD_SETOR": "355030819000197", "faces": 10, "pavimentada": 100.0, "bueiro": 30.0, "iluminacao": 100.0, "onibus": 10.0, "ciclovia": 0.0, "calcada": 90.0, "obstaculo": 66.67, "rampa": 44.44, "rampa_faces": 40.0, "sem_calcada": 10.0, "sem_arvore": 40.0, "muitas_arvores": 40.0, "vao": 60.0, "V05400": 10, "V05421": 9, "V05406": 10, "V05412": 10, "V05422": 1, "V05424": 6, "V05427": 4, "V05409": 3, "V05415": 1, "V05418": 0, "V05430": 4, "V05433": 4, "criancas_0a4": 4, "em_favela": false }, "geometry": { "type": "Polygon", "coordinates": [ [ [ -46.789192, -23.648589 ], [ -46.789206, -23.648901 ], [ -46.790069, -23.648541 ], [ -46.790821, -23.647715 ], [ -46.79053, -23.647476 ], [ -46.790218, -23.647303 ], [ -46.789719, -23.647163 ], [ -46.789192, -23.648589 ] ] ] } },
{ "type": "Feature", "properties": { "CD_SETOR": "355030819000198", "faces": 19, "pavimentada": 94.74, "bueiro": 57.89, "iluminacao": 94.74, "onibus": 47.37, "ciclovia": 0.0, "calcada": 63.16, "obstaculo": 100.0, "rampa": 8.33, "rampa_faces": 5.26, "sem_calcada": 36.84, "sem_arvore": 42.11, "muitas_arvores": 47.37, "vao": 89.47, "V05400": 19, "V05421": 12, "V05406": 18, "V05412": 18, "V05422": 7, "V05424": 12, "V05427": 1, "V05409": 11, "V05415": 9, "V05418": 0, "V05430": 8, "V05433": 9, "criancas_0a4": 31, "em_favela": false }, "geometry": { "type": "Polygon", "coordinates": [ [ [ -46.790278, -23.68822 ], [ -46.790507, -23.688301 ], [ -46.790638, -23.688285 ], [ -46.791344, -23.688817 ], [ -46.79148, -23.688418 ], [ -46.791803, -23.688715 ], [ -46.792218, -23.688564 ], [ -46.791929, -23.688226 ], [ -46.792425, -23.687995 ], [ -46.792612, -23.688303 ], [ -46.79274, -23.688406 ], [ -46.793567, -23.687644 ], [ -46.793763, -23.687585 ], [ -46.793857, -23.686386 ], [ -46.792956, -23.686503 ], [ -46.792771, -23.686654 ], [ -46.792453, -23.68657 ], [ -46.792567, -23.686075 ], [ -46.79095, -23.685681 ], [ -46.790955, -23.685916 ], [ -46.790547, -23.687101 ], [ -46.790314, -23.687934 ], [ -46.790278, -23.68822 ] ] ] } },
{ "type": "Feature", "properties": { "CD_SETOR": "355030819000201", "faces": 2, "pavimentada": 100.0, "bueiro": 100.0, "iluminacao": 100.0, "onibus": 50.0, "ciclovia": 0.0, "calcada": 100.0, "obstaculo": 50.0, "rampa": 50.0, "rampa_faces": 50.0, "sem_calcada": 0.0, "sem_arvore": 50.0, "muitas_arvores": 0.0, "vao": 50.0, "V05400": 2, "V05421": 2, "V05406": 2, "V05412": 2, "V05422": 0, "V05424": 1, "V05427": 1, "V05409": 2, "V05415": 1, "V05418": 0, "V05430": 1, "V05433": 0, "criancas_0a4": 20, "em_favela": false }, "geometry": { "type": "Polygon", "coordinates": [ [ [ -46.795225, -23.685604 ], [ -46.795284, -23.685849 ], [ -46.795539, -23.685939 ], [ -46.795657, -23.686208 ], [ -46.796113, -23.686306 ], [ -46.796393, -23.686247 ], [ -46.796396, -23.686725 ], [ -46.796989, -23.686773 ], [ -46.796985, -23.686388 ], [ -46.796618, -23.685497 ], [ -46.795225, -23.685604 ] ] ] } },
{ "type": "Feature", "properties": { "CD_SETOR": "355030819000202", "faces": 15, "pavimentada": 100.0, "bueiro": 73.33, "iluminacao": 100.0, "onibus": 0.0, "ciclovia": 0.0, "calcada": 80.0, "obstaculo": 58.33, "rampa": 0.0, "rampa_faces": 0.0, "sem_calcada": 20.0, "sem_arvore": 73.33, "muitas_arvores": 0.0, "vao": 100.0, "V05400": 15, "V05421": 12, "V05406": 15, "V05412": 15, "V05422": 3, "V05424": 7, "V05427": 0, "V05409": 11, "V05415": 0, "V05418": 0, "V05430": 11, "V05433": 0, "criancas_0a4": 15, "em_favela": false }, "geometry": { "type": "Polygon", "coordinates": [ [ [ -46.795545, -23.682682 ], [ -46.795452, -23.682819 ], [ -46.795378, -23.683321 ], [ -46.795499, -23.684827 ], [ -46.795429, -23.684981 ], [ -46.795308, -23.685075 ], [ -46.794907, -23.68512 ], [ -46.795119, -23.685267 ], [ -46.795626, -23.685431 ], [ -46.79574, -23.685387 ], [ -46.795828, -23.685286 ], [ -46.796072, -23.684765 ], [ -46.79601, -23.683677 ], [ -46.796131, -23.683694 ], [ -46.796844, -23.684735 ], [ -46.796916, -23.684738 ], [ -46.797051, -23.684568 ], [ -46.797188, -23.684353 ], [ -46.797194, -23.684258 ], [ -46.79656, -23.683269 ], [ -46.796955, -23.683057 ], [ -46.79732, -23.682969 ], [ -46.797223, -23.682444 ], [ -46.796845, -23.681859 ], [ -46.796143, -23.682349 ], [ -46.795545, -23.682682 ] ] ] } },
{ "type": "Feature", "properties": { "CD_SETOR": "355030819000204", "faces": 15, "pavimentada": 100.0, "bueiro": 66.67, "iluminacao": 86.67, "onibus": 13.33, "ciclovia": 0.0, "calcada": 93.33, "obstaculo": 71.43, "rampa": 0.0, "rampa_faces": 0.0, "sem_calcada": 6.67, "sem_arvore": 46.67, "muitas_arvores": 20.0, "vao": 100.0, "V05400": 15, "V05421": 14, "V05406": 15, "V05412": 13, "V05422": 1, "V05424": 10, "V05427": 0, "V05409": 10, "V05415": 2, "V05418": 0, "V05430": 7, "V05433": 3, "criancas_0a4": 29, "em_favela": false }, "geometry": { "type": "Polygon", "coordinates": [ [ [ -46.798762, -23.681337 ], [ -46.798186, -23.681635 ], [ -46.798082, -23.681829 ], [ -46.798015, -23.682439 ], [ -46.798054, -23.682848 ], [ -46.798158, -23.683048 ], [ -46.798322, -23.683219 ], [ -46.798764, -23.683462 ], [ -46.798297, -23.684004 ], [ -46.798997, -23.684359 ], [ -46.80068, -23.685446 ], [ -46.800539, -23.685159 ], [ -46.800415, -23.684338 ], [ -46.800424, -23.68417 ], [ -46.800642, -23.683901 ], [ -46.799661, -23.683236 ], [ -46.798971, -23.682917 ], [ -46.798781, -23.682771 ], [ -46.798657, -23.682532 ], [ -46.798593, -23.68195 ], [ -46.798608, -23.681659 ], [ -46.798762, -23.681337 ] ] ] } },
{ "type": "Feature", "properties": { "CD_SETOR": "355030819000205", "faces": 22, "pavimentada": 86.36, "bueiro": 68.18, "iluminacao": 95.45, "onibus": 4.55, "ciclovia": 9.09, "calcada": 54.55, "obstaculo": 50.0, "rampa": 0.0, "rampa_faces": 0.0, "sem_calcada": 45.45, "sem_arvore": 77.27, "muitas_arvores": 0.0, "vao": 86.36, "V05400": 22, "V05421": 12, "V05406": 19, "V05412": 21, "V05422": 10, "V05424": 6, "V05427": 0, "V05409": 15, "V05415": 1, "V05418": 2, "V05430": 17, "V05433": 0, "criancas_0a4": 35, "em_favela": true }, "geometry": { "type": "Polygon", "coordinates": [ [ [ -46.799589, -23.681855 ], [ -46.799719, -23.682051 ], [ -46.799815, -23.683111 ], [ -46.799797, -23.68332 ], [ -46.800642, -23.683901 ], [ -46.800977, -23.683517 ], [ -46.800477, -23.682908 ], [ -46.800443, -23.682499 ], [ -46.800355, -23.682253 ], [ -46.800117, -23.681995 ], [ -46.800028, -23.681688 ], [ -46.799883, -23.681553 ], [ -46.799589, -23.681855 ] ] ] } },
{ "type": "Feature", "properties": { "CD_SETOR": "355030819000209", "faces": 26, "pavimentada": 100.0, "bueiro": 73.08, "iluminacao": 100.0, "onibus": 46.15, "ciclovia": 3.85, "calcada": 100.0, "obstaculo": 42.31, "rampa": 3.85, "rampa_faces": 3.85, "sem_calcada": 0.0, "sem_arvore": 53.85, "muitas_arvores": 15.38, "vao": 96.15, "V05400": 26, "V05421": 26, "V05406": 26, "V05412": 26, "V05422": 0, "V05424": 11, "V05427": 1, "V05409": 19, "V05415": 12, "V05418": 1, "V05430": 14, "V05433": 4, "criancas_0a4": 37, "em_favela": false }, "geometry": { "type": "Polygon", "coordinates": [ [ [ -46.800977, -23.683517 ], [ -46.800424, -23.68417 ], [ -46.800415, -23.684338 ], [ -46.800539, -23.685159 ], [ -46.80068, -23.685446 ], [ -46.800133, -23.685085 ], [ -46.799903, -23.686425 ], [ -46.799763, -23.686701 ], [ -46.799555, -23.686855 ], [ -46.79923, -23.686948 ], [ -46.798075, -23.686869 ], [ -46.798027, -23.687525 ], [ -46.799011, -23.687605 ], [ -46.799723, -23.6889 ], [ -46.79986, -23.688914 ], [ -46.801504, -23.686564 ], [ -46.80151, -23.686038 ], [ -46.801469, -23.685802 ], [ -46.801539, -23.685357 ], [ -46.801523, -23.684714 ], [ -46.801299, -23.684304 ], [ -46.800977, -23.683517 ] ] ] } },
{ "type": "Feature", "properties": { "CD_SETOR": "355030819000211", "faces": 23, "pavimentada": 86.96, "bueiro": 30.43, "iluminacao": 95.65, "onibus": 4.35, "ciclovia": 0.0, "calcada": 43.48, "obstaculo": 100.0, "rampa": 0.0, "rampa_faces": 0.0, "sem_calcada": 56.52, "sem_arvore": 91.3, "muitas_arvores": 0.0, "vao": 86.96, "V05400": 23, "V05421": 10, "V05406": 20, "V05412": 22, "V05422": 13, "V05424": 10, "V05427": 0, "V05409": 7, "V05415": 1, "V05418": 0, "V05430": 21, "V05433": 0, "criancas_0a4": 16, "em_favela": true }, "geometry": { "type": "Polygon", "coordinates": [ [ [ -46.792604, -23.693269 ], [ -46.792629, -23.693464 ], [ -46.792569, -23.693559 ], [ -46.792182, -23.693674 ], [ -46.792339, -23.694132 ], [ -46.792896, -23.693865 ], [ -46.793017, -23.694034 ], [ -46.793587, -23.693771 ], [ -46.793334, -23.693017 ], [ -46.793035, -23.692725 ], [ -46.792777, -23.692714 ], [ -46.792518, -23.692852 ], [ -46.792668, -23.693165 ], [ -46.792604, -23.693269 ] ] ] } },
{ "type": "Feature", "properties": { "CD_SETOR": "355030819000212", "faces": 11, "pavimentada": 100.0, "bueiro": 27.27, "iluminacao": 100.0, "onibus": 54.55, "ciclovia": 0.0, "calcada": 90.91, "obstaculo": 90.0, "rampa": 0.0, "rampa_faces": 0.0, "sem_calcada": 9.09, "sem_arvore": 36.36, "muitas_arvores": 36.36, "vao": 100.0, "V05400": 11, "V05421": 10, "V05406": 11, "V05412": 11, "V05422": 1, "V05424": 9, "V05427": 0, "V05409": 3, "V05415": 6, "V05418": 0, "V05430": 4, "V05433": 4, "criancas_0a4": 54, "em_favela": false }, "geometry": { "type": "Polygon", "coordinates": [ [ [ -46.793736, -23.690266 ], [ -46.793188, -23.690807 ], [ -46.793013, -23.690858 ], [ -46.792854, -23.690815 ], [ -46.79258, -23.691311 ], [ -46.792091, -23.691257 ], [ -46.791282, -23.690949 ], [ -46.791081, -23.690715 ], [ -46.791042, -23.690269 ], [ -46.790509, -23.690203 ], [ -46.790442, -23.690512 ], [ -46.790546, -23.690854 ], [ -46.790929, -23.691356 ], [ -46.791897, -23.692333 ], [ -46.792176, -23.692524 ], [ -46.791887, -23.691547 ], [ -46.792425, -23.692116 ], [ -46.793021, -23.692244 ], [ -46.793179, -23.692218 ], [ -46.79334, -23.69212 ], [ -46.793622, -23.691664 ], [ -46.793827, -23.691574 ], [ -46.794054, -23.691756 ], [ -46.794826, -23.692697 ], [ -46.795165, -23.692387 ], [ -46.795522, -23.691276 ], [ -46.795527, -23.690862 ], [ -46.795426, -23.690492 ], [ -46.795123, -23.68994 ], [ -46.793862, -23.690465 ], [ -46.793736, -23.690266 ] ] ] } },
{ "type": "Feature", "properties": { "CD_SETOR": "355030819000214", "faces": 10, "pavimentada": 100.0, "bueiro": 20.0, "iluminacao": 100.0, "onibus": 30.0, "ciclovia": 0.0, "calcada": 80.0, "obstaculo": 100.0, "rampa": 0.0, "rampa_faces": 0.0, "sem_calcada": 20.0, "sem_arvore": 60.0, "muitas_arvores": 10.0, "vao": 100.0, "V05400": 10, "V05421": 8, "V05406": 10, "V05412": 10, "V05422": 2, "V05424": 8, "V05427": 0, "V05409": 2, "V05415": 3, "V05418": 0, "V05430": 6, "V05433": 1, "criancas_0a4": 44, "em_favela": false }, "geometry": { "type": "Polygon", "coordinates": [ [ [ -46.798182, -23.691394 ], [ -46.797428, -23.693833 ], [ -46.796634, -23.69465 ], [ -46.796424, -23.694707 ], [ -46.79628, -23.694686 ], [ -46.794841, -23.694031 ], [ -46.794697, -23.694255 ], [ -46.794655, -23.694428 ], [ -46.794852, -23.695166 ], [ -46.795013, -23.695463 ], [ -46.795181, -23.695563 ], [ -46.795305, -23.69558 ], [ -46.795736, -23.695435 ], [ -46.796018, -23.695451 ], [ -46.796397, -23.69574 ], [ -46.796952, -23.696454 ], [ -46.797276, -23.696716 ], [ -46.798019, -23.696672 ], [ -46.797526, -23.696419 ], [ -46.797351, -23.696259 ], [ -46.797049, -23.695845 ], [ -46.797015, -23.69542 ], [ -46.797126, -23.695423 ], [ -46.797153, -23.695238 ], [ -46.797494, -23.6945 ], [ -46.798005, -23.693751 ], [ -46.798188, -23.693282 ], [ -46.798326, -23.69259 ], [ -46.79853, -23.691906 ], [ -46.798812, -23.691178 ], [ -46.798835, -23.690635 ], [ -46.798921, -23.690275 ], [ -46.798182, -23.691394 ] ] ] } },
{ "type": "Feature", "properties": { "CD_SETOR": "355030819000217", "faces": 21, "pavimentada": 100.0, "bueiro": 38.1, "iluminacao": 100.0, "onibus": 9.52, "ciclovia": 0.0, "calcada": 90.48, "obstaculo": 94.74, "rampa": 10.53, "rampa_faces": 9.52, "sem_calcada": 9.52, "sem_arvore": 52.38, "muitas_arvores": 19.05, "vao": 90.48, "V05400": 21, "V05421": 19, "V05406": 21, "V05412": 21, "V05422": 2, "V05424": 18, "V05427": 2, "V05409": 8, "V05415": 2, "V05418": 0, "V05430": 11, "V05433": 4, "criancas_0a4": 27, "em_favela": false }, "geometry": { "type": "Polygon", "coordinates": [ [ [ -46.775104, -23.669509 ], [ -46.775062, -23.670272 ], [ -46.7751, -23.670877 ], [ -46.775168, -23.671038 ], [ -46.776168, -23.672158 ], [ -46.776243, -23.671872 ], [ -46.776473, -23.67145 ], [ -46.776553, -23.671039 ], [ -46.776868, -23.670747 ], [ -46.777424, -23.671335 ], [ -46.777954, -23.670876 ], [ -46.777396, -23.670248 ], [ -46.777103, -23.669991 ], [ -46.775323, -23.668709 ], [ -46.776031, -23.670024 ], [ -46.775516, -23.670261 ], [ -46.775104, -23.669509 ] ] ] } },
{ "type": "Feature", "properties": { "CD_SETOR": "355030819000218", "faces": 16, "pavimentada": 100.0, "bueiro": 37.5, "iluminacao": 100.0, "onibus": 0.0, "ciclovia": 25.0, "calcada": 43.75, "obstaculo": 100.0, "rampa": 0.0, "rampa_faces": 0.0, "sem_calcada": 56.25, "sem_arvore": 87.5, "muitas_arvores": 0.0, "vao": 100.0, "V05400": 16, "V05421": 7, "V05406": 16, "V05412": 16, "V05422": 9, "V05424": 7, "V05427": 0, "V05409": 6, "V05415": 0, "V05418": 4, "V05430": 14, "V05433": 0, "criancas_0a4": 30, "em_favela": true }, "geometry": { "type": "Polygon", "coordinates": [ [ [ -46.769211, -23.660095 ], [ -46.769638, -23.660988 ], [ -46.769875, -23.661305 ], [ -46.770709, -23.661962 ], [ -46.771014, -23.661721 ], [ -46.770928, -23.661638 ], [ -46.770884, -23.661447 ], [ -46.77061, -23.661406 ], [ -46.7704, -23.661232 ], [ -46.770345, -23.660961 ], [ -46.770385, -23.660871 ], [ -46.770203, -23.660694 ], [ -46.770226, -23.660329 ], [ -46.77007, -23.660337 ], [ -46.770015, -23.660206 ], [ -46.769538, -23.660284 ], [ -46.769389, -23.659998 ], [ -46.769211, -23.660095 ] ] ] } },
{ "type": "Feature", "properties": { "CD_SETOR": "355030819000219", "faces": 21, "pavimentada": 100.0, "bueiro": 19.05, "iluminacao": 100.0, "onibus": 0.0, "ciclovia": 0.0, "calcada": 90.48, "obstaculo": 100.0, "rampa": 0.0, "rampa_faces": 0.0, "sem_calcada": 9.52, "sem_arvore": 61.9, "muitas_arvores": 14.29, "vao": 100.0, "V05400": 21, "V05421": 19, "V05406": 21, "V05412": 21, "V05422": 2, "V05424": 19, "V05427": 0, "V05409": 4, "V05415": 0, "V05418": 0, "V05430": 13, "V05433": 3, "criancas_0a4": 23, "em_favela": false }, "geometry": { "type": "Polygon", "coordinates": [ [ [ -46.767643, -23.666661 ], [ -46.76782, -23.667202 ], [ -46.767833, -23.668625 ], [ -46.769397, -23.667607 ], [ -46.769687, -23.667573 ], [ -46.77045, -23.667052 ], [ -46.770008, -23.666626 ], [ -46.76962, -23.666878 ], [ -46.769173, -23.666261 ], [ -46.768706, -23.665795 ], [ -46.768504, -23.666064 ], [ -46.767643, -23.666661 ] ] ] } },
{ "type": "Feature", "properties": { "CD_SETOR": "355030819000220", "faces": 14, "pavimentada": 100.0, "bueiro": 28.57, "iluminacao": 100.0, "onibus": 0.0, "ciclovia": 0.0, "calcada": 71.43, "obstaculo": 90.0, "rampa": 0.0, "rampa_faces": 0.0, "sem_calcada": 28.57, "sem_arvore": 14.29, "muitas_arvores": 0.0, "vao": 100.0, "V05400": 14, "V05421": 10, "V05406": 14, "V05412": 14, "V05422": 4, "V05424": 9, "V05427": 0, "V05409": 4, "V05415": 0, "V05418": 0, "V05430": 2, "V05433": 0, "criancas_0a4": 21, "em_favela": false }, "geometry": { "type": "Polygon", "coordinates": [ [ [ -46.770276, -23.672063 ], [ -46.76885, -23.671676 ], [ -46.768852, -23.672428 ], [ -46.768674, -23.672602 ], [ -46.769391, -23.673258 ], [ -46.770969, -23.672354 ], [ -46.771433, -23.672165 ], [ -46.771536, -23.671957 ], [ -46.77139, -23.671431 ], [ -46.770923, -23.671575 ], [ -46.770276, -23.672063 ] ] ] } },
{ "type": "Feature", "properties": { "CD_SETOR": "355030819000221", "faces": 12, "pavimentada": 100.0, "bueiro": 50.0, "iluminacao": 100.0, "onibus": 0.0, "ciclovia": 0.0, "calcada": 83.33, "obstaculo": 100.0, "rampa": 0.0, "rampa_faces": 0.0, "sem_calcada": 16.67, "sem_arvore": 25.0, "muitas_arvores": 75.0, "vao": 100.0, "V05400": 12, "V05421": 10, "V05406": 12, "V05412": 12, "V05422": 2, "V05424": 10, "V05427": 0, "V05409": 6, "V05415": 0, "V05418": 0, "V05430": 3, "V05433": 9, "criancas_0a4": 25, "em_favela": false }, "geometry": { "type": "Polygon", "coordinates": [ [ [ -46.774633, -23.672281 ], [ -46.774206, -23.673417 ], [ -46.774315, -23.674294 ], [ -46.776151, -23.673106 ], [ -46.776277, -23.67287 ], [ -46.775844, -23.672546 ], [ -46.774946, -23.672037 ], [ -46.774633, -23.672281 ] ] ] } },
{ "type": "Feature", "properties": { "CD_SETOR": "355030819000222", "faces": 10, "pavimentada": 100.0, "bueiro": 30.0, "iluminacao": 100.0, "onibus": 0.0, "ciclovia": 0.0, "calcada": 90.0, "obstaculo": 77.78, "rampa": 0.0, "rampa_faces": 0.0, "sem_calcada": 10.0, "sem_arvore": 40.0, "muitas_arvores": 10.0, "vao": 100.0, "V05400": 10, "V05421": 9, "V05406": 10, "V05412": 10, "V05422": 1, "V05424": 7, "V05427": 0, "V05409": 3, "V05415": 0, "V05418": 0, "V05430": 4, "V05433": 1, "criancas_0a4": 24, "em_favela": false }, "geometry": { "type": "Polygon", "coordinates": [ [ [ -46.777045, -23.674624 ], [ -46.777169, -23.675145 ], [ -46.777977, -23.675201 ], [ -46.778398, -23.674875 ], [ -46.778184, -23.674837 ], [ -46.77823, -23.674787 ], [ -46.779576, -23.673542 ], [ -46.779011, -23.673034 ], [ -46.778826, -23.67295 ], [ -46.777045, -23.674624 ] ] ] } },
{ "type": "Feature", "properties": { "CD_SETOR": "355030819000223", "faces": 13, "pavimentada": 100.0, "bueiro": 69.23, "iluminacao": 100.0, "onibus": 15.38, "ciclovia": 0.0, "calcada": 100.0, "obstaculo": 53.85, "rampa": 0.0, "rampa_faces": 0.0, "sem_calcada": 0.0, "sem_arvore": 61.54, "muitas_arvores": 7.69, "vao": 100.0, "V05400": 13, "V05421": 13, "V05406": 13, "V05412": 13, "V05422": 0, "V05424": 7, "V05427": 0, "V05409": 9, "V05415": 2, "V05418": 0, "V05430": 8, "V05433": 1, "criancas_0a4": 35, "em_favela": false }, "geometry": { "type": "Polygon", "coordinates": [ [ [ -46.77954, -23.671681 ], [ -46.781048, -23.673123 ], [ -46.783015, -23.672981 ], [ -46.782987, -23.672439 ], [ -46.782009, -23.672504 ], [ -46.781084, -23.671582 ], [ -46.780657, -23.671963 ], [ -46.780049, -23.671399 ], [ -46.77954, -23.671681 ] ] ] } },
{ "type": "Feature", "properties": { "CD_SETOR": "355030819000225", "faces": 11, "pavimentada": 100.0, "bueiro": 54.55, "iluminacao": 100.0, "onibus": 18.18, "ciclovia": 0.0, "calcada": 100.0, "obstaculo": 72.73, "rampa": 9.09, "rampa_faces": 9.09, "sem_calcada": 0.0, "sem_arvore": 54.55, "muitas_arvores": 45.45, "vao": 90.91, "V05400": 11, "V05421": 11, "V05406": 11, "V05412": 11, "V05422": 0, "V05424": 8, "V05427": 1, "V05409": 6, "V05415": 2, "V05418": 0, "V05430": 6, "V05433": 5, "criancas_0a4": 31, "em_favela": false }, "geometry": { "type": "Polygon", "coordinates": [ [ [ -46.783332, -23.669905 ], [ -46.784448, -23.670329 ], [ -46.785015, -23.670951 ], [ -46.785136, -23.671127 ], [ -46.785146, -23.671253 ], [ -46.787209, -23.671996 ], [ -46.785956, -23.670192 ], [ -46.785277, -23.670694 ], [ -46.784702, -23.67006 ], [ -46.784537, -23.669967 ], [ -46.783678, -23.669675 ], [ -46.783332, -23.669905 ] ] ] } },
{ "type": "Feature", "properties": { "CD_SETOR": "355030819000228", "faces": 2, "pavimentada": 100.0, "bueiro": 0.0, "iluminacao": 100.0, "onibus": 0.0, "ciclovia": 0.0, "calcada": 100.0, "obstaculo": 100.0, "rampa": 0.0, "rampa_faces": 0.0, "sem_calcada": 0.0, "sem_arvore": 100.0, "muitas_arvores": 0.0, "vao": 100.0, "V05400": 2, "V05421": 2, "V05406": 2, "V05412": 2, "V05422": 0, "V05424": 2, "V05427": 0, "V05409": 0, "V05415": 0, "V05418": 0, "V05430": 2, "V05433": 0, "criancas_0a4": 17, "em_favela": false }, "geometry": { "type": "Polygon", "coordinates": [ [ [ -46.764036, -23.672025 ], [ -46.76435, -23.671926 ], [ -46.764248, -23.67168 ], [ -46.764798, -23.671551 ], [ -46.76483, -23.671398 ], [ -46.764712, -23.671313 ], [ -46.76473, -23.671247 ], [ -46.763464, -23.671021 ], [ -46.763838, -23.671511 ], [ -46.764036, -23.672025 ] ] ] } },
{ "type": "Feature", "properties": { "CD_SETOR": "355030819000229", "faces": 2, "pavimentada": 100.0, "bueiro": 100.0, "iluminacao": 100.0, "onibus": 0.0, "ciclovia": 0.0, "calcada": 100.0, "obstaculo": 0.0, "rampa": 50.0, "rampa_faces": 50.0, "sem_calcada": 0.0, "sem_arvore": 0.0, "muitas_arvores": 100.0, "vao": 50.0, "V05400": 2, "V05421": 2, "V05406": 2, "V05412": 2, "V05422": 0, "V05424": 0, "V05427": 1, "V05409": 2, "V05415": 0, "V05418": 0, "V05430": 0, "V05433": 2, "criancas_0a4": 22, "em_favela": false }, "geometry": { "type": "Polygon", "coordinates": [ [ [ -46.763269, -23.672625 ], [ -46.76277, -23.672898 ], [ -46.763202, -23.673348 ], [ -46.763898, -23.674692 ], [ -46.764046, -23.674743 ], [ -46.764138, -23.674703 ], [ -46.764263, -23.674448 ], [ -46.763499, -23.672618 ], [ -46.763269, -23.672625 ] ] ] } },
{ "type": "Feature", "properties": { "CD_SETOR": "355030819000230", "faces": 11, "pavimentada": 100.0, "bueiro": 63.64, "iluminacao": 100.0, "onibus": 9.09, "ciclovia": 0.0, "calcada": 90.91, "obstaculo": 100.0, "rampa": 10.0, "rampa_faces": 9.09, "sem_calcada": 9.09, "sem_arvore": 72.73, "muitas_arvores": 0.0, "vao": 90.91, "V05400": 11, "V05421": 10, "V05406": 11, "V05412": 11, "V05422": 1, "V05424": 10, "V05427": 1, "V05409": 7, "V05415": 1, "V05418": 0, "V05430": 8, "V05433": 0, "criancas_0a4": 30, "em_favela": false }, "geometry": { "type": "Polygon", "coordinates": [ [ [ -46.765556, -23.674625 ], [ -46.764228, -23.674779 ], [ -46.765807, -23.676923 ], [ -46.766332, -23.676645 ], [ -46.76628, -23.676522 ], [ -46.766213, -23.675738 ], [ -46.765596, -23.675115 ], [ -46.765556, -23.674625 ] ] ] } },
{ "type": "Feature", "properties": { "CD_SETOR": "355030819000232", "faces": 22, "pavimentada": 100.0, "bueiro": 18.18, "iluminacao": 100.0, "onibus": 4.55, "ciclovia": 0.0, "calcada": 86.36, "obstaculo": 94.74, "rampa": 0.0, "rampa_faces": 0.0, "sem_calcada": 13.64, "sem_arvore": 50.0, "muitas_arvores": 27.27, "vao": 100.0, "V05400": 22, "V05421": 19, "V05406": 22, "V05412": 22, "V05422": 3, "V05424": 18, "V05427": 0, "V05409": 4, "V05415": 1, "V05418": 0, "V05430": 11, "V05433": 6, "criancas_0a4": 23, "em_favela": false }, "geometry": { "type": "Polygon", "coordinates": [ [ [ -46.769008, -23.674976 ], [ -46.769108, -23.675374 ], [ -46.768603, -23.675529 ], [ -46.768839, -23.675983 ], [ -46.769205, -23.676205 ], [ -46.769342, -23.676239 ], [ -46.769613, -23.676206 ], [ -46.77128, -23.675694 ], [ -46.771386, -23.675703 ], [ -46.770969, -23.674903 ], [ -46.769975, -23.675167 ], [ -46.769765, -23.674823 ], [ -46.769236, -23.674997 ], [ -46.769008, -23.674976 ] ] ] } },
{ "type": "Feature", "properties": { "CD_SETOR": "355030819000233", "faces": 16, "pavimentada": 100.0, "bueiro": 31.25, "iluminacao": 100.0, "onibus": 25.0, "ciclovia": 0.0, "calcada": 62.5, "obstaculo": 100.0, "rampa": 0.0, "rampa_faces": 0.0, "sem_calcada": 37.5, "sem_arvore": 43.75, "muitas_arvores": 0.0, "vao": 100.0, "V05400": 16, "V05421": 10, "V05406": 16, "V05412": 16, "V05422": 6, "V05424": 10, "V05427": 0, "V05409": 5, "V05415": 4, "V05418": 0, "V05430": 7, "V05433": 0, "criancas_0a4": 43, "em_favela": false }, "geometry": { "type": "Polygon", "coordinates": [ [ [ -46.777169, -23.675145 ], [ -46.777238, -23.675393 ], [ -46.777954, -23.675486 ], [ -46.778142, -23.676002 ], [ -46.778619, -23.676252 ], [ -46.778734, -23.676385 ], [ -46.778806, -23.676563 ], [ -46.778772, -23.677033 ], [ -46.77969, -23.678847 ], [ -46.78018, -23.678934 ], [ -46.779961, -23.678014 ], [ -46.778972, -23.676073 ], [ -46.778737, -23.67572 ], [ -46.778484, -23.6757 ], [ -46.77805, -23.675489 ], [ -46.778348, -23.675507 ], [ -46.778608, -23.675344 ], [ -46.778455, -23.675179 ], [ -46.778642, -23.675045 ], [ -46.778672, -23.674906 ], [ -46.778398, -23.674875 ], [ -46.778058, -23.675154 ], [ -46.777919, -23.675216 ], [ -46.77732, -23.675129 ], [ -46.777169, -23.675145 ] ] ] } },
{ "type": "Feature", "properties": { "CD_SETOR": "355030819000234", "faces": 14, "pavimentada": 100.0, "bueiro": 35.71, "iluminacao": 100.0, "onibus": 7.14, "ciclovia": 0.0, "calcada": 71.43, "obstaculo": 100.0, "rampa": 10.0, "rampa_faces": 7.14, "sem_calcada": 28.57, "sem_arvore": 28.57, "muitas_arvores": 35.71, "vao": 92.86, "V05400": 14, "V05421": 10, "V05406": 14, "V05412": 14, "V05422": 4, "V05424": 10, "V05427": 1, "V05409": 5, "V05415": 1, "V05418": 0, "V05430": 4, "V05433": 5, "criancas_0a4": 34, "em_favela": false }, "geometry": { "type": "Polygon", "coordinates": [ [ [ -46.781075, -23.679146 ], [ -46.781186, -23.67921 ], [ -46.781106, -23.679326 ], [ -46.781228, -23.68003 ], [ -46.781867, -23.679821 ], [ -46.781789, -23.679582 ], [ -46.782363, -23.678898 ], [ -46.781357, -23.678334 ], [ -46.78117, -23.677813 ], [ -46.780821, -23.677921 ], [ -46.780754, -23.678406 ], [ -46.780618, -23.67881 ], [ -46.781157, -23.678893 ], [ -46.781075, -23.679146 ] ] ] } },
{ "type": "Feature", "properties": { "CD_SETOR": "355030819000235", "faces": 19, "pavimentada": 100.0, "bueiro": 21.05, "iluminacao": 100.0, "onibus": 0.0, "ciclovia": 10.53, "calcada": 100.0, "obstaculo": 89.47, "rampa": 0.0, "rampa_faces": 0.0, "sem_calcada": 0.0, "sem_arvore": 47.37, "muitas_arvores": 5.26, "vao": 100.0, "V05400": 19, "V05421": 19, "V05406": 19, "V05412": 19, "V05422": 0, "V05424": 17, "V05427": 0, "V05409": 4, "V05415": 0, "V05418": 2, "V05430": 9, "V05433": 1, "criancas_0a4": 24, "em_favela": false }, "geometry": { "type": "Polygon", "coordinates": [ [ [ -46.77923, -23.673873 ], [ -46.780247, -23.674806 ], [ -46.7792, -23.675695 ], [ -46.77951, -23.67588 ], [ -46.779978, -23.676319 ], [ -46.780049, -23.676358 ], [ -46.780536, -23.675996 ], [ -46.780574, -23.675919 ], [ -46.780486, -23.675793 ], [ -46.781617, -23.67531 ], [ -46.779576, -23.673542 ], [ -46.77923, -23.673873 ] ] ] } },
{ "type": "Feature", "properties": { "CD_SETOR": "355030819000237", "faces": 21, "pavimentada": 95.24, "bueiro": 28.57, "iluminacao": 66.67, "onibus": 19.05, "ciclovia": 0.0, "calcada": 38.1, "obstaculo": 100.0, "rampa": 0.0, "rampa_faces": 0.0, "sem_calcada": 61.9, "sem_arvore": 100.0, "muitas_arvores": 0.0, "vao": 95.24, "V05400": 21, "V05421": 8, "V05406": 20, "V05412": 14, "V05422": 13, "V05424": 8, "V05427": 0, "V05409": 6, "V05415": 4, "V05418": 0, "V05430": 21, "V05433": 0, "criancas_0a4": 56, "em_favela": true }, "geometry": { "type": "Polygon", "coordinates": [ [ [ -46.7818, -23.673742 ], [ -46.781493, -23.673858 ], [ -46.781212, -23.674155 ], [ -46.781815, -23.674615 ], [ -46.782091, -23.675123 ], [ -46.782063, -23.67521 ], [ -46.781738, -23.675283 ], [ -46.782015, -23.675751 ], [ -46.782167, -23.675757 ], [ -46.782834, -23.676145 ], [ -46.78325, -23.675676 ], [ -46.7818, -23.673742 ] ] ] } },
{ "type": "Feature", "properties": { "CD_SETOR": "355030819000238", "faces": 16, "pavimentada": 100.0, "bueiro": 43.75, "iluminacao": 100.0, "onibus": 18.75, "ciclovia": 0.0, "calcada": 100.0, "obstaculo": 68.75, "rampa": 0.0, "rampa_faces": 0.0, "sem_calcada": 0.0, "sem_arvore": 43.75, "muitas_arvores": 25.0, "vao": 100.0, "V05400": 16, "V05421": 16, "V05406": 16, "V05412": 16, "V05422": 0, "V05424": 11, "V05427": 0, "V05409": 7, "V05415": 3, "V05418": 0, "V05430": 7, "V05433": 4, "criancas_0a4": 20, "em_favela": false }, "geometry": { "type": "Polygon", "coordinates": [ [ [ -46.785089, -23.672541 ], [ -46.783027, -23.673427 ], [ -46.783706, -23.674373 ], [ -46.785317, -23.673644 ], [ -46.785705, -23.673552 ], [ -46.785683, -23.673458 ], [ -46.785353, -23.673043 ], [ -46.785089, -23.672541 ] ] ] } },
{ "type": "Feature", "properties": { "CD_SETOR": "355030819000239", "faces": 21, "pavimentada": 100.0, "bueiro": 66.67, "iluminacao": 100.0, "onibus": 0.0, "ciclovia": 0.0, "calcada": 100.0, "obstaculo": 90.48, "rampa": 0.0, "rampa_faces": 0.0, "sem_calcada": 0.0, "sem_arvore": 23.81, "muitas_arvores": 42.86, "vao": 100.0, "V05400": 21, "V05421": 21, "V05406": 21, "V05412": 21, "V05422": 0, "V05424": 19, "V05427": 0, "V05409": 14, "V05415": 0, "V05418": 0, "V05430": 5, "V05433": 9, "criancas_0a4": 54, "em_favela": false }, "geometry": { "type": "Polygon", "coordinates": [ [ [ -46.783274, -23.669885 ], [ -46.782798, -23.671047 ], [ -46.783424, -23.672274 ], [ -46.783701, -23.672177 ], [ -46.783832, -23.672201 ], [ -46.784057, -23.672114 ], [ -46.784105, -23.672053 ], [ -46.783459, -23.670659 ], [ -46.785146, -23.671253 ], [ -46.785136, -23.671127 ], [ -46.785015, -23.670951 ], [ -46.784448, -23.670329 ], [ -46.783628, -23.670009 ], [ -46.783274, -23.669885 ] ] ] } },
{ "type": "Feature", "properties": { "CD_SETOR": "355030819000240", "faces": 9, "pavimentada": 100.0, "bueiro": 77.78, "iluminacao": 77.78, "onibus": 0.0, "ciclovia": 0.0, "calcada": 66.67, "obstaculo": 100.0, "rampa": 0.0, "rampa_faces": 0.0, "sem_calcada": 33.33, "sem_arvore": 88.89, "muitas_arvores": 0.0, "vao": 100.0, "V05400": 9, "V05421": 6, "V05406": 9, "V05412": 7, "V05422": 3, "V05424": 6, "V05427": 0, "V05409": 7, "V05415": 0, "V05418": 0, "V05430": 8, "V05433": 0, "criancas_0a4": 33, "em_favela": true }, "geometry": { "type": "Polygon", "coordinates": [ [ [ -46.784801, -23.665127 ], [ -46.784838, -23.66613 ], [ -46.784927, -23.6663 ], [ -46.785339, -23.666598 ], [ -46.785341, -23.665081 ], [ -46.785403, -23.664847 ], [ -46.785602, -23.664643 ], [ -46.785204, -23.664426 ], [ -46.785047, -23.665101 ], [ -46.784801, -23.665127 ] ] ] } },
{ "type": "Feature", "properties": { "CD_SETOR": "355030819000241", "faces": 8, "pavimentada": 100.0, "bueiro": 62.5, "iluminacao": 100.0, "onibus": 0.0, "ciclovia": 62.5, "calcada": 87.5, "obstaculo": 100.0, "rampa": 0.0, "rampa_faces": 0.0, "sem_calcada": 12.5, "sem_arvore": 37.5, "muitas_arvores": 12.5, "vao": 100.0, "V05400": 8, "V05421": 7, "V05406": 8, "V05412": 8, "V05422": 1, "V05424": 7, "V05427": 0, "V05409": 5, "V05415": 0, "V05418": 5, "V05430": 3, "V05433": 1, "criancas_0a4": 34, "em_favela": false }, "geometry": { "type": "Polygon", "coordinates": [ [ [ -46.780624, -23.657196 ], [ -46.780508, -23.657758 ], [ -46.780738, -23.658595 ], [ -46.780748, -23.658713 ], [ -46.780692, -23.658852 ], [ -46.781043, -23.658861 ], [ -46.78137, -23.658979 ], [ -46.781619, -23.658163 ], [ -46.781628, -23.657775 ], [ -46.781511, -23.657236 ], [ -46.78135, -23.657035 ], [ -46.781122, -23.656952 ], [ -46.780785, -23.657036 ], [ -46.780624, -23.657196 ] ] ] } },
{ "type": "Feature", "properties": { "CD_SETOR": "355030819000242", "faces": 15, "pavimentada": 100.0, "bueiro": 53.33, "iluminacao": 100.0, "onibus": 13.33, "ciclovia": 13.33, "calcada": 73.33, "obstaculo": 90.91, "rampa": 9.09, "rampa_faces": 6.67, "sem_calcada": 26.67, "sem_arvore": 80.0, "muitas_arvores": 6.67, "vao": 93.33, "V05400": 15, "V05421": 11, "V05406": 15, "V05412": 15, "V05422": 4, "V05424": 10, "V05427": 1, "V05409": 8, "V05415": 2, "V05418": 2, "V05430": 12, "V05433": 1, "criancas_0a4": 27, "em_favela": false }, "geometry": { "type": "Polygon", "coordinates": [ [ [ -46.78137, -23.658979 ], [ -46.780965, -23.659882 ], [ -46.78135, -23.659981 ], [ -46.781514, -23.659956 ], [ -46.78165, -23.659789 ], [ -46.781764, -23.659539 ], [ -46.78235, -23.659698 ], [ -46.782261, -23.659864 ], [ -46.782518, -23.659997 ], [ -46.782791, -23.660068 ], [ -46.782861, -23.659916 ], [ -46.782881, -23.659624 ], [ -46.783036, -23.659331 ], [ -46.78249, -23.659061 ], [ -46.782141, -23.658764 ], [ -46.781986, -23.658554 ], [ -46.781782, -23.65802 ], [ -46.781628, -23.657775 ], [ -46.781599, -23.658309 ], [ -46.78137, -23.658979 ] ] ] } },
{ "type": "Feature", "properties": { "CD_SETOR": "355030819000244", "faces": 11, "pavimentada": 100.0, "bueiro": 54.55, "iluminacao": 90.91, "onibus": 0.0, "ciclovia": 0.0, "calcada": 0.0, "obstaculo": null, "rampa": null, "rampa_faces": 0.0, "sem_calcada": 100.0, "sem_arvore": 100.0, "muitas_arvores": 0.0, "vao": 100.0, "V05400": 11, "V05421": 0, "V05406": 11, "V05412": 10, "V05422": 11, "V05424": 0, "V05427": 0, "V05409": 6, "V05415": 0, "V05418": 0, "V05430": 11, "V05433": 0, "criancas_0a4": 15, "em_favela": true }, "geometry": { "type": "Polygon", "coordinates": [ [ [ -46.779134, -23.658802 ], [ -46.778571, -23.659055 ], [ -46.778642, -23.659221 ], [ -46.779246, -23.65939 ], [ -46.779476, -23.658746 ], [ -46.779635, -23.658563 ], [ -46.779883, -23.658565 ], [ -46.779844, -23.658419 ], [ -46.779688, -23.65837 ], [ -46.779499, -23.658446 ], [ -46.779368, -23.658617 ], [ -46.779134, -23.658802 ] ] ] } },
{ "type": "Feature", "properties": { "CD_SETOR": "355030819000245", "faces": 10, "pavimentada": 100.0, "bueiro": 30.0, "iluminacao": 100.0, "onibus": 0.0, "ciclovia": 0.0, "calcada": 100.0, "obstaculo": 100.0, "rampa": 10.0, "rampa_faces": 10.0, "sem_calcada": 0.0, "sem_arvore": 30.0, "muitas_arvores": 40.0, "vao": 90.0, "V05400": 10, "V05421": 10, "V05406": 10, "V05412": 10, "V05422": 0, "V05424": 10, "V05427": 1, "V05409": 3, "V05415": 0, "V05418": 0, "V05430": 3, "V05433": 4, "criancas_0a4": 26, "em_favela": false }, "geometry": { "type": "Polygon", "coordinates": [ [ [ -46.77318, -23.656139 ], [ -46.773049, -23.656186 ], [ -46.773169, -23.656331 ], [ -46.774138, -23.657003 ], [ -46.77435, -23.657253 ], [ -46.774407, -23.657502 ], [ -46.77435, -23.658059 ], [ -46.774424, -23.658289 ], [ -46.774907, -23.657903 ], [ -46.774666, -23.657587 ], [ -46.775516, -23.656896 ], [ -46.774966, -23.656355 ], [ -46.774458, -23.656022 ], [ -46.774221, -23.656032 ], [ -46.773904, -23.656182 ], [ -46.77318, -23.656139 ] ] ] } },
{ "type": "Feature", "properties": { "CD_SETOR": "355030819000246", "faces": 13, "pavimentada": 100.0, "bueiro": 76.92, "iluminacao": 92.31, "onibus": 30.77, "ciclovia": 0.0, "calcada": 100.0, "obstaculo": 84.62, "rampa": 7.69, "rampa_faces": 7.69, "sem_calcada": 0.0, "sem_arvore": 30.77, "muitas_arvores": 7.69, "vao": 92.31, "V05400": 13, "V05421": 13, "V05406": 13, "V05412": 12, "V05422": 0, "V05424": 11, "V05427": 1, "V05409": 10, "V05415": 4, "V05418": 0, "V05430": 4, "V05433": 1, "criancas_0a4": 21, "em_favela": false }, "geometry": { "type": "Polygon", "coordinates": [ [ [ -46.774217, -23.655249 ], [ -46.774276, -23.655575 ], [ -46.773611, -23.655513 ], [ -46.773097, -23.655613 ], [ -46.772988, -23.655567 ], [ -46.772802, -23.655337 ], [ -46.772531, -23.655353 ], [ -46.772327, -23.65542 ], [ -46.773049, -23.656186 ], [ -46.77318, -23.656139 ], [ -46.773195, -23.655897 ], [ -46.773747, -23.655915 ], [ -46.77375, -23.655784 ], [ -46.774095, -23.655784 ], [ -46.774164, -23.655731 ], [ -46.774472, -23.655835 ], [ -46.77443, -23.656015 ], [ -46.774966, -23.656355 ], [ -46.775516, -23.656896 ], [ -46.774666, -23.657587 ], [ -46.774907, -23.657903 ], [ -46.774424, -23.658289 ], [ -46.774808, -23.658744 ], [ -46.775861, -23.657568 ], [ -46.776057, -23.65727 ], [ -46.776263, -23.656704 ], [ -46.776365, -23.656234 ], [ -46.776118, -23.655625 ], [ -46.775765, -23.654946 ], [ -46.775373, -23.654993 ], [ -46.774646, -23.655219 ], [ -46.774217, -23.655249 ] ] ] } },
{ "type": "Feature", "properties": { "CD_SETOR": "355030819000247", "faces": 29, "pavimentada": 100.0, "bueiro": 62.07, "iluminacao": 100.0, "onibus": 6.9, "ciclovia": 0.0, "calcada": 79.31, "obstaculo": 100.0, "rampa": 26.09, "rampa_faces": 20.69, "sem_calcada": 20.69, "sem_arvore": 65.52, "muitas_arvores": 0.0, "vao": 79.31, "V05400": 29, "V05421": 23, "V05406": 29, "V05412": 29, "V05422": 6, "V05424": 23, "V05427": 6, "V05409": 18, "V05415": 2, "V05418": 0, "V05430": 19, "V05433": 0, "criancas_0a4": 31, "em_favela": false }, "geometry": { "type": "Polygon", "coordinates": [ [ [ -46.770701, -23.653658 ], [ -46.771609, -23.655408 ], [ -46.772327, -23.65542 ], [ -46.772531, -23.655353 ], [ -46.772802, -23.655337 ], [ -46.77282, -23.655268 ], [ -46.773958, -23.654897 ], [ -46.773752, -23.654388 ], [ -46.773463, -23.654485 ], [ -46.773083, -23.653453 ], [ -46.772454, -23.653666 ], [ -46.772265, -23.653138 ], [ -46.770701, -23.653658 ] ] ] } },
{ "type": "Feature", "properties": { "CD_SETOR": "355030819000248", "faces": 15, "pavimentada": 100.0, "bueiro": 6.67, "iluminacao": 100.0, "onibus": 26.67, "ciclovia": 0.0, "calcada": 80.0, "obstaculo": 91.67, "rampa": 33.33, "rampa_faces": 26.67, "sem_calcada": 20.0, "sem_arvore": 26.67, "muitas_arvores": 33.33, "vao": 73.33, "V05400": 15, "V05421": 12, "V05406": 15, "V05412": 15, "V05422": 3, "V05424": 11, "V05427": 4, "V05409": 1, "V05415": 4, "V05418": 0, "V05430": 4, "V05433": 5, "criancas_0a4": 24, "em_favela": false }, "geometry": { "type": "Polygon", "coordinates": [ [ [ -46.770701, -23.653658 ], [ -46.769048, -23.654234 ], [ -46.769092, -23.654229 ], [ -46.769355, -23.655288 ], [ -46.770552, -23.655494 ], [ -46.770897, -23.655462 ], [ -46.771112, -23.655347 ], [ -46.771609, -23.655408 ], [ -46.770701, -23.653658 ] ] ] } },
{ "type": "Feature", "properties": { "CD_SETOR": "355030819000250", "faces": 17, "pavimentada": 100.0, "bueiro": 23.53, "iluminacao": 88.24, "onibus": 17.65, "ciclovia": 0.0, "calcada": 100.0, "obstaculo": 88.24, "rampa": 5.88, "rampa_faces": 5.88, "sem_calcada": 0.0, "sem_arvore": 70.59, "muitas_arvores": 17.65, "vao": 94.12, "V05400": 17, "V05421": 17, "V05406": 17, "V05412": 15, "V05422": 0, "V05424": 15, "V05427": 1, "V05409": 4, "V05415": 3, "V05418": 0, "V05430": 12, "V05433": 3, "criancas_0a4": 21, "em_favela": false }, "geometry": { "type": "Polygon", "coordinates": [ [ [ -46.767621, -23.679375 ], [ -46.768431, -23.681026 ], [ -46.768417, -23.681279 ], [ -46.768596, -23.681423 ], [ -46.769285, -23.681381 ], [ -46.769278, -23.680898 ], [ -46.76874, -23.680151 ], [ -46.768787, -23.679969 ], [ -46.768662, -23.678992 ], [ -46.768377, -23.678752 ], [ -46.767779, -23.678482 ], [ -46.767947, -23.678754 ], [ -46.768089, -23.679194 ], [ -46.767621, -23.679375 ] ] ] } },
{ "type": "Feature", "properties": { "CD_SETOR": "355030819000251", "faces": 15, "pavimentada": 100.0, "bueiro": 46.67, "iluminacao": 100.0, "onibus": 20.0, "ciclovia": 0.0, "calcada": 80.0, "obstaculo": 91.67, "rampa": 0.0, "rampa_faces": 0.0, "sem_calcada": 20.0, "sem_arvore": 46.67, "muitas_arvores": 0.0, "vao": 100.0, "V05400": 15, "V05421": 12, "V05406": 15, "V05412": 15, "V05422": 3, "V05424": 11, "V05427": 0, "V05409": 7, "V05415": 3, "V05418": 0, "V05430": 7, "V05433": 0, "criancas_0a4": 20, "em_favela": false }, "geometry": { "type": "Polygon", "coordinates": [ [ [ -46.778058, -23.681298 ], [ -46.778097, -23.681376 ], [ -46.778656, -23.681518 ], [ -46.779735, -23.68057 ], [ -46.781188, -23.681545 ], [ -46.781136, -23.680803 ], [ -46.779745, -23.679809 ], [ -46.77902, -23.678728 ], [ -46.777305, -23.678441 ], [ -46.778013, -23.67952 ], [ -46.77856, -23.679225 ], [ -46.779273, -23.680241 ], [ -46.778058, -23.681298 ] ] ] } },
{ "type": "Feature", "properties": { "CD_SETOR": "355030819000252", "faces": 19, "pavimentada": 100.0, "bueiro": 52.63, "iluminacao": 100.0, "onibus": 0.0, "ciclovia": 0.0, "calcada": 84.21, "obstaculo": 100.0, "rampa": 0.0, "rampa_faces": 0.0, "sem_calcada": 15.79, "sem_arvore": 36.84, "muitas_arvores": 10.53, "vao": 100.0, "V05400": 19, "V05421": 16, "V05406": 19, "V05412": 19, "V05422": 3, "V05424": 16, "V05427": 0, "V05409": 10, "V05415": 0, "V05418": 0, "V05430": 7, "V05433": 2, "criancas_0a4": 35, "em_favela": false }, "geometry": { "type": "Polygon", "coordinates": [ [ [ -46.78117, -23.677813 ], [ -46.781357, -23.678334 ], [ -46.782251, -23.678832 ], [ -46.78302, -23.677718 ], [ -46.782545, -23.677427 ], [ -46.782083, -23.676821 ], [ -46.781915, -23.676677 ], [ -46.78117, -23.677813 ] ] ] } },
{ "type": "Feature", "properties": { "CD_SETOR": "355030819000253", "faces": 31, "pavimentada": 100.0, "bueiro": 48.39, "iluminacao": 96.77, "onibus": 12.9, "ciclovia": 0.0, "calcada": 87.1, "obstaculo": 85.19, "rampa": 14.81, "rampa_faces": 12.9, "sem_calcada": 12.9, "sem_arvore": 51.61, "muitas_arvores": 32.26, "vao": 87.1, "V05400": 31, "V05421": 27, "V05406": 31, "V05412": 30, "V05422": 4, "V05424": 23, "V05427": 4, "V05409": 15, "V05415": 4, "V05418": 0, "V05430": 16, "V05433": 10, "criancas_0a4": 46, "em_favela": false }, "geometry": { "type": "Polygon", "coordinates": [ [ [ -46.78702, -23.680075 ], [ -46.787161, -23.680031 ], [ -46.787365, -23.680067 ], [ -46.787534, -23.680344 ], [ -46.787578, -23.680517 ], [ -46.788231, -23.681548 ], [ -46.788748, -23.681817 ], [ -46.789183, -23.68216 ], [ -46.789631, -23.682134 ], [ -46.79016, -23.682609 ], [ -46.790265, -23.682785 ], [ -46.789696, -23.682828 ], [ -46.789622, -23.682791 ], [ -46.789499, -23.682875 ], [ -46.789185, -23.683233 ], [ -46.789272, -23.683504 ], [ -46.788534, -23.68395 ], [ -46.788737, -23.684046 ], [ -46.789214, -23.684152 ], [ -46.790201, -23.68469 ], [ -46.790364, -23.684733 ], [ -46.790187, -23.684111 ], [ -46.78991, -23.683903 ], [ -46.790716, -23.683495 ], [ -46.791009, -23.68341 ], [ -46.790358, -23.682274 ], [ -46.789281, -23.681105 ], [ -46.789224, -23.680779 ], [ -46.789231, -23.680224 ], [ -46.789138, -23.680214 ], [ -46.788981, -23.68048 ], [ -46.788855, -23.680595 ], [ -46.788307, -23.680559 ], [ -46.788325, -23.679943 ], [ -46.787541, -23.679912 ], [ -46.787114, -23.679724 ], [ -46.78702, -23.680075 ] ] ] } },
{ "type": "Feature", "properties": { "CD_SETOR": "355030819000254", "faces": 28, "pavimentada": 85.71, "bueiro": 64.29, "iluminacao": 78.57, "onibus": 0.0, "ciclovia": 0.0, "calcada": 78.57, "obstaculo": 77.27, "rampa": 13.64, "rampa_faces": 10.71, "sem_calcada": 21.43, "sem_arvore": 53.57, "muitas_arvores": 25.0, "vao": 75.0, "V05400": 28, "V05421": 22, "V05406": 24, "V05412": 22, "V05422": 6, "V05424": 17, "V05427": 3, "V05409": 18, "V05415": 0, "V05418": 0, "V05430": 15, "V05433": 7, "criancas_0a4": 33, "em_favela": false }, "geometry": { "type": "Polygon", "coordinates": [ [ [ -46.786109, -23.677274 ], [ -46.786222, -23.677661 ], [ -46.786601, -23.678249 ], [ -46.786667, -23.678717 ], [ -46.786316, -23.678884 ], [ -46.786046, -23.67863 ], [ -46.786084, -23.679392 ], [ -46.786278, -23.679687 ], [ -46.78655, -23.67993 ], [ -46.78702, -23.680075 ], [ -46.787114, -23.679724 ], [ -46.787541, -23.679912 ], [ -46.788161, -23.679938 ], [ -46.788176, -23.679038 ], [ -46.787681, -23.679029 ], [ -46.787719, -23.678395 ], [ -46.787599, -23.678388 ], [ -46.787649, -23.677496 ], [ -46.787337, -23.677393 ], [ -46.787149, -23.677265 ], [ -46.786109, -23.677274 ] ] ] } },
{ "type": "Feature", "properties": { "CD_SETOR": "355030819000256", "faces": 14, "pavimentada": 100.0, "bueiro": 50.0, "iluminacao": 100.0, "onibus": 21.43, "ciclovia": 0.0, "calcada": 100.0, "obstaculo": 64.29, "rampa": 28.57, "rampa_faces": 28.57, "sem_calcada": 0.0, "sem_arvore": 21.43, "muitas_arvores": 71.43, "vao": 71.43, "V05400": 14, "V05421": 14, "V05406": 14, "V05412": 14, "V05422": 0, "V05424": 9, "V05427": 4, "V05409": 7, "V05415": 3, "V05418": 0, "V05430": 3, "V05433": 10, "criancas_0a4": 15, "em_favela": false }, "geometry": { "type": "Polygon", "coordinates": [ [ [ -46.787759, -23.673617 ], [ -46.787882, -23.674123 ], [ -46.788396, -23.675293 ], [ -46.788632, -23.675582 ], [ -46.789043, -23.675926 ], [ -46.789426, -23.676075 ], [ -46.790283, -23.676257 ], [ -46.791485, -23.676166 ], [ -46.791326, -23.67599 ], [ -46.7905, -23.676088 ], [ -46.790284, -23.676017 ], [ -46.78998, -23.675679 ], [ -46.789805, -23.675575 ], [ -46.789856, -23.674844 ], [ -46.789911, -23.674693 ], [ -46.789497, -23.674269 ], [ -46.789345, -23.674419 ], [ -46.789279, -23.674561 ], [ -46.78923, -23.67504 ], [ -46.789153, -23.674958 ], [ -46.788942, -23.67444 ], [ -46.788327, -23.674661 ], [ -46.787847, -23.67346 ], [ -46.787733, -23.673285 ], [ -46.787759, -23.673617 ] ] ] } },
{ "type": "Feature", "properties": { "CD_SETOR": "355030819000257", "faces": 14, "pavimentada": 100.0, "bueiro": 64.29, "iluminacao": 100.0, "onibus": 14.29, "ciclovia": 0.0, "calcada": 64.29, "obstaculo": 100.0, "rampa": 0.0, "rampa_faces": 0.0, "sem_calcada": 35.71, "sem_arvore": 28.57, "muitas_arvores": 64.29, "vao": 100.0, "V05400": 14, "V05421": 9, "V05406": 14, "V05412": 14, "V05422": 5, "V05424": 9, "V05427": 0, "V05409": 9, "V05415": 2, "V05418": 0, "V05430": 4, "V05433": 9, "criancas_0a4": 8, "em_favela": false }, "geometry": { "type": "Polygon", "coordinates": [ [ [ -46.789907, -23.672439 ], [ -46.790486, -23.673184 ], [ -46.790836, -23.673036 ], [ -46.790793, -23.672752 ], [ -46.791569, -23.672176 ], [ -46.791185, -23.67174 ], [ -46.790344, -23.672354 ], [ -46.789907, -23.672439 ] ] ] } },
{ "type": "Feature", "properties": { "CD_SETOR": "355030819000259", "faces": 18, "pavimentada": 100.0, "bueiro": 55.56, "iluminacao": 100.0, "onibus": 0.0, "ciclovia": 0.0, "calcada": 66.67, "obstaculo": 100.0, "rampa": 0.0, "rampa_faces": 0.0, "sem_calcada": 33.33, "sem_arvore": 27.78, "muitas_arvores": 33.33, "vao": 100.0, "V05400": 18, "V05421": 12, "V05406": 18, "V05412": 18, "V05422": 6, "V05424": 12, "V05427": 0, "V05409": 10, "V05415": 0, "V05418": 0, "V05430": 5, "V05433": 6, "criancas_0a4": 43, "em_favela": false }, "geometry": { "type": "Polygon", "coordinates": [ [ [ -46.791739, -23.669159 ], [ -46.790192, -23.669401 ], [ -46.790121, -23.669265 ], [ -46.789918, -23.669269 ], [ -46.789541, -23.669402 ], [ -46.789524, -23.669464 ], [ -46.788937, -23.669513 ], [ -46.789038, -23.669761 ], [ -46.789054, -23.670037 ], [ -46.791101, -23.669817 ], [ -46.791419, -23.669921 ], [ -46.791612, -23.670047 ], [ -46.792816, -23.669611 ], [ -46.792592, -23.669049 ], [ -46.792067, -23.669202 ], [ -46.791739, -23.669159 ] ] ] } },
{ "type": "Feature", "properties": { "CD_SETOR": "355030819000262", "faces": 8, "pavimentada": 100.0, "bueiro": 12.5, "iluminacao": 75.0, "onibus": 0.0, "ciclovia": 0.0, "calcada": 75.0, "obstaculo": 100.0, "rampa": 0.0, "rampa_faces": 0.0, "sem_calcada": 25.0, "sem_arvore": 25.0, "muitas_arvores": 25.0, "vao": 100.0, "V05400": 8, "V05421": 6, "V05406": 8, "V05412": 6, "V05422": 2, "V05424": 6, "V05427": 0, "V05409": 1, "V05415": 0, "V05418": 0, "V05430": 2, "V05433": 2, "criancas_0a4": 23, "em_favela": false }, "geometry": { "type": "Polygon", "coordinates": [ [ [ -46.787579, -23.663404 ], [ -46.787235, -23.663389 ], [ -46.786859, -23.663106 ], [ -46.786617, -23.663066 ], [ -46.786606, -23.663626 ], [ -46.786663, -23.663632 ], [ -46.786805, -23.664275 ], [ -46.787508, -23.664041 ], [ -46.787717, -23.6639 ], [ -46.787442, -23.663569 ], [ -46.788141, -23.663546 ], [ -46.788308, -23.663393 ], [ -46.78845, -23.663385 ], [ -46.788427, -23.662073 ], [ -46.788526, -23.661925 ], [ -46.787898, -23.661631 ], [ -46.787873, -23.663164 ], [ -46.787579, -23.663404 ] ] ] } },
{ "type": "Feature", "properties": { "CD_SETOR": "355030819000264", "faces": 17, "pavimentada": 94.12, "bueiro": 17.65, "iluminacao": 100.0, "onibus": 0.0, "ciclovia": 0.0, "calcada": 23.53, "obstaculo": 100.0, "rampa": 0.0, "rampa_faces": 0.0, "sem_calcada": 76.47, "sem_arvore": 100.0, "muitas_arvores": 0.0, "vao": 94.12, "V05400": 17, "V05421": 4, "V05406": 16, "V05412": 17, "V05422": 13, "V05424": 4, "V05427": 0, "V05409": 3, "V05415": 0, "V05418": 0, "V05430": 17, "V05433": 0, "criancas_0a4": 33, "em_favela": true }, "geometry": { "type": "Polygon", "coordinates": [ [ [ -46.788889, -23.655538 ], [ -46.788652, -23.656143 ], [ -46.789239, -23.656931 ], [ -46.789235, -23.657163 ], [ -46.789753, -23.657442 ], [ -46.78996, -23.65731 ], [ -46.790116, -23.657454 ], [ -46.790535, -23.657165 ], [ -46.790358, -23.656673 ], [ -46.788889, -23.655538 ] ] ] } },
{ "type": "Feature", "properties": { "CD_SETOR": "355030819000269", "faces": 19, "pavimentada": 100.0, "bueiro": 26.32, "iluminacao": 94.74, "onibus": 15.79, "ciclovia": 0.0, "calcada": 68.42, "obstaculo": 100.0, "rampa": 0.0, "rampa_faces": 0.0, "sem_calcada": 31.58, "sem_arvore": 57.89, "muitas_arvores": 15.79, "vao": 100.0, "V05400": 19, "V05421": 13, "V05406": 19, "V05412": 18, "V05422": 6, "V05424": 13, "V05427": 0, "V05409": 5, "V05415": 3, "V05418": 0, "V05430": 11, "V05433": 3, "criancas_0a4": 28, "em_favela": false }, "geometry": { "type": "Polygon", "coordinates": [ [ [ -46.782447, -23.655763 ], [ -46.782058, -23.65651 ], [ -46.781991, -23.656557 ], [ -46.781818, -23.656522 ], [ -46.781469, -23.656138 ], [ -46.781277, -23.65617 ], [ -46.781132, -23.656508 ], [ -46.78105, -23.656949 ], [ -46.781311, -23.657008 ], [ -46.781477, -23.657178 ], [ -46.781628, -23.657775 ], [ -46.781782, -23.65802 ], [ -46.781939, -23.658463 ], [ -46.782299, -23.658914 ], [ -46.782964, -23.65932 ], [ -46.783596, -23.659306 ], [ -46.783664, -23.659223 ], [ -46.783708, -23.658918 ], [ -46.782821, -23.658836 ], [ -46.782571, -23.65875 ], [ -46.782412, -23.658603 ], [ -46.782101, -23.657807 ], [ -46.78194, -23.657189 ], [ -46.783115, -23.656236 ], [ -46.783196, -23.656287 ], [ -46.783671, -23.656263 ], [ -46.783854, -23.656306 ], [ -46.783813, -23.656056 ], [ -46.783976, -23.656094 ], [ -46.784017, -23.655974 ], [ -46.78305, -23.655817 ], [ -46.782884, -23.655745 ], [ -46.782767, -23.655603 ], [ -46.782447, -23.655763 ] ] ] } },
{ "type": "Feature", "properties": { "CD_SETOR": "355030819000270", "faces": 10, "pavimentada": 100.0, "bueiro": 0.0, "iluminacao": 100.0, "onibus": 10.0, "ciclovia": 30.0, "calcada": 100.0, "obstaculo": 80.0, "rampa": 10.0, "rampa_faces": 10.0, "sem_calcada": 0.0, "sem_arvore": 40.0, "muitas_arvores": 20.0, "vao": 90.0, "V05400": 10, "V05421": 10, "V05406": 10, "V05412": 10, "V05422": 0, "V05424": 8, "V05427": 1, "V05409": 0, "V05415": 1, "V05418": 3, "V05430": 4, "V05433": 2, "criancas_0a4": 19, "em_favela": false }, "geometry": { "type": "Polygon", "coordinates": [ [ [ -46.758291, -23.659213 ], [ -46.75868, -23.659886 ], [ -46.75809, -23.660459 ], [ -46.758579, -23.660501 ], [ -46.758985, -23.66044 ], [ -46.759277, -23.660335 ], [ -46.759581, -23.66011 ], [ -46.760882, -23.658524 ], [ -46.759895, -23.65761 ], [ -46.759536, -23.657672 ], [ -46.759275, -23.657777 ], [ -46.759112, -23.657976 ], [ -46.759091, -23.658281 ], [ -46.759186, -23.658445 ], [ -46.758291, -23.659213 ] ] ] } },
{ "type": "Feature", "properties": { "CD_SETOR": "355030819000271", "faces": 7, "pavimentada": 100.0, "bueiro": 57.14, "iluminacao": 85.71, "onibus": 0.0, "ciclovia": 0.0, "calcada": 85.71, "obstaculo": 100.0, "rampa": 0.0, "rampa_faces": 0.0, "sem_calcada": 14.29, "sem_arvore": 14.29, "muitas_arvores": 14.29, "vao": 100.0, "V05400": 7, "V05421": 6, "V05406": 7, "V05412": 6, "V05422": 1, "V05424": 6, "V05427": 0, "V05409": 4, "V05415": 0, "V05418": 0, "V05430": 1, "V05433": 1, "criancas_0a4": 13, "em_favela": false }, "geometry": { "type": "Polygon", "coordinates": [ [ [ -46.779557, -23.683729 ], [ -46.780168, -23.683799 ], [ -46.780141, -23.683499 ], [ -46.780745, -23.683381 ], [ -46.780674, -23.682678 ], [ -46.780593, -23.682656 ], [ -46.780195, -23.682146 ], [ -46.780027, -23.682037 ], [ -46.780022, -23.682191 ], [ -46.779477, -23.682753 ], [ -46.779557, -23.683729 ] ] ] } },
{ "type": "Feature", "properties": { "CD_SETOR": "355030819000273", "faces": 10, "pavimentada": 100.0, "bueiro": 60.0, "iluminacao": 100.0, "onibus": 20.0, "ciclovia": 0.0, "calcada": 100.0, "obstaculo": 100.0, "rampa": 0.0, "rampa_faces": 0.0, "sem_calcada": 0.0, "sem_arvore": 10.0, "muitas_arvores": 60.0, "vao": 100.0, "V05400": 10, "V05421": 10, "V05406": 10, "V05412": 10, "V05422": 0, "V05424": 10, "V05427": 0, "V05409": 6, "V05415": 2, "V05418": 0, "V05430": 1, "V05433": 6, "criancas_0a4": 36, "em_favela": false }, "geometry": { "type": "Polygon", "coordinates": [ [ [ -46.783269, -23.679585 ], [ -46.782754, -23.680324 ], [ -46.782334, -23.680426 ], [ -46.783442, -23.681635 ], [ -46.784622, -23.679896 ], [ -46.784577, -23.679793 ], [ -46.783985, -23.679556 ], [ -46.783269, -23.679585 ] ] ] } },
{ "type": "Feature", "properties": { "CD_SETOR": "355030819000277", "faces": 15, "pavimentada": 100.0, "bueiro": 13.33, "iluminacao": 53.33, "onibus": 0.0, "ciclovia": 0.0, "calcada": 13.33, "obstaculo": 100.0, "rampa": 0.0, "rampa_faces": 0.0, "sem_calcada": 86.67, "sem_arvore": 93.33, "muitas_arvores": 0.0, "vao": 100.0, "V05400": 15, "V05421": 2, "V05406": 15, "V05412": 8, "V05422": 13, "V05424": 2, "V05427": 0, "V05409": 2, "V05415": 0, "V05418": 0, "V05430": 14, "V05433": 0, "criancas_0a4": 38, "em_favela": true }, "geometry": { "type": "Polygon", "coordinates": [ [ [ -46.789461, -23.66279 ], [ -46.78947, -23.663516 ], [ -46.789631, -23.663867 ], [ -46.789913, -23.663783 ], [ -46.790329, -23.663879 ], [ -46.790523, -23.663685 ], [ -46.790625, -23.663646 ], [ -46.790733, -23.663683 ], [ -46.7908, -23.663591 ], [ -46.790955, -23.663546 ], [ -46.790342, -23.663073 ], [ -46.789855, -23.662907 ], [ -46.789706, -23.662777 ], [ -46.789623, -23.662569 ], [ -46.789535, -23.662602 ], [ -46.789461, -23.66279 ] ] ] } },
{ "type": "Feature", "properties": { "CD_SETOR": "355030819000278", "faces": 6, "pavimentada": 100.0, "bueiro": 50.0, "iluminacao": 100.0, "onibus": 16.67, "ciclovia": 0.0, "calcada": 83.33, "obstaculo": 100.0, "rampa": 0.0, "rampa_faces": 0.0, "sem_calcada": 16.67, "sem_arvore": 33.33, "muitas_arvores": 33.33, "vao": 100.0, "V05400": 6, "V05421": 5, "V05406": 6, "V05412": 6, "V05422": 1, "V05424": 5, "V05427": 0, "V05409": 3, "V05415": 1, "V05418": 0, "V05430": 2, "V05433": 2, "criancas_0a4": 23, "em_favela": false }, "geometry": { "type": "Polygon", "coordinates": [ [ [ -46.788978, -23.663377 ], [ -46.789043, -23.664023 ], [ -46.789341, -23.664693 ], [ -46.789928, -23.664522 ], [ -46.79016, -23.665025 ], [ -46.791066, -23.664705 ], [ -46.791292, -23.66467 ], [ -46.790768, -23.664411 ], [ -46.790028, -23.664137 ], [ -46.789761, -23.664126 ], [ -46.789499, -23.6636 ], [ -46.789463, -23.663345 ], [ -46.788978, -23.663377 ] ] ] } },
{ "type": "Feature", "properties": { "CD_SETOR": "355030819000280", "faces": 11, "pavimentada": 100.0, "bueiro": 18.18, "iluminacao": 100.0, "onibus": 9.09, "ciclovia": 9.09, "calcada": 63.64, "obstaculo": 100.0, "rampa": 0.0, "rampa_faces": 0.0, "sem_calcada": 36.36, "sem_arvore": 72.73, "muitas_arvores": 0.0, "vao": 100.0, "V05400": 11, "V05421": 7, "V05406": 11, "V05412": 11, "V05422": 4, "V05424": 7, "V05427": 0, "V05409": 2, "V05415": 1, "V05418": 1, "V05430": 8, "V05433": 0, "criancas_0a4": 30, "em_favela": false }, "geometry": { "type": "Polygon", "coordinates": [ [ [ -46.789503, -23.658095 ], [ -46.789311, -23.658285 ], [ -46.788856, -23.659344 ], [ -46.789423, -23.659549 ], [ -46.789548, -23.659249 ], [ -46.790105, -23.659437 ], [ -46.790007, -23.659715 ], [ -46.790337, -23.659695 ], [ -46.790564, -23.659613 ], [ -46.790858, -23.659222 ], [ -46.789971, -23.658419 ], [ -46.790367, -23.658124 ], [ -46.790217, -23.658008 ], [ -46.789978, -23.657956 ], [ -46.78969, -23.657992 ], [ -46.789503, -23.658095 ] ] ] } },
{ "type": "Feature", "properties": { "CD_SETOR": "355030819000281", "faces": 8, "pavimentada": 100.0, "bueiro": 25.0, "iluminacao": 100.0, "onibus": 0.0, "ciclovia": 0.0, "calcada": 75.0, "obstaculo": 83.33, "rampa": 0.0, "rampa_faces": 0.0, "sem_calcada": 25.0, "sem_arvore": 37.5, "muitas_arvores": 0.0, "vao": 100.0, "V05400": 8, "V05421": 6, "V05406": 8, "V05412": 8, "V05422": 2, "V05424": 5, "V05427": 0, "V05409": 2, "V05415": 0, "V05418": 0, "V05430": 3, "V05433": 0, "criancas_0a4": 20, "em_favela": false }, "geometry": { "type": "Polygon", "coordinates": [ [ [ -46.784795, -23.651061 ], [ -46.785083, -23.651521 ], [ -46.78535, -23.651845 ], [ -46.786171, -23.652673 ], [ -46.786651, -23.652323 ], [ -46.78664, -23.652257 ], [ -46.78651, -23.652152 ], [ -46.786027, -23.651922 ], [ -46.785737, -23.651706 ], [ -46.785278, -23.650948 ], [ -46.784795, -23.651061 ] ] ] } },
{ "type": "Feature", "properties": { "CD_SETOR": "355030819000285", "faces": 18, "pavimentada": 100.0, "bueiro": 33.33, "iluminacao": 100.0, "onibus": 22.22, "ciclovia": 0.0, "calcada": 61.11, "obstaculo": 81.82, "rampa": 0.0, "rampa_faces": 0.0, "sem_calcada": 38.89, "sem_arvore": 77.78, "muitas_arvores": 0.0, "vao": 100.0, "V05400": 18, "V05421": 11, "V05406": 18, "V05412": 18, "V05422": 7, "V05424": 9, "V05427": 0, "V05409": 6, "V05415": 4, "V05418": 0, "V05430": 14, "V05433": 0, "criancas_0a4": 39, "em_favela": false }, "geometry": { "type": "Polygon", "coordinates": [ [ [ -46.783281, -23.684527 ], [ -46.783787, -23.684466 ], [ -46.783785, -23.684363 ], [ -46.784009, -23.684356 ], [ -46.783976, -23.683478 ], [ -46.783763, -23.683296 ], [ -46.783497, -23.683202 ], [ -46.782738, -23.683533 ], [ -46.78259, -23.683529 ], [ -46.782614, -23.683801 ], [ -46.78249, -23.684089 ], [ -46.781417, -23.683527 ], [ -46.781366, -23.683307 ], [ -46.781258, -23.683423 ], [ -46.780993, -23.683964 ], [ -46.780872, -23.68437 ], [ -46.780897, -23.684506 ], [ -46.781057, -23.68469 ], [ -46.781995, -23.685308 ], [ -46.782367, -23.684833 ], [ -46.782488, -23.68491 ], [ -46.783281, -23.684527 ] ] ] } },
{ "type": "Feature", "properties": { "CD_SETOR": "355030819000286", "faces": 3, "pavimentada": 100.0, "bueiro": 33.33, "iluminacao": 100.0, "onibus": 0.0, "ciclovia": 0.0, "calcada": 66.67, "obstaculo": 100.0, "rampa": 0.0, "rampa_faces": 0.0, "sem_calcada": 33.33, "sem_arvore": 0.0, "muitas_arvores": 0.0, "vao": 100.0, "V05400": 3, "V05421": 2, "V05406": 3, "V05412": 3, "V05422": 1, "V05424": 2, "V05427": 0, "V05409": 1, "V05415": 0, "V05418": 0, "V05430": 0, "V05433": 0, "criancas_0a4": 11, "em_favela": false }, "geometry": { "type": "Polygon", "coordinates": [ [ [ -46.782037, -23.686946 ], [ -46.78291, -23.687503 ], [ -46.783266, -23.687056 ], [ -46.782912, -23.686843 ], [ -46.782873, -23.686721 ], [ -46.783465, -23.685934 ], [ -46.783361, -23.685885 ], [ -46.783267, -23.685861 ], [ -46.783055, -23.686015 ], [ -46.782737, -23.685836 ], [ -46.78274, -23.685918 ], [ -46.78263, -23.68609 ], [ -46.782027, -23.686821 ], [ -46.782037, -23.686946 ] ] ] } },
{ "type": "Feature", "properties": { "CD_SETOR": "355030819000287", "faces": 30, "pavimentada": 93.33, "bueiro": 70.0, "iluminacao": 86.67, "onibus": 6.67, "ciclovia": 13.33, "calcada": 73.33, "obstaculo": 81.82, "rampa": 0.0, "rampa_faces": 0.0, "sem_calcada": 26.67, "sem_arvore": 70.0, "muitas_arvores": 10.0, "vao": 93.33, "V05400": 30, "V05421": 22, "V05406": 28, "V05412": 26, "V05422": 8, "V05424": 18, "V05427": 0, "V05409": 21, "V05415": 2, "V05418": 4, "V05430": 21, "V05433": 3, "criancas_0a4": 43, "em_favela": true }, "geometry": { "type": "Polygon", "coordinates": [ [ [ -46.78407, -23.684669 ], [ -46.784009, -23.684356 ], [ -46.783785, -23.684363 ], [ -46.783787, -23.684466 ], [ -46.783338, -23.684507 ], [ -46.782488, -23.68491 ], [ -46.783849, -23.685811 ], [ -46.783958, -23.685911 ], [ -46.783873, -23.686041 ], [ -46.784015, -23.686081 ], [ -46.784674, -23.686605 ], [ -46.784838, -23.686538 ], [ -46.784945, -23.686418 ], [ -46.784978, -23.686336 ], [ -46.784892, -23.686202 ], [ -46.784888, -23.686098 ], [ -46.785335, -23.685456 ], [ -46.784779, -23.684891 ], [ -46.784655, -23.685013 ], [ -46.784219, -23.684637 ], [ -46.78407, -23.684669 ] ] ] } },
{ "type": "Feature", "properties": { "CD_SETOR": "355030819000288", "faces": 3, "pavimentada": 100.0, "bueiro": 33.33, "iluminacao": 100.0, "onibus": 0.0, "ciclovia": 0.0, "calcada": 100.0, "obstaculo": 66.67, "rampa": 0.0, "rampa_faces": 0.0, "sem_calcada": 0.0, "sem_arvore": 33.33, "muitas_arvores": 0.0, "vao": 100.0, "V05400": 3, "V05421": 3, "V05406": 3, "V05412": 3, "V05422": 0, "V05424": 2, "V05427": 0, "V05409": 1, "V05415": 0, "V05418": 0, "V05430": 1, "V05433": 0, "criancas_0a4": 8, "em_favela": false }, "geometry": { "type": "Polygon", "coordinates": [ [ [ -46.783635, -23.685676 ], [ -46.78289, -23.686676 ], [ -46.782872, -23.68677 ], [ -46.782912, -23.686843 ], [ -46.783539, -23.687265 ], [ -46.783823, -23.687118 ], [ -46.783649, -23.686873 ], [ -46.78349, -23.686457 ], [ -46.783515, -23.686345 ], [ -46.783796, -23.686012 ], [ -46.783958, -23.685911 ], [ -46.783635, -23.685676 ] ] ] } },
{ "type": "Feature", "properties": { "CD_SETOR": "355030819000290", "faces": 2, "pavimentada": 100.0, "bueiro": 50.0, "iluminacao": 100.0, "onibus": 50.0, "ciclovia": 0.0, "calcada": 100.0, "obstaculo": 50.0, "rampa": 100.0, "rampa_faces": 100.0, "sem_calcada": 0.0, "sem_arvore": 0.0, "muitas_arvores": 100.0, "vao": 0.0, "V05400": 2, "V05421": 2, "V05406": 2, "V05412": 2, "V05422": 0, "V05424": 1, "V05427": 2, "V05409": 1, "V05415": 1, "V05418": 0, "V05430": 0, "V05433": 2, "criancas_0a4": 37, "em_favela": false }, "geometry": { "type": "Polygon", "coordinates": [ [ [ -46.791661, -23.679412 ], [ -46.792687, -23.676681 ], [ -46.792294, -23.676413 ], [ -46.792117, -23.676644 ], [ -46.791155, -23.679169 ], [ -46.791661, -23.679412 ] ] ] } },
{ "type": "Feature", "properties": { "CD_SETOR": "355030819000291", "faces": 3, "pavimentada": 100.0, "bueiro": 100.0, "iluminacao": 100.0, "onibus": 66.67, "ciclovia": 0.0, "calcada": 100.0, "obstaculo": 100.0, "rampa": 0.0, "rampa_faces": 0.0, "sem_calcada": 0.0, "sem_arvore": 0.0, "muitas_arvores": 100.0, "vao": 100.0, "V05400": 3, "V05421": 3, "V05406": 3, "V05412": 3, "V05422": 0, "V05424": 3, "V05427": 0, "V05409": 3, "V05415": 2, "V05418": 0, "V05430": 0, "V05433": 3, "criancas_0a4": 26, "em_favela": false }, "geometry": { "type": "Polygon", "coordinates": [ [ [ -46.791885, -23.678806 ], [ -46.792677, -23.679089 ], [ -46.793088, -23.677281 ], [ -46.79319, -23.677062 ], [ -46.792687, -23.676681 ], [ -46.791885, -23.678806 ] ] ] } },
{ "type": "Feature", "properties": { "CD_SETOR": "355030819000292", "faces": 14, "pavimentada": 100.0, "bueiro": 64.29, "iluminacao": 100.0, "onibus": 28.57, "ciclovia": 0.0, "calcada": 71.43, "obstaculo": 100.0, "rampa": 0.0, "rampa_faces": 0.0, "sem_calcada": 28.57, "sem_arvore": 21.43, "muitas_arvores": 35.71, "vao": 100.0, "V05400": 14, "V05421": 10, "V05406": 14, "V05412": 14, "V05422": 4, "V05424": 10, "V05427": 0, "V05409": 9, "V05415": 4, "V05418": 0, "V05430": 3, "V05433": 5, "criancas_0a4": 28, "em_favela": false }, "geometry": { "type": "Polygon", "coordinates": [ [ [ -46.793934, -23.671355 ], [ -46.794589, -23.671583 ], [ -46.794731, -23.671712 ], [ -46.795008, -23.672354 ], [ -46.794994, -23.672596 ], [ -46.794854, -23.672849 ], [ -46.795269, -23.673234 ], [ -46.795972, -23.672702 ], [ -46.795431, -23.671692 ], [ -46.795924, -23.671494 ], [ -46.796111, -23.671502 ], [ -46.79548, -23.670266 ], [ -46.79535, -23.670312 ], [ -46.793934, -23.671355 ] ] ] } },
{ "type": "Feature", "properties": { "CD_SETOR": "355030819000297", "faces": 5, "pavimentada": 100.0, "bueiro": 100.0, "iluminacao": 100.0, "onibus": 0.0, "ciclovia": 0.0, "calcada": 100.0, "obstaculo": 100.0, "rampa": 0.0, "rampa_faces": 0.0, "sem_calcada": 0.0, "sem_arvore": 0.0, "muitas_arvores": 60.0, "vao": 100.0, "V05400": 5, "V05421": 5, "V05406": 5, "V05412": 5, "V05422": 0, "V05424": 5, "V05427": 0, "V05409": 5, "V05415": 0, "V05418": 0, "V05430": 0, "V05433": 3, "criancas_0a4": 25, "em_favela": false }, "geometry": { "type": "Polygon", "coordinates": [ [ [ -46.781706, -23.68812 ], [ -46.784077, -23.688592 ], [ -46.78421, -23.688402 ], [ -46.784255, -23.688241 ], [ -46.784201, -23.688139 ], [ -46.784078, -23.688083 ], [ -46.782613, -23.687766 ], [ -46.782296, -23.6878 ], [ -46.78114, -23.687101 ], [ -46.781543, -23.687892 ], [ -46.781706, -23.68812 ] ] ] } },
{ "type": "Feature", "properties": { "CD_SETOR": "355030819000298", "faces": 19, "pavimentada": 100.0, "bueiro": 52.63, "iluminacao": 100.0, "onibus": 15.79, "ciclovia": 0.0, "calcada": 73.68, "obstaculo": 57.14, "rampa": 21.43, "rampa_faces": 15.79, "sem_calcada": 26.32, "sem_arvore": 31.58, "muitas_arvores": 42.11, "vao": 84.21, "V05400": 19, "V05421": 14, "V05406": 19, "V05412": 19, "V05422": 5, "V05424": 8, "V05427": 3, "V05409": 10, "V05415": 3, "V05418": 0, "V05430": 6, "V05433": 8, "criancas_0a4": 22, "em_favela": false }, "geometry": { "type": "Polygon", "coordinates": [ [ [ -46.786765, -23.684208 ], [ -46.787149, -23.68468 ], [ -46.78572, -23.685877 ], [ -46.785902, -23.685837 ], [ -46.787298, -23.685246 ], [ -46.788238, -23.684765 ], [ -46.789391, -23.684255 ], [ -46.789214, -23.684152 ], [ -46.788737, -23.684046 ], [ -46.788534, -23.68395 ], [ -46.789272, -23.683504 ], [ -46.789193, -23.68327 ], [ -46.788237, -23.68391 ], [ -46.787875, -23.68345 ], [ -46.786765, -23.684208 ] ] ] } },
{ "type": "Feature", "properties": { "CD_SETOR": "355030819000299", "faces": 9, "pavimentada": 77.78, "bueiro": 77.78, "iluminacao": 100.0, "onibus": 22.22, "ciclovia": 0.0, "calcada": 77.78, "obstaculo": 85.71, "rampa": 0.0, "rampa_faces": 0.0, "sem_calcada": 22.22, "sem_arvore": 77.78, "muitas_arvores": 11.11, "vao": 77.78, "V05400": 9, "V05421": 7, "V05406": 7, "V05412": 9, "V05422": 2, "V05424": 6, "V05427": 0, "V05409": 7, "V05415": 2, "V05418": 0, "V05430": 7, "V05433": 1, "criancas_0a4": 32, "em_favela": true }, "geometry": { "type": "Polygon", "coordinates": [ [ [ -46.791009, -23.68341 ], [ -46.79064, -23.683535 ], [ -46.791024, -23.685018 ], [ -46.791031, -23.68533 ], [ -46.79095, -23.685681 ], [ -46.791848, -23.685913 ], [ -46.792379, -23.685234 ], [ -46.792534, -23.685171 ], [ -46.793067, -23.685136 ], [ -46.793265, -23.68503 ], [ -46.792758, -23.684927 ], [ -46.792304, -23.684661 ], [ -46.791715, -23.683652 ], [ -46.791426, -23.683299 ], [ -46.791183, -23.683409 ], [ -46.791009, -23.68341 ] ] ] } },
{ "type": "Feature", "properties": { "CD_SETOR": "355030819000300", "faces": 7, "pavimentada": 100.0, "bueiro": 100.0, "iluminacao": 100.0, "onibus": 0.0, "ciclovia": 0.0, "calcada": 100.0, "obstaculo": 85.71, "rampa": 0.0, "rampa_faces": 0.0, "sem_calcada": 0.0, "sem_arvore": 71.43, "muitas_arvores": 0.0, "vao": 100.0, "V05400": 7, "V05421": 7, "V05406": 7, "V05412": 7, "V05422": 0, "V05424": 6, "V05427": 0, "V05409": 7, "V05415": 0, "V05418": 0, "V05430": 5, "V05433": 0, "criancas_0a4": 46, "em_favela": false }, "geometry": { "type": "Polygon", "coordinates": [ [ [ -46.794444, -23.683313 ], [ -46.794278, -23.683963 ], [ -46.794129, -23.684057 ], [ -46.794015, -23.684056 ], [ -46.793758, -23.685116 ], [ -46.794282, -23.685168 ], [ -46.795308, -23.685075 ], [ -46.795463, -23.684933 ], [ -46.795509, -23.684769 ], [ -46.795382, -23.68356 ], [ -46.794999, -23.683416 ], [ -46.794715, -23.683246 ], [ -46.794444, -23.683313 ] ] ] } },
{ "type": "Feature", "properties": { "CD_SETOR": "355030819000301", "faces": 11, "pavimentada": 100.0, "bueiro": 36.36, "iluminacao": 100.0, "onibus": 0.0, "ciclovia": 0.0, "calcada": 90.91, "obstaculo": 100.0, "rampa": 0.0, "rampa_faces": 0.0, "sem_calcada": 9.09, "sem_arvore": 36.36, "muitas_arvores": 9.09, "vao": 100.0, "V05400": 11, "V05421": 10, "V05406": 11, "V05412": 11, "V05422": 1, "V05424": 10, "V05427": 0, "V05409": 4, "V05415": 0, "V05418": 0, "V05430": 4, "V05433": 1, "criancas_0a4": 26, "em_favela": false }, "geometry": { "type": "Polygon", "coordinates": [ [ [ -46.792926, -23.680884 ], [ -46.792737, -23.680976 ], [ -46.792389, -23.681287 ], [ -46.792036, -23.681385 ], [ -46.794396, -23.682558 ], [ -46.794423, -23.682646 ], [ -46.794304, -23.683126 ], [ -46.794419, -23.683308 ], [ -46.794715, -23.683246 ], [ -46.794999, -23.683416 ], [ -46.795382, -23.68356 ], [ -46.795443, -23.682859 ], [ -46.795545, -23.682682 ], [ -46.795266, -23.681907 ], [ -46.795116, -23.681687 ], [ -46.79477, -23.68145 ], [ -46.793879, -23.681203 ], [ -46.793425, -23.680928 ], [ -46.793157, -23.680866 ], [ -46.792926, -23.680884 ] ] ] } },
{ "type": "Feature", "properties": { "CD_SETOR": "355030819000303", "faces": 19, "pavimentada": 100.0, "bueiro": 10.53, "iluminacao": 100.0, "onibus": 0.0, "ciclovia": 0.0, "calcada": 73.68, "obstaculo": 100.0, "rampa": 0.0, "rampa_faces": 0.0, "sem_calcada": 26.32, "sem_arvore": 21.05, "muitas_arvores": 26.32, "vao": 100.0, "V05400": 19, "V05421": 14, "V05406": 19, "V05412": 19, "V05422": 5, "V05424": 14, "V05427": 0, "V05409": 2, "V05415": 0, "V05418": 0, "V05430": 4, "V05433": 5, "criancas_0a4": 47, "em_favela": false }, "geometry": { "type": "Polygon", "coordinates": [ [ [ -46.79034, -23.649769 ], [ -46.789373, -23.649813 ], [ -46.78926, -23.650053 ], [ -46.788217, -23.650108 ], [ -46.787918, -23.650366 ], [ -46.788708, -23.651027 ], [ -46.789016, -23.651565 ], [ -46.789763, -23.651242 ], [ -46.790553, -23.649697 ], [ -46.79034, -23.649769 ] ] ] } },
{ "type": "Feature", "properties": { "CD_SETOR": "355030819000305", "faces": 2, "pavimentada": 100.0, "bueiro": 0.0, "iluminacao": 100.0, "onibus": 50.0, "ciclovia": 0.0, "calcada": 100.0, "obstaculo": 100.0, "rampa": 0.0, "rampa_faces": 0.0, "sem_calcada": 0.0, "sem_arvore": 0.0, "muitas_arvores": 0.0, "vao": 100.0, "V05400": 2, "V05421": 2, "V05406": 2, "V05412": 2, "V05422": 0, "V05424": 2, "V05427": 0, "V05409": 0, "V05415": 1, "V05418": 0, "V05430": 0, "V05433": 0, "criancas_0a4": 37, "em_favela": false }, "geometry": { "type": "Polygon", "coordinates": [ [ [ -46.791042, -23.690269 ], [ -46.791081, -23.690715 ], [ -46.791282, -23.690949 ], [ -46.792091, -23.691257 ], [ -46.79258, -23.691311 ], [ -46.792854, -23.690815 ], [ -46.79121, -23.690235 ], [ -46.791042, -23.690269 ] ] ] } },
{ "type": "Feature", "properties": { "CD_SETOR": "355030819000307", "faces": 17, "pavimentada": 100.0, "bueiro": 70.59, "iluminacao": 100.0, "onibus": 17.65, "ciclovia": 0.0, "calcada": 76.47, "obstaculo": 76.92, "rampa": 0.0, "rampa_faces": 0.0, "sem_calcada": 23.53, "sem_arvore": 52.94, "muitas_arvores": 5.88, "vao": 100.0, "V05400": 17, "V05421": 13, "V05406": 17, "V05412": 17, "V05422": 4, "V05424": 10, "V05427": 0, "V05409": 12, "V05415": 3, "V05418": 0, "V05430": 9, "V05433": 1, "criancas_0a4": 25, "em_favela": false }, "geometry": { "type": "Polygon", "coordinates": [ [ [ -46.796616, -23.687931 ], [ -46.796721, -23.687994 ], [ -46.797673, -23.689275 ], [ -46.797857, -23.689347 ], [ -46.798037, -23.688922 ], [ -46.799651, -23.689006 ], [ -46.799723, -23.6889 ], [ -46.799011, -23.687605 ], [ -46.798027, -23.687525 ], [ -46.798075, -23.686869 ], [ -46.796617, -23.686745 ], [ -46.79658, -23.687692 ], [ -46.796616, -23.687931 ] ] ] } },
{ "type": "Feature", "properties": { "CD_SETOR": "355030819000308", "faces": 7, "pavimentada": 100.0, "bueiro": 71.43, "iluminacao": 100.0, "onibus": 14.29, "ciclovia": 0.0, "calcada": 71.43, "obstaculo": 100.0, "rampa": 0.0, "rampa_faces": 0.0, "sem_calcada": 28.57, "sem_arvore": 42.86, "muitas_arvores": 42.86, "vao": 100.0, "V05400": 7, "V05421": 5, "V05406": 7, "V05412": 7, "V05422": 2, "V05424": 5, "V05427": 0, "V05409": 5, "V05415": 1, "V05418": 0, "V05430": 3, "V05433": 3, "criancas_0a4": 40, "em_favela": false }, "geometry": { "type": "Polygon", "coordinates": [ [ [ -46.799723, -23.6889 ], [ -46.799651, -23.689006 ], [ -46.798037, -23.688922 ], [ -46.797656, -23.68977 ], [ -46.797577, -23.690044 ], [ -46.797669, -23.690387 ], [ -46.797847, -23.69073 ], [ -46.797618, -23.691564 ], [ -46.797785, -23.692201 ], [ -46.797871, -23.692369 ], [ -46.798114, -23.69154 ], [ -46.79828, -23.691208 ], [ -46.79986, -23.688914 ], [ -46.799723, -23.6889 ] ] ] } },
{ "type": "Feature", "properties": { "CD_SETOR": "355030819000309", "faces": 8, "pavimentada": 100.0, "bueiro": 62.5, "iluminacao": 100.0, "onibus": 25.0, "ciclovia": 0.0, "calcada": 75.0, "obstaculo": 100.0, "rampa": 0.0, "rampa_faces": 0.0, "sem_calcada": 25.0, "sem_arvore": 50.0, "muitas_arvores": 12.5, "vao": 100.0, "V05400": 8, "V05421": 6, "V05406": 8, "V05412": 8, "V05422": 2, "V05424": 6, "V05427": 0, "V05409": 5, "V05415": 2, "V05418": 0, "V05430": 4, "V05433": 1, "criancas_0a4": 60, "em_favela": false }, "geometry": { "type": "Polygon", "coordinates": [ [ [ -46.794265, -23.693714 ], [ -46.794841, -23.694031 ], [ -46.796149, -23.69463 ], [ -46.796357, -23.694706 ], [ -46.796536, -23.694688 ], [ -46.796767, -23.694552 ], [ -46.797428, -23.693833 ], [ -46.797723, -23.69293 ], [ -46.79665, -23.69269 ], [ -46.796461, -23.693278 ], [ -46.796042, -23.693651 ], [ -46.795899, -23.693684 ], [ -46.795753, -23.693657 ], [ -46.79517, -23.693407 ], [ -46.795098, -23.693328 ], [ -46.794265, -23.693714 ] ] ] } },
{ "type": "Feature", "properties": { "CD_SETOR": "355030819000310", "faces": 10, "pavimentada": 100.0, "bueiro": 30.0, "iluminacao": 100.0, "onibus": 10.0, "ciclovia": 0.0, "calcada": 80.0, "obstaculo": 37.5, "rampa": 0.0, "rampa_faces": 0.0, "sem_calcada": 20.0, "sem_arvore": 50.0, "muitas_arvores": 30.0, "vao": 100.0, "V05400": 10, "V05421": 8, "V05406": 10, "V05412": 10, "V05422": 2, "V05424": 3, "V05427": 0, "V05409": 3, "V05415": 1, "V05418": 0, "V05430": 5, "V05433": 3, "criancas_0a4": 30, "em_favela": false }, "geometry": { "type": "Polygon", "coordinates": [ [ [ -46.788427, -23.662073 ], [ -46.788422, -23.664225 ], [ -46.788099, -23.664854 ], [ -46.787995, -23.665331 ], [ -46.787988, -23.665876 ], [ -46.788191, -23.666366 ], [ -46.788655, -23.665559 ], [ -46.788806, -23.665396 ], [ -46.78903, -23.665291 ], [ -46.789702, -23.665175 ], [ -46.79016, -23.665025 ], [ -46.789928, -23.664522 ], [ -46.789341, -23.664693 ], [ -46.789043, -23.664023 ], [ -46.788977, -23.663582 ], [ -46.788981, -23.662013 ], [ -46.788526, -23.661925 ], [ -46.788427, -23.662073 ] ] ] } },
{ "type": "Feature", "properties": { "CD_SETOR": "355030819000311", "faces": 14, "pavimentada": 100.0, "bueiro": 0.0, "iluminacao": 100.0, "onibus": 0.0, "ciclovia": 0.0, "calcada": 100.0, "obstaculo": 42.86, "rampa": 0.0, "rampa_faces": 0.0, "sem_calcada": 0.0, "sem_arvore": 78.57, "muitas_arvores": 14.29, "vao": 100.0, "V05400": 14, "V05421": 14, "V05406": 14, "V05412": 14, "V05422": 0, "V05424": 6, "V05427": 0, "V05409": 0, "V05415": 0, "V05418": 0, "V05430": 11, "V05433": 2, "criancas_0a4": 32, "em_favela": false }, "geometry": { "type": "Polygon", "coordinates": [ [ [ -46.77454, -23.66418 ], [ -46.774647, -23.66521 ], [ -46.775713, -23.665121 ], [ -46.775675, -23.664769 ], [ -46.776106, -23.664723 ], [ -46.776028, -23.664044 ], [ -46.77454, -23.66418 ] ] ] } },
{ "type": "Feature", "properties": { "CD_SETOR": "355030819000312", "faces": 2, "pavimentada": 100.0, "bueiro": 100.0, "iluminacao": 100.0, "onibus": 50.0, "ciclovia": 0.0, "calcada": 100.0, "obstaculo": 50.0, "rampa": 50.0, "rampa_faces": 50.0, "sem_calcada": 0.0, "sem_arvore": 50.0, "muitas_arvores": 0.0, "vao": 50.0, "V05400": 2, "V05421": 2, "V05406": 2, "V05412": 2, "V05422": 0, "V05424": 1, "V05427": 1, "V05409": 2, "V05415": 1, "V05418": 0, "V05430": 1, "V05433": 0, "criancas_0a4": 12, "em_favela": false }, "geometry": { "type": "Polygon", "coordinates": [ [ [ -46.772481, -23.665932 ], [ -46.772663, -23.666152 ], [ -46.772979, -23.666377 ], [ -46.773357, -23.666469 ], [ -46.773373, -23.666982 ], [ -46.773635, -23.667009 ], [ -46.773947, -23.666968 ], [ -46.774147, -23.666794 ], [ -46.774721, -23.666476 ], [ -46.774457, -23.66613 ], [ -46.774041, -23.666065 ], [ -46.773267, -23.665555 ], [ -46.772783, -23.665508 ], [ -46.772481, -23.665932 ] ] ] } },
{ "type": "Feature", "properties": { "CD_SETOR": "355030819000313", "faces": 14, "pavimentada": 100.0, "bueiro": 85.71, "iluminacao": 85.71, "onibus": 0.0, "ciclovia": 0.0, "calcada": 78.57, "obstaculo": 100.0, "rampa": 0.0, "rampa_faces": 0.0, "sem_calcada": 21.43, "sem_arvore": 78.57, "muitas_arvores": 0.0, "vao": 100.0, "V05400": 14, "V05421": 11, "V05406": 14, "V05412": 12, "V05422": 3, "V05424": 11, "V05427": 0, "V05409": 12, "V05415": 0, "V05418": 0, "V05430": 11, "V05433": 0, "criancas_0a4": 25, "em_favela": false }, "geometry": { "type": "Polygon", "coordinates": [ [ [ -46.769211, -23.660095 ], [ -46.769719, -23.65983 ], [ -46.770116, -23.659801 ], [ -46.770579, -23.659895 ], [ -46.770849, -23.659753 ], [ -46.770662, -23.659201 ], [ -46.771059, -23.659069 ], [ -46.771535, -23.658763 ], [ -46.771745, -23.658522 ], [ -46.771808, -23.658356 ], [ -46.771106, -23.658122 ], [ -46.770469, -23.658475 ], [ -46.769687, -23.659071 ], [ -46.769242, -23.659291 ], [ -46.769266, -23.659574 ], [ -46.768995, -23.659706 ], [ -46.769211, -23.660095 ] ] ] } },
{ "type": "Feature", "properties": { "CD_SETOR": "355030819000314", "faces": 14, "pavimentada": 100.0, "bueiro": 35.71, "iluminacao": 100.0, "onibus": 14.29, "ciclovia": 7.14, "calcada": 85.71, "obstaculo": 91.67, "rampa": 16.67, "rampa_faces": 14.29, "sem_calcada": 14.29, "sem_arvore": 50.0, "muitas_arvores": 14.29, "vao": 85.71, "V05400": 14, "V05421": 12, "V05406": 14, "V05412": 14, "V05422": 2, "V05424": 11, "V05427": 2, "V05409": 5, "V05415": 2, "V05418": 1, "V05430": 7, "V05433": 2, "criancas_0a4": 17, "em_favela": false }, "geometry": { "type": "Polygon", "coordinates": [ [ [ -46.770972, -23.668998 ], [ -46.770917, -23.669368 ], [ -46.771165, -23.670037 ], [ -46.769657, -23.669994 ], [ -46.769619, -23.670644 ], [ -46.77058, -23.670716 ], [ -46.772373, -23.670167 ], [ -46.772331, -23.66952 ], [ -46.77168, -23.669817 ], [ -46.771722, -23.668601 ], [ -46.771634, -23.668712 ], [ -46.770972, -23.668998 ] ] ] } },
{ "type": "Feature", "properties": { "CD_SETOR": "355030819000315", "faces": 17, "pavimentada": 100.0, "bueiro": 0.0, "iluminacao": 100.0, "onibus": 0.0, "ciclovia": 0.0, "calcada": 88.24, "obstaculo": 100.0, "rampa": 20.0, "rampa_faces": 17.65, "sem_calcada": 11.76, "sem_arvore": 23.53, "muitas_arvores": 35.29, "vao": 82.35, "V05400": 17, "V05421": 15, "V05406": 17, "V05412": 17, "V05422": 2, "V05424": 15, "V05427": 3, "V05409": 0, "V05415": 0, "V05418": 0, "V05430": 4, "V05433": 6, "criancas_0a4": 25, "em_favela": false }, "geometry": { "type": "Polygon", "coordinates": [ [ [ -46.768634, -23.671299 ], [ -46.768701, -23.671281 ], [ -46.768732, -23.671538 ], [ -46.76885, -23.671676 ], [ -46.76963, -23.671911 ], [ -46.769753, -23.671463 ], [ -46.769623, -23.670996 ], [ -46.769697, -23.670977 ], [ -46.769584, -23.670716 ], [ -46.769657, -23.669994 ], [ -46.771165, -23.670037 ], [ -46.770917, -23.669368 ], [ -46.770972, -23.668998 ], [ -46.768743, -23.669947 ], [ -46.767609, -23.670562 ], [ -46.768634, -23.671299 ] ] ] } },
{ "type": "Feature", "properties": { "CD_SETOR": "355030819000316", "faces": 8, "pavimentada": 100.0, "bueiro": 87.5, "iluminacao": 100.0, "onibus": 25.0, "ciclovia": 0.0, "calcada": 100.0, "obstaculo": 100.0, "rampa": 12.5, "rampa_faces": 12.5, "sem_calcada": 0.0, "sem_arvore": 50.0, "muitas_arvores": 0.0, "vao": 87.5, "V05400": 8, "V05421": 8, "V05406": 8, "V05412": 8, "V05422": 0, "V05424": 8, "V05427": 1, "V05409": 7, "V05415": 2, "V05418": 0, "V05430": 4, "V05433": 0, "criancas_0a4": 34, "em_favela": false }, "geometry": { "type": "Polygon", "coordinates": [ [ [ -46.769563, -23.674544 ], [ -46.769975, -23.675167 ], [ -46.770969, -23.674903 ], [ -46.771234, -23.675454 ], [ -46.771286, -23.675524 ], [ -46.771376, -23.675535 ], [ -46.772394, -23.675039 ], [ -46.772829, -23.674702 ], [ -46.773683, -23.674483 ], [ -46.773522, -23.673715 ], [ -46.773329, -23.67332 ], [ -46.773298, -23.672639 ], [ -46.771119, -23.673194 ], [ -46.769706, -23.673864 ], [ -46.769652, -23.673928 ], [ -46.769563, -23.674544 ] ] ] } },
{ "type": "Feature", "properties": { "CD_SETOR": "355030819000318", "faces": 8, "pavimentada": 100.0, "bueiro": 12.5, "iluminacao": 100.0, "onibus": 25.0, "ciclovia": 0.0, "calcada": 100.0, "obstaculo": 50.0, "rampa": 0.0, "rampa_faces": 0.0, "sem_calcada": 0.0, "sem_arvore": 87.5, "muitas_arvores": 0.0, "vao": 100.0, "V05400": 8, "V05421": 8, "V05406": 8, "V05412": 8, "V05422": 0, "V05424": 4, "V05427": 0, "V05409": 1, "V05415": 2, "V05418": 0, "V05430": 7, "V05433": 0, "criancas_0a4": 31, "em_favela": false }, "geometry": { "type": "Polygon", "coordinates": [ [ [ -46.776631, -23.661087 ], [ -46.776698, -23.66178 ], [ -46.776993, -23.661865 ], [ -46.777778, -23.662762 ], [ -46.778178, -23.662053 ], [ -46.777627, -23.661372 ], [ -46.777327, -23.661154 ], [ -46.777092, -23.661073 ], [ -46.776631, -23.661087 ] ] ] } },
{ "type": "Feature", "properties": { "CD_SETOR": "355030819000320", "faces": 12, "pavimentada": 100.0, "bueiro": 16.67, "iluminacao": 100.0, "onibus": 8.33, "ciclovia": 0.0, "calcada": 66.67, "obstaculo": 100.0, "rampa": 0.0, "rampa_faces": 0.0, "sem_calcada": 33.33, "sem_arvore": 66.67, "muitas_arvores": 8.33, "vao": 100.0, "V05400": 12, "V05421": 8, "V05406": 12, "V05412": 12, "V05422": 4, "V05424": 8, "V05427": 0, "V05409": 2, "V05415": 1, "V05418": 0, "V05430": 8, "V05433": 1, "criancas_0a4": 27, "em_favela": false }, "geometry": { "type": "Polygon", "coordinates": [ [ [ -46.764682, -23.66688 ], [ -46.764942, -23.667716 ], [ -46.765719, -23.667444 ], [ -46.766066, -23.667402 ], [ -46.765762, -23.666439 ], [ -46.765587, -23.665454 ], [ -46.764418, -23.665624 ], [ -46.764682, -23.66688 ] ] ] } },
{ "type": "Feature", "properties": { "CD_SETOR": "355030819000321", "faces": 18, "pavimentada": 100.0, "bueiro": 0.0, "iluminacao": 100.0, "onibus": 16.67, "ciclovia": 0.0, "calcada": 66.67, "obstaculo": 100.0, "rampa": 8.33, "rampa_faces": 5.56, "sem_calcada": 33.33, "sem_arvore": 83.33, "muitas_arvores": 0.0, "vao": 94.44, "V05400": 18, "V05421": 12, "V05406": 18, "V05412": 18, "V05422": 6, "V05424": 12, "V05427": 1, "V05409": 0, "V05415": 3, "V05418": 0, "V05430": 15, "V05433": 0, "criancas_0a4": 17, "em_favela": false }, "geometry": { "type": "Polygon", "coordinates": [ [ [ -46.766424, -23.667381 ], [ -46.765719, -23.667444 ], [ -46.764942, -23.667716 ], [ -46.765176, -23.668513 ], [ -46.76513, -23.670167 ], [ -46.766325, -23.670083 ], [ -46.766424, -23.667381 ] ] ] } },
{ "type": "Feature", "properties": { "CD_SETOR": "355030819000322", "faces": 8, "pavimentada": 100.0, "bueiro": 100.0, "iluminacao": 100.0, "onibus": 0.0, "ciclovia": 0.0, "calcada": 100.0, "obstaculo": 100.0, "rampa": 0.0, "rampa_faces": 0.0, "sem_calcada": 0.0, "sem_arvore": 12.5, "muitas_arvores": 12.5, "vao": 100.0, "V05400": 8, "V05421": 8, "V05406": 8, "V05412": 8, "V05422": 0, "V05424": 8, "V05427": 0, "V05409": 8, "V05415": 0, "V05418": 0, "V05430": 1, "V05433": 1, "criancas_0a4": 0, "em_favela": false }, "geometry": { "type": "Polygon", "coordinates": [ [ [ -46.768451, -23.676664 ], [ -46.768384, -23.677177 ], [ -46.768394, -23.67733 ], [ -46.768974, -23.677077 ], [ -46.768689, -23.676584 ], [ -46.768451, -23.676664 ] ] ] } },
{ "type": "Feature", "properties": { "CD_SETOR": "355030819000323", "faces": 3, "pavimentada": 100.0, "bueiro": 33.33, "iluminacao": 100.0, "onibus": 0.0, "ciclovia": 0.0, "calcada": 100.0, "obstaculo": 100.0, "rampa": 0.0, "rampa_faces": 0.0, "sem_calcada": 0.0, "sem_arvore": 0.0, "muitas_arvores": 66.67, "vao": 100.0, "V05400": 3, "V05421": 3, "V05406": 3, "V05412": 3, "V05422": 0, "V05424": 3, "V05427": 0, "V05409": 1, "V05415": 0, "V05418": 0, "V05430": 0, "V05433": 2, "criancas_0a4": 14, "em_favela": false }, "geometry": { "type": "Polygon", "coordinates": [ [ [ -46.772528, -23.676329 ], [ -46.769935, -23.677783 ], [ -46.770242, -23.678241 ], [ -46.772906, -23.676725 ], [ -46.772623, -23.676322 ], [ -46.772528, -23.676329 ] ] ] } },
{ "type": "Feature", "properties": { "CD_SETOR": "355030819000324", "faces": 21, "pavimentada": 90.48, "bueiro": 85.71, "iluminacao": 100.0, "onibus": 0.0, "ciclovia": 0.0, "calcada": 80.95, "obstaculo": 70.59, "rampa": 17.65, "rampa_faces": 14.29, "sem_calcada": 19.05, "sem_arvore": 61.9, "muitas_arvores": 19.05, "vao": 76.19, "V05400": 21, "V05421": 17, "V05406": 19, "V05412": 21, "V05422": 4, "V05424": 12, "V05427": 3, "V05409": 18, "V05415": 0, "V05418": 0, "V05430": 13, "V05433": 4, "criancas_0a4": 24, "em_favela": false }, "geometry": { "type": "Polygon", "coordinates": [ [ [ -46.774315, -23.674294 ], [ -46.7737, -23.674585 ], [ -46.773903, -23.675828 ], [ -46.774943, -23.676136 ], [ -46.775211, -23.676257 ], [ -46.775407, -23.676414 ], [ -46.775775, -23.676116 ], [ -46.775928, -23.675894 ], [ -46.77549, -23.675021 ], [ -46.775568, -23.674869 ], [ -46.775282, -23.67452 ], [ -46.774925, -23.673885 ], [ -46.774315, -23.674294 ] ] ] } },
{ "type": "Feature", "properties": { "CD_SETOR": "355030819000325", "faces": 16, "pavimentada": 100.0, "bueiro": 37.5, "iluminacao": 100.0, "onibus": 6.25, "ciclovia": 0.0, "calcada": 75.0, "obstaculo": 100.0, "rampa": 0.0, "rampa_faces": 0.0, "sem_calcada": 25.0, "sem_arvore": 37.5, "muitas_arvores": 25.0, "vao": 100.0, "V05400": 16, "V05421": 12, "V05406": 16, "V05412": 16, "V05422": 4, "V05424": 12, "V05427": 0, "V05409": 6, "V05415": 1, "V05418": 0, "V05430": 6, "V05433": 4, "criancas_0a4": 23, "em_favela": false }, "geometry": { "type": "Polygon", "coordinates": [ [ [ -46.786587, -23.667547 ], [ -46.78623, -23.668025 ], [ -46.78622, -23.668261 ], [ -46.78629, -23.668404 ], [ -46.788222, -23.670429 ], [ -46.788342, -23.670222 ], [ -46.788799, -23.670739 ], [ -46.789054, -23.670037 ], [ -46.789019, -23.669679 ], [ -46.788894, -23.66944 ], [ -46.787705, -23.668185 ], [ -46.787246, -23.668559 ], [ -46.787046, -23.668342 ], [ -46.786982, -23.668132 ], [ -46.787021, -23.667925 ], [ -46.787395, -23.667458 ], [ -46.786587, -23.667547 ] ] ] } },
{ "type": "Feature", "properties": { "CD_SETOR": "355030819000326", "faces": 3, "pavimentada": 100.0, "bueiro": 0.0, "iluminacao": 100.0, "onibus": 66.67, "ciclovia": 0.0, "calcada": 100.0, "obstaculo": 66.67, "rampa": 0.0, "rampa_faces": 0.0, "sem_calcada": 0.0, "sem_arvore": 100.0, "muitas_arvores": 0.0, "vao": 100.0, "V05400": 3, "V05421": 3, "V05406": 3, "V05412": 3, "V05422": 0, "V05424": 2, "V05427": 0, "V05409": 0, "V05415": 2, "V05418": 0, "V05430": 3, "V05433": 0, "criancas_0a4": 52, "em_favela": false }, "geometry": { "type": "Polygon", "coordinates": [ [ [ -46.788025, -23.667067 ], [ -46.788463, -23.666795 ], [ -46.788191, -23.666366 ], [ -46.787318, -23.666194 ], [ -46.78724, -23.666596 ], [ -46.787689, -23.666703 ], [ -46.788025, -23.667067 ] ] ] } },
{ "type": "Feature", "properties": { "CD_SETOR": "355030819000327", "faces": 18, "pavimentada": 100.0, "bueiro": 38.89, "iluminacao": 100.0, "onibus": 0.0, "ciclovia": 0.0, "calcada": 83.33, "obstaculo": 100.0, "rampa": 0.0, "rampa_faces": 0.0, "sem_calcada": 16.67, "sem_arvore": 77.78, "muitas_arvores": 5.56, "vao": 100.0, "V05400": 18, "V05421": 15, "V05406": 18, "V05412": 18, "V05422": 3, "V05424": 15, "V05427": 0, "V05409": 7, "V05415": 0, "V05418": 0, "V05430": 14, "V05433": 1, "criancas_0a4": 45, "em_favela": false }, "geometry": { "type": "Polygon", "coordinates": [ [ [ -46.785322, -23.663905 ], [ -46.784773, -23.663969 ], [ -46.78484, -23.664216 ], [ -46.785602, -23.664643 ], [ -46.785403, -23.664847 ], [ -46.785328, -23.665193 ], [ -46.785339, -23.666598 ], [ -46.785414, -23.666905 ], [ -46.785573, -23.667013 ], [ -46.785836, -23.667066 ], [ -46.786443, -23.66689 ], [ -46.786486, -23.666791 ], [ -46.78624, -23.666589 ], [ -46.786114, -23.666365 ], [ -46.786061, -23.665304 ], [ -46.786127, -23.664984 ], [ -46.786258, -23.664712 ], [ -46.786588, -23.664324 ], [ -46.786805, -23.664275 ], [ -46.786663, -23.663632 ], [ -46.786606, -23.663626 ], [ -46.786617, -23.663066 ], [ -46.786052, -23.663032 ], [ -46.786019, -23.663698 ], [ -46.785528, -23.663794 ], [ -46.785322, -23.663905 ] ] ] } },
{ "type": "Feature", "properties": { "CD_SETOR": "355030819000328", "faces": 14, "pavimentada": 100.0, "bueiro": 42.86, "iluminacao": 92.86, "onibus": 0.0, "ciclovia": 0.0, "calcada": 14.29, "obstaculo": 100.0, "rampa": 0.0, "rampa_faces": 0.0, "sem_calcada": 85.71, "sem_arvore": 92.86, "muitas_arvores": 0.0, "vao": 100.0, "V05400": 14, "V05421": 2, "V05406": 14, "V05412": 13, "V05422": 12, "V05424": 2, "V05427": 0, "V05409": 6, "V05415": 0, "V05418": 0, "V05430": 13, "V05433": 0, "criancas_0a4": 36, "em_favela": true }, "geometry": { "type": "Polygon", "coordinates": [ [ [ -46.777918, -23.658791 ], [ -46.778024, -23.658286 ], [ -46.778003, -23.658168 ], [ -46.778084, -23.658023 ], [ -46.778039, -23.657909 ], [ -46.777547, -23.657774 ], [ -46.776262, -23.657053 ], [ -46.776549, -23.657685 ], [ -46.77689, -23.65793 ], [ -46.777122, -23.658401 ], [ -46.777512, -23.658679 ], [ -46.777918, -23.658791 ] ] ] } },
{ "type": "Feature", "properties": { "CD_SETOR": "355030819000329", "faces": 14, "pavimentada": 92.86, "bueiro": 0.0, "iluminacao": 92.86, "onibus": 0.0, "ciclovia": 0.0, "calcada": 71.43, "obstaculo": 100.0, "rampa": 0.0, "rampa_faces": 0.0, "sem_calcada": 21.43, "sem_arvore": 50.0, "muitas_arvores": 0.0, "vao": 92.86, "V05400": 14, "V05421": 10, "V05406": 13, "V05412": 13, "V05422": 3, "V05424": 10, "V05427": 0, "V05409": 0, "V05415": 0, "V05418": 0, "V05430": 7, "V05433": 0, "criancas_0a4": 42, "em_favela": true }, "geometry": { "type": "Polygon", "coordinates": [ [ [ -46.777973, -23.654729 ], [ -46.778089, -23.654765 ], [ -46.778314, -23.654735 ], [ -46.778584, -23.655211 ], [ -46.778381, -23.655373 ], [ -46.778347, -23.656098 ], [ -46.779614, -23.656318 ], [ -46.779511, -23.656103 ], [ -46.778754, -23.655216 ], [ -46.778817, -23.654827 ], [ -46.778993, -23.654265 ], [ -46.778991, -23.654128 ], [ -46.778929, -23.654026 ], [ -46.778817, -23.653953 ], [ -46.778518, -23.654293 ], [ -46.777973, -23.654729 ] ] ] } },
{ "type": "Feature", "properties": { "CD_SETOR": "355030819000330", "faces": 4, "pavimentada": 100.0, "bueiro": 50.0, "iluminacao": 100.0, "onibus": 0.0, "ciclovia": 0.0, "calcada": 50.0, "obstaculo": 100.0, "rampa": 0.0, "rampa_faces": 0.0, "sem_calcada": 50.0, "sem_arvore": 50.0, "muitas_arvores": 25.0, "vao": 100.0, "V05400": 4, "V05421": 2, "V05406": 4, "V05412": 4, "V05422": 2, "V05424": 2, "V05427": 0, "V05409": 2, "V05415": 0, "V05418": 0, "V05430": 2, "V05433": 1, "criancas_0a4": 27, "em_favela": true }, "geometry": { "type": "Polygon", "coordinates": [ [ [ -46.776897, -23.654174 ], [ -46.776448, -23.655606 ], [ -46.776365, -23.656234 ], [ -46.77715, -23.656181 ], [ -46.777031, -23.655888 ], [ -46.777035, -23.655635 ], [ -46.777287, -23.655204 ], [ -46.777432, -23.654602 ], [ -46.77769, -23.654012 ], [ -46.777479, -23.654001 ], [ -46.776897, -23.654174 ] ] ] } },
{ "type": "Feature", "properties": { "CD_SETOR": "355030819000331", "faces": 16, "pavimentada": 100.0, "bueiro": 68.75, "iluminacao": 100.0, "onibus": 6.25, "ciclovia": 12.5, "calcada": 87.5, "obstaculo": 85.71, "rampa": 0.0, "rampa_faces": 0.0, "sem_calcada": 12.5, "sem_arvore": 50.0, "muitas_arvores": 12.5, "vao": 100.0, "V05400": 16, "V05421": 14, "V05406": 16, "V05412": 16, "V05422": 2, "V05424": 12, "V05427": 0, "V05409": 11, "V05415": 1, "V05418": 2, "V05430": 8, "V05433": 2, "criancas_0a4": 24, "em_favela": false }, "geometry": { "type": "Polygon", "coordinates": [ [ [ -46.766073, -23.657219 ], [ -46.766298, -23.657573 ], [ -46.766633, -23.657863 ], [ -46.767465, -23.658257 ], [ -46.767987, -23.65757 ], [ -46.76891, -23.657176 ], [ -46.769087, -23.657009 ], [ -46.768147, -23.656433 ], [ -46.767764, -23.656064 ], [ -46.767218, -23.656643 ], [ -46.767138, -23.656835 ], [ -46.767146, -23.657016 ], [ -46.766796, -23.657222 ], [ -46.766276, -23.657181 ], [ -46.766073, -23.657219 ] ] ] } },
{ "type": "Feature", "properties": { "CD_SETOR": "355030819000332", "faces": 2, "pavimentada": 100.0, "bueiro": 0.0, "iluminacao": 100.0, "onibus": 100.0, "ciclovia": 50.0, "calcada": 100.0, "obstaculo": 50.0, "rampa": 50.0, "rampa_faces": 50.0, "sem_calcada": 0.0, "sem_arvore": 0.0, "muitas_arvores": 100.0, "vao": 50.0, "V05400": 2, "V05421": 2, "V05406": 2, "V05412": 2, "V05422": 0, "V05424": 1, "V05427": 1, "V05409": 0, "V05415": 2, "V05418": 1, "V05430": 0, "V05433": 2, "criancas_0a4": 22, "em_favela": false }, "geometry": { "type": "Polygon", "coordinates": [ [ [ -46.762401, -23.654737 ], [ -46.762871, -23.654975 ], [ -46.763122, -23.655276 ], [ -46.763199, -23.655539 ], [ -46.764007, -23.654593 ], [ -46.764076, -23.654659 ], [ -46.764185, -23.654575 ], [ -46.763535, -23.653861 ], [ -46.763446, -23.654051 ], [ -46.763073, -23.654167 ], [ -46.762401, -23.654737 ] ] ] } },
{ "type": "Feature", "properties": { "CD_SETOR": "355030819000333", "faces": 15, "pavimentada": 100.0, "bueiro": 13.33, "iluminacao": 100.0, "onibus": 0.0, "ciclovia": 0.0, "calcada": 86.67, "obstaculo": 84.62, "rampa": 0.0, "rampa_faces": 0.0, "sem_calcada": 13.33, "sem_arvore": 13.33, "muitas_arvores": 33.33, "vao": 100.0, "V05400": 15, "V05421": 13, "V05406": 15, "V05412": 15, "V05422": 2, "V05424": 11, "V05427": 0, "V05409": 2, "V05415": 0, "V05418": 0, "V05430": 2, "V05433": 5, "criancas_0a4": 20, "em_favela": false }, "geometry": { "type": "Polygon", "coordinates": [ [ [ -46.761564, -23.659298 ], [ -46.760864, -23.659857 ], [ -46.761076, -23.660096 ], [ -46.761572, -23.660509 ], [ -46.761738, -23.66088 ], [ -46.762081, -23.660694 ], [ -46.763004, -23.660544 ], [ -46.763792, -23.659734 ], [ -46.763812, -23.659648 ], [ -46.763759, -23.659409 ], [ -46.763291, -23.658792 ], [ -46.763098, -23.65877 ], [ -46.761801, -23.659671 ], [ -46.761564, -23.659298 ] ] ] } },
{ "type": "Feature", "properties": { "CD_SETOR": "355030819000334", "faces": 18, "pavimentada": 100.0, "bueiro": 11.11, "iluminacao": 100.0, "onibus": 11.11, "ciclovia": 0.0, "calcada": 94.44, "obstaculo": 58.82, "rampa": 0.0, "rampa_faces": 0.0, "sem_calcada": 5.56, "sem_arvore": 55.56, "muitas_arvores": 0.0, "vao": 100.0, "V05400": 18, "V05421": 17, "V05406": 18, "V05412": 18, "V05422": 1, "V05424": 10, "V05427": 0, "V05409": 2, "V05415": 2, "V05418": 0, "V05430": 10, "V05433": 0, "criancas_0a4": 10, "em_favela": false }, "geometry": { "type": "Polygon", "coordinates": [ [ [ -46.762033, -23.663097 ], [ -46.761614, -23.664246 ], [ -46.762046, -23.664456 ], [ -46.76243, -23.664502 ], [ -46.762681, -23.664454 ], [ -46.763375, -23.663949 ], [ -46.763535, -23.663772 ], [ -46.763699, -23.663809 ], [ -46.763851, -23.663729 ], [ -46.764627, -23.662163 ], [ -46.763893, -23.661857 ], [ -46.762789, -23.662792 ], [ -46.762515, -23.663376 ], [ -46.762033, -23.663097 ] ] ] } },
{ "type": "Feature", "properties": { "CD_SETOR": "355030819000335", "faces": 22, "pavimentada": 100.0, "bueiro": 81.82, "iluminacao": 100.0, "onibus": 13.64, "ciclovia": 0.0, "calcada": 100.0, "obstaculo": 59.09, "rampa": 0.0, "rampa_faces": 0.0, "sem_calcada": 0.0, "sem_arvore": 45.45, "muitas_arvores": 36.36, "vao": 100.0, "V05400": 22, "V05421": 22, "V05406": 22, "V05412": 22, "V05422": 0, "V05424": 13, "V05427": 0, "V05409": 18, "V05415": 3, "V05418": 0, "V05430": 10, "V05433": 8, "criancas_0a4": 58, "em_favela": false }, "geometry": { "type": "Polygon", "coordinates": [ [ [ -46.791019, -23.669835 ], [ -46.79095, -23.669901 ], [ -46.790866, -23.670177 ], [ -46.790877, -23.670661 ], [ -46.790835, -23.670807 ], [ -46.790485, -23.671105 ], [ -46.790497, -23.671445 ], [ -46.790432, -23.671573 ], [ -46.79001, -23.671839 ], [ -46.789879, -23.671873 ], [ -46.789726, -23.671828 ], [ -46.789427, -23.671488 ], [ -46.789206, -23.671572 ], [ -46.788547, -23.671265 ], [ -46.789237, -23.672153 ], [ -46.789661, -23.672413 ], [ -46.790121, -23.672422 ], [ -46.790444, -23.672299 ], [ -46.791185, -23.67174 ], [ -46.791569, -23.672176 ], [ -46.792089, -23.671804 ], [ -46.792731, -23.671491 ], [ -46.792545, -23.670972 ], [ -46.79239, -23.67098 ], [ -46.792302, -23.670914 ], [ -46.791612, -23.670047 ], [ -46.791224, -23.669842 ], [ -46.791019, -23.669835 ] ] ] } },
{ "type": "Feature", "properties": { "CD_SETOR": "355030819000336", "faces": 18, "pavimentada": 100.0, "bueiro": 44.44, "iluminacao": 100.0, "onibus": 22.22, "ciclovia": 0.0, "calcada": 88.89, "obstaculo": 100.0, "rampa": 0.0, "rampa_faces": 0.0, "sem_calcada": 11.11, "sem_arvore": 38.89, "muitas_arvores": 5.56, "vao": 100.0, "V05400": 18, "V05421": 16, "V05406": 18, "V05412": 18, "V05422": 2, "V05424": 16, "V05427": 0, "V05409": 8, "V05415": 4, "V05418": 0, "V05430": 7, "V05433": 1, "criancas_0a4": 23, "em_favela": false }, "geometry": { "type": "Polygon", "coordinates": [ [ [ -46.790951, -23.666792 ], [ -46.790907, -23.667287 ], [ -46.790838, -23.667413 ], [ -46.79034, -23.667584 ], [ -46.789376, -23.667551 ], [ -46.791136, -23.668316 ], [ -46.791318, -23.668346 ], [ -46.792052, -23.668115 ], [ -46.792434, -23.667854 ], [ -46.792215, -23.667474 ], [ -46.792073, -23.667367 ], [ -46.792574, -23.667405 ], [ -46.793009, -23.66727 ], [ -46.793125, -23.667146 ], [ -46.793057, -23.66702 ], [ -46.791434, -23.666508 ], [ -46.790951, -23.666792 ] ] ] } },
{ "type": "Feature", "properties": { "CD_SETOR": "355030819000337", "faces": 5, "pavimentada": 100.0, "bueiro": 20.0, "iluminacao": 100.0, "onibus": 20.0, "ciclovia": 0.0, "calcada": 60.0, "obstaculo": 100.0, "rampa": 0.0, "rampa_faces": 0.0, "sem_calcada": 40.0, "sem_arvore": 20.0, "muitas_arvores": 40.0, "vao": 100.0, "V05400": 5, "V05421": 3, "V05406": 5, "V05412": 5, "V05422": 2, "V05424": 3, "V05427": 0, "V05409": 1, "V05415": 1, "V05418": 0, "V05430": 1, "V05433": 2, "criancas_0a4": 18, "em_favela": false }, "geometry": { "type": "Polygon", "coordinates": [ [ [ -46.787034, -23.661872 ], [ -46.787062, -23.662079 ], [ -46.786927, -23.662149 ], [ -46.785093, -23.662061 ], [ -46.785077, -23.662523 ], [ -46.786859, -23.662603 ], [ -46.787388, -23.662759 ], [ -46.787385, -23.66176 ], [ -46.787034, -23.661872 ] ] ] } },
{ "type": "Feature", "properties": { "CD_SETOR": "355030819000338", "faces": 11, "pavimentada": 100.0, "bueiro": 54.55, "iluminacao": 90.91, "onibus": 18.18, "ciclovia": 0.0, "calcada": 90.91, "obstaculo": 100.0, "rampa": 0.0, "rampa_faces": 0.0, "sem_calcada": 9.09, "sem_arvore": 18.18, "muitas_arvores": 36.36, "vao": 100.0, "V05400": 11, "V05421": 10, "V05406": 11, "V05412": 10, "V05422": 1, "V05424": 10, "V05427": 0, "V05409": 6, "V05415": 2, "V05418": 0, "V05430": 2, "V05433": 4, "criancas_0a4": 41, "em_favela": false }, "geometry": { "type": "Polygon", "coordinates": [ [ [ -46.783864, -23.657554 ], [ -46.783926, -23.657765 ], [ -46.783845, -23.657871 ], [ -46.78298, -23.657809 ], [ -46.782287, -23.658352 ], [ -46.782412, -23.658603 ], [ -46.782624, -23.658778 ], [ -46.782897, -23.658846 ], [ -46.783708, -23.658918 ], [ -46.783621, -23.65929 ], [ -46.783653, -23.659674 ], [ -46.784321, -23.659641 ], [ -46.784445, -23.659584 ], [ -46.784511, -23.659495 ], [ -46.784552, -23.659159 ], [ -46.784509, -23.659021 ], [ -46.783712, -23.658554 ], [ -46.783626, -23.658417 ], [ -46.783751, -23.658269 ], [ -46.784464, -23.658222 ], [ -46.784602, -23.658099 ], [ -46.784642, -23.657931 ], [ -46.784436, -23.657347 ], [ -46.783864, -23.657554 ] ] ] } },
{ "type": "Feature", "properties": { "CD_SETOR": "355030819000339", "faces": 13, "pavimentada": 100.0, "bueiro": 53.85, "iluminacao": 100.0, "onibus": 7.69, "ciclovia": 0.0, "calcada": 76.92, "obstaculo": 100.0, "rampa": 30.0, "rampa_faces": 23.08, "sem_calcada": 23.08, "sem_arvore": 38.46, "muitas_arvores": 30.77, "vao": 76.92, "V05400": 13, "V05421": 10, "V05406": 13, "V05412": 13, "V05422": 3, "V05424": 10, "V05427": 3, "V05409": 7, "V05415": 1, "V05418": 0, "V05430": 5, "V05433": 4, "criancas_0a4": 38, "em_favela": false }, "geometry": { "type": "Polygon", "coordinates": [ [ [ -46.77596, -23.651784 ], [ -46.776066, -23.652006 ], [ -46.776056, -23.652147 ], [ -46.775753, -23.652528 ], [ -46.775734, -23.652612 ], [ -46.775633, -23.652662 ], [ -46.775524, -23.6526 ], [ -46.775117, -23.652152 ], [ -46.775024, -23.651865 ], [ -46.774723, -23.651905 ], [ -46.774645, -23.652008 ], [ -46.774609, -23.652171 ], [ -46.775408, -23.653746 ], [ -46.775982, -23.654019 ], [ -46.776208, -23.653062 ], [ -46.777121, -23.653704 ], [ -46.778247, -23.652545 ], [ -46.77852, -23.65175 ], [ -46.778401, -23.651701 ], [ -46.777968, -23.651304 ], [ -46.77784, -23.651119 ], [ -46.777811, -23.650866 ], [ -46.777772, -23.650866 ], [ -46.77596, -23.651784 ] ] ] } },
{ "type": "Feature", "properties": { "CD_SETOR": "355030819000340", "faces": 20, "pavimentada": 100.0, "bueiro": 20.0, "iluminacao": 100.0, "onibus": 20.0, "ciclovia": 20.0, "calcada": 100.0, "obstaculo": 90.0, "rampa": 0.0, "rampa_faces": 0.0, "sem_calcada": 0.0, "sem_arvore": 40.0, "muitas_arvores": 15.0, "vao": 100.0, "V05400": 20, "V05421": 20, "V05406": 20, "V05412": 20, "V05422": 0, "V05424": 18, "V05427": 0, "V05409": 4, "V05415": 4, "V05418": 4, "V05430": 8, "V05433": 3, "criancas_0a4": 12, "em_favela": false }, "geometry": { "type": "Polygon", "coordinates": [ [ [ -46.760474, -23.658125 ], [ -46.761634, -23.659223 ], [ -46.763888, -23.656979 ], [ -46.763282, -23.656488 ], [ -46.762529, -23.65604 ], [ -46.760474, -23.658125 ] ] ] } },
{ "type": "Feature", "properties": { "CD_SETOR": "355030819000341", "faces": 11, "pavimentada": 100.0, "bueiro": 36.36, "iluminacao": 100.0, "onibus": 0.0, "ciclovia": 0.0, "calcada": 81.82, "obstaculo": 66.67, "rampa": 33.33, "rampa_faces": 27.27, "sem_calcada": 18.18, "sem_arvore": 18.18, "muitas_arvores": 0.0, "vao": 72.73, "V05400": 11, "V05421": 9, "V05406": 11, "V05412": 11, "V05422": 2, "V05424": 6, "V05427": 3, "V05409": 4, "V05415": 0, "V05418": 0, "V05430": 2, "V05433": 0, "criancas_0a4": 33, "em_favela": false }, "geometry": { "type": "Polygon", "coordinates": [ [ [ -46.7785, -23.682114 ], [ -46.778856, -23.682771 ], [ -46.778966, -23.6839 ], [ -46.778899, -23.684165 ], [ -46.779648, -23.685572 ], [ -46.779692, -23.685571 ], [ -46.779474, -23.682771 ], [ -46.780022, -23.682191 ], [ -46.779941, -23.681454 ], [ -46.779886, -23.681365 ], [ -46.779749, -23.681325 ], [ -46.778968, -23.682004 ], [ -46.778829, -23.682085 ], [ -46.7785, -23.682114 ] ] ] } },
{ "type": "Feature", "properties": { "CD_SETOR": "355030819000342", "faces": 13, "pavimentada": 100.0, "bueiro": 23.08, "iluminacao": 84.62, "onibus": 0.0, "ciclovia": 0.0, "calcada": 30.77, "obstaculo": 100.0, "rampa": 0.0, "rampa_faces": 0.0, "sem_calcada": 69.23, "sem_arvore": 92.31, "muitas_arvores": 0.0, "vao": 100.0, "V05400": 13, "V05421": 4, "V05406": 13, "V05412": 11, "V05422": 9, "V05424": 4, "V05427": 0, "V05409": 3, "V05415": 0, "V05418": 0, "V05430": 12, "V05433": 0, "criancas_0a4": 33, "em_favela": true }, "geometry": { "type": "Polygon", "coordinates": [ [ [ -46.78702, -23.680075 ], [ -46.786671, -23.680318 ], [ -46.787383, -23.680785 ], [ -46.787691, -23.681329 ], [ -46.787743, -23.681543 ], [ -46.789654, -23.682484 ], [ -46.789721, -23.682562 ], [ -46.789622, -23.682791 ], [ -46.789696, -23.682828 ], [ -46.790265, -23.682785 ], [ -46.79016, -23.682609 ], [ -46.789631, -23.682134 ], [ -46.789183, -23.68216 ], [ -46.788748, -23.681817 ], [ -46.788231, -23.681548 ], [ -46.787578, -23.680517 ], [ -46.787534, -23.680344 ], [ -46.787365, -23.680067 ], [ -46.787161, -23.680031 ], [ -46.78702, -23.680075 ] ] ] } },
{ "type": "Feature", "properties": { "CD_SETOR": "355030819000344", "faces": 19, "pavimentada": 100.0, "bueiro": 57.89, "iluminacao": 89.47, "onibus": 21.05, "ciclovia": 0.0, "calcada": 73.68, "obstaculo": 100.0, "rampa": 0.0, "rampa_faces": 0.0, "sem_calcada": 26.32, "sem_arvore": 31.58, "muitas_arvores": 47.37, "vao": 100.0, "V05400": 19, "V05421": 14, "V05406": 19, "V05412": 17, "V05422": 5, "V05424": 14, "V05427": 0, "V05409": 11, "V05415": 4, "V05418": 0, "V05430": 6, "V05433": 9, "criancas_0a4": 24, "em_favela": false }, "geometry": { "type": "Polygon", "coordinates": [ [ [ -46.792391, -23.674059 ], [ -46.791151, -23.675197 ], [ -46.79061, -23.676074 ], [ -46.791326, -23.67599 ], [ -46.791485, -23.676166 ], [ -46.791913, -23.676262 ], [ -46.792294, -23.676413 ], [ -46.792886, -23.676837 ], [ -46.792878, -23.676684 ], [ -46.792746, -23.67653 ], [ -46.793119, -23.675301 ], [ -46.79311, -23.674524 ], [ -46.792748, -23.674436 ], [ -46.792725, -23.674361 ], [ -46.792391, -23.674059 ] ] ] } },
{ "type": "Feature", "properties": { "CD_SETOR": "355030819000345", "faces": 15, "pavimentada": 100.0, "bueiro": 100.0, "iluminacao": 100.0, "onibus": 13.33, "ciclovia": 0.0, "calcada": 66.67, "obstaculo": 100.0, "rampa": 0.0, "rampa_faces": 0.0, "sem_calcada": 33.33, "sem_arvore": 33.33, "muitas_arvores": 46.67, "vao": 100.0, "V05400": 15, "V05421": 10, "V05406": 15, "V05412": 15, "V05422": 5, "V05424": 10, "V05427": 0, "V05409": 15, "V05415": 2, "V05418": 0, "V05430": 5, "V05433": 7, "criancas_0a4": 50, "em_favela": false }, "geometry": { "type": "Polygon", "coordinates": [ [ [ -46.790972, -23.673584 ], [ -46.79122, -23.674393 ], [ -46.790964, -23.67482 ], [ -46.791287, -23.675049 ], [ -46.792391, -23.674059 ], [ -46.792725, -23.674361 ], [ -46.792748, -23.674436 ], [ -46.79311, -23.674524 ], [ -46.79355, -23.673587 ], [ -46.793577, -23.673337 ], [ -46.793466, -23.673091 ], [ -46.793578, -23.672997 ], [ -46.793137, -23.672375 ], [ -46.790972, -23.673584 ] ] ] } },
{ "type": "Feature", "properties": { "CD_SETOR": "355030819000346", "faces": 11, "pavimentada": 100.0, "bueiro": 90.91, "iluminacao": 100.0, "onibus": 27.27, "ciclovia": 0.0, "calcada": 90.91, "obstaculo": 100.0, "rampa": 0.0, "rampa_faces": 0.0, "sem_calcada": 9.09, "sem_arvore": 9.09, "muitas_arvores": 90.91, "vao": 100.0, "V05400": 11, "V05421": 10, "V05406": 11, "V05412": 11, "V05422": 1, "V05424": 10, "V05427": 0, "V05409": 10, "V05415": 3, "V05418": 0, "V05430": 1, "V05433": 10, "criancas_0a4": 25, "em_favela": false }, "geometry": { "type": "Polygon", "coordinates": [ [ [ -46.793676, -23.668384 ], [ -46.79414, -23.669457 ], [ -46.79467, -23.669254 ], [ -46.794711, -23.670545 ], [ -46.793792, -23.671276 ], [ -46.793645, -23.671349 ], [ -46.793367, -23.671359 ], [ -46.793507, -23.671678 ], [ -46.794943, -23.670602 ], [ -46.79535, -23.670312 ], [ -46.79548, -23.670266 ], [ -46.795428, -23.670026 ], [ -46.795486, -23.66977 ], [ -46.795387, -23.669331 ], [ -46.79538, -23.668934 ], [ -46.795234, -23.668579 ], [ -46.795026, -23.66826 ], [ -46.79434, -23.668391 ], [ -46.793676, -23.668384 ] ] ] } },
{ "type": "Feature", "properties": { "CD_SETOR": "355030819000347", "faces": 14, "pavimentada": 100.0, "bueiro": 78.57, "iluminacao": 100.0, "onibus": 0.0, "ciclovia": 0.0, "calcada": 78.57, "obstaculo": 90.91, "rampa": 0.0, "rampa_faces": 0.0, "sem_calcada": 21.43, "sem_arvore": 85.71, "muitas_arvores": 0.0, "vao": 100.0, "V05400": 14, "V05421": 11, "V05406": 14, "V05412": 14, "V05422": 3, "V05424": 10, "V05427": 0, "V05409": 11, "V05415": 0, "V05418": 0, "V05430": 12, "V05433": 0, "criancas_0a4": 46, "em_favela": false }, "geometry": { "type": "Polygon", "coordinates": [ [ [ -46.794298, -23.664985 ], [ -46.794314, -23.66505 ], [ -46.793863, -23.66518 ], [ -46.793449, -23.665227 ], [ -46.793258, -23.665198 ], [ -46.792999, -23.66527 ], [ -46.793095, -23.665882 ], [ -46.793454, -23.66592 ], [ -46.794831, -23.666378 ], [ -46.794606, -23.664925 ], [ -46.794298, -23.664985 ] ] ] } },
{ "type": "Feature", "properties": { "CD_SETOR": "355030819000348", "faces": 12, "pavimentada": 100.0, "bueiro": 16.67, "iluminacao": 100.0, "onibus": 0.0, "ciclovia": 0.0, "calcada": 75.0, "obstaculo": 100.0, "rampa": 0.0, "rampa_faces": 0.0, "sem_calcada": 25.0, "sem_arvore": 75.0, "muitas_arvores": 0.0, "vao": 100.0, "V05400": 12, "V05421": 9, "V05406": 12, "V05412": 12, "V05422": 3, "V05424": 9, "V05427": 0, "V05409": 2, "V05415": 0, "V05418": 0, "V05430": 9, "V05433": 0, "criancas_0a4": 29, "em_favela": false }, "geometry": { "type": "Polygon", "coordinates": [ [ [ -46.791969, -23.662639 ], [ -46.792168, -23.663138 ], [ -46.793383, -23.662774 ], [ -46.79351, -23.662772 ], [ -46.793722, -23.661938 ], [ -46.793725, -23.661695 ], [ -46.792698, -23.661141 ], [ -46.792369, -23.662473 ], [ -46.792327, -23.662524 ], [ -46.791969, -23.662639 ] ] ] } },
{ "type": "Feature", "properties": { "CD_SETOR": "355030819000350", "faces": 16, "pavimentada": 100.0, "bueiro": 56.25, "iluminacao": 100.0, "onibus": 6.25, "ciclovia": 0.0, "calcada": 56.25, "obstaculo": 88.89, "rampa": 0.0, "rampa_faces": 0.0, "sem_calcada": 43.75, "sem_arvore": 68.75, "muitas_arvores": 12.5, "vao": 100.0, "V05400": 16, "V05421": 9, "V05406": 16, "V05412": 16, "V05422": 7, "V05424": 8, "V05427": 0, "V05409": 9, "V05415": 1, "V05418": 0, "V05430": 11, "V05433": 2, "criancas_0a4": 44, "em_favela": false }, "geometry": { "type": "Polygon", "coordinates": [ [ [ -46.781038, -23.651288 ], [ -46.780197, -23.651275 ], [ -46.780427, -23.651643 ], [ -46.780433, -23.651808 ], [ -46.780642, -23.652546 ], [ -46.781112, -23.653131 ], [ -46.781433, -23.653265 ], [ -46.781522, -23.652901 ], [ -46.781618, -23.652794 ], [ -46.781682, -23.652862 ], [ -46.782232, -23.652265 ], [ -46.782265, -23.652091 ], [ -46.78223, -23.651979 ], [ -46.781489, -23.650956 ], [ -46.781038, -23.651288 ] ] ] } },
{ "type": "Feature", "properties": { "CD_SETOR": "355030819000352", "faces": 19, "pavimentada": 100.0, "bueiro": 31.58, "iluminacao": 100.0, "onibus": 5.26, "ciclovia": 0.0, "calcada": 100.0, "obstaculo": 89.47, "rampa": 0.0, "rampa_faces": 0.0, "sem_calcada": 0.0, "sem_arvore": 63.16, "muitas_arvores": 0.0, "vao": 100.0, "V05400": 19, "V05421": 19, "V05406": 19, "V05412": 19, "V05422": 0, "V05424": 17, "V05427": 0, "V05409": 6, "V05415": 1, "V05418": 0, "V05430": 12, "V05433": 0, "criancas_0a4": 17, "em_favela": false }, "geometry": { "type": "Polygon", "coordinates": [ [ [ -46.757333, -23.654902 ], [ -46.757573, -23.654722 ], [ -46.759756, -23.653857 ], [ -46.758648, -23.65262 ], [ -46.756522, -23.653631 ], [ -46.756817, -23.654332 ], [ -46.757333, -23.654902 ] ] ] } },
{ "type": "Feature", "properties": { "CD_SETOR": "355030819000353", "faces": 22, "pavimentada": 100.0, "bueiro": 40.91, "iluminacao": 100.0, "onibus": 0.0, "ciclovia": 0.0, "calcada": 100.0, "obstaculo": 86.36, "rampa": 0.0, "rampa_faces": 0.0, "sem_calcada": 0.0, "sem_arvore": 31.82, "muitas_arvores": 31.82, "vao": 100.0, "V05400": 22, "V05421": 22, "V05406": 22, "V05412": 22, "V05422": 0, "V05424": 19, "V05427": 0, "V05409": 9, "V05415": 0, "V05418": 0, "V05430": 7, "V05433": 7, "criancas_0a4": 55, "em_favela": false }, "geometry": { "type": "Polygon", "coordinates": [ [ [ -46.757333, -23.654902 ], [ -46.757668, -23.655196 ], [ -46.756421, -23.656036 ], [ -46.756821, -23.656544 ], [ -46.75737, -23.657633 ], [ -46.759653, -23.656074 ], [ -46.757893, -23.654584 ], [ -46.757573, -23.654722 ], [ -46.757333, -23.654902 ] ] ] } },
{ "type": "Feature", "properties": { "CD_SETOR": "355030819000354", "faces": 14, "pavimentada": 92.86, "bueiro": 28.57, "iluminacao": 92.86, "onibus": 0.0, "ciclovia": 0.0, "calcada": 42.86, "obstaculo": 100.0, "rampa": 0.0, "rampa_faces": 0.0, "sem_calcada": 57.14, "sem_arvore": 64.29, "muitas_arvores": 14.29, "vao": 92.86, "V05400": 14, "V05421": 6, "V05406": 13, "V05412": 13, "V05422": 8, "V05424": 6, "V05427": 0, "V05409": 4, "V05415": 0, "V05418": 0, "V05430": 9, "V05433": 2, "criancas_0a4": 34, "em_favela": false }, "geometry": { "type": "Polygon", "coordinates": [ [ [ -46.787301, -23.683129 ], [ -46.786162, -23.683902 ], [ -46.786012, -23.684503 ], [ -46.786343, -23.684683 ], [ -46.78664, -23.684184 ], [ -46.786765, -23.684208 ], [ -46.787875, -23.68345 ], [ -46.788237, -23.68391 ], [ -46.789193, -23.68327 ], [ -46.789187, -23.682959 ], [ -46.787301, -23.683129 ] ] ] } },
{ "type": "Feature", "properties": { "CD_SETOR": "355030819000355", "faces": 19, "pavimentada": 100.0, "bueiro": 89.47, "iluminacao": 100.0, "onibus": 15.79, "ciclovia": 0.0, "calcada": 100.0, "obstaculo": 63.16, "rampa": 10.53, "rampa_faces": 10.53, "sem_calcada": 0.0, "sem_arvore": 10.53, "muitas_arvores": 57.89, "vao": 89.47, "V05400": 19, "V05421": 19, "V05406": 19, "V05412": 19, "V05422": 0, "V05424": 12, "V05427": 2, "V05409": 17, "V05415": 3, "V05418": 0, "V05430": 2, "V05433": 11, "criancas_0a4": 15, "em_favela": false }, "geometry": { "type": "Polygon", "coordinates": [ [ [ -46.788176, -23.679038 ], [ -46.788161, -23.679938 ], [ -46.788325, -23.679943 ], [ -46.788307, -23.680559 ], [ -46.788855, -23.680595 ], [ -46.788981, -23.68048 ], [ -46.789138, -23.680214 ], [ -46.789231, -23.680224 ], [ -46.789236, -23.6784 ], [ -46.788662, -23.678409 ], [ -46.788652, -23.679044 ], [ -46.788176, -23.679038 ] ] ] } },
{ "type": "Feature", "properties": { "CD_SETOR": "355030819000356", "faces": 4, "pavimentada": 75.0, "bueiro": 25.0, "iluminacao": 75.0, "onibus": 50.0, "ciclovia": 0.0, "calcada": 75.0, "obstaculo": 33.33, "rampa": 66.67, "rampa_faces": 50.0, "sem_calcada": 0.0, "sem_arvore": 25.0, "muitas_arvores": 50.0, "vao": 25.0, "V05400": 4, "V05421": 3, "V05406": 3, "V05412": 3, "V05422": 0, "V05424": 1, "V05427": 2, "V05409": 1, "V05415": 2, "V05418": 0, "V05430": 1, "V05433": 2, "criancas_0a4": 23, "em_favela": false }, "geometry": { "type": "Polygon", "coordinates": [ [ [ -46.789015, -23.67654 ], [ -46.789167, -23.677854 ], [ -46.790592, -23.678638 ], [ -46.791485, -23.676166 ], [ -46.790283, -23.676257 ], [ -46.789426, -23.676075 ], [ -46.789043, -23.675926 ], [ -46.789015, -23.67654 ] ] ] } },
{ "type": "Feature", "properties": { "CD_SETOR": "355030819000357", "faces": 5, "pavimentada": 100.0, "bueiro": 0.0, "iluminacao": 100.0, "onibus": 20.0, "ciclovia": 0.0, "calcada": 100.0, "obstaculo": 100.0, "rampa": 0.0, "rampa_faces": 0.0, "sem_calcada": 0.0, "sem_arvore": 100.0, "muitas_arvores": 0.0, "vao": 100.0, "V05400": 5, "V05421": 5, "V05406": 5, "V05412": 5, "V05422": 0, "V05424": 5, "V05427": 0, "V05409": 0, "V05415": 1, "V05418": 0, "V05430": 5, "V05433": 0, "criancas_0a4": 22, "em_favela": false }, "geometry": { "type": "Polygon", "coordinates": [ [ [ -46.79191, -23.660699 ], [ -46.793725, -23.661695 ], [ -46.793722, -23.661938 ], [ -46.79351, -23.662772 ], [ -46.793559, -23.662901 ], [ -46.794088, -23.662878 ], [ -46.794133, -23.662928 ], [ -46.794266, -23.662942 ], [ -46.79423, -23.662853 ], [ -46.794285, -23.662516 ], [ -46.79453, -23.661777 ], [ -46.794317, -23.661118 ], [ -46.794234, -23.661207 ], [ -46.793947, -23.661169 ], [ -46.792417, -23.660348 ], [ -46.79191, -23.660699 ] ] ] } },
{ "type": "Feature", "properties": { "CD_SETOR": "355030819000358", "faces": 3, "pavimentada": 100.0, "bueiro": 66.67, "iluminacao": 100.0, "onibus": 0.0, "ciclovia": 0.0, "calcada": 100.0, "obstaculo": 33.33, "rampa": 0.0, "rampa_faces": 0.0, "sem_calcada": 0.0, "sem_arvore": 100.0, "muitas_arvores": 0.0, "vao": 100.0, "V05400": 3, "V05421": 3, "V05406": 3, "V05412": 3, "V05422": 0, "V05424": 1, "V05427": 0, "V05409": 2, "V05415": 0, "V05418": 0, "V05430": 3, "V05433": 0, "criancas_0a4": 17, "em_favela": true }, "geometry": { "type": "Polygon", "coordinates": [ [ [ -46.79263, -23.655784 ], [ -46.793101, -23.657066 ], [ -46.793212, -23.658561 ], [ -46.793192, -23.658723 ], [ -46.793086, -23.658831 ], [ -46.793213, -23.659051 ], [ -46.793462, -23.658655 ], [ -46.793495, -23.658407 ], [ -46.793376, -23.658271 ], [ -46.793306, -23.657835 ], [ -46.793375, -23.656833 ], [ -46.793338, -23.656725 ], [ -46.792996, -23.656394 ], [ -46.793034, -23.656005 ], [ -46.792951, -23.655788 ], [ -46.79263, -23.655784 ] ] ] } },
{ "type": "Feature", "properties": { "CD_SETOR": "355030819000359", "faces": 18, "pavimentada": 100.0, "bueiro": 11.11, "iluminacao": 100.0, "onibus": 0.0, "ciclovia": 0.0, "calcada": 83.33, "obstaculo": 100.0, "rampa": 0.0, "rampa_faces": 0.0, "sem_calcada": 16.67, "sem_arvore": 38.89, "muitas_arvores": 16.67, "vao": 100.0, "V05400": 18, "V05421": 15, "V05406": 18, "V05412": 18, "V05422": 3, "V05424": 15, "V05427": 0, "V05409": 2, "V05415": 0, "V05418": 0, "V05430": 7, "V05433": 3, "criancas_0a4": 31, "em_favela": false }, "geometry": { "type": "Polygon", "coordinates": [ [ [ -46.787922, -23.64962 ], [ -46.785278, -23.650948 ], [ -46.785707, -23.651664 ], [ -46.785916, -23.651847 ], [ -46.786527, -23.651105 ], [ -46.787054, -23.651521 ], [ -46.78731, -23.651668 ], [ -46.787418, -23.65159 ], [ -46.787553, -23.651601 ], [ -46.787811, -23.651521 ], [ -46.788791, -23.651133 ], [ -46.787918, -23.650366 ], [ -46.788217, -23.650108 ], [ -46.788016, -23.64985 ], [ -46.787922, -23.64962 ] ] ] } },
{ "type": "Feature", "properties": { "CD_SETOR": "355030819000361", "faces": 2, "pavimentada": 100.0, "bueiro": 50.0, "iluminacao": 100.0, "onibus": 0.0, "ciclovia": 0.0, "calcada": 100.0, "obstaculo": 0.0, "rampa": 0.0, "rampa_faces": 0.0, "sem_calcada": 0.0, "sem_arvore": 0.0, "muitas_arvores": 50.0, "vao": 100.0, "V05400": 2, "V05421": 2, "V05406": 2, "V05412": 2, "V05422": 0, "V05424": 0, "V05427": 0, "V05409": 1, "V05415": 0, "V05418": 0, "V05430": 0, "V05433": 1, "criancas_0a4": 16, "em_favela": false }, "geometry": { "type": "Polygon", "coordinates": [ [ [ -46.796571, -23.681489 ], [ -46.797163, -23.681223 ], [ -46.797628, -23.68089 ], [ -46.797353, -23.680664 ], [ -46.7961, -23.680224 ], [ -46.796263, -23.680959 ], [ -46.796571, -23.681489 ] ] ] } },
{ "type": "Feature", "properties": { "CD_SETOR": "355030819000362", "faces": 3, "pavimentada": 100.0, "bueiro": 66.67, "iluminacao": 100.0, "onibus": 0.0, "ciclovia": 0.0, "calcada": 100.0, "obstaculo": 66.67, "rampa": 0.0, "rampa_faces": 0.0, "sem_calcada": 0.0, "sem_arvore": 33.33, "muitas_arvores": 66.67, "vao": 100.0, "V05400": 3, "V05421": 3, "V05406": 3, "V05412": 3, "V05422": 0, "V05424": 2, "V05427": 0, "V05409": 2, "V05415": 0, "V05418": 0, "V05430": 1, "V05433": 2, "criancas_0a4": 7, "em_favela": true }, "geometry": { "type": "Polygon", "coordinates": [ [ [ -46.798676, -23.682596 ], [ -46.798781, -23.682771 ], [ -46.798971, -23.682917 ], [ -46.799797, -23.68332 ], [ -46.799815, -23.683111 ], [ -46.799719, -23.682051 ], [ -46.799589, -23.681855 ], [ -46.799241, -23.68204 ], [ -46.798676, -23.682596 ] ] ] } },
{ "type": "Feature", "properties": { "CD_SETOR": "355030819000363", "faces": 8, "pavimentada": 100.0, "bueiro": 62.5, "iluminacao": 100.0, "onibus": 0.0, "ciclovia": 0.0, "calcada": 75.0, "obstaculo": 83.33, "rampa": 0.0, "rampa_faces": 0.0, "sem_calcada": 25.0, "sem_arvore": 50.0, "muitas_arvores": 12.5, "vao": 100.0, "V05400": 8, "V05421": 6, "V05406": 8, "V05412": 8, "V05422": 2, "V05424": 5, "V05427": 0, "V05409": 5, "V05415": 0, "V05418": 0, "V05430": 4, "V05433": 1, "criancas_0a4": 18, "em_favela": false }, "geometry": { "type": "Polygon", "coordinates": [ [ [ -46.767833, -23.668625 ], [ -46.767845, -23.669042 ], [ -46.767981, -23.668965 ], [ -46.76823, -23.669411 ], [ -46.768776, -23.669087 ], [ -46.769244, -23.668923 ], [ -46.769162, -23.668478 ], [ -46.768897, -23.668511 ], [ -46.769268, -23.668156 ], [ -46.769687, -23.667573 ], [ -46.769397, -23.667607 ], [ -46.767833, -23.668625 ] ] ] } },
{ "type": "Feature", "properties": { "CD_SETOR": "355030819000364", "faces": 7, "pavimentada": 100.0, "bueiro": 0.0, "iluminacao": 100.0, "onibus": 28.57, "ciclovia": 0.0, "calcada": 100.0, "obstaculo": 85.71, "rampa": 0.0, "rampa_faces": 0.0, "sem_calcada": 0.0, "sem_arvore": 28.57, "muitas_arvores": 0.0, "vao": 100.0, "V05400": 7, "V05421": 7, "V05406": 7, "V05412": 7, "V05422": 0, "V05424": 6, "V05427": 0, "V05409": 0, "V05415": 2, "V05418": 0, "V05430": 2, "V05433": 0, "criancas_0a4": 6, "em_favela": false }, "geometry": { "type": "Polygon", "coordinates": [ [ [ -46.76435, -23.671926 ], [ -46.764749, -23.672944 ], [ -46.765004, -23.672876 ], [ -46.765351, -23.672916 ], [ -46.765472, -23.672065 ], [ -46.76559, -23.672079 ], [ -46.76562, -23.671883 ], [ -46.764733, -23.671806 ], [ -46.76435, -23.671926 ] ] ] } },
{ "type": "Feature", "properties": { "CD_SETOR": "355030819000365", "faces": 3, "pavimentada": 100.0, "bueiro": 0.0, "iluminacao": 100.0, "onibus": 0.0, "ciclovia": 0.0, "calcada": 66.67, "obstaculo": 100.0, "rampa": 0.0, "rampa_faces": 0.0, "sem_calcada": 33.33, "sem_arvore": 33.33, "muitas_arvores": 0.0, "vao": 100.0, "V05400": 3, "V05421": 2, "V05406": 3, "V05412": 3, "V05422": 1, "V05424": 2, "V05427": 0, "V05409": 0, "V05415": 0, "V05418": 0, "V05430": 1, "V05433": 0, "criancas_0a4": 4, "em_favela": false }, "geometry": { "type": "Polygon", "coordinates": [ [ [ -46.76696, -23.672708 ], [ -46.767052, -23.672859 ], [ -46.767193, -23.673431 ], [ -46.767821, -23.673382 ], [ -46.76769, -23.672368 ], [ -46.767349, -23.672413 ], [ -46.76696, -23.672708 ] ] ] } },
{ "type": "Feature", "properties": { "CD_SETOR": "355030819000366", "faces": 4, "pavimentada": 100.0, "bueiro": 75.0, "iluminacao": 100.0, "onibus": 50.0, "ciclovia": 0.0, "calcada": 100.0, "obstaculo": 100.0, "rampa": 0.0, "rampa_faces": 0.0, "sem_calcada": 0.0, "sem_arvore": 75.0, "muitas_arvores": 0.0, "vao": 100.0, "V05400": 4, "V05421": 4, "V05406": 4, "V05412": 4, "V05422": 0, "V05424": 4, "V05427": 0, "V05409": 3, "V05415": 2, "V05418": 0, "V05430": 3, "V05433": 0, "criancas_0a4": 3, "em_favela": false }, "geometry": { "type": "Polygon", "coordinates": [ [ [ -46.785093, -23.662061 ], [ -46.785591, -23.662089 ], [ -46.785661, -23.66135 ], [ -46.785121, -23.661334 ], [ -46.785093, -23.662061 ] ] ] } },
{ "type": "Feature", "properties": { "CD_SETOR": "355030819000367", "faces": 7, "pavimentada": 100.0, "bueiro": 28.57, "iluminacao": 100.0, "onibus": 0.0, "ciclovia": 0.0, "calcada": 57.14, "obstaculo": 100.0, "rampa": 0.0, "rampa_faces": 0.0, "sem_calcada": 42.86, "sem_arvore": 42.86, "muitas_arvores": 0.0, "vao": 100.0, "V05400": 7, "V05421": 4, "V05406": 7, "V05412": 7, "V05422": 3, "V05424": 4, "V05427": 0, "V05409": 2, "V05415": 0, "V05418": 0, "V05430": 3, "V05433": 0, "criancas_0a4": 36, "em_favela": false }, "geometry": { "type": "Polygon", "coordinates": [ [ [ -46.791831, -23.654759 ], [ -46.790882, -23.654985 ], [ -46.791025, -23.655478 ], [ -46.791001, -23.655593 ], [ -46.789944, -23.656334 ], [ -46.790358, -23.656673 ], [ -46.791331, -23.655922 ], [ -46.791552, -23.656074 ], [ -46.792135, -23.655789 ], [ -46.791831, -23.654759 ] ] ] } },
{ "type": "Feature", "properties": { "CD_SETOR": "355030819000368", "faces": 6, "pavimentada": 100.0, "bueiro": 100.0, "iluminacao": 100.0, "onibus": 0.0, "ciclovia": 0.0, "calcada": 66.67, "obstaculo": 100.0, "rampa": 0.0, "rampa_faces": 0.0, "sem_calcada": 33.33, "sem_arvore": 66.67, "muitas_arvores": 0.0, "vao": 100.0, "V05400": 6, "V05421": 4, "V05406": 6, "V05412": 6, "V05422": 2, "V05424": 4, "V05427": 0, "V05409": 6, "V05415": 0, "V05418": 0, "V05430": 4, "V05433": 0, "criancas_0a4": 21, "em_favela": false }, "geometry": { "type": "Polygon", "coordinates": [ [ [ -46.794606, -23.664925 ], [ -46.794831, -23.666378 ], [ -46.79514, -23.66647 ], [ -46.795206, -23.666315 ], [ -46.795208, -23.666086 ], [ -46.795051, -23.665071 ], [ -46.794849, -23.664895 ], [ -46.794606, -23.664925 ] ] ] } },
{ "type": "Feature", "properties": { "CD_SETOR": "355030819000369", "faces": 3, "pavimentada": 100.0, "bueiro": 33.33, "iluminacao": 100.0, "onibus": 0.0, "ciclovia": 0.0, "calcada": 66.67, "obstaculo": 100.0, "rampa": 0.0, "rampa_faces": 0.0, "sem_calcada": 33.33, "sem_arvore": 33.33, "muitas_arvores": 0.0, "vao": 100.0, "V05400": 3, "V05421": 2, "V05406": 3, "V05412": 3, "V05422": 1, "V05424": 2, "V05427": 0, "V05409": 1, "V05415": 0, "V05418": 0, "V05430": 1, "V05433": 0, "criancas_0a4": 12, "em_favela": false }, "geometry": { "type": "Polygon", "coordinates": [ [ [ -46.791969, -23.662639 ], [ -46.790913, -23.662967 ], [ -46.790891, -23.663012 ], [ -46.791059, -23.663532 ], [ -46.792015, -23.663227 ], [ -46.792168, -23.663138 ], [ -46.791969, -23.662639 ] ] ] } },
{ "type": "Feature", "properties": { "CD_SETOR": "355030819000370", "faces": 2, "pavimentada": 100.0, "bueiro": 50.0, "iluminacao": 100.0, "onibus": 50.0, "ciclovia": 0.0, "calcada": 100.0, "obstaculo": 0.0, "rampa": 0.0, "rampa_faces": 0.0, "sem_calcada": 0.0, "sem_arvore": 50.0, "muitas_arvores": 0.0, "vao": 100.0, "V05400": 2, "V05421": 2, "V05406": 2, "V05412": 2, "V05422": 0, "V05424": 0, "V05427": 0, "V05409": 1, "V05415": 1, "V05418": 0, "V05430": 1, "V05433": 0, "criancas_0a4": 18, "em_favela": false }, "geometry": { "type": "Polygon", "coordinates": [ [ [ -46.7917, -23.649587 ], [ -46.790995, -23.651006 ], [ -46.792064, -23.651385 ], [ -46.792163, -23.651091 ], [ -46.792231, -23.650443 ], [ -46.792415, -23.650037 ], [ -46.792435, -23.649809 ], [ -46.792409, -23.649713 ], [ -46.791833, -23.64943 ], [ -46.791767, -23.649555 ], [ -46.7917, -23.649587 ] ] ] } },
{ "type": "Feature", "properties": { "CD_SETOR": "355030819000371", "faces": 5, "pavimentada": 100.0, "bueiro": 40.0, "iluminacao": 100.0, "onibus": 0.0, "ciclovia": 0.0, "calcada": 60.0, "obstaculo": 100.0, "rampa": 0.0, "rampa_faces": 0.0, "sem_calcada": 40.0, "sem_arvore": 40.0, "muitas_arvores": 0.0, "vao": 100.0, "V05400": 5, "V05421": 3, "V05406": 5, "V05412": 5, "V05422": 2, "V05424": 3, "V05427": 0, "V05409": 2, "V05415": 0, "V05418": 0, "V05430": 2, "V05433": 0, "criancas_0a4": 12, "em_favela": false }, "geometry": { "type": "Polygon", "coordinates": [ [ [ -46.779097, -23.651686 ], [ -46.779324, -23.651889 ], [ -46.779708, -23.651845 ], [ -46.779952, -23.651943 ], [ -46.780138, -23.652102 ], [ -46.780462, -23.651924 ], [ -46.780427, -23.651643 ], [ -46.780197, -23.651275 ], [ -46.779702, -23.651324 ], [ -46.779097, -23.651686 ] ] ] } },
{ "type": "Feature", "properties": { "CD_SETOR": "355030819000372", "faces": 21, "pavimentada": 61.9, "bueiro": 9.52, "iluminacao": 42.86, "onibus": 4.76, "ciclovia": 0.0, "calcada": 14.29, "obstaculo": 100.0, "rampa": 0.0, "rampa_faces": 0.0, "sem_calcada": 85.71, "sem_arvore": 100.0, "muitas_arvores": 0.0, "vao": 61.9, "V05400": 21, "V05421": 3, "V05406": 13, "V05412": 9, "V05422": 18, "V05424": 3, "V05427": 0, "V05409": 2, "V05415": 1, "V05418": 0, "V05430": 21, "V05433": 0, "criancas_0a4": 27, "em_favela": true }, "geometry": { "type": "Polygon", "coordinates": [ [ [ -46.756755, -23.657122 ], [ -46.756762, -23.657287 ], [ -46.756533, -23.657888 ], [ -46.756584, -23.658061 ], [ -46.75737, -23.657633 ], [ -46.757044, -23.65699 ], [ -46.756755, -23.657122 ] ] ] } },
{ "type": "Feature", "properties": { "CD_SETOR": "355030819000374", "faces": 12, "pavimentada": 91.67, "bueiro": 8.33, "iluminacao": 91.67, "onibus": 16.67, "ciclovia": 0.0, "calcada": 41.67, "obstaculo": 40.0, "rampa": 0.0, "rampa_faces": 0.0, "sem_calcada": 58.33, "sem_arvore": 75.0, "muitas_arvores": 25.0, "vao": 91.67, "V05400": 12, "V05421": 5, "V05406": 11, "V05412": 11, "V05422": 7, "V05424": 2, "V05427": 0, "V05409": 1, "V05415": 2, "V05418": 0, "V05430": 9, "V05433": 3, "criancas_0a4": 19, "em_favela": true }, "geometry": { "type": "Polygon", "coordinates": [ [ [ -46.776897, -23.665278 ], [ -46.776347, -23.665507 ], [ -46.776662, -23.665856 ], [ -46.77688, -23.665745 ], [ -46.777099, -23.665698 ], [ -46.77699, -23.665294 ], [ -46.776903, -23.665314 ], [ -46.776897, -23.665278 ] ] ] } },
{ "type": "Feature", "properties": { "CD_SETOR": "355030819000375", "faces": 7, "pavimentada": 100.0, "bueiro": 57.14, "iluminacao": 100.0, "onibus": 0.0, "ciclovia": 0.0, "calcada": 28.57, "obstaculo": 100.0, "rampa": 0.0, "rampa_faces": 0.0, "sem_calcada": 71.43, "sem_arvore": 57.14, "muitas_arvores": 0.0, "vao": 100.0, "V05400": 7, "V05421": 2, "V05406": 7, "V05412": 7, "V05422": 5, "V05424": 2, "V05427": 0, "V05409": 4, "V05415": 0, "V05418": 0, "V05430": 4, "V05433": 0, "criancas_0a4": 3, "em_favela": true }, "geometry": { "type": "Polygon", "coordinates": [ [ [ -46.772101, -23.671923 ], [ -46.771433, -23.672165 ], [ -46.771496, -23.672589 ], [ -46.772033, -23.672439 ], [ -46.772013, -23.672371 ], [ -46.772202, -23.672333 ], [ -46.772101, -23.671923 ] ] ] } },
{ "type": "Feature", "properties": { "CD_SETOR": "355030819000376", "faces": 12, "pavimentada": 100.0, "bueiro": 58.33, "iluminacao": 91.67, "onibus": 0.0, "ciclovia": 0.0, "calcada": 100.0, "obstaculo": 58.33, "rampa": 0.0, "rampa_faces": 0.0, "sem_calcada": 0.0, "sem_arvore": 91.67, "muitas_arvores": 8.33, "vao": 100.0, "V05400": 12, "V05421": 12, "V05406": 12, "V05412": 11, "V05422": 0, "V05424": 7, "V05427": 0, "V05409": 7, "V05415": 0, "V05418": 0, "V05430": 11, "V05433": 1, "criancas_0a4": 51, "em_favela": true }, "geometry": { "type": "Polygon", "coordinates": [ [ [ -46.783422, -23.672478 ], [ -46.783772, -23.67233 ], [ -46.783949, -23.672525 ], [ -46.784148, -23.67264 ], [ -46.784157, -23.672826 ], [ -46.783829, -23.672988 ], [ -46.783868, -23.673074 ], [ -46.785103, -23.672549 ], [ -46.784847, -23.671985 ], [ -46.784362, -23.672143 ], [ -46.784103, -23.672079 ], [ -46.783832, -23.672201 ], [ -46.783701, -23.672177 ], [ -46.783436, -23.672277 ], [ -46.783129, -23.671692 ], [ -46.782876, -23.671658 ], [ -46.782667, -23.671553 ], [ -46.782386, -23.67201 ], [ -46.782887, -23.672282 ], [ -46.782987, -23.672439 ], [ -46.783376, -23.672383 ], [ -46.783422, -23.672478 ] ] ] } },
{ "type": "Feature", "properties": { "CD_SETOR": "355030819000378", "faces": 8, "pavimentada": 50.0, "bueiro": 25.0, "iluminacao": 50.0, "onibus": 0.0, "ciclovia": 0.0, "calcada": 50.0, "obstaculo": 100.0, "rampa": 0.0, "rampa_faces": 0.0, "sem_calcada": 0.0, "sem_arvore": 37.5, "muitas_arvores": 0.0, "vao": 50.0, "V05400": 8, "V05421": 4, "V05406": 4, "V05412": 4, "V05422": 0, "V05424": 4, "V05427": 0, "V05409": 2, "V05415": 0, "V05418": 0, "V05430": 3, "V05433": 0, "criancas_0a4": 34, "em_favela": true }, "geometry": { "type": "Polygon", "coordinates": [ [ [ -46.782791, -23.660068 ], [ -46.783241, -23.660353 ], [ -46.784661, -23.660347 ], [ -46.784637, -23.660218 ], [ -46.784496, -23.660096 ], [ -46.78368, -23.660082 ], [ -46.783651, -23.660156 ], [ -46.783467, -23.660207 ], [ -46.783154, -23.660192 ], [ -46.783081, -23.659811 ], [ -46.782874, -23.659755 ], [ -46.782791, -23.660068 ] ] ] } },
{ "type": "Feature", "properties": { "CD_SETOR": "355030819000379", "faces": 3, "pavimentada": 100.0, "bueiro": 66.67, "iluminacao": 66.67, "onibus": 0.0, "ciclovia": 0.0, "calcada": 66.67, "obstaculo": 100.0, "rampa": 0.0, "rampa_faces": 0.0, "sem_calcada": 33.33, "sem_arvore": 33.33, "muitas_arvores": 0.0, "vao": 100.0, "V05400": 3, "V05421": 2, "V05406": 3, "V05412": 2, "V05422": 1, "V05424": 2, "V05427": 0, "V05409": 2, "V05415": 0, "V05418": 0, "V05430": 1, "V05433": 0, "criancas_0a4": 8, "em_favela": false }, "geometry": { "type": "Polygon", "coordinates": [ [ [ -46.772802, -23.655337 ], [ -46.772988, -23.655567 ], [ -46.773097, -23.655613 ], [ -46.773611, -23.655513 ], [ -46.774276, -23.655575 ], [ -46.774217, -23.655249 ], [ -46.772802, -23.655337 ] ] ] } },
{ "type": "Feature", "properties": { "CD_SETOR": "355030819000380", "faces": 47, "pavimentada": 72.34, "bueiro": 17.02, "iluminacao": 46.81, "onibus": 6.38, "ciclovia": 0.0, "calcada": 17.02, "obstaculo": 75.0, "rampa": 0.0, "rampa_faces": 0.0, "sem_calcada": 68.09, "sem_arvore": 82.98, "muitas_arvores": 0.0, "vao": 72.34, "V05400": 47, "V05421": 8, "V05406": 34, "V05412": 22, "V05422": 32, "V05424": 6, "V05427": 0, "V05409": 8, "V05415": 3, "V05418": 0, "V05430": 39, "V05433": 0, "criancas_0a4": 93, "em_favela": true }, "geometry": { "type": "Polygon", "coordinates": [ [ [ -46.760356, -23.663929 ], [ -46.760499, -23.663987 ], [ -46.760801, -23.664229 ], [ -46.761335, -23.665003 ], [ -46.761744, -23.665988 ], [ -46.761651, -23.66646 ], [ -46.761777, -23.666403 ], [ -46.762014, -23.666235 ], [ -46.762046, -23.664456 ], [ -46.761614, -23.664246 ], [ -46.762033, -23.663097 ], [ -46.761974, -23.663036 ], [ -46.761302, -23.663036 ], [ -46.761256, -23.663131 ], [ -46.760678, -23.663616 ], [ -46.760508, -23.663643 ], [ -46.760437, -23.663723 ], [ -46.760387, -23.663682 ], [ -46.760272, -23.663806 ], [ -46.760356, -23.663929 ] ] ] } },
{ "type": "Feature", "properties": { "CD_SETOR": "355030819000382", "faces": 10, "pavimentada": 100.0, "bueiro": 40.0, "iluminacao": 50.0, "onibus": 0.0, "ciclovia": 0.0, "calcada": 90.0, "obstaculo": 44.44, "rampa": 0.0, "rampa_faces": 0.0, "sem_calcada": 10.0, "sem_arvore": 80.0, "muitas_arvores": 0.0, "vao": 100.0, "V05400": 10, "V05421": 9, "V05406": 10, "V05412": 5, "V05422": 1, "V05424": 4, "V05427": 0, "V05409": 4, "V05415": 0, "V05418": 0, "V05430": 8, "V05433": 0, "criancas_0a4": 9, "em_favela": true }, "geometry": { "type": "Polygon", "coordinates": [ [ [ -46.788355, -23.673725 ], [ -46.789211, -23.673691 ], [ -46.790486, -23.673184 ], [ -46.790393, -23.673047 ], [ -46.789445, -23.673432 ], [ -46.788893, -23.673364 ], [ -46.788286, -23.673441 ], [ -46.788355, -23.673725 ] ] ] } },
{ "type": "Feature", "properties": { "CD_SETOR": "355030819000383", "faces": 5, "pavimentada": 100.0, "bueiro": 0.0, "iluminacao": 100.0, "onibus": 0.0, "ciclovia": 0.0, "calcada": 100.0, "obstaculo": 80.0, "rampa": 0.0, "rampa_faces": 0.0, "sem_calcada": 0.0, "sem_arvore": 60.0, "muitas_arvores": 20.0, "vao": 100.0, "V05400": 5, "V05421": 5, "V05406": 5, "V05412": 5, "V05422": 0, "V05424": 4, "V05427": 0, "V05409": 0, "V05415": 0, "V05418": 0, "V05430": 3, "V05433": 1, "criancas_0a4": 38, "em_favela": true }, "geometry": { "type": "Polygon", "coordinates": [ [ [ -46.790393, -23.673047 ], [ -46.789907, -23.672439 ], [ -46.789599, -23.672386 ], [ -46.789237, -23.672153 ], [ -46.789112, -23.672021 ], [ -46.788547, -23.671265 ], [ -46.788943, -23.67146 ], [ -46.788323, -23.670705 ], [ -46.788227, -23.671009 ], [ -46.788251, -23.671144 ], [ -46.788491, -23.671652 ], [ -46.788691, -23.672252 ], [ -46.788851, -23.672523 ], [ -46.789088, -23.672522 ], [ -46.789229, -23.672833 ], [ -46.789755, -23.672991 ], [ -46.790393, -23.673047 ] ] ] } },
{ "type": "Feature", "properties": { "CD_SETOR": "355030819000384", "faces": 3, "pavimentada": 100.0, "bueiro": 33.33, "iluminacao": 100.0, "onibus": 0.0, "ciclovia": 0.0, "calcada": 100.0, "obstaculo": 100.0, "rampa": 0.0, "rampa_faces": 0.0, "sem_calcada": 0.0, "sem_arvore": 33.33, "muitas_arvores": 0.0, "vao": 100.0, "V05400": 3, "V05421": 3, "V05406": 3, "V05412": 3, "V05422": 0, "V05424": 3, "V05427": 0, "V05409": 1, "V05415": 0, "V05418": 0, "V05430": 1, "V05433": 0, "criancas_0a4": 27, "em_favela": false }, "geometry": { "type": "Polygon", "coordinates": [ [ [ -46.785661, -23.66135 ], [ -46.785625, -23.661792 ], [ -46.78696, -23.661837 ], [ -46.787031, -23.661183 ], [ -46.786198, -23.661348 ], [ -46.785661, -23.66135 ] ] ] } },
{ "type": "Feature", "properties": { "CD_SETOR": "355030819000385", "faces": 6, "pavimentada": 100.0, "bueiro": 0.0, "iluminacao": 100.0, "onibus": 16.67, "ciclovia": 0.0, "calcada": 50.0, "obstaculo": 100.0, "rampa": 0.0, "rampa_faces": 0.0, "sem_calcada": 50.0, "sem_arvore": 100.0, "muitas_arvores": 0.0, "vao": 100.0, "V05400": 6, "V05421": 3, "V05406": 6, "V05412": 6, "V05422": 3, "V05424": 3, "V05427": 0, "V05409": 0, "V05415": 1, "V05418": 0, "V05430": 6, "V05433": 0, "criancas_0a4": 4, "em_favela": true }, "geometry": { "type": "Polygon", "coordinates": [ [ [ -46.78696, -23.661837 ], [ -46.787034, -23.661872 ], [ -46.787385, -23.66176 ], [ -46.787406, -23.661284 ], [ -46.787219, -23.661191 ], [ -46.787031, -23.661183 ], [ -46.78696, -23.661837 ] ] ] } },
{ "type": "Feature", "properties": { "CD_SETOR": "355030819000386", "faces": 4, "pavimentada": 100.0, "bueiro": 25.0, "iluminacao": 100.0, "onibus": 0.0, "ciclovia": 0.0, "calcada": 75.0, "obstaculo": 100.0, "rampa": 0.0, "rampa_faces": 0.0, "sem_calcada": 25.0, "sem_arvore": 75.0, "muitas_arvores": 0.0, "vao": 100.0, "V05400": 4, "V05421": 3, "V05406": 4, "V05412": 4, "V05422": 1, "V05424": 3, "V05427": 0, "V05409": 1, "V05415": 0, "V05418": 0, "V05430": 3, "V05433": 0, "criancas_0a4": 17, "em_favela": false }, "geometry": { "type": "Polygon", "coordinates": [ [ [ -46.778058, -23.681298 ], [ -46.778139, -23.681463 ], [ -46.778397, -23.681952 ], [ -46.7785, -23.682114 ], [ -46.778829, -23.682085 ], [ -46.779749, -23.681325 ], [ -46.779886, -23.681365 ], [ -46.779745, -23.680848 ], [ -46.779633, -23.680674 ], [ -46.778656, -23.681518 ], [ -46.778097, -23.681376 ], [ -46.778058, -23.681298 ] ] ] } },
{ "type": "Feature", "properties": { "CD_SETOR": "355030819000387", "faces": 5, "pavimentada": 100.0, "bueiro": 0.0, "iluminacao": 100.0, "onibus": 0.0, "ciclovia": 0.0, "calcada": 80.0, "obstaculo": 100.0, "rampa": 0.0, "rampa_faces": 0.0, "sem_calcada": 20.0, "sem_arvore": 40.0, "muitas_arvores": 0.0, "vao": 100.0, "V05400": 5, "V05421": 4, "V05406": 5, "V05412": 5, "V05422": 1, "V05424": 4, "V05427": 0, "V05409": 0, "V05415": 0, "V05418": 0, "V05430": 2, "V05433": 0, "criancas_0a4": 0, "em_favela": true }, "geometry": { "type": "Polygon", "coordinates": [ [ [ -46.779633, -23.680674 ], [ -46.779745, -23.680848 ], [ -46.779886, -23.681365 ], [ -46.78024, -23.681284 ], [ -46.780559, -23.68128 ], [ -46.780569, -23.681152 ], [ -46.779957, -23.680715 ], [ -46.779735, -23.68057 ], [ -46.779633, -23.680674 ] ] ] } },
{ "type": "Feature", "properties": { "CD_SETOR": "355030819000389", "faces": 13, "pavimentada": 100.0, "bueiro": 7.69, "iluminacao": 38.46, "onibus": 0.0, "ciclovia": 0.0, "calcada": 23.08, "obstaculo": 100.0, "rampa": 33.33, "rampa_faces": 7.69, "sem_calcada": 76.92, "sem_arvore": 92.31, "muitas_arvores": 0.0, "vao": 92.31, "V05400": 13, "V05421": 3, "V05406": 13, "V05412": 5, "V05422": 10, "V05424": 3, "V05427": 1, "V05409": 1, "V05415": 0, "V05418": 0, "V05430": 12, "V05433": 0, "criancas_0a4": 23, "em_favela": true }, "geometry": { "type": "Polygon", "coordinates": [ [ [ -46.789623, -23.662569 ], [ -46.789706, -23.662777 ], [ -46.789855, -23.662907 ], [ -46.790342, -23.663073 ], [ -46.790955, -23.663546 ], [ -46.791059, -23.663532 ], [ -46.790891, -23.663012 ], [ -46.790913, -23.662967 ], [ -46.790698, -23.662893 ], [ -46.790417, -23.662658 ], [ -46.790135, -23.662627 ], [ -46.790052, -23.662524 ], [ -46.789623, -23.662569 ] ] ] } },
{ "type": "Feature", "properties": { "CD_SETOR": "355030819000390", "faces": 27, "pavimentada": 92.59, "bueiro": 37.04, "iluminacao": 92.59, "onibus": 0.0, "ciclovia": 0.0, "calcada": 18.52, "obstaculo": 100.0, "rampa": 0.0, "rampa_faces": 0.0, "sem_calcada": 74.07, "sem_arvore": 81.48, "muitas_arvores": 3.7, "vao": 92.59, "V05400": 27, "V05421": 5, "V05406": 25, "V05412": 25, "V05422": 20, "V05424": 5, "V05427": 0, "V05409": 10, "V05415": 0, "V05418": 0, "V05430": 22, "V05433": 1, "criancas_0a4": 47, "em_favela": true }, "geometry": { "type": "Polygon", "coordinates": [ [ [ -46.785452, -23.6841 ], [ -46.784779, -23.684891 ], [ -46.785335, -23.685456 ], [ -46.785769, -23.685138 ], [ -46.785907, -23.685309 ], [ -46.78697, -23.68446 ], [ -46.786765, -23.684208 ], [ -46.78664, -23.684184 ], [ -46.786343, -23.684683 ], [ -46.786012, -23.684503 ], [ -46.786162, -23.683902 ], [ -46.785452, -23.6841 ] ] ] } },
{ "type": "Feature", "properties": { "CD_SETOR": "355030819000391", "faces": 19, "pavimentada": 100.0, "bueiro": 63.16, "iluminacao": 100.0, "onibus": 21.05, "ciclovia": 0.0, "calcada": 94.74, "obstaculo": 100.0, "rampa": 0.0, "rampa_faces": 0.0, "sem_calcada": 5.26, "sem_arvore": 42.11, "muitas_arvores": 10.53, "vao": 100.0, "V05400": 19, "V05421": 18, "V05406": 19, "V05412": 19, "V05422": 1, "V05424": 18, "V05427": 0, "V05409": 12, "V05415": 4, "V05418": 0, "V05430": 8, "V05433": 2, "criancas_0a4": 25, "em_favela": false }, "geometry": { "type": "Polygon", "coordinates": [ [ [ -46.795595, -23.673149 ], [ -46.795719, -23.67356 ], [ -46.795867, -23.673506 ], [ -46.795946, -23.674298 ], [ -46.79651, -23.674316 ], [ -46.796921, -23.673906 ], [ -46.796822, -23.673831 ], [ -46.79697, -23.673653 ], [ -46.796541, -23.673513 ], [ -46.796612, -23.673263 ], [ -46.796517, -23.673115 ], [ -46.796542, -23.672668 ], [ -46.796463, -23.672516 ], [ -46.796136, -23.672856 ], [ -46.795595, -23.673149 ] ] ] } },
{ "type": "Feature", "properties": { "CD_SETOR": "355030819000392", "faces": 17, "pavimentada": 100.0, "bueiro": 94.12, "iluminacao": 100.0, "onibus": 5.88, "ciclovia": 0.0, "calcada": 76.47, "obstaculo": 100.0, "rampa": 0.0, "rampa_faces": 0.0, "sem_calcada": 23.53, "sem_arvore": 29.41, "muitas_arvores": 17.65, "vao": 100.0, "V05400": 17, "V05421": 13, "V05406": 17, "V05412": 17, "V05422": 4, "V05424": 13, "V05427": 0, "V05409": 16, "V05415": 1, "V05418": 0, "V05430": 5, "V05433": 3, "criancas_0a4": 14, "em_favela": true }, "geometry": { "type": "Polygon", "coordinates": [ [ [ -46.795972, -23.672702 ], [ -46.795269, -23.673234 ], [ -46.795204, -23.673162 ], [ -46.795151, -23.673199 ], [ -46.795269, -23.673427 ], [ -46.795636, -23.673291 ], [ -46.795595, -23.673149 ], [ -46.796136, -23.672856 ], [ -46.796463, -23.672516 ], [ -46.796542, -23.672668 ], [ -46.796517, -23.673115 ], [ -46.796612, -23.673263 ], [ -46.796541, -23.673513 ], [ -46.79697, -23.673653 ], [ -46.796822, -23.673831 ], [ -46.796921, -23.673906 ], [ -46.797174, -23.673648 ], [ -46.797052, -23.673373 ], [ -46.797025, -23.673182 ], [ -46.796949, -23.673099 ], [ -46.796773, -23.673081 ], [ -46.796705, -23.673021 ], [ -46.796611, -23.672613 ], [ -46.796333, -23.672229 ], [ -46.795972, -23.672702 ] ] ] } },
{ "type": "Feature", "properties": { "CD_SETOR": "355030819000393", "faces": 3, "pavimentada": 100.0, "bueiro": 0.0, "iluminacao": 100.0, "onibus": 0.0, "ciclovia": 0.0, "calcada": 66.67, "obstaculo": 100.0, "rampa": 0.0, "rampa_faces": 0.0, "sem_calcada": 33.33, "sem_arvore": 100.0, "muitas_arvores": 0.0, "vao": 100.0, "V05400": 3, "V05421": 2, "V05406": 3, "V05412": 3, "V05422": 1, "V05424": 2, "V05427": 0, "V05409": 0, "V05415": 0, "V05418": 0, "V05430": 3, "V05433": 0, "criancas_0a4": 7, "em_favela": false }, "geometry": { "type": "Polygon", "coordinates": [ [ [ -46.78291, -23.687503 ], [ -46.783225, -23.687659 ], [ -46.783746, -23.687669 ], [ -46.783873, -23.687502 ], [ -46.783266, -23.687056 ], [ -46.78291, -23.687503 ] ] ] } },
{ "type": "Feature", "properties": { "CD_SETOR": "355030819000394", "faces": 6, "pavimentada": 100.0, "bueiro": 33.33, "iluminacao": 100.0, "onibus": 0.0, "ciclovia": 0.0, "calcada": 66.67, "obstaculo": 100.0, "rampa": 0.0, "rampa_faces": 0.0, "sem_calcada": 33.33, "sem_arvore": 50.0, "muitas_arvores": 16.67, "vao": 100.0, "V05400": 6, "V05421": 4, "V05406": 6, "V05412": 6, "V05422": 2, "V05424": 4, "V05427": 0, "V05409": 2, "V05415": 0, "V05418": 0, "V05430": 3, "V05433": 1, "criancas_0a4": 20, "em_favela": true }, "geometry": { "type": "Polygon", "coordinates": [ [ [ -46.783873, -23.687502 ], [ -46.783746, -23.687669 ], [ -46.783225, -23.687659 ], [ -46.782848, -23.687473 ], [ -46.782861, -23.687571 ], [ -46.782816, -23.687645 ], [ -46.782613, -23.687766 ], [ -46.784173, -23.688117 ], [ -46.784253, -23.688212 ], [ -46.784249, -23.688289 ], [ -46.784102, -23.688556 ], [ -46.784583, -23.688839 ], [ -46.784839, -23.688437 ], [ -46.784689, -23.687836 ], [ -46.784724, -23.687754 ], [ -46.78486, -23.687663 ], [ -46.78445, -23.687277 ], [ -46.784073, -23.6875 ], [ -46.783873, -23.687502 ] ] ] } },
{ "type": "Feature", "properties": { "CD_SETOR": "355030819000395", "faces": 6, "pavimentada": 100.0, "bueiro": 33.33, "iluminacao": 100.0, "onibus": 0.0, "ciclovia": 0.0, "calcada": 33.33, "obstaculo": 100.0, "rampa": 0.0, "rampa_faces": 0.0, "sem_calcada": 66.67, "sem_arvore": 83.33, "muitas_arvores": 0.0, "vao": 100.0, "V05400": 6, "V05421": 2, "V05406": 6, "V05412": 6, "V05422": 4, "V05424": 2, "V05427": 0, "V05409": 2, "V05415": 0, "V05418": 0, "V05430": 5, "V05433": 0, "criancas_0a4": 22, "em_favela": true }, "geometry": { "type": "Polygon", "coordinates": [ [ [ -46.784838, -23.686538 ], [ -46.783996, -23.68704 ], [ -46.783539, -23.687265 ], [ -46.783873, -23.687502 ], [ -46.784073, -23.6875 ], [ -46.785158, -23.686886 ], [ -46.784965, -23.686379 ], [ -46.784838, -23.686538 ] ] ] } },
{ "type": "Feature", "properties": { "CD_SETOR": "355030819000396", "faces": 2, "pavimentada": 100.0, "bueiro": 100.0, "iluminacao": 100.0, "onibus": 50.0, "ciclovia": 0.0, "calcada": 100.0, "obstaculo": 50.0, "rampa": 0.0, "rampa_faces": 0.0, "sem_calcada": 0.0, "sem_arvore": 50.0, "muitas_arvores": 50.0, "vao": 100.0, "V05400": 2, "V05421": 2, "V05406": 2, "V05412": 2, "V05422": 0, "V05424": 1, "V05427": 0, "V05409": 2, "V05415": 1, "V05418": 0, "V05430": 1, "V05433": 1, "criancas_0a4": 4, "em_favela": true }, "geometry": { "type": "Polygon", "coordinates": [ [ [ -46.793857, -23.686386 ], [ -46.792567, -23.686075 ], [ -46.792453, -23.68657 ], [ -46.792771, -23.686654 ], [ -46.792956, -23.686503 ], [ -46.793857, -23.686386 ] ] ] } },
{ "type": "Feature", "properties": { "CD_SETOR": "355030819000397", "faces": 14, "pavimentada": 92.86, "bueiro": 0.0, "iluminacao": 85.71, "onibus": 57.14, "ciclovia": 0.0, "calcada": 14.29, "obstaculo": 100.0, "rampa": 0.0, "rampa_faces": 0.0, "sem_calcada": 78.57, "sem_arvore": 78.57, "muitas_arvores": 14.29, "vao": 92.86, "V05400": 14, "V05421": 2, "V05406": 13, "V05412": 12, "V05422": 11, "V05424": 2, "V05427": 0, "V05409": 0, "V05415": 8, "V05418": 0, "V05430": 11, "V05433": 2, "criancas_0a4": 14, "em_favela": true }, "geometry": { "type": "Polygon", "coordinates": [ [ [ -46.792218, -23.688564 ], [ -46.792709, -23.68838 ], [ -46.792612, -23.688303 ], [ -46.792425, -23.687995 ], [ -46.791929, -23.688226 ], [ -46.792218, -23.688564 ] ] ] } },
{ "type": "Feature", "properties": { "CD_SETOR": "355030819000398", "faces": 3, "pavimentada": 100.0, "bueiro": 100.0, "iluminacao": 100.0, "onibus": 0.0, "ciclovia": 0.0, "calcada": 33.33, "obstaculo": 0.0, "rampa": 0.0, "rampa_faces": 0.0, "sem_calcada": 66.67, "sem_arvore": 33.33, "muitas_arvores": 0.0, "vao": 100.0, "V05400": 3, "V05421": 1, "V05406": 3, "V05412": 3, "V05422": 2, "V05424": 0, "V05427": 0, "V05409": 3, "V05415": 0, "V05418": 0, "V05430": 1, "V05433": 0, "criancas_0a4": 3, "em_favela": true }, "geometry": { "type": "Polygon", "coordinates": [ [ [ -46.77139, -23.671431 ], [ -46.771519, -23.671831 ], [ -46.771536, -23.671957 ], [ -46.771485, -23.672121 ], [ -46.772101, -23.671923 ], [ -46.771675, -23.671425 ], [ -46.771545, -23.671384 ], [ -46.77139, -23.671431 ] ] ] } },
{ "type": "Feature", "properties": { "CD_SETOR": "355030819000399", "faces": 17, "pavimentada": 94.12, "bueiro": 0.0, "iluminacao": 94.12, "onibus": 0.0, "ciclovia": 0.0, "calcada": 17.65, "obstaculo": 100.0, "rampa": 0.0, "rampa_faces": 0.0, "sem_calcada": 76.47, "sem_arvore": 88.24, "muitas_arvores": 0.0, "vao": 94.12, "V05400": 17, "V05421": 3, "V05406": 16, "V05412": 16, "V05422": 13, "V05424": 3, "V05427": 0, "V05409": 0, "V05415": 0, "V05418": 0, "V05430": 15, "V05433": 0, "criancas_0a4": 48, "em_favela": true }, "geometry": { "type": "Polygon", "coordinates": [ [ [ -46.772376, -23.65735 ], [ -46.772619, -23.657567 ], [ -46.772518, -23.657839 ], [ -46.772037, -23.658353 ], [ -46.772777, -23.658929 ], [ -46.772896, -23.659077 ], [ -46.773397, -23.658765 ], [ -46.773602, -23.658714 ], [ -46.773317, -23.658344 ], [ -46.773442, -23.658069 ], [ -46.77346, -23.657847 ], [ -46.773265, -23.657738 ], [ -46.773138, -23.657948 ], [ -46.773055, -23.657908 ], [ -46.773103, -23.657823 ], [ -46.773053, -23.657803 ], [ -46.773072, -23.657728 ], [ -46.772991, -23.657697 ], [ -46.773068, -23.65754 ], [ -46.772217, -23.656937 ], [ -46.772376, -23.65735 ] ] ] } },
{ "type": "Feature", "properties": { "CD_SETOR": "355030819000400", "faces": 7, "pavimentada": 100.0, "bueiro": 14.29, "iluminacao": 100.0, "onibus": 0.0, "ciclovia": 0.0, "calcada": 57.14, "obstaculo": 100.0, "rampa": 0.0, "rampa_faces": 0.0, "sem_calcada": 42.86, "sem_arvore": 71.43, "muitas_arvores": 0.0, "vao": 100.0, "V05400": 7, "V05421": 4, "V05406": 7, "V05412": 7, "V05422": 3, "V05424": 4, "V05427": 0, "V05409": 1, "V05415": 0, "V05418": 0, "V05430": 5, "V05433": 0, "criancas_0a4": 19, "em_favela": true }, "geometry": { "type": "Polygon", "coordinates": [ [ [ -46.767901, -23.673706 ], [ -46.768161, -23.67421 ], [ -46.768603, -23.675529 ], [ -46.769108, -23.675374 ], [ -46.769008, -23.674976 ], [ -46.768783, -23.67473 ], [ -46.768236, -23.673689 ], [ -46.767901, -23.673706 ] ] ] } },
{ "type": "Feature", "properties": { "CD_SETOR": "355030819000401", "faces": 1, "pavimentada": 100.0, "bueiro": 100.0, "iluminacao": 100.0, "onibus": 0.0, "ciclovia": 0.0, "calcada": 100.0, "obstaculo": 100.0, "rampa": 0.0, "rampa_faces": 0.0, "sem_calcada": 0.0, "sem_arvore": 0.0, "muitas_arvores": 100.0, "vao": 100.0, "V05400": 1, "V05421": 1, "V05406": 1, "V05412": 1, "V05422": 0, "V05424": 1, "V05427": 0, "V05409": 1, "V05415": 0, "V05418": 0, "V05430": 0, "V05433": 1, "criancas_0a4": 10, "em_favela": true }, "geometry": { "type": "Polygon", "coordinates": [ [ [ -46.77318, -23.656139 ], [ -46.773904, -23.656182 ], [ -46.774221, -23.656032 ], [ -46.77443, -23.656015 ], [ -46.774472, -23.655835 ], [ -46.774164, -23.655731 ], [ -46.774095, -23.655784 ], [ -46.77375, -23.655784 ], [ -46.773747, -23.655915 ], [ -46.773195, -23.655897 ], [ -46.77318, -23.656139 ] ] ] } },
{ "type": "Feature", "properties": { "CD_SETOR": "355030819000402", "faces": 6, "pavimentada": 100.0, "bueiro": 0.0, "iluminacao": 100.0, "onibus": 0.0, "ciclovia": 0.0, "calcada": 83.33, "obstaculo": 100.0, "rampa": 0.0, "rampa_faces": 0.0, "sem_calcada": 16.67, "sem_arvore": 50.0, "muitas_arvores": 16.67, "vao": 100.0, "V05400": 6, "V05421": 5, "V05406": 6, "V05412": 6, "V05422": 1, "V05424": 5, "V05427": 0, "V05409": 0, "V05415": 0, "V05418": 0, "V05430": 3, "V05433": 1, "criancas_0a4": 0, "em_favela": false }, "geometry": { "type": "Polygon", "coordinates": [ [ [ -46.786795, -23.665644 ], [ -46.786901, -23.665953 ], [ -46.787167, -23.666149 ], [ -46.788191, -23.666366 ], [ -46.788036, -23.66605 ], [ -46.787979, -23.665608 ], [ -46.788051, -23.665053 ], [ -46.788173, -23.664721 ], [ -46.787657, -23.665061 ], [ -46.787571, -23.665432 ], [ -46.787233, -23.665587 ], [ -46.786795, -23.665644 ] ] ] } },
{ "type": "Feature", "properties": { "CD_SETOR": "355030819000403", "faces": 11, "pavimentada": 100.0, "bueiro": 9.09, "iluminacao": 90.91, "onibus": 0.0, "ciclovia": 0.0, "calcada": 36.36, "obstaculo": 100.0, "rampa": 0.0, "rampa_faces": 0.0, "sem_calcada": 63.64, "sem_arvore": 72.73, "muitas_arvores": 9.09, "vao": 100.0, "V05400": 11, "V05421": 4, "V05406": 11, "V05412": 10, "V05422": 7, "V05424": 4, "V05427": 0, "V05409": 1, "V05415": 0, "V05418": 0, "V05430": 8, "V05433": 1, "criancas_0a4": 60, "em_favela": true }, "geometry": { "type": "Polygon", "coordinates": [ [ [ -46.787508, -23.664041 ], [ -46.787105, -23.664508 ], [ -46.786818, -23.665225 ], [ -46.786795, -23.665644 ], [ -46.787233, -23.665587 ], [ -46.787571, -23.665432 ], [ -46.787657, -23.665061 ], [ -46.788173, -23.664721 ], [ -46.788422, -23.664225 ], [ -46.78845, -23.663385 ], [ -46.788308, -23.663393 ], [ -46.788141, -23.663546 ], [ -46.787442, -23.663569 ], [ -46.787717, -23.6639 ], [ -46.787508, -23.664041 ] ] ] } },
{ "type": "Feature", "properties": { "CD_SETOR": "355030819000404", "faces": 25, "pavimentada": 84.0, "bueiro": 40.0, "iluminacao": 28.0, "onibus": 0.0, "ciclovia": 8.0, "calcada": 16.0, "obstaculo": 100.0, "rampa": 0.0, "rampa_faces": 0.0, "sem_calcada": 84.0, "sem_arvore": 100.0, "muitas_arvores": 0.0, "vao": 84.0, "V05400": 25, "V05421": 4, "V05406": 21, "V05412": 7, "V05422": 21, "V05424": 4, "V05427": 0, "V05409": 10, "V05415": 0, "V05418": 2, "V05430": 25, "V05433": 0, "criancas_0a4": 62, "em_favela": true }, "geometry": { "type": "Polygon", "coordinates": [ [ [ -46.783854, -23.656306 ], [ -46.784043, -23.656416 ], [ -46.784187, -23.656627 ], [ -46.784627, -23.657878 ], [ -46.78464, -23.65802 ], [ -46.784812, -23.658177 ], [ -46.784955, -23.658058 ], [ -46.785182, -23.658153 ], [ -46.785181, -23.657945 ], [ -46.78512, -23.657888 ], [ -46.784877, -23.657265 ], [ -46.784761, -23.657254 ], [ -46.78475, -23.657081 ], [ -46.78461, -23.656795 ], [ -46.785391, -23.656876 ], [ -46.785452, -23.656821 ], [ -46.785324, -23.656545 ], [ -46.785314, -23.656264 ], [ -46.784807, -23.65666 ], [ -46.784619, -23.6565 ], [ -46.784571, -23.655993 ], [ -46.784383, -23.65604 ], [ -46.784017, -23.655974 ], [ -46.783976, -23.656094 ], [ -46.783813, -23.656056 ], [ -46.783854, -23.656306 ] ] ] } },
{ "type": "Feature", "properties": { "CD_SETOR": "355030819000405", "faces": 2, "pavimentada": 100.0, "bueiro": 100.0, "iluminacao": 100.0, "onibus": 50.0, "ciclovia": 0.0, "calcada": 100.0, "obstaculo": 50.0, "rampa": 0.0, "rampa_faces": 0.0, "sem_calcada": 0.0, "sem_arvore": 50.0, "muitas_arvores": 0.0, "vao": 100.0, "V05400": 2, "V05421": 2, "V05406": 2, "V05412": 2, "V05422": 0, "V05424": 1, "V05427": 0, "V05409": 2, "V05415": 1, "V05418": 0, "V05430": 1, "V05433": 0, "criancas_0a4": 3, "em_favela": false }, "geometry": { "type": "Polygon", "coordinates": [ [ [ -46.782866, -23.654223 ], [ -46.783126, -23.654493 ], [ -46.783116, -23.654555 ], [ -46.783296, -23.65478 ], [ -46.783344, -23.654743 ], [ -46.783457, -23.654848 ], [ -46.783566, -23.655072 ], [ -46.783664, -23.655145 ], [ -46.783937, -23.655005 ], [ -46.78305, -23.654188 ], [ -46.782866, -23.654223 ] ] ] } },
{ "type": "Feature", "properties": { "CD_SETOR": "355030819000406", "faces": 3, "pavimentada": 100.0, "bueiro": 33.33, "iluminacao": 66.67, "onibus": 33.33, "ciclovia": 0.0, "calcada": 66.67, "obstaculo": 0.0, "rampa": 0.0, "rampa_faces": 0.0, "sem_calcada": 33.33, "sem_arvore": 100.0, "muitas_arvores": 0.0, "vao": 100.0, "V05400": 3, "V05421": 2, "V05406": 3, "V05412": 2, "V05422": 1, "V05424": 0, "V05427": 0, "V05409": 1, "V05415": 1, "V05418": 0, "V05430": 3, "V05433": 0, "criancas_0a4": 9, "em_favela": false }, "geometry": { "type": "Polygon", "coordinates": [ [ [ -46.782223, -23.654385 ], [ -46.78223, -23.654541 ], [ -46.782425, -23.654845 ], [ -46.782736, -23.655564 ], [ -46.782767, -23.655603 ], [ -46.782981, -23.655494 ], [ -46.782622, -23.654823 ], [ -46.782695, -23.654752 ], [ -46.782652, -23.65466 ], [ -46.78231, -23.654377 ], [ -46.782223, -23.654385 ] ] ] } },
{ "type": "Feature", "properties": { "CD_SETOR": "355030819000407", "faces": 12, "pavimentada": 100.0, "bueiro": 66.67, "iluminacao": 66.67, "onibus": 25.0, "ciclovia": 0.0, "calcada": 33.33, "obstaculo": 75.0, "rampa": 0.0, "rampa_faces": 0.0, "sem_calcada": 66.67, "sem_arvore": 83.33, "muitas_arvores": 0.0, "vao": 100.0, "V05400": 12, "V05421": 4, "V05406": 12, "V05412": 8, "V05422": 8, "V05424": 3, "V05427": 0, "V05409": 8, "V05415": 3, "V05418": 0, "V05430": 10, "V05433": 0, "criancas_0a4": 21, "em_favela": true }, "geometry": { "type": "Polygon", "coordinates": [ [ [ -46.782223, -23.654385 ], [ -46.78231, -23.654377 ], [ -46.782652, -23.65466 ], [ -46.782695, -23.654752 ], [ -46.782622, -23.654823 ], [ -46.782981, -23.655494 ], [ -46.783664, -23.655145 ], [ -46.783566, -23.655072 ], [ -46.783457, -23.654848 ], [ -46.783344, -23.654743 ], [ -46.783296, -23.65478 ], [ -46.783116, -23.654555 ], [ -46.783126, -23.654493 ], [ -46.782866, -23.654223 ], [ -46.782624, -23.654313 ], [ -46.782502, -23.654308 ], [ -46.78213, -23.653672 ], [ -46.781976, -23.653755 ], [ -46.782161, -23.654105 ], [ -46.782223, -23.654385 ] ] ] } },
{ "type": "Feature", "properties": { "CD_SETOR": "355030819000408", "faces": 6, "pavimentada": 100.0, "bueiro": 100.0, "iluminacao": 100.0, "onibus": 16.67, "ciclovia": 0.0, "calcada": 66.67, "obstaculo": 100.0, "rampa": 0.0, "rampa_faces": 0.0, "sem_calcada": 33.33, "sem_arvore": 50.0, "muitas_arvores": 0.0, "vao": 100.0, "V05400": 6, "V05421": 4, "V05406": 6, "V05412": 6, "V05422": 2, "V05424": 4, "V05427": 0, "V05409": 6, "V05415": 1, "V05418": 0, "V05430": 3, "V05433": 0, "criancas_0a4": 0, "em_favela": false }, "geometry": { "type": "Polygon", "coordinates": [ [ [ -46.782367, -23.684833 ], [ -46.781628, -23.68578 ], [ -46.781763, -23.685866 ], [ -46.781959, -23.685646 ], [ -46.782202, -23.685769 ], [ -46.78243, -23.685603 ], [ -46.782688, -23.68578 ], [ -46.783184, -23.685369 ], [ -46.782367, -23.684833 ] ] ] } },
{ "type": "Feature", "properties": { "CD_SETOR": "355030819000409", "faces": 7, "pavimentada": 100.0, "bueiro": 14.29, "iluminacao": 100.0, "onibus": 0.0, "ciclovia": 0.0, "calcada": 0.0, "obstaculo": null, "rampa": null, "rampa_faces": 0.0, "sem_calcada": 100.0, "sem_arvore": 100.0, "muitas_arvores": 0.0, "vao": 100.0, "V05400": 7, "V05421": 0, "V05406": 7, "V05412": 7, "V05422": 7, "V05424": 0, "V05427": 0, "V05409": 1, "V05415": 0, "V05418": 0, "V05430": 7, "V05433": 0, "criancas_0a4": 23, "em_favela": true }, "geometry": { "type": "Polygon", "coordinates": [ [ [ -46.783823, -23.687118 ], [ -46.784674, -23.686605 ], [ -46.784015, -23.686081 ], [ -46.783873, -23.686041 ], [ -46.783958, -23.685911 ], [ -46.783796, -23.686012 ], [ -46.783515, -23.686345 ], [ -46.78349, -23.686457 ], [ -46.783649, -23.686873 ], [ -46.783823, -23.687118 ] ] ] } },
{ "type": "Feature", "properties": { "CD_SETOR": "355030819000410", "faces": 10, "pavimentada": 100.0, "bueiro": 50.0, "iluminacao": 100.0, "onibus": 10.0, "ciclovia": 0.0, "calcada": 60.0, "obstaculo": 100.0, "rampa": 0.0, "rampa_faces": 0.0, "sem_calcada": 40.0, "sem_arvore": 60.0, "muitas_arvores": 0.0, "vao": 100.0, "V05400": 10, "V05421": 6, "V05406": 10, "V05412": 10, "V05422": 4, "V05424": 6, "V05427": 0, "V05409": 5, "V05415": 1, "V05418": 0, "V05430": 6, "V05433": 0, "criancas_0a4": 8, "em_favela": true }, "geometry": { "type": "Polygon", "coordinates": [ [ [ -46.782558, -23.686179 ], [ -46.782722, -23.685957 ], [ -46.782737, -23.685836 ], [ -46.783055, -23.686015 ], [ -46.783267, -23.685861 ], [ -46.783465, -23.685934 ], [ -46.783635, -23.685676 ], [ -46.783184, -23.685369 ], [ -46.782688, -23.68578 ], [ -46.78243, -23.685603 ], [ -46.782202, -23.685769 ], [ -46.781959, -23.685646 ], [ -46.781763, -23.685866 ], [ -46.781864, -23.686003 ], [ -46.782558, -23.686179 ] ] ] } },
{ "type": "Feature", "properties": { "CD_SETOR": "355030819000411", "faces": 4, "pavimentada": 100.0, "bueiro": 0.0, "iluminacao": 100.0, "onibus": 0.0, "ciclovia": 0.0, "calcada": 0.0, "obstaculo": null, "rampa": null, "rampa_faces": 0.0, "sem_calcada": 100.0, "sem_arvore": 100.0, "muitas_arvores": 0.0, "vao": 100.0, "V05400": 4, "V05421": 0, "V05406": 4, "V05412": 4, "V05422": 4, "V05424": 0, "V05427": 0, "V05409": 0, "V05415": 0, "V05418": 0, "V05430": 4, "V05433": 0, "criancas_0a4": 0, "em_favela": true }, "geometry": { "type": "Polygon", "coordinates": [ [ [ -46.75594, -23.655943 ], [ -46.756122, -23.656234 ], [ -46.756421, -23.656036 ], [ -46.756236, -23.6558 ], [ -46.75594, -23.655943 ] ] ] } },
{ "type": "Feature", "properties": { "CD_SETOR": "355030819000412", "faces": 10, "pavimentada": 80.0, "bueiro": 30.0, "iluminacao": 70.0, "onibus": 0.0, "ciclovia": 0.0, "calcada": 30.0, "obstaculo": 100.0, "rampa": 0.0, "rampa_faces": 0.0, "sem_calcada": 70.0, "sem_arvore": 90.0, "muitas_arvores": 0.0, "vao": 80.0, "V05400": 10, "V05421": 3, "V05406": 8, "V05412": 7, "V05422": 7, "V05424": 3, "V05427": 0, "V05409": 3, "V05415": 0, "V05418": 0, "V05430": 9, "V05433": 0, "criancas_0a4": 28, "em_favela": true }, "geometry": { "type": "Polygon", "coordinates": [ [ [ -46.756236, -23.6558 ], [ -46.755488, -23.654016 ], [ -46.755295, -23.653692 ], [ -46.755123, -23.653667 ], [ -46.755021, -23.654071 ], [ -46.754942, -23.654182 ], [ -46.754837, -23.654212 ], [ -46.755053, -23.654336 ], [ -46.755181, -23.654573 ], [ -46.755372, -23.655129 ], [ -46.755625, -23.655379 ], [ -46.75594, -23.655943 ], [ -46.756236, -23.6558 ] ] ] } },
{ "type": "Feature", "properties": { "CD_SETOR": "355030819000413", "faces": 3, "pavimentada": 100.0, "bueiro": 33.33, "iluminacao": 100.0, "onibus": 0.0, "ciclovia": 0.0, "calcada": 66.67, "obstaculo": 100.0, "rampa": 0.0, "rampa_faces": 0.0, "sem_calcada": 33.33, "sem_arvore": 33.33, "muitas_arvores": 33.33, "vao": 100.0, "V05400": 3, "V05421": 2, "V05406": 3, "V05412": 3, "V05422": 1, "V05424": 2, "V05427": 0, "V05409": 1, "V05415": 0, "V05418": 0, "V05430": 1, "V05433": 1, "criancas_0a4": 3, "em_favela": false }, "geometry": { "type": "Polygon", "coordinates": [ [ [ -46.76784, -23.677679 ], [ -46.767947, -23.677803 ], [ -46.76842, -23.678125 ], [ -46.768586, -23.678118 ], [ -46.768797, -23.677856 ], [ -46.768802, -23.67782 ], [ -46.768398, -23.6775 ], [ -46.768163, -23.677676 ], [ -46.76784, -23.677679 ] ] ] } },
{ "type": "Feature", "properties": { "CD_SETOR": "355030819000414", "faces": 5, "pavimentada": 100.0, "bueiro": 80.0, "iluminacao": 80.0, "onibus": 0.0, "ciclovia": 0.0, "calcada": 80.0, "obstaculo": 100.0, "rampa": 0.0, "rampa_faces": 0.0, "sem_calcada": 20.0, "sem_arvore": 100.0, "muitas_arvores": 0.0, "vao": 100.0, "V05400": 5, "V05421": 4, "V05406": 5, "V05412": 4, "V05422": 1, "V05424": 4, "V05427": 0, "V05409": 4, "V05415": 0, "V05418": 0, "V05430": 5, "V05433": 0, "criancas_0a4": 10, "em_favela": true }, "geometry": { "type": "Polygon", "coordinates": [ [ [ -46.769227, -23.677535 ], [ -46.768974, -23.677077 ], [ -46.768394, -23.67733 ], [ -46.768398, -23.6775 ], [ -46.768802, -23.67782 ], [ -46.768797, -23.677856 ], [ -46.769227, -23.677535 ] ] ] } },
{ "type": "Feature", "properties": { "CD_SETOR": "355030819000415", "faces": 9, "pavimentada": 77.78, "bueiro": 22.22, "iluminacao": 66.67, "onibus": 0.0, "ciclovia": 0.0, "calcada": 55.56, "obstaculo": 100.0, "rampa": 0.0, "rampa_faces": 0.0, "sem_calcada": 44.44, "sem_arvore": 77.78, "muitas_arvores": 0.0, "vao": 77.78, "V05400": 9, "V05421": 5, "V05406": 7, "V05412": 6, "V05422": 4, "V05424": 5, "V05427": 0, "V05409": 2, "V05415": 0, "V05418": 0, "V05430": 7, "V05433": 0, "criancas_0a4": 11, "em_favela": true }, "geometry": { "type": "Polygon", "coordinates": [ [ [ -46.767746, -23.677049 ], [ -46.767912, -23.677311 ], [ -46.76785, -23.677424 ], [ -46.767712, -23.677507 ], [ -46.76784, -23.677679 ], [ -46.76818, -23.677669 ], [ -46.768398, -23.6775 ], [ -46.768384, -23.677177 ], [ -46.768451, -23.676664 ], [ -46.768179, -23.6768 ], [ -46.768061, -23.676926 ], [ -46.767906, -23.676937 ], [ -46.767746, -23.677049 ] ] ] } },
{ "type": "Feature", "properties": { "CD_SETOR": "355030819000416", "faces": 2, "pavimentada": 100.0, "bueiro": 100.0, "iluminacao": 100.0, "onibus": 100.0, "ciclovia": 0.0, "calcada": 100.0, "obstaculo": 100.0, "rampa": 0.0, "rampa_faces": 0.0, "sem_calcada": 0.0, "sem_arvore": 100.0, "muitas_arvores": 0.0, "vao": 100.0, "V05400": 2, "V05421": 2, "V05406": 2, "V05412": 2, "V05422": 0, "V05424": 2, "V05427": 0, "V05409": 2, "V05415": 2, "V05418": 0, "V05430": 2, "V05433": 0, "criancas_0a4": 10, "em_favela": true }, "geometry": { "type": "Polygon", "coordinates": [ [ [ -46.785591, -23.662089 ], [ -46.786927, -23.662149 ], [ -46.787062, -23.662079 ], [ -46.787077, -23.661992 ], [ -46.787034, -23.661872 ], [ -46.78696, -23.661837 ], [ -46.785625, -23.661792 ], [ -46.785591, -23.662089 ] ] ] } },
{ "type": "Feature", "properties": { "CD_SETOR": "355030819000417", "faces": 9, "pavimentada": 100.0, "bueiro": 11.11, "iluminacao": 66.67, "onibus": 0.0, "ciclovia": 0.0, "calcada": 44.44, "obstaculo": 100.0, "rampa": 0.0, "rampa_faces": 0.0, "sem_calcada": 55.56, "sem_arvore": 77.78, "muitas_arvores": 11.11, "vao": 100.0, "V05400": 9, "V05421": 4, "V05406": 9, "V05412": 6, "V05422": 5, "V05424": 4, "V05427": 0, "V05409": 1, "V05415": 0, "V05418": 0, "V05430": 7, "V05433": 1, "criancas_0a4": 31, "em_favela": true }, "geometry": { "type": "Polygon", "coordinates": [ [ [ -46.775024, -23.651865 ], [ -46.775117, -23.652152 ], [ -46.775524, -23.6526 ], [ -46.775633, -23.652662 ], [ -46.775734, -23.652612 ], [ -46.775753, -23.652528 ], [ -46.776063, -23.652122 ], [ -46.77605, -23.65195 ], [ -46.77596, -23.651784 ], [ -46.775303, -23.651872 ], [ -46.775024, -23.651865 ] ] ] } },
{ "type": "Feature", "properties": { "CD_SETOR": "355030819000418", "faces": 3, "pavimentada": 100.0, "bueiro": 33.33, "iluminacao": 100.0, "onibus": 0.0, "ciclovia": 0.0, "calcada": 100.0, "obstaculo": 100.0, "rampa": 0.0, "rampa_faces": 0.0, "sem_calcada": 0.0, "sem_arvore": 33.33, "muitas_arvores": 0.0, "vao": 100.0, "V05400": 3, "V05421": 3, "V05406": 3, "V05412": 3, "V05422": 0, "V05424": 3, "V05427": 0, "V05409": 1, "V05415": 0, "V05418": 0, "V05430": 1, "V05433": 0, "criancas_0a4": 18, "em_favela": false }, "geometry": { "type": "Polygon", "coordinates": [ [ [ -46.780372, -23.654772 ], [ -46.779835, -23.654915 ], [ -46.779591, -23.655031 ], [ -46.779716, -23.655131 ], [ -46.780473, -23.655451 ], [ -46.780699, -23.654988 ], [ -46.780372, -23.654772 ] ] ] } },
{ "type": "Feature", "properties": { "CD_SETOR": "355030819000419", "faces": 3, "pavimentada": 100.0, "bueiro": 33.33, "iluminacao": 100.0, "onibus": 0.0, "ciclovia": 0.0, "calcada": 66.67, "obstaculo": 100.0, "rampa": 0.0, "rampa_faces": 0.0, "sem_calcada": 33.33, "sem_arvore": 33.33, "muitas_arvores": 0.0, "vao": 100.0, "V05400": 3, "V05421": 2, "V05406": 3, "V05412": 3, "V05422": 1, "V05424": 2, "V05427": 0, "V05409": 1, "V05415": 0, "V05418": 0, "V05430": 1, "V05433": 0, "criancas_0a4": 7, "em_favela": true }, "geometry": { "type": "Polygon", "coordinates": [ [ [ -46.777741, -23.657815 ], [ -46.778009, -23.657885 ], [ -46.778087, -23.657986 ], [ -46.778264, -23.65753 ], [ -46.778297, -23.657244 ], [ -46.777883, -23.657323 ], [ -46.777741, -23.657815 ] ] ] } },
{ "type": "Feature", "properties": { "CD_SETOR": "355030819000420", "faces": 16, "pavimentada": 100.0, "bueiro": 37.5, "iluminacao": 100.0, "onibus": 6.25, "ciclovia": 0.0, "calcada": 100.0, "obstaculo": 50.0, "rampa": 0.0, "rampa_faces": 0.0, "sem_calcada": 0.0, "sem_arvore": 62.5, "muitas_arvores": 0.0, "vao": 100.0, "V05400": 16, "V05421": 16, "V05406": 16, "V05412": 16, "V05422": 0, "V05424": 8, "V05427": 0, "V05409": 6, "V05415": 1, "V05418": 0, "V05430": 10, "V05433": 0, "criancas_0a4": 37, "em_favela": false }, "geometry": { "type": "Polygon", "coordinates": [ [ [ -46.776475, -23.664696 ], [ -46.775675, -23.664769 ], [ -46.775713, -23.665121 ], [ -46.774917, -23.665188 ], [ -46.775032, -23.666268 ], [ -46.775095, -23.666297 ], [ -46.775671, -23.665868 ], [ -46.77655, -23.665421 ], [ -46.776475, -23.664696 ] ] ] } },
{ "type": "Feature", "properties": { "CD_SETOR": "355030819000421", "faces": 15, "pavimentada": 100.0, "bueiro": 33.33, "iluminacao": 100.0, "onibus": 0.0, "ciclovia": 0.0, "calcada": 100.0, "obstaculo": 53.33, "rampa": 6.67, "rampa_faces": 6.67, "sem_calcada": 0.0, "sem_arvore": 80.0, "muitas_arvores": 20.0, "vao": 93.33, "V05400": 15, "V05421": 15, "V05406": 15, "V05412": 15, "V05422": 0, "V05424": 8, "V05427": 1, "V05409": 5, "V05415": 0, "V05418": 0, "V05430": 12, "V05433": 3, "criancas_0a4": 18, "em_favela": false }, "geometry": { "type": "Polygon", "coordinates": [ [ [ -46.775032, -23.666268 ], [ -46.774662, -23.666509 ], [ -46.775842, -23.667669 ], [ -46.776369, -23.667284 ], [ -46.776328, -23.667024 ], [ -46.776175, -23.666786 ], [ -46.776165, -23.666601 ], [ -46.776279, -23.666188 ], [ -46.776662, -23.665856 ], [ -46.776337, -23.665507 ], [ -46.775539, -23.665951 ], [ -46.775095, -23.666297 ], [ -46.775032, -23.666268 ] ] ] } },
{ "type": "Feature", "properties": { "CD_SETOR": "355030819000422", "faces": 8, "pavimentada": 100.0, "bueiro": 37.5, "iluminacao": 100.0, "onibus": 0.0, "ciclovia": 0.0, "calcada": 100.0, "obstaculo": 100.0, "rampa": 0.0, "rampa_faces": 0.0, "sem_calcada": 0.0, "sem_arvore": 25.0, "muitas_arvores": 50.0, "vao": 100.0, "V05400": 8, "V05421": 8, "V05406": 8, "V05412": 8, "V05422": 0, "V05424": 8, "V05427": 0, "V05409": 3, "V05415": 0, "V05418": 0, "V05430": 2, "V05433": 4, "criancas_0a4": 25, "em_favela": false }, "geometry": { "type": "Polygon", "coordinates": [ [ [ -46.776316, -23.671765 ], [ -46.776672, -23.671978 ], [ -46.776731, -23.672084 ], [ -46.777402, -23.672737 ], [ -46.777581, -23.67269 ], [ -46.778359, -23.672158 ], [ -46.778339, -23.672067 ], [ -46.777591, -23.671198 ], [ -46.777424, -23.671335 ], [ -46.776868, -23.670747 ], [ -46.776553, -23.671039 ], [ -46.776473, -23.67145 ], [ -46.776316, -23.671765 ] ] ] } },
{ "type": "Feature", "properties": { "CD_SETOR": "355030819000423", "faces": 14, "pavimentada": 100.0, "bueiro": 85.71, "iluminacao": 100.0, "onibus": 0.0, "ciclovia": 0.0, "calcada": 100.0, "obstaculo": 92.86, "rampa": 7.14, "rampa_faces": 7.14, "sem_calcada": 0.0, "sem_arvore": 28.57, "muitas_arvores": 14.29, "vao": 92.86, "V05400": 14, "V05421": 14, "V05406": 14, "V05412": 14, "V05422": 0, "V05424": 13, "V05427": 1, "V05409": 12, "V05415": 0, "V05418": 0, "V05430": 4, "V05433": 2, "criancas_0a4": 21, "em_favela": false }, "geometry": { "type": "Polygon", "coordinates": [ [ [ -46.777591, -23.671198 ], [ -46.778339, -23.672067 ], [ -46.778349, -23.672182 ], [ -46.777581, -23.67269 ], [ -46.777402, -23.672737 ], [ -46.776731, -23.672084 ], [ -46.776672, -23.671978 ], [ -46.776316, -23.671765 ], [ -46.776243, -23.671872 ], [ -46.776168, -23.672158 ], [ -46.776276, -23.672458 ], [ -46.776301, -23.6727 ], [ -46.776277, -23.67287 ], [ -46.776151, -23.673106 ], [ -46.776507, -23.673507 ], [ -46.776907, -23.673668 ], [ -46.776918, -23.674088 ], [ -46.77678, -23.674505 ], [ -46.777045, -23.674624 ], [ -46.778826, -23.67295 ], [ -46.779099, -23.672584 ], [ -46.779066, -23.67228 ], [ -46.778986, -23.672065 ], [ -46.777954, -23.670876 ], [ -46.777591, -23.671198 ] ] ] } },
{ "type": "Feature", "properties": { "CD_SETOR": "355030819000424", "faces": 8, "pavimentada": 100.0, "bueiro": 0.0, "iluminacao": 100.0, "onibus": 0.0, "ciclovia": 0.0, "calcada": 100.0, "obstaculo": 62.5, "rampa": 0.0, "rampa_faces": 0.0, "sem_calcada": 0.0, "sem_arvore": 75.0, "muitas_arvores": 0.0, "vao": 100.0, "V05400": 8, "V05421": 8, "V05406": 8, "V05412": 8, "V05422": 0, "V05424": 5, "V05427": 0, "V05409": 0, "V05415": 0, "V05418": 0, "V05430": 6, "V05433": 0, "criancas_0a4": 38, "em_favela": false }, "geometry": { "type": "Polygon", "coordinates": [ [ [ -46.777778, -23.662762 ], [ -46.777854, -23.662741 ], [ -46.778923, -23.663291 ], [ -46.779239, -23.662632 ], [ -46.778363, -23.662206 ], [ -46.778178, -23.662053 ], [ -46.777778, -23.662762 ] ] ] } },
{ "type": "Feature", "properties": { "CD_SETOR": "355030819000425", "faces": 6, "pavimentada": 100.0, "bueiro": 66.67, "iluminacao": 100.0, "onibus": 0.0, "ciclovia": 0.0, "calcada": 100.0, "obstaculo": 16.67, "rampa": 0.0, "rampa_faces": 0.0, "sem_calcada": 0.0, "sem_arvore": 66.67, "muitas_arvores": 33.33, "vao": 100.0, "V05400": 6, "V05421": 6, "V05406": 6, "V05412": 6, "V05422": 0, "V05424": 1, "V05427": 0, "V05409": 4, "V05415": 0, "V05418": 0, "V05430": 4, "V05433": 2, "criancas_0a4": 21, "em_favela": false }, "geometry": { "type": "Polygon", "coordinates": [ [ [ -46.77909, -23.663004 ], [ -46.778426, -23.66415 ], [ -46.77923, -23.664558 ], [ -46.779372, -23.664697 ], [ -46.779479, -23.665021 ], [ -46.780079, -23.665018 ], [ -46.780455, -23.664356 ], [ -46.779881, -23.664078 ], [ -46.780185, -23.663567 ], [ -46.779805, -23.663306 ], [ -46.779069, -23.662933 ], [ -46.77909, -23.663004 ] ] ] } },
{ "type": "Feature", "properties": { "CD_SETOR": "355030819000426", "faces": 11, "pavimentada": 72.73, "bueiro": 18.18, "iluminacao": 72.73, "onibus": 9.09, "ciclovia": 0.0, "calcada": 72.73, "obstaculo": 87.5, "rampa": 0.0, "rampa_faces": 0.0, "sem_calcada": 27.27, "sem_arvore": 63.64, "muitas_arvores": 18.18, "vao": 72.73, "V05400": 11, "V05421": 8, "V05406": 8, "V05412": 8, "V05422": 3, "V05424": 7, "V05427": 0, "V05409": 2, "V05415": 1, "V05418": 0, "V05430": 7, "V05433": 2, "criancas_0a4": 47, "em_favela": false }, "geometry": { "type": "Polygon", "coordinates": [ [ [ -46.763121, -23.672481 ], [ -46.763235, -23.672455 ], [ -46.763461, -23.671767 ], [ -46.763263, -23.671559 ], [ -46.763109, -23.671121 ], [ -46.763171, -23.670702 ], [ -46.764043, -23.670744 ], [ -46.764039, -23.670187 ], [ -46.762292, -23.669905 ], [ -46.762524, -23.671173 ], [ -46.763121, -23.672481 ] ] ] } },
{ "type": "Feature", "properties": { "CD_SETOR": "355030819000427", "faces": 20, "pavimentada": 100.0, "bueiro": 25.0, "iluminacao": 95.0, "onibus": 0.0, "ciclovia": 0.0, "calcada": 95.0, "obstaculo": 100.0, "rampa": 0.0, "rampa_faces": 0.0, "sem_calcada": 5.0, "sem_arvore": 70.0, "muitas_arvores": 30.0, "vao": 100.0, "V05400": 20, "V05421": 19, "V05406": 20, "V05412": 19, "V05422": 1, "V05424": 19, "V05427": 0, "V05409": 5, "V05415": 0, "V05418": 0, "V05430": 14, "V05433": 6, "criancas_0a4": 23, "em_favela": false }, "geometry": { "type": "Polygon", "coordinates": [ [ [ -46.765719, -23.670123 ], [ -46.764039, -23.670187 ], [ -46.764043, -23.670744 ], [ -46.763171, -23.670702 ], [ -46.763109, -23.671121 ], [ -46.763263, -23.671559 ], [ -46.763817, -23.6721 ], [ -46.764036, -23.672025 ], [ -46.763838, -23.671511 ], [ -46.763464, -23.671021 ], [ -46.76473, -23.671247 ], [ -46.764712, -23.671313 ], [ -46.76483, -23.671398 ], [ -46.764798, -23.671551 ], [ -46.764248, -23.67168 ], [ -46.76435, -23.671926 ], [ -46.764733, -23.671806 ], [ -46.76562, -23.671883 ], [ -46.765467, -23.671553 ], [ -46.765717, -23.67037 ], [ -46.765719, -23.670123 ] ] ] } },
{ "type": "Feature", "properties": { "CD_SETOR": "355030819000428", "faces": 10, "pavimentada": 100.0, "bueiro": 20.0, "iluminacao": 100.0, "onibus": 10.0, "ciclovia": 0.0, "calcada": 70.0, "obstaculo": 71.43, "rampa": 0.0, "rampa_faces": 0.0, "sem_calcada": 30.0, "sem_arvore": 60.0, "muitas_arvores": 0.0, "vao": 100.0, "V05400": 10, "V05421": 7, "V05406": 10, "V05412": 10, "V05422": 3, "V05424": 5, "V05427": 0, "V05409": 2, "V05415": 1, "V05418": 0, "V05430": 6, "V05433": 0, "criancas_0a4": 25, "em_favela": false }, "geometry": { "type": "Polygon", "coordinates": [ [ [ -46.763181, -23.672492 ], [ -46.763269, -23.672625 ], [ -46.763835, -23.672598 ], [ -46.764221, -23.672408 ], [ -46.765057, -23.674428 ], [ -46.764907, -23.67459 ], [ -46.764978, -23.674678 ], [ -46.765556, -23.674625 ], [ -46.765513, -23.674377 ], [ -46.765368, -23.674122 ], [ -46.765248, -23.674124 ], [ -46.765179, -23.673988 ], [ -46.76435, -23.671926 ], [ -46.763817, -23.6721 ], [ -46.763461, -23.671767 ], [ -46.763235, -23.672455 ], [ -46.763181, -23.672492 ] ] ] } },
{ "type": "Feature", "properties": { "CD_SETOR": "355030819000429", "faces": 2, "pavimentada": 100.0, "bueiro": 0.0, "iluminacao": 100.0, "onibus": 0.0, "ciclovia": 0.0, "calcada": 100.0, "obstaculo": 100.0, "rampa": 0.0, "rampa_faces": 0.0, "sem_calcada": 0.0, "sem_arvore": 0.0, "muitas_arvores": 100.0, "vao": 100.0, "V05400": 2, "V05421": 2, "V05406": 2, "V05412": 2, "V05422": 0, "V05424": 2, "V05427": 0, "V05409": 0, "V05415": 0, "V05418": 0, "V05430": 0, "V05433": 2, "criancas_0a4": 11, "em_favela": false }, "geometry": { "type": "Polygon", "coordinates": [ [ [ -46.763499, -23.672618 ], [ -46.764263, -23.674448 ], [ -46.764138, -23.674703 ], [ -46.764228, -23.674779 ], [ -46.764978, -23.674678 ], [ -46.764907, -23.67459 ], [ -46.765057, -23.674428 ], [ -46.764221, -23.672408 ], [ -46.763835, -23.672598 ], [ -46.763499, -23.672618 ] ] ] } },
{ "type": "Feature", "properties": { "CD_SETOR": "355030819000430", "faces": 4, "pavimentada": 100.0, "bueiro": 50.0, "iluminacao": 100.0, "onibus": 25.0, "ciclovia": 0.0, "calcada": 100.0, "obstaculo": 100.0, "rampa": 0.0, "rampa_faces": 0.0, "sem_calcada": 0.0, "sem_arvore": 0.0, "muitas_arvores": 0.0, "vao": 100.0, "V05400": 4, "V05421": 4, "V05406": 4, "V05412": 4, "V05422": 0, "V05424": 4, "V05427": 0, "V05409": 2, "V05415": 1, "V05418": 0, "V05430": 0, "V05433": 0, "criancas_0a4": 25, "em_favela": false }, "geometry": { "type": "Polygon", "coordinates": [ [ [ -46.776413, -23.675006 ], [ -46.776508, -23.675153 ], [ -46.776694, -23.675741 ], [ -46.776699, -23.67611 ], [ -46.776593, -23.676653 ], [ -46.776669, -23.676967 ], [ -46.777417, -23.678459 ], [ -46.778179, -23.67859 ], [ -46.777335, -23.676896 ], [ -46.777355, -23.676147 ], [ -46.777255, -23.67547 ], [ -46.777051, -23.674773 ], [ -46.777045, -23.674624 ], [ -46.77678, -23.674505 ], [ -46.776714, -23.674651 ], [ -46.776413, -23.675006 ] ] ] } },
{ "type": "Feature", "properties": { "CD_SETOR": "355030819000431", "faces": 7, "pavimentada": 100.0, "bueiro": 100.0, "iluminacao": 100.0, "onibus": 28.57, "ciclovia": 0.0, "calcada": 100.0, "obstaculo": 28.57, "rampa": 0.0, "rampa_faces": 0.0, "sem_calcada": 0.0, "sem_arvore": 42.86, "muitas_arvores": 14.29, "vao": 100.0, "V05400": 7, "V05421": 7, "V05406": 7, "V05412": 7, "V05422": 0, "V05424": 2, "V05427": 0, "V05409": 7, "V05415": 2, "V05418": 0, "V05430": 3, "V05433": 1, "criancas_0a4": 19, "em_favela": false }, "geometry": { "type": "Polygon", "coordinates": [ [ [ -46.776413, -23.675006 ], [ -46.775775, -23.676116 ], [ -46.775407, -23.676414 ], [ -46.776064, -23.677198 ], [ -46.776639, -23.678317 ], [ -46.777417, -23.678459 ], [ -46.776642, -23.676903 ], [ -46.776595, -23.67657 ], [ -46.776699, -23.67611 ], [ -46.776694, -23.675741 ], [ -46.776508, -23.675153 ], [ -46.776413, -23.675006 ] ] ] } },
{ "type": "Feature", "properties": { "CD_SETOR": "355030819000432", "faces": 17, "pavimentada": 100.0, "bueiro": 5.88, "iluminacao": 100.0, "onibus": 11.76, "ciclovia": 5.88, "calcada": 100.0, "obstaculo": 41.18, "rampa": 0.0, "rampa_faces": 0.0, "sem_calcada": 0.0, "sem_arvore": 76.47, "muitas_arvores": 23.53, "vao": 100.0, "V05400": 17, "V05421": 17, "V05406": 17, "V05412": 17, "V05422": 0, "V05424": 7, "V05427": 0, "V05409": 1, "V05415": 2, "V05418": 1, "V05430": 13, "V05433": 4, "criancas_0a4": 34, "em_favela": false }, "geometry": { "type": "Polygon", "coordinates": [ [ [ -46.78112, -23.669206 ], [ -46.780256, -23.669367 ], [ -46.780144, -23.669439 ], [ -46.780098, -23.669542 ], [ -46.780432, -23.669592 ], [ -46.780945, -23.669761 ], [ -46.780759, -23.670211 ], [ -46.781064, -23.670382 ], [ -46.78129, -23.669879 ], [ -46.783017, -23.670503 ], [ -46.783368, -23.669676 ], [ -46.783096, -23.669686 ], [ -46.781548, -23.669203 ], [ -46.78112, -23.669206 ] ] ] } },
{ "type": "Feature", "properties": { "CD_SETOR": "355030819000433", "faces": 20, "pavimentada": 100.0, "bueiro": 25.0, "iluminacao": 100.0, "onibus": 5.0, "ciclovia": 5.0, "calcada": 100.0, "obstaculo": 60.0, "rampa": 0.0, "rampa_faces": 0.0, "sem_calcada": 0.0, "sem_arvore": 65.0, "muitas_arvores": 10.0, "vao": 100.0, "V05400": 20, "V05421": 20, "V05406": 20, "V05412": 20, "V05422": 0, "V05424": 12, "V05427": 0, "V05409": 5, "V05415": 1, "V05418": 1, "V05430": 13, "V05433": 2, "criancas_0a4": 20, "em_favela": false }, "geometry": { "type": "Polygon", "coordinates": [ [ [ -46.781064, -23.670382 ], [ -46.782381, -23.67105 ], [ -46.782941, -23.671319 ], [ -46.782798, -23.671047 ], [ -46.783017, -23.670503 ], [ -46.78129, -23.669879 ], [ -46.781064, -23.670382 ] ] ] } },
{ "type": "Feature", "properties": { "CD_SETOR": "355030819000434", "faces": 12, "pavimentada": 100.0, "bueiro": 41.67, "iluminacao": 100.0, "onibus": 25.0, "ciclovia": 8.33, "calcada": 75.0, "obstaculo": 100.0, "rampa": 0.0, "rampa_faces": 0.0, "sem_calcada": 25.0, "sem_arvore": 75.0, "muitas_arvores": 8.33, "vao": 100.0, "V05400": 12, "V05421": 9, "V05406": 12, "V05412": 12, "V05422": 3, "V05424": 9, "V05427": 0, "V05409": 5, "V05415": 3, "V05418": 1, "V05430": 9, "V05433": 1, "criancas_0a4": 45, "em_favela": false }, "geometry": { "type": "Polygon", "coordinates": [ [ [ -46.780469, -23.659435 ], [ -46.780384, -23.660011 ], [ -46.780199, -23.660446 ], [ -46.780172, -23.660653 ], [ -46.780351, -23.661339 ], [ -46.780343, -23.661512 ], [ -46.780255, -23.661666 ], [ -46.779409, -23.661878 ], [ -46.780371, -23.662429 ], [ -46.781044, -23.662937 ], [ -46.781722, -23.662686 ], [ -46.781517, -23.661557 ], [ -46.781129, -23.661554 ], [ -46.78073, -23.660406 ], [ -46.78137, -23.658979 ], [ -46.781043, -23.658861 ], [ -46.780692, -23.658852 ], [ -46.780469, -23.659435 ] ] ] } },
{ "type": "Feature", "properties": { "CD_SETOR": "355030819000435", "faces": 12, "pavimentada": 100.0, "bueiro": 41.67, "iluminacao": 100.0, "onibus": 16.67, "ciclovia": 8.33, "calcada": 100.0, "obstaculo": 75.0, "rampa": 0.0, "rampa_faces": 0.0, "sem_calcada": 0.0, "sem_arvore": 50.0, "muitas_arvores": 8.33, "vao": 100.0, "V05400": 12, "V05421": 12, "V05406": 12, "V05412": 12, "V05422": 0, "V05424": 9, "V05427": 0, "V05409": 5, "V05415": 2, "V05418": 1, "V05430": 6, "V05433": 1, "criancas_0a4": 28, "em_favela": false }, "geometry": { "type": "Polygon", "coordinates": [ [ [ -46.781044, -23.662937 ], [ -46.781702, -23.663571 ], [ -46.782699, -23.665038 ], [ -46.782954, -23.665549 ], [ -46.783269, -23.666562 ], [ -46.783785, -23.666436 ], [ -46.783954, -23.66614 ], [ -46.783959, -23.665959 ], [ -46.783447, -23.664859 ], [ -46.783636, -23.664111 ], [ -46.783962, -23.663808 ], [ -46.784036, -23.66366 ], [ -46.78403, -23.663444 ], [ -46.783951, -23.66322 ], [ -46.783531, -23.662838 ], [ -46.783052, -23.663081 ], [ -46.782791, -23.663121 ], [ -46.782108, -23.663071 ], [ -46.781722, -23.662686 ], [ -46.781044, -23.662937 ] ] ] } },
{ "type": "Feature", "properties": { "CD_SETOR": "355030819000436", "faces": 11, "pavimentada": 100.0, "bueiro": 27.27, "iluminacao": 100.0, "onibus": 0.0, "ciclovia": 0.0, "calcada": 54.55, "obstaculo": 66.67, "rampa": 0.0, "rampa_faces": 0.0, "sem_calcada": 45.45, "sem_arvore": 81.82, "muitas_arvores": 0.0, "vao": 100.0, "V05400": 11, "V05421": 6, "V05406": 11, "V05412": 11, "V05422": 5, "V05424": 4, "V05427": 0, "V05409": 3, "V05415": 0, "V05418": 0, "V05430": 9, "V05433": 0, "criancas_0a4": 38, "em_favela": false }, "geometry": { "type": "Polygon", "coordinates": [ [ [ -46.770067, -23.655429 ], [ -46.770086, -23.655855 ], [ -46.769535, -23.657775 ], [ -46.771106, -23.658122 ], [ -46.771306, -23.65796 ], [ -46.771497, -23.657705 ], [ -46.771604, -23.65724 ], [ -46.771083, -23.657127 ], [ -46.771324, -23.656033 ], [ -46.771234, -23.655383 ], [ -46.771112, -23.655347 ], [ -46.770897, -23.655462 ], [ -46.770636, -23.655496 ], [ -46.770067, -23.655429 ] ] ] } },
{ "type": "Feature", "properties": { "CD_SETOR": "355030819000437", "faces": 6, "pavimentada": 83.33, "bueiro": 16.67, "iluminacao": 83.33, "onibus": 33.33, "ciclovia": 0.0, "calcada": 50.0, "obstaculo": 100.0, "rampa": 0.0, "rampa_faces": 0.0, "sem_calcada": 33.33, "sem_arvore": 50.0, "muitas_arvores": 0.0, "vao": 83.33, "V05400": 6, "V05421": 3, "V05406": 5, "V05412": 5, "V05422": 2, "V05424": 3, "V05427": 0, "V05409": 1, "V05415": 2, "V05418": 0, "V05430": 3, "V05433": 0, "criancas_0a4": 21, "em_favela": false }, "geometry": { "type": "Polygon", "coordinates": [ [ [ -46.769191, -23.656877 ], [ -46.769214, -23.657098 ], [ -46.769177, -23.657261 ], [ -46.769596, -23.657591 ], [ -46.770086, -23.655855 ], [ -46.770067, -23.655429 ], [ -46.769355, -23.655288 ], [ -46.769398, -23.655617 ], [ -46.769374, -23.655861 ], [ -46.769191, -23.656877 ] ] ] } },
{ "type": "Feature", "properties": { "CD_SETOR": "355030819000438", "faces": 21, "pavimentada": 100.0, "bueiro": 76.19, "iluminacao": 100.0, "onibus": 4.76, "ciclovia": 4.76, "calcada": 95.24, "obstaculo": 70.0, "rampa": 10.0, "rampa_faces": 9.52, "sem_calcada": 4.76, "sem_arvore": 42.86, "muitas_arvores": 23.81, "vao": 90.48, "V05400": 21, "V05421": 20, "V05406": 21, "V05412": 21, "V05422": 1, "V05424": 14, "V05427": 2, "V05409": 16, "V05415": 1, "V05418": 1, "V05430": 9, "V05433": 5, "criancas_0a4": 19, "em_favela": false }, "geometry": { "type": "Polygon", "coordinates": [ [ [ -46.764007, -23.654593 ], [ -46.762678, -23.656129 ], [ -46.763604, -23.656729 ], [ -46.764283, -23.657393 ], [ -46.765676, -23.656388 ], [ -46.764185, -23.654575 ], [ -46.764076, -23.654659 ], [ -46.764007, -23.654593 ] ] ] } },
{ "type": "Feature", "properties": { "CD_SETOR": "355030819000439", "faces": 20, "pavimentada": 95.0, "bueiro": 75.0, "iluminacao": 95.0, "onibus": 20.0, "ciclovia": 0.0, "calcada": 95.0, "obstaculo": 84.21, "rampa": 0.0, "rampa_faces": 0.0, "sem_calcada": 0.0, "sem_arvore": 80.0, "muitas_arvores": 10.0, "vao": 95.0, "V05400": 20, "V05421": 19, "V05406": 19, "V05412": 19, "V05422": 0, "V05424": 16, "V05427": 0, "V05409": 15, "V05415": 4, "V05418": 0, "V05430": 16, "V05433": 2, "criancas_0a4": 23, "em_favela": false }, "geometry": { "type": "Polygon", "coordinates": [ [ [ -46.764283, -23.657393 ], [ -46.765154, -23.658421 ], [ -46.765397, -23.658641 ], [ -46.765419, -23.658827 ], [ -46.766174, -23.659322 ], [ -46.766485, -23.659588 ], [ -46.767322, -23.658727 ], [ -46.767465, -23.658257 ], [ -46.766633, -23.657863 ], [ -46.766298, -23.657573 ], [ -46.76612, -23.657312 ], [ -46.765773, -23.656512 ], [ -46.765676, -23.656388 ], [ -46.764283, -23.657393 ] ] ] } },
{ "type": "Feature", "properties": { "CD_SETOR": "355030819000440", "faces": 13, "pavimentada": 100.0, "bueiro": 30.77, "iluminacao": 100.0, "onibus": 15.38, "ciclovia": 0.0, "calcada": 100.0, "obstaculo": 76.92, "rampa": 0.0, "rampa_faces": 0.0, "sem_calcada": 0.0, "sem_arvore": 69.23, "muitas_arvores": 0.0, "vao": 100.0, "V05400": 13, "V05421": 13, "V05406": 13, "V05412": 13, "V05422": 0, "V05424": 10, "V05427": 0, "V05409": 4, "V05415": 2, "V05418": 0, "V05430": 9, "V05433": 0, "criancas_0a4": 26, "em_favela": false }, "geometry": { "type": "Polygon", "coordinates": [ [ [ -46.78514, -23.673722 ], [ -46.785425, -23.67396 ], [ -46.786003, -23.673888 ], [ -46.786169, -23.673937 ], [ -46.786278, -23.674028 ], [ -46.786345, -23.674144 ], [ -46.785465, -23.674862 ], [ -46.785879, -23.675275 ], [ -46.786111, -23.675081 ], [ -46.786469, -23.674977 ], [ -46.786701, -23.675507 ], [ -46.786859, -23.675467 ], [ -46.786964, -23.675369 ], [ -46.787584, -23.674228 ], [ -46.787468, -23.674163 ], [ -46.787268, -23.673889 ], [ -46.787077, -23.673816 ], [ -46.785705, -23.673552 ], [ -46.785518, -23.673568 ], [ -46.78514, -23.673722 ] ] ] } },
{ "type": "Feature", "properties": { "CD_SETOR": "355030819000441", "faces": 10, "pavimentada": 100.0, "bueiro": 50.0, "iluminacao": 100.0, "onibus": 0.0, "ciclovia": 0.0, "calcada": 80.0, "obstaculo": 100.0, "rampa": 12.5, "rampa_faces": 10.0, "sem_calcada": 20.0, "sem_arvore": 80.0, "muitas_arvores": 0.0, "vao": 90.0, "V05400": 10, "V05421": 8, "V05406": 10, "V05412": 10, "V05422": 2, "V05424": 8, "V05427": 1, "V05409": 5, "V05415": 0, "V05418": 0, "V05430": 8, "V05433": 0, "criancas_0a4": 20, "em_favela": false }, "geometry": { "type": "Polygon", "coordinates": [ [ [ -46.785043, -23.675198 ], [ -46.784014, -23.675616 ], [ -46.783965, -23.675734 ], [ -46.7846, -23.677166 ], [ -46.785114, -23.676795 ], [ -46.784803, -23.676171 ], [ -46.785755, -23.675379 ], [ -46.785898, -23.675632 ], [ -46.786701, -23.675507 ], [ -46.786469, -23.674977 ], [ -46.786111, -23.675081 ], [ -46.785879, -23.675275 ], [ -46.785465, -23.674862 ], [ -46.785043, -23.675198 ] ] ] } },
{ "type": "Feature", "properties": { "CD_SETOR": "355030819000442", "faces": 8, "pavimentada": 100.0, "bueiro": 87.5, "iluminacao": 100.0, "onibus": 0.0, "ciclovia": 37.5, "calcada": 62.5, "obstaculo": 100.0, "rampa": 0.0, "rampa_faces": 0.0, "sem_calcada": 37.5, "sem_arvore": 50.0, "muitas_arvores": 12.5, "vao": 100.0, "V05400": 8, "V05421": 5, "V05406": 8, "V05412": 8, "V05422": 3, "V05424": 5, "V05427": 0, "V05409": 7, "V05415": 0, "V05418": 3, "V05430": 4, "V05433": 1, "criancas_0a4": 36, "em_favela": false }, "geometry": { "type": "Polygon", "coordinates": [ [ [ -46.782082, -23.657745 ], [ -46.783413, -23.656729 ], [ -46.783501, -23.656729 ], [ -46.783584, -23.656793 ], [ -46.783864, -23.657554 ], [ -46.784436, -23.657347 ], [ -46.784126, -23.656505 ], [ -46.784007, -23.656386 ], [ -46.783776, -23.65628 ], [ -46.783253, -23.656291 ], [ -46.783115, -23.656236 ], [ -46.78196, -23.657146 ], [ -46.781943, -23.657262 ], [ -46.782082, -23.657745 ] ] ] } },
{ "type": "Feature", "properties": { "CD_SETOR": "355030819000443", "faces": 5, "pavimentada": 80.0, "bueiro": 60.0, "iluminacao": 100.0, "onibus": 20.0, "ciclovia": 20.0, "calcada": 100.0, "obstaculo": 100.0, "rampa": 20.0, "rampa_faces": 20.0, "sem_calcada": 0.0, "sem_arvore": 0.0, "muitas_arvores": 60.0, "vao": 60.0, "V05400": 5, "V05421": 5, "V05406": 4, "V05412": 5, "V05422": 0, "V05424": 5, "V05427": 1, "V05409": 3, "V05415": 1, "V05418": 1, "V05430": 0, "V05433": 3, "criancas_0a4": 17, "em_favela": false }, "geometry": { "type": "Polygon", "coordinates": [ [ [ -46.782082, -23.657745 ], [ -46.782287, -23.658352 ], [ -46.78298, -23.657809 ], [ -46.783785, -23.657882 ], [ -46.783889, -23.657842 ], [ -46.783926, -23.657765 ], [ -46.783614, -23.656858 ], [ -46.783501, -23.656729 ], [ -46.783373, -23.656754 ], [ -46.782082, -23.657745 ] ] ] } },
{ "type": "Feature", "properties": { "CD_SETOR": "355030819000444", "faces": 3, "pavimentada": 100.0, "bueiro": 0.0, "iluminacao": 100.0, "onibus": 33.33, "ciclovia": 0.0, "calcada": 100.0, "obstaculo": 100.0, "rampa": 0.0, "rampa_faces": 0.0, "sem_calcada": 0.0, "sem_arvore": 33.33, "muitas_arvores": 0.0, "vao": 100.0, "V05400": 3, "V05421": 3, "V05406": 3, "V05412": 3, "V05422": 0, "V05424": 3, "V05427": 0, "V05409": 0, "V05415": 1, "V05418": 0, "V05430": 1, "V05433": 0, "criancas_0a4": 24, "em_favela": false }, "geometry": { "type": "Polygon", "coordinates": [ [ [ -46.759277, -23.660335 ], [ -46.759395, -23.660808 ], [ -46.759461, -23.660819 ], [ -46.76115, -23.659662 ], [ -46.761634, -23.659223 ], [ -46.760882, -23.658524 ], [ -46.759641, -23.660045 ], [ -46.759277, -23.660335 ] ] ] } },
{ "type": "Feature", "properties": { "CD_SETOR": "355030819000445", "faces": 14, "pavimentada": 100.0, "bueiro": 21.43, "iluminacao": 100.0, "onibus": 0.0, "ciclovia": 0.0, "calcada": 100.0, "obstaculo": 100.0, "rampa": 0.0, "rampa_faces": 0.0, "sem_calcada": 0.0, "sem_arvore": 50.0, "muitas_arvores": 28.57, "vao": 100.0, "V05400": 14, "V05421": 14, "V05406": 14, "V05412": 14, "V05422": 0, "V05424": 14, "V05427": 0, "V05409": 3, "V05415": 0, "V05418": 0, "V05430": 7, "V05433": 4, "criancas_0a4": 38, "em_favela": false }, "geometry": { "type": "Polygon", "coordinates": [ [ [ -46.759277, -23.660335 ], [ -46.758985, -23.66044 ], [ -46.759142, -23.660605 ], [ -46.759228, -23.660946 ], [ -46.759535, -23.661403 ], [ -46.759794, -23.662146 ], [ -46.760896, -23.66181 ], [ -46.760931, -23.661962 ], [ -46.761519, -23.661888 ], [ -46.761445, -23.661286 ], [ -46.761495, -23.661129 ], [ -46.761738, -23.66088 ], [ -46.761702, -23.660765 ], [ -46.761572, -23.660509 ], [ -46.761076, -23.660096 ], [ -46.760864, -23.659857 ], [ -46.759435, -23.660828 ], [ -46.759395, -23.660808 ], [ -46.759277, -23.660335 ] ] ] } },
{ "type": "Feature", "properties": { "CD_SETOR": "355030819000446", "faces": 10, "pavimentada": 100.0, "bueiro": 20.0, "iluminacao": 100.0, "onibus": 10.0, "ciclovia": 0.0, "calcada": 80.0, "obstaculo": 100.0, "rampa": 0.0, "rampa_faces": 0.0, "sem_calcada": 20.0, "sem_arvore": 50.0, "muitas_arvores": 0.0, "vao": 100.0, "V05400": 10, "V05421": 8, "V05406": 10, "V05412": 10, "V05422": 2, "V05424": 8, "V05427": 0, "V05409": 2, "V05415": 1, "V05418": 0, "V05430": 5, "V05433": 0, "criancas_0a4": 30, "em_favela": false }, "geometry": { "type": "Polygon", "coordinates": [ [ [ -46.787383, -23.680785 ], [ -46.786041, -23.679857 ], [ -46.785736, -23.680214 ], [ -46.785491, -23.680666 ], [ -46.78622, -23.680461 ], [ -46.786421, -23.681012 ], [ -46.785779, -23.68124 ], [ -46.785858, -23.681313 ], [ -46.787472, -23.68208 ], [ -46.787743, -23.681543 ], [ -46.787691, -23.681329 ], [ -46.787383, -23.680785 ] ] ] } },
{ "type": "Feature", "properties": { "CD_SETOR": "355030819000447", "faces": 9, "pavimentada": 100.0, "bueiro": 55.56, "iluminacao": 100.0, "onibus": 11.11, "ciclovia": 0.0, "calcada": 77.78, "obstaculo": 100.0, "rampa": 0.0, "rampa_faces": 0.0, "sem_calcada": 22.22, "sem_arvore": 22.22, "muitas_arvores": 33.33, "vao": 100.0, "V05400": 9, "V05421": 7, "V05406": 9, "V05412": 9, "V05422": 2, "V05424": 7, "V05427": 0, "V05409": 5, "V05415": 1, "V05418": 0, "V05430": 2, "V05433": 3, "criancas_0a4": 52, "em_favela": false }, "geometry": { "type": "Polygon", "coordinates": [ [ [ -46.785491, -23.680666 ], [ -46.785131, -23.681019 ], [ -46.784766, -23.681507 ], [ -46.784592, -23.68161 ], [ -46.784467, -23.681855 ], [ -46.784427, -23.682049 ], [ -46.784478, -23.682322 ], [ -46.785023, -23.682343 ], [ -46.785084, -23.682085 ], [ -46.785518, -23.681286 ], [ -46.786421, -23.681012 ], [ -46.78622, -23.680461 ], [ -46.785491, -23.680666 ] ] ] } },
{ "type": "Feature", "properties": { "CD_SETOR": "355030819000448", "faces": 9, "pavimentada": 100.0, "bueiro": 22.22, "iluminacao": 100.0, "onibus": 33.33, "ciclovia": 0.0, "calcada": 100.0, "obstaculo": 11.11, "rampa": 44.44, "rampa_faces": 44.44, "sem_calcada": 0.0, "sem_arvore": 33.33, "muitas_arvores": 55.56, "vao": 55.56, "V05400": 9, "V05421": 9, "V05406": 9, "V05412": 9, "V05422": 0, "V05424": 1, "V05427": 4, "V05409": 2, "V05415": 3, "V05418": 0, "V05430": 3, "V05433": 5, "criancas_0a4": 11, "em_favela": false }, "geometry": { "type": "Polygon", "coordinates": [ [ [ -46.787584, -23.674228 ], [ -46.787319, -23.674753 ], [ -46.787641, -23.675616 ], [ -46.788006, -23.675814 ], [ -46.788812, -23.676476 ], [ -46.789015, -23.67654 ], [ -46.789043, -23.675926 ], [ -46.788632, -23.675582 ], [ -46.788396, -23.675293 ], [ -46.787882, -23.674123 ], [ -46.787584, -23.674228 ] ] ] } },
{ "type": "Feature", "properties": { "CD_SETOR": "355030819000449", "faces": 11, "pavimentada": 100.0, "bueiro": 36.36, "iluminacao": 100.0, "onibus": 0.0, "ciclovia": 0.0, "calcada": 100.0, "obstaculo": 100.0, "rampa": 0.0, "rampa_faces": 0.0, "sem_calcada": 0.0, "sem_arvore": 18.18, "muitas_arvores": 27.27, "vao": 100.0, "V05400": 11, "V05421": 11, "V05406": 11, "V05412": 11, "V05422": 0, "V05424": 11, "V05427": 0, "V05409": 4, "V05415": 0, "V05418": 0, "V05430": 2, "V05433": 3, "criancas_0a4": 25, "em_favela": false }, "geometry": { "type": "Polygon", "coordinates": [ [ [ -46.786701, -23.675507 ], [ -46.785898, -23.675632 ], [ -46.786096, -23.676007 ], [ -46.786314, -23.675951 ], [ -46.786794, -23.676002 ], [ -46.787024, -23.675879 ], [ -46.787324, -23.675901 ], [ -46.788818, -23.677095 ], [ -46.78909, -23.677188 ], [ -46.789015, -23.67654 ], [ -46.788812, -23.676476 ], [ -46.788006, -23.675814 ], [ -46.787641, -23.675616 ], [ -46.787319, -23.674753 ], [ -46.786932, -23.675409 ], [ -46.786701, -23.675507 ] ] ] } },
{ "type": "Feature", "properties": { "CD_SETOR": "355030819000450", "faces": 13, "pavimentada": 100.0, "bueiro": 7.69, "iluminacao": 100.0, "onibus": 7.69, "ciclovia": 0.0, "calcada": 61.54, "obstaculo": 100.0, "rampa": 0.0, "rampa_faces": 0.0, "sem_calcada": 38.46, "sem_arvore": 69.23, "muitas_arvores": 7.69, "vao": 100.0, "V05400": 13, "V05421": 8, "V05406": 13, "V05412": 13, "V05422": 5, "V05424": 8, "V05427": 0, "V05409": 1, "V05415": 1, "V05418": 0, "V05430": 9, "V05433": 1, "criancas_0a4": 36, "em_favela": false }, "geometry": { "type": "Polygon", "coordinates": [ [ [ -46.792586, -23.659304 ], [ -46.792298, -23.659434 ], [ -46.792097, -23.659738 ], [ -46.790906, -23.659746 ], [ -46.790651, -23.66025 ], [ -46.790568, -23.660284 ], [ -46.790486, -23.660743 ], [ -46.791723, -23.660812 ], [ -46.792456, -23.660333 ], [ -46.792632, -23.660126 ], [ -46.793175, -23.659149 ], [ -46.792586, -23.659304 ] ] ] } },
{ "type": "Feature", "properties": { "CD_SETOR": "355030819000451", "faces": 3, "pavimentada": 100.0, "bueiro": 0.0, "iluminacao": 100.0, "onibus": 66.67, "ciclovia": 0.0, "calcada": 100.0, "obstaculo": 100.0, "rampa": 0.0, "rampa_faces": 0.0, "sem_calcada": 0.0, "sem_arvore": 33.33, "muitas_arvores": 0.0, "vao": 100.0, "V05400": 3, "V05421": 3, "V05406": 3, "V05412": 3, "V05422": 0, "V05424": 3, "V05427": 0, "V05409": 0, "V05415": 2, "V05418": 0, "V05430": 1, "V05433": 0, "criancas_0a4": 15, "em_favela": false }, "geometry": { "type": "Polygon", "coordinates": [ [ [ -46.788815, -23.661082 ], [ -46.789293, -23.661559 ], [ -46.789368, -23.661745 ], [ -46.78937, -23.662041 ], [ -46.78993, -23.661937 ], [ -46.790291, -23.661815 ], [ -46.791723, -23.660812 ], [ -46.790486, -23.660743 ], [ -46.79065, -23.660797 ], [ -46.790651, -23.660941 ], [ -46.790993, -23.660964 ], [ -46.790006, -23.661673 ], [ -46.789794, -23.661457 ], [ -46.7897, -23.661411 ], [ -46.789602, -23.661438 ], [ -46.789521, -23.661307 ], [ -46.789178, -23.661049 ], [ -46.789099, -23.661083 ], [ -46.788963, -23.661036 ], [ -46.788815, -23.661082 ] ] ] } },
{ "type": "Feature", "properties": { "CD_SETOR": "355030819000452", "faces": 4, "pavimentada": 100.0, "bueiro": 0.0, "iluminacao": 100.0, "onibus": 25.0, "ciclovia": 75.0, "calcada": 100.0, "obstaculo": 100.0, "rampa": 0.0, "rampa_faces": 0.0, "sem_calcada": 0.0, "sem_arvore": 50.0, "muitas_arvores": 25.0, "vao": 100.0, "V05400": 4, "V05421": 4, "V05406": 4, "V05412": 4, "V05422": 0, "V05424": 4, "V05427": 0, "V05409": 0, "V05415": 1, "V05418": 3, "V05430": 2, "V05433": 1, "criancas_0a4": 10, "em_favela": false }, "geometry": { "type": "Polygon", "coordinates": [ [ [ -46.790116, -23.657454 ], [ -46.789503, -23.658095 ], [ -46.78969, -23.657992 ], [ -46.789978, -23.657956 ], [ -46.790217, -23.658008 ], [ -46.790888, -23.658527 ], [ -46.791696, -23.658787 ], [ -46.791873, -23.658947 ], [ -46.792117, -23.658719 ], [ -46.790792, -23.657547 ], [ -46.790564, -23.657397 ], [ -46.790281, -23.657339 ], [ -46.790116, -23.657454 ] ] ] } },
{ "type": "Feature", "properties": { "CD_SETOR": "355030819000453", "faces": 11, "pavimentada": 100.0, "bueiro": 18.18, "iluminacao": 100.0, "onibus": 0.0, "ciclovia": 27.27, "calcada": 63.64, "obstaculo": 71.43, "rampa": 0.0, "rampa_faces": 0.0, "sem_calcada": 36.36, "sem_arvore": 54.55, "muitas_arvores": 9.09, "vao": 100.0, "V05400": 11, "V05421": 7, "V05406": 11, "V05412": 11, "V05422": 4, "V05424": 5, "V05427": 0, "V05409": 2, "V05415": 0, "V05418": 3, "V05430": 6, "V05433": 1, "criancas_0a4": 25, "em_favela": false }, "geometry": { "type": "Polygon", "coordinates": [ [ [ -46.790858, -23.659222 ], [ -46.791054, -23.659166 ], [ -46.791494, -23.659267 ], [ -46.792612, -23.658958 ], [ -46.792532, -23.658672 ], [ -46.792261, -23.658777 ], [ -46.792117, -23.658719 ], [ -46.791873, -23.658947 ], [ -46.791696, -23.658787 ], [ -46.790888, -23.658527 ], [ -46.790367, -23.658124 ], [ -46.789971, -23.658419 ], [ -46.790858, -23.659222 ] ] ] } },
{ "type": "Feature", "properties": { "CD_SETOR": "355030819000454", "faces": 5, "pavimentada": 100.0, "bueiro": 20.0, "iluminacao": 100.0, "onibus": 40.0, "ciclovia": 0.0, "calcada": 100.0, "obstaculo": 100.0, "rampa": 60.0, "rampa_faces": 60.0, "sem_calcada": 0.0, "sem_arvore": 20.0, "muitas_arvores": 0.0, "vao": 40.0, "V05400": 5, "V05421": 5, "V05406": 5, "V05412": 5, "V05422": 0, "V05424": 5, "V05427": 3, "V05409": 1, "V05415": 2, "V05418": 0, "V05430": 1, "V05433": 0, "criancas_0a4": 27, "em_favela": false }, "geometry": { "type": "Polygon", "coordinates": [ [ [ -46.782821, -23.650448 ], [ -46.782433, -23.650606 ], [ -46.783236, -23.651592 ], [ -46.783299, -23.651791 ], [ -46.783712, -23.651793 ], [ -46.784255, -23.65204 ], [ -46.784417, -23.651819 ], [ -46.783844, -23.650723 ], [ -46.783646, -23.650473 ], [ -46.783452, -23.650357 ], [ -46.782821, -23.650448 ] ] ] } },
{ "type": "Feature", "properties": { "CD_SETOR": "355030819000455", "faces": 1, "pavimentada": 100.0, "bueiro": 0.0, "iluminacao": 100.0, "onibus": 0.0, "ciclovia": 0.0, "calcada": 100.0, "obstaculo": 0.0, "rampa": 0.0, "rampa_faces": 0.0, "sem_calcada": 0.0, "sem_arvore": 100.0, "muitas_arvores": 0.0, "vao": 100.0, "V05400": 1, "V05421": 1, "V05406": 1, "V05412": 1, "V05422": 0, "V05424": 0, "V05427": 0, "V05409": 0, "V05415": 0, "V05418": 0, "V05430": 1, "V05433": 0, "criancas_0a4": 33, "em_favela": false }, "geometry": { "type": "Polygon", "coordinates": [ [ [ -46.783791, -23.652913 ], [ -46.784255, -23.65204 ], [ -46.783712, -23.651793 ], [ -46.783226, -23.65268 ], [ -46.783791, -23.652913 ] ] ] } },
{ "type": "Feature", "properties": { "CD_SETOR": "355030819000456", "faces": 4, "pavimentada": 100.0, "bueiro": 100.0, "iluminacao": 100.0, "onibus": 0.0, "ciclovia": 0.0, "calcada": 100.0, "obstaculo": 100.0, "rampa": 0.0, "rampa_faces": 0.0, "sem_calcada": 0.0, "sem_arvore": 50.0, "muitas_arvores": 25.0, "vao": 100.0, "V05400": 4, "V05421": 4, "V05406": 4, "V05412": 4, "V05422": 0, "V05424": 4, "V05427": 0, "V05409": 4, "V05415": 0, "V05418": 0, "V05430": 2, "V05433": 1, "criancas_0a4": 24, "em_favela": false }, "geometry": { "type": "Polygon", "coordinates": [ [ [ -46.782233, -23.653814 ], [ -46.782371, -23.654134 ], [ -46.782502, -23.654308 ], [ -46.782624, -23.654313 ], [ -46.783135, -23.65414 ], [ -46.783791, -23.652913 ], [ -46.783226, -23.65268 ], [ -46.783712, -23.651793 ], [ -46.783299, -23.651791 ], [ -46.782342, -23.653699 ], [ -46.782233, -23.653814 ] ] ] } },
{ "type": "Feature", "properties": { "CD_SETOR": "355030819000457", "faces": 19, "pavimentada": 100.0, "bueiro": 52.63, "iluminacao": 100.0, "onibus": 5.26, "ciclovia": 21.05, "calcada": 94.74, "obstaculo": 72.22, "rampa": 33.33, "rampa_faces": 31.58, "sem_calcada": 5.26, "sem_arvore": 68.42, "muitas_arvores": 10.53, "vao": 68.42, "V05400": 19, "V05421": 18, "V05406": 19, "V05412": 19, "V05422": 1, "V05424": 13, "V05427": 6, "V05409": 10, "V05415": 1, "V05418": 4, "V05430": 13, "V05433": 2, "criancas_0a4": 33, "em_favela": false }, "geometry": { "type": "Polygon", "coordinates": [ [ [ -46.758475, -23.650115 ], [ -46.758845, -23.650612 ], [ -46.759535, -23.651217 ], [ -46.759981, -23.651004 ], [ -46.760394, -23.651714 ], [ -46.759757, -23.65203 ], [ -46.760305, -23.652627 ], [ -46.760623, -23.652367 ], [ -46.7614, -23.653188 ], [ -46.762234, -23.652578 ], [ -46.761822, -23.652309 ], [ -46.761331, -23.652101 ], [ -46.760879, -23.65184 ], [ -46.760667, -23.651624 ], [ -46.760214, -23.650909 ], [ -46.759831, -23.650573 ], [ -46.759038, -23.650153 ], [ -46.75878, -23.649948 ], [ -46.758475, -23.650115 ] ] ] } },
{ "type": "Feature", "properties": { "CD_SETOR": "355030819000458", "faces": 14, "pavimentada": 100.0, "bueiro": 28.57, "iluminacao": 100.0, "onibus": 0.0, "ciclovia": 0.0, "calcada": 92.86, "obstaculo": 92.31, "rampa": 7.69, "rampa_faces": 7.14, "sem_calcada": 7.14, "sem_arvore": 64.29, "muitas_arvores": 14.29, "vao": 92.86, "V05400": 14, "V05421": 13, "V05406": 14, "V05412": 14, "V05422": 1, "V05424": 12, "V05427": 1, "V05409": 4, "V05415": 0, "V05418": 0, "V05430": 9, "V05433": 2, "criancas_0a4": 28, "em_favela": false }, "geometry": { "type": "Polygon", "coordinates": [ [ [ -46.760168, -23.652482 ], [ -46.759078, -23.65309 ], [ -46.760015, -23.65416 ], [ -46.7614, -23.653188 ], [ -46.760623, -23.652367 ], [ -46.760305, -23.652627 ], [ -46.760168, -23.652482 ] ] ] } },
{ "type": "Feature", "properties": { "CD_SETOR": "355030819000459", "faces": 9, "pavimentada": 100.0, "bueiro": 11.11, "iluminacao": 100.0, "onibus": 22.22, "ciclovia": 0.0, "calcada": 88.89, "obstaculo": 100.0, "rampa": 0.0, "rampa_faces": 0.0, "sem_calcada": 11.11, "sem_arvore": 55.56, "muitas_arvores": 11.11, "vao": 100.0, "V05400": 9, "V05421": 8, "V05406": 9, "V05412": 9, "V05422": 1, "V05424": 8, "V05427": 0, "V05409": 1, "V05415": 2, "V05418": 0, "V05430": 5, "V05433": 1, "criancas_0a4": 10, "em_favela": false }, "geometry": { "type": "Polygon", "coordinates": [ [ [ -46.785084, -23.682085 ], [ -46.785544, -23.682254 ], [ -46.786707, -23.682338 ], [ -46.787713, -23.682813 ], [ -46.787674, -23.682576 ], [ -46.787449, -23.682069 ], [ -46.785858, -23.681313 ], [ -46.785775, -23.68121 ], [ -46.785518, -23.681286 ], [ -46.785084, -23.682085 ] ] ] } },
{ "type": "Feature", "properties": { "CD_SETOR": "355030819000460", "faces": 11, "pavimentada": 100.0, "bueiro": 0.0, "iluminacao": 100.0, "onibus": 0.0, "ciclovia": 0.0, "calcada": 100.0, "obstaculo": 100.0, "rampa": 0.0, "rampa_faces": 0.0, "sem_calcada": 0.0, "sem_arvore": 18.18, "muitas_arvores": 18.18, "vao": 100.0, "V05400": 11, "V05421": 11, "V05406": 11, "V05412": 11, "V05422": 0, "V05424": 11, "V05427": 0, "V05409": 0, "V05415": 0, "V05418": 0, "V05430": 2, "V05433": 2, "criancas_0a4": 34, "em_favela": false }, "geometry": { "type": "Polygon", "coordinates": [ [ [ -46.785452, -23.6841 ], [ -46.786162, -23.683902 ], [ -46.787713, -23.682813 ], [ -46.786707, -23.682338 ], [ -46.785597, -23.68226 ], [ -46.785415, -23.682747 ], [ -46.785452, -23.6841 ] ] ] } },
{ "type": "Feature", "properties": { "CD_SETOR": "355030819000461", "faces": 17, "pavimentada": 100.0, "bueiro": 88.24, "iluminacao": 100.0, "onibus": 23.53, "ciclovia": 0.0, "calcada": 94.12, "obstaculo": 100.0, "rampa": 6.25, "rampa_faces": 5.88, "sem_calcada": 5.88, "sem_arvore": 11.76, "muitas_arvores": 47.06, "vao": 94.12, "V05400": 17, "V05421": 16, "V05406": 17, "V05412": 17, "V05422": 1, "V05424": 16, "V05427": 1, "V05409": 15, "V05415": 4, "V05418": 0, "V05430": 2, "V05433": 8, "criancas_0a4": 26, "em_favela": false }, "geometry": { "type": "Polygon", "coordinates": [ [ [ -46.792995, -23.677707 ], [ -46.792628, -23.679287 ], [ -46.794693, -23.6797 ], [ -46.794494, -23.680566 ], [ -46.795109, -23.680646 ], [ -46.795254, -23.680594 ], [ -46.795383, -23.680457 ], [ -46.795405, -23.680288 ], [ -46.795291, -23.680027 ], [ -46.794717, -23.679123 ], [ -46.79407, -23.678737 ], [ -46.792995, -23.677707 ] ] ] } },
{ "type": "Feature", "properties": { "CD_SETOR": "355030819000462", "faces": 16, "pavimentada": 87.5, "bueiro": 62.5, "iluminacao": 100.0, "onibus": 18.75, "ciclovia": 0.0, "calcada": 87.5, "obstaculo": 100.0, "rampa": 0.0, "rampa_faces": 0.0, "sem_calcada": 12.5, "sem_arvore": 12.5, "muitas_arvores": 18.75, "vao": 87.5, "V05400": 16, "V05421": 14, "V05406": 14, "V05412": 16, "V05422": 2, "V05424": 14, "V05427": 0, "V05409": 10, "V05415": 3, "V05418": 0, "V05430": 2, "V05433": 3, "criancas_0a4": 42, "em_favela": false }, "geometry": { "type": "Polygon", "coordinates": [ [ [ -46.792435, -23.680156 ], [ -46.794494, -23.680566 ], [ -46.794693, -23.6797 ], [ -46.792628, -23.679287 ], [ -46.792435, -23.680156 ] ] ] } },
{ "type": "Feature", "properties": { "CD_SETOR": "355030819000463", "faces": 13, "pavimentada": 100.0, "bueiro": 0.0, "iluminacao": 100.0, "onibus": 15.38, "ciclovia": 0.0, "calcada": 100.0, "obstaculo": 92.31, "rampa": 0.0, "rampa_faces": 0.0, "sem_calcada": 0.0, "sem_arvore": 15.38, "muitas_arvores": 23.08, "vao": 100.0, "V05400": 13, "V05421": 13, "V05406": 13, "V05412": 13, "V05422": 0, "V05424": 12, "V05427": 0, "V05409": 0, "V05415": 2, "V05418": 0, "V05430": 2, "V05433": 3, "criancas_0a4": 21, "em_favela": false }, "geometry": { "type": "Polygon", "coordinates": [ [ [ -46.787965, -23.654193 ], [ -46.789596, -23.655453 ], [ -46.790329, -23.654915 ], [ -46.790268, -23.654701 ], [ -46.790173, -23.654597 ], [ -46.789368, -23.654232 ], [ -46.789369, -23.654049 ], [ -46.789603, -23.653782 ], [ -46.78961, -23.653547 ], [ -46.787965, -23.654193 ] ] ] } },
{ "type": "Feature", "properties": { "CD_SETOR": "355030819000464", "faces": 7, "pavimentada": 100.0, "bueiro": 14.29, "iluminacao": 100.0, "onibus": 14.29, "ciclovia": 0.0, "calcada": 100.0, "obstaculo": 100.0, "rampa": 0.0, "rampa_faces": 0.0, "sem_calcada": 0.0, "sem_arvore": 42.86, "muitas_arvores": 28.57, "vao": 100.0, "V05400": 7, "V05421": 7, "V05406": 7, "V05412": 7, "V05422": 0, "V05424": 7, "V05427": 0, "V05409": 1, "V05415": 1, "V05418": 0, "V05430": 3, "V05433": 2, "criancas_0a4": 21, "em_favela": false }, "geometry": { "type": "Polygon", "coordinates": [ [ [ -46.787442, -23.654401 ], [ -46.788014, -23.654859 ], [ -46.787923, -23.655345 ], [ -46.78798, -23.655458 ], [ -46.788715, -23.655963 ], [ -46.788889, -23.655538 ], [ -46.789193, -23.655756 ], [ -46.789596, -23.655453 ], [ -46.787965, -23.654193 ], [ -46.787442, -23.654401 ] ] ] } },
{ "type": "Feature", "properties": { "CD_SETOR": "355030819000465", "faces": 2, "pavimentada": 100.0, "bueiro": 50.0, "iluminacao": 100.0, "onibus": 50.0, "ciclovia": 0.0, "calcada": 100.0, "obstaculo": 0.0, "rampa": 100.0, "rampa_faces": 100.0, "sem_calcada": 0.0, "sem_arvore": 0.0, "muitas_arvores": 100.0, "vao": 0.0, "V05400": 2, "V05421": 2, "V05406": 2, "V05412": 2, "V05422": 0, "V05424": 0, "V05427": 2, "V05409": 1, "V05415": 1, "V05418": 0, "V05430": 0, "V05433": 2, "criancas_0a4": 25, "em_favela": false }, "geometry": { "type": "Polygon", "coordinates": [ [ [ -46.755114, -23.649262 ], [ -46.755999, -23.649958 ], [ -46.756027, -23.648548 ], [ -46.755277, -23.648539 ], [ -46.755316, -23.649002 ], [ -46.755236, -23.649222 ], [ -46.755114, -23.649262 ] ] ] } },
{ "type": "Feature", "properties": { "CD_SETOR": "355030819000466", "faces": 3, "pavimentada": 100.0, "bueiro": 100.0, "iluminacao": 100.0, "onibus": 33.33, "ciclovia": 0.0, "calcada": 100.0, "obstaculo": 0.0, "rampa": 100.0, "rampa_faces": 100.0, "sem_calcada": 0.0, "sem_arvore": 33.33, "muitas_arvores": 66.67, "vao": 0.0, "V05400": 3, "V05421": 3, "V05406": 3, "V05412": 3, "V05422": 0, "V05424": 0, "V05427": 3, "V05409": 3, "V05415": 1, "V05418": 0, "V05430": 1, "V05433": 2, "criancas_0a4": 15, "em_favela": false }, "geometry": { "type": "Polygon", "coordinates": [ [ [ -46.756027, -23.648548 ], [ -46.755999, -23.649958 ], [ -46.757121, -23.650871 ], [ -46.75878, -23.649948 ], [ -46.758551, -23.649679 ], [ -46.758456, -23.649492 ], [ -46.758374, -23.64911 ], [ -46.758339, -23.64854 ], [ -46.756027, -23.648548 ] ] ] } },
{ "type": "Feature", "properties": { "CD_SETOR": "355030819000467", "faces": 18, "pavimentada": 88.89, "bueiro": 55.56, "iluminacao": 83.33, "onibus": 11.11, "ciclovia": 16.67, "calcada": 77.78, "obstaculo": 28.57, "rampa": 35.71, "rampa_faces": 27.78, "sem_calcada": 11.11, "sem_arvore": 66.67, "muitas_arvores": 11.11, "vao": 61.11, "V05400": 18, "V05421": 14, "V05406": 16, "V05412": 15, "V05422": 2, "V05424": 4, "V05427": 5, "V05409": 10, "V05415": 2, "V05418": 3, "V05430": 12, "V05433": 2, "criancas_0a4": 10, "em_favela": false }, "geometry": { "type": "Polygon", "coordinates": [ [ [ -46.757121, -23.650871 ], [ -46.757551, -23.65131 ], [ -46.758117, -23.651995 ], [ -46.759535, -23.651217 ], [ -46.758845, -23.650612 ], [ -46.758475, -23.650115 ], [ -46.757121, -23.650871 ] ] ] } },
{ "type": "Feature", "properties": { "CD_SETOR": "355030819000468", "faces": 4, "pavimentada": 100.0, "bueiro": 75.0, "iluminacao": 50.0, "onibus": 0.0, "ciclovia": 0.0, "calcada": 50.0, "obstaculo": 50.0, "rampa": 50.0, "rampa_faces": 25.0, "sem_calcada": 50.0, "sem_arvore": 25.0, "muitas_arvores": 75.0, "vao": 75.0, "V05400": 4, "V05421": 2, "V05406": 4, "V05412": 2, "V05422": 2, "V05424": 1, "V05427": 1, "V05409": 3, "V05415": 0, "V05418": 0, "V05430": 1, "V05433": 3, "criancas_0a4": 32, "em_favela": false }, "geometry": { "type": "Polygon", "coordinates": [ [ [ -46.753145, -23.650614 ], [ -46.753201, -23.651283 ], [ -46.753331, -23.651527 ], [ -46.753558, -23.65172 ], [ -46.753812, -23.651686 ], [ -46.754108, -23.651521 ], [ -46.753862, -23.651284 ], [ -46.753546, -23.650461 ], [ -46.753231, -23.650495 ], [ -46.753145, -23.650614 ] ] ] } },
{ "type": "Feature", "properties": { "CD_SETOR": "355030819000469", "faces": 4, "pavimentada": 100.0, "bueiro": 25.0, "iluminacao": 100.0, "onibus": 25.0, "ciclovia": 25.0, "calcada": 100.0, "obstaculo": 50.0, "rampa": 25.0, "rampa_faces": 25.0, "sem_calcada": 0.0, "sem_arvore": 50.0, "muitas_arvores": 50.0, "vao": 75.0, "V05400": 4, "V05421": 4, "V05406": 4, "V05412": 4, "V05422": 0, "V05424": 2, "V05427": 1, "V05409": 1, "V05415": 1, "V05418": 1, "V05430": 2, "V05433": 2, "criancas_0a4": 14, "em_favela": false }, "geometry": { "type": "Polygon", "coordinates": [ [ [ -46.753546, -23.650461 ], [ -46.753862, -23.651284 ], [ -46.754108, -23.651521 ], [ -46.755087, -23.650929 ], [ -46.754358, -23.650408 ], [ -46.754289, -23.650412 ], [ -46.753974, -23.650059 ], [ -46.753546, -23.650461 ] ] ] } },
{ "type": "Feature", "properties": { "CD_SETOR": "355030819000470", "faces": 1, "pavimentada": 100.0, "bueiro": 100.0, "iluminacao": 100.0, "onibus": 0.0, "ciclovia": 0.0, "calcada": 100.0, "obstaculo": 100.0, "rampa": 0.0, "rampa_faces": 0.0, "sem_calcada": 0.0, "sem_arvore": 0.0, "muitas_arvores": 0.0, "vao": 100.0, "V05400": 1, "V05421": 1, "V05406": 1, "V05412": 1, "V05422": 0, "V05424": 1, "V05427": 0, "V05409": 1, "V05415": 0, "V05418": 0, "V05430": 0, "V05433": 0, "criancas_0a4": 41, "em_favela": false }, "geometry": { "type": "Polygon", "coordinates": [ [ [ -46.792993, -23.681858 ], [ -46.792036, -23.681385 ], [ -46.791808, -23.681593 ], [ -46.791715, -23.68181 ], [ -46.791759, -23.681869 ], [ -46.792703, -23.682352 ], [ -46.792811, -23.682105 ], [ -46.792993, -23.681858 ] ] ] } },
{ "type": "Feature", "properties": { "CD_SETOR": "355030819000471", "faces": 19, "pavimentada": 73.68, "bueiro": 68.42, "iluminacao": 100.0, "onibus": 10.53, "ciclovia": 10.53, "calcada": 78.95, "obstaculo": 40.0, "rampa": 0.0, "rampa_faces": 0.0, "sem_calcada": 21.05, "sem_arvore": 52.63, "muitas_arvores": 0.0, "vao": 73.68, "V05400": 19, "V05421": 15, "V05406": 14, "V05412": 19, "V05422": 4, "V05424": 6, "V05427": 0, "V05409": 13, "V05415": 2, "V05418": 2, "V05430": 10, "V05433": 0, "criancas_0a4": 48, "em_favela": false }, "geometry": { "type": "Polygon", "coordinates": [ [ [ -46.791786, -23.681262 ], [ -46.791699, -23.681315 ], [ -46.791645, -23.681428 ], [ -46.791613, -23.681869 ], [ -46.791724, -23.682204 ], [ -46.79187, -23.68246 ], [ -46.791884, -23.682591 ], [ -46.792067, -23.682588 ], [ -46.792799, -23.68302 ], [ -46.793219, -23.683342 ], [ -46.793049, -23.683891 ], [ -46.792573, -23.684061 ], [ -46.792435, -23.684235 ], [ -46.792409, -23.684408 ], [ -46.792663, -23.684713 ], [ -46.792831, -23.684816 ], [ -46.793265, -23.68503 ], [ -46.793758, -23.685116 ], [ -46.794015, -23.684056 ], [ -46.794129, -23.684057 ], [ -46.794264, -23.683983 ], [ -46.794382, -23.683627 ], [ -46.794444, -23.683313 ], [ -46.794304, -23.683126 ], [ -46.79441, -23.682571 ], [ -46.792993, -23.681858 ], [ -46.792811, -23.682105 ], [ -46.792703, -23.682352 ], [ -46.791759, -23.681869 ], [ -46.791715, -23.68181 ], [ -46.791808, -23.681593 ], [ -46.792036, -23.681385 ], [ -46.791786, -23.681262 ] ] ] } },
{ "type": "Feature", "properties": { "CD_SETOR": "355030819000472", "faces": 7, "pavimentada": 100.0, "bueiro": 42.86, "iluminacao": 100.0, "onibus": 42.86, "ciclovia": 0.0, "calcada": 100.0, "obstaculo": 100.0, "rampa": 0.0, "rampa_faces": 0.0, "sem_calcada": 0.0, "sem_arvore": 57.14, "muitas_arvores": 0.0, "vao": 100.0, "V05400": 7, "V05421": 7, "V05406": 7, "V05412": 7, "V05422": 0, "V05424": 7, "V05427": 0, "V05409": 3, "V05415": 3, "V05418": 0, "V05430": 4, "V05433": 0, "criancas_0a4": 12, "em_favela": false }, "geometry": { "type": "Polygon", "coordinates": [ [ [ -46.79651, -23.674316 ], [ -46.796722, -23.67449 ], [ -46.798418, -23.676658 ], [ -46.798411, -23.676057 ], [ -46.798378, -23.675801 ], [ -46.79828, -23.675542 ], [ -46.797474, -23.674495 ], [ -46.796921, -23.673906 ], [ -46.79651, -23.674316 ] ] ] } },
{ "type": "Feature", "properties": { "CD_SETOR": "355030819000473", "faces": 9, "pavimentada": 77.78, "bueiro": 22.22, "iluminacao": 88.89, "onibus": 11.11, "ciclovia": 0.0, "calcada": 77.78, "obstaculo": 100.0, "rampa": 0.0, "rampa_faces": 0.0, "sem_calcada": 22.22, "sem_arvore": 44.44, "muitas_arvores": 44.44, "vao": 77.78, "V05400": 9, "V05421": 7, "V05406": 7, "V05412": 8, "V05422": 2, "V05424": 7, "V05427": 0, "V05409": 2, "V05415": 1, "V05418": 0, "V05430": 4, "V05433": 4, "criancas_0a4": 29, "em_favela": false }, "geometry": { "type": "Polygon", "coordinates": [ [ [ -46.796063, -23.674863 ], [ -46.796416, -23.675093 ], [ -46.796875, -23.675683 ], [ -46.796909, -23.675796 ], [ -46.796859, -23.675986 ], [ -46.796551, -23.676373 ], [ -46.796111, -23.676718 ], [ -46.796114, -23.67685 ], [ -46.796281, -23.676921 ], [ -46.797181, -23.676944 ], [ -46.79746, -23.67716 ], [ -46.797554, -23.677291 ], [ -46.797709, -23.677137 ], [ -46.797844, -23.676832 ], [ -46.797824, -23.675925 ], [ -46.796722, -23.67449 ], [ -46.79651, -23.674316 ], [ -46.796063, -23.674863 ] ] ] } },
{ "type": "Feature", "properties": { "CD_SETOR": "355030819000474", "faces": 31, "pavimentada": 96.77, "bueiro": 3.23, "iluminacao": 100.0, "onibus": 3.23, "ciclovia": 0.0, "calcada": 64.52, "obstaculo": 80.0, "rampa": 0.0, "rampa_faces": 0.0, "sem_calcada": 35.48, "sem_arvore": 45.16, "muitas_arvores": 38.71, "vao": 96.77, "V05400": 31, "V05421": 20, "V05406": 30, "V05412": 31, "V05422": 11, "V05424": 16, "V05427": 0, "V05409": 1, "V05415": 1, "V05418": 0, "V05430": 14, "V05433": 12, "criancas_0a4": 27, "em_favela": false }, "geometry": { "type": "Polygon", "coordinates": [ [ [ -46.789206, -23.648901 ], [ -46.787922, -23.64962 ], [ -46.788016, -23.64985 ], [ -46.788217, -23.650108 ], [ -46.78926, -23.650053 ], [ -46.789373, -23.649813 ], [ -46.790075, -23.64977 ], [ -46.790001, -23.649536 ], [ -46.790762, -23.648982 ], [ -46.791653, -23.649432 ], [ -46.7917, -23.649587 ], [ -46.791767, -23.649555 ], [ -46.791833, -23.64943 ], [ -46.791775, -23.649361 ], [ -46.791643, -23.64932 ], [ -46.791551, -23.649169 ], [ -46.791159, -23.648105 ], [ -46.790821, -23.647715 ], [ -46.790069, -23.648541 ], [ -46.789206, -23.648901 ] ] ] } },
{ "type": "Feature", "properties": { "CD_SETOR": "355030819000475", "faces": 1, "pavimentada": 100.0, "bueiro": 0.0, "iluminacao": 100.0, "onibus": 0.0, "ciclovia": 0.0, "calcada": 100.0, "obstaculo": 100.0, "rampa": 100.0, "rampa_faces": 100.0, "sem_calcada": 0.0, "sem_arvore": 100.0, "muitas_arvores": 0.0, "vao": 0.0, "V05400": 1, "V05421": 1, "V05406": 1, "V05412": 1, "V05422": 0, "V05424": 1, "V05427": 1, "V05409": 0, "V05415": 0, "V05418": 0, "V05430": 1, "V05433": 0, "criancas_0a4": 8, "em_favela": false }, "geometry": { "type": "Polygon", "coordinates": [ [ [ -46.790075, -23.64977 ], [ -46.79034, -23.649769 ], [ -46.790553, -23.649697 ], [ -46.7917, -23.649587 ], [ -46.791653, -23.649432 ], [ -46.790762, -23.648982 ], [ -46.790001, -23.649536 ], [ -46.790075, -23.64977 ] ] ] } },
{ "type": "Feature", "properties": { "CD_SETOR": "355030819000476", "faces": 5, "pavimentada": 100.0, "bueiro": 80.0, "iluminacao": 100.0, "onibus": 40.0, "ciclovia": 0.0, "calcada": 100.0, "obstaculo": 20.0, "rampa": 0.0, "rampa_faces": 0.0, "sem_calcada": 0.0, "sem_arvore": 40.0, "muitas_arvores": 20.0, "vao": 100.0, "V05400": 5, "V05421": 5, "V05406": 5, "V05412": 5, "V05422": 0, "V05424": 1, "V05427": 0, "V05409": 4, "V05415": 2, "V05418": 0, "V05430": 2, "V05433": 1, "criancas_0a4": 6, "em_favela": false }, "geometry": { "type": "Polygon", "coordinates": [ [ [ -46.796916, -23.684738 ], [ -46.796951, -23.684915 ], [ -46.796854, -23.685202 ], [ -46.796618, -23.685497 ], [ -46.796899, -23.685297 ], [ -46.797237, -23.685403 ], [ -46.797452, -23.685181 ], [ -46.798142, -23.685121 ], [ -46.798423, -23.68545 ], [ -46.798921, -23.685484 ], [ -46.799213, -23.685689 ], [ -46.799271, -23.685943 ], [ -46.799157, -23.686226 ], [ -46.79994, -23.68625 ], [ -46.800133, -23.685085 ], [ -46.798997, -23.684359 ], [ -46.79792, -23.683784 ], [ -46.797435, -23.68333 ], [ -46.79732, -23.682969 ], [ -46.796955, -23.683057 ], [ -46.79656, -23.683269 ], [ -46.797194, -23.684258 ], [ -46.797188, -23.684353 ], [ -46.796916, -23.684738 ] ] ] } },
{ "type": "Feature", "properties": { "CD_SETOR": "355030819000477", "faces": 3, "pavimentada": 100.0, "bueiro": 100.0, "iluminacao": 66.67, "onibus": 0.0, "ciclovia": 0.0, "calcada": 100.0, "obstaculo": 66.67, "rampa": 0.0, "rampa_faces": 0.0, "sem_calcada": 0.0, "sem_arvore": 33.33, "muitas_arvores": 33.33, "vao": 100.0, "V05400": 3, "V05421": 3, "V05406": 3, "V05412": 2, "V05422": 0, "V05424": 2, "V05427": 0, "V05409": 3, "V05415": 0, "V05418": 0, "V05430": 1, "V05433": 1, "criancas_0a4": 4, "em_favela": false }, "geometry": { "type": "Polygon", "coordinates": [ [ [ -46.791848, -23.685913 ], [ -46.794772, -23.68661 ], [ -46.796396, -23.686725 ], [ -46.796393, -23.686247 ], [ -46.796113, -23.686306 ], [ -46.795657, -23.686208 ], [ -46.795539, -23.685939 ], [ -46.795284, -23.685849 ], [ -46.795225, -23.685604 ], [ -46.795061, -23.685891 ], [ -46.794793, -23.685715 ], [ -46.794907, -23.68512 ], [ -46.794224, -23.685165 ], [ -46.793265, -23.68503 ], [ -46.793067, -23.685136 ], [ -46.792534, -23.685171 ], [ -46.792308, -23.685296 ], [ -46.791848, -23.685913 ] ] ] } },
{ "type": "Feature", "properties": { "CD_SETOR": "355030819000478", "faces": 5, "pavimentada": 80.0, "bueiro": 80.0, "iluminacao": 100.0, "onibus": 20.0, "ciclovia": 0.0, "calcada": 80.0, "obstaculo": 50.0, "rampa": 0.0, "rampa_faces": 0.0, "sem_calcada": 20.0, "sem_arvore": 80.0, "muitas_arvores": 0.0, "vao": 80.0, "V05400": 5, "V05421": 4, "V05406": 4, "V05412": 5, "V05422": 1, "V05424": 2, "V05427": 0, "V05409": 4, "V05415": 1, "V05418": 0, "V05430": 4, "V05433": 0, "criancas_0a4": 21, "em_favela": false }, "geometry": { "type": "Polygon", "coordinates": [ [ [ -46.796944, -23.686285 ], [ -46.797012, -23.686481 ], [ -46.796989, -23.686773 ], [ -46.799066, -23.68695 ], [ -46.799349, -23.686931 ], [ -46.799663, -23.686789 ], [ -46.799826, -23.686616 ], [ -46.79994, -23.68625 ], [ -46.799157, -23.686226 ], [ -46.799271, -23.685943 ], [ -46.797685, -23.686121 ], [ -46.796944, -23.686285 ] ] ] } },
{ "type": "Feature", "properties": { "CD_SETOR": "355030819000479", "faces": 2, "pavimentada": 100.0, "bueiro": 100.0, "iluminacao": 100.0, "onibus": 0.0, "ciclovia": 0.0, "calcada": 100.0, "obstaculo": 100.0, "rampa": 0.0, "rampa_faces": 0.0, "sem_calcada": 0.0, "sem_arvore": 100.0, "muitas_arvores": 0.0, "vao": 100.0, "V05400": 2, "V05421": 2, "V05406": 2, "V05412": 2, "V05422": 0, "V05424": 2, "V05427": 0, "V05409": 2, "V05415": 0, "V05418": 0, "V05430": 2, "V05433": 0, "criancas_0a4": 25, "em_favela": false }, "geometry": { "type": "Polygon", "coordinates": [ [ [ -46.796618, -23.685497 ], [ -46.796944, -23.686285 ], [ -46.797685, -23.686121 ], [ -46.799271, -23.685943 ], [ -46.799254, -23.685752 ], [ -46.799136, -23.685612 ], [ -46.798921, -23.685484 ], [ -46.798423, -23.68545 ], [ -46.798142, -23.685121 ], [ -46.797452, -23.685181 ], [ -46.797237, -23.685403 ], [ -46.796899, -23.685297 ], [ -46.796618, -23.685497 ] ] ] } },
{ "type": "Feature", "properties": { "CD_SETOR": "355030819000480", "faces": 11, "pavimentada": 90.91, "bueiro": 9.09, "iluminacao": 90.91, "onibus": 18.18, "ciclovia": 0.0, "calcada": 72.73, "obstaculo": 100.0, "rampa": 0.0, "rampa_faces": 0.0, "sem_calcada": 27.27, "sem_arvore": 54.55, "muitas_arvores": 27.27, "vao": 90.91, "V05400": 11, "V05421": 8, "V05406": 10, "V05412": 10, "V05422": 3, "V05424": 8, "V05427": 0, "V05409": 1, "V05415": 2, "V05418": 0, "V05430": 6, "V05433": 3, "criancas_0a4": 35, "em_favela": false }, "geometry": { "type": "Polygon", "coordinates": [ [ [ -46.791937, -23.693019 ], [ -46.791801, -23.692476 ], [ -46.791837, -23.692273 ], [ -46.79099, -23.691426 ], [ -46.790522, -23.6908 ], [ -46.79044, -23.690473 ], [ -46.790493, -23.690218 ], [ -46.790581, -23.690187 ], [ -46.791042, -23.690269 ], [ -46.79114, -23.689811 ], [ -46.790497, -23.689661 ], [ -46.790465, -23.689614 ], [ -46.790592, -23.689558 ], [ -46.791076, -23.689496 ], [ -46.791167, -23.689425 ], [ -46.790377, -23.688802 ], [ -46.789805, -23.689475 ], [ -46.789667, -23.689818 ], [ -46.789934, -23.690873 ], [ -46.790186, -23.691265 ], [ -46.791145, -23.692484 ], [ -46.791545, -23.692807 ], [ -46.791937, -23.693019 ] ] ] } },
{ "type": "Feature", "properties": { "CD_SETOR": "355030819000481", "faces": 8, "pavimentada": 100.0, "bueiro": 25.0, "iluminacao": 100.0, "onibus": 62.5, "ciclovia": 0.0, "calcada": 100.0, "obstaculo": 87.5, "rampa": 0.0, "rampa_faces": 0.0, "sem_calcada": 0.0, "sem_arvore": 37.5, "muitas_arvores": 37.5, "vao": 100.0, "V05400": 8, "V05421": 8, "V05406": 8, "V05412": 8, "V05422": 0, "V05424": 7, "V05427": 0, "V05409": 2, "V05415": 5, "V05418": 0, "V05430": 3, "V05433": 3, "criancas_0a4": 0, "em_favela": false }, "geometry": { "type": "Polygon", "coordinates": [ [ [ -46.790088, -23.688862 ], [ -46.78991, -23.689031 ], [ -46.789368, -23.689827 ], [ -46.789443, -23.690374 ], [ -46.790585, -23.69199 ], [ -46.791003, -23.692478 ], [ -46.79108, -23.692707 ], [ -46.791076, -23.692909 ], [ -46.790825, -23.693293 ], [ -46.790898, -23.69333 ], [ -46.791157, -23.693324 ], [ -46.791883, -23.693188 ], [ -46.791937, -23.693019 ], [ -46.791545, -23.692807 ], [ -46.791145, -23.692484 ], [ -46.789959, -23.690935 ], [ -46.789667, -23.689818 ], [ -46.789805, -23.689475 ], [ -46.790368, -23.688828 ], [ -46.790507, -23.688301 ], [ -46.790278, -23.68822 ], [ -46.790261, -23.688446 ], [ -46.790088, -23.688862 ] ] ] } },
{ "type": "Feature", "properties": { "CD_SETOR": "355030819000482", "faces": 3, "pavimentada": 100.0, "bueiro": 33.33, "iluminacao": 100.0, "onibus": 33.33, "ciclovia": 0.0, "calcada": 66.67, "obstaculo": 100.0, "rampa": 0.0, "rampa_faces": 0.0, "sem_calcada": 33.33, "sem_arvore": 66.67, "muitas_arvores": 33.33, "vao": 100.0, "V05400": 3, "V05421": 2, "V05406": 3, "V05412": 3, "V05422": 1, "V05424": 2, "V05427": 0, "V05409": 1, "V05415": 1, "V05418": 0, "V05430": 2, "V05433": 1, "criancas_0a4": 32, "em_favela": false }, "geometry": { "type": "Polygon", "coordinates": [ [ [ -46.793763, -23.687585 ], [ -46.793567, -23.687644 ], [ -46.79274, -23.688406 ], [ -46.793091, -23.688631 ], [ -46.794084, -23.689084 ], [ -46.794849, -23.688133 ], [ -46.794065, -23.687661 ], [ -46.793763, -23.687585 ] ] ] } },
{ "type": "Feature", "properties": { "CD_SETOR": "355030819000483", "faces": 10, "pavimentada": 100.0, "bueiro": 30.0, "iluminacao": 100.0, "onibus": 10.0, "ciclovia": 0.0, "calcada": 70.0, "obstaculo": 100.0, "rampa": 0.0, "rampa_faces": 0.0, "sem_calcada": 30.0, "sem_arvore": 70.0, "muitas_arvores": 10.0, "vao": 100.0, "V05400": 10, "V05421": 7, "V05406": 10, "V05412": 10, "V05422": 3, "V05424": 7, "V05427": 0, "V05409": 3, "V05415": 1, "V05418": 0, "V05430": 7, "V05433": 1, "criancas_0a4": 19, "em_favela": false }, "geometry": { "type": "Polygon", "coordinates": [ [ [ -46.794084, -23.689084 ], [ -46.794703, -23.689459 ], [ -46.794906, -23.689655 ], [ -46.795163, -23.69 ], [ -46.795405, -23.690447 ], [ -46.79581, -23.689211 ], [ -46.795255, -23.688483 ], [ -46.794849, -23.688133 ], [ -46.794084, -23.689084 ] ] ] } },
{ "type": "Feature", "properties": { "CD_SETOR": "355030819000484", "faces": 4, "pavimentada": 100.0, "bueiro": 75.0, "iluminacao": 100.0, "onibus": 25.0, "ciclovia": 0.0, "calcada": 75.0, "obstaculo": 66.67, "rampa": 0.0, "rampa_faces": 0.0, "sem_calcada": 25.0, "sem_arvore": 25.0, "muitas_arvores": 0.0, "vao": 100.0, "V05400": 4, "V05421": 3, "V05406": 4, "V05412": 4, "V05422": 1, "V05424": 2, "V05427": 0, "V05409": 3, "V05415": 1, "V05418": 0, "V05430": 1, "V05433": 0, "criancas_0a4": 9, "em_favela": false }, "geometry": { "type": "Polygon", "coordinates": [ [ [ -46.795893, -23.688817 ], [ -46.796509, -23.688838 ], [ -46.796552, -23.688077 ], [ -46.796616, -23.687931 ], [ -46.79658, -23.687692 ], [ -46.796617, -23.686745 ], [ -46.794864, -23.686623 ], [ -46.79495, -23.686797 ], [ -46.795718, -23.687754 ], [ -46.795909, -23.688306 ], [ -46.795933, -23.688613 ], [ -46.795893, -23.688817 ] ] ] } },
{ "type": "Feature", "properties": { "CD_SETOR": "355030819000485", "faces": 7, "pavimentada": 100.0, "bueiro": 71.43, "iluminacao": 71.43, "onibus": 14.29, "ciclovia": 0.0, "calcada": 57.14, "obstaculo": 75.0, "rampa": 0.0, "rampa_faces": 0.0, "sem_calcada": 42.86, "sem_arvore": 28.57, "muitas_arvores": 28.57, "vao": 100.0, "V05400": 7, "V05421": 4, "V05406": 7, "V05412": 5, "V05422": 3, "V05424": 3, "V05427": 0, "V05409": 5, "V05415": 1, "V05418": 0, "V05430": 2, "V05433": 2, "criancas_0a4": 16, "em_favela": false }, "geometry": { "type": "Polygon", "coordinates": [ [ [ -46.793763, -23.687585 ], [ -46.794065, -23.687661 ], [ -46.794849, -23.688133 ], [ -46.795374, -23.688613 ], [ -46.79581, -23.689211 ], [ -46.795934, -23.688574 ], [ -46.795901, -23.688264 ], [ -46.795804, -23.687979 ], [ -46.795664, -23.687651 ], [ -46.79495, -23.686797 ], [ -46.794864, -23.686623 ], [ -46.793857, -23.686386 ], [ -46.793763, -23.687585 ] ] ] } },
{ "type": "Feature", "properties": { "CD_SETOR": "355030819000486", "faces": 9, "pavimentada": 100.0, "bueiro": 100.0, "iluminacao": 100.0, "onibus": 33.33, "ciclovia": 0.0, "calcada": 88.89, "obstaculo": 25.0, "rampa": 0.0, "rampa_faces": 0.0, "sem_calcada": 11.11, "sem_arvore": 11.11, "muitas_arvores": 22.22, "vao": 100.0, "V05400": 9, "V05421": 8, "V05406": 9, "V05412": 9, "V05422": 1, "V05424": 2, "V05427": 0, "V05409": 9, "V05415": 3, "V05418": 0, "V05430": 1, "V05433": 2, "criancas_0a4": 33, "em_favela": false }, "geometry": { "type": "Polygon", "coordinates": [ [ [ -46.796604, -23.679363 ], [ -46.796772, -23.679482 ], [ -46.797056, -23.679458 ], [ -46.797893, -23.679092 ], [ -46.798248, -23.678765 ], [ -46.7984, -23.678741 ], [ -46.798494, -23.678854 ], [ -46.798784, -23.679991 ], [ -46.79881, -23.680237 ], [ -46.798777, -23.68042 ], [ -46.798669, -23.680633 ], [ -46.798259, -23.68095 ], [ -46.798084, -23.681014 ], [ -46.797844, -23.680945 ], [ -46.797735, -23.680999 ], [ -46.798339, -23.681554 ], [ -46.798915, -23.681231 ], [ -46.799333, -23.680745 ], [ -46.799409, -23.680511 ], [ -46.79949, -23.679814 ], [ -46.799346, -23.679632 ], [ -46.799051, -23.678625 ], [ -46.7989, -23.678396 ], [ -46.798719, -23.678265 ], [ -46.798494, -23.67819 ], [ -46.798011, -23.678165 ], [ -46.796843, -23.67926 ], [ -46.796604, -23.679363 ] ] ] } },
{ "type": "Feature", "properties": { "CD_SETOR": "355030819000487", "faces": 11, "pavimentada": 100.0, "bueiro": 90.91, "iluminacao": 100.0, "onibus": 27.27, "ciclovia": 0.0, "calcada": 100.0, "obstaculo": 36.36, "rampa": 0.0, "rampa_faces": 0.0, "sem_calcada": 0.0, "sem_arvore": 36.36, "muitas_arvores": 27.27, "vao": 100.0, "V05400": 11, "V05421": 11, "V05406": 11, "V05412": 11, "V05422": 0, "V05424": 4, "V05427": 0, "V05409": 10, "V05415": 3, "V05418": 0, "V05430": 4, "V05433": 3, "criancas_0a4": 31, "em_favela": false }, "geometry": { "type": "Polygon", "coordinates": [ [ [ -46.796604, -23.679363 ], [ -46.796088, -23.679275 ], [ -46.795658, -23.679308 ], [ -46.796035, -23.679917 ], [ -46.7961, -23.680224 ], [ -46.797353, -23.680664 ], [ -46.798094, -23.680348 ], [ -46.798164, -23.680255 ], [ -46.798171, -23.680118 ], [ -46.798784, -23.679991 ], [ -46.798494, -23.678854 ], [ -46.7984, -23.678741 ], [ -46.798248, -23.678765 ], [ -46.797893, -23.679092 ], [ -46.797056, -23.679458 ], [ -46.796772, -23.679482 ], [ -46.796604, -23.679363 ] ] ] } },
{ "type": "Feature", "properties": { "CD_SETOR": "355030819000488", "faces": 7, "pavimentada": 100.0, "bueiro": 100.0, "iluminacao": 100.0, "onibus": 14.29, "ciclovia": 14.29, "calcada": 85.71, "obstaculo": 33.33, "rampa": 0.0, "rampa_faces": 0.0, "sem_calcada": 14.29, "sem_arvore": 57.14, "muitas_arvores": 14.29, "vao": 100.0, "V05400": 7, "V05421": 6, "V05406": 7, "V05412": 7, "V05422": 1, "V05424": 2, "V05427": 0, "V05409": 7, "V05415": 1, "V05418": 1, "V05430": 4, "V05433": 1, "criancas_0a4": 35, "em_favela": false }, "geometry": { "type": "Polygon", "coordinates": [ [ [ -46.797353, -23.680664 ], [ -46.797628, -23.68089 ], [ -46.797163, -23.681223 ], [ -46.796571, -23.681489 ], [ -46.796845, -23.681859 ], [ -46.798157, -23.681387 ], [ -46.797735, -23.680999 ], [ -46.797844, -23.680945 ], [ -46.797931, -23.681001 ], [ -46.798195, -23.680983 ], [ -46.798669, -23.680633 ], [ -46.798803, -23.680296 ], [ -46.798784, -23.679991 ], [ -46.798171, -23.680118 ], [ -46.798164, -23.680255 ], [ -46.798094, -23.680348 ], [ -46.797353, -23.680664 ] ] ] } },
{ "type": "Feature", "properties": { "CD_SETOR": "355030819000489", "faces": 3, "pavimentada": 100.0, "bueiro": 100.0, "iluminacao": 100.0, "onibus": 0.0, "ciclovia": 0.0, "calcada": 100.0, "obstaculo": 33.33, "rampa": 0.0, "rampa_faces": 0.0, "sem_calcada": 0.0, "sem_arvore": 66.67, "muitas_arvores": 33.33, "vao": 100.0, "V05400": 3, "V05421": 3, "V05406": 3, "V05412": 3, "V05422": 0, "V05424": 1, "V05427": 0, "V05409": 3, "V05415": 0, "V05418": 0, "V05430": 2, "V05433": 1, "criancas_0a4": 34, "em_favela": false }, "geometry": { "type": "Polygon", "coordinates": [ [ [ -46.796845, -23.681859 ], [ -46.797223, -23.682444 ], [ -46.797354, -23.683168 ], [ -46.797435, -23.68333 ], [ -46.79792, -23.683784 ], [ -46.798297, -23.684004 ], [ -46.798764, -23.683462 ], [ -46.798322, -23.683219 ], [ -46.798158, -23.683048 ], [ -46.798054, -23.682848 ], [ -46.798015, -23.682439 ], [ -46.798082, -23.681829 ], [ -46.798186, -23.681635 ], [ -46.798339, -23.681554 ], [ -46.798157, -23.681387 ], [ -46.796845, -23.681859 ] ] ] } },
{ "type": "Feature", "properties": { "CD_SETOR": "355030819000490", "faces": 6, "pavimentada": 100.0, "bueiro": 0.0, "iluminacao": 100.0, "onibus": 33.33, "ciclovia": 0.0, "calcada": 83.33, "obstaculo": 80.0, "rampa": 0.0, "rampa_faces": 0.0, "sem_calcada": 16.67, "sem_arvore": 33.33, "muitas_arvores": 16.67, "vao": 100.0, "V05400": 6, "V05421": 5, "V05406": 6, "V05412": 6, "V05422": 1, "V05424": 4, "V05427": 0, "V05409": 0, "V05415": 2, "V05418": 0, "V05430": 2, "V05433": 1, "criancas_0a4": 36, "em_favela": false }, "geometry": { "type": "Polygon", "coordinates": [ [ [ -46.792176, -23.692524 ], [ -46.792604, -23.693269 ], [ -46.792668, -23.693165 ], [ -46.792518, -23.692852 ], [ -46.792777, -23.692714 ], [ -46.793035, -23.692725 ], [ -46.793301, -23.692967 ], [ -46.793612, -23.693854 ], [ -46.794034, -23.694593 ], [ -46.794672, -23.694328 ], [ -46.794841, -23.694031 ], [ -46.794265, -23.693714 ], [ -46.794152, -23.69355 ], [ -46.794132, -23.693389 ], [ -46.794248, -23.693124 ], [ -46.794826, -23.692697 ], [ -46.793932, -23.691625 ], [ -46.793827, -23.691574 ], [ -46.793699, -23.691599 ], [ -46.79334, -23.69212 ], [ -46.793179, -23.692218 ], [ -46.79294, -23.692241 ], [ -46.792425, -23.692116 ], [ -46.791887, -23.691547 ], [ -46.792176, -23.692524 ] ] ] } },
{ "type": "Feature", "properties": { "CD_SETOR": "355030819000491", "faces": 7, "pavimentada": 100.0, "bueiro": 57.14, "iluminacao": 85.71, "onibus": 14.29, "ciclovia": 0.0, "calcada": 100.0, "obstaculo": 100.0, "rampa": 0.0, "rampa_faces": 0.0, "sem_calcada": 0.0, "sem_arvore": 57.14, "muitas_arvores": 0.0, "vao": 100.0, "V05400": 7, "V05421": 7, "V05406": 7, "V05412": 6, "V05422": 0, "V05424": 7, "V05427": 0, "V05409": 4, "V05415": 1, "V05418": 0, "V05430": 4, "V05433": 0, "criancas_0a4": 31, "em_favela": false }, "geometry": { "type": "Polygon", "coordinates": [ [ [ -46.791937, -23.693019 ], [ -46.79191, -23.693164 ], [ -46.791837, -23.693206 ], [ -46.791157, -23.693324 ], [ -46.790898, -23.69333 ], [ -46.790825, -23.693293 ], [ -46.790782, -23.693357 ], [ -46.790523, -23.694035 ], [ -46.791828, -23.693739 ], [ -46.791198, -23.69426 ], [ -46.791038, -23.69459 ], [ -46.791335, -23.694439 ], [ -46.791829, -23.694293 ], [ -46.792508, -23.694297 ], [ -46.793017, -23.694034 ], [ -46.792896, -23.693865 ], [ -46.792339, -23.694132 ], [ -46.792182, -23.693674 ], [ -46.792569, -23.693559 ], [ -46.792629, -23.693464 ], [ -46.792619, -23.693314 ], [ -46.792176, -23.692524 ], [ -46.791837, -23.692273 ], [ -46.791801, -23.692476 ], [ -46.791937, -23.693019 ] ] ] } },
{ "type": "Feature", "properties": { "CD_SETOR": "355030819000492", "faces": 6, "pavimentada": 100.0, "bueiro": 100.0, "iluminacao": 100.0, "onibus": 16.67, "ciclovia": 16.67, "calcada": 83.33, "obstaculo": 100.0, "rampa": 0.0, "rampa_faces": 0.0, "sem_calcada": 16.67, "sem_arvore": 33.33, "muitas_arvores": 33.33, "vao": 100.0, "V05400": 6, "V05421": 5, "V05406": 6, "V05412": 6, "V05422": 1, "V05424": 5, "V05427": 0, "V05409": 6, "V05415": 1, "V05418": 1, "V05430": 2, "V05433": 2, "criancas_0a4": 23, "em_favela": false }, "geometry": { "type": "Polygon", "coordinates": [ [ [ -46.797499, -23.689627 ], [ -46.79665, -23.69269 ], [ -46.797723, -23.69293 ], [ -46.797871, -23.692369 ], [ -46.797785, -23.692201 ], [ -46.797618, -23.691564 ], [ -46.797847, -23.69073 ], [ -46.797669, -23.690387 ], [ -46.797577, -23.690044 ], [ -46.797857, -23.689347 ], [ -46.797673, -23.689275 ], [ -46.797499, -23.689627 ] ] ] } },
{ "type": "Feature", "properties": { "CD_SETOR": "355030819000493", "faces": 6, "pavimentada": 100.0, "bueiro": 83.33, "iluminacao": 100.0, "onibus": 16.67, "ciclovia": 0.0, "calcada": 50.0, "obstaculo": 100.0, "rampa": 33.33, "rampa_faces": 16.67, "sem_calcada": 50.0, "sem_arvore": 66.67, "muitas_arvores": 0.0, "vao": 83.33, "V05400": 6, "V05421": 3, "V05406": 6, "V05412": 6, "V05422": 3, "V05424": 3, "V05427": 1, "V05409": 5, "V05415": 1, "V05418": 0, "V05430": 4, "V05433": 0, "criancas_0a4": 47, "em_favela": false }, "geometry": { "type": "Polygon", "coordinates": [ [ [ -46.79539, -23.691751 ], [ -46.7952, -23.692313 ], [ -46.795088, -23.692494 ], [ -46.794193, -23.693188 ], [ -46.794137, -23.693484 ], [ -46.794265, -23.693714 ], [ -46.795098, -23.693328 ], [ -46.79517, -23.693407 ], [ -46.795629, -23.693607 ], [ -46.795939, -23.693681 ], [ -46.796101, -23.693618 ], [ -46.796402, -23.693353 ], [ -46.796509, -23.693188 ], [ -46.797111, -23.690951 ], [ -46.79642, -23.69074 ], [ -46.796357, -23.69121 ], [ -46.796086, -23.691954 ], [ -46.79539, -23.691751 ] ] ] } },
{ "type": "Feature", "properties": { "CD_SETOR": "355030819000494", "faces": 23, "pavimentada": 100.0, "bueiro": 73.91, "iluminacao": 100.0, "onibus": 17.39, "ciclovia": 0.0, "calcada": 100.0, "obstaculo": 30.43, "rampa": 4.35, "rampa_faces": 4.35, "sem_calcada": 0.0, "sem_arvore": 65.22, "muitas_arvores": 26.09, "vao": 95.65, "V05400": 23, "V05421": 23, "V05406": 23, "V05412": 23, "V05422": 0, "V05424": 7, "V05427": 1, "V05409": 17, "V05415": 4, "V05418": 0, "V05430": 15, "V05433": 6, "criancas_0a4": 20, "em_favela": false }, "geometry": { "type": "Polygon", "coordinates": [ [ [ -46.777252, -23.669062 ], [ -46.778342, -23.670146 ], [ -46.777711, -23.670594 ], [ -46.77814, -23.671094 ], [ -46.779218, -23.670316 ], [ -46.778796, -23.669796 ], [ -46.778922, -23.669733 ], [ -46.779007, -23.669502 ], [ -46.777423, -23.669032 ], [ -46.777252, -23.669062 ] ] ] } },
{ "type": "Feature", "properties": { "CD_SETOR": "355030819000495", "faces": 20, "pavimentada": 100.0, "bueiro": 15.0, "iluminacao": 100.0, "onibus": 5.0, "ciclovia": 0.0, "calcada": 100.0, "obstaculo": 60.0, "rampa": 0.0, "rampa_faces": 0.0, "sem_calcada": 0.0, "sem_arvore": 55.0, "muitas_arvores": 20.0, "vao": 100.0, "V05400": 20, "V05421": 20, "V05406": 20, "V05412": 20, "V05422": 0, "V05424": 12, "V05427": 0, "V05409": 3, "V05415": 1, "V05418": 0, "V05430": 11, "V05433": 4, "criancas_0a4": 38, "em_favela": false }, "geometry": { "type": "Polygon", "coordinates": [ [ [ -46.77924, -23.668849 ], [ -46.778922, -23.669733 ], [ -46.778796, -23.669796 ], [ -46.779218, -23.670316 ], [ -46.779731, -23.669955 ], [ -46.779853, -23.669914 ], [ -46.78025, -23.66994 ], [ -46.780775, -23.67013 ], [ -46.780945, -23.669761 ], [ -46.780432, -23.669592 ], [ -46.780098, -23.669542 ], [ -46.780211, -23.669385 ], [ -46.780627, -23.669304 ], [ -46.780565, -23.669255 ], [ -46.77924, -23.668849 ] ] ] } },
{ "type": "Feature", "properties": { "CD_SETOR": "355030819000496", "faces": 14, "pavimentada": 100.0, "bueiro": 57.14, "iluminacao": 100.0, "onibus": 7.14, "ciclovia": 0.0, "calcada": 71.43, "obstaculo": 90.0, "rampa": 0.0, "rampa_faces": 0.0, "sem_calcada": 28.57, "sem_arvore": 92.86, "muitas_arvores": 7.14, "vao": 100.0, "V05400": 14, "V05421": 10, "V05406": 14, "V05412": 14, "V05422": 4, "V05424": 9, "V05427": 0, "V05409": 8, "V05415": 1, "V05418": 0, "V05430": 13, "V05433": 1, "criancas_0a4": 30, "em_favela": false }, "geometry": { "type": "Polygon", "coordinates": [ [ [ -46.772022, -23.657905 ], [ -46.771745, -23.658522 ], [ -46.771535, -23.658763 ], [ -46.771059, -23.659069 ], [ -46.770662, -23.659201 ], [ -46.770849, -23.659753 ], [ -46.770579, -23.659895 ], [ -46.771594, -23.660185 ], [ -46.771693, -23.660073 ], [ -46.772448, -23.659572 ], [ -46.772637, -23.659353 ], [ -46.772152, -23.659006 ], [ -46.772449, -23.658684 ], [ -46.772037, -23.658353 ], [ -46.772518, -23.657839 ], [ -46.772619, -23.657567 ], [ -46.772376, -23.65735 ], [ -46.772366, -23.657485 ], [ -46.772022, -23.657905 ] ] ] } },
{ "type": "Feature", "properties": { "CD_SETOR": "355030819000497", "faces": 10, "pavimentada": 100.0, "bueiro": 10.0, "iluminacao": 100.0, "onibus": 30.0, "ciclovia": 0.0, "calcada": 100.0, "obstaculo": 50.0, "rampa": 10.0, "rampa_faces": 10.0, "sem_calcada": 0.0, "sem_arvore": 90.0, "muitas_arvores": 0.0, "vao": 90.0, "V05400": 10, "V05421": 10, "V05406": 10, "V05412": 10, "V05422": 0, "V05424": 5, "V05427": 1, "V05409": 1, "V05415": 3, "V05418": 0, "V05430": 9, "V05433": 0, "criancas_0a4": 32, "em_favela": false }, "geometry": { "type": "Polygon", "coordinates": [ [ [ -46.772449, -23.658684 ], [ -46.772152, -23.659006 ], [ -46.772637, -23.659353 ], [ -46.772448, -23.659572 ], [ -46.771693, -23.660073 ], [ -46.771594, -23.660185 ], [ -46.771954, -23.660198 ], [ -46.774588, -23.659586 ], [ -46.774674, -23.659019 ], [ -46.774808, -23.658744 ], [ -46.774424, -23.658289 ], [ -46.774353, -23.658097 ], [ -46.774108, -23.658033 ], [ -46.773754, -23.658022 ], [ -46.773765, -23.657791 ], [ -46.773676, -23.65767 ], [ -46.773575, -23.657614 ], [ -46.773068, -23.65754 ], [ -46.772991, -23.657697 ], [ -46.773072, -23.657728 ], [ -46.773053, -23.657803 ], [ -46.773103, -23.657823 ], [ -46.773055, -23.657908 ], [ -46.773138, -23.657948 ], [ -46.773265, -23.657738 ], [ -46.77346, -23.657847 ], [ -46.773442, -23.658069 ], [ -46.773317, -23.658344 ], [ -46.773602, -23.658714 ], [ -46.773397, -23.658765 ], [ -46.772896, -23.659077 ], [ -46.772777, -23.658929 ], [ -46.772449, -23.658684 ] ] ] } },
{ "type": "Feature", "properties": { "CD_SETOR": "355030819000498", "faces": 14, "pavimentada": 100.0, "bueiro": 50.0, "iluminacao": 100.0, "onibus": 0.0, "ciclovia": 0.0, "calcada": 100.0, "obstaculo": 92.86, "rampa": 0.0, "rampa_faces": 0.0, "sem_calcada": 0.0, "sem_arvore": 35.71, "muitas_arvores": 14.29, "vao": 100.0, "V05400": 14, "V05421": 14, "V05406": 14, "V05412": 14, "V05422": 0, "V05424": 13, "V05427": 0, "V05409": 7, "V05415": 0, "V05418": 0, "V05430": 5, "V05433": 2, "criancas_0a4": 46, "em_favela": false }, "geometry": { "type": "Polygon", "coordinates": [ [ [ -46.766338, -23.663888 ], [ -46.766287, -23.663997 ], [ -46.765341, -23.663917 ], [ -46.765587, -23.665454 ], [ -46.766662, -23.665302 ], [ -46.768212, -23.663971 ], [ -46.767852, -23.663442 ], [ -46.767943, -23.663127 ], [ -46.767885, -23.662965 ], [ -46.766965, -23.663563 ], [ -46.766338, -23.663888 ] ] ] } },
{ "type": "Feature", "properties": { "CD_SETOR": "355030819000499", "faces": 16, "pavimentada": 100.0, "bueiro": 0.0, "iluminacao": 100.0, "onibus": 6.25, "ciclovia": 0.0, "calcada": 93.75, "obstaculo": 86.67, "rampa": 0.0, "rampa_faces": 0.0, "sem_calcada": 6.25, "sem_arvore": 37.5, "muitas_arvores": 31.25, "vao": 100.0, "V05400": 16, "V05421": 15, "V05406": 16, "V05412": 16, "V05422": 1, "V05424": 13, "V05427": 0, "V05409": 0, "V05415": 1, "V05418": 0, "V05430": 6, "V05433": 5, "criancas_0a4": 18, "em_favela": false }, "geometry": { "type": "Polygon", "coordinates": [ [ [ -46.763785, -23.663789 ], [ -46.763886, -23.664 ], [ -46.764216, -23.663867 ], [ -46.76435, -23.664384 ], [ -46.764453, -23.664425 ], [ -46.764831, -23.664371 ], [ -46.764781, -23.663873 ], [ -46.766287, -23.663997 ], [ -46.766338, -23.663888 ], [ -46.766286, -23.663817 ], [ -46.766198, -23.663362 ], [ -46.765772, -23.663505 ], [ -46.765365, -23.663521 ], [ -46.765411, -23.663055 ], [ -46.765552, -23.662845 ], [ -46.765791, -23.662627 ], [ -46.764627, -23.662163 ], [ -46.763944, -23.6636 ], [ -46.763785, -23.663789 ] ] ] } },
{ "type": "Feature", "properties": { "CD_SETOR": "355030819000500", "faces": 14, "pavimentada": 100.0, "bueiro": 35.71, "iluminacao": 100.0, "onibus": 21.43, "ciclovia": 14.29, "calcada": 64.29, "obstaculo": 22.22, "rampa": 0.0, "rampa_faces": 0.0, "sem_calcada": 35.71, "sem_arvore": 85.71, "muitas_arvores": 0.0, "vao": 100.0, "V05400": 14, "V05421": 9, "V05406": 14, "V05412": 14, "V05422": 5, "V05424": 2, "V05427": 0, "V05409": 5, "V05415": 3, "V05418": 2, "V05430": 12, "V05433": 0, "criancas_0a4": 44, "em_favela": false }, "geometry": { "type": "Polygon", "coordinates": [ [ [ -46.774808, -23.658744 ], [ -46.774674, -23.659019 ], [ -46.774588, -23.659586 ], [ -46.775002, -23.659554 ], [ -46.775724, -23.659739 ], [ -46.777816, -23.660634 ], [ -46.778657, -23.660112 ], [ -46.778432, -23.65979 ], [ -46.777792, -23.659342 ], [ -46.776215, -23.658501 ], [ -46.77618, -23.658383 ], [ -46.776297, -23.658127 ], [ -46.775804, -23.657632 ], [ -46.774808, -23.658744 ] ] ] } },
{ "type": "Feature", "properties": { "CD_SETOR": "355030819000502", "faces": 7, "pavimentada": 100.0, "bueiro": 42.86, "iluminacao": 100.0, "onibus": 0.0, "ciclovia": 0.0, "calcada": 100.0, "obstaculo": 85.71, "rampa": 0.0, "rampa_faces": 0.0, "sem_calcada": 0.0, "sem_arvore": 42.86, "muitas_arvores": 42.86, "vao": 100.0, "V05400": 7, "V05421": 7, "V05406": 7, "V05412": 7, "V05422": 0, "V05424": 6, "V05427": 0, "V05409": 3, "V05415": 0, "V05418": 0, "V05430": 3, "V05433": 3, "criancas_0a4": 31, "em_favela": false }, "geometry": { "type": "Polygon", "coordinates": [ [ [ -46.785801, -23.673096 ], [ -46.785896, -23.673162 ], [ -46.786277, -23.673239 ], [ -46.785408, -23.671351 ], [ -46.784937, -23.671177 ], [ -46.785013, -23.671442 ], [ -46.785801, -23.673096 ] ] ] } },
{ "type": "Feature", "properties": { "CD_SETOR": "355030819000503", "faces": 12, "pavimentada": 100.0, "bueiro": 0.0, "iluminacao": 91.67, "onibus": 8.33, "ciclovia": 0.0, "calcada": 100.0, "obstaculo": 66.67, "rampa": 25.0, "rampa_faces": 25.0, "sem_calcada": 0.0, "sem_arvore": 75.0, "muitas_arvores": 0.0, "vao": 75.0, "V05400": 12, "V05421": 12, "V05406": 12, "V05412": 11, "V05422": 0, "V05424": 8, "V05427": 3, "V05409": 0, "V05415": 1, "V05418": 0, "V05430": 9, "V05433": 0, "criancas_0a4": 38, "em_favela": false }, "geometry": { "type": "Polygon", "coordinates": [ [ [ -46.785964, -23.672572 ], [ -46.786277, -23.673239 ], [ -46.785896, -23.673162 ], [ -46.785801, -23.673096 ], [ -46.785686, -23.67342 ], [ -46.785705, -23.673552 ], [ -46.787163, -23.673841 ], [ -46.78731, -23.673924 ], [ -46.787468, -23.674163 ], [ -46.787584, -23.674228 ], [ -46.787882, -23.674123 ], [ -46.787759, -23.673617 ], [ -46.787485, -23.673555 ], [ -46.787196, -23.673576 ], [ -46.787099, -23.673371 ], [ -46.787027, -23.673347 ], [ -46.78706, -23.673266 ], [ -46.786992, -23.672989 ], [ -46.786659, -23.672293 ], [ -46.785964, -23.672572 ] ] ] } },
{ "type": "Feature", "properties": { "CD_SETOR": "355030819000505", "faces": 6, "pavimentada": 100.0, "bueiro": 33.33, "iluminacao": 100.0, "onibus": 50.0, "ciclovia": 0.0, "calcada": 100.0, "obstaculo": 100.0, "rampa": 0.0, "rampa_faces": 0.0, "sem_calcada": 0.0, "sem_arvore": 33.33, "muitas_arvores": 0.0, "vao": 100.0, "V05400": 6, "V05421": 6, "V05406": 6, "V05412": 6, "V05422": 0, "V05424": 6, "V05427": 0, "V05409": 2, "V05415": 3, "V05418": 0, "V05430": 2, "V05433": 0, "criancas_0a4": 17, "em_favela": false }, "geometry": { "type": "Polygon", "coordinates": [ [ [ -46.785069, -23.661327 ], [ -46.786198, -23.661348 ], [ -46.787031, -23.661183 ], [ -46.787219, -23.661191 ], [ -46.787164, -23.660142 ], [ -46.785459, -23.65997 ], [ -46.785069, -23.661327 ] ] ] } },
{ "type": "Feature", "properties": { "CD_SETOR": "355030819000506", "faces": 12, "pavimentada": 100.0, "bueiro": 33.33, "iluminacao": 100.0, "onibus": 8.33, "ciclovia": 0.0, "calcada": 75.0, "obstaculo": 100.0, "rampa": 0.0, "rampa_faces": 0.0, "sem_calcada": 25.0, "sem_arvore": 33.33, "muitas_arvores": 33.33, "vao": 100.0, "V05400": 12, "V05421": 9, "V05406": 12, "V05412": 12, "V05422": 3, "V05424": 9, "V05427": 0, "V05409": 4, "V05415": 1, "V05418": 0, "V05430": 4, "V05433": 4, "criancas_0a4": 19, "em_favela": false }, "geometry": { "type": "Polygon", "coordinates": [ [ [ -46.782251, -23.678832 ], [ -46.782363, -23.678898 ], [ -46.781789, -23.679582 ], [ -46.781796, -23.679658 ], [ -46.781867, -23.679821 ], [ -46.782573, -23.680135 ], [ -46.782754, -23.680324 ], [ -46.783338, -23.67948 ], [ -46.782928, -23.679222 ], [ -46.783176, -23.678862 ], [ -46.782504, -23.678472 ], [ -46.782251, -23.678832 ] ] ] } },
{ "type": "Feature", "properties": { "CD_SETOR": "355030819000507", "faces": 10, "pavimentada": 100.0, "bueiro": 10.0, "iluminacao": 100.0, "onibus": 50.0, "ciclovia": 0.0, "calcada": 100.0, "obstaculo": 80.0, "rampa": 0.0, "rampa_faces": 0.0, "sem_calcada": 0.0, "sem_arvore": 40.0, "muitas_arvores": 0.0, "vao": 100.0, "V05400": 10, "V05421": 10, "V05406": 10, "V05412": 10, "V05422": 0, "V05424": 8, "V05427": 0, "V05409": 1, "V05415": 5, "V05418": 0, "V05430": 4, "V05433": 0, "criancas_0a4": 24, "em_favela": false }, "geometry": { "type": "Polygon", "coordinates": [ [ [ -46.781867, -23.679821 ], [ -46.780444, -23.680292 ], [ -46.781136, -23.680803 ], [ -46.781219, -23.681865 ], [ -46.781805, -23.681878 ], [ -46.781838, -23.681572 ], [ -46.782214, -23.681382 ], [ -46.782285, -23.681281 ], [ -46.782169, -23.680778 ], [ -46.782252, -23.680519 ], [ -46.782412, -23.68038 ], [ -46.782754, -23.680324 ], [ -46.782573, -23.680135 ], [ -46.781867, -23.679821 ] ] ] } },
{ "type": "Feature", "properties": { "CD_SETOR": "355030819000508", "faces": 7, "pavimentada": 100.0, "bueiro": 0.0, "iluminacao": 100.0, "onibus": 14.29, "ciclovia": 0.0, "calcada": 71.43, "obstaculo": 100.0, "rampa": 0.0, "rampa_faces": 0.0, "sem_calcada": 28.57, "sem_arvore": 42.86, "muitas_arvores": 28.57, "vao": 100.0, "V05400": 7, "V05421": 5, "V05406": 7, "V05412": 7, "V05422": 2, "V05424": 5, "V05427": 0, "V05409": 0, "V05415": 1, "V05418": 0, "V05430": 3, "V05433": 2, "criancas_0a4": 20, "em_favela": false }, "geometry": { "type": "Polygon", "coordinates": [ [ [ -46.788856, -23.659344 ], [ -46.788405, -23.660413 ], [ -46.788439, -23.660742 ], [ -46.78857, -23.660807 ], [ -46.788823, -23.660672 ], [ -46.788804, -23.660499 ], [ -46.788884, -23.660336 ], [ -46.789151, -23.660352 ], [ -46.789273, -23.660184 ], [ -46.789512, -23.660325 ], [ -46.790007, -23.659715 ], [ -46.790105, -23.659437 ], [ -46.789548, -23.659249 ], [ -46.789423, -23.659549 ], [ -46.788856, -23.659344 ] ] ] } },
{ "type": "Feature", "properties": { "CD_SETOR": "355030819000509", "faces": 4, "pavimentada": 100.0, "bueiro": 0.0, "iluminacao": 100.0, "onibus": 25.0, "ciclovia": 0.0, "calcada": 100.0, "obstaculo": 50.0, "rampa": 0.0, "rampa_faces": 0.0, "sem_calcada": 0.0, "sem_arvore": 50.0, "muitas_arvores": 0.0, "vao": 100.0, "V05400": 4, "V05421": 4, "V05406": 4, "V05412": 4, "V05422": 0, "V05424": 2, "V05427": 0, "V05409": 0, "V05415": 1, "V05418": 0, "V05430": 2, "V05433": 0, "criancas_0a4": 10, "em_favela": false }, "geometry": { "type": "Polygon", "coordinates": [ [ [ -46.787924, -23.658836 ], [ -46.788134, -23.659485 ], [ -46.788405, -23.660413 ], [ -46.788777, -23.659544 ], [ -46.788408, -23.658585 ], [ -46.787924, -23.658836 ] ] ] } },
{ "type": "Feature", "properties": { "CD_SETOR": "355030819000510", "faces": 6, "pavimentada": 100.0, "bueiro": 33.33, "iluminacao": 100.0, "onibus": 0.0, "ciclovia": 0.0, "calcada": 100.0, "obstaculo": 83.33, "rampa": 0.0, "rampa_faces": 0.0, "sem_calcada": 0.0, "sem_arvore": 50.0, "muitas_arvores": 16.67, "vao": 100.0, "V05400": 6, "V05421": 6, "V05406": 6, "V05412": 6, "V05422": 0, "V05424": 5, "V05427": 0, "V05409": 2, "V05415": 0, "V05418": 0, "V05430": 3, "V05433": 1, "criancas_0a4": 25, "em_favela": false }, "geometry": { "type": "Polygon", "coordinates": [ [ [ -46.780774, -23.686407 ], [ -46.781109, -23.687037 ], [ -46.781832, -23.68611 ], [ -46.781862, -23.685974 ], [ -46.781763, -23.685866 ], [ -46.780259, -23.684876 ], [ -46.780319, -23.685475 ], [ -46.780404, -23.68573 ], [ -46.780592, -23.685798 ], [ -46.781168, -23.686218 ], [ -46.780774, -23.686407 ] ] ] } },
{ "type": "Feature", "properties": { "CD_SETOR": "355030819000511", "faces": 4, "pavimentada": 100.0, "bueiro": 75.0, "iluminacao": 100.0, "onibus": 0.0, "ciclovia": 0.0, "calcada": 100.0, "obstaculo": 100.0, "rampa": 0.0, "rampa_faces": 0.0, "sem_calcada": 0.0, "sem_arvore": 0.0, "muitas_arvores": 0.0, "vao": 100.0, "V05400": 4, "V05421": 4, "V05406": 4, "V05412": 4, "V05422": 0, "V05424": 4, "V05427": 0, "V05409": 3, "V05415": 0, "V05418": 0, "V05430": 0, "V05433": 0, "criancas_0a4": 23, "em_favela": false }, "geometry": { "type": "Polygon", "coordinates": [ [ [ -46.782558, -23.686179 ], [ -46.781864, -23.686003 ], [ -46.781832, -23.68611 ], [ -46.781109, -23.687037 ], [ -46.78114, -23.687101 ], [ -46.782296, -23.6878 ], [ -46.782548, -23.68779 ], [ -46.782727, -23.687707 ], [ -46.782842, -23.687612 ], [ -46.782848, -23.687473 ], [ -46.78201, -23.686895 ], [ -46.782027, -23.686821 ], [ -46.782558, -23.686179 ] ] ] } },
{ "type": "Feature", "properties": { "CD_SETOR": "355030819000512", "faces": 9, "pavimentada": 100.0, "bueiro": 55.56, "iluminacao": 100.0, "onibus": 55.56, "ciclovia": 0.0, "calcada": 77.78, "obstaculo": 85.71, "rampa": 14.29, "rampa_faces": 11.11, "sem_calcada": 22.22, "sem_arvore": 11.11, "muitas_arvores": 77.78, "vao": 88.89, "V05400": 9, "V05421": 7, "V05406": 9, "V05412": 9, "V05422": 2, "V05424": 6, "V05427": 1, "V05409": 5, "V05415": 5, "V05418": 0, "V05430": 1, "V05433": 7, "criancas_0a4": 50, "em_favela": false }, "geometry": { "type": "Polygon", "coordinates": [ [ [ -46.792995, -23.677707 ], [ -46.79407, -23.678737 ], [ -46.794717, -23.679123 ], [ -46.795291, -23.680027 ], [ -46.79541, -23.680348 ], [ -46.795297, -23.680561 ], [ -46.795051, -23.680651 ], [ -46.793039, -23.680281 ], [ -46.792924, -23.680637 ], [ -46.792926, -23.680884 ], [ -46.793157, -23.680866 ], [ -46.793425, -23.680928 ], [ -46.793838, -23.681187 ], [ -46.794691, -23.681421 ], [ -46.794971, -23.681558 ], [ -46.795266, -23.681907 ], [ -46.795545, -23.682682 ], [ -46.796143, -23.682349 ], [ -46.796845, -23.681859 ], [ -46.796507, -23.681404 ], [ -46.796263, -23.680959 ], [ -46.79615, -23.680586 ], [ -46.796064, -23.679994 ], [ -46.795658, -23.679308 ], [ -46.794829, -23.678603 ], [ -46.79319, -23.677062 ], [ -46.793105, -23.677218 ], [ -46.792995, -23.677707 ] ] ] } },
{ "type": "Feature", "properties": { "CD_SETOR": "355030819000513", "faces": 15, "pavimentada": 93.33, "bueiro": 60.0, "iluminacao": 100.0, "onibus": 20.0, "ciclovia": 0.0, "calcada": 93.33, "obstaculo": 78.57, "rampa": 0.0, "rampa_faces": 0.0, "sem_calcada": 6.67, "sem_arvore": 33.33, "muitas_arvores": 46.67, "vao": 93.33, "V05400": 15, "V05421": 14, "V05406": 14, "V05412": 15, "V05422": 1, "V05424": 11, "V05427": 0, "V05409": 9, "V05415": 3, "V05418": 0, "V05430": 5, "V05433": 7, "criancas_0a4": 31, "em_favela": false }, "geometry": { "type": "Polygon", "coordinates": [ [ [ -46.791661, -23.679412 ], [ -46.791493, -23.679613 ], [ -46.791519, -23.679772 ], [ -46.791038, -23.681187 ], [ -46.791228, -23.681198 ], [ -46.791563, -23.681118 ], [ -46.791781, -23.681171 ], [ -46.791815, -23.681236 ], [ -46.791786, -23.681262 ], [ -46.792036, -23.681385 ], [ -46.79236, -23.681302 ], [ -46.792737, -23.680976 ], [ -46.792926, -23.680884 ], [ -46.792924, -23.680637 ], [ -46.793039, -23.680281 ], [ -46.792435, -23.680156 ], [ -46.792677, -23.679089 ], [ -46.791885, -23.678806 ], [ -46.791661, -23.679412 ] ] ] } },
{ "type": "Feature", "properties": { "CD_SETOR": "355030819000514", "faces": 11, "pavimentada": 100.0, "bueiro": 9.09, "iluminacao": 100.0, "onibus": 0.0, "ciclovia": 18.18, "calcada": 90.91, "obstaculo": 100.0, "rampa": 10.0, "rampa_faces": 9.09, "sem_calcada": 9.09, "sem_arvore": 72.73, "muitas_arvores": 9.09, "vao": 90.91, "V05400": 11, "V05421": 10, "V05406": 11, "V05412": 11, "V05422": 1, "V05424": 10, "V05427": 1, "V05409": 1, "V05415": 0, "V05418": 2, "V05430": 8, "V05433": 1, "criancas_0a4": 3, "em_favela": false }, "geometry": { "type": "Polygon", "coordinates": [ [ [ -46.790792, -23.657547 ], [ -46.791527, -23.658192 ], [ -46.792203, -23.657751 ], [ -46.79223, -23.658128 ], [ -46.792701, -23.65814 ], [ -46.792659, -23.657452 ], [ -46.7922, -23.65739 ], [ -46.791991, -23.656794 ], [ -46.790792, -23.657547 ] ] ] } },
{ "type": "Feature", "properties": { "CD_SETOR": "355030819000515", "faces": 8, "pavimentada": 100.0, "bueiro": 37.5, "iluminacao": 100.0, "onibus": 0.0, "ciclovia": 0.0, "calcada": 75.0, "obstaculo": 66.67, "rampa": 0.0, "rampa_faces": 0.0, "sem_calcada": 25.0, "sem_arvore": 50.0, "muitas_arvores": 12.5, "vao": 100.0, "V05400": 8, "V05421": 6, "V05406": 8, "V05412": 8, "V05422": 2, "V05424": 4, "V05427": 0, "V05409": 3, "V05415": 0, "V05418": 0, "V05430": 4, "V05433": 1, "criancas_0a4": 25, "em_favela": false }, "geometry": { "type": "Polygon", "coordinates": [ [ [ -46.791527, -23.658192 ], [ -46.792179, -23.658763 ], [ -46.792261, -23.658777 ], [ -46.792532, -23.658672 ], [ -46.792612, -23.658958 ], [ -46.793097, -23.658828 ], [ -46.793192, -23.658723 ], [ -46.793158, -23.657967 ], [ -46.792664, -23.657554 ], [ -46.792701, -23.65814 ], [ -46.79223, -23.658128 ], [ -46.792203, -23.657751 ], [ -46.791527, -23.658192 ] ] ] } },
{ "type": "Feature", "properties": { "CD_SETOR": "355030819000516", "faces": 8, "pavimentada": 100.0, "bueiro": 100.0, "iluminacao": 100.0, "onibus": 37.5, "ciclovia": 0.0, "calcada": 100.0, "obstaculo": 37.5, "rampa": 0.0, "rampa_faces": 0.0, "sem_calcada": 0.0, "sem_arvore": 25.0, "muitas_arvores": 50.0, "vao": 100.0, "V05400": 8, "V05421": 8, "V05406": 8, "V05412": 8, "V05422": 0, "V05424": 3, "V05427": 0, "V05409": 8, "V05415": 3, "V05418": 0, "V05430": 2, "V05433": 4, "criancas_0a4": 30, "em_favela": false }, "geometry": { "type": "Polygon", "coordinates": [ [ [ -46.789566, -23.653865 ], [ -46.789369, -23.654049 ], [ -46.789368, -23.654232 ], [ -46.790173, -23.654597 ], [ -46.790285, -23.654738 ], [ -46.79038, -23.655068 ], [ -46.791354, -23.654871 ], [ -46.791054, -23.653964 ], [ -46.790552, -23.653708 ], [ -46.78985, -23.653893 ], [ -46.789566, -23.653865 ] ] ] } },
{ "type": "Feature", "properties": { "CD_SETOR": "355030819000517", "faces": 10, "pavimentada": 100.0, "bueiro": 20.0, "iluminacao": 100.0, "onibus": 0.0, "ciclovia": 0.0, "calcada": 90.0, "obstaculo": 88.89, "rampa": 0.0, "rampa_faces": 0.0, "sem_calcada": 10.0, "sem_arvore": 40.0, "muitas_arvores": 0.0, "vao": 100.0, "V05400": 10, "V05421": 9, "V05406": 10, "V05412": 10, "V05422": 1, "V05424": 8, "V05427": 0, "V05409": 2, "V05415": 0, "V05418": 0, "V05430": 4, "V05433": 0, "criancas_0a4": 23, "em_favela": false }, "geometry": { "type": "Polygon", "coordinates": [ [ [ -46.790329, -23.654915 ], [ -46.789193, -23.655756 ], [ -46.789944, -23.656334 ], [ -46.790726, -23.655814 ], [ -46.790957, -23.655638 ], [ -46.79103, -23.655524 ], [ -46.790869, -23.654942 ], [ -46.79038, -23.655068 ], [ -46.790329, -23.654915 ] ] ] } },
{ "type": "Feature", "properties": { "CD_SETOR": "355030819000518", "faces": 2, "pavimentada": 100.0, "bueiro": 0.0, "iluminacao": 100.0, "onibus": 50.0, "ciclovia": 0.0, "calcada": 100.0, "obstaculo": 100.0, "rampa": 0.0, "rampa_faces": 0.0, "sem_calcada": 0.0, "sem_arvore": 0.0, "muitas_arvores": 50.0, "vao": 100.0, "V05400": 2, "V05421": 2, "V05406": 2, "V05412": 2, "V05422": 0, "V05424": 2, "V05427": 0, "V05409": 0, "V05415": 1, "V05418": 0, "V05430": 0, "V05433": 1, "criancas_0a4": 6, "em_favela": false }, "geometry": { "type": "Polygon", "coordinates": [ [ [ -46.790555, -23.6517 ], [ -46.788489, -23.652473 ], [ -46.78843, -23.652618 ], [ -46.788532, -23.652957 ], [ -46.790981, -23.651972 ], [ -46.790641, -23.651713 ], [ -46.790555, -23.6517 ] ] ] } },
{ "type": "Feature", "properties": { "CD_SETOR": "355030819000519", "faces": 12, "pavimentada": 100.0, "bueiro": 58.33, "iluminacao": 100.0, "onibus": 33.33, "ciclovia": 0.0, "calcada": 91.67, "obstaculo": 90.91, "rampa": 18.18, "rampa_faces": 16.67, "sem_calcada": 8.33, "sem_arvore": 58.33, "muitas_arvores": 16.67, "vao": 83.33, "V05400": 12, "V05421": 11, "V05406": 12, "V05412": 12, "V05422": 1, "V05424": 10, "V05427": 2, "V05409": 7, "V05415": 4, "V05418": 0, "V05430": 7, "V05433": 2, "criancas_0a4": 41, "em_favela": false }, "geometry": { "type": "Polygon", "coordinates": [ [ [ -46.788532, -23.652957 ], [ -46.788853, -23.652956 ], [ -46.789406, -23.653076 ], [ -46.789595, -23.65344 ], [ -46.789603, -23.653782 ], [ -46.789566, -23.653865 ], [ -46.78985, -23.653893 ], [ -46.790552, -23.653708 ], [ -46.791054, -23.653964 ], [ -46.791354, -23.654871 ], [ -46.791831, -23.654759 ], [ -46.790981, -23.651972 ], [ -46.788532, -23.652957 ] ] ] } },
{ "type": "Feature", "properties": { "CD_SETOR": "355030819000520", "faces": 16, "pavimentada": 100.0, "bueiro": 31.25, "iluminacao": 100.0, "onibus": 0.0, "ciclovia": 0.0, "calcada": 87.5, "obstaculo": 100.0, "rampa": 0.0, "rampa_faces": 0.0, "sem_calcada": 12.5, "sem_arvore": 68.75, "muitas_arvores": 0.0, "vao": 100.0, "V05400": 16, "V05421": 14, "V05406": 16, "V05412": 16, "V05422": 2, "V05424": 14, "V05427": 0, "V05409": 5, "V05415": 0, "V05418": 0, "V05430": 11, "V05433": 0, "criancas_0a4": 21, "em_favela": false }, "geometry": { "type": "Polygon", "coordinates": [ [ [ -46.754703, -23.652062 ], [ -46.754641, -23.652196 ], [ -46.754639, -23.652363 ], [ -46.755123, -23.653667 ], [ -46.755295, -23.653692 ], [ -46.755488, -23.654016 ], [ -46.756114, -23.653779 ], [ -46.75616, -23.653737 ], [ -46.755913, -23.653446 ], [ -46.755848, -23.653287 ], [ -46.756497, -23.652821 ], [ -46.756153, -23.652437 ], [ -46.75546, -23.652935 ], [ -46.755121, -23.652548 ], [ -46.755817, -23.652049 ], [ -46.755452, -23.651647 ], [ -46.754759, -23.652126 ], [ -46.754703, -23.652062 ] ] ] } },
{ "type": "Feature", "properties": { "CD_SETOR": "355030819000521", "faces": 12, "pavimentada": 100.0, "bueiro": 0.0, "iluminacao": 100.0, "onibus": 0.0, "ciclovia": 8.33, "calcada": 100.0, "obstaculo": 75.0, "rampa": 0.0, "rampa_faces": 0.0, "sem_calcada": 0.0, "sem_arvore": 75.0, "muitas_arvores": 0.0, "vao": 100.0, "V05400": 12, "V05421": 12, "V05406": 12, "V05412": 12, "V05422": 0, "V05424": 9, "V05427": 0, "V05409": 0, "V05415": 0, "V05418": 1, "V05430": 9, "V05433": 0, "criancas_0a4": 17, "em_favela": false }, "geometry": { "type": "Polygon", "coordinates": [ [ [ -46.756502, -23.651562 ], [ -46.755121, -23.652548 ], [ -46.75546, -23.652935 ], [ -46.756153, -23.652437 ], [ -46.756497, -23.652821 ], [ -46.757189, -23.652334 ], [ -46.756502, -23.651562 ] ] ] } },
{ "type": "Feature", "properties": { "CD_SETOR": "355030819000522", "faces": 10, "pavimentada": 100.0, "bueiro": 30.0, "iluminacao": 100.0, "onibus": 40.0, "ciclovia": 0.0, "calcada": 100.0, "obstaculo": 100.0, "rampa": 0.0, "rampa_faces": 0.0, "sem_calcada": 0.0, "sem_arvore": 0.0, "muitas_arvores": 50.0, "vao": 100.0, "V05400": 10, "V05421": 10, "V05406": 10, "V05412": 10, "V05422": 0, "V05424": 10, "V05427": 0, "V05409": 3, "V05415": 4, "V05418": 0, "V05430": 0, "V05433": 5, "criancas_0a4": 36, "em_favela": false }, "geometry": { "type": "Polygon", "coordinates": [ [ [ -46.795544, -23.679191 ], [ -46.795658, -23.679308 ], [ -46.796088, -23.679275 ], [ -46.796604, -23.679363 ], [ -46.796157, -23.678709 ], [ -46.796132, -23.678547 ], [ -46.796177, -23.678358 ], [ -46.797554, -23.677291 ], [ -46.79746, -23.67716 ], [ -46.797181, -23.676944 ], [ -46.796281, -23.676921 ], [ -46.796114, -23.67685 ], [ -46.796111, -23.676718 ], [ -46.796551, -23.676373 ], [ -46.796859, -23.675986 ], [ -46.796909, -23.675796 ], [ -46.796875, -23.675683 ], [ -46.796416, -23.675093 ], [ -46.796063, -23.674863 ], [ -46.795725, -23.675307 ], [ -46.796056, -23.675528 ], [ -46.796141, -23.675847 ], [ -46.796093, -23.675984 ], [ -46.795593, -23.676668 ], [ -46.795607, -23.677142 ], [ -46.795908, -23.677682 ], [ -46.795544, -23.679191 ] ] ] } },
{ "type": "Feature", "properties": { "CD_SETOR": "355030819000523", "faces": 9, "pavimentada": 100.0, "bueiro": 77.78, "iluminacao": 100.0, "onibus": 66.67, "ciclovia": 0.0, "calcada": 100.0, "obstaculo": 100.0, "rampa": 0.0, "rampa_faces": 0.0, "sem_calcada": 0.0, "sem_arvore": 0.0, "muitas_arvores": 77.78, "vao": 100.0, "V05400": 9, "V05421": 9, "V05406": 9, "V05412": 9, "V05422": 0, "V05424": 9, "V05427": 0, "V05409": 7, "V05415": 6, "V05418": 0, "V05430": 0, "V05433": 7, "criancas_0a4": 32, "em_favela": false }, "geometry": { "type": "Polygon", "coordinates": [ [ [ -46.797709, -23.677137 ], [ -46.796177, -23.678358 ], [ -46.796132, -23.678547 ], [ -46.796157, -23.678709 ], [ -46.796604, -23.679363 ], [ -46.796843, -23.67926 ], [ -46.798011, -23.678165 ], [ -46.798364, -23.677707 ], [ -46.798732, -23.677078 ], [ -46.797824, -23.675925 ], [ -46.797844, -23.676832 ], [ -46.797709, -23.677137 ] ] ] } },
{ "type": "Feature", "properties": { "CD_SETOR": "355030819000524", "faces": 4, "pavimentada": 100.0, "bueiro": 25.0, "iluminacao": 100.0, "onibus": 50.0, "ciclovia": 0.0, "calcada": 50.0, "obstaculo": 100.0, "rampa": 0.0, "rampa_faces": 0.0, "sem_calcada": 50.0, "sem_arvore": 50.0, "muitas_arvores": 25.0, "vao": 100.0, "V05400": 4, "V05421": 2, "V05406": 4, "V05412": 4, "V05422": 2, "V05424": 2, "V05427": 0, "V05409": 1, "V05415": 2, "V05418": 0, "V05430": 2, "V05433": 1, "criancas_0a4": 35, "em_favela": false }, "geometry": { "type": "Polygon", "coordinates": [ [ [ -46.792709, -23.68838 ], [ -46.791803, -23.688715 ], [ -46.792662, -23.689501 ], [ -46.793577, -23.690007 ], [ -46.793862, -23.690465 ], [ -46.795123, -23.68994 ], [ -46.794703, -23.689459 ], [ -46.794084, -23.689084 ], [ -46.793005, -23.688587 ], [ -46.792709, -23.68838 ] ] ] } },
{ "type": "Feature", "properties": { "CD_SETOR": "355030819000525", "faces": 14, "pavimentada": 85.71, "bueiro": 42.86, "iluminacao": 78.57, "onibus": 14.29, "ciclovia": 0.0, "calcada": 57.14, "obstaculo": 100.0, "rampa": 0.0, "rampa_faces": 0.0, "sem_calcada": 42.86, "sem_arvore": 64.29, "muitas_arvores": 14.29, "vao": 85.71, "V05400": 14, "V05421": 8, "V05406": 12, "V05412": 11, "V05422": 6, "V05424": 8, "V05427": 0, "V05409": 6, "V05415": 2, "V05418": 0, "V05430": 9, "V05433": 2, "criancas_0a4": 60, "em_favela": false }, "geometry": { "type": "Polygon", "coordinates": [ [ [ -46.790507, -23.688301 ], [ -46.790377, -23.688802 ], [ -46.791125, -23.689368 ], [ -46.791167, -23.689444 ], [ -46.791076, -23.689496 ], [ -46.790523, -23.689574 ], [ -46.790462, -23.689638 ], [ -46.79114, -23.689811 ], [ -46.791042, -23.690269 ], [ -46.79121, -23.690235 ], [ -46.793013, -23.690858 ], [ -46.793188, -23.690807 ], [ -46.793736, -23.690266 ], [ -46.793577, -23.690007 ], [ -46.792662, -23.689501 ], [ -46.79148, -23.688418 ], [ -46.791344, -23.688817 ], [ -46.790638, -23.688285 ], [ -46.790507, -23.688301 ] ] ] } },
{ "type": "Feature", "properties": { "CD_SETOR": "355030819000526", "faces": 4, "pavimentada": 100.0, "bueiro": 100.0, "iluminacao": 100.0, "onibus": 0.0, "ciclovia": 0.0, "calcada": 75.0, "obstaculo": 100.0, "rampa": 0.0, "rampa_faces": 0.0, "sem_calcada": 25.0, "sem_arvore": 25.0, "muitas_arvores": 0.0, "vao": 100.0, "V05400": 4, "V05421": 3, "V05406": 4, "V05412": 4, "V05422": 1, "V05424": 3, "V05427": 0, "V05409": 4, "V05415": 0, "V05418": 0, "V05430": 1, "V05433": 0, "criancas_0a4": 36, "em_favela": false }, "geometry": { "type": "Polygon", "coordinates": [ [ [ -46.796552, -23.688077 ], [ -46.79642, -23.69074 ], [ -46.797111, -23.690951 ], [ -46.797418, -23.689827 ], [ -46.797673, -23.689275 ], [ -46.796721, -23.687994 ], [ -46.796616, -23.687931 ], [ -46.796552, -23.688077 ] ] ] } },
{ "type": "Feature", "properties": { "CD_SETOR": "355030819000527", "faces": 5, "pavimentada": 100.0, "bueiro": 0.0, "iluminacao": 100.0, "onibus": 20.0, "ciclovia": 0.0, "calcada": 60.0, "obstaculo": 100.0, "rampa": 0.0, "rampa_faces": 0.0, "sem_calcada": 40.0, "sem_arvore": 40.0, "muitas_arvores": 40.0, "vao": 100.0, "V05400": 5, "V05421": 3, "V05406": 5, "V05412": 5, "V05422": 2, "V05424": 3, "V05427": 0, "V05409": 0, "V05415": 1, "V05418": 0, "V05430": 2, "V05433": 2, "criancas_0a4": 37, "em_favela": false }, "geometry": { "type": "Polygon", "coordinates": [ [ [ -46.79581, -23.689211 ], [ -46.795405, -23.690447 ], [ -46.795519, -23.690808 ], [ -46.795534, -23.691156 ], [ -46.79539, -23.691751 ], [ -46.796086, -23.691954 ], [ -46.796302, -23.691407 ], [ -46.796408, -23.690911 ], [ -46.796509, -23.688838 ], [ -46.795893, -23.688817 ], [ -46.79581, -23.689211 ] ] ] } },
{ "type": "Feature", "properties": { "CD_SETOR": "355030819000528", "faces": 14, "pavimentada": 100.0, "bueiro": 71.43, "iluminacao": 100.0, "onibus": 0.0, "ciclovia": 0.0, "calcada": 100.0, "obstaculo": 100.0, "rampa": 0.0, "rampa_faces": 0.0, "sem_calcada": 0.0, "sem_arvore": 50.0, "muitas_arvores": 7.14, "vao": 100.0, "V05400": 14, "V05421": 14, "V05406": 14, "V05412": 14, "V05422": 0, "V05424": 14, "V05427": 0, "V05409": 10, "V05415": 0, "V05418": 0, "V05430": 7, "V05433": 1, "criancas_0a4": 30, "em_favela": false }, "geometry": { "type": "Polygon", "coordinates": [ [ [ -46.78526, -23.675793 ], [ -46.785512, -23.676267 ], [ -46.785973, -23.676859 ], [ -46.786109, -23.677274 ], [ -46.787149, -23.677265 ], [ -46.786969, -23.677094 ], [ -46.786859, -23.676908 ], [ -46.78673, -23.676509 ], [ -46.786684, -23.676249 ], [ -46.786794, -23.676002 ], [ -46.786314, -23.675951 ], [ -46.786096, -23.676007 ], [ -46.785755, -23.675379 ], [ -46.78526, -23.675793 ] ] ] } },
{ "type": "Feature", "properties": { "CD_SETOR": "355030819000529", "faces": 18, "pavimentada": 100.0, "bueiro": 66.67, "iluminacao": 100.0, "onibus": 5.56, "ciclovia": 0.0, "calcada": 88.89, "obstaculo": 93.75, "rampa": 0.0, "rampa_faces": 0.0, "sem_calcada": 11.11, "sem_arvore": 27.78, "muitas_arvores": 5.56, "vao": 100.0, "V05400": 18, "V05421": 16, "V05406": 18, "V05412": 18, "V05422": 2, "V05424": 15, "V05427": 0, "V05409": 12, "V05415": 1, "V05418": 0, "V05430": 5, "V05433": 1, "criancas_0a4": 29, "em_favela": false }, "geometry": { "type": "Polygon", "coordinates": [ [ [ -46.786794, -23.676002 ], [ -46.78672, -23.676114 ], [ -46.786684, -23.676319 ], [ -46.786832, -23.676836 ], [ -46.786969, -23.677094 ], [ -46.78721, -23.677315 ], [ -46.787649, -23.677496 ], [ -46.789126, -23.677524 ], [ -46.78909, -23.677188 ], [ -46.788818, -23.677095 ], [ -46.787366, -23.675926 ], [ -46.787024, -23.675879 ], [ -46.786794, -23.676002 ] ] ] } },
{ "type": "Feature", "properties": { "CD_SETOR": "355030819000530", "faces": 18, "pavimentada": 100.0, "bueiro": 27.78, "iluminacao": 100.0, "onibus": 16.67, "ciclovia": 0.0, "calcada": 61.11, "obstaculo": 90.91, "rampa": 0.0, "rampa_faces": 0.0, "sem_calcada": 38.89, "sem_arvore": 61.11, "muitas_arvores": 5.56, "vao": 100.0, "V05400": 18, "V05421": 11, "V05406": 18, "V05412": 18, "V05422": 7, "V05424": 10, "V05427": 0, "V05409": 5, "V05415": 3, "V05418": 0, "V05430": 11, "V05433": 1, "criancas_0a4": 66, "em_favela": false }, "geometry": { "type": "Polygon", "coordinates": [ [ [ -46.788668, -23.647498 ], [ -46.78788, -23.647946 ], [ -46.78737, -23.64813 ], [ -46.787249, -23.648447 ], [ -46.786691, -23.649062 ], [ -46.787395, -23.649375 ], [ -46.788964, -23.648593 ], [ -46.789192, -23.648589 ], [ -46.789719, -23.647163 ], [ -46.789582, -23.647149 ], [ -46.78921, -23.647263 ], [ -46.788668, -23.647498 ] ] ] } },
{ "type": "Feature", "properties": { "CD_SETOR": "355030819000531", "faces": 10, "pavimentada": 90.0, "bueiro": 40.0, "iluminacao": 100.0, "onibus": 0.0, "ciclovia": 0.0, "calcada": 60.0, "obstaculo": 100.0, "rampa": 0.0, "rampa_faces": 0.0, "sem_calcada": 40.0, "sem_arvore": 40.0, "muitas_arvores": 40.0, "vao": 90.0, "V05400": 10, "V05421": 6, "V05406": 9, "V05412": 10, "V05422": 4, "V05424": 6, "V05427": 0, "V05409": 4, "V05415": 0, "V05418": 0, "V05430": 4, "V05433": 4, "criancas_0a4": 21, "em_favela": false }, "geometry": { "type": "Polygon", "coordinates": [ [ [ -46.788964, -23.648593 ], [ -46.786079, -23.650036 ], [ -46.786283, -23.650441 ], [ -46.788228, -23.649461 ], [ -46.789206, -23.648901 ], [ -46.789192, -23.648589 ], [ -46.788964, -23.648593 ] ] ] } },
{ "type": "Feature", "properties": { "CD_SETOR": "355030819000532", "faces": 2, "pavimentada": 100.0, "bueiro": 100.0, "iluminacao": 100.0, "onibus": 0.0, "ciclovia": 0.0, "calcada": 100.0, "obstaculo": 0.0, "rampa": 100.0, "rampa_faces": 100.0, "sem_calcada": 0.0, "sem_arvore": 0.0, "muitas_arvores": 100.0, "vao": 0.0, "V05400": 2, "V05421": 2, "V05406": 2, "V05412": 2, "V05422": 0, "V05424": 0, "V05427": 2, "V05409": 2, "V05415": 0, "V05418": 0, "V05430": 0, "V05433": 2, "criancas_0a4": 15, "em_favela": false }, "geometry": { "type": "Polygon", "coordinates": [ [ [ -46.754622, -23.64855 ], [ -46.753265, -23.648762 ], [ -46.752932, -23.648912 ], [ -46.753782, -23.648853 ], [ -46.754278, -23.64891 ], [ -46.754778, -23.649074 ], [ -46.755114, -23.649262 ], [ -46.755236, -23.649222 ], [ -46.755316, -23.649002 ], [ -46.755277, -23.648539 ], [ -46.754622, -23.64855 ] ] ] } },
{ "type": "Feature", "properties": { "CD_SETOR": "355030819000533", "faces": 4, "pavimentada": 100.0, "bueiro": 75.0, "iluminacao": 100.0, "onibus": 25.0, "ciclovia": 0.0, "calcada": 75.0, "obstaculo": 100.0, "rampa": 0.0, "rampa_faces": 0.0, "sem_calcada": 25.0, "sem_arvore": 0.0, "muitas_arvores": 0.0, "vao": 100.0, "V05400": 4, "V05421": 3, "V05406": 4, "V05412": 4, "V05422": 1, "V05424": 3, "V05427": 0, "V05409": 3, "V05415": 1, "V05418": 0, "V05430": 0, "V05433": 0, "criancas_0a4": 0, "em_favela": false }, "geometry": { "type": "Polygon", "coordinates": [ [ [ -46.779599, -23.66074 ], [ -46.779976, -23.661723 ], [ -46.780255, -23.661666 ], [ -46.78036, -23.661409 ], [ -46.780172, -23.660653 ], [ -46.779599, -23.66074 ] ] ] } },
{ "type": "Feature", "properties": { "CD_SETOR": "355030819000534", "faces": 6, "pavimentada": 100.0, "bueiro": 50.0, "iluminacao": 100.0, "onibus": 0.0, "ciclovia": 0.0, "calcada": 83.33, "obstaculo": 80.0, "rampa": 0.0, "rampa_faces": 0.0, "sem_calcada": 16.67, "sem_arvore": 66.67, "muitas_arvores": 0.0, "vao": 100.0, "V05400": 6, "V05421": 5, "V05406": 6, "V05412": 6, "V05422": 1, "V05424": 4, "V05427": 0, "V05409": 3, "V05415": 0, "V05418": 0, "V05430": 4, "V05433": 0, "criancas_0a4": 18, "em_favela": true }, "geometry": { "type": "Polygon", "coordinates": [ [ [ -46.790749, -23.66372 ], [ -46.790625, -23.663646 ], [ -46.790523, -23.663685 ], [ -46.790329, -23.663879 ], [ -46.789913, -23.663783 ], [ -46.789631, -23.663867 ], [ -46.789761, -23.664126 ], [ -46.790028, -23.664137 ], [ -46.790634, -23.664359 ], [ -46.790723, -23.664219 ], [ -46.792138, -23.66398 ], [ -46.792034, -23.663495 ], [ -46.7915, -23.663714 ], [ -46.791069, -23.663689 ], [ -46.790877, -23.663729 ], [ -46.790749, -23.66372 ] ] ] } },
{ "type": "Feature", "properties": { "CD_SETOR": "355030819000535", "faces": 7, "pavimentada": 100.0, "bueiro": 0.0, "iluminacao": 100.0, "onibus": 28.57, "ciclovia": 0.0, "calcada": 71.43, "obstaculo": 100.0, "rampa": 0.0, "rampa_faces": 0.0, "sem_calcada": 28.57, "sem_arvore": 28.57, "muitas_arvores": 0.0, "vao": 100.0, "V05400": 7, "V05421": 5, "V05406": 7, "V05412": 7, "V05422": 2, "V05424": 5, "V05427": 0, "V05409": 0, "V05415": 2, "V05418": 0, "V05430": 2, "V05433": 0, "criancas_0a4": 10, "em_favela": false }, "geometry": { "type": "Polygon", "coordinates": [ [ [ -46.792847, -23.663877 ], [ -46.790723, -23.664219 ], [ -46.790634, -23.664359 ], [ -46.791292, -23.66467 ], [ -46.791439, -23.664657 ], [ -46.793045, -23.66439 ], [ -46.793291, -23.664111 ], [ -46.792847, -23.663877 ] ] ] } },
{ "type": "Feature", "properties": { "CD_SETOR": "355030819000536", "faces": 20, "pavimentada": 35.0, "bueiro": 30.0, "iluminacao": 40.0, "onibus": 20.0, "ciclovia": 0.0, "calcada": 35.0, "obstaculo": 100.0, "rampa": 0.0, "rampa_faces": 0.0, "sem_calcada": 60.0, "sem_arvore": 85.0, "muitas_arvores": 10.0, "vao": 35.0, "V05400": 20, "V05421": 7, "V05406": 7, "V05412": 8, "V05422": 12, "V05424": 7, "V05427": 0, "V05409": 6, "V05415": 4, "V05418": 0, "V05430": 17, "V05433": 2, "criancas_0a4": 31, "em_favela": true }, "geometry": { "type": "Polygon", "coordinates": [ [ [ -46.777112, -23.665221 ], [ -46.777717, -23.665133 ], [ -46.778216, -23.665095 ], [ -46.778193, -23.66497 ], [ -46.777947, -23.664955 ], [ -46.77704, -23.664566 ], [ -46.777112, -23.665221 ] ] ] } },
{ "type": "Feature", "properties": { "CD_SETOR": "355030819000537", "faces": 10, "pavimentada": 100.0, "bueiro": 80.0, "iluminacao": 100.0, "onibus": 20.0, "ciclovia": 0.0, "calcada": 100.0, "obstaculo": 60.0, "rampa": 0.0, "rampa_faces": 0.0, "sem_calcada": 0.0, "sem_arvore": 70.0, "muitas_arvores": 0.0, "vao": 100.0, "V05400": 10, "V05421": 10, "V05406": 10, "V05412": 10, "V05422": 0, "V05424": 6, "V05427": 0, "V05409": 8, "V05415": 2, "V05418": 0, "V05430": 7, "V05433": 0, "criancas_0a4": 26, "em_favela": false }, "geometry": { "type": "Polygon", "coordinates": [ [ [ -46.777034, -23.664225 ], [ -46.77704, -23.664566 ], [ -46.777947, -23.664955 ], [ -46.778193, -23.66497 ], [ -46.778216, -23.665095 ], [ -46.779479, -23.665021 ], [ -46.779372, -23.664697 ], [ -46.779305, -23.664621 ], [ -46.778426, -23.66415 ], [ -46.778507, -23.66402 ], [ -46.778135, -23.663826 ], [ -46.777709, -23.664566 ], [ -46.777034, -23.664225 ] ] ] } },
{ "type": "Feature", "properties": { "CD_SETOR": "355030819000538", "faces": 6, "pavimentada": 100.0, "bueiro": 16.67, "iluminacao": 66.67, "onibus": 0.0, "ciclovia": 0.0, "calcada": 50.0, "obstaculo": 100.0, "rampa": 0.0, "rampa_faces": 0.0, "sem_calcada": 50.0, "sem_arvore": 50.0, "muitas_arvores": 50.0, "vao": 100.0, "V05400": 6, "V05421": 3, "V05406": 6, "V05412": 4, "V05422": 3, "V05424": 3, "V05427": 0, "V05409": 1, "V05415": 0, "V05418": 0, "V05430": 3, "V05433": 3, "criancas_0a4": 45, "em_favela": true }, "geometry": { "type": "Polygon", "coordinates": [ [ [ -46.77769, -23.654012 ], [ -46.777432, -23.654602 ], [ -46.777287, -23.655204 ], [ -46.777886, -23.654808 ], [ -46.778518, -23.654293 ], [ -46.778925, -23.653798 ], [ -46.779243, -23.653511 ], [ -46.77911, -23.65339 ], [ -46.778582, -23.65326 ], [ -46.778454, -23.653274 ], [ -46.77828, -23.653421 ], [ -46.778086, -23.653924 ], [ -46.77795, -23.653992 ], [ -46.77769, -23.654012 ] ] ] } },
{ "type": "Feature", "properties": { "CD_SETOR": "355030819000539", "faces": 11, "pavimentada": 100.0, "bueiro": 45.45, "iluminacao": 63.64, "onibus": 9.09, "ciclovia": 0.0, "calcada": 36.36, "obstaculo": 100.0, "rampa": 0.0, "rampa_faces": 0.0, "sem_calcada": 63.64, "sem_arvore": 63.64, "muitas_arvores": 9.09, "vao": 100.0, "V05400": 11, "V05421": 4, "V05406": 11, "V05412": 7, "V05422": 7, "V05424": 4, "V05427": 0, "V05409": 5, "V05415": 1, "V05418": 0, "V05430": 7, "V05433": 1, "criancas_0a4": 33, "em_favela": true }, "geometry": { "type": "Polygon", "coordinates": [ [ [ -46.77904, -23.653207 ], [ -46.778377, -23.652501 ], [ -46.77819, -23.652571 ], [ -46.777202, -23.653597 ], [ -46.776897, -23.654174 ], [ -46.777479, -23.654001 ], [ -46.777884, -23.654002 ], [ -46.778033, -23.65396 ], [ -46.778152, -23.653832 ], [ -46.77828, -23.653421 ], [ -46.778417, -23.653287 ], [ -46.778582, -23.65326 ], [ -46.77911, -23.65339 ], [ -46.77904, -23.653207 ] ] ] } },
{ "type": "Feature", "properties": { "CD_SETOR": "355030819000540", "faces": 8, "pavimentada": 100.0, "bueiro": 25.0, "iluminacao": 100.0, "onibus": 0.0, "ciclovia": 0.0, "calcada": 62.5, "obstaculo": 100.0, "rampa": 0.0, "rampa_faces": 0.0, "sem_calcada": 37.5, "sem_arvore": 37.5, "muitas_arvores": 12.5, "vao": 100.0, "V05400": 8, "V05421": 5, "V05406": 8, "V05412": 8, "V05422": 3, "V05424": 5, "V05427": 0, "V05409": 2, "V05415": 0, "V05418": 0, "V05430": 3, "V05433": 1, "criancas_0a4": 66, "em_favela": false }, "geometry": { "type": "Polygon", "coordinates": [ [ [ -46.780996, -23.654504 ], [ -46.780473, -23.655451 ], [ -46.780655, -23.655536 ], [ -46.781225, -23.655576 ], [ -46.782447, -23.655763 ], [ -46.782767, -23.655603 ], [ -46.782272, -23.654577 ], [ -46.781596, -23.654085 ], [ -46.781409, -23.654098 ], [ -46.781238, -23.654213 ], [ -46.780996, -23.654504 ] ] ] } },
{ "type": "Feature", "properties": { "CD_SETOR": "355030819000541", "faces": 11, "pavimentada": 100.0, "bueiro": 18.18, "iluminacao": 100.0, "onibus": 0.0, "ciclovia": 0.0, "calcada": 90.91, "obstaculo": 100.0, "rampa": 0.0, "rampa_faces": 0.0, "sem_calcada": 9.09, "sem_arvore": 63.64, "muitas_arvores": 9.09, "vao": 100.0, "V05400": 11, "V05421": 10, "V05406": 11, "V05412": 11, "V05422": 1, "V05424": 10, "V05427": 0, "V05409": 2, "V05415": 0, "V05418": 0, "V05430": 7, "V05433": 1, "criancas_0a4": 51, "em_favela": false }, "geometry": { "type": "Polygon", "coordinates": [ [ [ -46.780294, -23.656838 ], [ -46.780624, -23.657196 ], [ -46.780785, -23.657036 ], [ -46.78105, -23.656949 ], [ -46.781153, -23.656439 ], [ -46.781327, -23.656135 ], [ -46.781527, -23.656171 ], [ -46.781818, -23.656522 ], [ -46.782017, -23.656547 ], [ -46.782447, -23.655763 ], [ -46.781225, -23.655576 ], [ -46.780655, -23.655536 ], [ -46.780034, -23.655279 ], [ -46.779911, -23.655639 ], [ -46.779493, -23.655717 ], [ -46.779289, -23.655854 ], [ -46.779511, -23.656103 ], [ -46.779614, -23.656318 ], [ -46.780294, -23.656838 ] ] ] } },
{ "type": "Feature", "properties": { "CD_SETOR": "355030819000542", "faces": 5, "pavimentada": 100.0, "bueiro": 60.0, "iluminacao": 100.0, "onibus": 0.0, "ciclovia": 0.0, "calcada": 100.0, "obstaculo": 80.0, "rampa": 0.0, "rampa_faces": 0.0, "sem_calcada": 0.0, "sem_arvore": 100.0, "muitas_arvores": 0.0, "vao": 100.0, "V05400": 5, "V05421": 5, "V05406": 5, "V05412": 5, "V05422": 0, "V05424": 4, "V05427": 0, "V05409": 3, "V05415": 0, "V05418": 0, "V05430": 5, "V05433": 0, "criancas_0a4": 20, "em_favela": true }, "geometry": { "type": "Polygon", "coordinates": [ [ [ -46.794907, -23.68512 ], [ -46.794793, -23.685715 ], [ -46.795061, -23.685891 ], [ -46.795225, -23.685604 ], [ -46.796618, -23.685497 ], [ -46.796854, -23.685202 ], [ -46.796951, -23.684915 ], [ -46.796916, -23.684738 ], [ -46.796826, -23.684714 ], [ -46.796131, -23.683694 ], [ -46.796051, -23.683665 ], [ -46.796001, -23.683732 ], [ -46.796072, -23.684765 ], [ -46.795783, -23.685352 ], [ -46.795666, -23.685428 ], [ -46.795537, -23.685419 ], [ -46.795003, -23.685215 ], [ -46.794907, -23.68512 ] ] ] } },
{ "type": "Feature", "properties": { "CD_SETOR": "355030819000543", "faces": 4, "pavimentada": 100.0, "bueiro": 25.0, "iluminacao": 100.0, "onibus": 25.0, "ciclovia": 0.0, "calcada": 100.0, "obstaculo": 100.0, "rampa": 0.0, "rampa_faces": 0.0, "sem_calcada": 0.0, "sem_arvore": 0.0, "muitas_arvores": 25.0, "vao": 100.0, "V05400": 4, "V05421": 4, "V05406": 4, "V05412": 4, "V05422": 0, "V05424": 4, "V05427": 0, "V05409": 1, "V05415": 1, "V05418": 0, "V05430": 0, "V05433": 1, "criancas_0a4": 10, "em_favela": false }, "geometry": { "type": "Polygon", "coordinates": [ [ [ -46.783844, -23.650723 ], [ -46.784759, -23.652401 ], [ -46.785306, -23.653083 ], [ -46.785892, -23.652983 ], [ -46.785955, -23.653095 ], [ -46.786304, -23.652817 ], [ -46.78535, -23.651845 ], [ -46.785083, -23.651521 ], [ -46.784795, -23.651061 ], [ -46.784268, -23.650997 ], [ -46.783844, -23.650723 ] ] ] } },
{ "type": "Feature", "properties": { "CD_SETOR": "355030819000544", "faces": 2, "pavimentada": 100.0, "bueiro": 50.0, "iluminacao": 100.0, "onibus": 50.0, "ciclovia": 0.0, "calcada": 100.0, "obstaculo": 100.0, "rampa": 0.0, "rampa_faces": 0.0, "sem_calcada": 0.0, "sem_arvore": 50.0, "muitas_arvores": 0.0, "vao": 100.0, "V05400": 2, "V05421": 2, "V05406": 2, "V05412": 2, "V05422": 0, "V05424": 2, "V05427": 0, "V05409": 1, "V05415": 1, "V05418": 0, "V05430": 1, "V05433": 0, "criancas_0a4": 17, "em_favela": false }, "geometry": { "type": "Polygon", "coordinates": [ [ [ -46.785343, -23.653228 ], [ -46.785305, -23.653583 ], [ -46.784749, -23.654258 ], [ -46.784912, -23.654333 ], [ -46.785479, -23.654879 ], [ -46.786699, -23.653703 ], [ -46.786823, -23.653632 ], [ -46.786718, -23.653407 ], [ -46.786556, -23.653271 ], [ -46.786253, -23.653515 ], [ -46.785343, -23.653228 ] ] ] } },
{ "type": "Feature", "properties": { "CD_SETOR": "355030819000545", "faces": 6, "pavimentada": 100.0, "bueiro": 16.67, "iluminacao": 66.67, "onibus": 16.67, "ciclovia": 0.0, "calcada": 66.67, "obstaculo": 100.0, "rampa": 25.0, "rampa_faces": 16.67, "sem_calcada": 33.33, "sem_arvore": 50.0, "muitas_arvores": 0.0, "vao": 83.33, "V05400": 6, "V05421": 4, "V05406": 6, "V05412": 4, "V05422": 2, "V05424": 4, "V05427": 1, "V05409": 1, "V05415": 1, "V05418": 0, "V05430": 3, "V05433": 0, "criancas_0a4": 34, "em_favela": false }, "geometry": { "type": "Polygon", "coordinates": [ [ [ -46.784217, -23.654856 ], [ -46.782767, -23.655603 ], [ -46.782884, -23.655745 ], [ -46.78305, -23.655817 ], [ -46.784455, -23.656034 ], [ -46.784571, -23.655993 ], [ -46.785138, -23.655224 ], [ -46.785479, -23.654879 ], [ -46.784912, -23.654333 ], [ -46.784749, -23.654258 ], [ -46.784217, -23.654856 ] ] ] } },
{ "type": "Feature", "properties": { "CD_SETOR": "355030819000546", "faces": 39, "pavimentada": 84.62, "bueiro": 0.0, "iluminacao": 23.08, "onibus": 0.0, "ciclovia": 0.0, "calcada": 0.0, "obstaculo": null, "rampa": null, "rampa_faces": 0.0, "sem_calcada": 100.0, "sem_arvore": 97.44, "muitas_arvores": 2.56, "vao": 84.62, "V05400": 39, "V05421": 0, "V05406": 33, "V05412": 9, "V05422": 39, "V05424": 0, "V05427": 0, "V05409": 0, "V05415": 0, "V05418": 0, "V05430": 38, "V05433": 1, "criancas_0a4": 31, "em_favela": true }, "geometry": { "type": "Polygon", "coordinates": [ [ [ -46.785955, -23.653095 ], [ -46.786482, -23.653319 ], [ -46.786556, -23.653271 ], [ -46.786718, -23.653407 ], [ -46.787169, -23.65315 ], [ -46.787584, -23.65299 ], [ -46.786657, -23.652294 ], [ -46.786171, -23.652673 ], [ -46.786304, -23.652817 ], [ -46.785955, -23.653095 ] ] ] } },
{ "type": "Feature", "properties": { "CD_SETOR": "355030819000547", "faces": 3, "pavimentada": 100.0, "bueiro": 33.33, "iluminacao": 100.0, "onibus": 33.33, "ciclovia": 0.0, "calcada": 33.33, "obstaculo": 100.0, "rampa": 0.0, "rampa_faces": 0.0, "sem_calcada": 66.67, "sem_arvore": 100.0, "muitas_arvores": 0.0, "vao": 100.0, "V05400": 3, "V05421": 1, "V05406": 3, "V05412": 3, "V05422": 2, "V05424": 1, "V05427": 0, "V05409": 1, "V05415": 1, "V05418": 0, "V05430": 3, "V05433": 0, "criancas_0a4": 8, "em_favela": true }, "geometry": { "type": "Polygon", "coordinates": [ [ [ -46.785306, -23.653083 ], [ -46.785343, -23.653228 ], [ -46.786253, -23.653515 ], [ -46.786482, -23.653319 ], [ -46.785955, -23.653095 ], [ -46.785892, -23.652983 ], [ -46.785306, -23.653083 ] ] ] } },
{ "type": "Feature", "properties": { "CD_SETOR": "355030819000548", "faces": 17, "pavimentada": 100.0, "bueiro": 5.88, "iluminacao": 100.0, "onibus": 0.0, "ciclovia": 0.0, "calcada": 23.53, "obstaculo": 100.0, "rampa": 0.0, "rampa_faces": 0.0, "sem_calcada": 76.47, "sem_arvore": 100.0, "muitas_arvores": 0.0, "vao": 100.0, "V05400": 17, "V05421": 4, "V05406": 17, "V05412": 17, "V05422": 13, "V05424": 4, "V05427": 0, "V05409": 1, "V05415": 0, "V05418": 0, "V05430": 17, "V05433": 0, "criancas_0a4": 62, "em_favela": true }, "geometry": { "type": "Polygon", "coordinates": [ [ [ -46.771604, -23.65724 ], [ -46.771615, -23.656968 ], [ -46.772199, -23.656884 ], [ -46.772092, -23.656342 ], [ -46.772327, -23.65542 ], [ -46.771234, -23.655383 ], [ -46.771324, -23.656033 ], [ -46.771083, -23.657127 ], [ -46.771604, -23.65724 ] ] ] } },
{ "type": "Feature", "properties": { "CD_SETOR": "355030819000549", "faces": 16, "pavimentada": 100.0, "bueiro": 12.5, "iluminacao": 100.0, "onibus": 0.0, "ciclovia": 0.0, "calcada": 25.0, "obstaculo": 100.0, "rampa": 0.0, "rampa_faces": 0.0, "sem_calcada": 75.0, "sem_arvore": 100.0, "muitas_arvores": 0.0, "vao": 100.0, "V05400": 16, "V05421": 4, "V05406": 16, "V05412": 16, "V05422": 12, "V05424": 4, "V05427": 0, "V05409": 2, "V05415": 0, "V05418": 0, "V05430": 16, "V05433": 0, "criancas_0a4": 27, "em_favela": true }, "geometry": { "type": "Polygon", "coordinates": [ [ [ -46.771604, -23.65724 ], [ -46.771497, -23.657705 ], [ -46.771306, -23.65796 ], [ -46.771106, -23.658122 ], [ -46.771808, -23.658356 ], [ -46.772022, -23.657905 ], [ -46.772366, -23.657485 ], [ -46.772376, -23.65735 ], [ -46.772199, -23.656884 ], [ -46.771615, -23.656968 ], [ -46.771604, -23.65724 ] ] ] } },
{ "type": "Feature", "properties": { "CD_SETOR": "355030819000550", "faces": 8, "pavimentada": 100.0, "bueiro": 62.5, "iluminacao": 100.0, "onibus": 0.0, "ciclovia": 0.0, "calcada": 50.0, "obstaculo": 100.0, "rampa": 0.0, "rampa_faces": 0.0, "sem_calcada": 50.0, "sem_arvore": 75.0, "muitas_arvores": 0.0, "vao": 100.0, "V05400": 8, "V05421": 4, "V05406": 8, "V05412": 8, "V05422": 4, "V05424": 4, "V05427": 0, "V05409": 5, "V05415": 0, "V05418": 0, "V05430": 6, "V05433": 0, "criancas_0a4": 14, "em_favela": true }, "geometry": { "type": "Polygon", "coordinates": [ [ [ -46.778306, -23.656114 ], [ -46.778312, -23.656616 ], [ -46.779231, -23.656765 ], [ -46.779294, -23.656242 ], [ -46.778306, -23.656114 ] ] ] } },
{ "type": "Feature", "properties": { "CD_SETOR": "355030819000551", "faces": 22, "pavimentada": 100.0, "bueiro": 40.91, "iluminacao": 81.82, "onibus": 9.09, "ciclovia": 0.0, "calcada": 31.82, "obstaculo": 100.0, "rampa": 28.57, "rampa_faces": 9.09, "sem_calcada": 68.18, "sem_arvore": 72.73, "muitas_arvores": 13.64, "vao": 90.91, "V05400": 22, "V05421": 7, "V05406": 22, "V05412": 18, "V05422": 15, "V05424": 7, "V05427": 2, "V05409": 9, "V05415": 2, "V05418": 0, "V05430": 16, "V05433": 3, "criancas_0a4": 105, "em_favela": true }, "geometry": { "type": "Polygon", "coordinates": [ [ [ -46.777727, -23.656107 ], [ -46.776365, -23.656234 ], [ -46.776152, -23.657037 ], [ -46.77633, -23.657078 ], [ -46.777547, -23.657774 ], [ -46.777741, -23.657815 ], [ -46.777883, -23.657323 ], [ -46.778297, -23.657244 ], [ -46.778306, -23.656114 ], [ -46.777727, -23.656107 ] ] ] } },
{ "type": "Feature", "properties": { "CD_SETOR": "355030819000552", "faces": 11, "pavimentada": 100.0, "bueiro": 45.45, "iluminacao": 100.0, "onibus": 0.0, "ciclovia": 0.0, "calcada": 72.73, "obstaculo": 75.0, "rampa": 0.0, "rampa_faces": 0.0, "sem_calcada": 27.27, "sem_arvore": 90.91, "muitas_arvores": 0.0, "vao": 100.0, "V05400": 11, "V05421": 8, "V05406": 11, "V05412": 11, "V05422": 3, "V05424": 6, "V05427": 0, "V05409": 5, "V05415": 0, "V05418": 0, "V05430": 10, "V05433": 0, "criancas_0a4": 9, "em_favela": true }, "geometry": { "type": "Polygon", "coordinates": [ [ [ -46.767098, -23.675248 ], [ -46.767327, -23.675486 ], [ -46.767396, -23.676232 ], [ -46.76784, -23.676153 ], [ -46.76788, -23.675989 ], [ -46.767583, -23.675081 ], [ -46.767731, -23.675006 ], [ -46.767655, -23.674578 ], [ -46.767413, -23.674644 ], [ -46.767525, -23.674976 ], [ -46.767412, -23.675024 ], [ -46.767424, -23.675089 ], [ -46.767098, -23.675248 ] ] ] } },
{ "type": "Feature", "properties": { "CD_SETOR": "355030819000553", "faces": 16, "pavimentada": 100.0, "bueiro": 37.5, "iluminacao": 62.5, "onibus": 0.0, "ciclovia": 0.0, "calcada": 37.5, "obstaculo": 100.0, "rampa": 0.0, "rampa_faces": 0.0, "sem_calcada": 62.5, "sem_arvore": 93.75, "muitas_arvores": 0.0, "vao": 100.0, "V05400": 16, "V05421": 6, "V05406": 16, "V05412": 10, "V05422": 10, "V05424": 6, "V05427": 0, "V05409": 6, "V05415": 0, "V05418": 0, "V05430": 15, "V05433": 0, "criancas_0a4": 14, "em_favela": true }, "geometry": { "type": "Polygon", "coordinates": [ [ [ -46.767396, -23.676232 ], [ -46.767474, -23.676659 ], [ -46.767746, -23.677049 ], [ -46.767906, -23.676937 ], [ -46.768061, -23.676926 ], [ -46.768179, -23.6768 ], [ -46.768451, -23.676664 ], [ -46.767865, -23.675362 ], [ -46.767764, -23.675012 ], [ -46.767583, -23.675081 ], [ -46.76788, -23.675989 ], [ -46.76784, -23.676153 ], [ -46.767396, -23.676232 ] ] ] } },
{ "type": "Feature", "properties": { "CD_SETOR": "355030819000555", "faces": 10, "pavimentada": 90.0, "bueiro": 10.0, "iluminacao": 40.0, "onibus": 20.0, "ciclovia": 0.0, "calcada": 40.0, "obstaculo": 75.0, "rampa": 0.0, "rampa_faces": 0.0, "sem_calcada": 60.0, "sem_arvore": 70.0, "muitas_arvores": 20.0, "vao": 90.0, "V05400": 10, "V05421": 4, "V05406": 9, "V05412": 4, "V05422": 6, "V05424": 3, "V05427": 0, "V05409": 1, "V05415": 2, "V05418": 0, "V05430": 7, "V05433": 2, "criancas_0a4": 52, "em_favela": false }, "geometry": { "type": "Polygon", "coordinates": [ [ [ -46.785408, -23.654961 ], [ -46.785138, -23.655224 ], [ -46.784571, -23.655993 ], [ -46.784619, -23.6565 ], [ -46.784807, -23.65666 ], [ -46.785314, -23.656264 ], [ -46.78559, -23.655961 ], [ -46.785739, -23.655876 ], [ -46.785873, -23.655633 ], [ -46.786245, -23.65541 ], [ -46.786448, -23.655152 ], [ -46.787061, -23.65468 ], [ -46.78703, -23.654571 ], [ -46.787122, -23.654488 ], [ -46.787442, -23.654401 ], [ -46.78961, -23.653547 ], [ -46.789595, -23.65344 ], [ -46.789423, -23.653106 ], [ -46.786942, -23.654061 ], [ -46.786293, -23.654683 ], [ -46.785971, -23.655188 ], [ -46.785726, -23.655189 ], [ -46.785408, -23.654961 ] ] ] } },
{ "type": "Feature", "properties": { "CD_SETOR": "355030819000556", "faces": 7, "pavimentada": 100.0, "bueiro": 42.86, "iluminacao": 100.0, "onibus": 0.0, "ciclovia": 0.0, "calcada": 100.0, "obstaculo": 71.43, "rampa": 0.0, "rampa_faces": 0.0, "sem_calcada": 0.0, "sem_arvore": 57.14, "muitas_arvores": 0.0, "vao": 100.0, "V05400": 7, "V05421": 7, "V05406": 7, "V05412": 7, "V05422": 0, "V05424": 5, "V05427": 0, "V05409": 3, "V05415": 0, "V05418": 0, "V05430": 4, "V05433": 0, "criancas_0a4": 26, "em_favela": false }, "geometry": { "type": "Polygon", "coordinates": [ [ [ -46.787413, -23.656006 ], [ -46.78711, -23.65623 ], [ -46.787278, -23.656461 ], [ -46.787459, -23.657287 ], [ -46.787676, -23.657223 ], [ -46.788309, -23.65682 ], [ -46.788205, -23.656669 ], [ -46.78822, -23.656478 ], [ -46.788323, -23.656239 ], [ -46.788418, -23.656073 ], [ -46.788672, -23.656078 ], [ -46.788715, -23.655963 ], [ -46.788153, -23.655592 ], [ -46.787848, -23.656316 ], [ -46.787413, -23.656006 ] ] ] } },
{ "type": "Feature", "properties": { "CD_SETOR": "355030819000557", "faces": 35, "pavimentada": 0.0, "bueiro": 0.0, "iluminacao": 2.86, "onibus": 0.0, "ciclovia": 0.0, "calcada": 0.0, "obstaculo": null, "rampa": null, "rampa_faces": 0.0, "sem_calcada": 100.0, "sem_arvore": 100.0, "muitas_arvores": 0.0, "vao": 0.0, "V05400": 35, "V05421": 0, "V05406": 0, "V05412": 1, "V05422": 35, "V05424": 0, "V05427": 0, "V05409": 0, "V05415": 0, "V05418": 0, "V05430": 35, "V05433": 0, "criancas_0a4": 100, "em_favela": true }, "geometry": { "type": "Polygon", "coordinates": [ [ [ -46.785452, -23.656821 ], [ -46.785391, -23.656876 ], [ -46.78461, -23.656795 ], [ -46.78475, -23.657081 ], [ -46.784761, -23.657254 ], [ -46.785285, -23.657316 ], [ -46.785634, -23.657428 ], [ -46.78561, -23.657688 ], [ -46.785731, -23.658229 ], [ -46.785607, -23.658611 ], [ -46.785817, -23.658771 ], [ -46.786038, -23.658046 ], [ -46.78631, -23.657666 ], [ -46.787035, -23.657365 ], [ -46.787459, -23.657287 ], [ -46.787278, -23.656461 ], [ -46.78711, -23.65623 ], [ -46.78679, -23.656475 ], [ -46.786353, -23.656651 ], [ -46.785994, -23.656864 ], [ -46.785696, -23.656921 ], [ -46.785452, -23.656821 ] ] ] } },
{ "type": "Feature", "properties": { "CD_SETOR": "355030819000558", "faces": 66, "pavimentada": 0.0, "bueiro": 0.0, "iluminacao": 1.52, "onibus": 0.0, "ciclovia": 0.0, "calcada": 0.0, "obstaculo": null, "rampa": null, "rampa_faces": 0.0, "sem_calcada": 100.0, "sem_arvore": 100.0, "muitas_arvores": 0.0, "vao": 0.0, "V05400": 66, "V05421": 0, "V05406": 0, "V05412": 1, "V05422": 66, "V05424": 0, "V05427": 0, "V05409": 0, "V05415": 0, "V05418": 0, "V05430": 66, "V05433": 0, "criancas_0a4": 58, "em_favela": true }, "geometry": { "type": "Polygon", "coordinates": [ [ [ -46.785181, -23.657945 ], [ -46.785228, -23.658355 ], [ -46.78541, -23.658623 ], [ -46.785799, -23.658836 ], [ -46.785817, -23.658771 ], [ -46.785607, -23.658611 ], [ -46.785731, -23.658229 ], [ -46.78561, -23.657688 ], [ -46.785634, -23.657428 ], [ -46.785401, -23.657341 ], [ -46.784877, -23.657265 ], [ -46.78512, -23.657888 ], [ -46.785181, -23.657945 ] ] ] } },
{ "type": "Feature", "properties": { "CD_SETOR": "355030819000559", "faces": 16, "pavimentada": 100.0, "bueiro": 56.25, "iluminacao": 87.5, "onibus": 6.25, "ciclovia": 0.0, "calcada": 25.0, "obstaculo": 75.0, "rampa": 0.0, "rampa_faces": 0.0, "sem_calcada": 75.0, "sem_arvore": 75.0, "muitas_arvores": 0.0, "vao": 100.0, "V05400": 16, "V05421": 4, "V05406": 16, "V05412": 14, "V05422": 12, "V05424": 3, "V05427": 0, "V05409": 9, "V05415": 1, "V05418": 0, "V05430": 12, "V05433": 0, "criancas_0a4": 58, "em_favela": true }, "geometry": { "type": "Polygon", "coordinates": [ [ [ -46.792434, -23.667854 ], [ -46.792052, -23.668115 ], [ -46.792464, -23.66828 ], [ -46.792582, -23.668234 ], [ -46.792563, -23.668078 ], [ -46.792727, -23.66804 ], [ -46.793278, -23.668036 ], [ -46.793984, -23.668204 ], [ -46.795034, -23.668114 ], [ -46.795132, -23.667931 ], [ -46.795143, -23.667778 ], [ -46.794966, -23.667385 ], [ -46.794935, -23.667094 ], [ -46.79502, -23.666816 ], [ -46.79518, -23.666775 ], [ -46.795317, -23.666565 ], [ -46.79514, -23.66647 ], [ -46.794898, -23.666736 ], [ -46.794749, -23.667153 ], [ -46.793991, -23.666991 ], [ -46.793965, -23.66788 ], [ -46.792833, -23.667806 ], [ -46.792434, -23.667854 ] ] ] } },
{ "type": "Feature", "properties": { "CD_SETOR": "355030819000560", "faces": 1, "pavimentada": 100.0, "bueiro": 100.0, "iluminacao": 100.0, "onibus": 0.0, "ciclovia": 0.0, "calcada": 100.0, "obstaculo": 100.0, "rampa": 0.0, "rampa_faces": 0.0, "sem_calcada": 0.0, "sem_arvore": 0.0, "muitas_arvores": 0.0, "vao": 100.0, "V05400": 1, "V05421": 1, "V05406": 1, "V05412": 1, "V05422": 0, "V05424": 1, "V05427": 0, "V05409": 1, "V05415": 0, "V05418": 0, "V05430": 0, "V05433": 0, "criancas_0a4": 19, "em_favela": false }, "geometry": { "type": "Polygon", "coordinates": [ [ [ -46.792582, -23.668234 ], [ -46.792784, -23.668185 ], [ -46.793676, -23.668384 ], [ -46.79434, -23.668391 ], [ -46.795026, -23.66826 ], [ -46.795034, -23.668114 ], [ -46.793984, -23.668204 ], [ -46.793278, -23.668036 ], [ -46.792727, -23.66804 ], [ -46.792563, -23.668078 ], [ -46.792582, -23.668234 ] ] ] } },
{ "type": "Feature", "properties": { "CD_SETOR": "355030819000561", "faces": 3, "pavimentada": 100.0, "bueiro": 100.0, "iluminacao": 100.0, "onibus": 0.0, "ciclovia": 0.0, "calcada": 100.0, "obstaculo": 100.0, "rampa": 33.33, "rampa_faces": 33.33, "sem_calcada": 0.0, "sem_arvore": 0.0, "muitas_arvores": 33.33, "vao": 66.67, "V05400": 3, "V05421": 3, "V05406": 3, "V05412": 3, "V05422": 0, "V05424": 3, "V05427": 1, "V05409": 3, "V05415": 0, "V05418": 0, "V05430": 0, "V05433": 1, "criancas_0a4": 16, "em_favela": false }, "geometry": { "type": "Polygon", "coordinates": [ [ [ -46.790915, -23.669019 ], [ -46.791168, -23.668853 ], [ -46.791113, -23.668794 ], [ -46.791195, -23.668642 ], [ -46.790293, -23.668188 ], [ -46.790088, -23.668421 ], [ -46.789907, -23.668498 ], [ -46.79011, -23.668644 ], [ -46.790915, -23.669019 ] ] ] } },
{ "type": "Feature", "properties": { "CD_SETOR": "355030819000562", "faces": 29, "pavimentada": 100.0, "bueiro": 89.66, "iluminacao": 96.55, "onibus": 0.0, "ciclovia": 0.0, "calcada": 48.28, "obstaculo": 57.14, "rampa": 21.43, "rampa_faces": 10.34, "sem_calcada": 51.72, "sem_arvore": 41.38, "muitas_arvores": 27.59, "vao": 89.66, "V05400": 29, "V05421": 14, "V05406": 29, "V05412": 28, "V05422": 15, "V05424": 8, "V05427": 3, "V05409": 26, "V05415": 0, "V05418": 0, "V05430": 12, "V05433": 8, "criancas_0a4": 38, "em_favela": true }, "geometry": { "type": "Polygon", "coordinates": [ [ [ -46.789518, -23.668424 ], [ -46.789565, -23.668586 ], [ -46.789508, -23.668856 ], [ -46.790021, -23.668838 ], [ -46.790249, -23.668954 ], [ -46.790249, -23.669114 ], [ -46.790162, -23.669165 ], [ -46.790121, -23.669265 ], [ -46.790192, -23.669401 ], [ -46.790891, -23.669273 ], [ -46.790915, -23.669019 ], [ -46.79011, -23.668644 ], [ -46.789907, -23.668498 ], [ -46.790088, -23.668421 ], [ -46.790293, -23.668188 ], [ -46.791195, -23.668642 ], [ -46.791113, -23.668794 ], [ -46.791168, -23.668853 ], [ -46.79136, -23.668784 ], [ -46.791707, -23.66875 ], [ -46.792464, -23.66828 ], [ -46.792086, -23.668112 ], [ -46.791364, -23.668341 ], [ -46.791191, -23.668335 ], [ -46.789417, -23.667566 ], [ -46.789375, -23.668042 ], [ -46.789157, -23.668158 ], [ -46.789321, -23.668233 ], [ -46.789518, -23.668424 ] ] ] } },
{ "type": "Feature", "properties": { "CD_SETOR": "355030819000563", "faces": 4, "pavimentada": 100.0, "bueiro": 75.0, "iluminacao": 100.0, "onibus": 0.0, "ciclovia": 0.0, "calcada": 75.0, "obstaculo": 100.0, "rampa": 0.0, "rampa_faces": 0.0, "sem_calcada": 25.0, "sem_arvore": 75.0, "muitas_arvores": 0.0, "vao": 100.0, "V05400": 4, "V05421": 3, "V05406": 4, "V05412": 4, "V05422": 1, "V05424": 3, "V05427": 0, "V05409": 3, "V05415": 0, "V05418": 0, "V05430": 3, "V05433": 0, "criancas_0a4": 32, "em_favela": false }, "geometry": { "type": "Polygon", "coordinates": [ [ [ -46.790685, -23.664843 ], [ -46.789702, -23.665175 ], [ -46.788921, -23.665324 ], [ -46.78872, -23.66548 ], [ -46.789387, -23.665797 ], [ -46.790346, -23.665621 ], [ -46.790685, -23.665722 ], [ -46.791227, -23.665594 ], [ -46.791115, -23.665269 ], [ -46.790918, -23.665315 ], [ -46.790685, -23.664843 ] ] ] } },
{ "type": "Feature", "properties": { "CD_SETOR": "355030819000564", "faces": 8, "pavimentada": 100.0, "bueiro": 62.5, "iluminacao": 87.5, "onibus": 0.0, "ciclovia": 0.0, "calcada": 25.0, "obstaculo": 50.0, "rampa": 0.0, "rampa_faces": 0.0, "sem_calcada": 75.0, "sem_arvore": 75.0, "muitas_arvores": 0.0, "vao": 100.0, "V05400": 8, "V05421": 2, "V05406": 8, "V05412": 7, "V05422": 6, "V05424": 1, "V05427": 0, "V05409": 5, "V05415": 0, "V05418": 0, "V05430": 6, "V05433": 0, "criancas_0a4": 36, "em_favela": true }, "geometry": { "type": "Polygon", "coordinates": [ [ [ -46.791115, -23.665269 ], [ -46.791227, -23.665594 ], [ -46.792512, -23.665378 ], [ -46.793094, -23.665219 ], [ -46.793863, -23.66518 ], [ -46.794314, -23.66505 ], [ -46.794265, -23.664853 ], [ -46.793482, -23.664896 ], [ -46.791115, -23.665269 ] ] ] } },
{ "type": "Feature", "properties": { "CD_SETOR": "355030819000565", "faces": 1, "pavimentada": 100.0, "bueiro": 100.0, "iluminacao": 100.0, "onibus": 0.0, "ciclovia": 0.0, "calcada": 100.0, "obstaculo": 100.0, "rampa": 0.0, "rampa_faces": 0.0, "sem_calcada": 0.0, "sem_arvore": 0.0, "muitas_arvores": 0.0, "vao": 100.0, "V05400": 1, "V05421": 1, "V05406": 1, "V05412": 1, "V05422": 0, "V05424": 1, "V05427": 0, "V05409": 1, "V05415": 0, "V05418": 0, "V05430": 0, "V05433": 0, "criancas_0a4": 8, "em_favela": false }, "geometry": { "type": "Polygon", "coordinates": [ [ [ -46.791391, -23.659739 ], [ -46.792097, -23.659738 ], [ -46.792298, -23.659434 ], [ -46.792586, -23.659304 ], [ -46.792485, -23.659189 ], [ -46.792057, -23.659405 ], [ -46.791973, -23.659529 ], [ -46.791417, -23.6596 ], [ -46.791391, -23.659739 ] ] ] } },
{ "type": "Feature", "properties": { "CD_SETOR": "355030819000566", "faces": 11, "pavimentada": 100.0, "bueiro": 36.36, "iluminacao": 90.91, "onibus": 0.0, "ciclovia": 0.0, "calcada": 54.55, "obstaculo": 83.33, "rampa": 16.67, "rampa_faces": 9.09, "sem_calcada": 45.45, "sem_arvore": 72.73, "muitas_arvores": 0.0, "vao": 90.91, "V05400": 11, "V05421": 6, "V05406": 11, "V05412": 10, "V05422": 5, "V05424": 5, "V05427": 1, "V05409": 4, "V05415": 0, "V05418": 0, "V05430": 8, "V05433": 0, "criancas_0a4": 16, "em_favela": false }, "geometry": { "type": "Polygon", "coordinates": [ [ [ -46.789787, -23.660637 ], [ -46.790184, -23.660715 ], [ -46.790275, -23.660656 ], [ -46.790394, -23.66038 ], [ -46.790651, -23.66025 ], [ -46.790906, -23.659746 ], [ -46.790954, -23.659743 ], [ -46.790945, -23.659601 ], [ -46.790815, -23.659472 ], [ -46.790577, -23.659694 ], [ -46.790614, -23.659815 ], [ -46.790125, -23.660078 ], [ -46.789832, -23.660502 ], [ -46.789787, -23.660637 ] ] ] } },
{ "type": "Feature", "properties": { "CD_SETOR": "355030819000567", "faces": 13, "pavimentada": 100.0, "bueiro": 61.54, "iluminacao": 92.31, "onibus": 0.0, "ciclovia": 0.0, "calcada": 61.54, "obstaculo": 75.0, "rampa": 12.5, "rampa_faces": 7.69, "sem_calcada": 38.46, "sem_arvore": 38.46, "muitas_arvores": 23.08, "vao": 92.31, "V05400": 13, "V05421": 8, "V05406": 13, "V05412": 12, "V05422": 5, "V05424": 6, "V05427": 1, "V05409": 8, "V05415": 0, "V05418": 0, "V05430": 5, "V05433": 3, "criancas_0a4": 13, "em_favela": true }, "geometry": { "type": "Polygon", "coordinates": [ [ [ -46.793086, -23.658831 ], [ -46.791494, -23.659267 ], [ -46.790944, -23.659169 ], [ -46.790858, -23.659222 ], [ -46.790564, -23.659613 ], [ -46.790337, -23.659695 ], [ -46.790007, -23.659715 ], [ -46.789512, -23.660325 ], [ -46.789464, -23.660487 ], [ -46.789522, -23.66055 ], [ -46.789787, -23.660637 ], [ -46.789832, -23.660502 ], [ -46.790125, -23.660078 ], [ -46.790614, -23.659815 ], [ -46.790577, -23.659694 ], [ -46.790815, -23.659472 ], [ -46.790945, -23.659601 ], [ -46.790954, -23.659743 ], [ -46.791391, -23.659739 ], [ -46.791417, -23.6596 ], [ -46.791973, -23.659529 ], [ -46.792057, -23.659405 ], [ -46.792485, -23.659189 ], [ -46.792586, -23.659304 ], [ -46.793175, -23.659149 ], [ -46.793213, -23.659051 ], [ -46.793086, -23.658831 ] ] ] } },
{ "type": "Feature", "properties": { "CD_SETOR": "355030819000568", "faces": 9, "pavimentada": 100.0, "bueiro": 55.56, "iluminacao": 55.56, "onibus": 0.0, "ciclovia": 0.0, "calcada": 55.56, "obstaculo": 80.0, "rampa": 0.0, "rampa_faces": 0.0, "sem_calcada": 44.44, "sem_arvore": 66.67, "muitas_arvores": 0.0, "vao": 100.0, "V05400": 9, "V05421": 5, "V05406": 9, "V05412": 5, "V05422": 4, "V05424": 4, "V05427": 0, "V05409": 5, "V05415": 0, "V05418": 0, "V05430": 6, "V05433": 0, "criancas_0a4": 21, "em_favela": true }, "geometry": { "type": "Polygon", "coordinates": [ [ [ -46.791707, -23.66875 ], [ -46.791725, -23.668959 ], [ -46.791426, -23.66897 ], [ -46.791437, -23.669069 ], [ -46.791338, -23.669116 ], [ -46.79135, -23.669208 ], [ -46.791739, -23.669159 ], [ -46.792067, -23.669202 ], [ -46.792592, -23.669049 ], [ -46.792464, -23.66828 ], [ -46.791707, -23.66875 ] ] ] } },
{ "type": "Feature", "properties": { "CD_SETOR": "355030819000569", "faces": 2, "pavimentada": 100.0, "bueiro": 100.0, "iluminacao": 100.0, "onibus": 0.0, "ciclovia": 0.0, "calcada": 100.0, "obstaculo": 100.0, "rampa": 0.0, "rampa_faces": 0.0, "sem_calcada": 0.0, "sem_arvore": 50.0, "muitas_arvores": 50.0, "vao": 100.0, "V05400": 2, "V05421": 2, "V05406": 2, "V05412": 2, "V05422": 0, "V05424": 2, "V05427": 0, "V05409": 2, "V05415": 0, "V05418": 0, "V05430": 1, "V05433": 1, "criancas_0a4": 14, "em_favela": false }, "geometry": { "type": "Polygon", "coordinates": [ [ [ -46.79136, -23.668784 ], [ -46.790915, -23.669019 ], [ -46.790891, -23.669273 ], [ -46.79135, -23.669208 ], [ -46.791338, -23.669116 ], [ -46.791437, -23.669069 ], [ -46.791426, -23.66897 ], [ -46.791725, -23.668959 ], [ -46.791707, -23.66875 ], [ -46.79136, -23.668784 ] ] ] } },
{ "type": "Feature", "properties": { "CD_SETOR": "355030819000570", "faces": 6, "pavimentada": 100.0, "bueiro": 33.33, "iluminacao": 100.0, "onibus": 16.67, "ciclovia": 0.0, "calcada": 50.0, "obstaculo": 100.0, "rampa": 0.0, "rampa_faces": 0.0, "sem_calcada": 50.0, "sem_arvore": 83.33, "muitas_arvores": 0.0, "vao": 100.0, "V05400": 6, "V05421": 3, "V05406": 6, "V05412": 6, "V05422": 3, "V05424": 3, "V05427": 0, "V05409": 2, "V05415": 1, "V05418": 0, "V05430": 5, "V05433": 0, "criancas_0a4": 11, "em_favela": true }, "geometry": { "type": "Polygon", "coordinates": [ [ [ -46.781738, -23.675283 ], [ -46.780486, -23.675793 ], [ -46.780566, -23.675895 ], [ -46.780552, -23.675976 ], [ -46.780049, -23.676358 ], [ -46.779977, -23.676574 ], [ -46.780142, -23.676626 ], [ -46.780309, -23.676541 ], [ -46.780522, -23.676686 ], [ -46.781507, -23.675827 ], [ -46.782015, -23.675751 ], [ -46.781738, -23.675283 ] ] ] } },
{ "type": "Feature", "properties": { "CD_SETOR": "355030819000571", "faces": 9, "pavimentada": 100.0, "bueiro": 66.67, "iluminacao": 88.89, "onibus": 11.11, "ciclovia": 0.0, "calcada": 100.0, "obstaculo": 88.89, "rampa": 0.0, "rampa_faces": 0.0, "sem_calcada": 0.0, "sem_arvore": 66.67, "muitas_arvores": 11.11, "vao": 100.0, "V05400": 9, "V05421": 9, "V05406": 9, "V05412": 8, "V05422": 0, "V05424": 8, "V05427": 0, "V05409": 6, "V05415": 1, "V05418": 0, "V05430": 6, "V05433": 1, "criancas_0a4": 21, "em_favela": true }, "geometry": { "type": "Polygon", "coordinates": [ [ [ -46.77953, -23.677124 ], [ -46.779858, -23.677078 ], [ -46.780046, -23.676625 ], [ -46.779977, -23.676574 ], [ -46.780049, -23.676358 ], [ -46.77951, -23.67588 ], [ -46.778608, -23.675344 ], [ -46.778348, -23.675507 ], [ -46.77805, -23.675489 ], [ -46.778484, -23.6757 ], [ -46.778756, -23.675735 ], [ -46.779224, -23.676512 ], [ -46.77953, -23.677124 ] ] ] } },
{ "type": "Feature", "properties": { "CD_SETOR": "355030819000572", "faces": 11, "pavimentada": 100.0, "bueiro": 18.18, "iluminacao": 36.36, "onibus": 9.09, "ciclovia": 0.0, "calcada": 100.0, "obstaculo": 100.0, "rampa": 0.0, "rampa_faces": 0.0, "sem_calcada": 0.0, "sem_arvore": 81.82, "muitas_arvores": 0.0, "vao": 100.0, "V05400": 11, "V05421": 11, "V05406": 11, "V05412": 4, "V05422": 0, "V05424": 11, "V05427": 0, "V05409": 2, "V05415": 1, "V05418": 0, "V05430": 9, "V05433": 0, "criancas_0a4": 33, "em_favela": true }, "geometry": { "type": "Polygon", "coordinates": [ [ [ -46.780046, -23.676625 ], [ -46.779858, -23.677078 ], [ -46.77953, -23.677124 ], [ -46.779991, -23.678097 ], [ -46.78018, -23.678934 ], [ -46.780449, -23.678922 ], [ -46.780645, -23.678775 ], [ -46.780773, -23.678321 ], [ -46.780821, -23.677921 ], [ -46.780522, -23.677646 ], [ -46.780465, -23.677536 ], [ -46.780522, -23.676686 ], [ -46.780309, -23.676541 ], [ -46.780046, -23.676625 ] ] ] } },
{ "type": "Feature", "properties": { "CD_SETOR": "355030819000573", "faces": 39, "pavimentada": 66.67, "bueiro": 0.0, "iluminacao": 28.21, "onibus": 0.0, "ciclovia": 0.0, "calcada": 10.26, "obstaculo": 100.0, "rampa": 0.0, "rampa_faces": 0.0, "sem_calcada": 64.1, "sem_arvore": 74.36, "muitas_arvores": 0.0, "vao": 66.67, "V05400": 39, "V05421": 4, "V05406": 26, "V05412": 11, "V05422": 25, "V05424": 4, "V05427": 0, "V05409": 0, "V05415": 0, "V05418": 0, "V05430": 29, "V05433": 0, "criancas_0a4": 62, "em_favela": true }, "geometry": { "type": "Polygon", "coordinates": [ [ [ -46.784331, -23.660356 ], [ -46.783241, -23.660353 ], [ -46.782791, -23.660068 ], [ -46.782885, -23.660373 ], [ -46.783025, -23.660596 ], [ -46.783009, -23.660697 ], [ -46.782686, -23.660834 ], [ -46.782731, -23.660913 ], [ -46.784315, -23.660892 ], [ -46.784331, -23.660356 ] ] ] } },
{ "type": "Feature", "properties": { "CD_SETOR": "355030819000574", "faces": 31, "pavimentada": 83.87, "bueiro": 12.9, "iluminacao": 90.32, "onibus": 16.13, "ciclovia": 0.0, "calcada": 45.16, "obstaculo": 92.86, "rampa": 7.14, "rampa_faces": 3.23, "sem_calcada": 51.61, "sem_arvore": 61.29, "muitas_arvores": 16.13, "vao": 80.65, "V05400": 31, "V05421": 14, "V05406": 26, "V05412": 28, "V05422": 16, "V05424": 13, "V05427": 1, "V05409": 4, "V05415": 5, "V05418": 0, "V05430": 19, "V05433": 5, "criancas_0a4": 27, "em_favela": false }, "geometry": { "type": "Polygon", "coordinates": [ [ [ -46.780965, -23.659882 ], [ -46.78073, -23.660406 ], [ -46.781129, -23.661554 ], [ -46.781517, -23.661557 ], [ -46.782995, -23.661795 ], [ -46.783579, -23.661784 ], [ -46.783771, -23.661723 ], [ -46.784413, -23.661317 ], [ -46.784676, -23.660486 ], [ -46.784661, -23.660347 ], [ -46.784331, -23.660356 ], [ -46.784315, -23.660892 ], [ -46.782731, -23.660913 ], [ -46.782686, -23.660834 ], [ -46.783009, -23.660697 ], [ -46.783025, -23.660596 ], [ -46.782885, -23.660373 ], [ -46.782791, -23.660068 ], [ -46.782518, -23.659997 ], [ -46.782261, -23.659864 ], [ -46.78235, -23.659698 ], [ -46.781764, -23.659539 ], [ -46.78165, -23.659789 ], [ -46.781514, -23.659956 ], [ -46.78135, -23.659981 ], [ -46.780965, -23.659882 ] ] ] } },
{ "type": "Feature", "properties": { "CD_SETOR": "355030819000575", "faces": 10, "pavimentada": 100.0, "bueiro": 100.0, "iluminacao": 80.0, "onibus": 10.0, "ciclovia": 0.0, "calcada": 40.0, "obstaculo": 100.0, "rampa": 0.0, "rampa_faces": 0.0, "sem_calcada": 60.0, "sem_arvore": 90.0, "muitas_arvores": 0.0, "vao": 100.0, "V05400": 10, "V05421": 4, "V05406": 10, "V05412": 8, "V05422": 6, "V05424": 4, "V05427": 0, "V05409": 10, "V05415": 1, "V05418": 0, "V05430": 9, "V05433": 0, "criancas_0a4": 27, "em_favela": true }, "geometry": { "type": "Polygon", "coordinates": [ [ [ -46.779336, -23.671821 ], [ -46.779683, -23.67195 ], [ -46.779868, -23.672144 ], [ -46.780259, -23.672751 ], [ -46.780475, -23.672877 ], [ -46.780547, -23.673019 ], [ -46.78053, -23.673299 ], [ -46.780666, -23.67345 ], [ -46.780889, -23.673453 ], [ -46.781191, -23.673316 ], [ -46.781319, -23.673376 ], [ -46.781637, -23.673792 ], [ -46.781868, -23.673715 ], [ -46.781581, -23.673362 ], [ -46.781458, -23.673095 ], [ -46.781048, -23.673123 ], [ -46.77954, -23.671681 ], [ -46.779336, -23.671821 ] ] ] } },
{ "type": "Feature", "properties": { "CD_SETOR": "355030819000576", "faces": 28, "pavimentada": 92.86, "bueiro": 32.14, "iluminacao": 71.43, "onibus": 3.57, "ciclovia": 0.0, "calcada": 35.71, "obstaculo": 90.0, "rampa": 0.0, "rampa_faces": 0.0, "sem_calcada": 64.29, "sem_arvore": 96.43, "muitas_arvores": 3.57, "vao": 92.86, "V05400": 28, "V05421": 10, "V05406": 26, "V05412": 20, "V05422": 18, "V05424": 9, "V05427": 0, "V05409": 9, "V05415": 1, "V05418": 0, "V05430": 27, "V05433": 1, "criancas_0a4": 34, "em_favela": true }, "geometry": { "type": "Polygon", "coordinates": [ [ [ -46.77897, -23.672045 ], [ -46.779045, -23.672189 ], [ -46.779099, -23.672584 ], [ -46.778826, -23.67295 ], [ -46.779071, -23.672862 ], [ -46.77935, -23.672846 ], [ -46.779761, -23.672926 ], [ -46.780484, -23.673602 ], [ -46.781212, -23.674155 ], [ -46.781493, -23.673858 ], [ -46.781637, -23.673792 ], [ -46.781319, -23.673376 ], [ -46.781191, -23.673316 ], [ -46.780889, -23.673453 ], [ -46.780666, -23.67345 ], [ -46.78053, -23.673299 ], [ -46.780547, -23.673019 ], [ -46.780475, -23.672877 ], [ -46.780259, -23.672751 ], [ -46.779868, -23.672144 ], [ -46.779683, -23.67195 ], [ -46.779336, -23.671821 ], [ -46.77897, -23.672045 ] ] ] } },
{ "type": "Feature", "properties": { "CD_SETOR": "355030819000577", "faces": 10, "pavimentada": 80.0, "bueiro": 40.0, "iluminacao": 60.0, "onibus": 0.0, "ciclovia": 0.0, "calcada": 70.0, "obstaculo": 57.14, "rampa": 0.0, "rampa_faces": 0.0, "sem_calcada": 30.0, "sem_arvore": 50.0, "muitas_arvores": 40.0, "vao": 80.0, "V05400": 10, "V05421": 7, "V05406": 8, "V05412": 6, "V05422": 3, "V05424": 4, "V05427": 0, "V05409": 4, "V05415": 0, "V05418": 0, "V05430": 5, "V05433": 4, "criancas_0a4": 0, "em_favela": true }, "geometry": { "type": "Polygon", "coordinates": [ [ [ -46.784847, -23.671985 ], [ -46.785353, -23.673043 ], [ -46.785683, -23.673458 ], [ -46.785801, -23.673096 ], [ -46.785013, -23.671442 ], [ -46.784937, -23.671177 ], [ -46.783459, -23.670659 ], [ -46.784103, -23.672079 ], [ -46.784362, -23.672143 ], [ -46.784847, -23.671985 ] ] ] } },
{ "type": "Feature", "properties": { "CD_SETOR": "355030819000579", "faces": 8, "pavimentada": 100.0, "bueiro": 25.0, "iluminacao": 75.0, "onibus": 0.0, "ciclovia": 0.0, "calcada": 50.0, "obstaculo": 100.0, "rampa": 0.0, "rampa_faces": 0.0, "sem_calcada": 50.0, "sem_arvore": 100.0, "muitas_arvores": 0.0, "vao": 100.0, "V05400": 8, "V05421": 4, "V05406": 8, "V05412": 6, "V05422": 4, "V05424": 4, "V05427": 0, "V05409": 2, "V05415": 0, "V05418": 0, "V05430": 8, "V05433": 0, "criancas_0a4": 27, "em_favela": true }, "geometry": { "type": "Polygon", "coordinates": [ [ [ -46.780138, -23.652102 ], [ -46.780385, -23.652689 ], [ -46.780414, -23.652975 ], [ -46.780724, -23.653294 ], [ -46.780518, -23.653618 ], [ -46.780754, -23.65379 ], [ -46.780812, -23.653725 ], [ -46.780868, -23.653806 ], [ -46.781042, -23.653643 ], [ -46.78133, -23.653639 ], [ -46.781433, -23.653265 ], [ -46.781112, -23.653131 ], [ -46.780699, -23.652627 ], [ -46.780593, -23.652425 ], [ -46.780462, -23.651924 ], [ -46.780138, -23.652102 ] ] ] } },
{ "type": "Feature", "properties": { "CD_SETOR": "355030819000580", "faces": 13, "pavimentada": 100.0, "bueiro": 69.23, "iluminacao": 84.62, "onibus": 0.0, "ciclovia": 0.0, "calcada": 23.08, "obstaculo": 100.0, "rampa": 0.0, "rampa_faces": 0.0, "sem_calcada": 76.92, "sem_arvore": 84.62, "muitas_arvores": 0.0, "vao": 100.0, "V05400": 13, "V05421": 3, "V05406": 13, "V05412": 11, "V05422": 10, "V05424": 3, "V05427": 0, "V05409": 9, "V05415": 0, "V05418": 0, "V05430": 11, "V05433": 0, "criancas_0a4": 25, "em_favela": true }, "geometry": { "type": "Polygon", "coordinates": [ [ [ -46.78832, -23.667563 ], [ -46.788407, -23.66766 ], [ -46.788779, -23.668614 ], [ -46.789518, -23.668424 ], [ -46.789321, -23.668233 ], [ -46.789157, -23.668158 ], [ -46.789375, -23.668042 ], [ -46.789417, -23.667566 ], [ -46.788831, -23.667445 ], [ -46.788686, -23.66747 ], [ -46.788471, -23.66761 ], [ -46.78832, -23.667563 ] ] ] } },
{ "type": "Feature", "properties": { "CD_SETOR": "355030819000581", "faces": 25, "pavimentada": 100.0, "bueiro": 80.0, "iluminacao": 92.0, "onibus": 0.0, "ciclovia": 0.0, "calcada": 20.0, "obstaculo": 100.0, "rampa": 0.0, "rampa_faces": 0.0, "sem_calcada": 80.0, "sem_arvore": 100.0, "muitas_arvores": 0.0, "vao": 100.0, "V05400": 25, "V05421": 5, "V05406": 25, "V05412": 23, "V05422": 20, "V05424": 5, "V05427": 0, "V05409": 20, "V05415": 0, "V05418": 0, "V05430": 25, "V05433": 0, "criancas_0a4": 33, "em_favela": true }, "geometry": { "type": "Polygon", "coordinates": [ [ [ -46.788779, -23.668614 ], [ -46.788753, -23.668786 ], [ -46.788528, -23.669044 ], [ -46.788937, -23.669513 ], [ -46.789524, -23.669464 ], [ -46.789541, -23.669402 ], [ -46.789918, -23.669269 ], [ -46.790121, -23.669265 ], [ -46.790162, -23.669165 ], [ -46.790249, -23.669114 ], [ -46.790249, -23.668954 ], [ -46.790067, -23.66885 ], [ -46.789508, -23.668856 ], [ -46.789565, -23.668586 ], [ -46.789518, -23.668424 ], [ -46.788779, -23.668614 ] ] ] } },
{ "type": "Feature", "properties": { "CD_SETOR": "355030819000582", "faces": 2, "pavimentada": 100.0, "bueiro": 50.0, "iluminacao": 100.0, "onibus": 0.0, "ciclovia": 0.0, "calcada": 100.0, "obstaculo": 50.0, "rampa": 0.0, "rampa_faces": 0.0, "sem_calcada": 0.0, "sem_arvore": 0.0, "muitas_arvores": 0.0, "vao": 100.0, "V05400": 2, "V05421": 2, "V05406": 2, "V05412": 2, "V05422": 0, "V05424": 1, "V05427": 0, "V05409": 1, "V05415": 0, "V05418": 0, "V05430": 0, "V05433": 0, "criancas_0a4": 13, "em_favela": false }, "geometry": { "type": "Polygon", "coordinates": [ [ [ -46.758898, -23.652893 ], [ -46.759078, -23.65309 ], [ -46.760168, -23.652482 ], [ -46.759943, -23.652245 ], [ -46.758898, -23.652893 ] ] ] } },
{ "type": "Feature", "properties": { "CD_SETOR": "355030819000583", "faces": 2, "pavimentada": 100.0, "bueiro": 0.0, "iluminacao": 100.0, "onibus": 0.0, "ciclovia": 0.0, "calcada": 100.0, "obstaculo": 100.0, "rampa": 50.0, "rampa_faces": 50.0, "sem_calcada": 0.0, "sem_arvore": 50.0, "muitas_arvores": 0.0, "vao": 50.0, "V05400": 2, "V05421": 2, "V05406": 2, "V05412": 2, "V05422": 0, "V05424": 2, "V05427": 1, "V05409": 0, "V05415": 0, "V05418": 0, "V05430": 1, "V05433": 0, "criancas_0a4": 25, "em_favela": false }, "geometry": { "type": "Polygon", "coordinates": [ [ [ -46.759757, -23.65203 ], [ -46.758648, -23.65262 ], [ -46.758898, -23.652893 ], [ -46.759943, -23.652245 ], [ -46.759757, -23.65203 ] ] ] } },
{ "type": "Feature", "properties": { "CD_SETOR": "355030819000584", "faces": 1, "pavimentada": 100.0, "bueiro": 100.0, "iluminacao": 100.0, "onibus": 0.0, "ciclovia": 0.0, "calcada": 100.0, "obstaculo": 0.0, "rampa": 100.0, "rampa_faces": 100.0, "sem_calcada": 0.0, "sem_arvore": 100.0, "muitas_arvores": 0.0, "vao": 0.0, "V05400": 1, "V05421": 1, "V05406": 1, "V05412": 1, "V05422": 0, "V05424": 0, "V05427": 1, "V05409": 1, "V05415": 0, "V05418": 0, "V05430": 1, "V05433": 0, "criancas_0a4": 18, "em_favela": false }, "geometry": { "type": "Polygon", "coordinates": [ [ [ -46.759653, -23.651161 ], [ -46.758923, -23.651573 ], [ -46.759412, -23.652216 ], [ -46.760064, -23.651877 ], [ -46.759653, -23.651161 ] ] ] } },
{ "type": "Feature", "properties": { "CD_SETOR": "355030819000585", "faces": 1, "pavimentada": 100.0, "bueiro": 100.0, "iluminacao": 100.0, "onibus": 0.0, "ciclovia": 0.0, "calcada": 100.0, "obstaculo": 0.0, "rampa": 100.0, "rampa_faces": 100.0, "sem_calcada": 0.0, "sem_arvore": 100.0, "muitas_arvores": 0.0, "vao": 0.0, "V05400": 1, "V05421": 1, "V05406": 1, "V05412": 1, "V05422": 0, "V05424": 0, "V05427": 1, "V05409": 1, "V05415": 0, "V05418": 0, "V05430": 1, "V05433": 0, "criancas_0a4": 8, "em_favela": false }, "geometry": { "type": "Polygon", "coordinates": [ [ [ -46.759653, -23.651161 ], [ -46.760064, -23.651877 ], [ -46.760394, -23.651714 ], [ -46.759981, -23.651004 ], [ -46.759653, -23.651161 ] ] ] } },
{ "type": "Feature", "properties": { "CD_SETOR": "355030819000586", "faces": 17, "pavimentada": 100.0, "bueiro": 23.53, "iluminacao": 100.0, "onibus": 0.0, "ciclovia": 0.0, "calcada": 82.35, "obstaculo": 78.57, "rampa": 0.0, "rampa_faces": 0.0, "sem_calcada": 17.65, "sem_arvore": 35.29, "muitas_arvores": 17.65, "vao": 100.0, "V05400": 17, "V05421": 14, "V05406": 17, "V05412": 17, "V05422": 3, "V05424": 11, "V05427": 0, "V05409": 4, "V05415": 0, "V05418": 0, "V05430": 6, "V05433": 3, "criancas_0a4": 53, "em_favela": false }, "geometry": { "type": "Polygon", "coordinates": [ [ [ -46.769389, -23.659998 ], [ -46.769538, -23.660284 ], [ -46.770015, -23.660206 ], [ -46.77007, -23.660337 ], [ -46.770226, -23.660329 ], [ -46.770203, -23.660694 ], [ -46.770385, -23.660871 ], [ -46.770345, -23.660961 ], [ -46.7704, -23.661232 ], [ -46.77061, -23.661406 ], [ -46.770884, -23.661447 ], [ -46.770952, -23.661669 ], [ -46.771267, -23.6619 ], [ -46.771665, -23.661924 ], [ -46.772061, -23.661851 ], [ -46.772863, -23.661311 ], [ -46.772699, -23.660781 ], [ -46.772644, -23.660723 ], [ -46.771741, -23.6611 ], [ -46.771825, -23.660208 ], [ -46.771488, -23.660161 ], [ -46.770116, -23.659801 ], [ -46.769719, -23.65983 ], [ -46.769389, -23.659998 ] ] ] } },
{ "type": "Feature", "properties": { "CD_SETOR": "355030819000587", "faces": 5, "pavimentada": 100.0, "bueiro": 100.0, "iluminacao": 100.0, "onibus": 80.0, "ciclovia": 20.0, "calcada": 100.0, "obstaculo": 40.0, "rampa": 60.0, "rampa_faces": 60.0, "sem_calcada": 0.0, "sem_arvore": 60.0, "muitas_arvores": 40.0, "vao": 40.0, "V05400": 5, "V05421": 5, "V05406": 5, "V05412": 5, "V05422": 0, "V05424": 2, "V05427": 3, "V05409": 5, "V05415": 4, "V05418": 1, "V05430": 3, "V05433": 2, "criancas_0a4": 0, "em_favela": false }, "geometry": { "type": "Polygon", "coordinates": [ [ [ -46.767968, -23.660771 ], [ -46.768998, -23.662057 ], [ -46.769328, -23.663067 ], [ -46.770754, -23.66561 ], [ -46.770973, -23.665917 ], [ -46.771453, -23.66638 ], [ -46.771741, -23.66659 ], [ -46.772639, -23.666962 ], [ -46.773373, -23.666982 ], [ -46.773357, -23.666469 ], [ -46.772979, -23.666377 ], [ -46.772663, -23.666152 ], [ -46.772481, -23.665932 ], [ -46.771865, -23.665756 ], [ -46.771749, -23.665516 ], [ -46.771772, -23.665367 ], [ -46.771538, -23.664879 ], [ -46.77143, -23.664872 ], [ -46.771403, -23.664312 ], [ -46.771128, -23.66273 ], [ -46.77102, -23.662399 ], [ -46.770709, -23.661962 ], [ -46.770028, -23.661439 ], [ -46.769752, -23.661167 ], [ -46.769211, -23.660095 ], [ -46.768072, -23.660605 ], [ -46.767968, -23.660771 ] ] ] } },
{ "type": "Feature", "properties": { "CD_SETOR": "355030819000588", "faces": 11, "pavimentada": 100.0, "bueiro": 54.55, "iluminacao": 90.91, "onibus": 0.0, "ciclovia": 9.09, "calcada": 54.55, "obstaculo": 100.0, "rampa": 0.0, "rampa_faces": 0.0, "sem_calcada": 45.45, "sem_arvore": 100.0, "muitas_arvores": 0.0, "vao": 100.0, "V05400": 11, "V05421": 6, "V05406": 11, "V05412": 10, "V05422": 5, "V05424": 6, "V05427": 0, "V05409": 6, "V05415": 0, "V05418": 1, "V05430": 11, "V05433": 0, "criancas_0a4": 39, "em_favela": true }, "geometry": { "type": "Polygon", "coordinates": [ [ [ -46.779294, -23.656242 ], [ -46.779206, -23.657029 ], [ -46.77932, -23.65711 ], [ -46.779501, -23.657483 ], [ -46.779564, -23.657712 ], [ -46.779547, -23.657827 ], [ -46.779482, -23.65798 ], [ -46.779142, -23.658278 ], [ -46.778731, -23.659015 ], [ -46.779134, -23.658802 ], [ -46.779368, -23.658617 ], [ -46.779499, -23.658446 ], [ -46.779688, -23.65837 ], [ -46.779824, -23.658082 ], [ -46.779877, -23.657733 ], [ -46.780128, -23.657263 ], [ -46.779983, -23.657177 ], [ -46.779985, -23.657058 ], [ -46.780098, -23.656996 ], [ -46.780421, -23.656964 ], [ -46.779751, -23.656398 ], [ -46.779614, -23.656318 ], [ -46.779294, -23.656242 ] ] ] } },
{ "type": "Feature", "properties": { "CD_SETOR": "355030819000589", "faces": 20, "pavimentada": 90.0, "bueiro": 30.0, "iluminacao": 75.0, "onibus": 0.0, "ciclovia": 10.0, "calcada": 60.0, "obstaculo": 100.0, "rampa": 0.0, "rampa_faces": 0.0, "sem_calcada": 40.0, "sem_arvore": 85.0, "muitas_arvores": 0.0, "vao": 90.0, "V05400": 20, "V05421": 12, "V05406": 18, "V05412": 15, "V05422": 8, "V05424": 12, "V05427": 0, "V05409": 6, "V05415": 0, "V05418": 2, "V05430": 17, "V05433": 0, "criancas_0a4": 50, "em_favela": true }, "geometry": { "type": "Polygon", "coordinates": [ [ [ -46.778297, -23.657244 ], [ -46.778264, -23.65753 ], [ -46.778003, -23.658168 ], [ -46.778024, -23.658286 ], [ -46.777918, -23.658791 ], [ -46.778354, -23.659007 ], [ -46.778652, -23.659048 ], [ -46.778731, -23.659015 ], [ -46.77885, -23.658856 ], [ -46.779165, -23.658245 ], [ -46.779482, -23.65798 ], [ -46.779556, -23.657667 ], [ -46.779335, -23.657137 ], [ -46.779206, -23.657029 ], [ -46.7791, -23.657404 ], [ -46.778476, -23.657239 ], [ -46.778297, -23.657244 ] ] ] } },
{ "type": "Feature", "properties": { "CD_SETOR": "355030819000590", "faces": 7, "pavimentada": 100.0, "bueiro": 42.86, "iluminacao": 100.0, "onibus": 28.57, "ciclovia": 0.0, "calcada": 100.0, "obstaculo": 85.71, "rampa": 0.0, "rampa_faces": 0.0, "sem_calcada": 0.0, "sem_arvore": 0.0, "muitas_arvores": 14.29, "vao": 100.0, "V05400": 7, "V05421": 7, "V05406": 7, "V05412": 7, "V05422": 0, "V05424": 6, "V05427": 0, "V05409": 3, "V05415": 2, "V05418": 0, "V05430": 0, "V05433": 1, "criancas_0a4": 39, "em_favela": false }, "geometry": { "type": "Polygon", "coordinates": [ [ [ -46.784417, -23.651819 ], [ -46.783997, -23.652529 ], [ -46.784951, -23.653228 ], [ -46.784392, -23.653949 ], [ -46.783599, -23.653272 ], [ -46.783135, -23.65414 ], [ -46.78305, -23.654188 ], [ -46.783937, -23.655005 ], [ -46.784254, -23.65482 ], [ -46.785143, -23.653809 ], [ -46.785305, -23.653583 ], [ -46.785351, -23.653361 ], [ -46.785321, -23.653124 ], [ -46.785235, -23.652947 ], [ -46.784794, -23.65245 ], [ -46.784417, -23.651819 ] ] ] } },
{ "type": "Feature", "properties": { "CD_SETOR": "355030819000591", "faces": 2, "pavimentada": 100.0, "bueiro": 50.0, "iluminacao": 100.0, "onibus": 0.0, "ciclovia": 50.0, "calcada": 100.0, "obstaculo": 50.0, "rampa": 0.0, "rampa_faces": 0.0, "sem_calcada": 0.0, "sem_arvore": 0.0, "muitas_arvores": 50.0, "vao": 100.0, "V05400": 2, "V05421": 2, "V05406": 2, "V05412": 2, "V05422": 0, "V05424": 1, "V05427": 0, "V05409": 1, "V05415": 0, "V05418": 1, "V05430": 0, "V05433": 1, "criancas_0a4": 36, "em_favela": false }, "geometry": { "type": "Polygon", "coordinates": [ [ [ -46.783997, -23.652529 ], [ -46.783599, -23.653272 ], [ -46.784392, -23.653949 ], [ -46.784951, -23.653228 ], [ -46.783997, -23.652529 ] ] ] } },
{ "type": "Feature", "properties": { "CD_SETOR": "355030819000592", "faces": 3, "pavimentada": 100.0, "bueiro": 66.67, "iluminacao": 100.0, "onibus": 0.0, "ciclovia": 33.33, "calcada": 100.0, "obstaculo": 33.33, "rampa": 33.33, "rampa_faces": 33.33, "sem_calcada": 0.0, "sem_arvore": 0.0, "muitas_arvores": 66.67, "vao": 66.67, "V05400": 3, "V05421": 3, "V05406": 3, "V05412": 3, "V05422": 0, "V05424": 1, "V05427": 1, "V05409": 2, "V05415": 0, "V05418": 1, "V05430": 0, "V05433": 2, "criancas_0a4": 0, "em_favela": false }, "geometry": { "type": "Polygon", "coordinates": [ [ [ -46.762234, -23.652578 ], [ -46.760015, -23.65416 ], [ -46.760601, -23.654794 ], [ -46.761609, -23.655431 ], [ -46.763073, -23.654167 ], [ -46.763446, -23.654051 ], [ -46.763535, -23.653861 ], [ -46.762234, -23.652578 ] ] ] } },
{ "type": "Feature", "properties": { "CD_SETOR": "355030819000593", "faces": 9, "pavimentada": 100.0, "bueiro": 55.56, "iluminacao": 100.0, "onibus": 11.11, "ciclovia": 0.0, "calcada": 100.0, "obstaculo": 0.0, "rampa": 0.0, "rampa_faces": 0.0, "sem_calcada": 0.0, "sem_arvore": 55.56, "muitas_arvores": 33.33, "vao": 100.0, "V05400": 9, "V05421": 9, "V05406": 9, "V05412": 9, "V05422": 0, "V05424": 0, "V05427": 0, "V05409": 5, "V05415": 1, "V05418": 0, "V05430": 5, "V05433": 3, "criancas_0a4": 29, "em_favela": false }, "geometry": { "type": "Polygon", "coordinates": [ [ [ -46.772644, -23.660723 ], [ -46.772699, -23.660781 ], [ -46.772863, -23.661311 ], [ -46.773043, -23.661323 ], [ -46.773028, -23.66161 ], [ -46.773515, -23.661951 ], [ -46.77378, -23.662 ], [ -46.774328, -23.661939 ], [ -46.77454, -23.66418 ], [ -46.776916, -23.663976 ], [ -46.776524, -23.660081 ], [ -46.775684, -23.65973 ], [ -46.775649, -23.66016 ], [ -46.775925, -23.660273 ], [ -46.77607, -23.660398 ], [ -46.77611, -23.660957 ], [ -46.775965, -23.661333 ], [ -46.77573, -23.661558 ], [ -46.775557, -23.661626 ], [ -46.774977, -23.661655 ], [ -46.774589, -23.661331 ], [ -46.775394, -23.661018 ], [ -46.775517, -23.660915 ], [ -46.77556, -23.660741 ], [ -46.775483, -23.660556 ], [ -46.775112, -23.6604 ], [ -46.774967, -23.660371 ], [ -46.774034, -23.660499 ], [ -46.773581, -23.660472 ], [ -46.772644, -23.660723 ] ] ] } },
{ "type": "Feature", "properties": { "CD_SETOR": "355030819000596", "faces": 13, "pavimentada": 92.31, "bueiro": 0.0, "iluminacao": 100.0, "onibus": 0.0, "ciclovia": 0.0, "calcada": 38.46, "obstaculo": 100.0, "rampa": 0.0, "rampa_faces": 0.0, "sem_calcada": 61.54, "sem_arvore": 69.23, "muitas_arvores": 7.69, "vao": 92.31, "V05400": 13, "V05421": 5, "V05406": 12, "V05412": 13, "V05422": 8, "V05424": 5, "V05427": 0, "V05409": 0, "V05415": 0, "V05418": 0, "V05430": 9, "V05433": 1, "criancas_0a4": 39, "em_favela": true }, "geometry": { "type": "Polygon", "coordinates": [ [ [ -46.779289, -23.655854 ], [ -46.779493, -23.655717 ], [ -46.779911, -23.655639 ], [ -46.780034, -23.655279 ], [ -46.779672, -23.655109 ], [ -46.779567, -23.654992 ], [ -46.779538, -23.654568 ], [ -46.779685, -23.654043 ], [ -46.779243, -23.653511 ], [ -46.778817, -23.653953 ], [ -46.778978, -23.654092 ], [ -46.778993, -23.654265 ], [ -46.778739, -23.655141 ], [ -46.778889, -23.655406 ], [ -46.779289, -23.655854 ] ] ] } },
{ "type": "Feature", "properties": { "CD_SETOR": "355030819000597", "faces": 3, "pavimentada": 100.0, "bueiro": 0.0, "iluminacao": 100.0, "onibus": 0.0, "ciclovia": 0.0, "calcada": 100.0, "obstaculo": 100.0, "rampa": 0.0, "rampa_faces": 0.0, "sem_calcada": 0.0, "sem_arvore": 66.67, "muitas_arvores": 0.0, "vao": 100.0, "V05400": 3, "V05421": 3, "V05406": 3, "V05412": 3, "V05422": 0, "V05424": 3, "V05427": 0, "V05409": 0, "V05415": 0, "V05418": 0, "V05430": 2, "V05433": 0, "criancas_0a4": 15, "em_favela": true }, "geometry": { "type": "Polygon", "coordinates": [ [ [ -46.784592, -23.68161 ], [ -46.782969, -23.682037 ], [ -46.782464, -23.681863 ], [ -46.782242, -23.681992 ], [ -46.782189, -23.68216 ], [ -46.782295, -23.682321 ], [ -46.783898, -23.682333 ], [ -46.784381, -23.682101 ], [ -46.784592, -23.68161 ] ] ] } },
{ "type": "Feature", "properties": { "CD_SETOR": "355030819000598", "faces": 11, "pavimentada": 100.0, "bueiro": 81.82, "iluminacao": 81.82, "onibus": 0.0, "ciclovia": 0.0, "calcada": 63.64, "obstaculo": 100.0, "rampa": 0.0, "rampa_faces": 0.0, "sem_calcada": 36.36, "sem_arvore": 36.36, "muitas_arvores": 18.18, "vao": 100.0, "V05400": 11, "V05421": 7, "V05406": 11, "V05412": 9, "V05422": 4, "V05424": 7, "V05427": 0, "V05409": 9, "V05415": 0, "V05418": 0, "V05430": 4, "V05433": 2, "criancas_0a4": 22, "em_favela": false }, "geometry": { "type": "Polygon", "coordinates": [ [ [ -46.783466, -23.682352 ], [ -46.783461, -23.68288 ], [ -46.784507, -23.682906 ], [ -46.784607, -23.684178 ], [ -46.784822, -23.683934 ], [ -46.784884, -23.683783 ], [ -46.785023, -23.682343 ], [ -46.784478, -23.682322 ], [ -46.784427, -23.682049 ], [ -46.784256, -23.682187 ], [ -46.783952, -23.68232 ], [ -46.783466, -23.682352 ] ] ] } },
{ "type": "Feature", "properties": { "CD_SETOR": "355030819000600", "faces": 20, "pavimentada": 85.0, "bueiro": 55.0, "iluminacao": 85.0, "onibus": 5.0, "ciclovia": 5.0, "calcada": 35.0, "obstaculo": 85.71, "rampa": 0.0, "rampa_faces": 0.0, "sem_calcada": 60.0, "sem_arvore": 60.0, "muitas_arvores": 5.0, "vao": 85.0, "V05400": 20, "V05421": 7, "V05406": 17, "V05412": 17, "V05422": 12, "V05424": 6, "V05427": 0, "V05409": 11, "V05415": 1, "V05418": 1, "V05430": 12, "V05433": 1, "criancas_0a4": 54, "em_favela": true }, "geometry": { "type": "Polygon", "coordinates": [ [ [ -46.799482, -23.679908 ], [ -46.799409, -23.680511 ], [ -46.799333, -23.680745 ], [ -46.799163, -23.680985 ], [ -46.798762, -23.681337 ], [ -46.798608, -23.681659 ], [ -46.798599, -23.682057 ], [ -46.798676, -23.682596 ], [ -46.799104, -23.682157 ], [ -46.799589, -23.681855 ], [ -46.799883, -23.681553 ], [ -46.799695, -23.68141 ], [ -46.79963, -23.68121 ], [ -46.799823, -23.680686 ], [ -46.799877, -23.679814 ], [ -46.799668, -23.679927 ], [ -46.799482, -23.679908 ] ] ] } },
{ "type": "Feature", "properties": { "CD_SETOR": "355030819000601", "faces": 3, "pavimentada": 0.0, "bueiro": 0.0, "iluminacao": 0.0, "onibus": 0.0, "ciclovia": 0.0, "calcada": 0.0, "obstaculo": null, "rampa": null, "rampa_faces": 0.0, "sem_calcada": 100.0, "sem_arvore": 100.0, "muitas_arvores": 0.0, "vao": 0.0, "V05400": 3, "V05421": 0, "V05406": 0, "V05412": 0, "V05422": 3, "V05424": 0, "V05427": 0, "V05409": 0, "V05415": 0, "V05418": 0, "V05430": 3, "V05433": 0, "criancas_0a4": 4, "em_favela": true }, "geometry": { "type": "Polygon", "coordinates": [ [ [ -46.78526, -23.659795 ], [ -46.785522, -23.659831 ], [ -46.785799, -23.658836 ], [ -46.78541, -23.658623 ], [ -46.785228, -23.658355 ], [ -46.785182, -23.658153 ], [ -46.785126, -23.658594 ], [ -46.785234, -23.659146 ], [ -46.78526, -23.659795 ] ] ] } },
{ "type": "Feature", "properties": { "CD_SETOR": "355030819000602", "faces": 24, "pavimentada": 87.5, "bueiro": 8.33, "iluminacao": 45.83, "onibus": 0.0, "ciclovia": 0.0, "calcada": 25.0, "obstaculo": 100.0, "rampa": 0.0, "rampa_faces": 0.0, "sem_calcada": 75.0, "sem_arvore": 79.17, "muitas_arvores": 0.0, "vao": 87.5, "V05400": 24, "V05421": 6, "V05406": 21, "V05412": 11, "V05422": 18, "V05424": 6, "V05427": 0, "V05409": 2, "V05415": 0, "V05418": 0, "V05430": 19, "V05433": 0, "criancas_0a4": 73, "em_favela": true }, "geometry": { "type": "Polygon", "coordinates": [ [ [ -46.784842, -23.659956 ], [ -46.784661, -23.660347 ], [ -46.784667, -23.660518 ], [ -46.784817, -23.660552 ], [ -46.784883, -23.660518 ], [ -46.785005, -23.660139 ], [ -46.785136, -23.659951 ], [ -46.785142, -23.659844 ], [ -46.78526, -23.659795 ], [ -46.785272, -23.659722 ], [ -46.785234, -23.659146 ], [ -46.785126, -23.658594 ], [ -46.785182, -23.658153 ], [ -46.784955, -23.658058 ], [ -46.784812, -23.658177 ], [ -46.78464, -23.65802 ], [ -46.784544, -23.658166 ], [ -46.784422, -23.658241 ], [ -46.783716, -23.65829 ], [ -46.783626, -23.658417 ], [ -46.78367, -23.658524 ], [ -46.784509, -23.659021 ], [ -46.784552, -23.659159 ], [ -46.78453, -23.659431 ], [ -46.784842, -23.659956 ] ] ] } },
{ "type": "Feature", "properties": { "CD_SETOR": "355030819000604", "faces": 3, "pavimentada": 100.0, "bueiro": 0.0, "iluminacao": 100.0, "onibus": 66.67, "ciclovia": 33.33, "calcada": 100.0, "obstaculo": 66.67, "rampa": 0.0, "rampa_faces": 0.0, "sem_calcada": 0.0, "sem_arvore": 33.33, "muitas_arvores": 0.0, "vao": 100.0, "V05400": 3, "V05421": 3, "V05406": 3, "V05412": 3, "V05422": 0, "V05424": 2, "V05427": 0, "V05409": 0, "V05415": 2, "V05418": 1, "V05430": 1, "V05433": 0, "criancas_0a4": 6, "em_favela": false }, "geometry": { "type": "Polygon", "coordinates": [ [ [ -46.788526, -23.661925 ], [ -46.78937, -23.662041 ], [ -46.789368, -23.661745 ], [ -46.789293, -23.661559 ], [ -46.789142, -23.661383 ], [ -46.78857, -23.660807 ], [ -46.788439, -23.660742 ], [ -46.788526, -23.661925 ] ] ] } },
{ "type": "Feature", "properties": { "CD_SETOR": "355030819000605", "faces": 4, "pavimentada": 100.0, "bueiro": 50.0, "iluminacao": 100.0, "onibus": 0.0, "ciclovia": 0.0, "calcada": 75.0, "obstaculo": 100.0, "rampa": 0.0, "rampa_faces": 0.0, "sem_calcada": 25.0, "sem_arvore": 50.0, "muitas_arvores": 0.0, "vao": 100.0, "V05400": 4, "V05421": 3, "V05406": 4, "V05412": 4, "V05422": 1, "V05424": 3, "V05427": 0, "V05409": 2, "V05415": 0, "V05418": 0, "V05430": 2, "V05433": 0, "criancas_0a4": 18, "em_favela": false }, "geometry": { "type": "Polygon", "coordinates": [ [ [ -46.780217, -23.686635 ], [ -46.781073, -23.688288 ], [ -46.781706, -23.68812 ], [ -46.781471, -23.68776 ], [ -46.780774, -23.686407 ], [ -46.780217, -23.686635 ] ] ] } },
{ "type": "Feature", "properties": { "CD_SETOR": "355030819000606", "faces": 12, "pavimentada": 91.67, "bueiro": 8.33, "iluminacao": 91.67, "onibus": 0.0, "ciclovia": 0.0, "calcada": 41.67, "obstaculo": 100.0, "rampa": 0.0, "rampa_faces": 0.0, "sem_calcada": 50.0, "sem_arvore": 66.67, "muitas_arvores": 0.0, "vao": 91.67, "V05400": 12, "V05421": 5, "V05406": 11, "V05412": 11, "V05422": 6, "V05424": 5, "V05427": 0, "V05409": 1, "V05415": 0, "V05418": 0, "V05430": 8, "V05433": 0, "criancas_0a4": 24, "em_favela": false }, "geometry": { "type": "Polygon", "coordinates": [ [ [ -46.785023, -23.682343 ], [ -46.784884, -23.683783 ], [ -46.784822, -23.683934 ], [ -46.784501, -23.684305 ], [ -46.785, -23.684639 ], [ -46.785452, -23.6841 ], [ -46.785415, -23.682747 ], [ -46.785597, -23.68226 ], [ -46.785084, -23.682085 ], [ -46.785023, -23.682343 ] ] ] } },
{ "type": "Feature", "properties": { "CD_SETOR": "355030819000607", "faces": 34, "pavimentada": 55.88, "bueiro": 14.71, "iluminacao": 23.53, "onibus": 11.76, "ciclovia": 0.0, "calcada": 20.59, "obstaculo": 100.0, "rampa": 0.0, "rampa_faces": 0.0, "sem_calcada": 35.29, "sem_arvore": 55.88, "muitas_arvores": 0.0, "vao": 55.88, "V05400": 34, "V05421": 7, "V05406": 19, "V05412": 8, "V05422": 12, "V05424": 7, "V05427": 0, "V05409": 5, "V05415": 4, "V05418": 0, "V05430": 19, "V05433": 0, "criancas_0a4": 10, "em_favela": true }, "geometry": { "type": "Polygon", "coordinates": [ [ [ -46.762947, -23.670021 ], [ -46.763717, -23.670165 ], [ -46.764886, -23.670183 ], [ -46.764097, -23.669534 ], [ -46.763545, -23.669615 ], [ -46.763169, -23.669483 ], [ -46.763011, -23.66971 ], [ -46.762947, -23.670021 ] ] ] } },
{ "type": "Feature", "properties": { "CD_SETOR": "355030819000608", "faces": 6, "pavimentada": 100.0, "bueiro": 33.33, "iluminacao": 100.0, "onibus": 0.0, "ciclovia": 0.0, "calcada": 66.67, "obstaculo": 100.0, "rampa": 0.0, "rampa_faces": 0.0, "sem_calcada": 33.33, "sem_arvore": 100.0, "muitas_arvores": 0.0, "vao": 100.0, "V05400": 6, "V05421": 4, "V05406": 6, "V05412": 6, "V05422": 2, "V05424": 4, "V05427": 0, "V05409": 2, "V05415": 0, "V05418": 0, "V05430": 6, "V05433": 0, "criancas_0a4": 9, "em_favela": false }, "geometry": { "type": "Polygon", "coordinates": [ [ [ -46.763169, -23.669483 ], [ -46.763545, -23.669615 ], [ -46.764097, -23.669534 ], [ -46.761879, -23.667703 ], [ -46.762013, -23.668528 ], [ -46.763169, -23.669483 ] ] ] } },
{ "type": "Feature", "properties": { "CD_SETOR": "355030819000609", "faces": 8, "pavimentada": 75.0, "bueiro": 25.0, "iluminacao": 75.0, "onibus": 12.5, "ciclovia": 0.0, "calcada": 50.0, "obstaculo": 100.0, "rampa": 0.0, "rampa_faces": 0.0, "sem_calcada": 50.0, "sem_arvore": 75.0, "muitas_arvores": 0.0, "vao": 75.0, "V05400": 8, "V05421": 4, "V05406": 6, "V05412": 6, "V05422": 4, "V05424": 4, "V05427": 0, "V05409": 2, "V05415": 1, "V05418": 0, "V05430": 6, "V05433": 0, "criancas_0a4": 17, "em_favela": true }, "geometry": { "type": "Polygon", "coordinates": [ [ [ -46.784858, -23.660545 ], [ -46.784667, -23.660518 ], [ -46.784413, -23.661317 ], [ -46.78466, -23.661277 ], [ -46.785069, -23.661327 ], [ -46.785522, -23.659831 ], [ -46.78526, -23.659795 ], [ -46.785142, -23.659844 ], [ -46.785136, -23.659951 ], [ -46.785005, -23.660139 ], [ -46.784858, -23.660545 ] ] ] } },
{ "type": "Feature", "properties": { "CD_SETOR": "355030819000610", "faces": 2, "pavimentada": 100.0, "bueiro": 0.0, "iluminacao": 100.0, "onibus": 0.0, "ciclovia": 0.0, "calcada": 50.0, "obstaculo": 100.0, "rampa": 0.0, "rampa_faces": 0.0, "sem_calcada": 50.0, "sem_arvore": 50.0, "muitas_arvores": 50.0, "vao": 100.0, "V05400": 2, "V05421": 1, "V05406": 2, "V05412": 2, "V05422": 1, "V05424": 1, "V05427": 0, "V05409": 0, "V05415": 0, "V05418": 0, "V05430": 1, "V05433": 1, "criancas_0a4": 10, "em_favela": true }, "geometry": { "type": "Polygon", "coordinates": [ [ [ -46.784661, -23.660347 ], [ -46.784842, -23.659956 ], [ -46.78453, -23.659431 ], [ -46.784479, -23.659552 ], [ -46.784372, -23.659626 ], [ -46.783735, -23.659652 ], [ -46.783595, -23.659742 ], [ -46.783562, -23.659951 ], [ -46.783665, -23.660077 ], [ -46.784532, -23.660102 ], [ -46.784637, -23.660218 ], [ -46.784661, -23.660347 ] ] ] } },
{ "type": "Feature", "properties": { "CD_SETOR": "355030819000611", "faces": 22, "pavimentada": 100.0, "bueiro": 50.0, "iluminacao": 100.0, "onibus": 0.0, "ciclovia": 0.0, "calcada": 100.0, "obstaculo": 86.36, "rampa": 18.18, "rampa_faces": 18.18, "sem_calcada": 0.0, "sem_arvore": 54.55, "muitas_arvores": 4.55, "vao": 81.82, "V05400": 22, "V05421": 22, "V05406": 22, "V05412": 22, "V05422": 0, "V05424": 19, "V05427": 4, "V05409": 11, "V05415": 0, "V05418": 0, "V05430": 12, "V05433": 1, "criancas_0a4": 9, "em_favela": false }, "geometry": { "type": "Polygon", "coordinates": [ [ [ -46.755769, -23.654714 ], [ -46.756817, -23.654332 ], [ -46.756522, -23.653631 ], [ -46.758648, -23.65262 ], [ -46.75794, -23.651777 ], [ -46.755848, -23.653287 ], [ -46.755913, -23.653446 ], [ -46.75616, -23.653737 ], [ -46.755488, -23.654016 ], [ -46.755769, -23.654714 ] ] ] } },
{ "type": "Feature", "properties": { "CD_SETOR": "355030819000612", "faces": 4, "pavimentada": 100.0, "bueiro": 25.0, "iluminacao": 100.0, "onibus": 0.0, "ciclovia": 0.0, "calcada": 75.0, "obstaculo": 66.67, "rampa": 0.0, "rampa_faces": 0.0, "sem_calcada": 25.0, "sem_arvore": 50.0, "muitas_arvores": 25.0, "vao": 100.0, "V05400": 4, "V05421": 3, "V05406": 4, "V05412": 4, "V05422": 1, "V05424": 2, "V05427": 0, "V05409": 1, "V05415": 0, "V05418": 0, "V05430": 2, "V05433": 1, "criancas_0a4": 4, "em_favela": false }, "geometry": { "type": "Polygon", "coordinates": [ [ [ -46.757184, -23.654771 ], [ -46.757135, -23.655198 ], [ -46.756236, -23.6558 ], [ -46.756421, -23.656036 ], [ -46.757668, -23.655196 ], [ -46.757184, -23.654771 ] ] ] } },
{ "type": "Feature", "properties": { "CD_SETOR": "355030819000613", "faces": 1, "pavimentada": 100.0, "bueiro": 100.0, "iluminacao": 100.0, "onibus": 0.0, "ciclovia": 0.0, "calcada": 100.0, "obstaculo": 0.0, "rampa": 100.0, "rampa_faces": 100.0, "sem_calcada": 0.0, "sem_arvore": 0.0, "muitas_arvores": 0.0, "vao": 0.0, "V05400": 1, "V05421": 1, "V05406": 1, "V05412": 1, "V05422": 0, "V05424": 0, "V05427": 1, "V05409": 1, "V05415": 0, "V05418": 0, "V05430": 0, "V05433": 0, "criancas_0a4": 38, "em_favela": false }, "geometry": { "type": "Polygon", "coordinates": [ [ [ -46.757054, -23.654617 ], [ -46.75696, -23.654685 ], [ -46.756878, -23.654986 ], [ -46.7561, -23.655484 ], [ -46.756236, -23.6558 ], [ -46.757135, -23.655198 ], [ -46.757184, -23.654771 ], [ -46.757054, -23.654617 ] ] ] } },
{ "type": "Feature", "properties": { "CD_SETOR": "355030819000614", "faces": 1, "pavimentada": 100.0, "bueiro": 100.0, "iluminacao": 100.0, "onibus": 0.0, "ciclovia": 0.0, "calcada": 100.0, "obstaculo": 0.0, "rampa": 100.0, "rampa_faces": 100.0, "sem_calcada": 0.0, "sem_arvore": 100.0, "muitas_arvores": 0.0, "vao": 0.0, "V05400": 1, "V05421": 1, "V05406": 1, "V05412": 1, "V05422": 0, "V05424": 0, "V05427": 1, "V05409": 1, "V05415": 0, "V05418": 0, "V05430": 1, "V05433": 0, "criancas_0a4": 60, "em_favela": false }, "geometry": { "type": "Polygon", "coordinates": [ [ [ -46.755954, -23.655143 ], [ -46.756975, -23.654505 ], [ -46.756879, -23.654358 ], [ -46.756817, -23.654332 ], [ -46.755769, -23.654714 ], [ -46.755954, -23.655143 ] ] ] } },
{ "type": "Feature", "properties": { "CD_SETOR": "355030819000615", "faces": 1, "pavimentada": 100.0, "bueiro": 100.0, "iluminacao": 100.0, "onibus": 0.0, "ciclovia": 0.0, "calcada": 100.0, "obstaculo": 0.0, "rampa": 100.0, "rampa_faces": 100.0, "sem_calcada": 0.0, "sem_arvore": 0.0, "muitas_arvores": 0.0, "vao": 0.0, "V05400": 1, "V05421": 1, "V05406": 1, "V05412": 1, "V05422": 0, "V05424": 0, "V05427": 1, "V05409": 1, "V05415": 0, "V05418": 0, "V05430": 0, "V05433": 0, "criancas_0a4": 46, "em_favela": false }, "geometry": { "type": "Polygon", "coordinates": [ [ [ -46.756975, -23.654505 ], [ -46.755954, -23.655143 ], [ -46.7561, -23.655484 ], [ -46.756878, -23.654986 ], [ -46.75696, -23.654685 ], [ -46.757054, -23.654617 ], [ -46.756975, -23.654505 ] ] ] } },
{ "type": "Feature", "properties": { "CD_SETOR": "355030819000616", "faces": 3, "pavimentada": 100.0, "bueiro": 100.0, "iluminacao": 100.0, "onibus": 33.33, "ciclovia": 0.0, "calcada": 100.0, "obstaculo": 66.67, "rampa": 0.0, "rampa_faces": 0.0, "sem_calcada": 0.0, "sem_arvore": 33.33, "muitas_arvores": 66.67, "vao": 100.0, "V05400": 3, "V05421": 3, "V05406": 3, "V05412": 3, "V05422": 0, "V05424": 2, "V05427": 0, "V05409": 3, "V05415": 1, "V05418": 0, "V05430": 1, "V05433": 2, "criancas_0a4": 5, "em_favela": false }, "geometry": { "type": "Polygon", "coordinates": [ [ [ -46.79949, -23.679814 ], [ -46.799597, -23.678322 ], [ -46.799387, -23.677892 ], [ -46.798732, -23.677078 ], [ -46.798364, -23.677707 ], [ -46.798011, -23.678165 ], [ -46.798566, -23.678203 ], [ -46.7989, -23.678396 ], [ -46.799051, -23.678625 ], [ -46.799346, -23.679632 ], [ -46.79949, -23.679814 ] ] ] } },
{ "type": "Feature", "properties": { "CD_SETOR": "355030819000617", "faces": 3, "pavimentada": 100.0, "bueiro": 66.67, "iluminacao": 100.0, "onibus": 33.33, "ciclovia": 0.0, "calcada": 100.0, "obstaculo": 33.33, "rampa": 0.0, "rampa_faces": 0.0, "sem_calcada": 0.0, "sem_arvore": 66.67, "muitas_arvores": 33.33, "vao": 100.0, "V05400": 3, "V05421": 3, "V05406": 3, "V05412": 3, "V05422": 0, "V05424": 1, "V05427": 0, "V05409": 2, "V05415": 1, "V05418": 0, "V05430": 2, "V05433": 1, "criancas_0a4": 28, "em_favela": true }, "geometry": { "type": "Polygon", "coordinates": [ [ [ -46.798732, -23.677078 ], [ -46.799387, -23.677892 ], [ -46.799568, -23.678225 ], [ -46.799591, -23.678733 ], [ -46.799482, -23.679908 ], [ -46.799668, -23.679927 ], [ -46.799877, -23.679814 ], [ -46.799869, -23.67946 ], [ -46.799973, -23.679061 ], [ -46.799965, -23.678803 ], [ -46.800035, -23.678649 ], [ -46.79996, -23.678365 ], [ -46.799836, -23.678064 ], [ -46.798922, -23.676904 ], [ -46.798894, -23.67688 ], [ -46.798732, -23.677078 ] ] ] } },
{ "type": "Feature", "properties": { "CD_SETOR": "355030819000619", "faces": 1, "pavimentada": 0.0, "bueiro": 0.0, "iluminacao": 0.0, "onibus": 0.0, "ciclovia": 0.0, "calcada": 0.0, "obstaculo": null, "rampa": null, "rampa_faces": 0.0, "sem_calcada": 100.0, "sem_arvore": 100.0, "muitas_arvores": 0.0, "vao": 0.0, "V05400": 1, "V05421": 0, "V05406": 0, "V05412": 0, "V05422": 1, "V05424": 0, "V05427": 0, "V05409": 0, "V05415": 0, "V05418": 0, "V05430": 1, "V05433": 0, "criancas_0a4": 0, "em_favela": true }, "geometry": { "type": "Polygon", "coordinates": [ [ [ -46.785714, -23.659997 ], [ -46.786187, -23.658596 ], [ -46.786368, -23.658192 ], [ -46.786607, -23.657946 ], [ -46.786985, -23.657704 ], [ -46.787572, -23.657466 ], [ -46.787459, -23.657287 ], [ -46.787035, -23.657365 ], [ -46.786441, -23.657584 ], [ -46.78631, -23.657666 ], [ -46.786119, -23.65789 ], [ -46.786002, -23.658138 ], [ -46.785587, -23.659657 ], [ -46.785459, -23.65997 ], [ -46.785714, -23.659997 ] ] ] } },
{ "type": "Feature", "properties": { "CD_SETOR": "355030819000620", "faces": 2, "pavimentada": 100.0, "bueiro": 100.0, "iluminacao": 100.0, "onibus": 100.0, "ciclovia": 0.0, "calcada": 100.0, "obstaculo": 0.0, "rampa": 0.0, "rampa_faces": 0.0, "sem_calcada": 0.0, "sem_arvore": 0.0, "muitas_arvores": 50.0, "vao": 100.0, "V05400": 2, "V05421": 2, "V05406": 2, "V05412": 2, "V05422": 0, "V05424": 0, "V05427": 0, "V05409": 2, "V05415": 2, "V05418": 0, "V05430": 0, "V05433": 1, "criancas_0a4": 44, "em_favela": false }, "geometry": { "type": "Polygon", "coordinates": [ [ [ -46.764244, -23.662006 ], [ -46.764725, -23.661615 ], [ -46.764488, -23.661364 ], [ -46.763893, -23.661857 ], [ -46.764244, -23.662006 ] ] ] } },
{ "type": "Feature", "properties": { "CD_SETOR": "355030819000621", "faces": 1, "pavimentada": 100.0, "bueiro": 100.0, "iluminacao": 100.0, "onibus": 100.0, "ciclovia": 0.0, "calcada": 100.0, "obstaculo": 0.0, "rampa": 0.0, "rampa_faces": 0.0, "sem_calcada": 0.0, "sem_arvore": 0.0, "muitas_arvores": 0.0, "vao": 100.0, "V05400": 1, "V05421": 1, "V05406": 1, "V05412": 1, "V05422": 0, "V05424": 0, "V05427": 0, "V05409": 1, "V05415": 1, "V05418": 0, "V05430": 0, "V05433": 0, "criancas_0a4": 25, "em_favela": false }, "geometry": { "type": "Polygon", "coordinates": [ [ [ -46.765119, -23.662061 ], [ -46.764496, -23.661801 ], [ -46.764244, -23.662006 ], [ -46.764981, -23.662304 ], [ -46.765119, -23.662061 ] ] ] } },
{ "type": "Feature", "properties": { "CD_SETOR": "355030819000622", "faces": 1, "pavimentada": 100.0, "bueiro": 100.0, "iluminacao": 100.0, "onibus": 100.0, "ciclovia": 0.0, "calcada": 100.0, "obstaculo": 0.0, "rampa": 0.0, "rampa_faces": 0.0, "sem_calcada": 0.0, "sem_arvore": 0.0, "muitas_arvores": 0.0, "vao": 100.0, "V05400": 1, "V05421": 1, "V05406": 1, "V05412": 1, "V05422": 0, "V05424": 0, "V05427": 0, "V05409": 1, "V05415": 1, "V05418": 0, "V05430": 0, "V05433": 0, "criancas_0a4": 35, "em_favela": false }, "geometry": { "type": "Polygon", "coordinates": [ [ [ -46.764496, -23.661801 ], [ -46.765119, -23.662061 ], [ -46.765062, -23.661667 ], [ -46.764901, -23.6618 ], [ -46.764725, -23.661615 ], [ -46.764496, -23.661801 ] ] ] } },
{ "type": "Feature", "properties": { "CD_SETOR": "355030819000623", "faces": 21, "pavimentada": 100.0, "bueiro": 19.05, "iluminacao": 100.0, "onibus": 0.0, "ciclovia": 0.0, "calcada": 85.71, "obstaculo": 100.0, "rampa": 0.0, "rampa_faces": 0.0, "sem_calcada": 14.29, "sem_arvore": 71.43, "muitas_arvores": 4.76, "vao": 100.0, "V05400": 21, "V05421": 18, "V05406": 21, "V05412": 21, "V05422": 3, "V05424": 18, "V05427": 0, "V05409": 4, "V05415": 0, "V05418": 0, "V05430": 15, "V05433": 1, "criancas_0a4": 16, "em_favela": false }, "geometry": { "type": "Polygon", "coordinates": [ [ [ -46.764488, -23.661364 ], [ -46.764901, -23.6618 ], [ -46.765062, -23.661667 ], [ -46.765119, -23.662061 ], [ -46.764981, -23.662304 ], [ -46.766789, -23.66302 ], [ -46.76795, -23.662323 ], [ -46.76586, -23.66023 ], [ -46.764488, -23.661364 ] ], [ [ -46.766155, -23.661327 ], [ -46.76668, -23.661862 ], [ -46.766547, -23.661972 ], [ -46.76602, -23.661447 ], [ -46.766155, -23.661327 ] ] ] } },
{ "type": "Feature", "properties": { "CD_SETOR": "355030819000624", "faces": 1, "pavimentada": 100.0, "bueiro": 0.0, "iluminacao": 100.0, "onibus": 0.0, "ciclovia": 0.0, "calcada": 100.0, "obstaculo": 0.0, "rampa": 100.0, "rampa_faces": 100.0, "sem_calcada": 0.0, "sem_arvore": 0.0, "muitas_arvores": 0.0, "vao": 0.0, "V05400": 1, "V05421": 1, "V05406": 1, "V05412": 1, "V05422": 0, "V05424": 0, "V05427": 1, "V05409": 0, "V05415": 0, "V05418": 0, "V05430": 0, "V05433": 0, "criancas_0a4": 17, "em_favela": false }, "geometry": { "type": "Polygon", "coordinates": [ [ [ -46.766155, -23.661327 ], [ -46.76602, -23.661447 ], [ -46.766547, -23.661972 ], [ -46.76668, -23.661862 ], [ -46.766155, -23.661327 ] ] ] } },
{ "type": "Feature", "properties": { "CD_SETOR": "355030819000625", "faces": 17, "pavimentada": 100.0, "bueiro": 23.53, "iluminacao": 88.24, "onibus": 0.0, "ciclovia": 0.0, "calcada": 35.29, "obstaculo": 100.0, "rampa": 0.0, "rampa_faces": 0.0, "sem_calcada": 64.71, "sem_arvore": 88.24, "muitas_arvores": 0.0, "vao": 100.0, "V05400": 17, "V05421": 6, "V05406": 17, "V05412": 15, "V05422": 11, "V05424": 6, "V05427": 0, "V05409": 4, "V05415": 0, "V05418": 0, "V05430": 15, "V05433": 0, "criancas_0a4": 25, "em_favela": true }, "geometry": { "type": "Polygon", "coordinates": [ [ [ -46.784131, -23.677576 ], [ -46.784428, -23.677957 ], [ -46.785495, -23.678387 ], [ -46.785545, -23.678932 ], [ -46.785528, -23.679617 ], [ -46.785953, -23.679789 ], [ -46.786671, -23.680318 ], [ -46.78702, -23.680075 ], [ -46.78655, -23.67993 ], [ -46.786278, -23.679687 ], [ -46.786084, -23.679392 ], [ -46.786046, -23.67863 ], [ -46.785784, -23.678147 ], [ -46.785442, -23.677953 ], [ -46.78464, -23.67763 ], [ -46.784403, -23.677339 ], [ -46.784131, -23.677576 ] ] ] } },
{ "type": "Feature", "properties": { "CD_SETOR": "355030819000626", "faces": 8, "pavimentada": 100.0, "bueiro": 37.5, "iluminacao": 100.0, "onibus": 0.0, "ciclovia": 0.0, "calcada": 100.0, "obstaculo": 100.0, "rampa": 0.0, "rampa_faces": 0.0, "sem_calcada": 0.0, "sem_arvore": 62.5, "muitas_arvores": 0.0, "vao": 100.0, "V05400": 8, "V05421": 8, "V05406": 8, "V05412": 8, "V05422": 0, "V05424": 8, "V05427": 0, "V05409": 3, "V05415": 0, "V05418": 0, "V05430": 5, "V05433": 0, "criancas_0a4": 23, "em_favela": true }, "geometry": { "type": "Polygon", "coordinates": [ [ [ -46.786041, -23.679857 ], [ -46.785748, -23.679687 ], [ -46.785528, -23.679617 ], [ -46.784297, -23.681444 ], [ -46.784163, -23.681704 ], [ -46.784592, -23.68161 ], [ -46.784766, -23.681507 ], [ -46.785131, -23.681019 ], [ -46.785491, -23.680666 ], [ -46.785736, -23.680214 ], [ -46.786041, -23.679857 ] ] ] } },
{ "type": "Feature", "properties": { "CD_SETOR": "355030819000627", "faces": 5, "pavimentada": 100.0, "bueiro": 40.0, "iluminacao": 100.0, "onibus": 0.0, "ciclovia": 0.0, "calcada": 80.0, "obstaculo": 100.0, "rampa": 0.0, "rampa_faces": 0.0, "sem_calcada": 20.0, "sem_arvore": 40.0, "muitas_arvores": 0.0, "vao": 100.0, "V05400": 5, "V05421": 4, "V05406": 5, "V05412": 5, "V05422": 1, "V05424": 4, "V05427": 0, "V05409": 2, "V05415": 0, "V05418": 0, "V05430": 2, "V05433": 0, "criancas_0a4": 40, "em_favela": true }, "geometry": { "type": "Polygon", "coordinates": [ [ [ -46.779246, -23.65939 ], [ -46.77929, -23.659489 ], [ -46.779789, -23.659528 ], [ -46.779822, -23.659688 ], [ -46.780008, -23.659813 ], [ -46.780432, -23.659775 ], [ -46.780508, -23.659302 ], [ -46.780728, -23.658772 ], [ -46.780497, -23.658673 ], [ -46.780347, -23.65873 ], [ -46.780001, -23.658582 ], [ -46.779635, -23.658563 ], [ -46.779476, -23.658746 ], [ -46.779246, -23.65939 ] ] ] } },
{ "type": "Feature", "properties": { "CD_SETOR": "355030819000628", "faces": 19, "pavimentada": 94.74, "bueiro": 36.84, "iluminacao": 94.74, "onibus": 0.0, "ciclovia": 0.0, "calcada": 10.53, "obstaculo": 100.0, "rampa": 0.0, "rampa_faces": 0.0, "sem_calcada": 84.21, "sem_arvore": 78.95, "muitas_arvores": 0.0, "vao": 94.74, "V05400": 19, "V05421": 2, "V05406": 18, "V05412": 18, "V05422": 16, "V05424": 2, "V05427": 0, "V05409": 7, "V05415": 0, "V05418": 0, "V05430": 15, "V05433": 0, "criancas_0a4": 27, "em_favela": true }, "geometry": { "type": "Polygon", "coordinates": [ [ [ -46.77903, -23.660002 ], [ -46.779145, -23.660173 ], [ -46.779071, -23.660216 ], [ -46.779113, -23.660309 ], [ -46.779218, -23.660472 ], [ -46.779319, -23.660433 ], [ -46.779501, -23.660771 ], [ -46.780172, -23.660653 ], [ -46.780199, -23.660446 ], [ -46.780384, -23.660011 ], [ -46.780432, -23.659775 ], [ -46.780008, -23.659813 ], [ -46.779822, -23.659688 ], [ -46.779789, -23.659528 ], [ -46.779326, -23.659498 ], [ -46.779328, -23.659558 ], [ -46.779114, -23.659758 ], [ -46.77903, -23.660002 ] ] ] } },
{ "type": "Feature", "properties": { "CD_SETOR": "355030819000629", "faces": 4, "pavimentada": 100.0, "bueiro": 25.0, "iluminacao": 100.0, "onibus": 25.0, "ciclovia": 0.0, "calcada": 75.0, "obstaculo": 100.0, "rampa": 0.0, "rampa_faces": 0.0, "sem_calcada": 25.0, "sem_arvore": 50.0, "muitas_arvores": 25.0, "vao": 100.0, "V05400": 4, "V05421": 3, "V05406": 4, "V05412": 4, "V05422": 1, "V05424": 3, "V05427": 0, "V05409": 1, "V05415": 1, "V05418": 0, "V05430": 2, "V05433": 1, "criancas_0a4": 19, "em_favela": false }, "geometry": { "type": "Polygon", "coordinates": [ [ [ -46.779218, -23.660472 ], [ -46.779071, -23.660216 ], [ -46.778901, -23.660312 ], [ -46.778765, -23.660076 ], [ -46.777816, -23.660634 ], [ -46.77813, -23.66085 ], [ -46.778594, -23.661444 ], [ -46.778915, -23.661705 ], [ -46.779409, -23.661878 ], [ -46.779976, -23.661723 ], [ -46.779599, -23.66074 ], [ -46.779501, -23.660771 ], [ -46.779319, -23.660433 ], [ -46.779218, -23.660472 ] ] ] } },
{ "type": "Feature", "properties": { "CD_SETOR": "355030819000631", "faces": 6, "pavimentada": 100.0, "bueiro": 16.67, "iluminacao": 33.33, "onibus": 0.0, "ciclovia": 0.0, "calcada": 33.33, "obstaculo": 50.0, "rampa": 0.0, "rampa_faces": 0.0, "sem_calcada": 66.67, "sem_arvore": 100.0, "muitas_arvores": 0.0, "vao": 100.0, "V05400": 6, "V05421": 2, "V05406": 6, "V05412": 2, "V05422": 4, "V05424": 1, "V05427": 0, "V05409": 1, "V05415": 0, "V05418": 0, "V05430": 6, "V05433": 0, "criancas_0a4": 10, "em_favela": false }, "geometry": { "type": "Polygon", "coordinates": [ [ [ -46.780372, -23.654772 ], [ -46.780085, -23.654534 ], [ -46.779685, -23.654043 ], [ -46.779538, -23.654568 ], [ -46.779543, -23.654911 ], [ -46.779591, -23.655031 ], [ -46.779835, -23.654915 ], [ -46.780372, -23.654772 ] ] ] } },
{ "type": "Feature", "properties": { "CD_SETOR": "355030819000632", "faces": 7, "pavimentada": 100.0, "bueiro": 42.86, "iluminacao": 57.14, "onibus": 14.29, "ciclovia": 0.0, "calcada": 57.14, "obstaculo": 75.0, "rampa": 50.0, "rampa_faces": 28.57, "sem_calcada": 42.86, "sem_arvore": 71.43, "muitas_arvores": 14.29, "vao": 71.43, "V05400": 7, "V05421": 4, "V05406": 7, "V05412": 4, "V05422": 3, "V05424": 3, "V05427": 2, "V05409": 3, "V05415": 1, "V05418": 0, "V05430": 5, "V05433": 1, "criancas_0a4": 22, "em_favela": true }, "geometry": { "type": "Polygon", "coordinates": [ [ [ -46.776823, -23.654369 ], [ -46.776363, -23.654257 ], [ -46.776229, -23.654042 ], [ -46.776328, -23.653805 ], [ -46.776072, -23.653752 ], [ -46.775765, -23.654946 ], [ -46.776118, -23.655625 ], [ -46.776365, -23.656234 ], [ -46.776448, -23.655606 ], [ -46.776823, -23.654369 ] ] ] } },
{ "type": "Feature", "properties": { "CD_SETOR": "355030819000633", "faces": 3, "pavimentada": 100.0, "bueiro": 100.0, "iluminacao": 100.0, "onibus": 33.33, "ciclovia": 0.0, "calcada": 100.0, "obstaculo": 66.67, "rampa": 0.0, "rampa_faces": 0.0, "sem_calcada": 0.0, "sem_arvore": 33.33, "muitas_arvores": 33.33, "vao": 100.0, "V05400": 3, "V05421": 3, "V05406": 3, "V05412": 3, "V05422": 0, "V05424": 2, "V05427": 0, "V05409": 3, "V05415": 1, "V05418": 0, "V05430": 1, "V05433": 1, "criancas_0a4": 0, "em_favela": false }, "geometry": { "type": "Polygon", "coordinates": [ [ [ -46.776072, -23.653752 ], [ -46.776328, -23.653805 ], [ -46.776229, -23.654042 ], [ -46.776363, -23.654257 ], [ -46.776823, -23.654369 ], [ -46.777121, -23.653704 ], [ -46.776208, -23.653062 ], [ -46.776072, -23.653752 ] ] ] } },
{ "type": "Feature", "properties": { "CD_SETOR": "355030819000634", "faces": 3, "pavimentada": 100.0, "bueiro": 66.67, "iluminacao": 100.0, "onibus": 0.0, "ciclovia": 0.0, "calcada": 100.0, "obstaculo": 100.0, "rampa": 0.0, "rampa_faces": 0.0, "sem_calcada": 0.0, "sem_arvore": 100.0, "muitas_arvores": 0.0, "vao": 100.0, "V05400": 3, "V05421": 3, "V05406": 3, "V05412": 3, "V05422": 0, "V05424": 3, "V05427": 0, "V05409": 2, "V05415": 0, "V05418": 0, "V05430": 3, "V05433": 0, "criancas_0a4": 7, "em_favela": false }, "geometry": { "type": "Polygon", "coordinates": [ [ [ -46.781808, -23.654027 ], [ -46.781963, -23.654068 ], [ -46.782037, -23.653882 ], [ -46.781976, -23.653755 ], [ -46.78213, -23.653672 ], [ -46.781618, -23.652794 ], [ -46.781522, -23.652901 ], [ -46.781306, -23.653676 ], [ -46.781904, -23.65381 ], [ -46.781808, -23.654027 ] ] ] } },
{ "type": "Feature", "properties": { "CD_SETOR": "355030819000635", "faces": 25, "pavimentada": 100.0, "bueiro": 36.0, "iluminacao": 52.0, "onibus": 0.0, "ciclovia": 0.0, "calcada": 44.0, "obstaculo": 100.0, "rampa": 0.0, "rampa_faces": 0.0, "sem_calcada": 56.0, "sem_arvore": 100.0, "muitas_arvores": 0.0, "vao": 100.0, "V05400": 25, "V05421": 11, "V05406": 25, "V05412": 13, "V05422": 14, "V05424": 11, "V05427": 0, "V05409": 9, "V05415": 0, "V05418": 0, "V05430": 25, "V05433": 0, "criancas_0a4": 64, "em_favela": true }, "geometry": { "type": "Polygon", "coordinates": [ [ [ -46.781808, -23.654027 ], [ -46.781209, -23.653884 ], [ -46.78133, -23.653639 ], [ -46.781042, -23.653643 ], [ -46.780868, -23.653806 ], [ -46.780812, -23.653725 ], [ -46.780754, -23.65379 ], [ -46.780518, -23.653618 ], [ -46.779897, -23.65427 ], [ -46.78018, -23.654625 ], [ -46.780699, -23.654988 ], [ -46.780996, -23.654504 ], [ -46.781238, -23.654213 ], [ -46.781462, -23.654084 ], [ -46.781711, -23.65414 ], [ -46.781808, -23.654027 ] ] ] } },
{ "type": "Feature", "properties": { "CD_SETOR": "355030819000636", "faces": 2, "pavimentada": 100.0, "bueiro": 50.0, "iluminacao": 100.0, "onibus": 0.0, "ciclovia": 0.0, "calcada": 100.0, "obstaculo": 100.0, "rampa": 0.0, "rampa_faces": 0.0, "sem_calcada": 0.0, "sem_arvore": 100.0, "muitas_arvores": 0.0, "vao": 100.0, "V05400": 2, "V05421": 2, "V05406": 2, "V05412": 2, "V05422": 0, "V05424": 2, "V05427": 0, "V05409": 1, "V05415": 0, "V05418": 0, "V05430": 2, "V05433": 0, "criancas_0a4": 3, "em_favela": false }, "geometry": { "type": "Polygon", "coordinates": [ [ [ -46.781306, -23.653676 ], [ -46.781209, -23.653884 ], [ -46.781808, -23.654027 ], [ -46.781904, -23.65381 ], [ -46.781306, -23.653676 ] ] ] } },
{ "type": "Feature", "properties": { "CD_SETOR": "355030819000637", "faces": 2, "pavimentada": 100.0, "bueiro": 100.0, "iluminacao": 100.0, "onibus": 0.0, "ciclovia": 0.0, "calcada": 50.0, "obstaculo": 100.0, "rampa": 0.0, "rampa_faces": 0.0, "sem_calcada": 50.0, "sem_arvore": 100.0, "muitas_arvores": 0.0, "vao": 100.0, "V05400": 2, "V05421": 1, "V05406": 2, "V05412": 2, "V05422": 1, "V05424": 1, "V05427": 0, "V05409": 2, "V05415": 0, "V05418": 0, "V05430": 2, "V05433": 0, "criancas_0a4": 3, "em_favela": true }, "geometry": { "type": "Polygon", "coordinates": [ [ [ -46.782037, -23.653882 ], [ -46.781963, -23.654068 ], [ -46.781808, -23.654027 ], [ -46.781711, -23.65414 ], [ -46.78223, -23.654541 ], [ -46.782161, -23.654105 ], [ -46.782037, -23.653882 ] ] ] } },
{ "type": "Feature", "properties": { "CD_SETOR": "355030819000638", "faces": 26, "pavimentada": 100.0, "bueiro": 65.38, "iluminacao": 100.0, "onibus": 7.69, "ciclovia": 0.0, "calcada": 92.31, "obstaculo": 91.67, "rampa": 4.17, "rampa_faces": 3.85, "sem_calcada": 7.69, "sem_arvore": 46.15, "muitas_arvores": 26.92, "vao": 96.15, "V05400": 26, "V05421": 24, "V05406": 26, "V05412": 26, "V05422": 2, "V05424": 22, "V05427": 1, "V05409": 17, "V05415": 2, "V05418": 0, "V05430": 12, "V05433": 7, "criancas_0a4": 18, "em_favela": false }, "geometry": { "type": "Polygon", "coordinates": [ [ [ -46.768968, -23.677118 ], [ -46.769404, -23.676902 ], [ -46.769675, -23.67738 ], [ -46.769969, -23.677765 ], [ -46.770638, -23.677397 ], [ -46.770796, -23.676811 ], [ -46.770992, -23.67632 ], [ -46.771906, -23.675767 ], [ -46.77128, -23.675694 ], [ -46.769613, -23.676206 ], [ -46.769342, -23.676239 ], [ -46.768689, -23.676584 ], [ -46.768968, -23.677118 ] ] ] } },
{ "type": "Feature", "properties": { "CD_SETOR": "355030819000639", "faces": 4, "pavimentada": 100.0, "bueiro": 75.0, "iluminacao": 75.0, "onibus": 0.0, "ciclovia": 0.0, "calcada": 75.0, "obstaculo": 100.0, "rampa": 0.0, "rampa_faces": 0.0, "sem_calcada": 25.0, "sem_arvore": 75.0, "muitas_arvores": 0.0, "vao": 100.0, "V05400": 4, "V05421": 3, "V05406": 4, "V05412": 3, "V05422": 1, "V05424": 3, "V05427": 0, "V05409": 3, "V05415": 0, "V05418": 0, "V05430": 3, "V05433": 0, "criancas_0a4": 10, "em_favela": true }, "geometry": { "type": "Polygon", "coordinates": [ [ [ -46.769675, -23.67738 ], [ -46.769404, -23.676902 ], [ -46.768968, -23.677118 ], [ -46.769227, -23.677535 ], [ -46.769675, -23.67738 ] ] ] } },
{ "type": "Feature", "properties": { "CD_SETOR": "355030819000640", "faces": 7, "pavimentada": 100.0, "bueiro": 42.86, "iluminacao": 100.0, "onibus": 0.0, "ciclovia": 0.0, "calcada": 100.0, "obstaculo": 85.71, "rampa": 0.0, "rampa_faces": 0.0, "sem_calcada": 0.0, "sem_arvore": 28.57, "muitas_arvores": 0.0, "vao": 100.0, "V05400": 7, "V05421": 7, "V05406": 7, "V05412": 7, "V05422": 0, "V05424": 6, "V05427": 0, "V05409": 3, "V05415": 0, "V05418": 0, "V05430": 2, "V05433": 0, "criancas_0a4": 38, "em_favela": false }, "geometry": { "type": "Polygon", "coordinates": [ [ [ -46.778919, -23.651842 ], [ -46.780625, -23.653479 ], [ -46.780724, -23.653294 ], [ -46.780414, -23.652975 ], [ -46.780385, -23.652689 ], [ -46.780177, -23.65216 ], [ -46.780086, -23.652039 ], [ -46.779708, -23.651845 ], [ -46.779324, -23.651889 ], [ -46.779097, -23.651686 ], [ -46.778919, -23.651842 ] ] ] } },
{ "type": "Feature", "properties": { "CD_SETOR": "355030819000641", "faces": 3, "pavimentada": 100.0, "bueiro": 33.33, "iluminacao": 100.0, "onibus": 0.0, "ciclovia": 0.0, "calcada": 100.0, "obstaculo": 100.0, "rampa": 0.0, "rampa_faces": 0.0, "sem_calcada": 0.0, "sem_arvore": 66.67, "muitas_arvores": 0.0, "vao": 100.0, "V05400": 3, "V05421": 3, "V05406": 3, "V05412": 3, "V05422": 0, "V05424": 3, "V05427": 0, "V05409": 1, "V05415": 0, "V05418": 0, "V05430": 2, "V05433": 0, "criancas_0a4": 21, "em_favela": true }, "geometry": { "type": "Polygon", "coordinates": [ [ [ -46.780625, -23.653479 ], [ -46.780162, -23.653025 ], [ -46.779836, -23.653531 ], [ -46.779512, -23.653819 ], [ -46.779897, -23.65427 ], [ -46.780625, -23.653479 ] ] ] } },
{ "type": "Feature", "properties": { "CD_SETOR": "355030819000642", "faces": 5, "pavimentada": 100.0, "bueiro": 100.0, "iluminacao": 100.0, "onibus": 0.0, "ciclovia": 0.0, "calcada": 40.0, "obstaculo": 100.0, "rampa": 0.0, "rampa_faces": 0.0, "sem_calcada": 60.0, "sem_arvore": 40.0, "muitas_arvores": 20.0, "vao": 100.0, "V05400": 5, "V05421": 2, "V05406": 5, "V05412": 5, "V05422": 3, "V05424": 2, "V05427": 0, "V05409": 5, "V05415": 0, "V05418": 0, "V05430": 2, "V05433": 1, "criancas_0a4": 5, "em_favela": true }, "geometry": { "type": "Polygon", "coordinates": [ [ [ -46.778377, -23.652501 ], [ -46.77904, -23.653207 ], [ -46.77908, -23.652632 ], [ -46.779177, -23.652359 ], [ -46.779307, -23.652182 ], [ -46.778919, -23.651842 ], [ -46.778377, -23.652501 ] ] ] } },
{ "type": "Feature", "properties": { "CD_SETOR": "355030819000643", "faces": 13, "pavimentada": 100.0, "bueiro": 7.69, "iluminacao": 61.54, "onibus": 0.0, "ciclovia": 0.0, "calcada": 53.85, "obstaculo": 100.0, "rampa": 0.0, "rampa_faces": 0.0, "sem_calcada": 46.15, "sem_arvore": 84.62, "muitas_arvores": 0.0, "vao": 100.0, "V05400": 13, "V05421": 7, "V05406": 13, "V05412": 8, "V05422": 6, "V05424": 7, "V05427": 0, "V05409": 1, "V05415": 0, "V05418": 0, "V05430": 11, "V05433": 0, "criancas_0a4": 34, "em_favela": true }, "geometry": { "type": "Polygon", "coordinates": [ [ [ -46.779307, -23.652182 ], [ -46.779177, -23.652359 ], [ -46.77908, -23.652632 ], [ -46.77904, -23.653207 ], [ -46.77911, -23.65339 ], [ -46.779512, -23.653819 ], [ -46.779836, -23.653531 ], [ -46.780162, -23.653025 ], [ -46.779307, -23.652182 ] ] ] } },
{ "type": "Feature", "properties": { "CD_SETOR": "355030819000644", "faces": 10, "pavimentada": 100.0, "bueiro": 60.0, "iluminacao": 60.0, "onibus": 30.0, "ciclovia": 0.0, "calcada": 50.0, "obstaculo": 80.0, "rampa": 0.0, "rampa_faces": 0.0, "sem_calcada": 50.0, "sem_arvore": 90.0, "muitas_arvores": 0.0, "vao": 100.0, "V05400": 10, "V05421": 5, "V05406": 10, "V05412": 6, "V05422": 5, "V05424": 4, "V05427": 0, "V05409": 6, "V05415": 3, "V05418": 0, "V05430": 9, "V05433": 0, "criancas_0a4": 32, "em_favela": true }, "geometry": { "type": "Polygon", "coordinates": [ [ [ -46.784084, -23.67506 ], [ -46.78314, -23.675795 ], [ -46.783729, -23.676327 ], [ -46.784105, -23.677046 ], [ -46.784403, -23.677339 ], [ -46.784576, -23.677206 ], [ -46.784551, -23.677039 ], [ -46.783968, -23.675763 ], [ -46.784014, -23.675616 ], [ -46.784431, -23.675439 ], [ -46.784297, -23.675275 ], [ -46.784084, -23.67506 ] ] ] } },
{ "type": "Feature", "properties": { "CD_SETOR": "355030819000645", "faces": 1, "pavimentada": 100.0, "bueiro": 100.0, "iluminacao": 100.0, "onibus": 100.0, "ciclovia": 0.0, "calcada": 100.0, "obstaculo": 100.0, "rampa": 0.0, "rampa_faces": 0.0, "sem_calcada": 0.0, "sem_arvore": 100.0, "muitas_arvores": 0.0, "vao": 100.0, "V05400": 1, "V05421": 1, "V05406": 1, "V05412": 1, "V05422": 0, "V05424": 1, "V05427": 0, "V05409": 1, "V05415": 1, "V05418": 0, "V05430": 1, "V05433": 0, "criancas_0a4": 7, "em_favela": true }, "geometry": { "type": "Polygon", "coordinates": [ [ [ -46.782834, -23.676145 ], [ -46.783295, -23.676573 ], [ -46.784131, -23.677576 ], [ -46.784403, -23.677339 ], [ -46.784105, -23.677046 ], [ -46.783729, -23.676327 ], [ -46.78314, -23.675795 ], [ -46.782834, -23.676145 ] ] ] } },
{ "type": "Feature", "properties": { "CD_SETOR": "355030819000646", "faces": 5, "pavimentada": 100.0, "bueiro": 0.0, "iluminacao": 100.0, "onibus": 60.0, "ciclovia": 0.0, "calcada": 100.0, "obstaculo": 40.0, "rampa": 20.0, "rampa_faces": 20.0, "sem_calcada": 0.0, "sem_arvore": 20.0, "muitas_arvores": 60.0, "vao": 80.0, "V05400": 5, "V05421": 5, "V05406": 5, "V05412": 5, "V05422": 0, "V05424": 2, "V05427": 1, "V05409": 0, "V05415": 3, "V05418": 0, "V05430": 1, "V05433": 3, "criancas_0a4": 11, "em_favela": false }, "geometry": { "type": "Polygon", "coordinates": [ [ [ -46.769508, -23.679768 ], [ -46.76951, -23.679983 ], [ -46.769461, -23.680084 ], [ -46.76886, -23.680316 ], [ -46.769278, -23.680898 ], [ -46.769438, -23.6807 ], [ -46.769972, -23.680524 ], [ -46.770097, -23.680387 ], [ -46.770143, -23.68026 ], [ -46.770163, -23.679852 ], [ -46.769508, -23.679768 ] ] ] } },
{ "type": "Feature", "properties": { "CD_SETOR": "355030819000647", "faces": 2, "pavimentada": 100.0, "bueiro": 50.0, "iluminacao": 50.0, "onibus": 0.0, "ciclovia": 0.0, "calcada": 100.0, "obstaculo": 100.0, "rampa": 0.0, "rampa_faces": 0.0, "sem_calcada": 0.0, "sem_arvore": 100.0, "muitas_arvores": 0.0, "vao": 100.0, "V05400": 2, "V05421": 2, "V05406": 2, "V05412": 1, "V05422": 0, "V05424": 2, "V05427": 0, "V05409": 1, "V05415": 0, "V05418": 0, "V05430": 2, "V05433": 0, "criancas_0a4": 4, "em_favela": true }, "geometry": { "type": "Polygon", "coordinates": [ [ [ -46.76952, -23.67963 ], [ -46.769508, -23.679768 ], [ -46.770163, -23.679852 ], [ -46.770245, -23.679611 ], [ -46.770078, -23.679461 ], [ -46.769958, -23.679245 ], [ -46.769947, -23.679091 ], [ -46.769999, -23.678991 ], [ -46.769619, -23.6791 ], [ -46.769763, -23.679319 ], [ -46.76952, -23.67963 ] ] ] } },
{ "type": "Feature", "properties": { "CD_SETOR": "355030819000648", "faces": 5, "pavimentada": 100.0, "bueiro": 0.0, "iluminacao": 100.0, "onibus": 20.0, "ciclovia": 0.0, "calcada": 100.0, "obstaculo": 100.0, "rampa": 0.0, "rampa_faces": 0.0, "sem_calcada": 0.0, "sem_arvore": 80.0, "muitas_arvores": 0.0, "vao": 100.0, "V05400": 5, "V05421": 5, "V05406": 5, "V05412": 5, "V05422": 0, "V05424": 5, "V05427": 0, "V05409": 0, "V05415": 1, "V05418": 0, "V05430": 4, "V05433": 0, "criancas_0a4": 19, "em_favela": false }, "geometry": { "type": "Polygon", "coordinates": [ [ [ -46.767264, -23.674356 ], [ -46.767255, -23.674047 ], [ -46.767567, -23.674083 ], [ -46.767698, -23.673957 ], [ -46.767998, -23.673869 ], [ -46.767901, -23.673706 ], [ -46.767821, -23.673382 ], [ -46.767193, -23.673431 ], [ -46.767052, -23.672859 ], [ -46.766765, -23.672915 ], [ -46.766742, -23.673091 ], [ -46.766781, -23.673166 ], [ -46.766484, -23.673357 ], [ -46.766654, -23.673778 ], [ -46.766695, -23.674376 ], [ -46.767264, -23.674356 ] ] ] } },
{ "type": "Feature", "properties": { "CD_SETOR": "355030819000649", "faces": 8, "pavimentada": 75.0, "bueiro": 50.0, "iluminacao": 75.0, "onibus": 0.0, "ciclovia": 0.0, "calcada": 25.0, "obstaculo": 100.0, "rampa": 0.0, "rampa_faces": 0.0, "sem_calcada": 75.0, "sem_arvore": 100.0, "muitas_arvores": 0.0, "vao": 75.0, "V05400": 8, "V05421": 2, "V05406": 6, "V05412": 6, "V05422": 6, "V05424": 2, "V05427": 0, "V05409": 4, "V05415": 0, "V05418": 0, "V05430": 8, "V05433": 0, "criancas_0a4": 14, "em_favela": true }, "geometry": { "type": "Polygon", "coordinates": [ [ [ -46.767567, -23.674083 ], [ -46.767255, -23.674047 ], [ -46.767264, -23.674356 ], [ -46.766695, -23.674376 ], [ -46.766745, -23.674925 ], [ -46.767098, -23.675248 ], [ -46.767424, -23.675089 ], [ -46.767412, -23.675024 ], [ -46.767525, -23.674976 ], [ -46.767404, -23.674688 ], [ -46.767413, -23.674644 ], [ -46.767655, -23.674578 ], [ -46.767567, -23.674083 ] ] ] } },
{ "type": "Feature", "properties": { "CD_SETOR": "355030819000650", "faces": 13, "pavimentada": 100.0, "bueiro": 23.08, "iluminacao": 100.0, "onibus": 23.08, "ciclovia": 0.0, "calcada": 100.0, "obstaculo": 100.0, "rampa": 0.0, "rampa_faces": 0.0, "sem_calcada": 0.0, "sem_arvore": 100.0, "muitas_arvores": 0.0, "vao": 100.0, "V05400": 13, "V05421": 13, "V05406": 13, "V05412": 13, "V05422": 0, "V05424": 13, "V05427": 0, "V05409": 3, "V05415": 3, "V05418": 0, "V05430": 13, "V05433": 0, "criancas_0a4": 20, "em_favela": false }, "geometry": { "type": "Polygon", "coordinates": [ [ [ -46.766176, -23.673047 ], [ -46.766271, -23.672542 ], [ -46.766181, -23.67253 ], [ -46.766249, -23.672275 ], [ -46.765733, -23.67145 ], [ -46.765811, -23.671398 ], [ -46.76632, -23.671469 ], [ -46.766289, -23.671725 ], [ -46.766503, -23.672124 ], [ -46.766652, -23.671946 ], [ -46.766936, -23.671333 ], [ -46.766714, -23.671301 ], [ -46.766535, -23.67108 ], [ -46.766295, -23.671235 ], [ -46.766025, -23.671215 ], [ -46.76591, -23.671143 ], [ -46.765626, -23.670785 ], [ -46.765467, -23.671553 ], [ -46.76562, -23.671883 ], [ -46.76559, -23.672079 ], [ -46.765472, -23.672065 ], [ -46.765351, -23.672916 ], [ -46.766176, -23.673047 ] ] ] } },
{ "type": "Feature", "properties": { "CD_SETOR": "355030819000651", "faces": 14, "pavimentada": 100.0, "bueiro": 0.0, "iluminacao": 100.0, "onibus": 0.0, "ciclovia": 0.0, "calcada": 21.43, "obstaculo": 100.0, "rampa": 0.0, "rampa_faces": 0.0, "sem_calcada": 78.57, "sem_arvore": 92.86, "muitas_arvores": 0.0, "vao": 100.0, "V05400": 14, "V05421": 3, "V05406": 14, "V05412": 14, "V05422": 11, "V05424": 3, "V05427": 0, "V05409": 0, "V05415": 0, "V05418": 0, "V05430": 13, "V05433": 0, "criancas_0a4": 8, "em_favela": true }, "geometry": { "type": "Polygon", "coordinates": [ [ [ -46.766503, -23.672124 ], [ -46.766289, -23.671725 ], [ -46.76632, -23.671469 ], [ -46.765811, -23.671398 ], [ -46.765733, -23.67145 ], [ -46.766249, -23.672275 ], [ -46.766181, -23.67253 ], [ -46.766271, -23.672542 ], [ -46.766176, -23.673047 ], [ -46.766347, -23.673166 ], [ -46.766484, -23.673357 ], [ -46.766781, -23.673166 ], [ -46.766742, -23.673091 ], [ -46.766765, -23.672915 ], [ -46.767052, -23.672859 ], [ -46.766503, -23.672124 ] ] ] } },
{ "type": "Feature", "properties": { "CD_SETOR": "355030819000652", "faces": 18, "pavimentada": 100.0, "bueiro": 0.0, "iluminacao": 100.0, "onibus": 16.67, "ciclovia": 0.0, "calcada": 44.44, "obstaculo": 100.0, "rampa": 0.0, "rampa_faces": 0.0, "sem_calcada": 55.56, "sem_arvore": 72.22, "muitas_arvores": 0.0, "vao": 100.0, "V05400": 18, "V05421": 8, "V05406": 18, "V05412": 18, "V05422": 10, "V05424": 8, "V05427": 0, "V05409": 0, "V05415": 3, "V05418": 0, "V05430": 13, "V05433": 0, "criancas_0a4": 35, "em_favela": true }, "geometry": { "type": "Polygon", "coordinates": [ [ [ -46.781075, -23.679146 ], [ -46.781157, -23.678893 ], [ -46.780618, -23.67881 ], [ -46.780484, -23.67891 ], [ -46.7803, -23.678943 ], [ -46.779898, -23.678884 ], [ -46.780356, -23.679506 ], [ -46.780118, -23.679654 ], [ -46.78059, -23.680011 ], [ -46.780444, -23.680292 ], [ -46.781228, -23.68003 ], [ -46.781106, -23.679326 ], [ -46.781186, -23.67921 ], [ -46.781075, -23.679146 ] ] ] } },
{ "type": "Feature", "properties": { "CD_SETOR": "355030819000653", "faces": 2, "pavimentada": 100.0, "bueiro": 0.0, "iluminacao": 100.0, "onibus": 100.0, "ciclovia": 0.0, "calcada": 100.0, "obstaculo": 100.0, "rampa": 0.0, "rampa_faces": 0.0, "sem_calcada": 0.0, "sem_arvore": 0.0, "muitas_arvores": 0.0, "vao": 100.0, "V05400": 2, "V05421": 2, "V05406": 2, "V05412": 2, "V05422": 0, "V05424": 2, "V05427": 0, "V05409": 0, "V05415": 2, "V05418": 0, "V05430": 0, "V05433": 0, "criancas_0a4": 0, "em_favela": false }, "geometry": { "type": "Polygon", "coordinates": [ [ [ -46.780444, -23.680292 ], [ -46.78059, -23.680011 ], [ -46.780118, -23.679654 ], [ -46.780356, -23.679506 ], [ -46.779898, -23.678884 ], [ -46.77902, -23.678728 ], [ -46.779745, -23.679809 ], [ -46.780444, -23.680292 ] ] ] } },
{ "type": "Feature", "properties": { "CD_SETOR": "355030819000654", "faces": 19, "pavimentada": 100.0, "bueiro": 31.58, "iluminacao": 100.0, "onibus": 47.37, "ciclovia": 0.0, "calcada": 73.68, "obstaculo": 100.0, "rampa": 0.0, "rampa_faces": 0.0, "sem_calcada": 26.32, "sem_arvore": 57.89, "muitas_arvores": 0.0, "vao": 100.0, "V05400": 19, "V05421": 14, "V05406": 19, "V05412": 19, "V05422": 5, "V05424": 14, "V05427": 0, "V05409": 6, "V05415": 9, "V05418": 0, "V05430": 11, "V05433": 0, "criancas_0a4": 38, "em_favela": false }, "geometry": { "type": "Polygon", "coordinates": [ [ [ -46.782295, -23.682321 ], [ -46.782303, -23.682352 ], [ -46.781881, -23.682586 ], [ -46.781792, -23.682271 ], [ -46.781805, -23.681878 ], [ -46.781219, -23.681865 ], [ -46.781337, -23.683136 ], [ -46.781417, -23.683527 ], [ -46.78249, -23.684089 ], [ -46.782614, -23.683801 ], [ -46.782599, -23.683434 ], [ -46.782707, -23.682876 ], [ -46.783461, -23.68288 ], [ -46.783466, -23.682352 ], [ -46.782295, -23.682321 ] ] ] } },
{ "type": "Feature", "properties": { "CD_SETOR": "355030819000655", "faces": 4, "pavimentada": 100.0, "bueiro": 25.0, "iluminacao": 100.0, "onibus": 0.0, "ciclovia": 0.0, "calcada": 50.0, "obstaculo": 100.0, "rampa": 0.0, "rampa_faces": 0.0, "sem_calcada": 50.0, "sem_arvore": 75.0, "muitas_arvores": 0.0, "vao": 100.0, "V05400": 4, "V05421": 2, "V05406": 4, "V05412": 4, "V05422": 2, "V05424": 2, "V05427": 0, "V05409": 1, "V05415": 0, "V05418": 0, "V05430": 3, "V05433": 0, "criancas_0a4": 0, "em_favela": false }, "geometry": { "type": "Polygon", "coordinates": [ [ [ -46.782242, -23.681992 ], [ -46.781976, -23.681888 ], [ -46.781805, -23.681878 ], [ -46.781792, -23.682271 ], [ -46.781881, -23.682586 ], [ -46.782303, -23.682352 ], [ -46.782189, -23.68216 ], [ -46.782242, -23.681992 ] ] ] } },
{ "type": "Feature", "properties": { "CD_SETOR": "355030819000656", "faces": 11, "pavimentada": 100.0, "bueiro": 90.91, "iluminacao": 100.0, "onibus": 27.27, "ciclovia": 0.0, "calcada": 100.0, "obstaculo": 100.0, "rampa": 0.0, "rampa_faces": 0.0, "sem_calcada": 0.0, "sem_arvore": 45.45, "muitas_arvores": 27.27, "vao": 100.0, "V05400": 11, "V05421": 11, "V05406": 11, "V05412": 11, "V05422": 0, "V05424": 11, "V05427": 0, "V05409": 10, "V05415": 3, "V05418": 0, "V05430": 5, "V05433": 3, "criancas_0a4": 27, "em_favela": false }, "geometry": { "type": "Polygon", "coordinates": [ [ [ -46.782054, -23.681451 ], [ -46.782619, -23.681767 ], [ -46.782509, -23.681861 ], [ -46.782544, -23.681894 ], [ -46.783009, -23.68203 ], [ -46.784163, -23.681704 ], [ -46.784792, -23.68073 ], [ -46.784253, -23.680467 ], [ -46.783442, -23.681635 ], [ -46.782334, -23.680426 ], [ -46.782252, -23.680519 ], [ -46.782169, -23.680778 ], [ -46.782285, -23.681281 ], [ -46.782214, -23.681382 ], [ -46.782054, -23.681451 ] ] ] } },
{ "type": "Feature", "properties": { "CD_SETOR": "355030819000657", "faces": 8, "pavimentada": 100.0, "bueiro": 50.0, "iluminacao": 87.5, "onibus": 0.0, "ciclovia": 0.0, "calcada": 100.0, "obstaculo": 100.0, "rampa": 0.0, "rampa_faces": 0.0, "sem_calcada": 0.0, "sem_arvore": 50.0, "muitas_arvores": 0.0, "vao": 100.0, "V05400": 8, "V05421": 8, "V05406": 8, "V05412": 7, "V05422": 0, "V05424": 8, "V05427": 0, "V05409": 4, "V05415": 0, "V05418": 0, "V05430": 4, "V05433": 0, "criancas_0a4": 7, "em_favela": false }, "geometry": { "type": "Polygon", "coordinates": [ [ [ -46.781805, -23.681878 ], [ -46.781976, -23.681888 ], [ -46.782242, -23.681992 ], [ -46.782619, -23.681767 ], [ -46.782054, -23.681451 ], [ -46.781838, -23.681572 ], [ -46.781805, -23.681878 ] ] ] } }
]
}
