{
"type": "FeatureCollection",
"name": "jacana",
"crs": { "type": "name", "properties": { "name": "urn:ogc:def:crs:OGC:1.3:CRS84" } },
"xy_coordinate_resolution": 1e-06,
"features": [
{ "type": "Feature", "properties": { "CD_SETOR": "355030839000001", "faces": 4, "pavimentada": 100.0, "bueiro": 75.0, "iluminacao": 100.0, "onibus": 50.0, "ciclovia": 0.0, "calcada": 100.0, "obstaculo": 100.0, "rampa": 0.0, "rampa_faces": 0.0, "sem_calcada": 0.0, "sem_arvore": 25.0, "muitas_arvores": 25.0, "vao": 100.0, "V05400": 4, "V05421": 4, "V05406": 4, "V05412": 4, "V05422": 0, "V05424": 4, "V05427": 0, "V05409": 3, "V05415": 2, "V05418": 0, "V05430": 1, "V05433": 1, "criancas_0a4": 31, "em_favela": false }, "geometry": { "type": "Polygon", "coordinates": [ [ [ -46.575179, -23.462915 ], [ -46.577054, -23.464137 ], [ -46.580123, -23.465878 ], [ -46.580236, -23.465283 ], [ -46.579295, -23.464831 ], [ -46.576544, -23.463232 ], [ -46.575507, -23.46245 ], [ -46.575179, -23.462915 ] ] ] } },
{ "type": "Feature", "properties": { "CD_SETOR": "355030839000002", "faces": 32, "pavimentada": 100.0, "bueiro": 100.0, "iluminacao": 100.0, "onibus": 18.75, "ciclovia": 3.12, "calcada": 100.0, "obstaculo": 100.0, "rampa": 9.38, "rampa_faces": 9.38, "sem_calcada": 0.0, "sem_arvore": 34.38, "muitas_arvores": 21.88, "vao": 90.62, "V05400": 32, "V05421": 32, "V05406": 32, "V05412": 32, "V05422": 0, "V05424": 32, "V05427": 3, "V05409": 32, "V05415": 6, "V05418": 1, "V05430": 11, "V05433": 7, "criancas_0a4": 29, "em_favela": false }, "geometry": { "type": "Polygon", "coordinates": [ [ [ -46.573709, -23.464306 ], [ -46.573941, -23.465408 ], [ -46.57501, -23.465198 ], [ -46.57511, -23.465639 ], [ -46.575709, -23.465525 ], [ -46.575939, -23.466688 ], [ -46.577538, -23.46637 ], [ -46.578093, -23.468846 ], [ -46.579687, -23.468542 ], [ -46.580123, -23.465878 ], [ -46.576478, -23.463784 ], [ -46.573709, -23.464306 ] ] ] } },
{ "type": "Feature", "properties": { "CD_SETOR": "355030839000003", "faces": 14, "pavimentada": 100.0, "bueiro": 42.86, "iluminacao": 100.0, "onibus": 35.71, "ciclovia": 0.0, "calcada": 100.0, "obstaculo": 78.57, "rampa": 21.43, "rampa_faces": 21.43, "sem_calcada": 0.0, "sem_arvore": 35.71, "muitas_arvores": 42.86, "vao": 78.57, "V05400": 14, "V05421": 14, "V05406": 14, "V05412": 14, "V05422": 0, "V05424": 11, "V05427": 3, "V05409": 6, "V05415": 5, "V05418": 0, "V05430": 5, "V05433": 6, "criancas_0a4": 13, "em_favela": false }, "geometry": { "type": "Polygon", "coordinates": [ [ [ -46.580557, -23.462908 ], [ -46.580247, -23.464973 ], [ -46.580268, -23.46514 ], [ -46.579687, -23.468542 ], [ -46.582131, -23.468062 ], [ -46.581603, -23.466041 ], [ -46.582913, -23.465807 ], [ -46.583079, -23.46557 ], [ -46.582655, -23.465555 ], [ -46.58267, -23.465106 ], [ -46.580815, -23.465052 ], [ -46.581066, -23.463227 ], [ -46.581049, -23.46311 ], [ -46.580557, -23.462908 ] ] ] } },
{ "type": "Feature", "properties": { "CD_SETOR": "355030839000004", "faces": 3, "pavimentada": 100.0, "bueiro": 66.67, "iluminacao": 100.0, "onibus": 100.0, "ciclovia": 33.33, "calcada": 100.0, "obstaculo": 66.67, "rampa": 100.0, "rampa_faces": 100.0, "sem_calcada": 0.0, "sem_arvore": 33.33, "muitas_arvores": 66.67, "vao": 0.0, "V05400": 3, "V05421": 3, "V05406": 3, "V05412": 3, "V05422": 0, "V05424": 2, "V05427": 3, "V05409": 2, "V05415": 3, "V05418": 1, "V05430": 1, "V05433": 2, "criancas_0a4": 0, "em_favela": false }, "geometry": { "type": "Polygon", "coordinates": [ [ [ -46.582131, -23.468062 ], [ -46.584101, -23.46769 ], [ -46.583628, -23.46559 ], [ -46.583079, -23.46557 ], [ -46.582913, -23.465807 ], [ -46.581603, -23.466041 ], [ -46.582131, -23.468062 ] ] ] } },
{ "type": "Feature", "properties": { "CD_SETOR": "355030839000005", "faces": 46, "pavimentada": 100.0, "bueiro": 82.61, "iluminacao": 100.0, "onibus": 23.91, "ciclovia": 0.0, "calcada": 97.83, "obstaculo": 66.67, "rampa": 31.11, "rampa_faces": 30.43, "sem_calcada": 2.17, "sem_arvore": 30.43, "muitas_arvores": 39.13, "vao": 69.57, "V05400": 46, "V05421": 45, "V05406": 46, "V05412": 46, "V05422": 1, "V05424": 30, "V05427": 14, "V05409": 38, "V05415": 11, "V05418": 0, "V05430": 14, "V05433": 18, "criancas_0a4": 18, "em_favela": false }, "geometry": { "type": "Polygon", "coordinates": [ [ [ -46.582655, -23.465555 ], [ -46.583628, -23.46559 ], [ -46.583732, -23.465978 ], [ -46.584658, -23.466297 ], [ -46.584952, -23.466122 ], [ -46.58462, -23.465681 ], [ -46.58453, -23.465482 ], [ -46.584507, -23.465218 ], [ -46.583732, -23.463969 ], [ -46.583834, -23.463952 ], [ -46.583813, -23.463858 ], [ -46.583325, -23.463934 ], [ -46.582956, -23.463915 ], [ -46.582639, -23.463633 ], [ -46.582318, -23.463495 ], [ -46.582213, -23.463452 ], [ -46.582174, -23.463553 ], [ -46.581049, -23.46311 ], [ -46.581066, -23.463227 ], [ -46.580815, -23.465052 ], [ -46.58267, -23.465106 ], [ -46.582655, -23.465555 ] ] ] } },
{ "type": "Feature", "properties": { "CD_SETOR": "355030839000006", "faces": 16, "pavimentada": 100.0, "bueiro": 87.5, "iluminacao": 100.0, "onibus": 0.0, "ciclovia": 0.0, "calcada": 100.0, "obstaculo": 100.0, "rampa": 0.0, "rampa_faces": 0.0, "sem_calcada": 0.0, "sem_arvore": 68.75, "muitas_arvores": 18.75, "vao": 100.0, "V05400": 16, "V05421": 16, "V05406": 16, "V05412": 16, "V05422": 0, "V05424": 16, "V05427": 0, "V05409": 14, "V05415": 0, "V05418": 0, "V05430": 11, "V05433": 3, "criancas_0a4": 26, "em_favela": false }, "geometry": { "type": "Polygon", "coordinates": [ [ [ -46.575771, -23.462665 ], [ -46.576544, -23.463232 ], [ -46.578863, -23.464571 ], [ -46.578977, -23.46429 ], [ -46.579191, -23.464053 ], [ -46.578753, -23.463751 ], [ -46.578683, -23.463867 ], [ -46.578029, -23.463523 ], [ -46.578375, -23.462645 ], [ -46.576335, -23.46185 ], [ -46.575771, -23.462665 ] ] ] } },
{ "type": "Feature", "properties": { "CD_SETOR": "355030839000008", "faces": 18, "pavimentada": 100.0, "bueiro": 100.0, "iluminacao": 100.0, "onibus": 16.67, "ciclovia": 0.0, "calcada": 100.0, "obstaculo": 100.0, "rampa": 11.11, "rampa_faces": 11.11, "sem_calcada": 0.0, "sem_arvore": 16.67, "muitas_arvores": 27.78, "vao": 88.89, "V05400": 18, "V05421": 18, "V05406": 18, "V05412": 18, "V05422": 0, "V05424": 18, "V05427": 2, "V05409": 18, "V05415": 3, "V05418": 0, "V05430": 3, "V05433": 5, "criancas_0a4": 26, "em_favela": false }, "geometry": { "type": "Polygon", "coordinates": [ [ [ -46.572961, -23.462393 ], [ -46.573059, -23.462562 ], [ -46.573404, -23.462914 ], [ -46.573709, -23.464306 ], [ -46.576478, -23.463784 ], [ -46.573275, -23.461674 ], [ -46.572961, -23.462393 ] ] ] } },
{ "type": "Feature", "properties": { "CD_SETOR": "355030839000009", "faces": 34, "pavimentada": 100.0, "bueiro": 47.06, "iluminacao": 100.0, "onibus": 14.71, "ciclovia": 0.0, "calcada": 82.35, "obstaculo": 89.29, "rampa": 0.0, "rampa_faces": 0.0, "sem_calcada": 17.65, "sem_arvore": 41.18, "muitas_arvores": 26.47, "vao": 100.0, "V05400": 34, "V05421": 28, "V05406": 34, "V05412": 34, "V05422": 6, "V05424": 25, "V05427": 0, "V05409": 16, "V05415": 5, "V05418": 0, "V05430": 14, "V05433": 9, "criancas_0a4": 38, "em_favela": false }, "geometry": { "type": "Polygon", "coordinates": [ [ [ -46.571358, -23.46069 ], [ -46.571426, -23.466259 ], [ -46.574031, -23.465845 ], [ -46.573404, -23.462914 ], [ -46.573059, -23.462562 ], [ -46.57297, -23.462399 ], [ -46.572853, -23.462331 ], [ -46.571679, -23.460667 ], [ -46.571358, -23.46069 ] ] ] } },
{ "type": "Feature", "properties": { "CD_SETOR": "355030839000010", "faces": 41, "pavimentada": 100.0, "bueiro": 48.78, "iluminacao": 100.0, "onibus": 2.44, "ciclovia": 0.0, "calcada": 75.61, "obstaculo": 100.0, "rampa": 0.0, "rampa_faces": 0.0, "sem_calcada": 24.39, "sem_arvore": 51.22, "muitas_arvores": 4.88, "vao": 100.0, "V05400": 41, "V05421": 31, "V05406": 41, "V05412": 41, "V05422": 10, "V05424": 31, "V05427": 0, "V05409": 20, "V05415": 1, "V05418": 0, "V05430": 21, "V05433": 2, "criancas_0a4": 23, "em_favela": false }, "geometry": { "type": "Polygon", "coordinates": [ [ [ -46.573941, -23.465408 ], [ -46.574031, -23.465845 ], [ -46.571426, -23.466259 ], [ -46.571371, -23.466688 ], [ -46.572314, -23.4674 ], [ -46.575939, -23.466688 ], [ -46.575709, -23.465525 ], [ -46.57511, -23.465639 ], [ -46.57501, -23.465198 ], [ -46.573941, -23.465408 ] ] ] } },
{ "type": "Feature", "properties": { "CD_SETOR": "355030839000013", "faces": 19, "pavimentada": 100.0, "bueiro": 78.95, "iluminacao": 100.0, "onibus": 26.32, "ciclovia": 10.53, "calcada": 84.21, "obstaculo": 93.75, "rampa": 31.25, "rampa_faces": 26.32, "sem_calcada": 15.79, "sem_arvore": 42.11, "muitas_arvores": 36.84, "vao": 73.68, "V05400": 19, "V05421": 16, "V05406": 19, "V05412": 19, "V05422": 3, "V05424": 15, "V05427": 5, "V05409": 15, "V05415": 5, "V05418": 2, "V05430": 8, "V05433": 7, "criancas_0a4": 25, "em_favela": false }, "geometry": { "type": "Polygon", "coordinates": [ [ [ -46.580838, -23.468318 ], [ -46.577213, -23.46901 ], [ -46.577191, -23.470709 ], [ -46.577911, -23.470653 ], [ -46.579311, -23.470796 ], [ -46.579523, -23.469569 ], [ -46.581028, -23.46933 ], [ -46.580838, -23.468318 ] ] ] } },
{ "type": "Feature", "properties": { "CD_SETOR": "355030839000014", "faces": 21, "pavimentada": 100.0, "bueiro": 38.1, "iluminacao": 100.0, "onibus": 14.29, "ciclovia": 4.76, "calcada": 71.43, "obstaculo": 86.67, "rampa": 20.0, "rampa_faces": 14.29, "sem_calcada": 28.57, "sem_arvore": 76.19, "muitas_arvores": 0.0, "vao": 85.71, "V05400": 21, "V05421": 15, "V05406": 21, "V05412": 21, "V05422": 6, "V05424": 13, "V05427": 3, "V05409": 8, "V05415": 3, "V05418": 1, "V05430": 16, "V05433": 0, "criancas_0a4": 12, "em_favela": false }, "geometry": { "type": "Polygon", "coordinates": [ [ [ -46.582397, -23.468017 ], [ -46.580838, -23.468318 ], [ -46.581028, -23.46933 ], [ -46.579523, -23.469569 ], [ -46.579311, -23.470796 ], [ -46.581267, -23.470977 ], [ -46.581752, -23.47083 ], [ -46.581411, -23.469254 ], [ -46.58261, -23.469009 ], [ -46.582397, -23.468017 ] ] ] } },
{ "type": "Feature", "properties": { "CD_SETOR": "355030839000015", "faces": 10, "pavimentada": 100.0, "bueiro": 10.0, "iluminacao": 100.0, "onibus": 10.0, "ciclovia": 0.0, "calcada": 60.0, "obstaculo": 83.33, "rampa": 33.33, "rampa_faces": 20.0, "sem_calcada": 40.0, "sem_arvore": 80.0, "muitas_arvores": 0.0, "vao": 80.0, "V05400": 10, "V05421": 6, "V05406": 10, "V05412": 10, "V05422": 4, "V05424": 5, "V05427": 2, "V05409": 1, "V05415": 1, "V05418": 0, "V05430": 8, "V05433": 0, "criancas_0a4": 46, "em_favela": false }, "geometry": { "type": "Polygon", "coordinates": [ [ [ -46.581752, -23.47083 ], [ -46.582917, -23.470422 ], [ -46.58261, -23.469009 ], [ -46.581411, -23.469254 ], [ -46.581752, -23.47083 ] ] ] } },
{ "type": "Feature", "properties": { "CD_SETOR": "355030839000016", "faces": 36, "pavimentada": 100.0, "bueiro": 52.78, "iluminacao": 100.0, "onibus": 19.44, "ciclovia": 5.56, "calcada": 88.89, "obstaculo": 59.38, "rampa": 50.0, "rampa_faces": 44.44, "sem_calcada": 11.11, "sem_arvore": 66.67, "muitas_arvores": 8.33, "vao": 55.56, "V05400": 36, "V05421": 32, "V05406": 36, "V05412": 36, "V05422": 4, "V05424": 19, "V05427": 16, "V05409": 19, "V05415": 7, "V05418": 2, "V05430": 24, "V05433": 3, "criancas_0a4": 8, "em_favela": false }, "geometry": { "type": "Polygon", "coordinates": [ [ [ -46.582397, -23.468017 ], [ -46.582917, -23.470422 ], [ -46.584409, -23.469896 ], [ -46.584587, -23.46987 ], [ -46.58431, -23.468637 ], [ -46.584833, -23.468528 ], [ -46.585057, -23.467808 ], [ -46.585112, -23.467365 ], [ -46.585459, -23.466736 ], [ -46.585122, -23.46646 ], [ -46.584952, -23.466122 ], [ -46.584658, -23.466297 ], [ -46.583732, -23.465978 ], [ -46.584101, -23.46769 ], [ -46.582397, -23.468017 ] ] ] } },
{ "type": "Feature", "properties": { "CD_SETOR": "355030839000018", "faces": 59, "pavimentada": 100.0, "bueiro": 52.54, "iluminacao": 100.0, "onibus": 6.78, "ciclovia": 0.0, "calcada": 96.61, "obstaculo": 85.96, "rampa": 28.07, "rampa_faces": 27.12, "sem_calcada": 3.39, "sem_arvore": 22.03, "muitas_arvores": 20.34, "vao": 72.88, "V05400": 59, "V05421": 57, "V05406": 59, "V05412": 59, "V05422": 2, "V05424": 49, "V05427": 16, "V05409": 31, "V05415": 4, "V05418": 0, "V05430": 13, "V05433": 12, "criancas_0a4": 27, "em_favela": false }, "geometry": { "type": "Polygon", "coordinates": [ [ [ -46.582213, -23.463452 ], [ -46.582639, -23.463633 ], [ -46.582956, -23.463915 ], [ -46.583561, -23.463911 ], [ -46.58427, -23.463774 ], [ -46.584058, -23.462772 ], [ -46.583979, -23.462781 ], [ -46.583773, -23.461776 ], [ -46.582705, -23.461969 ], [ -46.582665, -23.461574 ], [ -46.582728, -23.461205 ], [ -46.582295, -23.460727 ], [ -46.581818, -23.46008 ], [ -46.581617, -23.460257 ], [ -46.581574, -23.46037 ], [ -46.581394, -23.462615 ], [ -46.582405, -23.463018 ], [ -46.582213, -23.463452 ] ] ] } },
{ "type": "Feature", "properties": { "CD_SETOR": "355030839000021", "faces": 28, "pavimentada": 100.0, "bueiro": 60.71, "iluminacao": 100.0, "onibus": 35.71, "ciclovia": 0.0, "calcada": 100.0, "obstaculo": 82.14, "rampa": 14.29, "rampa_faces": 14.29, "sem_calcada": 0.0, "sem_arvore": 85.71, "muitas_arvores": 0.0, "vao": 85.71, "V05400": 28, "V05421": 28, "V05406": 28, "V05412": 28, "V05422": 0, "V05424": 23, "V05427": 4, "V05409": 17, "V05415": 10, "V05418": 0, "V05430": 24, "V05433": 0, "criancas_0a4": 15, "em_favela": false }, "geometry": { "type": "Polygon", "coordinates": [ [ [ -46.574752, -23.461219 ], [ -46.577324, -23.462245 ], [ -46.577599, -23.461736 ], [ -46.580557, -23.462908 ], [ -46.58063, -23.462357 ], [ -46.579409, -23.461879 ], [ -46.578971, -23.461801 ], [ -46.57856, -23.461657 ], [ -46.577883, -23.461278 ], [ -46.574255, -23.459829 ], [ -46.574013, -23.460306 ], [ -46.575046, -23.460732 ], [ -46.574752, -23.461219 ] ] ] } },
{ "type": "Feature", "properties": { "CD_SETOR": "355030839000022", "faces": 24, "pavimentada": 100.0, "bueiro": 79.17, "iluminacao": 91.67, "onibus": 25.0, "ciclovia": 0.0, "calcada": 91.67, "obstaculo": 100.0, "rampa": 9.09, "rampa_faces": 8.33, "sem_calcada": 8.33, "sem_arvore": 62.5, "muitas_arvores": 8.33, "vao": 91.67, "V05400": 24, "V05421": 22, "V05406": 24, "V05412": 22, "V05422": 2, "V05424": 22, "V05427": 2, "V05409": 19, "V05415": 6, "V05418": 0, "V05430": 15, "V05433": 2, "criancas_0a4": 38, "em_favela": false }, "geometry": { "type": "Polygon", "coordinates": [ [ [ -46.572369, -23.458267 ], [ -46.571819, -23.460031 ], [ -46.574752, -23.461219 ], [ -46.575046, -23.460732 ], [ -46.574013, -23.460306 ], [ -46.574255, -23.459829 ], [ -46.577501, -23.461118 ], [ -46.577842, -23.460371 ], [ -46.57478, -23.459139 ], [ -46.574576, -23.459407 ], [ -46.573824, -23.458869 ], [ -46.573759, -23.458602 ], [ -46.573397, -23.458581 ], [ -46.572369, -23.458267 ] ] ] } },
{ "type": "Feature", "properties": { "CD_SETOR": "355030839000023", "faces": 6, "pavimentada": 100.0, "bueiro": 100.0, "iluminacao": 83.33, "onibus": 0.0, "ciclovia": 0.0, "calcada": 100.0, "obstaculo": 83.33, "rampa": 16.67, "rampa_faces": 16.67, "sem_calcada": 0.0, "sem_arvore": 16.67, "muitas_arvores": 16.67, "vao": 83.33, "V05400": 6, "V05421": 6, "V05406": 6, "V05412": 5, "V05422": 0, "V05424": 5, "V05427": 1, "V05409": 6, "V05415": 0, "V05418": 0, "V05430": 1, "V05433": 1, "criancas_0a4": 0, "em_favela": false }, "geometry": { "type": "Polygon", "coordinates": [ [ [ -46.570035, -23.459789 ], [ -46.569642, -23.460236 ], [ -46.57106, -23.460775 ], [ -46.571358, -23.46069 ], [ -46.571331, -23.459265 ], [ -46.570406, -23.458987 ], [ -46.570035, -23.459789 ] ] ] } },
{ "type": "Feature", "properties": { "CD_SETOR": "355030839000025", "faces": 2, "pavimentada": 100.0, "bueiro": 100.0, "iluminacao": 100.0, "onibus": 0.0, "ciclovia": 0.0, "calcada": 50.0, "obstaculo": 100.0, "rampa": 0.0, "rampa_faces": 0.0, "sem_calcada": 50.0, "sem_arvore": 100.0, "muitas_arvores": 0.0, "vao": 100.0, "V05400": 2, "V05421": 1, "V05406": 2, "V05412": 2, "V05422": 1, "V05424": 1, "V05427": 0, "V05409": 2, "V05415": 0, "V05418": 0, "V05430": 2, "V05433": 0, "criancas_0a4": 10, "em_favela": true }, "geometry": { "type": "Polygon", "coordinates": [ [ [ -46.568736, -23.462605 ], [ -46.568375, -23.463327 ], [ -46.568761, -23.463901 ], [ -46.569029, -23.463482 ], [ -46.569138, -23.463481 ], [ -46.569512, -23.463041 ], [ -46.569277, -23.462669 ], [ -46.569175, -23.462605 ], [ -46.568736, -23.462605 ] ] ] } },
{ "type": "Feature", "properties": { "CD_SETOR": "355030839000026", "faces": 14, "pavimentada": 100.0, "bueiro": 100.0, "iluminacao": 28.57, "onibus": 0.0, "ciclovia": 0.0, "calcada": 92.86, "obstaculo": 7.69, "rampa": 0.0, "rampa_faces": 0.0, "sem_calcada": 7.14, "sem_arvore": 50.0, "muitas_arvores": 35.71, "vao": 100.0, "V05400": 14, "V05421": 13, "V05406": 14, "V05412": 4, "V05422": 1, "V05424": 1, "V05427": 0, "V05409": 14, "V05415": 0, "V05418": 0, "V05430": 7, "V05433": 5, "criancas_0a4": 54, "em_favela": false }, "geometry": { "type": "Polygon", "coordinates": [ [ [ -46.570769, -23.463419 ], [ -46.570328, -23.463264 ], [ -46.570255, -23.463455 ], [ -46.569606, -23.463798 ], [ -46.570045, -23.464419 ], [ -46.570435, -23.464215 ], [ -46.570675, -23.463951 ], [ -46.570769, -23.463419 ] ] ] } },
{ "type": "Feature", "properties": { "CD_SETOR": "355030839000027", "faces": 27, "pavimentada": 96.3, "bueiro": 88.89, "iluminacao": 100.0, "onibus": 11.11, "ciclovia": 0.0, "calcada": 77.78, "obstaculo": 90.48, "rampa": 0.0, "rampa_faces": 0.0, "sem_calcada": 22.22, "sem_arvore": 81.48, "muitas_arvores": 3.7, "vao": 96.3, "V05400": 27, "V05421": 21, "V05406": 26, "V05412": 27, "V05422": 6, "V05424": 19, "V05427": 0, "V05409": 24, "V05415": 3, "V05418": 0, "V05430": 22, "V05433": 1, "criancas_0a4": 15, "em_favela": false }, "geometry": { "type": "Polygon", "coordinates": [ [ [ -46.568139, -23.464981 ], [ -46.569107, -23.466022 ], [ -46.568403, -23.466627 ], [ -46.568846, -23.46706 ], [ -46.568323, -23.467466 ], [ -46.568069, -23.467872 ], [ -46.568798, -23.468153 ], [ -46.569855, -23.468655 ], [ -46.570276, -23.468399 ], [ -46.570612, -23.4681 ], [ -46.571038, -23.46759 ], [ -46.571221, -23.467242 ], [ -46.571371, -23.466688 ], [ -46.5704, -23.466147 ], [ -46.570196, -23.465978 ], [ -46.56906, -23.464335 ], [ -46.568139, -23.464981 ] ] ] } },
{ "type": "Feature", "properties": { "CD_SETOR": "355030839000028", "faces": 2, "pavimentada": 100.0, "bueiro": 0.0, "iluminacao": 100.0, "onibus": 0.0, "ciclovia": 0.0, "calcada": 50.0, "obstaculo": 100.0, "rampa": 0.0, "rampa_faces": 0.0, "sem_calcada": 50.0, "sem_arvore": 100.0, "muitas_arvores": 0.0, "vao": 100.0, "V05400": 2, "V05421": 1, "V05406": 2, "V05412": 2, "V05422": 1, "V05424": 1, "V05427": 0, "V05409": 0, "V05415": 0, "V05418": 0, "V05430": 2, "V05433": 0, "criancas_0a4": 22, "em_favela": true }, "geometry": { "type": "Polygon", "coordinates": [ [ [ -46.571465, -23.467384 ], [ -46.571363, -23.467611 ], [ -46.571784, -23.467793 ], [ -46.571463, -23.468326 ], [ -46.571623, -23.468402 ], [ -46.571763, -23.468154 ], [ -46.572001, -23.468256 ], [ -46.572202, -23.467907 ], [ -46.571984, -23.467849 ], [ -46.571981, -23.467522 ], [ -46.571866, -23.467449 ], [ -46.57181, -23.467524 ], [ -46.571465, -23.467384 ] ] ] } },
{ "type": "Feature", "properties": { "CD_SETOR": "355030839000029", "faces": 46, "pavimentada": 100.0, "bueiro": 45.65, "iluminacao": 95.65, "onibus": 2.17, "ciclovia": 2.17, "calcada": 73.91, "obstaculo": 94.12, "rampa": 11.76, "rampa_faces": 8.7, "sem_calcada": 26.09, "sem_arvore": 54.35, "muitas_arvores": 15.22, "vao": 91.3, "V05400": 46, "V05421": 34, "V05406": 46, "V05412": 44, "V05422": 12, "V05424": 32, "V05427": 4, "V05409": 21, "V05415": 1, "V05418": 1, "V05430": 25, "V05433": 7, "criancas_0a4": 62, "em_favela": false }, "geometry": { "type": "Polygon", "coordinates": [ [ [ -46.570276, -23.468399 ], [ -46.568719, -23.469273 ], [ -46.572333, -23.471006 ], [ -46.57399, -23.468014 ], [ -46.573485, -23.467983 ], [ -46.572796, -23.46773 ], [ -46.571371, -23.466688 ], [ -46.571221, -23.467242 ], [ -46.571038, -23.46759 ], [ -46.570612, -23.4681 ], [ -46.570276, -23.468399 ] ], [ [ -46.571465, -23.467384 ], [ -46.57181, -23.467524 ], [ -46.571866, -23.467449 ], [ -46.571981, -23.467522 ], [ -46.571984, -23.467849 ], [ -46.572202, -23.467907 ], [ -46.572001, -23.468256 ], [ -46.571763, -23.468154 ], [ -46.571623, -23.468402 ], [ -46.571463, -23.468326 ], [ -46.571784, -23.467793 ], [ -46.571363, -23.467611 ], [ -46.571465, -23.467384 ] ] ] } },
{ "type": "Feature", "properties": { "CD_SETOR": "355030839000030", "faces": 21, "pavimentada": 100.0, "bueiro": 57.14, "iluminacao": 100.0, "onibus": 4.76, "ciclovia": 4.76, "calcada": 57.14, "obstaculo": 75.0, "rampa": 58.33, "rampa_faces": 33.33, "sem_calcada": 42.86, "sem_arvore": 61.9, "muitas_arvores": 14.29, "vao": 66.67, "V05400": 21, "V05421": 12, "V05406": 21, "V05412": 21, "V05422": 9, "V05424": 9, "V05427": 7, "V05409": 12, "V05415": 1, "V05418": 1, "V05430": 13, "V05433": 3, "criancas_0a4": 15, "em_favela": false }, "geometry": { "type": "Polygon", "coordinates": [ [ [ -46.572822, -23.470115 ], [ -46.57193, -23.471744 ], [ -46.572862, -23.472303 ], [ -46.573753, -23.472743 ], [ -46.574729, -23.471016 ], [ -46.572822, -23.470115 ] ] ] } },
{ "type": "Feature", "properties": { "CD_SETOR": "355030839000031", "faces": 11, "pavimentada": 100.0, "bueiro": 100.0, "iluminacao": 100.0, "onibus": 27.27, "ciclovia": 0.0, "calcada": 81.82, "obstaculo": 88.89, "rampa": 22.22, "rampa_faces": 18.18, "sem_calcada": 18.18, "sem_arvore": 18.18, "muitas_arvores": 27.27, "vao": 81.82, "V05400": 11, "V05421": 9, "V05406": 11, "V05412": 11, "V05422": 2, "V05424": 8, "V05427": 2, "V05409": 11, "V05415": 3, "V05418": 0, "V05430": 2, "V05433": 3, "criancas_0a4": 30, "em_favela": false }, "geometry": { "type": "Polygon", "coordinates": [ [ [ -46.574013, -23.472299 ], [ -46.575915, -23.473176 ], [ -46.576606, -23.471911 ], [ -46.574729, -23.471016 ], [ -46.574013, -23.472299 ] ] ] } },
{ "type": "Feature", "properties": { "CD_SETOR": "355030839000032", "faces": 23, "pavimentada": 100.0, "bueiro": 34.78, "iluminacao": 100.0, "onibus": 4.35, "ciclovia": 0.0, "calcada": 86.96, "obstaculo": 90.0, "rampa": 30.0, "rampa_faces": 26.09, "sem_calcada": 13.04, "sem_arvore": 60.87, "muitas_arvores": 30.43, "vao": 73.91, "V05400": 23, "V05421": 20, "V05406": 23, "V05412": 23, "V05422": 3, "V05424": 18, "V05427": 6, "V05409": 8, "V05415": 1, "V05418": 0, "V05430": 14, "V05433": 7, "criancas_0a4": 25, "em_favela": false }, "geometry": { "type": "Polygon", "coordinates": [ [ [ -46.576992, -23.471168 ], [ -46.576101, -23.472876 ], [ -46.578022, -23.47319 ], [ -46.578066, -23.473271 ], [ -46.579022, -23.47326 ], [ -46.57901, -23.472468 ], [ -46.578308, -23.472478 ], [ -46.578246, -23.47268 ], [ -46.577538, -23.47261 ], [ -46.577599, -23.472344 ], [ -46.577757, -23.472367 ], [ -46.577907, -23.471097 ], [ -46.576992, -23.471168 ] ] ] } },
{ "type": "Feature", "properties": { "CD_SETOR": "355030839000033", "faces": 11, "pavimentada": 100.0, "bueiro": 27.27, "iluminacao": 100.0, "onibus": 27.27, "ciclovia": 0.0, "calcada": 100.0, "obstaculo": 90.91, "rampa": 18.18, "rampa_faces": 18.18, "sem_calcada": 0.0, "sem_arvore": 9.09, "muitas_arvores": 27.27, "vao": 81.82, "V05400": 11, "V05421": 11, "V05406": 11, "V05412": 11, "V05422": 0, "V05424": 10, "V05427": 2, "V05409": 3, "V05415": 3, "V05418": 0, "V05430": 1, "V05433": 3, "criancas_0a4": 24, "em_favela": false }, "geometry": { "type": "Polygon", "coordinates": [ [ [ -46.577191, -23.470709 ], [ -46.576992, -23.471168 ], [ -46.577907, -23.471097 ], [ -46.577757, -23.472367 ], [ -46.577599, -23.472344 ], [ -46.577538, -23.47261 ], [ -46.578246, -23.47268 ], [ -46.578308, -23.472478 ], [ -46.57901, -23.472468 ], [ -46.578983, -23.470759 ], [ -46.577911, -23.470653 ], [ -46.577191, -23.470709 ] ] ] } },
{ "type": "Feature", "properties": { "CD_SETOR": "355030839000034", "faces": 13, "pavimentada": 100.0, "bueiro": 69.23, "iluminacao": 100.0, "onibus": 23.08, "ciclovia": 0.0, "calcada": 61.54, "obstaculo": 87.5, "rampa": 12.5, "rampa_faces": 7.69, "sem_calcada": 38.46, "sem_arvore": 61.54, "muitas_arvores": 7.69, "vao": 92.31, "V05400": 13, "V05421": 8, "V05406": 13, "V05412": 13, "V05422": 5, "V05424": 7, "V05427": 1, "V05409": 9, "V05415": 3, "V05418": 0, "V05430": 8, "V05433": 1, "criancas_0a4": 17, "em_favela": false }, "geometry": { "type": "Polygon", "coordinates": [ [ [ -46.57901, -23.472468 ], [ -46.580299, -23.472467 ], [ -46.580499, -23.47241 ], [ -46.580323, -23.471749 ], [ -46.580212, -23.470877 ], [ -46.578983, -23.470759 ], [ -46.57901, -23.472468 ] ] ] } },
{ "type": "Feature", "properties": { "CD_SETOR": "355030839000035", "faces": 19, "pavimentada": 100.0, "bueiro": 73.68, "iluminacao": 100.0, "onibus": 10.53, "ciclovia": 0.0, "calcada": 42.11, "obstaculo": 62.5, "rampa": 12.5, "rampa_faces": 5.26, "sem_calcada": 57.89, "sem_arvore": 57.89, "muitas_arvores": 21.05, "vao": 94.74, "V05400": 19, "V05421": 8, "V05406": 19, "V05412": 19, "V05422": 11, "V05424": 5, "V05427": 1, "V05409": 14, "V05415": 2, "V05418": 0, "V05430": 11, "V05433": 4, "criancas_0a4": 25, "em_favela": false }, "geometry": { "type": "Polygon", "coordinates": [ [ [ -46.57901, -23.472468 ], [ -46.579025, -23.473659 ], [ -46.579536, -23.47365 ], [ -46.579776, -23.473758 ], [ -46.579943, -23.473573 ], [ -46.580972, -23.472954 ], [ -46.581576, -23.472993 ], [ -46.581773, -23.472799 ], [ -46.581682, -23.472677 ], [ -46.581457, -23.472621 ], [ -46.580934, -23.470945 ], [ -46.580212, -23.470877 ], [ -46.580323, -23.471749 ], [ -46.580499, -23.47241 ], [ -46.580299, -23.472467 ], [ -46.57901, -23.472468 ] ] ] } },
{ "type": "Feature", "properties": { "CD_SETOR": "355030839000036", "faces": 4, "pavimentada": 100.0, "bueiro": 75.0, "iluminacao": 100.0, "onibus": 50.0, "ciclovia": 0.0, "calcada": 100.0, "obstaculo": 75.0, "rampa": 0.0, "rampa_faces": 0.0, "sem_calcada": 0.0, "sem_arvore": 75.0, "muitas_arvores": 0.0, "vao": 100.0, "V05400": 4, "V05421": 4, "V05406": 4, "V05412": 4, "V05422": 0, "V05424": 3, "V05427": 0, "V05409": 3, "V05415": 2, "V05418": 0, "V05430": 3, "V05433": 0, "criancas_0a4": 7, "em_favela": false }, "geometry": { "type": "Polygon", "coordinates": [ [ [ -46.580934, -23.470945 ], [ -46.581457, -23.472621 ], [ -46.581682, -23.472677 ], [ -46.581773, -23.472799 ], [ -46.582061, -23.472509 ], [ -46.581492, -23.470919 ], [ -46.581267, -23.470977 ], [ -46.580934, -23.470945 ] ] ] } },
{ "type": "Feature", "properties": { "CD_SETOR": "355030839000037", "faces": 8, "pavimentada": 100.0, "bueiro": 25.0, "iluminacao": 100.0, "onibus": 50.0, "ciclovia": 0.0, "calcada": 100.0, "obstaculo": 87.5, "rampa": 62.5, "rampa_faces": 62.5, "sem_calcada": 0.0, "sem_arvore": 62.5, "muitas_arvores": 0.0, "vao": 37.5, "V05400": 8, "V05421": 8, "V05406": 8, "V05412": 8, "V05422": 0, "V05424": 7, "V05427": 5, "V05409": 2, "V05415": 4, "V05418": 0, "V05430": 5, "V05433": 0, "criancas_0a4": 22, "em_favela": false }, "geometry": { "type": "Polygon", "coordinates": [ [ [ -46.584496, -23.469871 ], [ -46.581492, -23.470919 ], [ -46.582061, -23.472509 ], [ -46.584661, -23.469993 ], [ -46.584587, -23.46987 ], [ -46.584496, -23.469871 ] ] ] } },
{ "type": "Feature", "properties": { "CD_SETOR": "355030839000038", "faces": 14, "pavimentada": 100.0, "bueiro": 78.57, "iluminacao": 85.71, "onibus": 14.29, "ciclovia": 0.0, "calcada": 85.71, "obstaculo": 75.0, "rampa": 50.0, "rampa_faces": 42.86, "sem_calcada": 14.29, "sem_arvore": 42.86, "muitas_arvores": 21.43, "vao": 57.14, "V05400": 14, "V05421": 12, "V05406": 14, "V05412": 12, "V05422": 2, "V05424": 9, "V05427": 6, "V05409": 11, "V05415": 2, "V05418": 0, "V05430": 6, "V05433": 3, "criancas_0a4": 13, "em_favela": false }, "geometry": { "type": "Polygon", "coordinates": [ [ [ -46.584587, -23.46987 ], [ -46.584708, -23.470041 ], [ -46.584959, -23.470218 ], [ -46.585209, -23.470042 ], [ -46.585405, -23.469715 ], [ -46.585079, -23.469582 ], [ -46.585016, -23.469513 ], [ -46.585393, -23.468613 ], [ -46.585332, -23.468533 ], [ -46.58549, -23.468189 ], [ -46.585934, -23.468321 ], [ -46.585887, -23.467953 ], [ -46.586131, -23.46806 ], [ -46.586474, -23.46826 ], [ -46.586311, -23.46869 ], [ -46.586749, -23.468851 ], [ -46.587282, -23.468253 ], [ -46.587475, -23.46793 ], [ -46.586347, -23.467305 ], [ -46.585459, -23.466736 ], [ -46.585112, -23.467365 ], [ -46.585057, -23.467808 ], [ -46.584833, -23.468528 ], [ -46.58431, -23.468637 ], [ -46.584587, -23.46987 ] ] ] } },
{ "type": "Feature", "properties": { "CD_SETOR": "355030839000039", "faces": 13, "pavimentada": 100.0, "bueiro": 61.54, "iluminacao": 100.0, "onibus": 15.38, "ciclovia": 0.0, "calcada": 100.0, "obstaculo": 92.31, "rampa": 7.69, "rampa_faces": 7.69, "sem_calcada": 0.0, "sem_arvore": 61.54, "muitas_arvores": 0.0, "vao": 92.31, "V05400": 13, "V05421": 13, "V05406": 13, "V05412": 13, "V05422": 0, "V05424": 12, "V05427": 1, "V05409": 8, "V05415": 2, "V05418": 0, "V05430": 8, "V05433": 0, "criancas_0a4": 14, "em_favela": false }, "geometry": { "type": "Polygon", "coordinates": [ [ [ -46.585887, -23.467953 ], [ -46.585946, -23.468559 ], [ -46.585743, -23.469008 ], [ -46.586554, -23.469313 ], [ -46.586662, -23.469069 ], [ -46.587362, -23.469347 ], [ -46.587836, -23.469777 ], [ -46.588446, -23.46919 ], [ -46.587751, -23.468569 ], [ -46.587908, -23.468073 ], [ -46.587475, -23.46793 ], [ -46.587282, -23.468253 ], [ -46.586749, -23.468851 ], [ -46.586311, -23.46869 ], [ -46.586474, -23.46826 ], [ -46.585887, -23.467953 ] ] ] } },
{ "type": "Feature", "properties": { "CD_SETOR": "355030839000040", "faces": 9, "pavimentada": 100.0, "bueiro": 33.33, "iluminacao": 77.78, "onibus": 22.22, "ciclovia": 0.0, "calcada": 66.67, "obstaculo": 83.33, "rampa": 83.33, "rampa_faces": 55.56, "sem_calcada": 33.33, "sem_arvore": 55.56, "muitas_arvores": 11.11, "vao": 44.44, "V05400": 9, "V05421": 6, "V05406": 9, "V05412": 7, "V05422": 3, "V05424": 5, "V05427": 5, "V05409": 3, "V05415": 2, "V05418": 0, "V05430": 5, "V05433": 1, "criancas_0a4": 17, "em_favela": false }, "geometry": { "type": "Polygon", "coordinates": [ [ [ -46.587908, -23.468073 ], [ -46.587751, -23.468569 ], [ -46.589251, -23.469892 ], [ -46.589631, -23.47001 ], [ -46.590247, -23.468072 ], [ -46.589773, -23.467956 ], [ -46.589418, -23.467934 ], [ -46.588171, -23.468088 ], [ -46.587908, -23.468073 ] ] ] } },
{ "type": "Feature", "properties": { "CD_SETOR": "355030839000041", "faces": 19, "pavimentada": 100.0, "bueiro": 52.63, "iluminacao": 100.0, "onibus": 36.84, "ciclovia": 0.0, "calcada": 89.47, "obstaculo": 82.35, "rampa": 17.65, "rampa_faces": 15.79, "sem_calcada": 10.53, "sem_arvore": 63.16, "muitas_arvores": 15.79, "vao": 84.21, "V05400": 19, "V05421": 17, "V05406": 19, "V05412": 19, "V05422": 2, "V05424": 14, "V05427": 3, "V05409": 10, "V05415": 7, "V05418": 0, "V05430": 12, "V05433": 3, "criancas_0a4": 16, "em_favela": false }, "geometry": { "type": "Polygon", "coordinates": [ [ [ -46.591191, -23.465902 ], [ -46.590247, -23.468072 ], [ -46.591421, -23.468584 ], [ -46.591634, -23.46863 ], [ -46.592034, -23.468612 ], [ -46.592679, -23.46843 ], [ -46.593432, -23.468082 ], [ -46.591922, -23.466711 ], [ -46.591686, -23.466409 ], [ -46.591711, -23.466039 ], [ -46.591191, -23.465902 ] ] ] } },
{ "type": "Feature", "properties": { "CD_SETOR": "355030839000042", "faces": 28, "pavimentada": 100.0, "bueiro": 60.71, "iluminacao": 100.0, "onibus": 3.57, "ciclovia": 0.0, "calcada": 100.0, "obstaculo": 92.86, "rampa": 7.14, "rampa_faces": 7.14, "sem_calcada": 0.0, "sem_arvore": 39.29, "muitas_arvores": 28.57, "vao": 92.86, "V05400": 28, "V05421": 28, "V05406": 28, "V05412": 28, "V05422": 0, "V05424": 26, "V05427": 2, "V05409": 17, "V05415": 1, "V05418": 0, "V05430": 11, "V05433": 8, "criancas_0a4": 28, "em_favela": false }, "geometry": { "type": "Polygon", "coordinates": [ [ [ -46.591711, -23.466039 ], [ -46.591686, -23.466409 ], [ -46.591922, -23.466711 ], [ -46.593432, -23.468082 ], [ -46.593876, -23.467885 ], [ -46.594945, -23.467028 ], [ -46.595502, -23.466716 ], [ -46.594882, -23.465734 ], [ -46.594037, -23.465941 ], [ -46.593664, -23.465906 ], [ -46.593152, -23.465361 ], [ -46.592577, -23.464872 ], [ -46.591962, -23.464187 ], [ -46.591722, -23.464022 ], [ -46.591673, -23.464396 ], [ -46.591917, -23.46482 ], [ -46.591937, -23.464962 ], [ -46.591711, -23.466039 ] ] ] } },
{ "type": "Feature", "properties": { "CD_SETOR": "355030839000043", "faces": 25, "pavimentada": 100.0, "bueiro": 44.0, "iluminacao": 96.0, "onibus": 0.0, "ciclovia": 0.0, "calcada": 84.0, "obstaculo": 100.0, "rampa": 9.52, "rampa_faces": 8.0, "sem_calcada": 16.0, "sem_arvore": 68.0, "muitas_arvores": 12.0, "vao": 92.0, "V05400": 25, "V05421": 21, "V05406": 25, "V05412": 24, "V05422": 4, "V05424": 21, "V05427": 2, "V05409": 11, "V05415": 0, "V05418": 0, "V05430": 17, "V05433": 3, "criancas_0a4": 40, "em_favela": false }, "geometry": { "type": "Polygon", "coordinates": [ [ [ -46.586698, -23.466145 ], [ -46.588154, -23.466596 ], [ -46.58834, -23.46572 ], [ -46.587398, -23.465542 ], [ -46.58772, -23.464164 ], [ -46.588629, -23.464334 ], [ -46.589464, -23.464289 ], [ -46.589831, -23.464167 ], [ -46.590226, -23.464278 ], [ -46.589839, -23.465512 ], [ -46.591711, -23.466039 ], [ -46.591937, -23.464962 ], [ -46.591917, -23.46482 ], [ -46.591673, -23.464396 ], [ -46.591722, -23.464022 ], [ -46.590807, -23.463458 ], [ -46.590673, -23.463403 ], [ -46.590407, -23.463389 ], [ -46.590211, -23.463453 ], [ -46.589889, -23.463787 ], [ -46.589748, -23.463858 ], [ -46.589097, -23.463982 ], [ -46.588647, -23.463947 ], [ -46.588363, -23.463838 ], [ -46.588158, -23.46368 ], [ -46.587676, -23.462951 ], [ -46.586698, -23.466145 ] ] ] } },
{ "type": "Feature", "properties": { "CD_SETOR": "355030839000044", "faces": 23, "pavimentada": 100.0, "bueiro": 21.74, "iluminacao": 82.61, "onibus": 17.39, "ciclovia": 0.0, "calcada": 56.52, "obstaculo": 100.0, "rampa": 0.0, "rampa_faces": 0.0, "sem_calcada": 43.48, "sem_arvore": 73.91, "muitas_arvores": 0.0, "vao": 100.0, "V05400": 23, "V05421": 13, "V05406": 23, "V05412": 19, "V05422": 10, "V05424": 13, "V05427": 0, "V05409": 5, "V05415": 4, "V05418": 0, "V05430": 17, "V05433": 0, "criancas_0a4": 22, "em_favela": false }, "geometry": { "type": "Polygon", "coordinates": [ [ [ -46.588465, -23.465119 ], [ -46.588154, -23.466596 ], [ -46.589263, -23.466879 ], [ -46.590218, -23.466959 ], [ -46.590667, -23.467127 ], [ -46.591191, -23.465902 ], [ -46.588465, -23.465119 ] ] ] } },
{ "type": "Feature", "properties": { "CD_SETOR": "355030839000045", "faces": 5, "pavimentada": 100.0, "bueiro": 100.0, "iluminacao": 100.0, "onibus": 40.0, "ciclovia": 0.0, "calcada": 100.0, "obstaculo": 80.0, "rampa": 80.0, "rampa_faces": 80.0, "sem_calcada": 0.0, "sem_arvore": 20.0, "muitas_arvores": 80.0, "vao": 20.0, "V05400": 5, "V05421": 5, "V05406": 5, "V05412": 5, "V05422": 0, "V05424": 4, "V05427": 4, "V05409": 5, "V05415": 2, "V05418": 0, "V05430": 1, "V05433": 4, "criancas_0a4": 22, "em_favela": false }, "geometry": { "type": "Polygon", "coordinates": [ [ [ -46.585547, -23.459662 ], [ -46.585511, -23.460165 ], [ -46.585682, -23.461108 ], [ -46.585752, -23.462062 ], [ -46.586545, -23.461868 ], [ -46.586536, -23.462012 ], [ -46.585479, -23.464742 ], [ -46.585236, -23.465305 ], [ -46.585169, -23.46537 ], [ -46.585498, -23.465739 ], [ -46.586079, -23.465943 ], [ -46.58718, -23.46228 ], [ -46.586853, -23.461853 ], [ -46.586339, -23.460862 ], [ -46.585547, -23.459662 ] ] ] } },
{ "type": "Feature", "properties": { "CD_SETOR": "355030839000046", "faces": 7, "pavimentada": 100.0, "bueiro": 71.43, "iluminacao": 71.43, "onibus": 28.57, "ciclovia": 0.0, "calcada": 71.43, "obstaculo": 100.0, "rampa": 80.0, "rampa_faces": 57.14, "sem_calcada": 28.57, "sem_arvore": 28.57, "muitas_arvores": 57.14, "vao": 42.86, "V05400": 7, "V05421": 5, "V05406": 7, "V05412": 5, "V05422": 2, "V05424": 5, "V05427": 4, "V05409": 5, "V05415": 2, "V05418": 0, "V05430": 2, "V05433": 4, "criancas_0a4": 35, "em_favela": false }, "geometry": { "type": "Polygon", "coordinates": [ [ [ -46.585752, -23.462062 ], [ -46.584585, -23.46397 ], [ -46.584588, -23.464116 ], [ -46.584674, -23.464306 ], [ -46.584992, -23.464647 ], [ -46.585111, -23.465389 ], [ -46.585236, -23.465305 ], [ -46.585479, -23.464742 ], [ -46.58647, -23.4622 ], [ -46.586545, -23.461868 ], [ -46.585752, -23.462062 ] ] ] } },
{ "type": "Feature", "properties": { "CD_SETOR": "355030839000047", "faces": 16, "pavimentada": 100.0, "bueiro": 87.5, "iluminacao": 100.0, "onibus": 43.75, "ciclovia": 0.0, "calcada": 87.5, "obstaculo": 71.43, "rampa": 14.29, "rampa_faces": 12.5, "sem_calcada": 12.5, "sem_arvore": 31.25, "muitas_arvores": 56.25, "vao": 87.5, "V05400": 16, "V05421": 14, "V05406": 16, "V05412": 16, "V05422": 2, "V05424": 10, "V05427": 2, "V05409": 14, "V05415": 7, "V05418": 0, "V05430": 5, "V05433": 9, "criancas_0a4": 13, "em_favela": false }, "geometry": { "type": "Polygon", "coordinates": [ [ [ -46.582834, -23.460858 ], [ -46.582665, -23.461574 ], [ -46.582705, -23.461969 ], [ -46.584318, -23.461676 ], [ -46.584114, -23.460631 ], [ -46.583901, -23.460671 ], [ -46.583779, -23.459926 ], [ -46.58533, -23.459667 ], [ -46.585535, -23.459753 ], [ -46.585547, -23.459662 ], [ -46.58492, -23.45871 ], [ -46.584568, -23.458389 ], [ -46.584518, -23.458364 ], [ -46.583346, -23.460259 ], [ -46.582956, -23.460657 ], [ -46.582834, -23.460858 ] ] ] } },
{ "type": "Feature", "properties": { "CD_SETOR": "355030839000048", "faces": 4, "pavimentada": 100.0, "bueiro": 100.0, "iluminacao": 100.0, "onibus": 25.0, "ciclovia": 0.0, "calcada": 100.0, "obstaculo": 75.0, "rampa": 50.0, "rampa_faces": 50.0, "sem_calcada": 0.0, "sem_arvore": 25.0, "muitas_arvores": 50.0, "vao": 50.0, "V05400": 4, "V05421": 4, "V05406": 4, "V05412": 4, "V05422": 0, "V05424": 3, "V05427": 2, "V05409": 4, "V05415": 1, "V05418": 0, "V05430": 1, "V05433": 2, "criancas_0a4": 19, "em_favela": false }, "geometry": { "type": "Polygon", "coordinates": [ [ [ -46.584318, -23.461676 ], [ -46.585718, -23.461416 ], [ -46.585511, -23.460165 ], [ -46.585535, -23.459753 ], [ -46.58533, -23.459667 ], [ -46.583779, -23.459926 ], [ -46.583901, -23.460671 ], [ -46.584114, -23.460631 ], [ -46.584318, -23.461676 ] ] ] } },
{ "type": "Feature", "properties": { "CD_SETOR": "355030839000049", "faces": 17, "pavimentada": 100.0, "bueiro": 88.24, "iluminacao": 64.71, "onibus": 0.0, "ciclovia": 0.0, "calcada": 0.0, "obstaculo": null, "rampa": null, "rampa_faces": 0.0, "sem_calcada": 100.0, "sem_arvore": 70.59, "muitas_arvores": 0.0, "vao": 100.0, "V05400": 17, "V05421": 0, "V05406": 17, "V05412": 11, "V05422": 17, "V05424": 0, "V05427": 0, "V05409": 15, "V05415": 0, "V05418": 0, "V05430": 12, "V05433": 0, "criancas_0a4": 86, "em_favela": true }, "geometry": { "type": "Polygon", "coordinates": [ [ [ -46.56936, -23.462794 ], [ -46.569512, -23.463041 ], [ -46.569442, -23.463149 ], [ -46.570328, -23.463264 ], [ -46.571415, -23.463656 ], [ -46.571379, -23.461805 ], [ -46.570778, -23.462034 ], [ -46.570708, -23.461959 ], [ -46.570466, -23.461887 ], [ -46.570111, -23.461927 ], [ -46.569787, -23.46211 ], [ -46.569722, -23.4621 ], [ -46.569651, -23.462139 ], [ -46.56936, -23.462794 ] ] ] } },
{ "type": "Feature", "properties": { "CD_SETOR": "355030839000051", "faces": 5, "pavimentada": 100.0, "bueiro": 0.0, "iluminacao": 80.0, "onibus": 0.0, "ciclovia": 0.0, "calcada": 40.0, "obstaculo": 100.0, "rampa": 0.0, "rampa_faces": 0.0, "sem_calcada": 60.0, "sem_arvore": 100.0, "muitas_arvores": 0.0, "vao": 100.0, "V05400": 5, "V05421": 2, "V05406": 5, "V05412": 4, "V05422": 3, "V05424": 2, "V05427": 0, "V05409": 0, "V05415": 0, "V05418": 0, "V05430": 5, "V05433": 0, "criancas_0a4": 0, "em_favela": true }, "geometry": { "type": "Polygon", "coordinates": [ [ [ -46.578961, -23.456753 ], [ -46.578561, -23.457227 ], [ -46.57857, -23.457393 ], [ -46.579075, -23.457858 ], [ -46.579402, -23.457666 ], [ -46.579367, -23.457568 ], [ -46.579162, -23.457361 ], [ -46.578961, -23.456753 ] ] ] } },
{ "type": "Feature", "properties": { "CD_SETOR": "355030839000052", "faces": 8, "pavimentada": 100.0, "bueiro": 87.5, "iluminacao": 87.5, "onibus": 0.0, "ciclovia": 0.0, "calcada": 100.0, "obstaculo": 50.0, "rampa": 0.0, "rampa_faces": 0.0, "sem_calcada": 0.0, "sem_arvore": 87.5, "muitas_arvores": 0.0, "vao": 100.0, "V05400": 8, "V05421": 8, "V05406": 8, "V05412": 7, "V05422": 0, "V05424": 4, "V05427": 0, "V05409": 7, "V05415": 0, "V05418": 0, "V05430": 7, "V05433": 0, "criancas_0a4": 23, "em_favela": false }, "geometry": { "type": "Polygon", "coordinates": [ [ [ -46.572369, -23.458267 ], [ -46.573526, -23.458602 ], [ -46.573759, -23.458602 ], [ -46.573954, -23.458509 ], [ -46.57358, -23.458063 ], [ -46.573579, -23.457902 ], [ -46.573744, -23.457432 ], [ -46.573736, -23.457191 ], [ -46.573315, -23.457254 ], [ -46.572771, -23.457021 ], [ -46.572369, -23.458267 ] ] ] } },
{ "type": "Feature", "properties": { "CD_SETOR": "355030839000053", "faces": 31, "pavimentada": 87.1, "bueiro": 54.84, "iluminacao": 77.42, "onibus": 9.68, "ciclovia": 0.0, "calcada": 67.74, "obstaculo": 85.71, "rampa": 0.0, "rampa_faces": 0.0, "sem_calcada": 32.26, "sem_arvore": 48.39, "muitas_arvores": 35.48, "vao": 87.1, "V05400": 31, "V05421": 21, "V05406": 27, "V05412": 24, "V05422": 10, "V05424": 18, "V05427": 0, "V05409": 17, "V05415": 3, "V05418": 0, "V05430": 15, "V05433": 11, "criancas_0a4": 49, "em_favela": false }, "geometry": { "type": "Polygon", "coordinates": [ [ [ -46.571169, -23.45658 ], [ -46.571331, -23.459265 ], [ -46.571987, -23.45951 ], [ -46.572771, -23.457021 ], [ -46.573315, -23.457254 ], [ -46.573938, -23.457175 ], [ -46.573994, -23.457376 ], [ -46.573887, -23.457861 ], [ -46.573931, -23.457979 ], [ -46.574022, -23.458001 ], [ -46.574337, -23.45736 ], [ -46.574453, -23.45657 ], [ -46.574355, -23.456422 ], [ -46.574159, -23.456366 ], [ -46.574171, -23.456159 ], [ -46.573603, -23.456254 ], [ -46.573442, -23.456233 ], [ -46.573075, -23.455782 ], [ -46.573095, -23.455515 ], [ -46.571424, -23.454683 ], [ -46.571304, -23.454302 ], [ -46.571373, -23.454161 ], [ -46.572079, -23.454059 ], [ -46.571762, -23.453861 ], [ -46.571451, -23.453736 ], [ -46.571172, -23.453524 ], [ -46.571197, -23.453759 ], [ -46.571287, -23.453787 ], [ -46.571211, -23.45418 ], [ -46.571155, -23.454192 ], [ -46.571066, -23.453819 ], [ -46.570924, -23.453669 ], [ -46.570739, -23.452965 ], [ -46.570389, -23.452882 ], [ -46.57095, -23.455091 ], [ -46.571169, -23.45658 ] ] ] } },
{ "type": "Feature", "properties": { "CD_SETOR": "355030839000054", "faces": 20, "pavimentada": 100.0, "bueiro": 95.0, "iluminacao": 95.0, "onibus": 15.0, "ciclovia": 0.0, "calcada": 85.0, "obstaculo": 94.12, "rampa": 0.0, "rampa_faces": 0.0, "sem_calcada": 15.0, "sem_arvore": 55.0, "muitas_arvores": 5.0, "vao": 100.0, "V05400": 20, "V05421": 17, "V05406": 20, "V05412": 19, "V05422": 3, "V05424": 16, "V05427": 0, "V05409": 19, "V05415": 3, "V05418": 0, "V05430": 11, "V05433": 1, "criancas_0a4": 34, "em_favela": false }, "geometry": { "type": "Polygon", "coordinates": [ [ [ -46.568069, -23.467872 ], [ -46.568323, -23.467466 ], [ -46.568846, -23.46706 ], [ -46.568403, -23.466627 ], [ -46.569107, -23.466022 ], [ -46.568139, -23.464981 ], [ -46.567326, -23.465546 ], [ -46.566706, -23.46635 ], [ -46.568069, -23.467872 ] ] ] } },
{ "type": "Feature", "properties": { "CD_SETOR": "355030839000055", "faces": 19, "pavimentada": 100.0, "bueiro": 100.0, "iluminacao": 100.0, "onibus": 21.05, "ciclovia": 0.0, "calcada": 94.74, "obstaculo": 100.0, "rampa": 0.0, "rampa_faces": 0.0, "sem_calcada": 5.26, "sem_arvore": 57.89, "muitas_arvores": 10.53, "vao": 100.0, "V05400": 19, "V05421": 18, "V05406": 19, "V05412": 19, "V05422": 1, "V05424": 18, "V05427": 0, "V05409": 19, "V05415": 4, "V05418": 0, "V05430": 11, "V05433": 2, "criancas_0a4": 44, "em_favela": false }, "geometry": { "type": "Polygon", "coordinates": [ [ [ -46.565048, -23.468944 ], [ -46.565371, -23.469023 ], [ -46.566088, -23.469324 ], [ -46.567348, -23.470022 ], [ -46.569855, -23.468655 ], [ -46.568798, -23.468153 ], [ -46.568069, -23.467872 ], [ -46.566706, -23.46635 ], [ -46.567326, -23.465546 ], [ -46.56906, -23.464335 ], [ -46.568375, -23.463327 ], [ -46.568096, -23.463812 ], [ -46.567791, -23.46469 ], [ -46.566775, -23.465443 ], [ -46.566622, -23.465642 ], [ -46.566297, -23.466455 ], [ -46.565685, -23.467414 ], [ -46.565611, -23.468113 ], [ -46.565478, -23.468508 ], [ -46.565048, -23.468944 ] ] ] } },
{ "type": "Feature", "properties": { "CD_SETOR": "355030839000056", "faces": 18, "pavimentada": 100.0, "bueiro": 83.33, "iluminacao": 100.0, "onibus": 0.0, "ciclovia": 0.0, "calcada": 61.11, "obstaculo": 90.91, "rampa": 0.0, "rampa_faces": 0.0, "sem_calcada": 38.89, "sem_arvore": 66.67, "muitas_arvores": 16.67, "vao": 100.0, "V05400": 18, "V05421": 11, "V05406": 18, "V05412": 18, "V05422": 7, "V05424": 10, "V05427": 0, "V05409": 15, "V05415": 0, "V05418": 0, "V05430": 12, "V05433": 3, "criancas_0a4": 28, "em_favela": false }, "geometry": { "type": "Polygon", "coordinates": [ [ [ -46.56379, -23.47017 ], [ -46.564674, -23.470715 ], [ -46.565901, -23.470052 ], [ -46.567613, -23.470846 ], [ -46.567914, -23.470298 ], [ -46.566088, -23.469324 ], [ -46.565371, -23.469023 ], [ -46.565048, -23.468944 ], [ -46.564656, -23.469379 ], [ -46.564246, -23.469703 ], [ -46.56379, -23.47017 ] ] ] } },
{ "type": "Feature", "properties": { "CD_SETOR": "355030839000057", "faces": 6, "pavimentada": 100.0, "bueiro": 83.33, "iluminacao": 100.0, "onibus": 0.0, "ciclovia": 0.0, "calcada": 66.67, "obstaculo": 100.0, "rampa": 0.0, "rampa_faces": 0.0, "sem_calcada": 33.33, "sem_arvore": 83.33, "muitas_arvores": 16.67, "vao": 100.0, "V05400": 6, "V05421": 4, "V05406": 6, "V05412": 6, "V05422": 2, "V05424": 4, "V05427": 0, "V05409": 5, "V05415": 0, "V05418": 0, "V05430": 5, "V05433": 1, "criancas_0a4": 31, "em_favela": true }, "geometry": { "type": "Polygon", "coordinates": [ [ [ -46.567348, -23.470022 ], [ -46.568598, -23.470639 ], [ -46.568838, -23.470221 ], [ -46.569119, -23.47036 ], [ -46.569506, -23.469674 ], [ -46.568719, -23.469273 ], [ -46.567348, -23.470022 ] ] ] } },
{ "type": "Feature", "properties": { "CD_SETOR": "355030839000058", "faces": 34, "pavimentada": 100.0, "bueiro": 35.29, "iluminacao": 70.59, "onibus": 2.94, "ciclovia": 2.94, "calcada": 38.24, "obstaculo": 76.92, "rampa": 30.77, "rampa_faces": 11.76, "sem_calcada": 61.76, "sem_arvore": 85.29, "muitas_arvores": 0.0, "vao": 88.24, "V05400": 34, "V05421": 13, "V05406": 34, "V05412": 24, "V05422": 21, "V05424": 10, "V05427": 4, "V05409": 12, "V05415": 1, "V05418": 1, "V05430": 29, "V05433": 0, "criancas_0a4": 40, "em_favela": false }, "geometry": { "type": "Polygon", "coordinates": [ [ [ -46.569119, -23.47036 ], [ -46.57193, -23.471744 ], [ -46.572333, -23.471006 ], [ -46.569506, -23.469674 ], [ -46.569119, -23.47036 ] ] ] } },
{ "type": "Feature", "properties": { "CD_SETOR": "355030839000059", "faces": 20, "pavimentada": 90.0, "bueiro": 60.0, "iluminacao": 80.0, "onibus": 5.0, "ciclovia": 5.0, "calcada": 60.0, "obstaculo": 58.33, "rampa": 16.67, "rampa_faces": 10.0, "sem_calcada": 40.0, "sem_arvore": 55.0, "muitas_arvores": 10.0, "vao": 80.0, "V05400": 20, "V05421": 12, "V05406": 18, "V05412": 16, "V05422": 8, "V05424": 7, "V05427": 2, "V05409": 12, "V05415": 1, "V05418": 1, "V05430": 11, "V05433": 2, "criancas_0a4": 36, "em_favela": false }, "geometry": { "type": "Polygon", "coordinates": [ [ [ -46.571674, -23.472219 ], [ -46.57182, -23.472389 ], [ -46.571922, -23.472611 ], [ -46.57203, -23.472684 ], [ -46.572125, -23.472715 ], [ -46.572367, -23.47265 ], [ -46.573301, -23.472792 ], [ -46.573392, -23.472835 ], [ -46.57365, -23.47319 ], [ -46.573944, -23.473283 ], [ -46.574933, -23.47335 ], [ -46.575501, -23.473219 ], [ -46.575863, -23.473269 ], [ -46.575915, -23.473176 ], [ -46.574013, -23.472299 ], [ -46.573753, -23.472743 ], [ -46.572862, -23.472303 ], [ -46.57193, -23.471744 ], [ -46.571674, -23.472219 ] ] ] } },
{ "type": "Feature", "properties": { "CD_SETOR": "355030839000060", "faces": 24, "pavimentada": 100.0, "bueiro": 75.0, "iluminacao": 83.33, "onibus": 4.17, "ciclovia": 0.0, "calcada": 58.33, "obstaculo": 78.57, "rampa": 0.0, "rampa_faces": 0.0, "sem_calcada": 41.67, "sem_arvore": 58.33, "muitas_arvores": 0.0, "vao": 100.0, "V05400": 24, "V05421": 14, "V05406": 24, "V05412": 20, "V05422": 10, "V05424": 11, "V05427": 0, "V05409": 18, "V05415": 1, "V05418": 0, "V05430": 14, "V05433": 0, "criancas_0a4": 22, "em_favela": false }, "geometry": { "type": "Polygon", "coordinates": [ [ [ -46.576101, -23.472876 ], [ -46.575863, -23.473269 ], [ -46.576084, -23.473328 ], [ -46.576534, -23.473552 ], [ -46.576745, -23.473534 ], [ -46.577057, -23.473618 ], [ -46.577589, -23.473893 ], [ -46.578113, -23.473879 ], [ -46.579149, -23.47396 ], [ -46.579735, -23.474434 ], [ -46.580029, -23.47459 ], [ -46.58006, -23.474156 ], [ -46.579974, -23.473953 ], [ -46.579801, -23.473769 ], [ -46.579536, -23.47365 ], [ -46.579025, -23.473659 ], [ -46.579022, -23.47326 ], [ -46.578066, -23.473271 ], [ -46.578022, -23.47319 ], [ -46.576101, -23.472876 ] ] ] } },
{ "type": "Feature", "properties": { "CD_SETOR": "355030839000061", "faces": 19, "pavimentada": 100.0, "bueiro": 63.16, "iluminacao": 100.0, "onibus": 21.05, "ciclovia": 0.0, "calcada": 100.0, "obstaculo": 100.0, "rampa": 21.05, "rampa_faces": 21.05, "sem_calcada": 0.0, "sem_arvore": 57.89, "muitas_arvores": 0.0, "vao": 78.95, "V05400": 19, "V05421": 19, "V05406": 19, "V05412": 19, "V05422": 0, "V05424": 19, "V05427": 4, "V05409": 12, "V05415": 4, "V05418": 0, "V05430": 11, "V05433": 0, "criancas_0a4": 45, "em_favela": false }, "geometry": { "type": "Polygon", "coordinates": [ [ [ -46.581928, -23.472642 ], [ -46.581576, -23.472993 ], [ -46.580972, -23.472954 ], [ -46.579943, -23.473573 ], [ -46.579776, -23.473758 ], [ -46.579974, -23.473953 ], [ -46.58006, -23.474156 ], [ -46.580332, -23.474001 ], [ -46.580735, -23.473991 ], [ -46.581077, -23.474042 ], [ -46.581515, -23.474226 ], [ -46.581771, -23.4744 ], [ -46.581741, -23.474485 ], [ -46.58202, -23.474518 ], [ -46.582138, -23.474971 ], [ -46.582141, -23.475285 ], [ -46.582351, -23.475332 ], [ -46.583008, -23.475625 ], [ -46.583898, -23.474138 ], [ -46.583237, -23.473721 ], [ -46.581928, -23.472642 ] ] ] } },
{ "type": "Feature", "properties": { "CD_SETOR": "355030839000062", "faces": 29, "pavimentada": 100.0, "bueiro": 58.62, "iluminacao": 100.0, "onibus": 27.59, "ciclovia": 0.0, "calcada": 89.66, "obstaculo": 92.31, "rampa": 26.92, "rampa_faces": 24.14, "sem_calcada": 10.34, "sem_arvore": 58.62, "muitas_arvores": 13.79, "vao": 75.86, "V05400": 29, "V05421": 26, "V05406": 29, "V05412": 29, "V05422": 3, "V05424": 24, "V05427": 7, "V05409": 17, "V05415": 8, "V05418": 0, "V05430": 17, "V05433": 4, "criancas_0a4": 28, "em_favela": false }, "geometry": { "type": "Polygon", "coordinates": [ [ [ -46.58006, -23.474156 ], [ -46.580029, -23.47459 ], [ -46.580142, -23.474661 ], [ -46.580571, -23.475172 ], [ -46.581441, -23.475676 ], [ -46.581991, -23.476514 ], [ -46.582264, -23.476825 ], [ -46.582601, -23.477102 ], [ -46.583012, -23.476875 ], [ -46.583364, -23.476544 ], [ -46.58296, -23.47618 ], [ -46.582302, -23.475885 ], [ -46.582564, -23.475427 ], [ -46.582141, -23.475285 ], [ -46.582138, -23.474971 ], [ -46.58202, -23.474518 ], [ -46.581741, -23.474485 ], [ -46.581771, -23.4744 ], [ -46.581515, -23.474226 ], [ -46.581236, -23.474094 ], [ -46.580916, -23.474012 ], [ -46.580332, -23.474001 ], [ -46.58006, -23.474156 ] ] ] } },
{ "type": "Feature", "properties": { "CD_SETOR": "355030839000063", "faces": 9, "pavimentada": 100.0, "bueiro": 88.89, "iluminacao": 100.0, "onibus": 11.11, "ciclovia": 0.0, "calcada": 77.78, "obstaculo": 100.0, "rampa": 42.86, "rampa_faces": 33.33, "sem_calcada": 22.22, "sem_arvore": 55.56, "muitas_arvores": 11.11, "vao": 66.67, "V05400": 9, "V05421": 7, "V05406": 9, "V05412": 9, "V05422": 2, "V05424": 7, "V05427": 3, "V05409": 8, "V05415": 1, "V05418": 0, "V05430": 5, "V05433": 1, "criancas_0a4": 15, "em_favela": false }, "geometry": { "type": "Polygon", "coordinates": [ [ [ -46.583364, -23.476544 ], [ -46.583012, -23.476875 ], [ -46.582601, -23.477102 ], [ -46.582793, -23.477322 ], [ -46.582938, -23.47774 ], [ -46.583491, -23.478098 ], [ -46.584253, -23.477457 ], [ -46.584096, -23.477296 ], [ -46.584293, -23.476839 ], [ -46.584126, -23.476151 ], [ -46.583942, -23.476391 ], [ -46.583537, -23.476722 ], [ -46.583364, -23.476544 ] ] ] } },
{ "type": "Feature", "properties": { "CD_SETOR": "355030839000064", "faces": 20, "pavimentada": 100.0, "bueiro": 55.0, "iluminacao": 100.0, "onibus": 15.0, "ciclovia": 0.0, "calcada": 90.0, "obstaculo": 94.44, "rampa": 16.67, "rampa_faces": 15.0, "sem_calcada": 10.0, "sem_arvore": 75.0, "muitas_arvores": 0.0, "vao": 85.0, "V05400": 20, "V05421": 18, "V05406": 20, "V05412": 20, "V05422": 2, "V05424": 17, "V05427": 3, "V05409": 11, "V05415": 3, "V05418": 0, "V05430": 15, "V05433": 0, "criancas_0a4": 31, "em_favela": false }, "geometry": { "type": "Polygon", "coordinates": [ [ [ -46.582564, -23.475427 ], [ -46.582302, -23.475885 ], [ -46.58296, -23.47618 ], [ -46.583537, -23.476722 ], [ -46.583942, -23.476391 ], [ -46.584126, -23.476151 ], [ -46.584293, -23.476839 ], [ -46.584096, -23.477296 ], [ -46.584253, -23.477457 ], [ -46.58481, -23.477004 ], [ -46.584538, -23.475825 ], [ -46.584593, -23.475137 ], [ -46.584718, -23.474644 ], [ -46.583898, -23.474138 ], [ -46.583008, -23.475625 ], [ -46.582564, -23.475427 ] ] ] } },
{ "type": "Feature", "properties": { "CD_SETOR": "355030839000065", "faces": 17, "pavimentada": 100.0, "bueiro": 94.12, "iluminacao": 100.0, "onibus": 29.41, "ciclovia": 0.0, "calcada": 100.0, "obstaculo": 100.0, "rampa": 23.53, "rampa_faces": 23.53, "sem_calcada": 0.0, "sem_arvore": 35.29, "muitas_arvores": 17.65, "vao": 76.47, "V05400": 17, "V05421": 17, "V05406": 17, "V05412": 17, "V05422": 0, "V05424": 17, "V05427": 4, "V05409": 16, "V05415": 5, "V05418": 0, "V05430": 6, "V05433": 3, "criancas_0a4": 29, "em_favela": false }, "geometry": { "type": "Polygon", "coordinates": [ [ [ -46.584661, -23.469993 ], [ -46.581928, -23.472642 ], [ -46.583273, -23.473745 ], [ -46.584886, -23.472192 ], [ -46.58444, -23.471889 ], [ -46.584994, -23.471086 ], [ -46.585506, -23.470585 ], [ -46.584661, -23.469993 ] ] ] } },
{ "type": "Feature", "properties": { "CD_SETOR": "355030839000066", "faces": 20, "pavimentada": 100.0, "bueiro": 85.0, "iluminacao": 100.0, "onibus": 10.0, "ciclovia": 0.0, "calcada": 100.0, "obstaculo": 95.0, "rampa": 40.0, "rampa_faces": 40.0, "sem_calcada": 0.0, "sem_arvore": 45.0, "muitas_arvores": 20.0, "vao": 60.0, "V05400": 20, "V05421": 20, "V05406": 20, "V05412": 20, "V05422": 0, "V05424": 19, "V05427": 8, "V05409": 17, "V05415": 2, "V05418": 0, "V05430": 9, "V05433": 4, "criancas_0a4": 8, "em_favela": false }, "geometry": { "type": "Polygon", "coordinates": [ [ [ -46.58444, -23.471889 ], [ -46.586024, -23.472977 ], [ -46.587263, -23.471775 ], [ -46.585506, -23.470585 ], [ -46.584994, -23.471086 ], [ -46.58444, -23.471889 ] ] ] } },
{ "type": "Feature", "properties": { "CD_SETOR": "355030839000067", "faces": 30, "pavimentada": 100.0, "bueiro": 46.67, "iluminacao": 100.0, "onibus": 10.0, "ciclovia": 0.0, "calcada": 96.67, "obstaculo": 100.0, "rampa": 24.14, "rampa_faces": 23.33, "sem_calcada": 3.33, "sem_arvore": 53.33, "muitas_arvores": 10.0, "vao": 76.67, "V05400": 30, "V05421": 29, "V05406": 30, "V05412": 30, "V05422": 1, "V05424": 29, "V05427": 7, "V05409": 14, "V05415": 3, "V05418": 0, "V05430": 16, "V05433": 3, "criancas_0a4": 15, "em_favela": false }, "geometry": { "type": "Polygon", "coordinates": [ [ [ -46.584959, -23.470218 ], [ -46.587263, -23.471775 ], [ -46.589223, -23.469869 ], [ -46.588446, -23.46919 ], [ -46.587836, -23.469777 ], [ -46.587362, -23.469347 ], [ -46.586662, -23.469069 ], [ -46.586554, -23.469313 ], [ -46.585743, -23.469008 ], [ -46.585946, -23.468559 ], [ -46.585934, -23.468321 ], [ -46.585513, -23.468184 ], [ -46.585464, -23.468211 ], [ -46.585332, -23.468533 ], [ -46.585393, -23.468613 ], [ -46.585016, -23.469513 ], [ -46.585079, -23.469582 ], [ -46.585405, -23.469715 ], [ -46.585209, -23.470042 ], [ -46.584959, -23.470218 ] ] ] } },
{ "type": "Feature", "properties": { "CD_SETOR": "355030839000069", "faces": 18, "pavimentada": 88.89, "bueiro": 66.67, "iluminacao": 88.89, "onibus": 0.0, "ciclovia": 0.0, "calcada": 27.78, "obstaculo": 80.0, "rampa": 0.0, "rampa_faces": 0.0, "sem_calcada": 72.22, "sem_arvore": 83.33, "muitas_arvores": 0.0, "vao": 88.89, "V05400": 18, "V05421": 5, "V05406": 16, "V05412": 16, "V05422": 13, "V05424": 4, "V05427": 0, "V05409": 12, "V05415": 0, "V05418": 0, "V05430": 15, "V05433": 0, "criancas_0a4": 23, "em_favela": false }, "geometry": { "type": "Polygon", "coordinates": [ [ [ -46.56379, -23.47017 ], [ -46.563429, -23.470527 ], [ -46.562499, -23.471765 ], [ -46.561795, -23.472589 ], [ -46.561703, -23.472781 ], [ -46.561632, -23.473117 ], [ -46.561649, -23.473692 ], [ -46.562706, -23.472719 ], [ -46.563254, -23.472308 ], [ -46.566648, -23.470411 ], [ -46.565901, -23.470052 ], [ -46.564674, -23.470715 ], [ -46.56379, -23.47017 ] ] ] } },
{ "type": "Feature", "properties": { "CD_SETOR": "355030839000070", "faces": 13, "pavimentada": 100.0, "bueiro": 38.46, "iluminacao": 100.0, "onibus": 7.69, "ciclovia": 15.38, "calcada": 92.31, "obstaculo": 66.67, "rampa": 41.67, "rampa_faces": 38.46, "sem_calcada": 7.69, "sem_arvore": 46.15, "muitas_arvores": 7.69, "vao": 61.54, "V05400": 13, "V05421": 12, "V05406": 13, "V05412": 13, "V05422": 1, "V05424": 8, "V05427": 5, "V05409": 5, "V05415": 1, "V05418": 2, "V05430": 6, "V05433": 1, "criancas_0a4": 19, "em_favela": false }, "geometry": { "type": "Polygon", "coordinates": [ [ [ -46.568553, -23.473595 ], [ -46.570521, -23.474312 ], [ -46.571006, -23.473421 ], [ -46.570991, -23.473372 ], [ -46.570088, -23.472952 ], [ -46.569986, -23.472953 ], [ -46.569133, -23.472583 ], [ -46.568553, -23.473595 ] ] ] } },
{ "type": "Feature", "properties": { "CD_SETOR": "355030839000071", "faces": 3, "pavimentada": 100.0, "bueiro": 66.67, "iluminacao": 100.0, "onibus": 33.33, "ciclovia": 0.0, "calcada": 66.67, "obstaculo": 50.0, "rampa": 50.0, "rampa_faces": 33.33, "sem_calcada": 33.33, "sem_arvore": 33.33, "muitas_arvores": 66.67, "vao": 66.67, "V05400": 3, "V05421": 2, "V05406": 3, "V05412": 3, "V05422": 1, "V05424": 1, "V05427": 1, "V05409": 2, "V05415": 1, "V05418": 0, "V05430": 1, "V05433": 2, "criancas_0a4": 54, "em_favela": false }, "geometry": { "type": "Polygon", "coordinates": [ [ [ -46.562067, -23.481449 ], [ -46.562379, -23.480878 ], [ -46.562303, -23.480833 ], [ -46.561356, -23.480823 ], [ -46.561283, -23.481425 ], [ -46.562067, -23.481449 ] ] ] } },
{ "type": "Feature", "properties": { "CD_SETOR": "355030839000072", "faces": 28, "pavimentada": 100.0, "bueiro": 60.71, "iluminacao": 89.29, "onibus": 17.86, "ciclovia": 7.14, "calcada": 92.86, "obstaculo": 96.15, "rampa": 0.0, "rampa_faces": 0.0, "sem_calcada": 7.14, "sem_arvore": 89.29, "muitas_arvores": 3.57, "vao": 100.0, "V05400": 28, "V05421": 26, "V05406": 28, "V05412": 25, "V05422": 2, "V05424": 25, "V05427": 0, "V05409": 17, "V05415": 5, "V05418": 2, "V05430": 25, "V05433": 1, "criancas_0a4": 54, "em_favela": false }, "geometry": { "type": "Polygon", "coordinates": [ [ [ -46.57441, -23.454915 ], [ -46.574221, -23.455915 ], [ -46.574963, -23.456136 ], [ -46.575109, -23.456784 ], [ -46.575552, -23.456928 ], [ -46.575871, -23.457092 ], [ -46.576177, -23.457162 ], [ -46.576513, -23.457065 ], [ -46.576968, -23.456747 ], [ -46.576713, -23.456514 ], [ -46.576034, -23.456189 ], [ -46.575557, -23.456055 ], [ -46.575382, -23.455937 ], [ -46.575472, -23.455658 ], [ -46.575645, -23.454625 ], [ -46.576059, -23.453902 ], [ -46.575166, -23.453792 ], [ -46.574498, -23.453771 ], [ -46.57441, -23.454915 ] ] ] } },
{ "type": "Feature", "properties": { "CD_SETOR": "355030839000073", "faces": 10, "pavimentada": 100.0, "bueiro": 40.0, "iluminacao": 90.0, "onibus": 0.0, "ciclovia": 0.0, "calcada": 100.0, "obstaculo": 70.0, "rampa": 0.0, "rampa_faces": 0.0, "sem_calcada": 0.0, "sem_arvore": 50.0, "muitas_arvores": 10.0, "vao": 100.0, "V05400": 10, "V05421": 10, "V05406": 10, "V05412": 9, "V05422": 0, "V05424": 7, "V05427": 0, "V05409": 4, "V05415": 0, "V05418": 0, "V05430": 5, "V05433": 1, "criancas_0a4": 17, "em_favela": false }, "geometry": { "type": "Polygon", "coordinates": [ [ [ -46.574221, -23.455915 ], [ -46.574159, -23.456366 ], [ -46.574355, -23.456422 ], [ -46.574539, -23.45671 ], [ -46.574702, -23.457628 ], [ -46.574845, -23.457699 ], [ -46.575177, -23.457659 ], [ -46.575523, -23.45774 ], [ -46.575769, -23.457034 ], [ -46.575109, -23.456784 ], [ -46.574963, -23.456136 ], [ -46.574221, -23.455915 ] ] ] } },
{ "type": "Feature", "properties": { "CD_SETOR": "355030839000074", "faces": 15, "pavimentada": 100.0, "bueiro": 66.67, "iluminacao": 73.33, "onibus": 0.0, "ciclovia": 0.0, "calcada": 93.33, "obstaculo": 92.86, "rampa": 0.0, "rampa_faces": 0.0, "sem_calcada": 6.67, "sem_arvore": 66.67, "muitas_arvores": 6.67, "vao": 100.0, "V05400": 15, "V05421": 14, "V05406": 15, "V05412": 11, "V05422": 1, "V05424": 13, "V05427": 0, "V05409": 10, "V05415": 0, "V05418": 0, "V05430": 10, "V05433": 1, "criancas_0a4": 46, "em_favela": false }, "geometry": { "type": "Polygon", "coordinates": [ [ [ -46.571999, -23.453995 ], [ -46.572079, -23.454059 ], [ -46.571445, -23.454132 ], [ -46.571327, -23.454211 ], [ -46.571312, -23.454344 ], [ -46.571424, -23.454683 ], [ -46.573095, -23.455515 ], [ -46.573075, -23.455782 ], [ -46.573442, -23.456233 ], [ -46.573603, -23.456254 ], [ -46.574171, -23.456159 ], [ -46.57441, -23.454915 ], [ -46.574192, -23.455138 ], [ -46.574102, -23.455151 ], [ -46.573559, -23.454694 ], [ -46.572406, -23.453874 ], [ -46.572339, -23.453932 ], [ -46.571999, -23.453995 ] ] ] } },
{ "type": "Feature", "properties": { "CD_SETOR": "355030839000075", "faces": 22, "pavimentada": 100.0, "bueiro": 95.45, "iluminacao": 100.0, "onibus": 0.0, "ciclovia": 0.0, "calcada": 100.0, "obstaculo": 72.73, "rampa": 0.0, "rampa_faces": 0.0, "sem_calcada": 0.0, "sem_arvore": 31.82, "muitas_arvores": 36.36, "vao": 100.0, "V05400": 22, "V05421": 22, "V05406": 22, "V05412": 22, "V05422": 0, "V05424": 16, "V05427": 0, "V05409": 21, "V05415": 0, "V05418": 0, "V05430": 7, "V05433": 8, "criancas_0a4": 27, "em_favela": false }, "geometry": { "type": "Polygon", "coordinates": [ [ [ -46.564099, -23.47183 ], [ -46.565435, -23.472491 ], [ -46.56684, -23.472964 ], [ -46.567974, -23.471015 ], [ -46.566648, -23.470411 ], [ -46.564099, -23.47183 ] ] ] } },
{ "type": "Feature", "properties": { "CD_SETOR": "355030839000076", "faces": 20, "pavimentada": 100.0, "bueiro": 60.0, "iluminacao": 100.0, "onibus": 0.0, "ciclovia": 0.0, "calcada": 90.0, "obstaculo": 72.22, "rampa": 0.0, "rampa_faces": 0.0, "sem_calcada": 10.0, "sem_arvore": 40.0, "muitas_arvores": 25.0, "vao": 100.0, "V05400": 20, "V05421": 18, "V05406": 20, "V05412": 20, "V05422": 2, "V05424": 13, "V05427": 0, "V05409": 12, "V05415": 0, "V05418": 0, "V05430": 8, "V05433": 5, "criancas_0a4": 24, "em_favela": false }, "geometry": { "type": "Polygon", "coordinates": [ [ [ -46.567392, -23.473161 ], [ -46.568553, -23.473595 ], [ -46.569344, -23.472189 ], [ -46.568187, -23.471652 ], [ -46.567392, -23.473161 ] ] ] } },
{ "type": "Feature", "properties": { "CD_SETOR": "355030839000077", "faces": 8, "pavimentada": 100.0, "bueiro": 50.0, "iluminacao": 100.0, "onibus": 12.5, "ciclovia": 12.5, "calcada": 100.0, "obstaculo": 87.5, "rampa": 25.0, "rampa_faces": 25.0, "sem_calcada": 0.0, "sem_arvore": 62.5, "muitas_arvores": 12.5, "vao": 75.0, "V05400": 8, "V05421": 8, "V05406": 8, "V05412": 8, "V05422": 0, "V05424": 7, "V05427": 2, "V05409": 4, "V05415": 1, "V05418": 1, "V05430": 5, "V05433": 1, "criancas_0a4": 33, "em_favela": false }, "geometry": { "type": "Polygon", "coordinates": [ [ [ -46.56957, -23.471777 ], [ -46.569133, -23.472583 ], [ -46.569986, -23.472953 ], [ -46.570088, -23.472952 ], [ -46.570991, -23.473372 ], [ -46.571006, -23.473421 ], [ -46.571436, -23.472662 ], [ -46.56957, -23.471777 ] ] ] } },
{ "type": "Feature", "properties": { "CD_SETOR": "355030839000078", "faces": 42, "pavimentada": 100.0, "bueiro": 33.33, "iluminacao": 80.95, "onibus": 2.38, "ciclovia": 2.38, "calcada": 50.0, "obstaculo": 57.14, "rampa": 14.29, "rampa_faces": 7.14, "sem_calcada": 50.0, "sem_arvore": 80.95, "muitas_arvores": 2.38, "vao": 92.86, "V05400": 42, "V05421": 21, "V05406": 42, "V05412": 34, "V05422": 21, "V05424": 12, "V05427": 3, "V05409": 14, "V05415": 1, "V05418": 1, "V05430": 34, "V05433": 1, "criancas_0a4": 29, "em_favela": false }, "geometry": { "type": "Polygon", "coordinates": [ [ [ -46.567914, -23.470298 ], [ -46.567613, -23.470846 ], [ -46.571436, -23.472662 ], [ -46.57193, -23.471744 ], [ -46.568838, -23.470221 ], [ -46.568598, -23.470639 ], [ -46.567914, -23.470298 ] ] ] } },
{ "type": "Feature", "properties": { "CD_SETOR": "355030839000079", "faces": 7, "pavimentada": 100.0, "bueiro": 100.0, "iluminacao": 100.0, "onibus": 42.86, "ciclovia": 14.29, "calcada": 100.0, "obstaculo": 28.57, "rampa": 57.14, "rampa_faces": 57.14, "sem_calcada": 0.0, "sem_arvore": 0.0, "muitas_arvores": 100.0, "vao": 42.86, "V05400": 7, "V05421": 7, "V05406": 7, "V05412": 7, "V05422": 0, "V05424": 2, "V05427": 4, "V05409": 7, "V05415": 3, "V05418": 1, "V05430": 0, "V05433": 7, "criancas_0a4": 5, "em_favela": false }, "geometry": { "type": "Polygon", "coordinates": [ [ [ -46.56739, -23.47472 ], [ -46.567792, -23.475253 ], [ -46.568193, -23.476214 ], [ -46.568433, -23.475776 ], [ -46.568819, -23.475661 ], [ -46.568958, -23.476056 ], [ -46.568745, -23.476434 ], [ -46.568323, -23.476567 ], [ -46.568699, -23.477589 ], [ -46.569938, -23.475325 ], [ -46.569497, -23.475417 ], [ -46.567627, -23.474533 ], [ -46.56739, -23.47472 ] ] ] } },
{ "type": "Feature", "properties": { "CD_SETOR": "355030839000080", "faces": 20, "pavimentada": 100.0, "bueiro": 60.0, "iluminacao": 100.0, "onibus": 10.0, "ciclovia": 10.0, "calcada": 90.0, "obstaculo": 55.56, "rampa": 38.89, "rampa_faces": 35.0, "sem_calcada": 10.0, "sem_arvore": 70.0, "muitas_arvores": 5.0, "vao": 65.0, "V05400": 20, "V05421": 18, "V05406": 20, "V05412": 20, "V05422": 2, "V05424": 10, "V05427": 7, "V05409": 12, "V05415": 2, "V05418": 2, "V05430": 14, "V05433": 1, "criancas_0a4": 17, "em_favela": false }, "geometry": { "type": "Polygon", "coordinates": [ [ [ -46.568214, -23.474812 ], [ -46.569497, -23.475417 ], [ -46.569597, -23.475421 ], [ -46.569938, -23.475325 ], [ -46.570521, -23.474312 ], [ -46.568553, -23.473595 ], [ -46.568193, -23.474219 ], [ -46.568491, -23.474345 ], [ -46.568214, -23.474812 ] ] ] } },
{ "type": "Feature", "properties": { "CD_SETOR": "355030839000081", "faces": 18, "pavimentada": 100.0, "bueiro": 72.22, "iluminacao": 72.22, "onibus": 16.67, "ciclovia": 0.0, "calcada": 72.22, "obstaculo": 61.54, "rampa": 0.0, "rampa_faces": 0.0, "sem_calcada": 27.78, "sem_arvore": 38.89, "muitas_arvores": 38.89, "vao": 100.0, "V05400": 18, "V05421": 13, "V05406": 18, "V05412": 13, "V05422": 5, "V05424": 8, "V05427": 0, "V05409": 13, "V05415": 3, "V05418": 0, "V05430": 7, "V05433": 7, "criancas_0a4": 19, "em_favela": false }, "geometry": { "type": "Polygon", "coordinates": [ [ [ -46.563044, -23.472466 ], [ -46.564063, -23.475431 ], [ -46.564719, -23.475376 ], [ -46.564905, -23.473252 ], [ -46.563196, -23.472451 ], [ -46.563109, -23.472417 ], [ -46.563044, -23.472466 ] ] ] } },
{ "type": "Feature", "properties": { "CD_SETOR": "355030839000082", "faces": 4, "pavimentada": 100.0, "bueiro": 50.0, "iluminacao": 100.0, "onibus": 25.0, "ciclovia": 25.0, "calcada": 100.0, "obstaculo": 100.0, "rampa": 0.0, "rampa_faces": 0.0, "sem_calcada": 0.0, "sem_arvore": 25.0, "muitas_arvores": 0.0, "vao": 100.0, "V05400": 4, "V05421": 4, "V05406": 4, "V05412": 4, "V05422": 0, "V05424": 4, "V05427": 0, "V05409": 2, "V05415": 1, "V05418": 1, "V05430": 1, "V05433": 0, "criancas_0a4": 16, "em_favela": false }, "geometry": { "type": "Polygon", "coordinates": [ [ [ -46.572754, -23.449928 ], [ -46.572098, -23.45106 ], [ -46.5726, -23.451278 ], [ -46.574175, -23.451791 ], [ -46.573935, -23.451026 ], [ -46.573855, -23.451013 ], [ -46.573449, -23.450634 ], [ -46.573323, -23.450459 ], [ -46.573298, -23.45037 ], [ -46.573376, -23.449826 ], [ -46.573268, -23.449551 ], [ -46.573018, -23.449435 ], [ -46.572949, -23.449593 ], [ -46.572712, -23.449789 ], [ -46.572754, -23.449928 ] ] ] } },
{ "type": "Feature", "properties": { "CD_SETOR": "355030839000084", "faces": 27, "pavimentada": 100.0, "bueiro": 66.67, "iluminacao": 74.07, "onibus": 22.22, "ciclovia": 0.0, "calcada": 100.0, "obstaculo": 92.59, "rampa": 3.7, "rampa_faces": 3.7, "sem_calcada": 0.0, "sem_arvore": 59.26, "muitas_arvores": 11.11, "vao": 96.3, "V05400": 27, "V05421": 27, "V05406": 27, "V05412": 20, "V05422": 0, "V05424": 25, "V05427": 1, "V05409": 18, "V05415": 6, "V05418": 0, "V05430": 16, "V05433": 3, "criancas_0a4": 33, "em_favela": false }, "geometry": { "type": "Polygon", "coordinates": [ [ [ -46.571087, -23.453046 ], [ -46.570974, -23.453372 ], [ -46.571451, -23.453736 ], [ -46.571999, -23.453995 ], [ -46.572339, -23.453932 ], [ -46.572406, -23.453874 ], [ -46.573559, -23.454694 ], [ -46.574102, -23.455151 ], [ -46.574192, -23.455138 ], [ -46.57441, -23.454915 ], [ -46.574498, -23.453771 ], [ -46.575166, -23.453792 ], [ -46.574945, -23.453541 ], [ -46.574656, -23.453362 ], [ -46.57417, -23.45321 ], [ -46.574086, -23.453097 ], [ -46.573909, -23.452998 ], [ -46.573135, -23.45234 ], [ -46.572834, -23.45241 ], [ -46.572105, -23.452259 ], [ -46.572051, -23.453284 ], [ -46.571087, -23.453046 ] ] ] } },
{ "type": "Feature", "properties": { "CD_SETOR": "355030839000086", "faces": 30, "pavimentada": 100.0, "bueiro": 43.33, "iluminacao": 96.67, "onibus": 0.0, "ciclovia": 0.0, "calcada": 66.67, "obstaculo": 80.0, "rampa": 0.0, "rampa_faces": 0.0, "sem_calcada": 33.33, "sem_arvore": 80.0, "muitas_arvores": 0.0, "vao": 100.0, "V05400": 30, "V05421": 20, "V05406": 30, "V05412": 29, "V05422": 10, "V05424": 16, "V05427": 0, "V05409": 13, "V05415": 0, "V05418": 0, "V05430": 24, "V05433": 0, "criancas_0a4": 34, "em_favela": false }, "geometry": { "type": "Polygon", "coordinates": [ [ [ -46.569521, -23.450148 ], [ -46.569612, -23.450562 ], [ -46.569097, -23.450675 ], [ -46.569134, -23.450824 ], [ -46.568368, -23.451026 ], [ -46.568421, -23.451393 ], [ -46.568476, -23.451586 ], [ -46.568638, -23.451852 ], [ -46.569533, -23.452933 ], [ -46.570236, -23.453492 ], [ -46.570336, -23.453746 ], [ -46.570394, -23.454192 ], [ -46.570316, -23.454916 ], [ -46.570299, -23.456023 ], [ -46.570375, -23.456269 ], [ -46.570655, -23.456734 ], [ -46.57068, -23.456911 ], [ -46.571064, -23.456854 ], [ -46.571019, -23.456626 ], [ -46.571169, -23.45658 ], [ -46.570983, -23.455284 ], [ -46.570389, -23.452882 ], [ -46.570739, -23.452965 ], [ -46.570296, -23.45137 ], [ -46.569972, -23.449881 ], [ -46.569694, -23.449962 ], [ -46.56977, -23.450319 ], [ -46.569521, -23.450148 ] ] ] } },
{ "type": "Feature", "properties": { "CD_SETOR": "355030839000087", "faces": 9, "pavimentada": 100.0, "bueiro": 55.56, "iluminacao": 100.0, "onibus": 11.11, "ciclovia": 0.0, "calcada": 77.78, "obstaculo": 42.86, "rampa": 0.0, "rampa_faces": 0.0, "sem_calcada": 22.22, "sem_arvore": 44.44, "muitas_arvores": 33.33, "vao": 100.0, "V05400": 9, "V05421": 7, "V05406": 9, "V05412": 9, "V05422": 2, "V05424": 3, "V05427": 0, "V05409": 5, "V05415": 1, "V05418": 0, "V05430": 4, "V05433": 3, "criancas_0a4": 15, "em_favela": false }, "geometry": { "type": "Polygon", "coordinates": [ [ [ -46.563109, -23.472417 ], [ -46.566253, -23.473892 ], [ -46.566751, -23.472945 ], [ -46.565435, -23.472491 ], [ -46.564099, -23.47183 ], [ -46.563109, -23.472417 ] ] ] } },
{ "type": "Feature", "properties": { "CD_SETOR": "355030839000088", "faces": 32, "pavimentada": 100.0, "bueiro": 84.38, "iluminacao": 100.0, "onibus": 18.75, "ciclovia": 0.0, "calcada": 100.0, "obstaculo": 75.0, "rampa": 28.12, "rampa_faces": 28.12, "sem_calcada": 0.0, "sem_arvore": 6.25, "muitas_arvores": 43.75, "vao": 71.88, "V05400": 32, "V05421": 32, "V05406": 32, "V05412": 32, "V05422": 0, "V05424": 24, "V05427": 9, "V05409": 27, "V05415": 6, "V05418": 0, "V05430": 2, "V05433": 14, "criancas_0a4": 22, "em_favela": false }, "geometry": { "type": "Polygon", "coordinates": [ [ [ -46.561649, -23.473692 ], [ -46.561704, -23.474396 ], [ -46.561671, -23.474594 ], [ -46.561574, -23.474809 ], [ -46.56128, -23.475139 ], [ -46.561084, -23.475471 ], [ -46.560866, -23.476102 ], [ -46.560774, -23.476663 ], [ -46.56288, -23.476802 ], [ -46.563061, -23.476207 ], [ -46.563474, -23.47573 ], [ -46.564063, -23.475431 ], [ -46.563044, -23.472466 ], [ -46.562706, -23.472719 ], [ -46.561649, -23.473692 ] ] ] } },
{ "type": "Feature", "properties": { "CD_SETOR": "355030839000089", "faces": 22, "pavimentada": 100.0, "bueiro": 77.27, "iluminacao": 100.0, "onibus": 4.55, "ciclovia": 0.0, "calcada": 95.45, "obstaculo": 66.67, "rampa": 4.76, "rampa_faces": 4.55, "sem_calcada": 4.55, "sem_arvore": 4.55, "muitas_arvores": 45.45, "vao": 95.45, "V05400": 22, "V05421": 21, "V05406": 22, "V05412": 22, "V05422": 1, "V05424": 14, "V05427": 1, "V05409": 17, "V05415": 1, "V05418": 0, "V05430": 1, "V05433": 10, "criancas_0a4": 41, "em_favela": false }, "geometry": { "type": "Polygon", "coordinates": [ [ [ -46.564063, -23.475431 ], [ -46.563474, -23.47573 ], [ -46.563061, -23.476207 ], [ -46.56288, -23.476802 ], [ -46.560774, -23.476663 ], [ -46.560748, -23.477601 ], [ -46.560814, -23.478004 ], [ -46.561063, -23.477978 ], [ -46.5636, -23.477226 ], [ -46.564016, -23.476917 ], [ -46.564084, -23.476692 ], [ -46.564231, -23.476521 ], [ -46.564609, -23.476404 ], [ -46.564831, -23.476462 ], [ -46.565348, -23.475532 ], [ -46.565018, -23.475417 ], [ -46.564719, -23.475376 ], [ -46.564063, -23.475431 ] ] ] } },
{ "type": "Feature", "properties": { "CD_SETOR": "355030839000092", "faces": 3, "pavimentada": 100.0, "bueiro": 66.67, "iluminacao": 100.0, "onibus": 0.0, "ciclovia": 0.0, "calcada": 100.0, "obstaculo": 33.33, "rampa": 33.33, "rampa_faces": 33.33, "sem_calcada": 0.0, "sem_arvore": 33.33, "muitas_arvores": 66.67, "vao": 66.67, "V05400": 3, "V05421": 3, "V05406": 3, "V05412": 3, "V05422": 0, "V05424": 1, "V05427": 1, "V05409": 2, "V05415": 0, "V05418": 0, "V05430": 1, "V05433": 2, "criancas_0a4": 36, "em_favela": false }, "geometry": { "type": "Polygon", "coordinates": [ [ [ -46.561356, -23.480823 ], [ -46.562303, -23.480833 ], [ -46.562218, -23.480784 ], [ -46.562073, -23.47989 ], [ -46.561447, -23.479864 ], [ -46.561356, -23.480823 ] ] ] } },
{ "type": "Feature", "properties": { "CD_SETOR": "355030839000093", "faces": 14, "pavimentada": 100.0, "bueiro": 100.0, "iluminacao": 100.0, "onibus": 14.29, "ciclovia": 0.0, "calcada": 85.71, "obstaculo": 66.67, "rampa": 0.0, "rampa_faces": 0.0, "sem_calcada": 14.29, "sem_arvore": 28.57, "muitas_arvores": 14.29, "vao": 100.0, "V05400": 14, "V05421": 12, "V05406": 14, "V05412": 14, "V05422": 2, "V05424": 8, "V05427": 0, "V05409": 14, "V05415": 2, "V05418": 0, "V05430": 4, "V05433": 2, "criancas_0a4": 18, "em_favela": false }, "geometry": { "type": "Polygon", "coordinates": [ [ [ -46.562379, -23.480878 ], [ -46.56148, -23.482527 ], [ -46.561457, -23.482739 ], [ -46.561225, -23.483024 ], [ -46.561203, -23.48334 ], [ -46.56128, -23.483644 ], [ -46.561538, -23.483792 ], [ -46.561628, -23.484125 ], [ -46.561783, -23.483912 ], [ -46.563218, -23.481266 ], [ -46.562379, -23.480878 ] ] ] } },
{ "type": "Feature", "properties": { "CD_SETOR": "355030839000094", "faces": 14, "pavimentada": 100.0, "bueiro": 64.29, "iluminacao": 100.0, "onibus": 0.0, "ciclovia": 0.0, "calcada": 92.86, "obstaculo": 69.23, "rampa": 0.0, "rampa_faces": 0.0, "sem_calcada": 7.14, "sem_arvore": 7.14, "muitas_arvores": 71.43, "vao": 100.0, "V05400": 14, "V05421": 13, "V05406": 14, "V05412": 14, "V05422": 1, "V05424": 9, "V05427": 0, "V05409": 9, "V05415": 0, "V05418": 0, "V05430": 1, "V05433": 10, "criancas_0a4": 53, "em_favela": false }, "geometry": { "type": "Polygon", "coordinates": [ [ [ -46.561108, -23.487316 ], [ -46.563864, -23.485533 ], [ -46.561605, -23.484494 ], [ -46.561628, -23.484125 ], [ -46.561538, -23.483792 ], [ -46.56128, -23.483644 ], [ -46.561429, -23.484142 ], [ -46.561446, -23.48444 ], [ -46.561391, -23.485247 ], [ -46.561108, -23.487316 ] ] ] } },
{ "type": "Feature", "properties": { "CD_SETOR": "355030839000095", "faces": 16, "pavimentada": 100.0, "bueiro": 93.75, "iluminacao": 100.0, "onibus": 0.0, "ciclovia": 0.0, "calcada": 100.0, "obstaculo": 75.0, "rampa": 0.0, "rampa_faces": 0.0, "sem_calcada": 0.0, "sem_arvore": 31.25, "muitas_arvores": 31.25, "vao": 100.0, "V05400": 16, "V05421": 16, "V05406": 16, "V05412": 16, "V05422": 0, "V05424": 12, "V05427": 0, "V05409": 15, "V05415": 0, "V05418": 0, "V05430": 5, "V05433": 5, "criancas_0a4": 22, "em_favela": false }, "geometry": { "type": "Polygon", "coordinates": [ [ [ -46.561628, -23.484125 ], [ -46.561605, -23.484494 ], [ -46.563864, -23.485533 ], [ -46.564428, -23.485165 ], [ -46.561783, -23.483912 ], [ -46.561628, -23.484125 ] ] ] } },
{ "type": "Feature", "properties": { "CD_SETOR": "355030839000096", "faces": 20, "pavimentada": 100.0, "bueiro": 35.0, "iluminacao": 100.0, "onibus": 0.0, "ciclovia": 5.0, "calcada": 100.0, "obstaculo": 80.0, "rampa": 10.0, "rampa_faces": 10.0, "sem_calcada": 0.0, "sem_arvore": 10.0, "muitas_arvores": 45.0, "vao": 90.0, "V05400": 20, "V05421": 20, "V05406": 20, "V05412": 20, "V05422": 0, "V05424": 16, "V05427": 2, "V05409": 7, "V05415": 0, "V05418": 1, "V05430": 2, "V05433": 9, "criancas_0a4": 35, "em_favela": false }, "geometry": { "type": "Polygon", "coordinates": [ [ [ -46.562071, -23.483387 ], [ -46.564777, -23.484644 ], [ -46.565068, -23.484107 ], [ -46.564079, -23.483661 ], [ -46.564364, -23.483141 ], [ -46.562643, -23.482337 ], [ -46.562071, -23.483387 ] ] ] } },
{ "type": "Feature", "properties": { "CD_SETOR": "355030839000098", "faces": 23, "pavimentada": 100.0, "bueiro": 91.3, "iluminacao": 100.0, "onibus": 17.39, "ciclovia": 0.0, "calcada": 100.0, "obstaculo": 26.09, "rampa": 13.04, "rampa_faces": 13.04, "sem_calcada": 0.0, "sem_arvore": 8.7, "muitas_arvores": 52.17, "vao": 86.96, "V05400": 23, "V05421": 23, "V05406": 23, "V05412": 23, "V05422": 0, "V05424": 6, "V05427": 3, "V05409": 21, "V05415": 4, "V05418": 0, "V05430": 2, "V05433": 12, "criancas_0a4": 34, "em_favela": false }, "geometry": { "type": "Polygon", "coordinates": [ [ [ -46.562379, -23.480878 ], [ -46.564937, -23.4821 ], [ -46.566074, -23.480048 ], [ -46.565266, -23.480272 ], [ -46.564818, -23.480324 ], [ -46.56429, -23.480313 ], [ -46.563789, -23.480256 ], [ -46.562892, -23.479949 ], [ -46.562379, -23.480878 ] ] ] } },
{ "type": "Feature", "properties": { "CD_SETOR": "355030839000099", "faces": 20, "pavimentada": 100.0, "bueiro": 80.0, "iluminacao": 100.0, "onibus": 10.0, "ciclovia": 0.0, "calcada": 90.0, "obstaculo": 61.11, "rampa": 16.67, "rampa_faces": 15.0, "sem_calcada": 10.0, "sem_arvore": 25.0, "muitas_arvores": 20.0, "vao": 85.0, "V05400": 20, "V05421": 18, "V05406": 20, "V05412": 20, "V05422": 2, "V05424": 11, "V05427": 3, "V05409": 16, "V05415": 2, "V05418": 0, "V05430": 5, "V05433": 4, "criancas_0a4": 35, "em_favela": false }, "geometry": { "type": "Polygon", "coordinates": [ [ [ -46.56429, -23.480313 ], [ -46.564818, -23.480324 ], [ -46.565266, -23.480272 ], [ -46.566074, -23.480048 ], [ -46.566848, -23.478651 ], [ -46.56641, -23.478912 ], [ -46.565675, -23.478115 ], [ -46.565101, -23.478422 ], [ -46.564438, -23.478496 ], [ -46.56429, -23.480313 ] ] ] } },
{ "type": "Feature", "properties": { "CD_SETOR": "355030839000100", "faces": 22, "pavimentada": 100.0, "bueiro": 90.91, "iluminacao": 100.0, "onibus": 13.64, "ciclovia": 0.0, "calcada": 100.0, "obstaculo": 50.0, "rampa": 0.0, "rampa_faces": 0.0, "sem_calcada": 0.0, "sem_arvore": 9.09, "muitas_arvores": 22.73, "vao": 100.0, "V05400": 22, "V05421": 22, "V05406": 22, "V05412": 22, "V05422": 0, "V05424": 11, "V05427": 0, "V05409": 20, "V05415": 3, "V05418": 0, "V05430": 2, "V05433": 5, "criancas_0a4": 24, "em_favela": false }, "geometry": { "type": "Polygon", "coordinates": [ [ [ -46.564332, -23.477396 ], [ -46.563795, -23.478314 ], [ -46.562892, -23.479949 ], [ -46.563789, -23.480256 ], [ -46.56429, -23.480313 ], [ -46.564438, -23.478496 ], [ -46.565101, -23.478422 ], [ -46.565675, -23.478115 ], [ -46.56641, -23.478912 ], [ -46.566848, -23.478651 ], [ -46.56713, -23.47814 ], [ -46.565077, -23.477166 ], [ -46.564923, -23.477315 ], [ -46.564555, -23.477443 ], [ -46.564332, -23.477396 ] ] ] } },
{ "type": "Feature", "properties": { "CD_SETOR": "355030839000101", "faces": 31, "pavimentada": 100.0, "bueiro": 87.1, "iluminacao": 100.0, "onibus": 9.68, "ciclovia": 0.0, "calcada": 100.0, "obstaculo": 38.71, "rampa": 70.97, "rampa_faces": 70.97, "sem_calcada": 0.0, "sem_arvore": 12.9, "muitas_arvores": 45.16, "vao": 29.03, "V05400": 31, "V05421": 31, "V05406": 31, "V05412": 31, "V05422": 0, "V05424": 12, "V05427": 22, "V05409": 27, "V05415": 3, "V05418": 0, "V05430": 4, "V05433": 14, "criancas_0a4": 25, "em_favela": false }, "geometry": { "type": "Polygon", "coordinates": [ [ [ -46.565348, -23.475532 ], [ -46.564831, -23.476462 ], [ -46.564609, -23.476404 ], [ -46.564231, -23.476521 ], [ -46.564084, -23.476692 ], [ -46.564016, -23.476917 ], [ -46.564155, -23.477261 ], [ -46.564332, -23.477396 ], [ -46.564555, -23.477443 ], [ -46.564923, -23.477315 ], [ -46.565077, -23.477166 ], [ -46.56713, -23.47814 ], [ -46.568193, -23.476214 ], [ -46.567792, -23.475253 ], [ -46.56739, -23.47472 ], [ -46.56588, -23.475911 ], [ -46.565348, -23.475532 ] ] ] } },
{ "type": "Feature", "properties": { "CD_SETOR": "355030839000102", "faces": 14, "pavimentada": 100.0, "bueiro": 71.43, "iluminacao": 100.0, "onibus": 7.14, "ciclovia": 21.43, "calcada": 71.43, "obstaculo": 50.0, "rampa": 90.0, "rampa_faces": 64.29, "sem_calcada": 28.57, "sem_arvore": 35.71, "muitas_arvores": 28.57, "vao": 35.71, "V05400": 14, "V05421": 10, "V05406": 14, "V05412": 14, "V05422": 4, "V05424": 5, "V05427": 9, "V05409": 10, "V05415": 1, "V05418": 3, "V05430": 5, "V05433": 4, "criancas_0a4": 28, "em_favela": false }, "geometry": { "type": "Polygon", "coordinates": [ [ [ -46.568193, -23.476214 ], [ -46.566074, -23.480048 ], [ -46.567556, -23.479623 ], [ -46.568699, -23.477589 ], [ -46.568193, -23.476214 ] ] ] } },
{ "type": "Feature", "properties": { "CD_SETOR": "355030839000103", "faces": 38, "pavimentada": 100.0, "bueiro": 23.68, "iluminacao": 100.0, "onibus": 5.26, "ciclovia": 7.89, "calcada": 100.0, "obstaculo": 84.21, "rampa": 0.0, "rampa_faces": 0.0, "sem_calcada": 0.0, "sem_arvore": 42.11, "muitas_arvores": 5.26, "vao": 100.0, "V05400": 38, "V05421": 38, "V05406": 38, "V05412": 38, "V05422": 0, "V05424": 32, "V05427": 0, "V05409": 9, "V05415": 2, "V05418": 3, "V05430": 16, "V05433": 2, "criancas_0a4": 57, "em_favela": false }, "geometry": { "type": "Polygon", "coordinates": [ [ [ -46.577919, -23.451623 ], [ -46.577661, -23.45183 ], [ -46.577907, -23.453063 ], [ -46.57802, -23.453232 ], [ -46.578611, -23.453533 ], [ -46.579188, -23.454202 ], [ -46.58033, -23.454133 ], [ -46.580797, -23.454331 ], [ -46.580856, -23.4542 ], [ -46.580914, -23.453338 ], [ -46.580349, -23.453431 ], [ -46.579957, -23.453443 ], [ -46.579583, -23.453253 ], [ -46.579353, -23.452954 ], [ -46.57935, -23.452827 ], [ -46.579483, -23.452676 ], [ -46.579958, -23.452585 ], [ -46.580159, -23.452437 ], [ -46.58022, -23.452333 ], [ -46.580233, -23.452091 ], [ -46.5801, -23.451889 ], [ -46.579294, -23.451446 ], [ -46.578962, -23.451482 ], [ -46.578416, -23.451893 ], [ -46.57828, -23.451874 ], [ -46.577919, -23.451623 ] ] ] } },
{ "type": "Feature", "properties": { "CD_SETOR": "355030839000108", "faces": 1, "pavimentada": 100.0, "bueiro": 0.0, "iluminacao": 0.0, "onibus": 0.0, "ciclovia": 0.0, "calcada": 0.0, "obstaculo": null, "rampa": null, "rampa_faces": 0.0, "sem_calcada": 100.0, "sem_arvore": 100.0, "muitas_arvores": 0.0, "vao": 100.0, "V05400": 1, "V05421": 0, "V05406": 1, "V05412": 0, "V05422": 1, "V05424": 0, "V05427": 0, "V05409": 0, "V05415": 0, "V05418": 0, "V05430": 1, "V05433": 0, "criancas_0a4": 13, "em_favela": true }, "geometry": { "type": "Polygon", "coordinates": [ [ [ -46.570511, -23.447409 ], [ -46.570622, -23.448712 ], [ -46.571015, -23.448642 ], [ -46.570852, -23.448181 ], [ -46.57085, -23.447745 ], [ -46.570779, -23.447359 ], [ -46.570511, -23.447409 ] ] ] } },
{ "type": "Feature", "properties": { "CD_SETOR": "355030839000109", "faces": 5, "pavimentada": 80.0, "bueiro": 0.0, "iluminacao": 100.0, "onibus": 0.0, "ciclovia": 60.0, "calcada": 0.0, "obstaculo": null, "rampa": null, "rampa_faces": 0.0, "sem_calcada": 100.0, "sem_arvore": 100.0, "muitas_arvores": 0.0, "vao": 80.0, "V05400": 5, "V05421": 0, "V05406": 4, "V05412": 5, "V05422": 5, "V05424": 0, "V05427": 0, "V05409": 0, "V05415": 0, "V05418": 3, "V05430": 5, "V05433": 0, "criancas_0a4": 0, "em_favela": false }, "geometry": { "type": "Polygon", "coordinates": [ [ [ -46.569817, -23.449185 ], [ -46.57008, -23.449133 ], [ -46.570124, -23.448921 ], [ -46.570622, -23.448712 ], [ -46.57048, -23.447076 ], [ -46.5704, -23.446892 ], [ -46.570168, -23.446627 ], [ -46.569844, -23.446502 ], [ -46.569355, -23.446487 ], [ -46.568913, -23.446609 ], [ -46.569694, -23.449962 ], [ -46.569972, -23.449881 ], [ -46.569817, -23.449185 ] ] ] } },
{ "type": "Feature", "properties": { "CD_SETOR": "355030839000110", "faces": 37, "pavimentada": 100.0, "bueiro": 32.43, "iluminacao": 100.0, "onibus": 0.0, "ciclovia": 0.0, "calcada": 54.05, "obstaculo": 100.0, "rampa": 0.0, "rampa_faces": 0.0, "sem_calcada": 45.95, "sem_arvore": 64.86, "muitas_arvores": 0.0, "vao": 100.0, "V05400": 37, "V05421": 20, "V05406": 37, "V05412": 37, "V05422": 17, "V05424": 20, "V05427": 0, "V05409": 12, "V05415": 0, "V05418": 0, "V05430": 24, "V05433": 0, "criancas_0a4": 40, "em_favela": false }, "geometry": { "type": "Polygon", "coordinates": [ [ [ -46.565111, -23.439941 ], [ -46.565332, -23.441568 ], [ -46.565581, -23.441755 ], [ -46.566424, -23.441968 ], [ -46.566652, -23.442168 ], [ -46.566751, -23.442386 ], [ -46.566912, -23.443298 ], [ -46.566948, -23.444128 ], [ -46.566735, -23.444972 ], [ -46.566771, -23.445195 ], [ -46.566947, -23.445673 ], [ -46.566944, -23.446361 ], [ -46.566994, -23.446659 ], [ -46.567389, -23.447022 ], [ -46.567831, -23.447579 ], [ -46.568047, -23.447934 ], [ -46.568643, -23.449507 ], [ -46.568612, -23.449863 ], [ -46.568352, -23.450223 ], [ -46.568264, -23.450459 ], [ -46.568368, -23.451026 ], [ -46.569134, -23.450824 ], [ -46.569097, -23.450675 ], [ -46.569612, -23.450562 ], [ -46.569521, -23.450148 ], [ -46.56977, -23.450319 ], [ -46.56812, -23.443212 ], [ -46.567848, -23.443276 ], [ -46.567627, -23.442131 ], [ -46.567442, -23.441558 ], [ -46.567269, -23.441409 ], [ -46.56701, -23.441298 ], [ -46.566103, -23.440427 ], [ -46.566019, -23.440401 ], [ -46.565511, -23.439782 ], [ -46.565388, -23.439439 ], [ -46.565463, -23.439153 ], [ -46.565298, -23.439096 ], [ -46.565204, -23.439386 ], [ -46.565199, -23.439777 ], [ -46.565111, -23.439941 ] ] ] } },
{ "type": "Feature", "properties": { "CD_SETOR": "355030839000111", "faces": 7, "pavimentada": 100.0, "bueiro": 28.57, "iluminacao": 100.0, "onibus": 57.14, "ciclovia": 0.0, "calcada": 100.0, "obstaculo": 100.0, "rampa": 0.0, "rampa_faces": 0.0, "sem_calcada": 0.0, "sem_arvore": 71.43, "muitas_arvores": 0.0, "vao": 100.0, "V05400": 7, "V05421": 7, "V05406": 7, "V05412": 7, "V05422": 0, "V05424": 7, "V05427": 0, "V05409": 2, "V05415": 4, "V05418": 0, "V05430": 5, "V05433": 0, "criancas_0a4": 7, "em_favela": true }, "geometry": { "type": "Polygon", "coordinates": [ [ [ -46.584252, -23.454217 ], [ -46.58414, -23.454254 ], [ -46.584182, -23.454367 ], [ -46.584836, -23.455492 ], [ -46.584963, -23.455938 ], [ -46.584985, -23.456136 ], [ -46.584677, -23.456303 ], [ -46.584581, -23.456428 ], [ -46.584667, -23.456511 ], [ -46.585144, -23.456382 ], [ -46.585731, -23.456352 ], [ -46.585741, -23.456192 ], [ -46.58554, -23.455755 ], [ -46.585426, -23.455631 ], [ -46.585195, -23.45552 ], [ -46.584886, -23.454883 ], [ -46.584252, -23.454217 ] ] ] } },
{ "type": "Feature", "properties": { "CD_SETOR": "355030839000112", "faces": 15, "pavimentada": 86.67, "bueiro": 66.67, "iluminacao": 100.0, "onibus": 20.0, "ciclovia": 0.0, "calcada": 80.0, "obstaculo": 100.0, "rampa": 0.0, "rampa_faces": 0.0, "sem_calcada": 20.0, "sem_arvore": 100.0, "muitas_arvores": 0.0, "vao": 86.67, "V05400": 15, "V05421": 12, "V05406": 13, "V05412": 15, "V05422": 3, "V05424": 12, "V05427": 0, "V05409": 10, "V05415": 3, "V05418": 0, "V05430": 15, "V05433": 0, "criancas_0a4": 24, "em_favela": false }, "geometry": { "type": "Polygon", "coordinates": [ [ [ -46.579039, -23.449635 ], [ -46.579365, -23.449911 ], [ -46.579952, -23.450624 ], [ -46.579968, -23.450703 ], [ -46.580036, -23.450716 ], [ -46.581148, -23.451737 ], [ -46.582344, -23.452621 ], [ -46.582382, -23.452449 ], [ -46.58231, -23.452379 ], [ -46.582147, -23.451967 ], [ -46.581743, -23.451245 ], [ -46.580287, -23.450109 ], [ -46.579535, -23.449017 ], [ -46.579518, -23.449122 ], [ -46.579039, -23.449635 ] ] ] } },
{ "type": "Feature", "properties": { "CD_SETOR": "355030839000113", "faces": 25, "pavimentada": 100.0, "bueiro": 32.0, "iluminacao": 72.0, "onibus": 8.0, "ciclovia": 0.0, "calcada": 40.0, "obstaculo": 100.0, "rampa": 0.0, "rampa_faces": 0.0, "sem_calcada": 60.0, "sem_arvore": 88.0, "muitas_arvores": 0.0, "vao": 100.0, "V05400": 25, "V05421": 10, "V05406": 25, "V05412": 18, "V05422": 15, "V05424": 10, "V05427": 0, "V05409": 8, "V05415": 2, "V05418": 0, "V05430": 22, "V05433": 0, "criancas_0a4": 72, "em_favela": true }, "geometry": { "type": "Polygon", "coordinates": [ [ [ -46.566337, -23.438348 ], [ -46.566326, -23.438946 ], [ -46.566458, -23.439935 ], [ -46.56656, -23.44019 ], [ -46.567335, -23.440099 ], [ -46.567365, -23.440736 ], [ -46.567424, -23.440816 ], [ -46.567321, -23.441125 ], [ -46.567619, -23.441142 ], [ -46.567614, -23.441431 ], [ -46.567442, -23.441558 ], [ -46.567627, -23.442131 ], [ -46.567848, -23.443276 ], [ -46.56812, -23.443212 ], [ -46.567929, -23.441915 ], [ -46.567797, -23.440463 ], [ -46.567782, -23.439465 ], [ -46.567833, -23.438351 ], [ -46.567392, -23.438317 ], [ -46.566337, -23.438348 ] ] ] } },
{ "type": "Feature", "properties": { "CD_SETOR": "355030839000115", "faces": 1, "pavimentada": 100.0, "bueiro": 0.0, "iluminacao": 100.0, "onibus": 0.0, "ciclovia": 0.0, "calcada": 0.0, "obstaculo": null, "rampa": null, "rampa_faces": 0.0, "sem_calcada": 100.0, "sem_arvore": 100.0, "muitas_arvores": 0.0, "vao": 100.0, "V05400": 1, "V05421": 0, "V05406": 1, "V05412": 1, "V05422": 1, "V05424": 0, "V05427": 0, "V05409": 0, "V05415": 0, "V05418": 0, "V05430": 1, "V05433": 0, "criancas_0a4": 0, "em_favela": false }, "geometry": { "type": "Polygon", "coordinates": [ [ [ -46.568959, -23.431759 ], [ -46.568976, -23.43184 ], [ -46.569346, -23.431051 ], [ -46.569267, -23.430676 ], [ -46.569081, -23.43075 ], [ -46.568778, -23.430787 ], [ -46.568652, -23.430839 ], [ -46.568603, -23.430945 ], [ -46.568511, -23.431554 ], [ -46.568827, -23.431659 ], [ -46.568959, -23.431759 ] ] ] } },
{ "type": "Feature", "properties": { "CD_SETOR": "355030839000116", "faces": 29, "pavimentada": 96.55, "bueiro": 34.48, "iluminacao": 100.0, "onibus": 17.24, "ciclovia": 0.0, "calcada": 65.52, "obstaculo": 94.74, "rampa": 0.0, "rampa_faces": 0.0, "sem_calcada": 34.48, "sem_arvore": 62.07, "muitas_arvores": 31.03, "vao": 96.55, "V05400": 29, "V05421": 19, "V05406": 28, "V05412": 29, "V05422": 10, "V05424": 18, "V05427": 0, "V05409": 10, "V05415": 5, "V05418": 0, "V05430": 18, "V05433": 9, "criancas_0a4": 56, "em_favela": false }, "geometry": { "type": "Polygon", "coordinates": [ [ [ -46.567053, -23.429885 ], [ -46.567154, -23.430488 ], [ -46.567277, -23.430866 ], [ -46.567524, -23.431142 ], [ -46.567561, -23.431312 ], [ -46.568373, -23.432227 ], [ -46.568462, -23.432412 ], [ -46.568459, -23.43258 ], [ -46.568403, -23.432718 ], [ -46.568196, -23.432898 ], [ -46.567716, -23.432972 ], [ -46.56752, -23.433067 ], [ -46.567432, -23.433169 ], [ -46.56731, -23.433663 ], [ -46.566833, -23.434131 ], [ -46.566673, -23.434804 ], [ -46.566563, -23.435014 ], [ -46.566342, -23.435146 ], [ -46.565902, -23.435285 ], [ -46.565482, -23.435566 ], [ -46.565061, -23.435644 ], [ -46.564811, -23.435804 ], [ -46.564765, -23.436102 ], [ -46.565025, -23.436757 ], [ -46.565157, -23.438218 ], [ -46.565315, -23.438808 ], [ -46.565298, -23.439096 ], [ -46.565463, -23.439153 ], [ -46.565625, -23.438827 ], [ -46.566086, -23.438557 ], [ -46.566285, -23.438362 ], [ -46.567351, -23.438317 ], [ -46.567833, -23.438351 ], [ -46.567874, -23.437572 ], [ -46.567971, -23.437565 ], [ -46.568105, -23.436377 ], [ -46.568308, -23.435272 ], [ -46.568753, -23.433581 ], [ -46.569559, -23.431416 ], [ -46.570059, -23.430364 ], [ -46.57077, -23.429069 ], [ -46.569926, -23.428735 ], [ -46.569053, -23.428678 ], [ -46.568655, -23.428926 ], [ -46.568266, -23.429062 ], [ -46.567053, -23.429885 ] ], [ [ -46.568959, -23.431759 ], [ -46.568827, -23.431659 ], [ -46.568511, -23.431554 ], [ -46.568603, -23.430945 ], [ -46.568652, -23.430839 ], [ -46.568778, -23.430787 ], [ -46.569081, -23.43075 ], [ -46.569267, -23.430676 ], [ -46.569346, -23.431051 ], [ -46.568976, -23.43184 ], [ -46.568959, -23.431759 ] ] ] } },
{ "type": "Feature", "properties": { "CD_SETOR": "355030839000119", "faces": 20, "pavimentada": 100.0, "bueiro": 80.0, "iluminacao": 95.0, "onibus": 25.0, "ciclovia": 0.0, "calcada": 95.0, "obstaculo": 68.42, "rampa": 0.0, "rampa_faces": 0.0, "sem_calcada": 5.0, "sem_arvore": 25.0, "muitas_arvores": 35.0, "vao": 100.0, "V05400": 20, "V05421": 19, "V05406": 20, "V05412": 19, "V05422": 1, "V05424": 13, "V05427": 0, "V05409": 16, "V05415": 5, "V05418": 0, "V05430": 5, "V05433": 7, "criancas_0a4": 58, "em_favela": false }, "geometry": { "type": "Polygon", "coordinates": [ [ [ -46.578469, -23.455568 ], [ -46.579356, -23.456094 ], [ -46.579696, -23.456072 ], [ -46.579856, -23.456122 ], [ -46.5801, -23.456579 ], [ -46.580834, -23.456835 ], [ -46.580946, -23.456843 ], [ -46.581366, -23.456707 ], [ -46.581769, -23.456285 ], [ -46.58217, -23.456208 ], [ -46.58242, -23.456224 ], [ -46.582777, -23.456407 ], [ -46.583021, -23.456432 ], [ -46.583605, -23.456229 ], [ -46.584581, -23.456428 ], [ -46.584677, -23.456303 ], [ -46.584579, -23.455494 ], [ -46.584443, -23.455223 ], [ -46.5843, -23.455127 ], [ -46.583971, -23.455096 ], [ -46.583492, -23.454906 ], [ -46.583276, -23.454954 ], [ -46.583194, -23.455029 ], [ -46.583153, -23.455223 ], [ -46.583261, -23.455692 ], [ -46.583082, -23.455841 ], [ -46.581719, -23.455593 ], [ -46.581511, -23.455442 ], [ -46.581408, -23.454931 ], [ -46.581192, -23.454575 ], [ -46.580586, -23.454212 ], [ -46.580359, -23.454142 ], [ -46.580343, -23.45441 ], [ -46.580105, -23.454614 ], [ -46.579979, -23.454603 ], [ -46.579964, -23.454829 ], [ -46.579877, -23.454936 ], [ -46.579793, -23.454963 ], [ -46.578797, -23.454719 ], [ -46.578469, -23.455568 ] ] ] } },
{ "type": "Feature", "properties": { "CD_SETOR": "355030839000121", "faces": 8, "pavimentada": 100.0, "bueiro": 87.5, "iluminacao": 100.0, "onibus": 12.5, "ciclovia": 0.0, "calcada": 100.0, "obstaculo": 87.5, "rampa": 0.0, "rampa_faces": 0.0, "sem_calcada": 0.0, "sem_arvore": 62.5, "muitas_arvores": 12.5, "vao": 100.0, "V05400": 8, "V05421": 8, "V05406": 8, "V05412": 8, "V05422": 0, "V05424": 7, "V05427": 0, "V05409": 7, "V05415": 1, "V05418": 0, "V05430": 5, "V05433": 1, "criancas_0a4": 16, "em_favela": false }, "geometry": { "type": "Polygon", "coordinates": [ [ [ -46.575532, -23.453259 ], [ -46.575543, -23.452364 ], [ -46.575702, -23.452355 ], [ -46.575701, -23.451584 ], [ -46.574767, -23.451604 ], [ -46.574763, -23.452365 ], [ -46.575073, -23.452358 ], [ -46.575089, -23.45315 ], [ -46.575314, -23.453262 ], [ -46.575532, -23.453259 ] ] ] } },
{ "type": "Feature", "properties": { "CD_SETOR": "355030839000122", "faces": 17, "pavimentada": 88.24, "bueiro": 88.24, "iluminacao": 100.0, "onibus": 0.0, "ciclovia": 0.0, "calcada": 11.76, "obstaculo": 100.0, "rampa": 0.0, "rampa_faces": 0.0, "sem_calcada": 88.24, "sem_arvore": 100.0, "muitas_arvores": 0.0, "vao": 88.24, "V05400": 17, "V05421": 2, "V05406": 15, "V05412": 17, "V05422": 15, "V05424": 2, "V05427": 0, "V05409": 15, "V05415": 0, "V05418": 0, "V05430": 17, "V05433": 0, "criancas_0a4": 89, "em_favela": true }, "geometry": { "type": "Polygon", "coordinates": [ [ [ -46.576034, -23.456189 ], [ -46.57681, -23.456573 ], [ -46.577211, -23.457085 ], [ -46.577385, -23.456994 ], [ -46.57732, -23.456888 ], [ -46.577407, -23.456846 ], [ -46.577283, -23.456679 ], [ -46.577369, -23.456582 ], [ -46.577307, -23.456507 ], [ -46.577588, -23.456252 ], [ -46.577548, -23.456164 ], [ -46.577593, -23.456104 ], [ -46.577344, -23.455922 ], [ -46.576855, -23.455673 ], [ -46.576752, -23.455479 ], [ -46.576827, -23.455343 ], [ -46.576798, -23.455301 ], [ -46.576496, -23.455072 ], [ -46.57645, -23.454989 ], [ -46.576082, -23.454856 ], [ -46.575934, -23.455823 ], [ -46.576098, -23.455927 ], [ -46.576034, -23.456189 ] ] ] } },
{ "type": "Feature", "properties": { "CD_SETOR": "355030839000123", "faces": 1, "pavimentada": 100.0, "bueiro": 100.0, "iluminacao": 100.0, "onibus": 0.0, "ciclovia": 0.0, "calcada": 100.0, "obstaculo": 0.0, "rampa": 0.0, "rampa_faces": 0.0, "sem_calcada": 0.0, "sem_arvore": 0.0, "muitas_arvores": 100.0, "vao": 100.0, "V05400": 1, "V05421": 1, "V05406": 1, "V05412": 1, "V05422": 0, "V05424": 0, "V05427": 0, "V05409": 1, "V05415": 0, "V05418": 0, "V05430": 0, "V05433": 1, "criancas_0a4": 17, "em_favela": false }, "geometry": { "type": "Polygon", "coordinates": [ [ [ -46.57616, -23.453741 ], [ -46.577138, -23.452704 ], [ -46.57689, -23.452426 ], [ -46.575883, -23.453467 ], [ -46.57616, -23.453741 ] ] ] } },
{ "type": "Feature", "properties": { "CD_SETOR": "355030839000124", "faces": 10, "pavimentada": 100.0, "bueiro": 100.0, "iluminacao": 100.0, "onibus": 40.0, "ciclovia": 0.0, "calcada": 90.0, "obstaculo": 100.0, "rampa": 0.0, "rampa_faces": 0.0, "sem_calcada": 10.0, "sem_arvore": 100.0, "muitas_arvores": 0.0, "vao": 100.0, "V05400": 10, "V05421": 9, "V05406": 10, "V05412": 10, "V05422": 1, "V05424": 9, "V05427": 0, "V05409": 10, "V05415": 4, "V05418": 0, "V05430": 10, "V05433": 0, "criancas_0a4": 13, "em_favela": true }, "geometry": { "type": "Polygon", "coordinates": [ [ [ -46.576034, -23.456189 ], [ -46.576098, -23.455927 ], [ -46.575934, -23.455823 ], [ -46.576082, -23.454856 ], [ -46.575885, -23.454754 ], [ -46.576481, -23.453915 ], [ -46.576059, -23.453902 ], [ -46.575673, -23.454541 ], [ -46.575472, -23.455658 ], [ -46.575382, -23.455937 ], [ -46.575557, -23.456055 ], [ -46.576034, -23.456189 ] ] ] } },
{ "type": "Feature", "properties": { "CD_SETOR": "355030839000125", "faces": 26, "pavimentada": 100.0, "bueiro": 30.77, "iluminacao": 92.31, "onibus": 15.38, "ciclovia": 0.0, "calcada": 92.31, "obstaculo": 75.0, "rampa": 0.0, "rampa_faces": 0.0, "sem_calcada": 7.69, "sem_arvore": 34.62, "muitas_arvores": 15.38, "vao": 100.0, "V05400": 26, "V05421": 24, "V05406": 26, "V05412": 24, "V05422": 2, "V05424": 18, "V05427": 0, "V05409": 8, "V05415": 4, "V05418": 0, "V05430": 9, "V05433": 4, "criancas_0a4": 45, "em_favela": false }, "geometry": { "type": "Polygon", "coordinates": [ [ [ -46.580914, -23.453338 ], [ -46.580856, -23.4542 ], [ -46.580797, -23.454331 ], [ -46.581192, -23.454575 ], [ -46.581308, -23.454719 ], [ -46.581408, -23.454931 ], [ -46.581511, -23.455442 ], [ -46.581719, -23.455593 ], [ -46.582942, -23.455836 ], [ -46.582958, -23.455476 ], [ -46.582635, -23.455115 ], [ -46.582625, -23.454952 ], [ -46.583195, -23.454564 ], [ -46.583258, -23.454466 ], [ -46.583217, -23.454227 ], [ -46.581699, -23.453604 ], [ -46.581278, -23.453338 ], [ -46.580914, -23.453338 ] ] ] } },
{ "type": "Feature", "properties": { "CD_SETOR": "355030839000126", "faces": 1, "pavimentada": 100.0, "bueiro": 100.0, "iluminacao": 100.0, "onibus": 0.0, "ciclovia": 0.0, "calcada": 100.0, "obstaculo": 100.0, "rampa": 0.0, "rampa_faces": 0.0, "sem_calcada": 0.0, "sem_arvore": 100.0, "muitas_arvores": 0.0, "vao": 100.0, "V05400": 1, "V05421": 1, "V05406": 1, "V05412": 1, "V05422": 0, "V05424": 1, "V05427": 0, "V05409": 1, "V05415": 0, "V05418": 0, "V05430": 1, "V05433": 0, "criancas_0a4": 3, "em_favela": false }, "geometry": { "type": "Polygon", "coordinates": [ [ [ -46.584157, -23.454306 ], [ -46.583396, -23.453435 ], [ -46.583308, -23.453363 ], [ -46.583251, -23.453413 ], [ -46.58308, -23.453636 ], [ -46.583125, -23.453763 ], [ -46.583823, -23.45448 ], [ -46.583903, -23.454488 ], [ -46.584157, -23.454306 ] ] ] } },
{ "type": "Feature", "properties": { "CD_SETOR": "355030839000127", "faces": 3, "pavimentada": 100.0, "bueiro": 66.67, "iluminacao": 100.0, "onibus": 33.33, "ciclovia": 0.0, "calcada": 100.0, "obstaculo": 66.67, "rampa": 0.0, "rampa_faces": 0.0, "sem_calcada": 0.0, "sem_arvore": 0.0, "muitas_arvores": 66.67, "vao": 100.0, "V05400": 3, "V05421": 3, "V05406": 3, "V05412": 3, "V05422": 0, "V05424": 2, "V05427": 0, "V05409": 2, "V05415": 1, "V05418": 0, "V05430": 0, "V05433": 2, "criancas_0a4": 16, "em_favela": false }, "geometry": { "type": "Polygon", "coordinates": [ [ [ -46.586079, -23.465943 ], [ -46.586698, -23.466145 ], [ -46.587648, -23.463049 ], [ -46.587676, -23.462951 ], [ -46.58718, -23.46228 ], [ -46.586079, -23.465943 ] ] ] } },
{ "type": "Feature", "properties": { "CD_SETOR": "355030839000128", "faces": 4, "pavimentada": 100.0, "bueiro": 50.0, "iluminacao": 75.0, "onibus": 0.0, "ciclovia": 0.0, "calcada": 25.0, "obstaculo": 100.0, "rampa": 0.0, "rampa_faces": 0.0, "sem_calcada": 75.0, "sem_arvore": 100.0, "muitas_arvores": 0.0, "vao": 100.0, "V05400": 4, "V05421": 1, "V05406": 4, "V05412": 3, "V05422": 3, "V05424": 1, "V05427": 0, "V05409": 2, "V05415": 0, "V05418": 0, "V05430": 4, "V05433": 0, "criancas_0a4": 36, "em_favela": true }, "geometry": { "type": "Polygon", "coordinates": [ [ [ -46.573736, -23.457191 ], [ -46.573744, -23.457432 ], [ -46.573579, -23.457902 ], [ -46.57358, -23.458063 ], [ -46.573954, -23.458509 ], [ -46.574307, -23.458422 ], [ -46.5743, -23.458365 ], [ -46.574563, -23.458126 ], [ -46.574837, -23.458056 ], [ -46.575368, -23.458149 ], [ -46.576508, -23.45856 ], [ -46.576816, -23.458736 ], [ -46.576979, -23.458905 ], [ -46.577439, -23.458857 ], [ -46.577562, -23.458922 ], [ -46.577727, -23.45869 ], [ -46.577381, -23.458518 ], [ -46.576915, -23.458164 ], [ -46.576337, -23.458076 ], [ -46.575438, -23.457714 ], [ -46.575177, -23.457659 ], [ -46.574845, -23.457699 ], [ -46.574738, -23.457665 ], [ -46.574561, -23.456784 ], [ -46.574453, -23.45657 ], [ -46.574337, -23.45736 ], [ -46.574022, -23.458001 ], [ -46.573931, -23.457979 ], [ -46.573887, -23.457861 ], [ -46.573988, -23.457447 ], [ -46.573983, -23.457258 ], [ -46.573938, -23.457175 ], [ -46.573736, -23.457191 ] ] ] } },
{ "type": "Feature", "properties": { "CD_SETOR": "355030839000129", "faces": 16, "pavimentada": 100.0, "bueiro": 100.0, "iluminacao": 100.0, "onibus": 31.25, "ciclovia": 0.0, "calcada": 100.0, "obstaculo": 100.0, "rampa": 0.0, "rampa_faces": 0.0, "sem_calcada": 0.0, "sem_arvore": 50.0, "muitas_arvores": 0.0, "vao": 100.0, "V05400": 16, "V05421": 16, "V05406": 16, "V05412": 16, "V05422": 0, "V05424": 16, "V05427": 0, "V05409": 16, "V05415": 5, "V05418": 0, "V05430": 8, "V05433": 0, "criancas_0a4": 33, "em_favela": false }, "geometry": { "type": "Polygon", "coordinates": [ [ [ -46.583273, -23.473745 ], [ -46.584718, -23.474644 ], [ -46.585208, -23.473785 ], [ -46.586024, -23.472977 ], [ -46.584886, -23.472192 ], [ -46.583273, -23.473745 ] ] ] } },
{ "type": "Feature", "properties": { "CD_SETOR": "355030839000130", "faces": 14, "pavimentada": 100.0, "bueiro": 64.29, "iluminacao": 100.0, "onibus": 28.57, "ciclovia": 28.57, "calcada": 85.71, "obstaculo": 25.0, "rampa": 41.67, "rampa_faces": 35.71, "sem_calcada": 14.29, "sem_arvore": 35.71, "muitas_arvores": 35.71, "vao": 64.29, "V05400": 14, "V05421": 12, "V05406": 14, "V05412": 14, "V05422": 2, "V05424": 3, "V05427": 5, "V05409": 9, "V05415": 4, "V05418": 4, "V05430": 5, "V05433": 5, "criancas_0a4": 27, "em_favela": false }, "geometry": { "type": "Polygon", "coordinates": [ [ [ -46.566074, -23.480048 ], [ -46.564937, -23.4821 ], [ -46.565928, -23.482565 ], [ -46.567556, -23.479623 ], [ -46.566074, -23.480048 ] ] ] } },
{ "type": "Feature", "properties": { "CD_SETOR": "355030839000131", "faces": 1, "pavimentada": 100.0, "bueiro": 100.0, "iluminacao": 100.0, "onibus": 0.0, "ciclovia": 0.0, "calcada": 100.0, "obstaculo": 0.0, "rampa": 100.0, "rampa_faces": 100.0, "sem_calcada": 0.0, "sem_arvore": 0.0, "muitas_arvores": 0.0, "vao": 0.0, "V05400": 1, "V05421": 1, "V05406": 1, "V05412": 1, "V05422": 0, "V05424": 0, "V05427": 1, "V05409": 1, "V05415": 0, "V05418": 0, "V05430": 0, "V05433": 0, "criancas_0a4": 23, "em_favela": false }, "geometry": { "type": "Polygon", "coordinates": [ [ [ -46.568193, -23.476214 ], [ -46.568323, -23.476567 ], [ -46.568745, -23.476434 ], [ -46.568958, -23.476056 ], [ -46.568819, -23.475661 ], [ -46.568433, -23.475776 ], [ -46.568193, -23.476214 ] ] ] } },
{ "type": "Feature", "properties": { "CD_SETOR": "355030839000132", "faces": 16, "pavimentada": 100.0, "bueiro": 93.75, "iluminacao": 100.0, "onibus": 6.25, "ciclovia": 0.0, "calcada": 100.0, "obstaculo": 31.25, "rampa": 43.75, "rampa_faces": 43.75, "sem_calcada": 0.0, "sem_arvore": 31.25, "muitas_arvores": 43.75, "vao": 56.25, "V05400": 16, "V05421": 16, "V05406": 16, "V05412": 16, "V05422": 0, "V05424": 5, "V05427": 7, "V05409": 15, "V05415": 1, "V05418": 0, "V05430": 5, "V05433": 7, "criancas_0a4": 12, "em_favela": false }, "geometry": { "type": "Polygon", "coordinates": [ [ [ -46.585718, -23.461416 ], [ -46.583773, -23.461776 ], [ -46.583979, -23.462781 ], [ -46.584058, -23.462772 ], [ -46.58427, -23.463774 ], [ -46.584745, -23.463683 ], [ -46.585752, -23.462062 ], [ -46.585718, -23.461416 ] ] ] } },
{ "type": "Feature", "properties": { "CD_SETOR": "355030839000133", "faces": 29, "pavimentada": 100.0, "bueiro": 34.48, "iluminacao": 82.76, "onibus": 0.0, "ciclovia": 10.34, "calcada": 93.1, "obstaculo": 88.89, "rampa": 0.0, "rampa_faces": 0.0, "sem_calcada": 6.9, "sem_arvore": 82.76, "muitas_arvores": 0.0, "vao": 100.0, "V05400": 29, "V05421": 27, "V05406": 29, "V05412": 24, "V05422": 2, "V05424": 24, "V05427": 0, "V05409": 10, "V05415": 0, "V05418": 3, "V05430": 24, "V05433": 0, "criancas_0a4": 45, "em_favela": false }, "geometry": { "type": "Polygon", "coordinates": [ [ [ -46.575769, -23.457034 ], [ -46.575523, -23.45774 ], [ -46.576337, -23.458076 ], [ -46.576915, -23.458164 ], [ -46.577262, -23.457779 ], [ -46.577314, -23.457337 ], [ -46.577241, -23.457134 ], [ -46.576968, -23.456747 ], [ -46.576513, -23.457065 ], [ -46.576275, -23.45716 ], [ -46.57598, -23.457123 ], [ -46.575769, -23.457034 ] ] ] } },
{ "type": "Feature", "properties": { "CD_SETOR": "355030839000134", "faces": 14, "pavimentada": 100.0, "bueiro": 50.0, "iluminacao": 100.0, "onibus": 7.14, "ciclovia": 0.0, "calcada": 85.71, "obstaculo": 58.33, "rampa": 16.67, "rampa_faces": 14.29, "sem_calcada": 14.29, "sem_arvore": 50.0, "muitas_arvores": 21.43, "vao": 85.71, "V05400": 14, "V05421": 12, "V05406": 14, "V05412": 14, "V05422": 2, "V05424": 7, "V05427": 2, "V05409": 7, "V05415": 1, "V05418": 0, "V05430": 7, "V05433": 3, "criancas_0a4": 27, "em_favela": false }, "geometry": { "type": "Polygon", "coordinates": [ [ [ -46.566253, -23.473892 ], [ -46.568214, -23.474812 ], [ -46.568491, -23.474345 ], [ -46.568193, -23.474219 ], [ -46.568553, -23.473595 ], [ -46.566751, -23.472945 ], [ -46.566253, -23.473892 ] ] ] } },
{ "type": "Feature", "properties": { "CD_SETOR": "355030839000135", "faces": 13, "pavimentada": 100.0, "bueiro": 76.92, "iluminacao": 100.0, "onibus": 15.38, "ciclovia": 0.0, "calcada": 100.0, "obstaculo": 61.54, "rampa": 0.0, "rampa_faces": 0.0, "sem_calcada": 0.0, "sem_arvore": 38.46, "muitas_arvores": 7.69, "vao": 100.0, "V05400": 13, "V05421": 13, "V05406": 13, "V05412": 13, "V05422": 0, "V05424": 8, "V05427": 0, "V05409": 10, "V05415": 2, "V05418": 0, "V05430": 5, "V05433": 1, "criancas_0a4": 16, "em_favela": false }, "geometry": { "type": "Polygon", "coordinates": [ [ [ -46.561783, -23.483912 ], [ -46.564428, -23.485165 ], [ -46.564585, -23.48502 ], [ -46.564777, -23.484644 ], [ -46.562071, -23.483387 ], [ -46.561783, -23.483912 ] ] ] } },
{ "type": "Feature", "properties": { "CD_SETOR": "355030839000136", "faces": 19, "pavimentada": 100.0, "bueiro": 78.95, "iluminacao": 100.0, "onibus": 5.26, "ciclovia": 0.0, "calcada": 89.47, "obstaculo": 100.0, "rampa": 0.0, "rampa_faces": 0.0, "sem_calcada": 10.53, "sem_arvore": 78.95, "muitas_arvores": 10.53, "vao": 100.0, "V05400": 19, "V05421": 17, "V05406": 19, "V05412": 19, "V05422": 2, "V05424": 17, "V05427": 0, "V05409": 15, "V05415": 1, "V05418": 0, "V05430": 15, "V05433": 2, "criancas_0a4": 9, "em_favela": false }, "geometry": { "type": "Polygon", "coordinates": [ [ [ -46.579191, -23.464053 ], [ -46.578977, -23.46429 ], [ -46.578863, -23.464571 ], [ -46.579295, -23.464831 ], [ -46.580236, -23.465283 ], [ -46.580247, -23.464973 ], [ -46.580489, -23.46346 ], [ -46.579457, -23.463058 ], [ -46.579605, -23.463415 ], [ -46.579191, -23.464053 ] ] ] } },
{ "type": "Feature", "properties": { "CD_SETOR": "355030839000137", "faces": 20, "pavimentada": 100.0, "bueiro": 85.0, "iluminacao": 100.0, "onibus": 5.0, "ciclovia": 0.0, "calcada": 100.0, "obstaculo": 90.0, "rampa": 10.0, "rampa_faces": 10.0, "sem_calcada": 0.0, "sem_arvore": 60.0, "muitas_arvores": 20.0, "vao": 90.0, "V05400": 20, "V05421": 20, "V05406": 20, "V05412": 20, "V05422": 0, "V05424": 18, "V05427": 2, "V05409": 17, "V05415": 1, "V05418": 0, "V05430": 12, "V05433": 4, "criancas_0a4": 8, "em_favela": false }, "geometry": { "type": "Polygon", "coordinates": [ [ [ -46.577324, -23.462245 ], [ -46.578375, -23.462645 ], [ -46.578029, -23.463523 ], [ -46.578683, -23.463867 ], [ -46.578753, -23.463751 ], [ -46.579191, -23.464053 ], [ -46.579605, -23.463415 ], [ -46.579457, -23.463058 ], [ -46.580489, -23.46346 ], [ -46.580557, -23.462908 ], [ -46.577599, -23.461736 ], [ -46.577324, -23.462245 ] ] ] } },
{ "type": "Feature", "properties": { "CD_SETOR": "355030839000138", "faces": 8, "pavimentada": 100.0, "bueiro": 100.0, "iluminacao": 100.0, "onibus": 0.0, "ciclovia": 0.0, "calcada": 100.0, "obstaculo": 100.0, "rampa": 0.0, "rampa_faces": 0.0, "sem_calcada": 0.0, "sem_arvore": 0.0, "muitas_arvores": 37.5, "vao": 100.0, "V05400": 8, "V05421": 8, "V05406": 8, "V05412": 8, "V05422": 0, "V05424": 8, "V05427": 0, "V05409": 8, "V05415": 0, "V05418": 0, "V05430": 0, "V05433": 3, "criancas_0a4": 22, "em_favela": false }, "geometry": { "type": "Polygon", "coordinates": [ [ [ -46.56684, -23.472964 ], [ -46.567392, -23.473161 ], [ -46.568187, -23.471652 ], [ -46.569344, -23.472189 ], [ -46.56957, -23.471777 ], [ -46.567974, -23.471015 ], [ -46.56684, -23.472964 ] ] ] } },
{ "type": "Feature", "properties": { "CD_SETOR": "355030839000139", "faces": 21, "pavimentada": 100.0, "bueiro": 66.67, "iluminacao": 100.0, "onibus": 0.0, "ciclovia": 0.0, "calcada": 100.0, "obstaculo": 100.0, "rampa": 4.76, "rampa_faces": 4.76, "sem_calcada": 0.0, "sem_arvore": 80.95, "muitas_arvores": 0.0, "vao": 95.24, "V05400": 21, "V05421": 21, "V05406": 21, "V05412": 21, "V05422": 0, "V05424": 21, "V05427": 1, "V05409": 14, "V05415": 0, "V05418": 0, "V05430": 17, "V05433": 0, "criancas_0a4": 20, "em_favela": false }, "geometry": { "type": "Polygon", "coordinates": [ [ [ -46.58834, -23.46572 ], [ -46.588465, -23.465119 ], [ -46.589839, -23.465512 ], [ -46.590226, -23.464278 ], [ -46.589831, -23.464167 ], [ -46.589464, -23.464289 ], [ -46.588629, -23.464334 ], [ -46.58772, -23.464164 ], [ -46.587398, -23.465542 ], [ -46.58834, -23.46572 ] ] ] } },
{ "type": "Feature", "properties": { "CD_SETOR": "355030839000140", "faces": 31, "pavimentada": 100.0, "bueiro": 90.32, "iluminacao": 100.0, "onibus": 19.35, "ciclovia": 0.0, "calcada": 87.1, "obstaculo": 51.85, "rampa": 33.33, "rampa_faces": 29.03, "sem_calcada": 12.9, "sem_arvore": 19.35, "muitas_arvores": 48.39, "vao": 70.97, "V05400": 31, "V05421": 27, "V05406": 31, "V05412": 31, "V05422": 4, "V05424": 14, "V05427": 9, "V05409": 28, "V05415": 6, "V05418": 0, "V05430": 6, "V05433": 15, "criancas_0a4": 25, "em_favela": false }, "geometry": { "type": "Polygon", "coordinates": [ [ [ -46.564719, -23.475376 ], [ -46.565018, -23.475417 ], [ -46.565348, -23.475532 ], [ -46.56588, -23.475911 ], [ -46.567627, -23.474533 ], [ -46.564905, -23.473252 ], [ -46.564719, -23.475376 ] ] ] } },
{ "type": "Feature", "properties": { "CD_SETOR": "355030839000141", "faces": 4, "pavimentada": 100.0, "bueiro": 25.0, "iluminacao": 75.0, "onibus": 0.0, "ciclovia": 0.0, "calcada": 100.0, "obstaculo": 100.0, "rampa": 0.0, "rampa_faces": 0.0, "sem_calcada": 0.0, "sem_arvore": 25.0, "muitas_arvores": 25.0, "vao": 100.0, "V05400": 4, "V05421": 4, "V05406": 4, "V05412": 3, "V05422": 0, "V05424": 4, "V05427": 0, "V05409": 1, "V05415": 0, "V05418": 0, "V05430": 1, "V05433": 1, "criancas_0a4": 10, "em_favela": false }, "geometry": { "type": "Polygon", "coordinates": [ [ [ -46.572796, -23.449405 ], [ -46.572752, -23.448683 ], [ -46.573197, -23.448727 ], [ -46.572942, -23.447842 ], [ -46.57213, -23.448335 ], [ -46.571614, -23.448502 ], [ -46.571343, -23.448497 ], [ -46.571577, -23.449342 ], [ -46.571692, -23.449583 ], [ -46.571952, -23.449615 ], [ -46.572199, -23.449387 ], [ -46.572307, -23.449359 ], [ -46.572796, -23.449405 ] ] ] } },
{ "type": "Feature", "properties": { "CD_SETOR": "355030839000143", "faces": 5, "pavimentada": 100.0, "bueiro": 40.0, "iluminacao": 100.0, "onibus": 0.0, "ciclovia": 0.0, "calcada": 100.0, "obstaculo": 100.0, "rampa": 0.0, "rampa_faces": 0.0, "sem_calcada": 0.0, "sem_arvore": 40.0, "muitas_arvores": 0.0, "vao": 100.0, "V05400": 5, "V05421": 5, "V05406": 5, "V05412": 5, "V05422": 0, "V05424": 5, "V05427": 0, "V05409": 2, "V05415": 0, "V05418": 0, "V05430": 2, "V05433": 0, "criancas_0a4": 5, "em_favela": false }, "geometry": { "type": "Polygon", "coordinates": [ [ [ -46.57352, -23.452675 ], [ -46.574086, -23.453097 ], [ -46.57417, -23.45321 ], [ -46.574656, -23.453362 ], [ -46.574356, -23.452331 ], [ -46.57374, -23.452509 ], [ -46.57352, -23.452675 ] ] ] } },
{ "type": "Feature", "properties": { "CD_SETOR": "355030839000144", "faces": 6, "pavimentada": 100.0, "bueiro": 50.0, "iluminacao": 100.0, "onibus": 0.0, "ciclovia": 16.67, "calcada": 100.0, "obstaculo": 83.33, "rampa": 16.67, "rampa_faces": 16.67, "sem_calcada": 0.0, "sem_arvore": 83.33, "muitas_arvores": 0.0, "vao": 83.33, "V05400": 6, "V05421": 6, "V05406": 6, "V05412": 6, "V05422": 0, "V05424": 5, "V05427": 1, "V05409": 3, "V05415": 0, "V05418": 1, "V05430": 5, "V05433": 0, "criancas_0a4": 9, "em_favela": true }, "geometry": { "type": "Polygon", "coordinates": [ [ [ -46.572043, -23.451175 ], [ -46.572108, -23.451685 ], [ -46.572659, -23.452377 ], [ -46.572876, -23.452412 ], [ -46.573169, -23.45235 ], [ -46.57352, -23.452675 ], [ -46.57374, -23.452509 ], [ -46.574356, -23.452331 ], [ -46.574175, -23.451791 ], [ -46.573448, -23.451542 ], [ -46.573373, -23.451734 ], [ -46.573422, -23.451797 ], [ -46.572922, -23.452167 ], [ -46.572392, -23.451555 ], [ -46.572336, -23.451698 ], [ -46.57217, -23.451427 ], [ -46.572088, -23.451183 ], [ -46.572043, -23.451175 ] ] ] } },
{ "type": "Feature", "properties": { "CD_SETOR": "355030839000145", "faces": 3, "pavimentada": 100.0, "bueiro": 33.33, "iluminacao": 100.0, "onibus": 0.0, "ciclovia": 0.0, "calcada": 66.67, "obstaculo": 100.0, "rampa": 0.0, "rampa_faces": 0.0, "sem_calcada": 33.33, "sem_arvore": 33.33, "muitas_arvores": 0.0, "vao": 100.0, "V05400": 3, "V05421": 2, "V05406": 3, "V05412": 3, "V05422": 1, "V05424": 2, "V05427": 0, "V05409": 1, "V05415": 0, "V05418": 0, "V05430": 1, "V05433": 0, "criancas_0a4": 21, "em_favela": true }, "geometry": { "type": "Polygon", "coordinates": [ [ [ -46.569972, -23.449881 ], [ -46.570296, -23.45137 ], [ -46.570486, -23.451041 ], [ -46.570913, -23.451105 ], [ -46.571065, -23.45107 ], [ -46.571102, -23.45102 ], [ -46.570827, -23.450957 ], [ -46.570315, -23.450512 ], [ -46.570335, -23.450363 ], [ -46.570712, -23.450142 ], [ -46.570724, -23.449984 ], [ -46.570685, -23.449935 ], [ -46.57047, -23.449829 ], [ -46.569972, -23.449881 ] ] ] } },
{ "type": "Feature", "properties": { "CD_SETOR": "355030839000146", "faces": 6, "pavimentada": 50.0, "bueiro": 16.67, "iluminacao": 16.67, "onibus": 0.0, "ciclovia": 0.0, "calcada": 0.0, "obstaculo": null, "rampa": null, "rampa_faces": 0.0, "sem_calcada": 100.0, "sem_arvore": 83.33, "muitas_arvores": 0.0, "vao": 50.0, "V05400": 6, "V05421": 0, "V05406": 3, "V05412": 1, "V05422": 6, "V05424": 0, "V05427": 0, "V05409": 1, "V05415": 0, "V05418": 0, "V05430": 5, "V05433": 0, "criancas_0a4": 30, "em_favela": true }, "geometry": { "type": "Polygon", "coordinates": [ [ [ -46.57068, -23.456911 ], [ -46.570502, -23.458696 ], [ -46.570406, -23.458987 ], [ -46.571331, -23.459265 ], [ -46.571169, -23.45658 ], [ -46.571019, -23.456626 ], [ -46.571064, -23.456854 ], [ -46.57068, -23.456911 ] ] ] } },
{ "type": "Feature", "properties": { "CD_SETOR": "355030839000147", "faces": 10, "pavimentada": 80.0, "bueiro": 60.0, "iluminacao": 100.0, "onibus": 0.0, "ciclovia": 0.0, "calcada": 50.0, "obstaculo": 100.0, "rampa": 0.0, "rampa_faces": 0.0, "sem_calcada": 50.0, "sem_arvore": 90.0, "muitas_arvores": 0.0, "vao": 80.0, "V05400": 10, "V05421": 5, "V05406": 8, "V05412": 10, "V05422": 5, "V05424": 5, "V05427": 0, "V05409": 6, "V05415": 0, "V05418": 0, "V05430": 9, "V05433": 0, "criancas_0a4": 41, "em_favela": true }, "geometry": { "type": "Polygon", "coordinates": [ [ [ -46.570562, -23.449846 ], [ -46.570724, -23.449984 ], [ -46.570712, -23.450142 ], [ -46.570335, -23.450363 ], [ -46.570315, -23.450512 ], [ -46.570827, -23.450957 ], [ -46.571102, -23.45102 ], [ -46.571343, -23.450901 ], [ -46.571519, -23.450573 ], [ -46.571231, -23.450104 ], [ -46.570947, -23.449074 ], [ -46.57069, -23.449115 ], [ -46.570606, -23.449187 ], [ -46.570574, -23.449344 ], [ -46.570834, -23.449747 ], [ -46.570562, -23.449846 ] ] ] } },
{ "type": "Feature", "properties": { "CD_SETOR": "355030839000148", "faces": 23, "pavimentada": 100.0, "bueiro": 52.17, "iluminacao": 95.65, "onibus": 0.0, "ciclovia": 0.0, "calcada": 4.35, "obstaculo": 100.0, "rampa": 0.0, "rampa_faces": 0.0, "sem_calcada": 95.65, "sem_arvore": 95.65, "muitas_arvores": 0.0, "vao": 100.0, "V05400": 23, "V05421": 1, "V05406": 23, "V05412": 22, "V05422": 22, "V05424": 1, "V05427": 0, "V05409": 12, "V05415": 0, "V05418": 0, "V05430": 22, "V05433": 0, "criancas_0a4": 33, "em_favela": true }, "geometry": { "type": "Polygon", "coordinates": [ [ [ -46.569817, -23.449185 ], [ -46.569972, -23.449881 ], [ -46.570562, -23.449846 ], [ -46.570834, -23.449747 ], [ -46.570574, -23.449344 ], [ -46.570582, -23.449264 ], [ -46.570636, -23.449135 ], [ -46.570947, -23.449074 ], [ -46.570941, -23.449021 ], [ -46.571092, -23.448957 ], [ -46.571015, -23.448642 ], [ -46.570298, -23.448825 ], [ -46.570104, -23.448944 ], [ -46.57008, -23.449133 ], [ -46.569817, -23.449185 ] ] ] } },
{ "type": "Feature", "properties": { "CD_SETOR": "355030839000149", "faces": 10, "pavimentada": 100.0, "bueiro": 60.0, "iluminacao": 50.0, "onibus": 0.0, "ciclovia": 0.0, "calcada": 20.0, "obstaculo": 100.0, "rampa": 0.0, "rampa_faces": 0.0, "sem_calcada": 80.0, "sem_arvore": 100.0, "muitas_arvores": 0.0, "vao": 100.0, "V05400": 10, "V05421": 2, "V05406": 10, "V05412": 5, "V05422": 8, "V05424": 2, "V05427": 0, "V05409": 6, "V05415": 0, "V05418": 0, "V05430": 10, "V05433": 0, "criancas_0a4": 35, "em_favela": true }, "geometry": { "type": "Polygon", "coordinates": [ [ [ -46.574307, -23.458422 ], [ -46.574886, -23.458663 ], [ -46.576916, -23.459077 ], [ -46.577273, -23.45903 ], [ -46.577562, -23.458922 ], [ -46.577439, -23.458857 ], [ -46.576979, -23.458905 ], [ -46.576816, -23.458736 ], [ -46.576508, -23.45856 ], [ -46.575368, -23.458149 ], [ -46.574837, -23.458056 ], [ -46.574563, -23.458126 ], [ -46.5743, -23.458365 ], [ -46.574307, -23.458422 ] ] ] } },
{ "type": "Feature", "properties": { "CD_SETOR": "355030839000150", "faces": 3, "pavimentada": 100.0, "bueiro": 33.33, "iluminacao": 66.67, "onibus": 0.0, "ciclovia": 33.33, "calcada": 66.67, "obstaculo": 100.0, "rampa": 0.0, "rampa_faces": 0.0, "sem_calcada": 33.33, "sem_arvore": 66.67, "muitas_arvores": 0.0, "vao": 100.0, "V05400": 3, "V05421": 2, "V05406": 3, "V05412": 2, "V05422": 1, "V05424": 2, "V05427": 0, "V05409": 1, "V05415": 0, "V05418": 1, "V05430": 2, "V05433": 0, "criancas_0a4": 3, "em_favela": false }, "geometry": { "type": "Polygon", "coordinates": [ [ [ -46.573331, -23.449637 ], [ -46.573376, -23.449826 ], [ -46.573298, -23.45037 ], [ -46.573323, -23.450459 ], [ -46.573449, -23.450634 ], [ -46.573855, -23.451013 ], [ -46.573934, -23.451025 ], [ -46.573731, -23.450294 ], [ -46.57368, -23.449507 ], [ -46.573331, -23.449637 ] ] ] } },
{ "type": "Feature", "properties": { "CD_SETOR": "355030839000151", "faces": 6, "pavimentada": 100.0, "bueiro": 50.0, "iluminacao": 83.33, "onibus": 16.67, "ciclovia": 0.0, "calcada": 100.0, "obstaculo": 100.0, "rampa": 0.0, "rampa_faces": 0.0, "sem_calcada": 0.0, "sem_arvore": 50.0, "muitas_arvores": 0.0, "vao": 100.0, "V05400": 6, "V05421": 6, "V05406": 6, "V05412": 5, "V05422": 0, "V05424": 6, "V05427": 0, "V05409": 3, "V05415": 1, "V05418": 0, "V05430": 3, "V05433": 0, "criancas_0a4": 6, "em_favela": true }, "geometry": { "type": "Polygon", "coordinates": [ [ [ -46.572942, -23.447842 ], [ -46.573197, -23.448727 ], [ -46.5734, -23.448873 ], [ -46.573775, -23.44884 ], [ -46.573262, -23.447865 ], [ -46.573132, -23.447778 ], [ -46.572942, -23.447842 ] ] ] } },
{ "type": "Feature", "properties": { "CD_SETOR": "355030839000152", "faces": 11, "pavimentada": 100.0, "bueiro": 18.18, "iluminacao": 9.09, "onibus": 0.0, "ciclovia": 0.0, "calcada": 100.0, "obstaculo": 90.91, "rampa": 0.0, "rampa_faces": 0.0, "sem_calcada": 0.0, "sem_arvore": 90.91, "muitas_arvores": 0.0, "vao": 100.0, "V05400": 11, "V05421": 11, "V05406": 11, "V05412": 1, "V05422": 0, "V05424": 10, "V05427": 0, "V05409": 2, "V05415": 0, "V05418": 0, "V05430": 10, "V05433": 0, "criancas_0a4": 34, "em_favela": true }, "geometry": { "type": "Polygon", "coordinates": [ [ [ -46.572796, -23.449405 ], [ -46.573144, -23.449483 ], [ -46.573331, -23.449637 ], [ -46.57368, -23.449507 ], [ -46.573612, -23.449103 ], [ -46.573503, -23.448929 ], [ -46.573197, -23.448727 ], [ -46.572852, -23.448682 ], [ -46.572752, -23.448683 ], [ -46.572796, -23.449405 ] ] ] } },
{ "type": "Feature", "properties": { "CD_SETOR": "355030839000154", "faces": 19, "pavimentada": 100.0, "bueiro": 78.95, "iluminacao": 100.0, "onibus": 10.53, "ciclovia": 0.0, "calcada": 63.16, "obstaculo": 83.33, "rampa": 0.0, "rampa_faces": 0.0, "sem_calcada": 36.84, "sem_arvore": 84.21, "muitas_arvores": 0.0, "vao": 100.0, "V05400": 19, "V05421": 12, "V05406": 19, "V05412": 19, "V05422": 7, "V05424": 10, "V05427": 0, "V05409": 15, "V05415": 2, "V05418": 0, "V05430": 16, "V05433": 0, "criancas_0a4": 25, "em_favela": false }, "geometry": { "type": "Polygon", "coordinates": [ [ [ -46.577501, -23.461118 ], [ -46.577883, -23.461278 ], [ -46.57856, -23.461657 ], [ -46.578971, -23.461801 ], [ -46.579409, -23.461879 ], [ -46.58063, -23.462357 ], [ -46.580727, -23.461511 ], [ -46.577842, -23.460371 ], [ -46.577501, -23.461118 ] ] ] } },
{ "type": "Feature", "properties": { "CD_SETOR": "355030839000155", "faces": 11, "pavimentada": 100.0, "bueiro": 81.82, "iluminacao": 100.0, "onibus": 0.0, "ciclovia": 0.0, "calcada": 100.0, "obstaculo": 100.0, "rampa": 0.0, "rampa_faces": 0.0, "sem_calcada": 0.0, "sem_arvore": 36.36, "muitas_arvores": 0.0, "vao": 100.0, "V05400": 11, "V05421": 11, "V05406": 11, "V05412": 11, "V05422": 0, "V05424": 11, "V05427": 0, "V05409": 9, "V05415": 0, "V05418": 0, "V05430": 4, "V05433": 0, "criancas_0a4": 31, "em_favela": false }, "geometry": { "type": "Polygon", "coordinates": [ [ [ -46.577842, -23.460371 ], [ -46.580727, -23.461511 ], [ -46.58091, -23.459832 ], [ -46.578558, -23.45888 ], [ -46.577842, -23.460371 ] ] ] } },
{ "type": "Feature", "properties": { "CD_SETOR": "355030839000156", "faces": 25, "pavimentada": 100.0, "bueiro": 48.0, "iluminacao": 80.0, "onibus": 12.0, "ciclovia": 0.0, "calcada": 96.0, "obstaculo": 91.67, "rampa": 0.0, "rampa_faces": 0.0, "sem_calcada": 4.0, "sem_arvore": 88.0, "muitas_arvores": 0.0, "vao": 100.0, "V05400": 25, "V05421": 24, "V05406": 25, "V05412": 20, "V05422": 1, "V05424": 22, "V05427": 0, "V05409": 12, "V05415": 3, "V05418": 0, "V05430": 22, "V05433": 0, "criancas_0a4": 55, "em_favela": false }, "geometry": { "type": "Polygon", "coordinates": [ [ [ -46.578276, -23.448223 ], [ -46.578098, -23.448396 ], [ -46.577669, -23.44844 ], [ -46.577473, -23.448677 ], [ -46.577223, -23.448793 ], [ -46.577177, -23.448921 ], [ -46.57718, -23.449189 ], [ -46.577384, -23.449236 ], [ -46.578227, -23.449193 ], [ -46.578615, -23.449333 ], [ -46.579039, -23.449635 ], [ -46.57953, -23.449099 ], [ -46.579543, -23.448992 ], [ -46.579401, -23.448493 ], [ -46.579407, -23.448295 ], [ -46.579285, -23.448223 ], [ -46.578311, -23.448111 ], [ -46.578276, -23.448223 ] ] ] } },
{ "type": "Feature", "properties": { "CD_SETOR": "355030839000159", "faces": 31, "pavimentada": 100.0, "bueiro": 64.52, "iluminacao": 87.1, "onibus": 16.13, "ciclovia": 0.0, "calcada": 74.19, "obstaculo": 82.61, "rampa": 43.48, "rampa_faces": 32.26, "sem_calcada": 25.81, "sem_arvore": 54.84, "muitas_arvores": 9.68, "vao": 67.74, "V05400": 31, "V05421": 23, "V05406": 31, "V05412": 27, "V05422": 8, "V05424": 19, "V05427": 10, "V05409": 20, "V05415": 5, "V05418": 0, "V05430": 17, "V05433": 3, "criancas_0a4": 14, "em_favela": false }, "geometry": { "type": "Polygon", "coordinates": [ [ [ -46.576303, -23.468303 ], [ -46.576493, -23.469149 ], [ -46.574894, -23.469456 ], [ -46.574662, -23.468559 ], [ -46.573703, -23.468651 ], [ -46.573649, -23.468615 ], [ -46.572822, -23.470115 ], [ -46.576606, -23.471911 ], [ -46.577191, -23.470709 ], [ -46.577213, -23.46901 ], [ -46.578093, -23.468846 ], [ -46.577903, -23.467999 ], [ -46.576303, -23.468303 ] ] ] } },
{ "type": "Feature", "properties": { "CD_SETOR": "355030839000161", "faces": 42, "pavimentada": 100.0, "bueiro": 52.38, "iluminacao": 90.48, "onibus": 4.76, "ciclovia": 0.0, "calcada": 71.43, "obstaculo": 100.0, "rampa": 20.0, "rampa_faces": 14.29, "sem_calcada": 28.57, "sem_arvore": 83.33, "muitas_arvores": 0.0, "vao": 85.71, "V05400": 42, "V05421": 30, "V05406": 42, "V05412": 38, "V05422": 12, "V05424": 30, "V05427": 6, "V05409": 22, "V05415": 2, "V05418": 0, "V05430": 35, "V05433": 0, "criancas_0a4": 30, "em_favela": false }, "geometry": { "type": "Polygon", "coordinates": [ [ [ -46.577538, -23.46637 ], [ -46.572968, -23.467259 ], [ -46.572314, -23.4674 ], [ -46.572796, -23.46773 ], [ -46.573118, -23.467873 ], [ -46.573485, -23.467983 ], [ -46.57399, -23.468014 ], [ -46.573649, -23.468615 ], [ -46.573703, -23.468651 ], [ -46.574594, -23.468548 ], [ -46.574681, -23.468583 ], [ -46.574496, -23.467827 ], [ -46.576122, -23.4675 ], [ -46.576303, -23.468303 ], [ -46.577903, -23.467999 ], [ -46.577538, -23.46637 ] ] ] } },
{ "type": "Feature", "properties": { "CD_SETOR": "355030839000162", "faces": 21, "pavimentada": 100.0, "bueiro": 38.1, "iluminacao": 100.0, "onibus": 23.81, "ciclovia": 0.0, "calcada": 90.48, "obstaculo": 84.21, "rampa": 36.84, "rampa_faces": 33.33, "sem_calcada": 9.52, "sem_arvore": 57.14, "muitas_arvores": 23.81, "vao": 66.67, "V05400": 21, "V05421": 19, "V05406": 21, "V05412": 21, "V05422": 2, "V05424": 16, "V05427": 7, "V05409": 8, "V05415": 5, "V05418": 0, "V05430": 12, "V05433": 5, "criancas_0a4": 19, "em_favela": false }, "geometry": { "type": "Polygon", "coordinates": [ [ [ -46.585459, -23.466736 ], [ -46.58568, -23.466907 ], [ -46.587384, -23.467889 ], [ -46.587803, -23.468059 ], [ -46.587984, -23.468083 ], [ -46.589418, -23.467934 ], [ -46.589773, -23.467956 ], [ -46.590247, -23.468072 ], [ -46.590657, -23.467123 ], [ -46.590218, -23.466959 ], [ -46.589423, -23.466902 ], [ -46.58894, -23.466803 ], [ -46.588067, -23.466573 ], [ -46.586079, -23.465943 ], [ -46.585459, -23.466736 ] ] ] } },
{ "type": "Feature", "properties": { "CD_SETOR": "355030839000163", "faces": 16, "pavimentada": 100.0, "bueiro": 68.75, "iluminacao": 100.0, "onibus": 37.5, "ciclovia": 0.0, "calcada": 100.0, "obstaculo": 43.75, "rampa": 81.25, "rampa_faces": 81.25, "sem_calcada": 0.0, "sem_arvore": 56.25, "muitas_arvores": 6.25, "vao": 18.75, "V05400": 16, "V05421": 16, "V05406": 16, "V05412": 16, "V05422": 0, "V05424": 7, "V05427": 13, "V05409": 11, "V05415": 6, "V05418": 0, "V05430": 9, "V05433": 1, "criancas_0a4": 40, "em_favela": false }, "geometry": { "type": "Polygon", "coordinates": [ [ [ -46.584745, -23.463683 ], [ -46.583813, -23.463858 ], [ -46.583834, -23.463952 ], [ -46.583732, -23.463969 ], [ -46.584507, -23.465218 ], [ -46.58453, -23.465482 ], [ -46.58462, -23.465681 ], [ -46.584952, -23.466122 ], [ -46.585122, -23.46646 ], [ -46.585459, -23.466736 ], [ -46.586079, -23.465943 ], [ -46.585498, -23.465739 ], [ -46.585169, -23.46537 ], [ -46.585111, -23.465389 ], [ -46.584992, -23.464647 ], [ -46.584729, -23.464384 ], [ -46.584588, -23.464116 ], [ -46.584585, -23.46397 ], [ -46.584745, -23.463683 ] ] ] } },
{ "type": "Feature", "properties": { "CD_SETOR": "355030839000164", "faces": 12, "pavimentada": 100.0, "bueiro": 50.0, "iluminacao": 100.0, "onibus": 25.0, "ciclovia": 25.0, "calcada": 100.0, "obstaculo": 66.67, "rampa": 16.67, "rampa_faces": 16.67, "sem_calcada": 0.0, "sem_arvore": 25.0, "muitas_arvores": 33.33, "vao": 83.33, "V05400": 12, "V05421": 12, "V05406": 12, "V05412": 12, "V05422": 0, "V05424": 8, "V05427": 2, "V05409": 6, "V05415": 3, "V05418": 3, "V05430": 3, "V05433": 4, "criancas_0a4": 29, "em_favela": false }, "geometry": { "type": "Polygon", "coordinates": [ [ [ -46.564937, -23.4821 ], [ -46.564079, -23.483661 ], [ -46.565068, -23.484107 ], [ -46.565928, -23.482565 ], [ -46.564937, -23.4821 ] ] ] } },
{ "type": "Feature", "properties": { "CD_SETOR": "355030839000165", "faces": 16, "pavimentada": 100.0, "bueiro": 50.0, "iluminacao": 100.0, "onibus": 6.25, "ciclovia": 0.0, "calcada": 100.0, "obstaculo": 56.25, "rampa": 0.0, "rampa_faces": 0.0, "sem_calcada": 0.0, "sem_arvore": 0.0, "muitas_arvores": 12.5, "vao": 100.0, "V05400": 16, "V05421": 16, "V05406": 16, "V05412": 16, "V05422": 0, "V05424": 9, "V05427": 0, "V05409": 8, "V05415": 1, "V05418": 0, "V05430": 0, "V05433": 2, "criancas_0a4": 17, "em_favela": false }, "geometry": { "type": "Polygon", "coordinates": [ [ [ -46.562643, -23.482337 ], [ -46.564364, -23.483141 ], [ -46.564937, -23.4821 ], [ -46.563218, -23.481266 ], [ -46.562643, -23.482337 ] ] ] } },
{ "type": "Feature", "properties": { "CD_SETOR": "355030839000166", "faces": 16, "pavimentada": 100.0, "bueiro": 62.5, "iluminacao": 100.0, "onibus": 0.0, "ciclovia": 0.0, "calcada": 93.75, "obstaculo": 100.0, "rampa": 0.0, "rampa_faces": 0.0, "sem_calcada": 6.25, "sem_arvore": 75.0, "muitas_arvores": 0.0, "vao": 100.0, "V05400": 16, "V05421": 15, "V05406": 16, "V05412": 16, "V05422": 1, "V05424": 15, "V05427": 0, "V05409": 10, "V05415": 0, "V05418": 0, "V05430": 12, "V05433": 0, "criancas_0a4": 6, "em_favela": false }, "geometry": { "type": "Polygon", "coordinates": [ [ [ -46.575507, -23.46245 ], [ -46.575771, -23.462665 ], [ -46.576335, -23.46185 ], [ -46.573749, -23.460821 ], [ -46.573537, -23.461195 ], [ -46.575507, -23.46245 ] ] ] } },
{ "type": "Feature", "properties": { "CD_SETOR": "355030839000167", "faces": 30, "pavimentada": 100.0, "bueiro": 50.0, "iluminacao": 100.0, "onibus": 10.0, "ciclovia": 0.0, "calcada": 63.33, "obstaculo": 100.0, "rampa": 10.53, "rampa_faces": 6.67, "sem_calcada": 36.67, "sem_arvore": 76.67, "muitas_arvores": 13.33, "vao": 93.33, "V05400": 30, "V05421": 19, "V05406": 30, "V05412": 30, "V05422": 11, "V05424": 19, "V05427": 2, "V05409": 15, "V05415": 3, "V05418": 0, "V05430": 23, "V05433": 4, "criancas_0a4": 30, "em_favela": false }, "geometry": { "type": "Polygon", "coordinates": [ [ [ -46.571358, -23.46069 ], [ -46.571679, -23.460667 ], [ -46.572853, -23.462331 ], [ -46.572961, -23.462393 ], [ -46.573275, -23.461674 ], [ -46.575179, -23.462915 ], [ -46.575507, -23.46245 ], [ -46.573537, -23.461195 ], [ -46.573749, -23.460821 ], [ -46.571819, -23.460031 ], [ -46.571987, -23.45951 ], [ -46.571331, -23.459265 ], [ -46.571358, -23.46069 ] ] ] } },
{ "type": "Feature", "properties": { "CD_SETOR": "355030839000169", "faces": 22, "pavimentada": 72.73, "bueiro": 36.36, "iluminacao": 72.73, "onibus": 13.64, "ciclovia": 0.0, "calcada": 27.27, "obstaculo": 100.0, "rampa": 0.0, "rampa_faces": 0.0, "sem_calcada": 45.45, "sem_arvore": 68.18, "muitas_arvores": 4.55, "vao": 72.73, "V05400": 22, "V05421": 6, "V05406": 16, "V05412": 16, "V05422": 10, "V05424": 6, "V05427": 0, "V05409": 8, "V05415": 3, "V05418": 0, "V05430": 15, "V05433": 1, "criancas_0a4": 42, "em_favela": true }, "geometry": { "type": "Polygon", "coordinates": [ [ [ -46.575885, -23.454754 ], [ -46.57645, -23.454989 ], [ -46.576496, -23.455072 ], [ -46.576798, -23.455301 ], [ -46.576827, -23.455343 ], [ -46.576752, -23.455479 ], [ -46.576855, -23.455673 ], [ -46.577344, -23.455922 ], [ -46.577593, -23.456104 ], [ -46.57775, -23.456006 ], [ -46.577901, -23.45601 ], [ -46.57839, -23.455518 ], [ -46.577959, -23.455197 ], [ -46.577433, -23.45525 ], [ -46.577185, -23.455136 ], [ -46.576918, -23.454825 ], [ -46.576842, -23.454412 ], [ -46.576744, -23.454182 ], [ -46.576616, -23.453997 ], [ -46.576489, -23.453918 ], [ -46.575885, -23.454754 ] ] ] } },
{ "type": "Feature", "properties": { "CD_SETOR": "355030839000170", "faces": 13, "pavimentada": 100.0, "bueiro": 30.77, "iluminacao": 100.0, "onibus": 7.69, "ciclovia": 0.0, "calcada": 7.69, "obstaculo": 100.0, "rampa": 0.0, "rampa_faces": 0.0, "sem_calcada": 92.31, "sem_arvore": 100.0, "muitas_arvores": 0.0, "vao": 100.0, "V05400": 13, "V05421": 1, "V05406": 13, "V05412": 13, "V05422": 12, "V05424": 1, "V05427": 0, "V05409": 4, "V05415": 1, "V05418": 0, "V05430": 13, "V05433": 0, "criancas_0a4": 38, "em_favela": true }, "geometry": { "type": "Polygon", "coordinates": [ [ [ -46.577593, -23.456104 ], [ -46.577763, -23.456339 ], [ -46.577836, -23.456281 ], [ -46.578151, -23.456583 ], [ -46.578743, -23.456966 ], [ -46.578961, -23.456753 ], [ -46.579162, -23.457361 ], [ -46.579576, -23.456096 ], [ -46.57944, -23.456111 ], [ -46.579267, -23.456051 ], [ -46.57839, -23.455518 ], [ -46.577901, -23.45601 ], [ -46.57775, -23.456006 ], [ -46.577593, -23.456104 ] ] ] } },
{ "type": "Feature", "properties": { "CD_SETOR": "355030839000171", "faces": 8, "pavimentada": 100.0, "bueiro": 100.0, "iluminacao": 62.5, "onibus": 25.0, "ciclovia": 0.0, "calcada": 25.0, "obstaculo": 100.0, "rampa": 0.0, "rampa_faces": 0.0, "sem_calcada": 75.0, "sem_arvore": 87.5, "muitas_arvores": 12.5, "vao": 100.0, "V05400": 8, "V05421": 2, "V05406": 8, "V05412": 5, "V05422": 6, "V05424": 2, "V05427": 0, "V05409": 8, "V05415": 2, "V05418": 0, "V05430": 7, "V05433": 1, "criancas_0a4": 46, "em_favela": true }, "geometry": { "type": "Polygon", "coordinates": [ [ [ -46.579576, -23.456096 ], [ -46.579162, -23.457361 ], [ -46.579367, -23.457568 ], [ -46.579402, -23.457666 ], [ -46.58011, -23.457448 ], [ -46.580849, -23.4573 ], [ -46.581302, -23.457138 ], [ -46.581098, -23.456802 ], [ -46.580834, -23.456835 ], [ -46.580169, -23.456626 ], [ -46.580047, -23.456516 ], [ -46.579856, -23.456122 ], [ -46.579696, -23.456072 ], [ -46.579576, -23.456096 ] ] ] } },
{ "type": "Feature", "properties": { "CD_SETOR": "355030839000172", "faces": 4, "pavimentada": 100.0, "bueiro": 50.0, "iluminacao": 50.0, "onibus": 50.0, "ciclovia": 0.0, "calcada": 50.0, "obstaculo": 100.0, "rampa": 0.0, "rampa_faces": 0.0, "sem_calcada": 50.0, "sem_arvore": 50.0, "muitas_arvores": 0.0, "vao": 100.0, "V05400": 4, "V05421": 2, "V05406": 4, "V05412": 2, "V05422": 2, "V05424": 2, "V05427": 0, "V05409": 2, "V05415": 2, "V05418": 0, "V05430": 2, "V05433": 0, "criancas_0a4": 20, "em_favela": false }, "geometry": { "type": "Polygon", "coordinates": [ [ [ -46.581098, -23.456802 ], [ -46.581302, -23.457138 ], [ -46.582101, -23.457069 ], [ -46.584293, -23.456641 ], [ -46.584667, -23.456511 ], [ -46.584474, -23.456381 ], [ -46.583732, -23.456244 ], [ -46.583511, -23.45624 ], [ -46.583021, -23.456432 ], [ -46.582777, -23.456407 ], [ -46.58242, -23.456224 ], [ -46.58217, -23.456208 ], [ -46.581769, -23.456285 ], [ -46.581366, -23.456707 ], [ -46.581098, -23.456802 ] ] ] } },
{ "type": "Feature", "properties": { "CD_SETOR": "355030839000173", "faces": 9, "pavimentada": 100.0, "bueiro": 11.11, "iluminacao": 100.0, "onibus": 0.0, "ciclovia": 0.0, "calcada": 77.78, "obstaculo": 100.0, "rampa": 0.0, "rampa_faces": 0.0, "sem_calcada": 22.22, "sem_arvore": 88.89, "muitas_arvores": 0.0, "vao": 100.0, "V05400": 9, "V05421": 7, "V05406": 9, "V05412": 9, "V05422": 2, "V05424": 7, "V05427": 0, "V05409": 1, "V05415": 0, "V05418": 0, "V05430": 8, "V05433": 0, "criancas_0a4": 55, "em_favela": true }, "geometry": { "type": "Polygon", "coordinates": [ [ [ -46.56656, -23.44019 ], [ -46.566721, -23.440381 ], [ -46.566528, -23.440467 ], [ -46.566325, -23.440654 ], [ -46.56701, -23.441298 ], [ -46.567269, -23.441409 ], [ -46.567442, -23.441558 ], [ -46.567614, -23.441431 ], [ -46.567617, -23.441138 ], [ -46.567321, -23.441125 ], [ -46.567424, -23.440816 ], [ -46.567365, -23.440736 ], [ -46.567335, -23.440099 ], [ -46.56656, -23.44019 ] ] ] } },
{ "type": "Feature", "properties": { "CD_SETOR": "355030839000174", "faces": 9, "pavimentada": 100.0, "bueiro": 100.0, "iluminacao": 77.78, "onibus": 0.0, "ciclovia": 0.0, "calcada": 55.56, "obstaculo": 100.0, "rampa": 0.0, "rampa_faces": 0.0, "sem_calcada": 44.44, "sem_arvore": 100.0, "muitas_arvores": 0.0, "vao": 100.0, "V05400": 9, "V05421": 5, "V05406": 9, "V05412": 7, "V05422": 4, "V05424": 5, "V05427": 0, "V05409": 9, "V05415": 0, "V05418": 0, "V05430": 9, "V05433": 0, "criancas_0a4": 15, "em_favela": true }, "geometry": { "type": "Polygon", "coordinates": [ [ [ -46.565463, -23.439153 ], [ -46.565388, -23.439439 ], [ -46.565453, -23.439654 ], [ -46.565568, -23.439869 ], [ -46.566019, -23.440401 ], [ -46.566103, -23.440427 ], [ -46.566325, -23.440654 ], [ -46.566528, -23.440467 ], [ -46.566721, -23.440381 ], [ -46.566586, -23.440249 ], [ -46.566414, -23.439744 ], [ -46.566314, -23.438776 ], [ -46.566365, -23.438452 ], [ -46.566337, -23.438348 ], [ -46.566086, -23.438557 ], [ -46.565625, -23.438827 ], [ -46.565463, -23.439153 ] ] ] } },
{ "type": "Feature", "properties": { "CD_SETOR": "355030839000175", "faces": 18, "pavimentada": 100.0, "bueiro": 44.44, "iluminacao": 88.89, "onibus": 0.0, "ciclovia": 0.0, "calcada": 22.22, "obstaculo": 100.0, "rampa": 0.0, "rampa_faces": 0.0, "sem_calcada": 77.78, "sem_arvore": 100.0, "muitas_arvores": 0.0, "vao": 100.0, "V05400": 18, "V05421": 4, "V05406": 18, "V05412": 16, "V05422": 14, "V05424": 4, "V05427": 0, "V05409": 8, "V05415": 0, "V05418": 0, "V05430": 18, "V05433": 0, "criancas_0a4": 53, "em_favela": true }, "geometry": { "type": "Polygon", "coordinates": [ [ [ -46.577314, -23.457337 ], [ -46.577262, -23.457779 ], [ -46.576915, -23.458164 ], [ -46.577381, -23.458518 ], [ -46.577727, -23.45869 ], [ -46.578203, -23.458171 ], [ -46.578143, -23.457939 ], [ -46.578371, -23.457565 ], [ -46.578153, -23.457423 ], [ -46.578276, -23.457072 ], [ -46.578257, -23.456959 ], [ -46.578142, -23.456863 ], [ -46.577923, -23.456881 ], [ -46.577776, -23.456974 ], [ -46.577471, -23.457305 ], [ -46.577314, -23.457337 ] ] ] } },
{ "type": "Feature", "properties": { "CD_SETOR": "355030839000176", "faces": 9, "pavimentada": 100.0, "bueiro": 55.56, "iluminacao": 100.0, "onibus": 0.0, "ciclovia": 0.0, "calcada": 0.0, "obstaculo": null, "rampa": null, "rampa_faces": 0.0, "sem_calcada": 100.0, "sem_arvore": 100.0, "muitas_arvores": 0.0, "vao": 100.0, "V05400": 9, "V05421": 0, "V05406": 9, "V05412": 9, "V05422": 9, "V05424": 0, "V05427": 0, "V05409": 5, "V05415": 0, "V05418": 0, "V05430": 9, "V05433": 0, "criancas_0a4": 6, "em_favela": true }, "geometry": { "type": "Polygon", "coordinates": [ [ [ -46.577211, -23.457085 ], [ -46.577314, -23.457337 ], [ -46.577394, -23.457338 ], [ -46.5775, -23.457283 ], [ -46.577847, -23.456917 ], [ -46.578092, -23.456853 ], [ -46.578223, -23.456914 ], [ -46.578276, -23.457072 ], [ -46.578153, -23.457423 ], [ -46.578371, -23.457565 ], [ -46.578144, -23.457965 ], [ -46.578332, -23.458308 ], [ -46.578584, -23.458119 ], [ -46.579075, -23.457858 ], [ -46.578548, -23.45735 ], [ -46.578561, -23.457227 ], [ -46.578743, -23.456966 ], [ -46.578151, -23.456583 ], [ -46.577836, -23.456281 ], [ -46.577763, -23.456339 ], [ -46.577593, -23.456104 ], [ -46.577548, -23.456164 ], [ -46.577588, -23.456252 ], [ -46.577307, -23.456507 ], [ -46.577369, -23.456582 ], [ -46.577283, -23.456679 ], [ -46.577407, -23.456846 ], [ -46.57732, -23.456888 ], [ -46.577385, -23.456994 ], [ -46.577211, -23.457085 ] ] ] } },
{ "type": "Feature", "properties": { "CD_SETOR": "355030839000177", "faces": 3, "pavimentada": 100.0, "bueiro": 66.67, "iluminacao": 100.0, "onibus": 0.0, "ciclovia": 0.0, "calcada": 66.67, "obstaculo": 100.0, "rampa": 0.0, "rampa_faces": 0.0, "sem_calcada": 33.33, "sem_arvore": 100.0, "muitas_arvores": 0.0, "vao": 100.0, "V05400": 3, "V05421": 2, "V05406": 3, "V05412": 3, "V05422": 1, "V05424": 2, "V05427": 0, "V05409": 2, "V05415": 0, "V05418": 0, "V05430": 3, "V05433": 0, "criancas_0a4": 26, "em_favela": true }, "geometry": { "type": "Polygon", "coordinates": [ [ [ -46.577434, -23.448447 ], [ -46.578098, -23.448396 ], [ -46.578276, -23.448223 ], [ -46.576923, -23.448129 ], [ -46.576732, -23.448071 ], [ -46.576578, -23.447923 ], [ -46.576421, -23.447923 ], [ -46.576139, -23.448115 ], [ -46.576798, -23.448478 ], [ -46.577272, -23.448507 ], [ -46.577434, -23.448447 ] ] ] } },
{ "type": "Feature", "properties": { "CD_SETOR": "355030839000178", "faces": 8, "pavimentada": 100.0, "bueiro": 75.0, "iluminacao": 100.0, "onibus": 0.0, "ciclovia": 0.0, "calcada": 75.0, "obstaculo": 100.0, "rampa": 0.0, "rampa_faces": 0.0, "sem_calcada": 25.0, "sem_arvore": 87.5, "muitas_arvores": 0.0, "vao": 100.0, "V05400": 8, "V05421": 6, "V05406": 8, "V05412": 8, "V05422": 2, "V05424": 6, "V05427": 0, "V05409": 6, "V05415": 0, "V05418": 0, "V05430": 7, "V05433": 0, "criancas_0a4": 43, "em_favela": true }, "geometry": { "type": "Polygon", "coordinates": [ [ [ -46.576177, -23.447601 ], [ -46.575461, -23.448405 ], [ -46.577168, -23.449145 ], [ -46.577188, -23.448838 ], [ -46.577512, -23.448645 ], [ -46.577669, -23.44844 ], [ -46.577434, -23.448447 ], [ -46.577272, -23.448507 ], [ -46.576798, -23.448478 ], [ -46.576139, -23.448115 ], [ -46.576421, -23.447923 ], [ -46.576578, -23.447923 ], [ -46.576732, -23.448071 ], [ -46.576923, -23.448129 ], [ -46.578276, -23.448223 ], [ -46.578311, -23.448111 ], [ -46.577756, -23.447943 ], [ -46.576843, -23.447535 ], [ -46.576497, -23.447511 ], [ -46.576177, -23.447601 ] ] ] } },
{ "type": "Feature", "properties": { "CD_SETOR": "355030839000179", "faces": 15, "pavimentada": 100.0, "bueiro": 73.33, "iluminacao": 100.0, "onibus": 6.67, "ciclovia": 0.0, "calcada": 100.0, "obstaculo": 100.0, "rampa": 0.0, "rampa_faces": 0.0, "sem_calcada": 0.0, "sem_arvore": 33.33, "muitas_arvores": 20.0, "vao": 100.0, "V05400": 15, "V05421": 15, "V05406": 15, "V05412": 15, "V05422": 0, "V05424": 15, "V05427": 0, "V05409": 11, "V05415": 1, "V05418": 0, "V05430": 5, "V05433": 3, "criancas_0a4": 29, "em_favela": false }, "geometry": { "type": "Polygon", "coordinates": [ [ [ -46.575883, -23.450132 ], [ -46.575841, -23.450938 ], [ -46.576283, -23.451121 ], [ -46.576902, -23.451511 ], [ -46.577516, -23.451707 ], [ -46.577661, -23.45183 ], [ -46.577919, -23.451623 ], [ -46.578275, -23.451079 ], [ -46.578232, -23.450872 ], [ -46.578039, -23.450723 ], [ -46.577434, -23.450729 ], [ -46.57682, -23.450591 ], [ -46.576489, -23.450434 ], [ -46.576226, -23.450183 ], [ -46.575883, -23.450132 ] ] ] } },
{ "type": "Feature", "properties": { "CD_SETOR": "355030839000180", "faces": 27, "pavimentada": 100.0, "bueiro": 33.33, "iluminacao": 100.0, "onibus": 7.41, "ciclovia": 11.11, "calcada": 100.0, "obstaculo": 74.07, "rampa": 0.0, "rampa_faces": 0.0, "sem_calcada": 0.0, "sem_arvore": 51.85, "muitas_arvores": 18.52, "vao": 100.0, "V05400": 27, "V05421": 27, "V05406": 27, "V05412": 27, "V05422": 0, "V05424": 20, "V05427": 0, "V05409": 9, "V05415": 2, "V05418": 3, "V05430": 14, "V05433": 5, "criancas_0a4": 24, "em_favela": false }, "geometry": { "type": "Polygon", "coordinates": [ [ [ -46.573355, -23.448005 ], [ -46.573873, -23.449034 ], [ -46.574083, -23.449969 ], [ -46.57454, -23.450703 ], [ -46.574829, -23.4509 ], [ -46.575053, -23.450987 ], [ -46.575841, -23.450938 ], [ -46.575883, -23.450132 ], [ -46.57552, -23.450089 ], [ -46.575143, -23.449818 ], [ -46.574923, -23.449434 ], [ -46.574863, -23.449035 ], [ -46.574789, -23.448868 ], [ -46.574014, -23.448238 ], [ -46.573776, -23.447962 ], [ -46.573557, -23.447889 ], [ -46.573355, -23.448005 ] ] ] } },
{ "type": "Feature", "properties": { "CD_SETOR": "355030839000181", "faces": 11, "pavimentada": 90.91, "bueiro": 54.55, "iluminacao": 81.82, "onibus": 0.0, "ciclovia": 0.0, "calcada": 18.18, "obstaculo": 50.0, "rampa": 0.0, "rampa_faces": 0.0, "sem_calcada": 72.73, "sem_arvore": 81.82, "muitas_arvores": 9.09, "vao": 90.91, "V05400": 11, "V05421": 2, "V05406": 10, "V05412": 9, "V05422": 8, "V05424": 1, "V05427": 0, "V05409": 6, "V05415": 0, "V05418": 0, "V05430": 9, "V05433": 1, "criancas_0a4": 0, "em_favela": false }, "geometry": { "type": "Polygon", "coordinates": [ [ [ -46.570596, -23.439858 ], [ -46.569771, -23.43916 ], [ -46.569197, -23.440032 ], [ -46.568787, -23.439845 ], [ -46.568597, -23.440379 ], [ -46.567796, -23.44042 ], [ -46.567856, -23.441289 ], [ -46.568115, -23.443187 ], [ -46.568913, -23.446609 ], [ -46.569355, -23.446487 ], [ -46.569588, -23.446479 ], [ -46.569844, -23.446502 ], [ -46.570168, -23.446627 ], [ -46.5704, -23.446892 ], [ -46.57048, -23.447076 ], [ -46.570511, -23.447409 ], [ -46.570779, -23.447359 ], [ -46.570873, -23.44815 ], [ -46.570997, -23.448073 ], [ -46.571273, -23.448146 ], [ -46.571994, -23.448109 ], [ -46.572583, -23.447602 ], [ -46.57296, -23.447472 ], [ -46.573161, -23.447609 ], [ -46.573405, -23.447602 ], [ -46.573517, -23.447801 ], [ -46.573729, -23.447817 ], [ -46.573914, -23.447744 ], [ -46.574117, -23.44776 ], [ -46.574245, -23.447886 ], [ -46.574174, -23.448041 ], [ -46.574304, -23.448187 ], [ -46.574154, -23.448346 ], [ -46.574288, -23.448355 ], [ -46.574686, -23.448519 ], [ -46.574976, -23.448555 ], [ -46.574805, -23.447352 ], [ -46.57462, -23.447 ], [ -46.574726, -23.446875 ], [ -46.574734, -23.446788 ], [ -46.574586, -23.446543 ], [ -46.574508, -23.446128 ], [ -46.574389, -23.445952 ], [ -46.574387, -23.445655 ], [ -46.574255, -23.445505 ], [ -46.574072, -23.445118 ], [ -46.574061, -23.444824 ], [ -46.573909, -23.444544 ], [ -46.573863, -23.443822 ], [ -46.573769, -23.443536 ], [ -46.573358, -23.443081 ], [ -46.572995, -23.442492 ], [ -46.572407, -23.441986 ], [ -46.572111, -23.44163 ], [ -46.571536, -23.440833 ], [ -46.571057, -23.440304 ], [ -46.570973, -23.440173 ], [ -46.571001, -23.440097 ], [ -46.570761, -23.439915 ], [ -46.570596, -23.439858 ] ] ] } },
{ "type": "Feature", "properties": { "CD_SETOR": "355030839000183", "faces": 19, "pavimentada": 94.74, "bueiro": 57.89, "iluminacao": 84.21, "onibus": 10.53, "ciclovia": 0.0, "calcada": 89.47, "obstaculo": 41.18, "rampa": 11.76, "rampa_faces": 10.53, "sem_calcada": 10.53, "sem_arvore": 31.58, "muitas_arvores": 42.11, "vao": 84.21, "V05400": 19, "V05421": 17, "V05406": 18, "V05412": 16, "V05422": 2, "V05424": 7, "V05427": 2, "V05409": 11, "V05415": 2, "V05418": 0, "V05430": 6, "V05433": 8, "criancas_0a4": 61, "em_favela": false }, "geometry": { "type": "Polygon", "coordinates": [ [ [ -46.577138, -23.452704 ], [ -46.57616, -23.453741 ], [ -46.576059, -23.453902 ], [ -46.576481, -23.453915 ], [ -46.576616, -23.453997 ], [ -46.576798, -23.454286 ], [ -46.576918, -23.454825 ], [ -46.577292, -23.45521 ], [ -46.577519, -23.45525 ], [ -46.577959, -23.455197 ], [ -46.578469, -23.455568 ], [ -46.578797, -23.454719 ], [ -46.579793, -23.454963 ], [ -46.579877, -23.454936 ], [ -46.579964, -23.454829 ], [ -46.579979, -23.454603 ], [ -46.580105, -23.454614 ], [ -46.580343, -23.45441 ], [ -46.58033, -23.454133 ], [ -46.579188, -23.454202 ], [ -46.578611, -23.453533 ], [ -46.57802, -23.453232 ], [ -46.577907, -23.453063 ], [ -46.577661, -23.45183 ], [ -46.577138, -23.452704 ] ] ] } },
{ "type": "Feature", "properties": { "CD_SETOR": "355030839000184", "faces": 8, "pavimentada": 100.0, "bueiro": 87.5, "iluminacao": 75.0, "onibus": 50.0, "ciclovia": 0.0, "calcada": 100.0, "obstaculo": 87.5, "rampa": 0.0, "rampa_faces": 0.0, "sem_calcada": 0.0, "sem_arvore": 0.0, "muitas_arvores": 100.0, "vao": 100.0, "V05400": 8, "V05421": 8, "V05406": 8, "V05412": 6, "V05422": 0, "V05424": 7, "V05427": 0, "V05409": 7, "V05415": 4, "V05418": 0, "V05430": 0, "V05433": 8, "criancas_0a4": 11, "em_favela": false }, "geometry": { "type": "Polygon", "coordinates": [ [ [ -46.575805, -23.45234 ], [ -46.575543, -23.452364 ], [ -46.575532, -23.453259 ], [ -46.575668, -23.45371 ], [ -46.575911, -23.453747 ], [ -46.575947, -23.453894 ], [ -46.576059, -23.453902 ], [ -46.57616, -23.453741 ], [ -46.575883, -23.453467 ], [ -46.57689, -23.452426 ], [ -46.577138, -23.452704 ], [ -46.577661, -23.45183 ], [ -46.577516, -23.451707 ], [ -46.576902, -23.451511 ], [ -46.576856, -23.451627 ], [ -46.576713, -23.451684 ], [ -46.576217, -23.451454 ], [ -46.576081, -23.451449 ], [ -46.575979, -23.451546 ], [ -46.575964, -23.451622 ], [ -46.575939, -23.452229 ], [ -46.575805, -23.45234 ] ] ] } },
{ "type": "Feature", "properties": { "CD_SETOR": "355030839000185", "faces": 11, "pavimentada": 100.0, "bueiro": 81.82, "iluminacao": 63.64, "onibus": 27.27, "ciclovia": 0.0, "calcada": 100.0, "obstaculo": 72.73, "rampa": 0.0, "rampa_faces": 0.0, "sem_calcada": 0.0, "sem_arvore": 9.09, "muitas_arvores": 63.64, "vao": 100.0, "V05400": 11, "V05421": 11, "V05406": 11, "V05412": 7, "V05422": 0, "V05424": 8, "V05427": 0, "V05409": 9, "V05415": 3, "V05418": 0, "V05430": 1, "V05433": 7, "criancas_0a4": 28, "em_favela": false }, "geometry": { "type": "Polygon", "coordinates": [ [ [ -46.5734, -23.448873 ], [ -46.573563, -23.44899 ], [ -46.573612, -23.449103 ], [ -46.573708, -23.449674 ], [ -46.573731, -23.450294 ], [ -46.574656, -23.453362 ], [ -46.574945, -23.453541 ], [ -46.575166, -23.453792 ], [ -46.575947, -23.453894 ], [ -46.575911, -23.453747 ], [ -46.575668, -23.45371 ], [ -46.575532, -23.453259 ], [ -46.575314, -23.453262 ], [ -46.575089, -23.45315 ], [ -46.575073, -23.452358 ], [ -46.574763, -23.452365 ], [ -46.574751, -23.451632 ], [ -46.575701, -23.451584 ], [ -46.575702, -23.452355 ], [ -46.575742, -23.452355 ], [ -46.575884, -23.452291 ], [ -46.575963, -23.452166 ], [ -46.575964, -23.451622 ], [ -46.575979, -23.451546 ], [ -46.576081, -23.451449 ], [ -46.576217, -23.451454 ], [ -46.576713, -23.451684 ], [ -46.576856, -23.451627 ], [ -46.576902, -23.451511 ], [ -46.575944, -23.450957 ], [ -46.575705, -23.450918 ], [ -46.575053, -23.450987 ], [ -46.574644, -23.450784 ], [ -46.574403, -23.450539 ], [ -46.574083, -23.449969 ], [ -46.573923, -23.449185 ], [ -46.573775, -23.44884 ], [ -46.5734, -23.448873 ] ] ] } },
{ "type": "Feature", "properties": { "CD_SETOR": "355030839000186", "faces": 9, "pavimentada": 100.0, "bueiro": 66.67, "iluminacao": 100.0, "onibus": 0.0, "ciclovia": 0.0, "calcada": 88.89, "obstaculo": 100.0, "rampa": 12.5, "rampa_faces": 11.11, "sem_calcada": 11.11, "sem_arvore": 44.44, "muitas_arvores": 44.44, "vao": 88.89, "V05400": 9, "V05421": 8, "V05406": 9, "V05412": 9, "V05422": 1, "V05424": 8, "V05427": 1, "V05409": 6, "V05415": 0, "V05418": 0, "V05430": 4, "V05433": 4, "criancas_0a4": 16, "em_favela": false }, "geometry": { "type": "Polygon", "coordinates": [ [ [ -46.58091, -23.459832 ], [ -46.580557, -23.462908 ], [ -46.582174, -23.463553 ], [ -46.582405, -23.463018 ], [ -46.581394, -23.462615 ], [ -46.581574, -23.46037 ], [ -46.581617, -23.460257 ], [ -46.581818, -23.46008 ], [ -46.581429, -23.459781 ], [ -46.58091, -23.459832 ] ] ] } },
{ "type": "Feature", "properties": { "CD_SETOR": "355030839000187", "faces": 5, "pavimentada": 100.0, "bueiro": 100.0, "iluminacao": 100.0, "onibus": 0.0, "ciclovia": 0.0, "calcada": 100.0, "obstaculo": 100.0, "rampa": 0.0, "rampa_faces": 0.0, "sem_calcada": 0.0, "sem_arvore": 40.0, "muitas_arvores": 0.0, "vao": 100.0, "V05400": 5, "V05421": 5, "V05406": 5, "V05412": 5, "V05422": 0, "V05424": 5, "V05427": 0, "V05409": 5, "V05415": 0, "V05418": 0, "V05430": 2, "V05433": 0, "criancas_0a4": 30, "em_favela": false }, "geometry": { "type": "Polygon", "coordinates": [ [ [ -46.579402, -23.457666 ], [ -46.578584, -23.458119 ], [ -46.578332, -23.458308 ], [ -46.578204, -23.458118 ], [ -46.578185, -23.458208 ], [ -46.577881, -23.458478 ], [ -46.577562, -23.458922 ], [ -46.577273, -23.45903 ], [ -46.576916, -23.459077 ], [ -46.574886, -23.458663 ], [ -46.574307, -23.458422 ], [ -46.574147, -23.458439 ], [ -46.573759, -23.458602 ], [ -46.573824, -23.458869 ], [ -46.574576, -23.459407 ], [ -46.57478, -23.459139 ], [ -46.577842, -23.460371 ], [ -46.578558, -23.45888 ], [ -46.580601, -23.459702 ], [ -46.58068, -23.459351 ], [ -46.58011, -23.457448 ], [ -46.579402, -23.457666 ] ] ] } },
{ "type": "Feature", "properties": { "CD_SETOR": "355030839000188", "faces": 3, "pavimentada": 100.0, "bueiro": 33.33, "iluminacao": 100.0, "onibus": 0.0, "ciclovia": 0.0, "calcada": 100.0, "obstaculo": 100.0, "rampa": 0.0, "rampa_faces": 0.0, "sem_calcada": 0.0, "sem_arvore": 100.0, "muitas_arvores": 0.0, "vao": 100.0, "V05400": 3, "V05421": 3, "V05406": 3, "V05412": 3, "V05422": 0, "V05424": 3, "V05427": 0, "V05409": 1, "V05415": 0, "V05418": 0, "V05430": 3, "V05433": 0, "criancas_0a4": 18, "em_favela": true }, "geometry": { "type": "Polygon", "coordinates": [ [ [ -46.575256, -23.448526 ], [ -46.575306, -23.448668 ], [ -46.57571, -23.448908 ], [ -46.576227, -23.449111 ], [ -46.576662, -23.449231 ], [ -46.577116, -23.449251 ], [ -46.57718, -23.449189 ], [ -46.576989, -23.44906 ], [ -46.575544, -23.448424 ], [ -46.575461, -23.448405 ], [ -46.575256, -23.448526 ] ] ] } },
{ "type": "Feature", "properties": { "CD_SETOR": "355030839000189", "faces": 13, "pavimentada": 84.62, "bueiro": 69.23, "iluminacao": 100.0, "onibus": 0.0, "ciclovia": 0.0, "calcada": 76.92, "obstaculo": 80.0, "rampa": 0.0, "rampa_faces": 0.0, "sem_calcada": 23.08, "sem_arvore": 53.85, "muitas_arvores": 7.69, "vao": 84.62, "V05400": 13, "V05421": 10, "V05406": 11, "V05412": 13, "V05422": 3, "V05424": 8, "V05427": 0, "V05409": 9, "V05415": 0, "V05418": 0, "V05430": 7, "V05433": 1, "criancas_0a4": 27, "em_favela": false }, "geometry": { "type": "Polygon", "coordinates": [ [ [ -46.57552, -23.450089 ], [ -46.576226, -23.450183 ], [ -46.57658, -23.45049 ], [ -46.577283, -23.45071 ], [ -46.577933, -23.450703 ], [ -46.578136, -23.45077 ], [ -46.578232, -23.450872 ], [ -46.578421, -23.450789 ], [ -46.578487, -23.45064 ], [ -46.578378, -23.450445 ], [ -46.577918, -23.450298 ], [ -46.577809, -23.450213 ], [ -46.577789, -23.450168 ], [ -46.578174, -23.45004 ], [ -46.577936, -23.449456 ], [ -46.577025, -23.449708 ], [ -46.575754, -23.449744 ], [ -46.575538, -23.449519 ], [ -46.575509, -23.449336 ], [ -46.575874, -23.448985 ], [ -46.575306, -23.448668 ], [ -46.575256, -23.448526 ], [ -46.574889, -23.448557 ], [ -46.574154, -23.448346 ], [ -46.574789, -23.448868 ], [ -46.574863, -23.449035 ], [ -46.574923, -23.449434 ], [ -46.575143, -23.449818 ], [ -46.57552, -23.450089 ] ] ] } },
{ "type": "Feature", "properties": { "CD_SETOR": "355030839000190", "faces": 17, "pavimentada": 94.12, "bueiro": 58.82, "iluminacao": 100.0, "onibus": 23.53, "ciclovia": 0.0, "calcada": 82.35, "obstaculo": 92.86, "rampa": 7.14, "rampa_faces": 5.88, "sem_calcada": 17.65, "sem_arvore": 88.24, "muitas_arvores": 5.88, "vao": 88.24, "V05400": 17, "V05421": 14, "V05406": 16, "V05412": 17, "V05422": 3, "V05424": 13, "V05427": 1, "V05409": 10, "V05415": 4, "V05418": 0, "V05430": 15, "V05433": 1, "criancas_0a4": 19, "em_favela": false }, "geometry": { "type": "Polygon", "coordinates": [ [ [ -46.5706, -23.451925 ], [ -46.570777, -23.451966 ], [ -46.570824, -23.452492 ], [ -46.57105, -23.452532 ], [ -46.571087, -23.453046 ], [ -46.572051, -23.453284 ], [ -46.572105, -23.452259 ], [ -46.572659, -23.452377 ], [ -46.572108, -23.451685 ], [ -46.572043, -23.451175 ], [ -46.571761, -23.450778 ], [ -46.571519, -23.450573 ], [ -46.571385, -23.450859 ], [ -46.571065, -23.45107 ], [ -46.570913, -23.451105 ], [ -46.570566, -23.451033 ], [ -46.570456, -23.451076 ], [ -46.570296, -23.45137 ], [ -46.570508, -23.452031 ], [ -46.5706, -23.451925 ] ] ] } },
{ "type": "Feature", "properties": { "CD_SETOR": "355030839000191", "faces": 10, "pavimentada": 100.0, "bueiro": 50.0, "iluminacao": 100.0, "onibus": 10.0, "ciclovia": 0.0, "calcada": 40.0, "obstaculo": 100.0, "rampa": 0.0, "rampa_faces": 0.0, "sem_calcada": 60.0, "sem_arvore": 80.0, "muitas_arvores": 0.0, "vao": 100.0, "V05400": 10, "V05421": 4, "V05406": 10, "V05412": 10, "V05422": 6, "V05424": 4, "V05427": 0, "V05409": 5, "V05415": 1, "V05418": 0, "V05430": 8, "V05433": 0, "criancas_0a4": 3, "em_favela": true }, "geometry": { "type": "Polygon", "coordinates": [ [ [ -46.570508, -23.452031 ], [ -46.570924, -23.453669 ], [ -46.571066, -23.453819 ], [ -46.571155, -23.454192 ], [ -46.571211, -23.45418 ], [ -46.571287, -23.453787 ], [ -46.571197, -23.453759 ], [ -46.571172, -23.453524 ], [ -46.570974, -23.453372 ], [ -46.571097, -23.452999 ], [ -46.57105, -23.452532 ], [ -46.570824, -23.452492 ], [ -46.570777, -23.451966 ], [ -46.5706, -23.451925 ], [ -46.570508, -23.452031 ] ] ] } },
{ "type": "Feature", "properties": { "CD_SETOR": "355030839000192", "faces": 30, "pavimentada": 100.0, "bueiro": 80.0, "iluminacao": 100.0, "onibus": 13.33, "ciclovia": 0.0, "calcada": 100.0, "obstaculo": 76.67, "rampa": 10.0, "rampa_faces": 10.0, "sem_calcada": 0.0, "sem_arvore": 10.0, "muitas_arvores": 33.33, "vao": 90.0, "V05400": 30, "V05421": 30, "V05406": 30, "V05412": 30, "V05422": 0, "V05424": 23, "V05427": 3, "V05409": 24, "V05415": 4, "V05418": 0, "V05430": 3, "V05433": 10, "criancas_0a4": 34, "em_favela": false }, "geometry": { "type": "Polygon", "coordinates": [ [ [ -46.560814, -23.478004 ], [ -46.560895, -23.478255 ], [ -46.561196, -23.478814 ], [ -46.561309, -23.479203 ], [ -46.561012, -23.481466 ], [ -46.561051, -23.481712 ], [ -46.561202, -23.482058 ], [ -46.56128, -23.482379 ], [ -46.561225, -23.483024 ], [ -46.561457, -23.482739 ], [ -46.56148, -23.482527 ], [ -46.562067, -23.481449 ], [ -46.561283, -23.481425 ], [ -46.561447, -23.479864 ], [ -46.562073, -23.47989 ], [ -46.562218, -23.480784 ], [ -46.562379, -23.480878 ], [ -46.564332, -23.477396 ], [ -46.564155, -23.477261 ], [ -46.564016, -23.476917 ], [ -46.5636, -23.477226 ], [ -46.561063, -23.477978 ], [ -46.560814, -23.478004 ] ] ] } },
{ "type": "Feature", "properties": { "CD_SETOR": "355030839000193", "faces": 4, "pavimentada": 100.0, "bueiro": 100.0, "iluminacao": 25.0, "onibus": 0.0, "ciclovia": 0.0, "calcada": 50.0, "obstaculo": 100.0, "rampa": 0.0, "rampa_faces": 0.0, "sem_calcada": 50.0, "sem_arvore": 0.0, "muitas_arvores": 25.0, "vao": 100.0, "V05400": 4, "V05421": 2, "V05406": 4, "V05412": 1, "V05422": 2, "V05424": 2, "V05427": 0, "V05409": 4, "V05415": 0, "V05418": 0, "V05430": 0, "V05433": 1, "criancas_0a4": 35, "em_favela": false }, "geometry": { "type": "Polygon", "coordinates": [ [ [ -46.568736, -23.462605 ], [ -46.569175, -23.462605 ], [ -46.56936, -23.462794 ], [ -46.569651, -23.462139 ], [ -46.569722, -23.4621 ], [ -46.569787, -23.46211 ], [ -46.570111, -23.461927 ], [ -46.570466, -23.461887 ], [ -46.570708, -23.461959 ], [ -46.570778, -23.462034 ], [ -46.571379, -23.461805 ], [ -46.571358, -23.46069 ], [ -46.57106, -23.460775 ], [ -46.569642, -23.460236 ], [ -46.569376, -23.460546 ], [ -46.569258, -23.460773 ], [ -46.569028, -23.461814 ], [ -46.568736, -23.462605 ] ] ] } },
{ "type": "Feature", "properties": { "CD_SETOR": "355030839000194", "faces": 34, "pavimentada": 11.76, "bueiro": 14.71, "iluminacao": 88.24, "onibus": 0.0, "ciclovia": 0.0, "calcada": 2.94, "obstaculo": 100.0, "rampa": 0.0, "rampa_faces": 0.0, "sem_calcada": 97.06, "sem_arvore": 97.06, "muitas_arvores": 2.94, "vao": 11.76, "V05400": 34, "V05421": 1, "V05406": 4, "V05412": 30, "V05422": 33, "V05424": 1, "V05427": 0, "V05409": 5, "V05415": 0, "V05418": 0, "V05430": 33, "V05433": 1, "criancas_0a4": 47, "em_favela": true }, "geometry": { "type": "Polygon", "coordinates": [ [ [ -46.577025, -23.449708 ], [ -46.578134, -23.449396 ], [ -46.578227, -23.449193 ], [ -46.577384, -23.449236 ], [ -46.57718, -23.449189 ], [ -46.577116, -23.449251 ], [ -46.576662, -23.449231 ], [ -46.575874, -23.448985 ], [ -46.575509, -23.449336 ], [ -46.575538, -23.449519 ], [ -46.575754, -23.449744 ], [ -46.577025, -23.449708 ] ] ] } },
{ "type": "Feature", "properties": { "CD_SETOR": "355030839000195", "faces": 1, "pavimentada": 100.0, "bueiro": 100.0, "iluminacao": 100.0, "onibus": 0.0, "ciclovia": 0.0, "calcada": 100.0, "obstaculo": 100.0, "rampa": 0.0, "rampa_faces": 0.0, "sem_calcada": 0.0, "sem_arvore": 100.0, "muitas_arvores": 0.0, "vao": 100.0, "V05400": 1, "V05421": 1, "V05406": 1, "V05412": 1, "V05422": 0, "V05424": 1, "V05427": 0, "V05409": 1, "V05415": 0, "V05418": 0, "V05430": 1, "V05433": 0, "criancas_0a4": 28, "em_favela": false }, "geometry": { "type": "Polygon", "coordinates": [ [ [ -46.575766, -23.468407 ], [ -46.57585, -23.468789 ], [ -46.576388, -23.468683 ], [ -46.576303, -23.468303 ], [ -46.575766, -23.468407 ] ] ] } },
{ "type": "Feature", "properties": { "CD_SETOR": "355030839000196", "faces": 4, "pavimentada": 100.0, "bueiro": 50.0, "iluminacao": 100.0, "onibus": 25.0, "ciclovia": 0.0, "calcada": 100.0, "obstaculo": 100.0, "rampa": 50.0, "rampa_faces": 50.0, "sem_calcada": 0.0, "sem_arvore": 75.0, "muitas_arvores": 25.0, "vao": 50.0, "V05400": 4, "V05421": 4, "V05406": 4, "V05412": 4, "V05422": 0, "V05424": 4, "V05427": 2, "V05409": 2, "V05415": 1, "V05418": 0, "V05430": 3, "V05433": 1, "criancas_0a4": 31, "em_favela": false }, "geometry": { "type": "Polygon", "coordinates": [ [ [ -46.575766, -23.468407 ], [ -46.57477, -23.468621 ], [ -46.574681, -23.468583 ], [ -46.574894, -23.469456 ], [ -46.576493, -23.469149 ], [ -46.576388, -23.468683 ], [ -46.57585, -23.468789 ], [ -46.575766, -23.468407 ] ] ] } },
{ "type": "Feature", "properties": { "CD_SETOR": "355030839000197", "faces": 2, "pavimentada": 100.0, "bueiro": 50.0, "iluminacao": 50.0, "onibus": 0.0, "ciclovia": 0.0, "calcada": 100.0, "obstaculo": 50.0, "rampa": 0.0, "rampa_faces": 0.0, "sem_calcada": 0.0, "sem_arvore": 50.0, "muitas_arvores": 50.0, "vao": 100.0, "V05400": 2, "V05421": 2, "V05406": 2, "V05412": 1, "V05422": 0, "V05424": 1, "V05427": 0, "V05409": 1, "V05415": 0, "V05418": 0, "V05430": 1, "V05433": 1, "criancas_0a4": 48, "em_favela": false }, "geometry": { "type": "Polygon", "coordinates": [ [ [ -46.575544, -23.467616 ], [ -46.575714, -23.468416 ], [ -46.576303, -23.468303 ], [ -46.576122, -23.4675 ], [ -46.575544, -23.467616 ] ] ] } },
{ "type": "Feature", "properties": { "CD_SETOR": "355030839000198", "faces": 3, "pavimentada": 100.0, "bueiro": 66.67, "iluminacao": 100.0, "onibus": 0.0, "ciclovia": 0.0, "calcada": 100.0, "obstaculo": 100.0, "rampa": 0.0, "rampa_faces": 0.0, "sem_calcada": 0.0, "sem_arvore": 33.33, "muitas_arvores": 66.67, "vao": 100.0, "V05400": 3, "V05421": 3, "V05406": 3, "V05412": 3, "V05422": 0, "V05424": 3, "V05427": 0, "V05409": 2, "V05415": 0, "V05418": 0, "V05430": 1, "V05433": 2, "criancas_0a4": 36, "em_favela": false }, "geometry": { "type": "Polygon", "coordinates": [ [ [ -46.575714, -23.468416 ], [ -46.575544, -23.467616 ], [ -46.574496, -23.467827 ], [ -46.574681, -23.468583 ], [ -46.574737, -23.468614 ], [ -46.575714, -23.468416 ] ] ] } },
{ "type": "Feature", "properties": { "CD_SETOR": "355030839000200", "faces": 4, "pavimentada": 100.0, "bueiro": 50.0, "iluminacao": 100.0, "onibus": 25.0, "ciclovia": 0.0, "calcada": 25.0, "obstaculo": 100.0, "rampa": 0.0, "rampa_faces": 0.0, "sem_calcada": 75.0, "sem_arvore": 100.0, "muitas_arvores": 0.0, "vao": 100.0, "V05400": 4, "V05421": 1, "V05406": 4, "V05412": 4, "V05422": 3, "V05424": 1, "V05427": 0, "V05409": 2, "V05415": 1, "V05418": 0, "V05430": 4, "V05433": 0, "criancas_0a4": 45, "em_favela": true }, "geometry": { "type": "Polygon", "coordinates": [ [ [ -46.571269, -23.439914 ], [ -46.571002, -23.440095 ], [ -46.570973, -23.440173 ], [ -46.571536, -23.440833 ], [ -46.572407, -23.441986 ], [ -46.572642, -23.442161 ], [ -46.572633, -23.442084 ], [ -46.572853, -23.44188 ], [ -46.572871, -23.441805 ], [ -46.572371, -23.441138 ], [ -46.572021, -23.440509 ], [ -46.571269, -23.439914 ] ] ] } },
{ "type": "Feature", "properties": { "CD_SETOR": "355030839000201", "faces": 22, "pavimentada": 81.82, "bueiro": 63.64, "iluminacao": 63.64, "onibus": 22.73, "ciclovia": 0.0, "calcada": 4.55, "obstaculo": 100.0, "rampa": 0.0, "rampa_faces": 0.0, "sem_calcada": 95.45, "sem_arvore": 100.0, "muitas_arvores": 0.0, "vao": 81.82, "V05400": 22, "V05421": 1, "V05406": 18, "V05412": 14, "V05422": 21, "V05424": 1, "V05427": 0, "V05409": 14, "V05415": 5, "V05418": 0, "V05430": 22, "V05433": 0, "criancas_0a4": 41, "em_favela": true }, "geometry": { "type": "Polygon", "coordinates": [ [ [ -46.568916, -23.464124 ], [ -46.569191, -23.464021 ], [ -46.570255, -23.463455 ], [ -46.570328, -23.463264 ], [ -46.569442, -23.463149 ], [ -46.569138, -23.463481 ], [ -46.569029, -23.463482 ], [ -46.568761, -23.463901 ], [ -46.568916, -23.464124 ] ] ] } },
{ "type": "Feature", "properties": { "CD_SETOR": "355030839000202", "faces": 12, "pavimentada": 100.0, "bueiro": 100.0, "iluminacao": 100.0, "onibus": 0.0, "ciclovia": 0.0, "calcada": 100.0, "obstaculo": 100.0, "rampa": 0.0, "rampa_faces": 0.0, "sem_calcada": 0.0, "sem_arvore": 100.0, "muitas_arvores": 0.0, "vao": 100.0, "V05400": 12, "V05421": 12, "V05406": 12, "V05412": 12, "V05422": 0, "V05424": 12, "V05427": 0, "V05409": 12, "V05415": 0, "V05418": 0, "V05430": 12, "V05433": 0, "criancas_0a4": 6, "em_favela": false }, "geometry": { "type": "Polygon", "coordinates": [ [ [ -46.569606, -23.463798 ], [ -46.568916, -23.464124 ], [ -46.570196, -23.465978 ], [ -46.5704, -23.466147 ], [ -46.571371, -23.466688 ], [ -46.571426, -23.466259 ], [ -46.571415, -23.463656 ], [ -46.570769, -23.463419 ], [ -46.570675, -23.463951 ], [ -46.570435, -23.464215 ], [ -46.570045, -23.464419 ], [ -46.569606, -23.463798 ] ] ] } },
{ "type": "Feature", "properties": { "CD_SETOR": "355030839000203", "faces": 6, "pavimentada": 100.0, "bueiro": 83.33, "iluminacao": 66.67, "onibus": 0.0, "ciclovia": 0.0, "calcada": 83.33, "obstaculo": 80.0, "rampa": 0.0, "rampa_faces": 0.0, "sem_calcada": 16.67, "sem_arvore": 50.0, "muitas_arvores": 16.67, "vao": 100.0, "V05400": 6, "V05421": 5, "V05406": 6, "V05412": 4, "V05422": 1, "V05424": 4, "V05427": 0, "V05409": 5, "V05415": 0, "V05418": 0, "V05430": 3, "V05433": 1, "criancas_0a4": 17, "em_favela": false }, "geometry": { "type": "Polygon", "coordinates": [ [ [ -46.58009, -23.452505 ], [ -46.580958, -23.452203 ], [ -46.580715, -23.451786 ], [ -46.580545, -23.451852 ], [ -46.580258, -23.451414 ], [ -46.579991, -23.450812 ], [ -46.579952, -23.450624 ], [ -46.579316, -23.449855 ], [ -46.578615, -23.449333 ], [ -46.578227, -23.449193 ], [ -46.578134, -23.449396 ], [ -46.577936, -23.449456 ], [ -46.578174, -23.45004 ], [ -46.577789, -23.450168 ], [ -46.577918, -23.450298 ], [ -46.578378, -23.450445 ], [ -46.578487, -23.45064 ], [ -46.578421, -23.450789 ], [ -46.578232, -23.450872 ], [ -46.578275, -23.451079 ], [ -46.577919, -23.451623 ], [ -46.57828, -23.451874 ], [ -46.578416, -23.451893 ], [ -46.578962, -23.451482 ], [ -46.579176, -23.451436 ], [ -46.579366, -23.451469 ], [ -46.5801, -23.451889 ], [ -46.5802, -23.452003 ], [ -46.58022, -23.452333 ], [ -46.58009, -23.452505 ] ] ] } },
{ "type": "Feature", "properties": { "CD_SETOR": "355030839000204", "faces": 8, "pavimentada": 100.0, "bueiro": 75.0, "iluminacao": 50.0, "onibus": 25.0, "ciclovia": 0.0, "calcada": 100.0, "obstaculo": 62.5, "rampa": 0.0, "rampa_faces": 0.0, "sem_calcada": 0.0, "sem_arvore": 87.5, "muitas_arvores": 12.5, "vao": 100.0, "V05400": 8, "V05421": 8, "V05406": 8, "V05412": 4, "V05422": 0, "V05424": 5, "V05427": 0, "V05409": 6, "V05415": 2, "V05418": 0, "V05430": 7, "V05433": 1, "criancas_0a4": 11, "em_favela": false }, "geometry": { "type": "Polygon", "coordinates": [ [ [ -46.582344, -23.452621 ], [ -46.581591, -23.45208 ], [ -46.581279, -23.452403 ], [ -46.581531, -23.4526 ], [ -46.581413, -23.452927 ], [ -46.580901, -23.453106 ], [ -46.580914, -23.453338 ], [ -46.581278, -23.453338 ], [ -46.581699, -23.453604 ], [ -46.583217, -23.454227 ], [ -46.583258, -23.454466 ], [ -46.583195, -23.454564 ], [ -46.582625, -23.454952 ], [ -46.582635, -23.455115 ], [ -46.582958, -23.455476 ], [ -46.582942, -23.455836 ], [ -46.583082, -23.455841 ], [ -46.583261, -23.455692 ], [ -46.583156, -23.455124 ], [ -46.583276, -23.454954 ], [ -46.583492, -23.454906 ], [ -46.583971, -23.455096 ], [ -46.584229, -23.455107 ], [ -46.584373, -23.455165 ], [ -46.584579, -23.455494 ], [ -46.584677, -23.456303 ], [ -46.584985, -23.456136 ], [ -46.584836, -23.455492 ], [ -46.584157, -23.454306 ], [ -46.583903, -23.454488 ], [ -46.583823, -23.45448 ], [ -46.583125, -23.453763 ], [ -46.58308, -23.453636 ], [ -46.583308, -23.453363 ], [ -46.584044, -23.454183 ], [ -46.58414, -23.454254 ], [ -46.584252, -23.454217 ], [ -46.583825, -23.453712 ], [ -46.583629, -23.45339 ], [ -46.582775, -23.452672 ], [ -46.582382, -23.452449 ], [ -46.582344, -23.452621 ] ] ] } },
{ "type": "Feature", "properties": { "CD_SETOR": "355030839000205", "faces": 16, "pavimentada": 31.25, "bueiro": 25.0, "iluminacao": 6.25, "onibus": 6.25, "ciclovia": 0.0, "calcada": 31.25, "obstaculo": 80.0, "rampa": 0.0, "rampa_faces": 0.0, "sem_calcada": 68.75, "sem_arvore": 43.75, "muitas_arvores": 43.75, "vao": 31.25, "V05400": 16, "V05421": 5, "V05406": 5, "V05412": 1, "V05422": 11, "V05424": 4, "V05427": 0, "V05409": 4, "V05415": 1, "V05418": 0, "V05430": 7, "V05433": 7, "criancas_0a4": 106, "em_favela": true }, "geometry": { "type": "Polygon", "coordinates": [ [ [ -46.580914, -23.453338 ], [ -46.580901, -23.453106 ], [ -46.581413, -23.452927 ], [ -46.581531, -23.4526 ], [ -46.581279, -23.452403 ], [ -46.581591, -23.45208 ], [ -46.580676, -23.451326 ], [ -46.580036, -23.450716 ], [ -46.579968, -23.450703 ], [ -46.580258, -23.451414 ], [ -46.580545, -23.451852 ], [ -46.580715, -23.451786 ], [ -46.580958, -23.452203 ], [ -46.579958, -23.452585 ], [ -46.579483, -23.452676 ], [ -46.57935, -23.452827 ], [ -46.579353, -23.452954 ], [ -46.579583, -23.453253 ], [ -46.579957, -23.453443 ], [ -46.580349, -23.453431 ], [ -46.580914, -23.453338 ] ] ] } },
{ "type": "Feature", "properties": { "CD_SETOR": "355030839000206", "faces": 21, "pavimentada": 100.0, "bueiro": 42.86, "iluminacao": 90.48, "onibus": 9.52, "ciclovia": 0.0, "calcada": 42.86, "obstaculo": 88.89, "rampa": 0.0, "rampa_faces": 0.0, "sem_calcada": 57.14, "sem_arvore": 76.19, "muitas_arvores": 0.0, "vao": 100.0, "V05400": 21, "V05421": 9, "V05406": 21, "V05412": 19, "V05422": 12, "V05424": 8, "V05427": 0, "V05409": 9, "V05415": 2, "V05418": 0, "V05430": 16, "V05433": 0, "criancas_0a4": 11, "em_favela": false }, "geometry": { "type": "Polygon", "coordinates": [ [ [ -46.567874, -23.437572 ], [ -46.567782, -23.439465 ], [ -46.567796, -23.44042 ], [ -46.568597, -23.440379 ], [ -46.568787, -23.439845 ], [ -46.569197, -23.440032 ], [ -46.569771, -23.43916 ], [ -46.570596, -23.439858 ], [ -46.570761, -23.439915 ], [ -46.571001, -23.440097 ], [ -46.571269, -23.439914 ], [ -46.570616, -23.439304 ], [ -46.570536, -23.438644 ], [ -46.570037, -23.438402 ], [ -46.569458, -23.43838 ], [ -46.569215, -23.438323 ], [ -46.568839, -23.437973 ], [ -46.568605, -23.43766 ], [ -46.567874, -23.437572 ] ] ] } },
{ "type": "Feature", "properties": { "CD_SETOR": "355030839000207", "faces": 17, "pavimentada": 94.12, "bueiro": 64.71, "iluminacao": 94.12, "onibus": 35.29, "ciclovia": 5.88, "calcada": 94.12, "obstaculo": 87.5, "rampa": 6.25, "rampa_faces": 5.88, "sem_calcada": 0.0, "sem_arvore": 58.82, "muitas_arvores": 11.76, "vao": 88.24, "V05400": 17, "V05421": 16, "V05406": 16, "V05412": 16, "V05422": 0, "V05424": 14, "V05427": 1, "V05409": 11, "V05415": 6, "V05418": 1, "V05430": 10, "V05433": 2, "criancas_0a4": 30, "em_favela": false }, "geometry": { "type": "Polygon", "coordinates": [ [ [ -46.571519, -23.450573 ], [ -46.571761, -23.450778 ], [ -46.572088, -23.451183 ], [ -46.57217, -23.451427 ], [ -46.572336, -23.451698 ], [ -46.572392, -23.451555 ], [ -46.572922, -23.452167 ], [ -46.573422, -23.451797 ], [ -46.573373, -23.451734 ], [ -46.573448, -23.451542 ], [ -46.5726, -23.451278 ], [ -46.572098, -23.45106 ], [ -46.572754, -23.449928 ], [ -46.572712, -23.449789 ], [ -46.572949, -23.449593 ], [ -46.573018, -23.449435 ], [ -46.572307, -23.449359 ], [ -46.572199, -23.449387 ], [ -46.571952, -23.449615 ], [ -46.571735, -23.449607 ], [ -46.571622, -23.449467 ], [ -46.571339, -23.448516 ], [ -46.571707, -23.448482 ], [ -46.57213, -23.448335 ], [ -46.573076, -23.447777 ], [ -46.573219, -23.447822 ], [ -46.573355, -23.448005 ], [ -46.573557, -23.447889 ], [ -46.573689, -23.447911 ], [ -46.574154, -23.448346 ], [ -46.574304, -23.448187 ], [ -46.574174, -23.448041 ], [ -46.574245, -23.447886 ], [ -46.574117, -23.44776 ], [ -46.573914, -23.447744 ], [ -46.573729, -23.447817 ], [ -46.573517, -23.447801 ], [ -46.573405, -23.447602 ], [ -46.573161, -23.447609 ], [ -46.57296, -23.447472 ], [ -46.572583, -23.447602 ], [ -46.571994, -23.448109 ], [ -46.571273, -23.448146 ], [ -46.570997, -23.448073 ], [ -46.570873, -23.44815 ], [ -46.571092, -23.448957 ], [ -46.570941, -23.449021 ], [ -46.570951, -23.449091 ], [ -46.571231, -23.450104 ], [ -46.571519, -23.450573 ] ] ] } }
]
}
