{
"type": "FeatureCollection",
"name": "jardim-sao-luis",
"crs": { "type": "name", "properties": { "name": "urn:ogc:def:crs:OGC:1.3:CRS84" } },
"xy_coordinate_resolution": 1e-06,
"features": [
{ "type": "Feature", "properties": { "CD_SETOR": "355030846000002", "faces": 15, "pavimentada": 100.0, "bueiro": 26.67, "iluminacao": 100.0, "onibus": 20.0, "ciclovia": 0.0, "calcada": 60.0, "obstaculo": 100.0, "rampa": 0.0, "rampa_faces": 0.0, "sem_calcada": 40.0, "sem_arvore": 46.67, "muitas_arvores": 13.33, "vao": 100.0, "V05400": 15, "V05421": 9, "V05406": 15, "V05412": 15, "V05422": 6, "V05424": 9, "V05427": 0, "V05409": 4, "V05415": 3, "V05418": 0, "V05430": 7, "V05433": 2, "criancas_0a4": 35, "em_favela": false }, "geometry": { "type": "Polygon", "coordinates": [ [ [ -46.738858, -23.675408 ], [ -46.739322, -23.675865 ], [ -46.739173, -23.675952 ], [ -46.739994, -23.67626 ], [ -46.740313, -23.675718 ], [ -46.740717, -23.675305 ], [ -46.740386, -23.6751 ], [ -46.740071, -23.674772 ], [ -46.740175, -23.67474 ], [ -46.739895, -23.674373 ], [ -46.739652, -23.674514 ], [ -46.738872, -23.673624 ], [ -46.738462, -23.673991 ], [ -46.738531, -23.674133 ], [ -46.739243, -23.674903 ], [ -46.739042, -23.675257 ], [ -46.738858, -23.675408 ] ] ] } },
{ "type": "Feature", "properties": { "CD_SETOR": "355030846000004", "faces": 12, "pavimentada": 100.0, "bueiro": 66.67, "iluminacao": 100.0, "onibus": 0.0, "ciclovia": 0.0, "calcada": 66.67, "obstaculo": 100.0, "rampa": 0.0, "rampa_faces": 0.0, "sem_calcada": 33.33, "sem_arvore": 66.67, "muitas_arvores": 0.0, "vao": 100.0, "V05400": 12, "V05421": 8, "V05406": 12, "V05412": 12, "V05422": 4, "V05424": 8, "V05427": 0, "V05409": 8, "V05415": 0, "V05418": 0, "V05430": 8, "V05433": 0, "criancas_0a4": 34, "em_favela": false }, "geometry": { "type": "Polygon", "coordinates": [ [ [ -46.741522, -23.675607 ], [ -46.742149, -23.675434 ], [ -46.742439, -23.675454 ], [ -46.742603, -23.675533 ], [ -46.74271, -23.675762 ], [ -46.742995, -23.67728 ], [ -46.743624, -23.678189 ], [ -46.743749, -23.678215 ], [ -46.743274, -23.67553 ], [ -46.743141, -23.675273 ], [ -46.742926, -23.675011 ], [ -46.742441, -23.674891 ], [ -46.742228, -23.67491 ], [ -46.741978, -23.675096 ], [ -46.741522, -23.675607 ] ] ] } },
{ "type": "Feature", "properties": { "CD_SETOR": "355030846000005", "faces": 14, "pavimentada": 100.0, "bueiro": 64.29, "iluminacao": 100.0, "onibus": 21.43, "ciclovia": 0.0, "calcada": 100.0, "obstaculo": 92.86, "rampa": 21.43, "rampa_faces": 21.43, "sem_calcada": 0.0, "sem_arvore": 50.0, "muitas_arvores": 14.29, "vao": 78.57, "V05400": 14, "V05421": 14, "V05406": 14, "V05412": 14, "V05422": 0, "V05424": 13, "V05427": 3, "V05409": 9, "V05415": 3, "V05418": 0, "V05430": 7, "V05433": 2, "criancas_0a4": 32, "em_favela": false }, "geometry": { "type": "Polygon", "coordinates": [ [ [ -46.742605, -23.672548 ], [ -46.742789, -23.674162 ], [ -46.742854, -23.674153 ], [ -46.742926, -23.675011 ], [ -46.743024, -23.675043 ], [ -46.743757, -23.674896 ], [ -46.743954, -23.675778 ], [ -46.744154, -23.677015 ], [ -46.744214, -23.677053 ], [ -46.74493, -23.676966 ], [ -46.744642, -23.675872 ], [ -46.744528, -23.675594 ], [ -46.7442, -23.67405 ], [ -46.744231, -23.673905 ], [ -46.74434, -23.673808 ], [ -46.744522, -23.673793 ], [ -46.744907, -23.673961 ], [ -46.744851, -23.673823 ], [ -46.744629, -23.673598 ], [ -46.744432, -23.673477 ], [ -46.744076, -23.673435 ], [ -46.743744, -23.673605 ], [ -46.743552, -23.673935 ], [ -46.743524, -23.673922 ], [ -46.743097, -23.673085 ], [ -46.743183, -23.67261 ], [ -46.74263, -23.672391 ], [ -46.742605, -23.672548 ] ] ] } },
{ "type": "Feature", "properties": { "CD_SETOR": "355030846000006", "faces": 12, "pavimentada": 100.0, "bueiro": 75.0, "iluminacao": 66.67, "onibus": 0.0, "ciclovia": 0.0, "calcada": 58.33, "obstaculo": 100.0, "rampa": 0.0, "rampa_faces": 0.0, "sem_calcada": 41.67, "sem_arvore": 83.33, "muitas_arvores": 0.0, "vao": 100.0, "V05400": 12, "V05421": 7, "V05406": 12, "V05412": 8, "V05422": 5, "V05424": 7, "V05427": 0, "V05409": 9, "V05415": 0, "V05418": 0, "V05430": 10, "V05433": 0, "criancas_0a4": 38, "em_favela": true }, "geometry": { "type": "Polygon", "coordinates": [ [ [ -46.742926, -23.675011 ], [ -46.743141, -23.675273 ], [ -46.743274, -23.67553 ], [ -46.743749, -23.678215 ], [ -46.744169, -23.678143 ], [ -46.744125, -23.677587 ], [ -46.744251, -23.677256 ], [ -46.744214, -23.677053 ], [ -46.744154, -23.677015 ], [ -46.743954, -23.675778 ], [ -46.743757, -23.674896 ], [ -46.743024, -23.675043 ], [ -46.742926, -23.675011 ] ] ] } },
{ "type": "Feature", "properties": { "CD_SETOR": "355030846000008", "faces": 3, "pavimentada": 100.0, "bueiro": 100.0, "iluminacao": 100.0, "onibus": 0.0, "ciclovia": 33.33, "calcada": 66.67, "obstaculo": 100.0, "rampa": 50.0, "rampa_faces": 33.33, "sem_calcada": 33.33, "sem_arvore": 33.33, "muitas_arvores": 33.33, "vao": 66.67, "V05400": 3, "V05421": 2, "V05406": 3, "V05412": 3, "V05422": 1, "V05424": 2, "V05427": 1, "V05409": 3, "V05415": 0, "V05418": 1, "V05430": 1, "V05433": 1, "criancas_0a4": 15, "em_favela": false }, "geometry": { "type": "Polygon", "coordinates": [ [ [ -46.742661, -23.670505 ], [ -46.741822, -23.670996 ], [ -46.741742, -23.671076 ], [ -46.742445, -23.671506 ], [ -46.743091, -23.670683 ], [ -46.742661, -23.670505 ] ] ] } },
{ "type": "Feature", "properties": { "CD_SETOR": "355030846000010", "faces": 3, "pavimentada": 100.0, "bueiro": 100.0, "iluminacao": 100.0, "onibus": 33.33, "ciclovia": 66.67, "calcada": 100.0, "obstaculo": 33.33, "rampa": 66.67, "rampa_faces": 66.67, "sem_calcada": 0.0, "sem_arvore": 33.33, "muitas_arvores": 66.67, "vao": 33.33, "V05400": 3, "V05421": 3, "V05406": 3, "V05412": 3, "V05422": 0, "V05424": 1, "V05427": 2, "V05409": 3, "V05415": 1, "V05418": 2, "V05430": 1, "V05433": 2, "criancas_0a4": 19, "em_favela": false }, "geometry": { "type": "Polygon", "coordinates": [ [ [ -46.740711, -23.671239 ], [ -46.741067, -23.671693 ], [ -46.741822, -23.670996 ], [ -46.742528, -23.670597 ], [ -46.742477, -23.670578 ], [ -46.742311, -23.670258 ], [ -46.741219, -23.670718 ], [ -46.740711, -23.671239 ] ] ] } },
{ "type": "Feature", "properties": { "CD_SETOR": "355030846000011", "faces": 3, "pavimentada": 100.0, "bueiro": 100.0, "iluminacao": 100.0, "onibus": 100.0, "ciclovia": 66.67, "calcada": 100.0, "obstaculo": 33.33, "rampa": 100.0, "rampa_faces": 100.0, "sem_calcada": 0.0, "sem_arvore": 0.0, "muitas_arvores": 100.0, "vao": 0.0, "V05400": 3, "V05421": 3, "V05406": 3, "V05412": 3, "V05422": 0, "V05424": 1, "V05427": 3, "V05409": 3, "V05415": 3, "V05418": 2, "V05430": 0, "V05433": 3, "criancas_0a4": 20, "em_favela": false }, "geometry": { "type": "Polygon", "coordinates": [ [ [ -46.74078, -23.669999 ], [ -46.740889, -23.670239 ], [ -46.740857, -23.670362 ], [ -46.740423, -23.670993 ], [ -46.740711, -23.671239 ], [ -46.741219, -23.670718 ], [ -46.742311, -23.670258 ], [ -46.742338, -23.670089 ], [ -46.740947, -23.669969 ], [ -46.74078, -23.669999 ] ] ] } },
{ "type": "Feature", "properties": { "CD_SETOR": "355030846000013", "faces": 17, "pavimentada": 100.0, "bueiro": 58.82, "iluminacao": 100.0, "onibus": 17.65, "ciclovia": 0.0, "calcada": 100.0, "obstaculo": 100.0, "rampa": 0.0, "rampa_faces": 0.0, "sem_calcada": 0.0, "sem_arvore": 29.41, "muitas_arvores": 11.76, "vao": 100.0, "V05400": 17, "V05421": 17, "V05406": 17, "V05412": 17, "V05422": 0, "V05424": 17, "V05427": 0, "V05409": 10, "V05415": 3, "V05418": 0, "V05430": 5, "V05433": 2, "criancas_0a4": 11, "em_favela": false }, "geometry": { "type": "Polygon", "coordinates": [ [ [ -46.735666, -23.670976 ], [ -46.736074, -23.67055 ], [ -46.736473, -23.670238 ], [ -46.736609, -23.670263 ], [ -46.74014, -23.674166 ], [ -46.740285, -23.673808 ], [ -46.740294, -23.673585 ], [ -46.740189, -23.673294 ], [ -46.737159, -23.669941 ], [ -46.736458, -23.669723 ], [ -46.736008, -23.669884 ], [ -46.735562, -23.670149 ], [ -46.735666, -23.670976 ] ] ] } },
{ "type": "Feature", "properties": { "CD_SETOR": "355030846000014", "faces": 30, "pavimentada": 100.0, "bueiro": 33.33, "iluminacao": 100.0, "onibus": 6.67, "ciclovia": 0.0, "calcada": 96.67, "obstaculo": 86.21, "rampa": 3.45, "rampa_faces": 3.33, "sem_calcada": 3.33, "sem_arvore": 33.33, "muitas_arvores": 26.67, "vao": 96.67, "V05400": 30, "V05421": 29, "V05406": 30, "V05412": 30, "V05422": 1, "V05424": 25, "V05427": 1, "V05409": 10, "V05415": 2, "V05418": 0, "V05430": 10, "V05433": 8, "criancas_0a4": 33, "em_favela": false }, "geometry": { "type": "Polygon", "coordinates": [ [ [ -46.735666, -23.670976 ], [ -46.735712, -23.671541 ], [ -46.736584, -23.671448 ], [ -46.736675, -23.6723 ], [ -46.736932, -23.67245 ], [ -46.737676, -23.673291 ], [ -46.737832, -23.672491 ], [ -46.739652, -23.674514 ], [ -46.740131, -23.674178 ], [ -46.736609, -23.670263 ], [ -46.736473, -23.670238 ], [ -46.736074, -23.67055 ], [ -46.735666, -23.670976 ] ] ] } },
{ "type": "Feature", "properties": { "CD_SETOR": "355030846000015", "faces": 11, "pavimentada": 100.0, "bueiro": 45.45, "iluminacao": 100.0, "onibus": 27.27, "ciclovia": 0.0, "calcada": 100.0, "obstaculo": 100.0, "rampa": 9.09, "rampa_faces": 9.09, "sem_calcada": 0.0, "sem_arvore": 27.27, "muitas_arvores": 9.09, "vao": 90.91, "V05400": 11, "V05421": 11, "V05406": 11, "V05412": 11, "V05422": 0, "V05424": 11, "V05427": 1, "V05409": 5, "V05415": 3, "V05418": 0, "V05430": 3, "V05433": 1, "criancas_0a4": 29, "em_favela": false }, "geometry": { "type": "Polygon", "coordinates": [ [ [ -46.737676, -23.673291 ], [ -46.737238, -23.6736 ], [ -46.737272, -23.674323 ], [ -46.737833, -23.67505 ], [ -46.738193, -23.675041 ], [ -46.737996, -23.676198 ], [ -46.738457, -23.676299 ], [ -46.738688, -23.675607 ], [ -46.739042, -23.675257 ], [ -46.739243, -23.674903 ], [ -46.738463, -23.674022 ], [ -46.738505, -23.673914 ], [ -46.738872, -23.673624 ], [ -46.737832, -23.672491 ], [ -46.737676, -23.673291 ] ] ] } },
{ "type": "Feature", "properties": { "CD_SETOR": "355030846000016", "faces": 17, "pavimentada": 100.0, "bueiro": 23.53, "iluminacao": 100.0, "onibus": 11.76, "ciclovia": 0.0, "calcada": 58.82, "obstaculo": 100.0, "rampa": 0.0, "rampa_faces": 0.0, "sem_calcada": 41.18, "sem_arvore": 76.47, "muitas_arvores": 0.0, "vao": 100.0, "V05400": 17, "V05421": 10, "V05406": 17, "V05412": 17, "V05422": 7, "V05424": 10, "V05427": 0, "V05409": 4, "V05415": 2, "V05418": 0, "V05430": 13, "V05433": 0, "criancas_0a4": 28, "em_favela": false }, "geometry": { "type": "Polygon", "coordinates": [ [ [ -46.738688, -23.675607 ], [ -46.738382, -23.676432 ], [ -46.737678, -23.676663 ], [ -46.737625, -23.676759 ], [ -46.737639, -23.676826 ], [ -46.738623, -23.677386 ], [ -46.73872, -23.677303 ], [ -46.739447, -23.677332 ], [ -46.739994, -23.67626 ], [ -46.739173, -23.675952 ], [ -46.739322, -23.675865 ], [ -46.738858, -23.675408 ], [ -46.738688, -23.675607 ] ] ] } },
{ "type": "Feature", "properties": { "CD_SETOR": "355030846000017", "faces": 10, "pavimentada": 100.0, "bueiro": 30.0, "iluminacao": 100.0, "onibus": 40.0, "ciclovia": 0.0, "calcada": 70.0, "obstaculo": 100.0, "rampa": 0.0, "rampa_faces": 0.0, "sem_calcada": 30.0, "sem_arvore": 50.0, "muitas_arvores": 0.0, "vao": 100.0, "V05400": 10, "V05421": 7, "V05406": 10, "V05412": 10, "V05422": 3, "V05424": 7, "V05427": 0, "V05409": 3, "V05415": 4, "V05418": 0, "V05430": 5, "V05433": 0, "criancas_0a4": 30, "em_favela": false }, "geometry": { "type": "Polygon", "coordinates": [ [ [ -46.740197, -23.677117 ], [ -46.739495, -23.678556 ], [ -46.739458, -23.678769 ], [ -46.739688, -23.679297 ], [ -46.739787, -23.679239 ], [ -46.739836, -23.679089 ], [ -46.740297, -23.67925 ], [ -46.740819, -23.678053 ], [ -46.740428, -23.677976 ], [ -46.740547, -23.67767 ], [ -46.740545, -23.677406 ], [ -46.740431, -23.677249 ], [ -46.740197, -23.677117 ] ] ] } },
{ "type": "Feature", "properties": { "CD_SETOR": "355030846000018", "faces": 5, "pavimentada": 100.0, "bueiro": 60.0, "iluminacao": 100.0, "onibus": 60.0, "ciclovia": 0.0, "calcada": 40.0, "obstaculo": 100.0, "rampa": 0.0, "rampa_faces": 0.0, "sem_calcada": 60.0, "sem_arvore": 80.0, "muitas_arvores": 0.0, "vao": 100.0, "V05400": 5, "V05421": 2, "V05406": 5, "V05412": 5, "V05422": 3, "V05424": 2, "V05427": 0, "V05409": 3, "V05415": 3, "V05418": 0, "V05430": 4, "V05433": 0, "criancas_0a4": 0, "em_favela": true }, "geometry": { "type": "Polygon", "coordinates": [ [ [ -46.739724, -23.676748 ], [ -46.739342, -23.677606 ], [ -46.739844, -23.677793 ], [ -46.740197, -23.677117 ], [ -46.739884, -23.676821 ], [ -46.739724, -23.676748 ] ] ] } },
{ "type": "Feature", "properties": { "CD_SETOR": "355030846000024", "faces": 10, "pavimentada": 100.0, "bueiro": 20.0, "iluminacao": 100.0, "onibus": 20.0, "ciclovia": 0.0, "calcada": 100.0, "obstaculo": 100.0, "rampa": 0.0, "rampa_faces": 0.0, "sem_calcada": 0.0, "sem_arvore": 50.0, "muitas_arvores": 10.0, "vao": 100.0, "V05400": 10, "V05421": 10, "V05406": 10, "V05412": 10, "V05422": 0, "V05424": 10, "V05427": 0, "V05409": 2, "V05415": 2, "V05418": 0, "V05430": 5, "V05433": 1, "criancas_0a4": 35, "em_favela": false }, "geometry": { "type": "Polygon", "coordinates": [ [ [ -46.74493, -23.676966 ], [ -46.746059, -23.676829 ], [ -46.745955, -23.676089 ], [ -46.745604, -23.675085 ], [ -46.745451, -23.674874 ], [ -46.744263, -23.674332 ], [ -46.744528, -23.675594 ], [ -46.744642, -23.675872 ], [ -46.74493, -23.676966 ] ] ] } },
{ "type": "Feature", "properties": { "CD_SETOR": "355030846000025", "faces": 14, "pavimentada": 100.0, "bueiro": 7.14, "iluminacao": 100.0, "onibus": 28.57, "ciclovia": 0.0, "calcada": 85.71, "obstaculo": 100.0, "rampa": 0.0, "rampa_faces": 0.0, "sem_calcada": 14.29, "sem_arvore": 78.57, "muitas_arvores": 7.14, "vao": 100.0, "V05400": 14, "V05421": 12, "V05406": 14, "V05412": 14, "V05422": 2, "V05424": 12, "V05427": 0, "V05409": 1, "V05415": 4, "V05418": 0, "V05430": 11, "V05433": 1, "criancas_0a4": 31, "em_favela": false }, "geometry": { "type": "Polygon", "coordinates": [ [ [ -46.744263, -23.674332 ], [ -46.745451, -23.674874 ], [ -46.745604, -23.675085 ], [ -46.745955, -23.676089 ], [ -46.746496, -23.675989 ], [ -46.747135, -23.675952 ], [ -46.747166, -23.675787 ], [ -46.747396, -23.675377 ], [ -46.747367, -23.67523 ], [ -46.747273, -23.67515 ], [ -46.745029, -23.674006 ], [ -46.744522, -23.673793 ], [ -46.74434, -23.673808 ], [ -46.744212, -23.673943 ], [ -46.744263, -23.674332 ] ] ] } },
{ "type": "Feature", "properties": { "CD_SETOR": "355030846000026", "faces": 11, "pavimentada": 100.0, "bueiro": 45.45, "iluminacao": 100.0, "onibus": 27.27, "ciclovia": 0.0, "calcada": 100.0, "obstaculo": 100.0, "rampa": 9.09, "rampa_faces": 9.09, "sem_calcada": 0.0, "sem_arvore": 72.73, "muitas_arvores": 18.18, "vao": 90.91, "V05400": 11, "V05421": 11, "V05406": 11, "V05412": 11, "V05422": 0, "V05424": 11, "V05427": 1, "V05409": 5, "V05415": 3, "V05418": 0, "V05430": 8, "V05433": 2, "criancas_0a4": 34, "em_favela": false }, "geometry": { "type": "Polygon", "coordinates": [ [ [ -46.744907, -23.673961 ], [ -46.747326, -23.675189 ], [ -46.747396, -23.675377 ], [ -46.747166, -23.675787 ], [ -46.747135, -23.675952 ], [ -46.747274, -23.676117 ], [ -46.747665, -23.676163 ], [ -46.748256, -23.675022 ], [ -46.746465, -23.673968 ], [ -46.745192, -23.673377 ], [ -46.743183, -23.67261 ], [ -46.743097, -23.673085 ], [ -46.743524, -23.673922 ], [ -46.743552, -23.673935 ], [ -46.743709, -23.673639 ], [ -46.743794, -23.673564 ], [ -46.74401, -23.673449 ], [ -46.744204, -23.673431 ], [ -46.744432, -23.673477 ], [ -46.744629, -23.673598 ], [ -46.7448, -23.673755 ], [ -46.744907, -23.673961 ] ] ] } },
{ "type": "Feature", "properties": { "CD_SETOR": "355030846000027", "faces": 21, "pavimentada": 52.38, "bueiro": 42.86, "iluminacao": 52.38, "onibus": 14.29, "ciclovia": 9.52, "calcada": 42.86, "obstaculo": 55.56, "rampa": 77.78, "rampa_faces": 33.33, "sem_calcada": 9.52, "sem_arvore": 14.29, "muitas_arvores": 23.81, "vao": 19.05, "V05400": 21, "V05421": 9, "V05406": 11, "V05412": 11, "V05422": 2, "V05424": 5, "V05427": 7, "V05409": 9, "V05415": 3, "V05418": 2, "V05430": 3, "V05433": 5, "criancas_0a4": 4, "em_favela": false }, "geometry": { "type": "Polygon", "coordinates": [ [ [ -46.74481, -23.673225 ], [ -46.746465, -23.673968 ], [ -46.748556, -23.675227 ], [ -46.748799, -23.675008 ], [ -46.748817, -23.674688 ], [ -46.746815, -23.673507 ], [ -46.746284, -23.673255 ], [ -46.745825, -23.673131 ], [ -46.74492, -23.673125 ], [ -46.74481, -23.673225 ] ] ] } },
{ "type": "Feature", "properties": { "CD_SETOR": "355030846000029", "faces": 14, "pavimentada": 100.0, "bueiro": 85.71, "iluminacao": 100.0, "onibus": 0.0, "ciclovia": 7.14, "calcada": 100.0, "obstaculo": 71.43, "rampa": 50.0, "rampa_faces": 50.0, "sem_calcada": 0.0, "sem_arvore": 14.29, "muitas_arvores": 35.71, "vao": 50.0, "V05400": 14, "V05421": 14, "V05406": 14, "V05412": 14, "V05422": 0, "V05424": 10, "V05427": 7, "V05409": 12, "V05415": 0, "V05418": 1, "V05430": 2, "V05433": 5, "criancas_0a4": 32, "em_favela": false }, "geometry": { "type": "Polygon", "coordinates": [ [ [ -46.746213, -23.672989 ], [ -46.746023, -23.673164 ], [ -46.746815, -23.673507 ], [ -46.749284, -23.674978 ], [ -46.749978, -23.673994 ], [ -46.74928, -23.6734 ], [ -46.748892, -23.673434 ], [ -46.746767, -23.672703 ], [ -46.746671, -23.672706 ], [ -46.746213, -23.672989 ] ] ] } },
{ "type": "Feature", "properties": { "CD_SETOR": "355030846000030", "faces": 15, "pavimentada": 100.0, "bueiro": 66.67, "iluminacao": 100.0, "onibus": 46.67, "ciclovia": 13.33, "calcada": 73.33, "obstaculo": 81.82, "rampa": 27.27, "rampa_faces": 20.0, "sem_calcada": 26.67, "sem_arvore": 20.0, "muitas_arvores": 26.67, "vao": 80.0, "V05400": 15, "V05421": 11, "V05406": 15, "V05412": 15, "V05422": 4, "V05424": 9, "V05427": 3, "V05409": 10, "V05415": 7, "V05418": 2, "V05430": 3, "V05433": 4, "criancas_0a4": 33, "em_favela": false }, "geometry": { "type": "Polygon", "coordinates": [ [ [ -46.748295, -23.670848 ], [ -46.746568, -23.671312 ], [ -46.745981, -23.671798 ], [ -46.744424, -23.671733 ], [ -46.743941, -23.672317 ], [ -46.743777, -23.672373 ], [ -46.744411, -23.672664 ], [ -46.745142, -23.672803 ], [ -46.74572, -23.672852 ], [ -46.746039, -23.672677 ], [ -46.746437, -23.672157 ], [ -46.746757, -23.671874 ], [ -46.746901, -23.67205 ], [ -46.747318, -23.671832 ], [ -46.747537, -23.672089 ], [ -46.747643, -23.672068 ], [ -46.747795, -23.672116 ], [ -46.747993, -23.671699 ], [ -46.748176, -23.671514 ], [ -46.74836, -23.671438 ], [ -46.748295, -23.670848 ] ] ] } },
{ "type": "Feature", "properties": { "CD_SETOR": "355030846000031", "faces": 12, "pavimentada": 100.0, "bueiro": 50.0, "iluminacao": 100.0, "onibus": 8.33, "ciclovia": 8.33, "calcada": 41.67, "obstaculo": 80.0, "rampa": 20.0, "rampa_faces": 8.33, "sem_calcada": 58.33, "sem_arvore": 75.0, "muitas_arvores": 8.33, "vao": 91.67, "V05400": 12, "V05421": 5, "V05406": 12, "V05412": 12, "V05422": 7, "V05424": 4, "V05427": 1, "V05409": 6, "V05415": 1, "V05418": 1, "V05430": 9, "V05433": 1, "criancas_0a4": 14, "em_favela": true }, "geometry": { "type": "Polygon", "coordinates": [ [ [ -46.746952, -23.67276 ], [ -46.74705, -23.672542 ], [ -46.747295, -23.672624 ], [ -46.747384, -23.672397 ], [ -46.747556, -23.672416 ], [ -46.747866, -23.672567 ], [ -46.748055, -23.672285 ], [ -46.747863, -23.672225 ], [ -46.747795, -23.672116 ], [ -46.747643, -23.672068 ], [ -46.747537, -23.672089 ], [ -46.747318, -23.671832 ], [ -46.746901, -23.67205 ], [ -46.746757, -23.671874 ], [ -46.746437, -23.672157 ], [ -46.746039, -23.672677 ], [ -46.74572, -23.672852 ], [ -46.746213, -23.672989 ], [ -46.746671, -23.672706 ], [ -46.746952, -23.67276 ] ] ] } },
{ "type": "Feature", "properties": { "CD_SETOR": "355030846000034", "faces": 14, "pavimentada": 100.0, "bueiro": 42.86, "iluminacao": 100.0, "onibus": 14.29, "ciclovia": 0.0, "calcada": 85.71, "obstaculo": 100.0, "rampa": 0.0, "rampa_faces": 0.0, "sem_calcada": 14.29, "sem_arvore": 57.14, "muitas_arvores": 14.29, "vao": 100.0, "V05400": 14, "V05421": 12, "V05406": 14, "V05412": 14, "V05422": 2, "V05424": 12, "V05427": 0, "V05409": 6, "V05415": 2, "V05418": 0, "V05430": 8, "V05433": 2, "criancas_0a4": 32, "em_favela": false }, "geometry": { "type": "Polygon", "coordinates": [ [ [ -46.745099, -23.670671 ], [ -46.744897, -23.671185 ], [ -46.744424, -23.671733 ], [ -46.745981, -23.671798 ], [ -46.746568, -23.671312 ], [ -46.746976, -23.671229 ], [ -46.746755, -23.670582 ], [ -46.74679, -23.670498 ], [ -46.748324, -23.669373 ], [ -46.747908, -23.66923 ], [ -46.74759, -23.669202 ], [ -46.745551, -23.67069 ], [ -46.745099, -23.670671 ] ] ] } },
{ "type": "Feature", "properties": { "CD_SETOR": "355030846000035", "faces": 8, "pavimentada": 100.0, "bueiro": 12.5, "iluminacao": 100.0, "onibus": 12.5, "ciclovia": 0.0, "calcada": 87.5, "obstaculo": 100.0, "rampa": 0.0, "rampa_faces": 0.0, "sem_calcada": 12.5, "sem_arvore": 37.5, "muitas_arvores": 37.5, "vao": 100.0, "V05400": 8, "V05421": 7, "V05406": 8, "V05412": 8, "V05422": 1, "V05424": 7, "V05427": 0, "V05409": 1, "V05415": 1, "V05418": 0, "V05430": 3, "V05433": 3, "criancas_0a4": 26, "em_favela": false }, "geometry": { "type": "Polygon", "coordinates": [ [ [ -46.744106, -23.669244 ], [ -46.743864, -23.669572 ], [ -46.743698, -23.669971 ], [ -46.743834, -23.670061 ], [ -46.744579, -23.670988 ], [ -46.744897, -23.671185 ], [ -46.745099, -23.670671 ], [ -46.745015, -23.670655 ], [ -46.744836, -23.670467 ], [ -46.74469, -23.67028 ], [ -46.744695, -23.670167 ], [ -46.744836, -23.669949 ], [ -46.745246, -23.669677 ], [ -46.744665, -23.669028 ], [ -46.744508, -23.66894 ], [ -46.744106, -23.669244 ] ] ] } },
{ "type": "Feature", "properties": { "CD_SETOR": "355030846000036", "faces": 21, "pavimentada": 100.0, "bueiro": 19.05, "iluminacao": 100.0, "onibus": 0.0, "ciclovia": 0.0, "calcada": 57.14, "obstaculo": 91.67, "rampa": 0.0, "rampa_faces": 0.0, "sem_calcada": 42.86, "sem_arvore": 71.43, "muitas_arvores": 14.29, "vao": 100.0, "V05400": 21, "V05421": 12, "V05406": 21, "V05412": 21, "V05422": 9, "V05424": 11, "V05427": 0, "V05409": 4, "V05415": 0, "V05418": 0, "V05430": 15, "V05433": 3, "criancas_0a4": 19, "em_favela": true }, "geometry": { "type": "Polygon", "coordinates": [ [ [ -46.744831, -23.667206 ], [ -46.744989, -23.667187 ], [ -46.745191, -23.667314 ], [ -46.745623, -23.667385 ], [ -46.745327, -23.668023 ], [ -46.745192, -23.668143 ], [ -46.744631, -23.668451 ], [ -46.744679, -23.668564 ], [ -46.744651, -23.668705 ], [ -46.744508, -23.66894 ], [ -46.744665, -23.669028 ], [ -46.745246, -23.669677 ], [ -46.745482, -23.669507 ], [ -46.745577, -23.669317 ], [ -46.745589, -23.669221 ], [ -46.745451, -23.668884 ], [ -46.745455, -23.668682 ], [ -46.745818, -23.667146 ], [ -46.745784, -23.667069 ], [ -46.74518, -23.666951 ], [ -46.744966, -23.66706 ], [ -46.744831, -23.667206 ] ] ] } },
{ "type": "Feature", "properties": { "CD_SETOR": "355030846000037", "faces": 4, "pavimentada": 100.0, "bueiro": 0.0, "iluminacao": 100.0, "onibus": 0.0, "ciclovia": 0.0, "calcada": 75.0, "obstaculo": 66.67, "rampa": 0.0, "rampa_faces": 0.0, "sem_calcada": 25.0, "sem_arvore": 50.0, "muitas_arvores": 50.0, "vao": 100.0, "V05400": 4, "V05421": 3, "V05406": 4, "V05412": 4, "V05422": 1, "V05424": 2, "V05427": 0, "V05409": 0, "V05415": 0, "V05418": 0, "V05430": 2, "V05433": 2, "criancas_0a4": 0, "em_favela": true }, "geometry": { "type": "Polygon", "coordinates": [ [ [ -46.744831, -23.667206 ], [ -46.744571, -23.667501 ], [ -46.744412, -23.667681 ], [ -46.744677, -23.667778 ], [ -46.744974, -23.667624 ], [ -46.745219, -23.667419 ], [ -46.745191, -23.667314 ], [ -46.744989, -23.667187 ], [ -46.744831, -23.667206 ] ] ] } },
{ "type": "Feature", "properties": { "CD_SETOR": "355030846000040", "faces": 2, "pavimentada": 100.0, "bueiro": 100.0, "iluminacao": 100.0, "onibus": 0.0, "ciclovia": 0.0, "calcada": 0.0, "obstaculo": null, "rampa": null, "rampa_faces": 0.0, "sem_calcada": 100.0, "sem_arvore": 0.0, "muitas_arvores": 50.0, "vao": 100.0, "V05400": 2, "V05421": 0, "V05406": 2, "V05412": 2, "V05422": 2, "V05424": 0, "V05427": 0, "V05409": 2, "V05415": 0, "V05418": 0, "V05430": 0, "V05433": 1, "criancas_0a4": 47, "em_favela": false }, "geometry": { "type": "Polygon", "coordinates": [ [ [ -46.737227, -23.662037 ], [ -46.737311, -23.662117 ], [ -46.737459, -23.66215 ], [ -46.73744, -23.66233 ], [ -46.737581, -23.662574 ], [ -46.738138, -23.662716 ], [ -46.738432, -23.662999 ], [ -46.739167, -23.663084 ], [ -46.739722, -23.663283 ], [ -46.739923, -23.66329 ], [ -46.739738, -23.663052 ], [ -46.739695, -23.662787 ], [ -46.738915, -23.662558 ], [ -46.73899, -23.662236 ], [ -46.737926, -23.662053 ], [ -46.73753, -23.661966 ], [ -46.73732, -23.661867 ], [ -46.737227, -23.662037 ] ] ] } },
{ "type": "Feature", "properties": { "CD_SETOR": "355030846000041", "faces": 24, "pavimentada": 100.0, "bueiro": 91.67, "iluminacao": 100.0, "onibus": 8.33, "ciclovia": 8.33, "calcada": 87.5, "obstaculo": 85.71, "rampa": 9.52, "rampa_faces": 8.33, "sem_calcada": 12.5, "sem_arvore": 29.17, "muitas_arvores": 37.5, "vao": 91.67, "V05400": 24, "V05421": 21, "V05406": 24, "V05412": 24, "V05422": 3, "V05424": 18, "V05427": 2, "V05409": 22, "V05415": 2, "V05418": 2, "V05430": 7, "V05433": 9, "criancas_0a4": 46, "em_favela": false }, "geometry": { "type": "Polygon", "coordinates": [ [ [ -46.737835, -23.6679 ], [ -46.738814, -23.668245 ], [ -46.739478, -23.666669 ], [ -46.739537, -23.666626 ], [ -46.738883, -23.66626 ], [ -46.739181, -23.666217 ], [ -46.73931, -23.666154 ], [ -46.739338, -23.666038 ], [ -46.739236, -23.665775 ], [ -46.739752, -23.665918 ], [ -46.739709, -23.665695 ], [ -46.739757, -23.665483 ], [ -46.739709, -23.665426 ], [ -46.739004, -23.665208 ], [ -46.738647, -23.665401 ], [ -46.738327, -23.664757 ], [ -46.737991, -23.665439 ], [ -46.736938, -23.664756 ], [ -46.737025, -23.665038 ], [ -46.737623, -23.665928 ], [ -46.73781, -23.666451 ], [ -46.737876, -23.666898 ], [ -46.737835, -23.6679 ] ] ] } },
{ "type": "Feature", "properties": { "CD_SETOR": "355030846000042", "faces": 9, "pavimentada": 100.0, "bueiro": 88.89, "iluminacao": 100.0, "onibus": 0.0, "ciclovia": 0.0, "calcada": 77.78, "obstaculo": 100.0, "rampa": 0.0, "rampa_faces": 0.0, "sem_calcada": 22.22, "sem_arvore": 22.22, "muitas_arvores": 44.44, "vao": 100.0, "V05400": 9, "V05421": 7, "V05406": 9, "V05412": 9, "V05422": 2, "V05424": 7, "V05427": 0, "V05409": 8, "V05415": 0, "V05418": 0, "V05430": 2, "V05433": 4, "criancas_0a4": 16, "em_favela": false }, "geometry": { "type": "Polygon", "coordinates": [ [ [ -46.739537, -23.666626 ], [ -46.739478, -23.666669 ], [ -46.738814, -23.668245 ], [ -46.739268, -23.668418 ], [ -46.739779, -23.668704 ], [ -46.739915, -23.668319 ], [ -46.740198, -23.667993 ], [ -46.740186, -23.667924 ], [ -46.740447, -23.667746 ], [ -46.740088, -23.667025 ], [ -46.740143, -23.666753 ], [ -46.739996, -23.666524 ], [ -46.739939, -23.66663 ], [ -46.739537, -23.666626 ] ] ] } },
{ "type": "Feature", "properties": { "CD_SETOR": "355030846000044", "faces": 11, "pavimentada": 100.0, "bueiro": 100.0, "iluminacao": 100.0, "onibus": 27.27, "ciclovia": 27.27, "calcada": 100.0, "obstaculo": 72.73, "rampa": 36.36, "rampa_faces": 36.36, "sem_calcada": 0.0, "sem_arvore": 18.18, "muitas_arvores": 63.64, "vao": 63.64, "V05400": 11, "V05421": 11, "V05406": 11, "V05412": 11, "V05422": 0, "V05424": 8, "V05427": 4, "V05409": 11, "V05415": 3, "V05418": 3, "V05430": 2, "V05433": 7, "criancas_0a4": 17, "em_favela": false }, "geometry": { "type": "Polygon", "coordinates": [ [ [ -46.737784, -23.66816 ], [ -46.737879, -23.669072 ], [ -46.737951, -23.669224 ], [ -46.738534, -23.669546 ], [ -46.739192, -23.67001 ], [ -46.73987, -23.670571 ], [ -46.739742, -23.669403 ], [ -46.740127, -23.668983 ], [ -46.739674, -23.668632 ], [ -46.739268, -23.668418 ], [ -46.737835, -23.6679 ], [ -46.737784, -23.66816 ] ] ] } },
{ "type": "Feature", "properties": { "CD_SETOR": "355030846000045", "faces": 15, "pavimentada": 100.0, "bueiro": 73.33, "iluminacao": 100.0, "onibus": 60.0, "ciclovia": 6.67, "calcada": 73.33, "obstaculo": 81.82, "rampa": 9.09, "rampa_faces": 6.67, "sem_calcada": 26.67, "sem_arvore": 40.0, "muitas_arvores": 46.67, "vao": 93.33, "V05400": 15, "V05421": 11, "V05406": 15, "V05412": 15, "V05422": 4, "V05424": 9, "V05427": 1, "V05409": 11, "V05415": 9, "V05418": 1, "V05430": 6, "V05433": 7, "criancas_0a4": 32, "em_favela": false }, "geometry": { "type": "Polygon", "coordinates": [ [ [ -46.736298, -23.666237 ], [ -46.734887, -23.665987 ], [ -46.73468, -23.665872 ], [ -46.734408, -23.666285 ], [ -46.735089, -23.666763 ], [ -46.735705, -23.666906 ], [ -46.736179, -23.667146 ], [ -46.736962, -23.667428 ], [ -46.737194, -23.667423 ], [ -46.737156, -23.667627 ], [ -46.737835, -23.6679 ], [ -46.73786, -23.666675 ], [ -46.737623, -23.665928 ], [ -46.736962, -23.664891 ], [ -46.736948, -23.664556 ], [ -46.737069, -23.664149 ], [ -46.736574, -23.66406 ], [ -46.736443, -23.66412 ], [ -46.736357, -23.664271 ], [ -46.736303, -23.664456 ], [ -46.736295, -23.664818 ], [ -46.736432, -23.66528 ], [ -46.736649, -23.665617 ], [ -46.736644, -23.665834 ], [ -46.736588, -23.666288 ], [ -46.736418, -23.666308 ], [ -46.736298, -23.666237 ] ] ] } },
{ "type": "Feature", "properties": { "CD_SETOR": "355030846000049", "faces": 1, "pavimentada": 100.0, "bueiro": 100.0, "iluminacao": 100.0, "onibus": 0.0, "ciclovia": 0.0, "calcada": 100.0, "obstaculo": 100.0, "rampa": 0.0, "rampa_faces": 0.0, "sem_calcada": 0.0, "sem_arvore": 0.0, "muitas_arvores": 100.0, "vao": 100.0, "V05400": 1, "V05421": 1, "V05406": 1, "V05412": 1, "V05422": 0, "V05424": 1, "V05427": 0, "V05409": 1, "V05415": 0, "V05418": 0, "V05430": 0, "V05433": 1, "criancas_0a4": 20, "em_favela": false }, "geometry": { "type": "Polygon", "coordinates": [ [ [ -46.735776, -23.672337 ], [ -46.735794, -23.673121 ], [ -46.736918, -23.67303 ], [ -46.736903, -23.672424 ], [ -46.736861, -23.672395 ], [ -46.736569, -23.672262 ], [ -46.735776, -23.672337 ] ] ] } },
{ "type": "Feature", "properties": { "CD_SETOR": "355030846000050", "faces": 1, "pavimentada": 100.0, "bueiro": 100.0, "iluminacao": 100.0, "onibus": 0.0, "ciclovia": 0.0, "calcada": 100.0, "obstaculo": 100.0, "rampa": 100.0, "rampa_faces": 100.0, "sem_calcada": 0.0, "sem_arvore": 0.0, "muitas_arvores": 100.0, "vao": 0.0, "V05400": 1, "V05421": 1, "V05406": 1, "V05412": 1, "V05422": 0, "V05424": 1, "V05427": 1, "V05409": 1, "V05415": 0, "V05418": 0, "V05430": 0, "V05433": 1, "criancas_0a4": 27, "em_favela": false }, "geometry": { "type": "Polygon", "coordinates": [ [ [ -46.735029, -23.673204 ], [ -46.735794, -23.673121 ], [ -46.735776, -23.672337 ], [ -46.735229, -23.67238 ], [ -46.734939, -23.672478 ], [ -46.735029, -23.673204 ] ] ] } },
{ "type": "Feature", "properties": { "CD_SETOR": "355030846000051", "faces": 4, "pavimentada": 100.0, "bueiro": 0.0, "iluminacao": 100.0, "onibus": 50.0, "ciclovia": 0.0, "calcada": 100.0, "obstaculo": 100.0, "rampa": 0.0, "rampa_faces": 0.0, "sem_calcada": 0.0, "sem_arvore": 50.0, "muitas_arvores": 50.0, "vao": 100.0, "V05400": 4, "V05421": 4, "V05406": 4, "V05412": 4, "V05422": 0, "V05424": 4, "V05427": 0, "V05409": 0, "V05415": 2, "V05418": 0, "V05430": 2, "V05433": 2, "criancas_0a4": 40, "em_favela": false }, "geometry": { "type": "Polygon", "coordinates": [ [ [ -46.735896, -23.674397 ], [ -46.734944, -23.674755 ], [ -46.734287, -23.674783 ], [ -46.734275, -23.675671 ], [ -46.734209, -23.67626 ], [ -46.735343, -23.675929 ], [ -46.735358, -23.675297 ], [ -46.735415, -23.675126 ], [ -46.73607, -23.674868 ], [ -46.735896, -23.674397 ] ] ] } },
{ "type": "Feature", "properties": { "CD_SETOR": "355030846000052", "faces": 15, "pavimentada": 100.0, "bueiro": 26.67, "iluminacao": 100.0, "onibus": 6.67, "ciclovia": 6.67, "calcada": 100.0, "obstaculo": 100.0, "rampa": 0.0, "rampa_faces": 0.0, "sem_calcada": 0.0, "sem_arvore": 13.33, "muitas_arvores": 6.67, "vao": 100.0, "V05400": 15, "V05421": 15, "V05406": 15, "V05412": 15, "V05422": 0, "V05424": 15, "V05427": 0, "V05409": 4, "V05415": 1, "V05418": 1, "V05430": 2, "V05433": 1, "criancas_0a4": 24, "em_favela": false }, "geometry": { "type": "Polygon", "coordinates": [ [ [ -46.737275, -23.674436 ], [ -46.735441, -23.675103 ], [ -46.735358, -23.675297 ], [ -46.735374, -23.675632 ], [ -46.736139, -23.675373 ], [ -46.736198, -23.675391 ], [ -46.736263, -23.675529 ], [ -46.736324, -23.675815 ], [ -46.736479, -23.675781 ], [ -46.736771, -23.675903 ], [ -46.737169, -23.675921 ], [ -46.737996, -23.676198 ], [ -46.738193, -23.675041 ], [ -46.737833, -23.67505 ], [ -46.737272, -23.674323 ], [ -46.737275, -23.674436 ] ] ] } },
{ "type": "Feature", "properties": { "CD_SETOR": "355030846000054", "faces": 6, "pavimentada": 100.0, "bueiro": 50.0, "iluminacao": 100.0, "onibus": 16.67, "ciclovia": 0.0, "calcada": 83.33, "obstaculo": 100.0, "rampa": 0.0, "rampa_faces": 0.0, "sem_calcada": 16.67, "sem_arvore": 50.0, "muitas_arvores": 0.0, "vao": 100.0, "V05400": 6, "V05421": 5, "V05406": 6, "V05412": 6, "V05422": 1, "V05424": 5, "V05427": 0, "V05409": 3, "V05415": 1, "V05418": 0, "V05430": 3, "V05433": 0, "criancas_0a4": 32, "em_favela": false }, "geometry": { "type": "Polygon", "coordinates": [ [ [ -46.738065, -23.677614 ], [ -46.738207, -23.677625 ], [ -46.738323, -23.677713 ], [ -46.738637, -23.678228 ], [ -46.73862, -23.678364 ], [ -46.738936, -23.67844 ], [ -46.739447, -23.677332 ], [ -46.73872, -23.677303 ], [ -46.738623, -23.677386 ], [ -46.737639, -23.676826 ], [ -46.737795, -23.677384 ], [ -46.737926, -23.677537 ], [ -46.738065, -23.677614 ] ] ] } },
{ "type": "Feature", "properties": { "CD_SETOR": "355030846000058", "faces": 6, "pavimentada": 100.0, "bueiro": 33.33, "iluminacao": 100.0, "onibus": 0.0, "ciclovia": 0.0, "calcada": 100.0, "obstaculo": 100.0, "rampa": 0.0, "rampa_faces": 0.0, "sem_calcada": 0.0, "sem_arvore": 16.67, "muitas_arvores": 66.67, "vao": 100.0, "V05400": 6, "V05421": 6, "V05406": 6, "V05412": 6, "V05422": 0, "V05424": 6, "V05427": 0, "V05409": 2, "V05415": 0, "V05418": 0, "V05430": 1, "V05433": 4, "criancas_0a4": 39, "em_favela": false }, "geometry": { "type": "Polygon", "coordinates": [ [ [ -46.740218, -23.681567 ], [ -46.740656, -23.681601 ], [ -46.741041, -23.681434 ], [ -46.741581, -23.681702 ], [ -46.742218, -23.680621 ], [ -46.742243, -23.68037 ], [ -46.742146, -23.680077 ], [ -46.741761, -23.680014 ], [ -46.740917, -23.679978 ], [ -46.740718, -23.680981 ], [ -46.740229, -23.681433 ], [ -46.740218, -23.681567 ] ] ] } },
{ "type": "Feature", "properties": { "CD_SETOR": "355030846000059", "faces": 7, "pavimentada": 100.0, "bueiro": 100.0, "iluminacao": 100.0, "onibus": 14.29, "ciclovia": 0.0, "calcada": 57.14, "obstaculo": 100.0, "rampa": 0.0, "rampa_faces": 0.0, "sem_calcada": 42.86, "sem_arvore": 42.86, "muitas_arvores": 28.57, "vao": 100.0, "V05400": 7, "V05421": 4, "V05406": 7, "V05412": 7, "V05422": 3, "V05424": 4, "V05427": 0, "V05409": 7, "V05415": 1, "V05418": 0, "V05430": 3, "V05433": 2, "criancas_0a4": 29, "em_favela": false }, "geometry": { "type": "Polygon", "coordinates": [ [ [ -46.742218, -23.680621 ], [ -46.741498, -23.68191 ], [ -46.742126, -23.682165 ], [ -46.742507, -23.681432 ], [ -46.742784, -23.681008 ], [ -46.743479, -23.680621 ], [ -46.743717, -23.680415 ], [ -46.742146, -23.680077 ], [ -46.742243, -23.68037 ], [ -46.742218, -23.680621 ] ] ] } },
{ "type": "Feature", "properties": { "CD_SETOR": "355030846000060", "faces": 4, "pavimentada": 100.0, "bueiro": 25.0, "iluminacao": 100.0, "onibus": 25.0, "ciclovia": 0.0, "calcada": 75.0, "obstaculo": 100.0, "rampa": 0.0, "rampa_faces": 0.0, "sem_calcada": 25.0, "sem_arvore": 50.0, "muitas_arvores": 0.0, "vao": 100.0, "V05400": 4, "V05421": 3, "V05406": 4, "V05412": 4, "V05422": 1, "V05424": 3, "V05427": 0, "V05409": 1, "V05415": 1, "V05418": 0, "V05430": 2, "V05433": 0, "criancas_0a4": 13, "em_favela": false }, "geometry": { "type": "Polygon", "coordinates": [ [ [ -46.74462, -23.685195 ], [ -46.745691, -23.684876 ], [ -46.745728, -23.684567 ], [ -46.745894, -23.684216 ], [ -46.746021, -23.684116 ], [ -46.746264, -23.684046 ], [ -46.746206, -23.68387 ], [ -46.745608, -23.683847 ], [ -46.745271, -23.684454 ], [ -46.74462, -23.685195 ] ] ] } },
{ "type": "Feature", "properties": { "CD_SETOR": "355030846000061", "faces": 2, "pavimentada": 100.0, "bueiro": 100.0, "iluminacao": 100.0, "onibus": 50.0, "ciclovia": 0.0, "calcada": 100.0, "obstaculo": 100.0, "rampa": 0.0, "rampa_faces": 0.0, "sem_calcada": 0.0, "sem_arvore": 50.0, "muitas_arvores": 0.0, "vao": 100.0, "V05400": 2, "V05421": 2, "V05406": 2, "V05412": 2, "V05422": 0, "V05424": 2, "V05427": 0, "V05409": 2, "V05415": 1, "V05418": 0, "V05430": 1, "V05433": 0, "criancas_0a4": 23, "em_favela": false }, "geometry": { "type": "Polygon", "coordinates": [ [ [ -46.743168, -23.682322 ], [ -46.743261, -23.682378 ], [ -46.743889, -23.683388 ], [ -46.744261, -23.683229 ], [ -46.744231, -23.682721 ], [ -46.744119, -23.682137 ], [ -46.743899, -23.682012 ], [ -46.743578, -23.681996 ], [ -46.743335, -23.682144 ], [ -46.743168, -23.682322 ] ] ] } },
{ "type": "Feature", "properties": { "CD_SETOR": "355030846000062", "faces": 3, "pavimentada": 100.0, "bueiro": 66.67, "iluminacao": 100.0, "onibus": 0.0, "ciclovia": 0.0, "calcada": 100.0, "obstaculo": 33.33, "rampa": 0.0, "rampa_faces": 0.0, "sem_calcada": 0.0, "sem_arvore": 66.67, "muitas_arvores": 0.0, "vao": 100.0, "V05400": 3, "V05421": 3, "V05406": 3, "V05412": 3, "V05422": 0, "V05424": 1, "V05427": 0, "V05409": 2, "V05415": 0, "V05418": 0, "V05430": 2, "V05433": 0, "criancas_0a4": 20, "em_favela": false }, "geometry": { "type": "Polygon", "coordinates": [ [ [ -46.743168, -23.682322 ], [ -46.742948, -23.682757 ], [ -46.743209, -23.683075 ], [ -46.743547, -23.683642 ], [ -46.74364, -23.683711 ], [ -46.74376, -23.684039 ], [ -46.744188, -23.68348 ], [ -46.744261, -23.683229 ], [ -46.743889, -23.683388 ], [ -46.743207, -23.682337 ], [ -46.743168, -23.682322 ] ] ] } },
{ "type": "Feature", "properties": { "CD_SETOR": "355030846000069", "faces": 19, "pavimentada": 100.0, "bueiro": 63.16, "iluminacao": 100.0, "onibus": 15.79, "ciclovia": 0.0, "calcada": 78.95, "obstaculo": 100.0, "rampa": 0.0, "rampa_faces": 0.0, "sem_calcada": 21.05, "sem_arvore": 73.68, "muitas_arvores": 0.0, "vao": 100.0, "V05400": 19, "V05421": 15, "V05406": 19, "V05412": 19, "V05422": 4, "V05424": 15, "V05427": 0, "V05409": 12, "V05415": 3, "V05418": 0, "V05430": 14, "V05433": 0, "criancas_0a4": 36, "em_favela": false }, "geometry": { "type": "Polygon", "coordinates": [ [ [ -46.745955, -23.676089 ], [ -46.746044, -23.676699 ], [ -46.74671, -23.677156 ], [ -46.747234, -23.677272 ], [ -46.747404, -23.677374 ], [ -46.747528, -23.677553 ], [ -46.747461, -23.677834 ], [ -46.747691, -23.677991 ], [ -46.74798, -23.678298 ], [ -46.74827, -23.678164 ], [ -46.748094, -23.676889 ], [ -46.747217, -23.676082 ], [ -46.747135, -23.675952 ], [ -46.746496, -23.675989 ], [ -46.745955, -23.676089 ] ] ] } },
{ "type": "Feature", "properties": { "CD_SETOR": "355030846000070", "faces": 11, "pavimentada": 100.0, "bueiro": 90.91, "iluminacao": 100.0, "onibus": 18.18, "ciclovia": 0.0, "calcada": 90.91, "obstaculo": 80.0, "rampa": 50.0, "rampa_faces": 45.45, "sem_calcada": 9.09, "sem_arvore": 54.55, "muitas_arvores": 36.36, "vao": 54.55, "V05400": 11, "V05421": 10, "V05406": 11, "V05412": 11, "V05422": 1, "V05424": 8, "V05427": 5, "V05409": 10, "V05415": 2, "V05418": 0, "V05430": 6, "V05433": 4, "criancas_0a4": 9, "em_favela": false }, "geometry": { "type": "Polygon", "coordinates": [ [ [ -46.747274, -23.676117 ], [ -46.748019, -23.676851 ], [ -46.748637, -23.676299 ], [ -46.748879, -23.675723 ], [ -46.748663, -23.675325 ], [ -46.748256, -23.675022 ], [ -46.747665, -23.676163 ], [ -46.747274, -23.676117 ] ] ] } },
{ "type": "Feature", "properties": { "CD_SETOR": "355030846000073", "faces": 9, "pavimentada": 100.0, "bueiro": 55.56, "iluminacao": 100.0, "onibus": 44.44, "ciclovia": 0.0, "calcada": 66.67, "obstaculo": 100.0, "rampa": 0.0, "rampa_faces": 0.0, "sem_calcada": 33.33, "sem_arvore": 55.56, "muitas_arvores": 22.22, "vao": 100.0, "V05400": 9, "V05421": 6, "V05406": 9, "V05412": 9, "V05422": 3, "V05424": 6, "V05427": 0, "V05409": 5, "V05415": 4, "V05418": 0, "V05430": 5, "V05433": 2, "criancas_0a4": 24, "em_favela": false }, "geometry": { "type": "Polygon", "coordinates": [ [ [ -46.748295, -23.670848 ], [ -46.74836, -23.671438 ], [ -46.748176, -23.671514 ], [ -46.747993, -23.671699 ], [ -46.747801, -23.672034 ], [ -46.747795, -23.672116 ], [ -46.747863, -23.672225 ], [ -46.748741, -23.672533 ], [ -46.749043, -23.672468 ], [ -46.74961, -23.672204 ], [ -46.749817, -23.672061 ], [ -46.749597, -23.671872 ], [ -46.749392, -23.671905 ], [ -46.748865, -23.671315 ], [ -46.749482, -23.67097 ], [ -46.749556, -23.67088 ], [ -46.74948, -23.670854 ], [ -46.74945, -23.670745 ], [ -46.748295, -23.670848 ] ] ] } },
{ "type": "Feature", "properties": { "CD_SETOR": "355030846000074", "faces": 13, "pavimentada": 100.0, "bueiro": 23.08, "iluminacao": 84.62, "onibus": 15.38, "ciclovia": 0.0, "calcada": 53.85, "obstaculo": 100.0, "rampa": 0.0, "rampa_faces": 0.0, "sem_calcada": 46.15, "sem_arvore": 30.77, "muitas_arvores": 53.85, "vao": 100.0, "V05400": 13, "V05421": 7, "V05406": 13, "V05412": 11, "V05422": 6, "V05424": 7, "V05427": 0, "V05409": 3, "V05415": 2, "V05418": 0, "V05430": 4, "V05433": 7, "criancas_0a4": 18, "em_favela": false }, "geometry": { "type": "Polygon", "coordinates": [ [ [ -46.751016, -23.671116 ], [ -46.750806, -23.671221 ], [ -46.7504, -23.671102 ], [ -46.750229, -23.67112 ], [ -46.749995, -23.670724 ], [ -46.749556, -23.67088 ], [ -46.749482, -23.67097 ], [ -46.748865, -23.671315 ], [ -46.749392, -23.671905 ], [ -46.749597, -23.671872 ], [ -46.749817, -23.672061 ], [ -46.750156, -23.671649 ], [ -46.75023, -23.671629 ], [ -46.750932, -23.671985 ], [ -46.751148, -23.671949 ], [ -46.751467, -23.671525 ], [ -46.751387, -23.670701 ], [ -46.751016, -23.671116 ] ] ] } },
{ "type": "Feature", "properties": { "CD_SETOR": "355030846000075", "faces": 13, "pavimentada": 100.0, "bueiro": 61.54, "iluminacao": 100.0, "onibus": 38.46, "ciclovia": 0.0, "calcada": 76.92, "obstaculo": 90.0, "rampa": 0.0, "rampa_faces": 0.0, "sem_calcada": 23.08, "sem_arvore": 30.77, "muitas_arvores": 38.46, "vao": 100.0, "V05400": 13, "V05421": 10, "V05406": 13, "V05412": 13, "V05422": 3, "V05424": 9, "V05427": 0, "V05409": 8, "V05415": 5, "V05418": 0, "V05430": 4, "V05433": 5, "criancas_0a4": 23, "em_favela": false }, "geometry": { "type": "Polygon", "coordinates": [ [ [ -46.746976, -23.671229 ], [ -46.748041, -23.670896 ], [ -46.74945, -23.670745 ], [ -46.749453, -23.670663 ], [ -46.74952, -23.670614 ], [ -46.749247, -23.6701 ], [ -46.74953, -23.670132 ], [ -46.749526, -23.670045 ], [ -46.749241, -23.669811 ], [ -46.748324, -23.669373 ], [ -46.74679, -23.670498 ], [ -46.746755, -23.670582 ], [ -46.746976, -23.671229 ] ] ] } },
{ "type": "Feature", "properties": { "CD_SETOR": "355030846000076", "faces": 9, "pavimentada": 100.0, "bueiro": 22.22, "iluminacao": 100.0, "onibus": 44.44, "ciclovia": 0.0, "calcada": 88.89, "obstaculo": 100.0, "rampa": 0.0, "rampa_faces": 0.0, "sem_calcada": 11.11, "sem_arvore": 11.11, "muitas_arvores": 77.78, "vao": 100.0, "V05400": 9, "V05421": 8, "V05406": 9, "V05412": 9, "V05422": 1, "V05424": 8, "V05427": 0, "V05409": 2, "V05415": 4, "V05418": 0, "V05430": 1, "V05433": 7, "criancas_0a4": 26, "em_favela": false }, "geometry": { "type": "Polygon", "coordinates": [ [ [ -46.744962, -23.669861 ], [ -46.744743, -23.67008 ], [ -46.74469, -23.67028 ], [ -46.745015, -23.670655 ], [ -46.745551, -23.67069 ], [ -46.74759, -23.669202 ], [ -46.748188, -23.668696 ], [ -46.747192, -23.668305 ], [ -46.746938, -23.668293 ], [ -46.74674, -23.668661 ], [ -46.746582, -23.668698 ], [ -46.746308, -23.66867 ], [ -46.746173, -23.668749 ], [ -46.746086, -23.669506 ], [ -46.745958, -23.669691 ], [ -46.745479, -23.670017 ], [ -46.745043, -23.669947 ], [ -46.744962, -23.669861 ] ] ] } },
{ "type": "Feature", "properties": { "CD_SETOR": "355030846000077", "faces": 12, "pavimentada": 100.0, "bueiro": 16.67, "iluminacao": 100.0, "onibus": 16.67, "ciclovia": 0.0, "calcada": 75.0, "obstaculo": 100.0, "rampa": 0.0, "rampa_faces": 0.0, "sem_calcada": 25.0, "sem_arvore": 25.0, "muitas_arvores": 41.67, "vao": 100.0, "V05400": 12, "V05421": 9, "V05406": 12, "V05412": 12, "V05422": 3, "V05424": 9, "V05427": 0, "V05409": 2, "V05415": 2, "V05418": 0, "V05430": 3, "V05433": 5, "criancas_0a4": 41, "em_favela": false }, "geometry": { "type": "Polygon", "coordinates": [ [ [ -46.745589, -23.669221 ], [ -46.745482, -23.669507 ], [ -46.744962, -23.669861 ], [ -46.745043, -23.669947 ], [ -46.745479, -23.670017 ], [ -46.746011, -23.669641 ], [ -46.746094, -23.66946 ], [ -46.746147, -23.668802 ], [ -46.746245, -23.668683 ], [ -46.74674, -23.668661 ], [ -46.746938, -23.668293 ], [ -46.747163, -23.668296 ], [ -46.747782, -23.668527 ], [ -46.748197, -23.667958 ], [ -46.748059, -23.667723 ], [ -46.747766, -23.667738 ], [ -46.747691, -23.667905 ], [ -46.747613, -23.667947 ], [ -46.747252, -23.667815 ], [ -46.74693, -23.667578 ], [ -46.746656, -23.667585 ], [ -46.746493, -23.667759 ], [ -46.74635, -23.66816 ], [ -46.745916, -23.668317 ], [ -46.745753, -23.668469 ], [ -46.745641, -23.668745 ], [ -46.745589, -23.669221 ] ] ] } },
{ "type": "Feature", "properties": { "CD_SETOR": "355030846000078", "faces": 12, "pavimentada": 100.0, "bueiro": 50.0, "iluminacao": 100.0, "onibus": 41.67, "ciclovia": 0.0, "calcada": 75.0, "obstaculo": 100.0, "rampa": 11.11, "rampa_faces": 8.33, "sem_calcada": 25.0, "sem_arvore": 41.67, "muitas_arvores": 41.67, "vao": 91.67, "V05400": 12, "V05421": 9, "V05406": 12, "V05412": 12, "V05422": 3, "V05424": 9, "V05427": 1, "V05409": 6, "V05415": 5, "V05418": 0, "V05430": 5, "V05433": 5, "criancas_0a4": 64, "em_favela": false }, "geometry": { "type": "Polygon", "coordinates": [ [ [ -46.748169, -23.665782 ], [ -46.748535, -23.666339 ], [ -46.749304, -23.666356 ], [ -46.749696, -23.666904 ], [ -46.750003, -23.666685 ], [ -46.7505, -23.666633 ], [ -46.752878, -23.667568 ], [ -46.752591, -23.667263 ], [ -46.751521, -23.666409 ], [ -46.750703, -23.666099 ], [ -46.750207, -23.666045 ], [ -46.750157, -23.665795 ], [ -46.748169, -23.665782 ] ] ] } },
{ "type": "Feature", "properties": { "CD_SETOR": "355030846000079", "faces": 3, "pavimentada": 100.0, "bueiro": 66.67, "iluminacao": 100.0, "onibus": 33.33, "ciclovia": 0.0, "calcada": 100.0, "obstaculo": 100.0, "rampa": 0.0, "rampa_faces": 0.0, "sem_calcada": 0.0, "sem_arvore": 33.33, "muitas_arvores": 0.0, "vao": 100.0, "V05400": 3, "V05421": 3, "V05406": 3, "V05412": 3, "V05422": 0, "V05424": 3, "V05427": 0, "V05409": 2, "V05415": 1, "V05418": 0, "V05430": 1, "V05433": 0, "criancas_0a4": 28, "em_favela": false }, "geometry": { "type": "Polygon", "coordinates": [ [ [ -46.747274, -23.66568 ], [ -46.747104, -23.665899 ], [ -46.746452, -23.66644 ], [ -46.746903, -23.666912 ], [ -46.74733, -23.666887 ], [ -46.74771, -23.667003 ], [ -46.747837, -23.667093 ], [ -46.748301, -23.666449 ], [ -46.747826, -23.665848 ], [ -46.747857, -23.665815 ], [ -46.747705, -23.665588 ], [ -46.747549, -23.665577 ], [ -46.747274, -23.66568 ] ] ] } },
{ "type": "Feature", "properties": { "CD_SETOR": "355030846000080", "faces": 23, "pavimentada": 100.0, "bueiro": 73.91, "iluminacao": 100.0, "onibus": 17.39, "ciclovia": 0.0, "calcada": 82.61, "obstaculo": 73.68, "rampa": 10.53, "rampa_faces": 8.7, "sem_calcada": 17.39, "sem_arvore": 56.52, "muitas_arvores": 21.74, "vao": 91.3, "V05400": 23, "V05421": 19, "V05406": 23, "V05412": 23, "V05422": 4, "V05424": 14, "V05427": 2, "V05409": 17, "V05415": 4, "V05418": 0, "V05430": 13, "V05433": 5, "criancas_0a4": 13, "em_favela": false }, "geometry": { "type": "Polygon", "coordinates": [ [ [ -46.733076, -23.643609 ], [ -46.730021, -23.644309 ], [ -46.727747, -23.644449 ], [ -46.727989, -23.644541 ], [ -46.729721, -23.644694 ], [ -46.729927, -23.645733 ], [ -46.730339, -23.646558 ], [ -46.731369, -23.647833 ], [ -46.731902, -23.648644 ], [ -46.733186, -23.650134 ], [ -46.733566, -23.650111 ], [ -46.733726, -23.649826 ], [ -46.733556, -23.649537 ], [ -46.73362, -23.649176 ], [ -46.733593, -23.64912 ], [ -46.733272, -23.648982 ], [ -46.732913, -23.6486 ], [ -46.733057, -23.648477 ], [ -46.733113, -23.648497 ], [ -46.733184, -23.648449 ], [ -46.73348, -23.648696 ], [ -46.732731, -23.647356 ], [ -46.733226, -23.64707 ], [ -46.733334, -23.647252 ], [ -46.733839, -23.647004 ], [ -46.732835, -23.64562 ], [ -46.732024, -23.645063 ], [ -46.732009, -23.64486 ], [ -46.732233, -23.644447 ], [ -46.731948, -23.644154 ], [ -46.732491, -23.644067 ], [ -46.733753, -23.64422 ], [ -46.734197, -23.644157 ], [ -46.734712, -23.643949 ], [ -46.736006, -23.643152 ], [ -46.736346, -23.643039 ], [ -46.736383, -23.642924 ], [ -46.733076, -23.643609 ] ] ] } },
{ "type": "Feature", "properties": { "CD_SETOR": "355030846000081", "faces": 7, "pavimentada": 100.0, "bueiro": 42.86, "iluminacao": 100.0, "onibus": 0.0, "ciclovia": 0.0, "calcada": 28.57, "obstaculo": 100.0, "rampa": 0.0, "rampa_faces": 0.0, "sem_calcada": 71.43, "sem_arvore": 85.71, "muitas_arvores": 0.0, "vao": 100.0, "V05400": 7, "V05421": 2, "V05406": 7, "V05412": 7, "V05422": 5, "V05424": 2, "V05427": 0, "V05409": 3, "V05415": 0, "V05418": 0, "V05430": 6, "V05433": 0, "criancas_0a4": 13, "em_favela": true }, "geometry": { "type": "Polygon", "coordinates": [ [ [ -46.733944, -23.649436 ], [ -46.733566, -23.650111 ], [ -46.734058, -23.650736 ], [ -46.734337, -23.650558 ], [ -46.734899, -23.650452 ], [ -46.734825, -23.650308 ], [ -46.733944, -23.649436 ] ] ] } },
{ "type": "Feature", "properties": { "CD_SETOR": "355030846000084", "faces": 10, "pavimentada": 60.0, "bueiro": 30.0, "iluminacao": 40.0, "onibus": 10.0, "ciclovia": 0.0, "calcada": 40.0, "obstaculo": 50.0, "rampa": 50.0, "rampa_faces": 20.0, "sem_calcada": 20.0, "sem_arvore": 20.0, "muitas_arvores": 30.0, "vao": 40.0, "V05400": 10, "V05421": 4, "V05406": 6, "V05412": 4, "V05422": 2, "V05424": 2, "V05427": 2, "V05409": 3, "V05415": 1, "V05418": 0, "V05430": 2, "V05433": 3, "criancas_0a4": 30, "em_favela": false }, "geometry": { "type": "Polygon", "coordinates": [ [ [ -46.751094, -23.665457 ], [ -46.751455, -23.665631 ], [ -46.751431, -23.666248 ], [ -46.751521, -23.666409 ], [ -46.752591, -23.667263 ], [ -46.752878, -23.667568 ], [ -46.753023, -23.667499 ], [ -46.753195, -23.667269 ], [ -46.753171, -23.666874 ], [ -46.752381, -23.666192 ], [ -46.751926, -23.665408 ], [ -46.751766, -23.665302 ], [ -46.751128, -23.665156 ], [ -46.751094, -23.665457 ] ] ] } },
{ "type": "Feature", "properties": { "CD_SETOR": "355030846000085", "faces": 5, "pavimentada": 60.0, "bueiro": 20.0, "iluminacao": 100.0, "onibus": 20.0, "ciclovia": 0.0, "calcada": 60.0, "obstaculo": 0.0, "rampa": 33.33, "rampa_faces": 20.0, "sem_calcada": 40.0, "sem_arvore": 60.0, "muitas_arvores": 0.0, "vao": 40.0, "V05400": 5, "V05421": 3, "V05406": 3, "V05412": 5, "V05422": 2, "V05424": 0, "V05427": 1, "V05409": 1, "V05415": 1, "V05418": 0, "V05430": 3, "V05433": 0, "criancas_0a4": 23, "em_favela": false }, "geometry": { "type": "Polygon", "coordinates": [ [ [ -46.750347, -23.665352 ], [ -46.750252, -23.665792 ], [ -46.7504, -23.665797 ], [ -46.751183, -23.666056 ], [ -46.751431, -23.666248 ], [ -46.751455, -23.665631 ], [ -46.750733, -23.665332 ], [ -46.750347, -23.665352 ] ] ] } },
{ "type": "Feature", "properties": { "CD_SETOR": "355030846000086", "faces": 1, "pavimentada": 100.0, "bueiro": 100.0, "iluminacao": 100.0, "onibus": 100.0, "ciclovia": 0.0, "calcada": 100.0, "obstaculo": 100.0, "rampa": 100.0, "rampa_faces": 100.0, "sem_calcada": 0.0, "sem_arvore": 0.0, "muitas_arvores": 0.0, "vao": 0.0, "V05400": 1, "V05421": 1, "V05406": 1, "V05412": 1, "V05422": 0, "V05424": 1, "V05427": 1, "V05409": 1, "V05415": 1, "V05418": 0, "V05430": 0, "V05433": 0, "criancas_0a4": 24, "em_favela": false }, "geometry": { "type": "Polygon", "coordinates": [ [ [ -46.747705, -23.665588 ], [ -46.748169, -23.665782 ], [ -46.750252, -23.665792 ], [ -46.750347, -23.665352 ], [ -46.750122, -23.665373 ], [ -46.749601, -23.665316 ], [ -46.747705, -23.665588 ] ] ] } },
{ "type": "Feature", "properties": { "CD_SETOR": "355030846000087", "faces": 6, "pavimentada": 83.33, "bueiro": 66.67, "iluminacao": 50.0, "onibus": 50.0, "ciclovia": 0.0, "calcada": 50.0, "obstaculo": 100.0, "rampa": 66.67, "rampa_faces": 33.33, "sem_calcada": 50.0, "sem_arvore": 50.0, "muitas_arvores": 33.33, "vao": 50.0, "V05400": 6, "V05421": 3, "V05406": 5, "V05412": 3, "V05422": 3, "V05424": 3, "V05427": 2, "V05409": 4, "V05415": 3, "V05418": 0, "V05430": 3, "V05433": 2, "criancas_0a4": 15, "em_favela": false }, "geometry": { "type": "Polygon", "coordinates": [ [ [ -46.747199, -23.664714 ], [ -46.747274, -23.66568 ], [ -46.747549, -23.665577 ], [ -46.747705, -23.665588 ], [ -46.749601, -23.665316 ], [ -46.749933, -23.665355 ], [ -46.750073, -23.66494 ], [ -46.750035, -23.664566 ], [ -46.748529, -23.664643 ], [ -46.74816, -23.664255 ], [ -46.748069, -23.664462 ], [ -46.747892, -23.664629 ], [ -46.747713, -23.664684 ], [ -46.747199, -23.664714 ] ] ] } },
{ "type": "Feature", "properties": { "CD_SETOR": "355030846000088", "faces": 4, "pavimentada": 100.0, "bueiro": 75.0, "iluminacao": 100.0, "onibus": 50.0, "ciclovia": 0.0, "calcada": 100.0, "obstaculo": 75.0, "rampa": 0.0, "rampa_faces": 0.0, "sem_calcada": 0.0, "sem_arvore": 0.0, "muitas_arvores": 75.0, "vao": 100.0, "V05400": 4, "V05421": 4, "V05406": 4, "V05412": 4, "V05422": 0, "V05424": 3, "V05427": 0, "V05409": 3, "V05415": 2, "V05418": 0, "V05430": 0, "V05433": 3, "criancas_0a4": 34, "em_favela": false }, "geometry": { "type": "Polygon", "coordinates": [ [ [ -46.748061, -23.66322 ], [ -46.74816, -23.664255 ], [ -46.748529, -23.664643 ], [ -46.750062, -23.664565 ], [ -46.750091, -23.663085 ], [ -46.748061, -23.66322 ] ] ] } },
{ "type": "Feature", "properties": { "CD_SETOR": "355030846000089", "faces": 1, "pavimentada": 100.0, "bueiro": 100.0, "iluminacao": 100.0, "onibus": 100.0, "ciclovia": 0.0, "calcada": 100.0, "obstaculo": 0.0, "rampa": 100.0, "rampa_faces": 100.0, "sem_calcada": 0.0, "sem_arvore": 0.0, "muitas_arvores": 100.0, "vao": 0.0, "V05400": 1, "V05421": 1, "V05406": 1, "V05412": 1, "V05422": 0, "V05424": 0, "V05427": 1, "V05409": 1, "V05415": 1, "V05418": 0, "V05430": 0, "V05433": 1, "criancas_0a4": 14, "em_favela": false }, "geometry": { "type": "Polygon", "coordinates": [ [ [ -46.749464, -23.662054 ], [ -46.749303, -23.662297 ], [ -46.749184, -23.662362 ], [ -46.748528, -23.662422 ], [ -46.748237, -23.662551 ], [ -46.748052, -23.662844 ], [ -46.748061, -23.66322 ], [ -46.75004, -23.663085 ], [ -46.750003, -23.662613 ], [ -46.750076, -23.662225 ], [ -46.750001, -23.662045 ], [ -46.749464, -23.662054 ] ] ] } },
{ "type": "Feature", "properties": { "CD_SETOR": "355030846000090", "faces": 1, "pavimentada": 100.0, "bueiro": 100.0, "iluminacao": 100.0, "onibus": 100.0, "ciclovia": 0.0, "calcada": 100.0, "obstaculo": 100.0, "rampa": 100.0, "rampa_faces": 100.0, "sem_calcada": 0.0, "sem_arvore": 0.0, "muitas_arvores": 100.0, "vao": 0.0, "V05400": 1, "V05421": 1, "V05406": 1, "V05412": 1, "V05422": 0, "V05424": 1, "V05427": 1, "V05409": 1, "V05415": 1, "V05418": 0, "V05430": 0, "V05433": 1, "criancas_0a4": 46, "em_favela": false }, "geometry": { "type": "Polygon", "coordinates": [ [ [ -46.74542, -23.663937 ], [ -46.745431, -23.664077 ], [ -46.745994, -23.664575 ], [ -46.746038, -23.664981 ], [ -46.74626, -23.664831 ], [ -46.747804, -23.664669 ], [ -46.748069, -23.664462 ], [ -46.74816, -23.664255 ], [ -46.748112, -23.663761 ], [ -46.74542, -23.663937 ] ] ] } },
{ "type": "Feature", "properties": { "CD_SETOR": "355030846000091", "faces": 1, "pavimentada": 100.0, "bueiro": 100.0, "iluminacao": 100.0, "onibus": 100.0, "ciclovia": 0.0, "calcada": 100.0, "obstaculo": 100.0, "rampa": 100.0, "rampa_faces": 100.0, "sem_calcada": 0.0, "sem_arvore": 0.0, "muitas_arvores": 0.0, "vao": 0.0, "V05400": 1, "V05421": 1, "V05406": 1, "V05412": 1, "V05422": 0, "V05424": 1, "V05427": 1, "V05409": 1, "V05415": 1, "V05418": 0, "V05430": 0, "V05433": 0, "criancas_0a4": 30, "em_favela": false }, "geometry": { "type": "Polygon", "coordinates": [ [ [ -46.746363, -23.663457 ], [ -46.746198, -23.663391 ], [ -46.745446, -23.663407 ], [ -46.74542, -23.663937 ], [ -46.748112, -23.663761 ], [ -46.748067, -23.663301 ], [ -46.746363, -23.663457 ] ] ] } },
{ "type": "Feature", "properties": { "CD_SETOR": "355030846000092", "faces": 1, "pavimentada": 100.0, "bueiro": 100.0, "iluminacao": 100.0, "onibus": 0.0, "ciclovia": 0.0, "calcada": 100.0, "obstaculo": 100.0, "rampa": 0.0, "rampa_faces": 0.0, "sem_calcada": 0.0, "sem_arvore": 0.0, "muitas_arvores": 100.0, "vao": 100.0, "V05400": 1, "V05421": 1, "V05406": 1, "V05412": 1, "V05422": 0, "V05424": 1, "V05427": 0, "V05409": 1, "V05415": 0, "V05418": 0, "V05430": 0, "V05433": 1, "criancas_0a4": 56, "em_favela": false }, "geometry": { "type": "Polygon", "coordinates": [ [ [ -46.746363, -23.663457 ], [ -46.748067, -23.663301 ], [ -46.748052, -23.662844 ], [ -46.748134, -23.662669 ], [ -46.74837, -23.662464 ], [ -46.747883, -23.662267 ], [ -46.746948, -23.662239 ], [ -46.746268, -23.662807 ], [ -46.746177, -23.662949 ], [ -46.746397, -23.663216 ], [ -46.746363, -23.663457 ] ] ] } },
{ "type": "Feature", "properties": { "CD_SETOR": "355030846000094", "faces": 2, "pavimentada": 100.0, "bueiro": 50.0, "iluminacao": 100.0, "onibus": 50.0, "ciclovia": 0.0, "calcada": 100.0, "obstaculo": 100.0, "rampa": 0.0, "rampa_faces": 0.0, "sem_calcada": 0.0, "sem_arvore": 0.0, "muitas_arvores": 100.0, "vao": 100.0, "V05400": 2, "V05421": 2, "V05406": 2, "V05412": 2, "V05422": 0, "V05424": 2, "V05427": 0, "V05409": 1, "V05415": 1, "V05418": 0, "V05430": 0, "V05433": 2, "criancas_0a4": 14, "em_favela": false }, "geometry": { "type": "Polygon", "coordinates": [ [ [ -46.741917, -23.662249 ], [ -46.741412, -23.662487 ], [ -46.741198, -23.662999 ], [ -46.741071, -23.662968 ], [ -46.740987, -23.663185 ], [ -46.741784, -23.663406 ], [ -46.741996, -23.662985 ], [ -46.742678, -23.662366 ], [ -46.742832, -23.662035 ], [ -46.742439, -23.661751 ], [ -46.741917, -23.662249 ] ] ] } },
{ "type": "Feature", "properties": { "CD_SETOR": "355030846000095", "faces": 5, "pavimentada": 100.0, "bueiro": 80.0, "iluminacao": 100.0, "onibus": 80.0, "ciclovia": 0.0, "calcada": 40.0, "obstaculo": 50.0, "rampa": 0.0, "rampa_faces": 0.0, "sem_calcada": 60.0, "sem_arvore": 0.0, "muitas_arvores": 100.0, "vao": 100.0, "V05400": 5, "V05421": 2, "V05406": 5, "V05412": 5, "V05422": 3, "V05424": 1, "V05427": 0, "V05409": 4, "V05415": 4, "V05418": 0, "V05430": 0, "V05433": 5, "criancas_0a4": 16, "em_favela": false }, "geometry": { "type": "Polygon", "coordinates": [ [ [ -46.740298, -23.663536 ], [ -46.740639, -23.663725 ], [ -46.740856, -23.663918 ], [ -46.741254, -23.664624 ], [ -46.741624, -23.664117 ], [ -46.741784, -23.663406 ], [ -46.740928, -23.663168 ], [ -46.740917, -23.663222 ], [ -46.740516, -23.663086 ], [ -46.740298, -23.663536 ] ] ] } },
{ "type": "Feature", "properties": { "CD_SETOR": "355030846000096", "faces": 2, "pavimentada": 100.0, "bueiro": 100.0, "iluminacao": 100.0, "onibus": 50.0, "ciclovia": 50.0, "calcada": 100.0, "obstaculo": 100.0, "rampa": 0.0, "rampa_faces": 0.0, "sem_calcada": 0.0, "sem_arvore": 50.0, "muitas_arvores": 50.0, "vao": 100.0, "V05400": 2, "V05421": 2, "V05406": 2, "V05412": 2, "V05422": 0, "V05424": 2, "V05427": 0, "V05409": 2, "V05415": 1, "V05418": 1, "V05430": 1, "V05433": 1, "criancas_0a4": 19, "em_favela": false }, "geometry": { "type": "Polygon", "coordinates": [ [ [ -46.739695, -23.662787 ], [ -46.739712, -23.662987 ], [ -46.739781, -23.663133 ], [ -46.739923, -23.66329 ], [ -46.740298, -23.663536 ], [ -46.740516, -23.663086 ], [ -46.740917, -23.663222 ], [ -46.740928, -23.663168 ], [ -46.740987, -23.663185 ], [ -46.741071, -23.662968 ], [ -46.741198, -23.662999 ], [ -46.741412, -23.662487 ], [ -46.740765, -23.662557 ], [ -46.739803, -23.662409 ], [ -46.739695, -23.662787 ] ] ] } },
{ "type": "Feature", "properties": { "CD_SETOR": "355030846000097", "faces": 3, "pavimentada": 100.0, "bueiro": 100.0, "iluminacao": 100.0, "onibus": 33.33, "ciclovia": 0.0, "calcada": 100.0, "obstaculo": 0.0, "rampa": 0.0, "rampa_faces": 0.0, "sem_calcada": 0.0, "sem_arvore": 33.33, "muitas_arvores": 66.67, "vao": 100.0, "V05400": 3, "V05421": 3, "V05406": 3, "V05412": 3, "V05422": 0, "V05424": 0, "V05427": 0, "V05409": 3, "V05415": 1, "V05418": 0, "V05430": 1, "V05433": 2, "criancas_0a4": 42, "em_favela": false }, "geometry": { "type": "Polygon", "coordinates": [ [ [ -46.739803, -23.662409 ], [ -46.740765, -23.662557 ], [ -46.74106, -23.662551 ], [ -46.741596, -23.662423 ], [ -46.741917, -23.662249 ], [ -46.74174, -23.661939 ], [ -46.741269, -23.662118 ], [ -46.741153, -23.661723 ], [ -46.740837, -23.661752 ], [ -46.740031, -23.661615 ], [ -46.739803, -23.662409 ] ] ] } },
{ "type": "Feature", "properties": { "CD_SETOR": "355030846000098", "faces": 6, "pavimentada": 100.0, "bueiro": 66.67, "iluminacao": 100.0, "onibus": 16.67, "ciclovia": 0.0, "calcada": 83.33, "obstaculo": 80.0, "rampa": 0.0, "rampa_faces": 0.0, "sem_calcada": 16.67, "sem_arvore": 66.67, "muitas_arvores": 0.0, "vao": 100.0, "V05400": 6, "V05421": 5, "V05406": 6, "V05412": 6, "V05422": 1, "V05424": 4, "V05427": 0, "V05409": 4, "V05415": 1, "V05418": 0, "V05430": 4, "V05433": 0, "criancas_0a4": 3, "em_favela": false }, "geometry": { "type": "Polygon", "coordinates": [ [ [ -46.740159, -23.657949 ], [ -46.739572, -23.658959 ], [ -46.739395, -23.658956 ], [ -46.739292, -23.659119 ], [ -46.739688, -23.659482 ], [ -46.740001, -23.660851 ], [ -46.741135, -23.660781 ], [ -46.740457, -23.659284 ], [ -46.740301, -23.659357 ], [ -46.740042, -23.658734 ], [ -46.740205, -23.658457 ], [ -46.740439, -23.658397 ], [ -46.740538, -23.658437 ], [ -46.740159, -23.657949 ] ] ] } },
{ "type": "Feature", "properties": { "CD_SETOR": "355030846000101", "faces": 12, "pavimentada": 100.0, "bueiro": 58.33, "iluminacao": 100.0, "onibus": 41.67, "ciclovia": 0.0, "calcada": 83.33, "obstaculo": 100.0, "rampa": 0.0, "rampa_faces": 0.0, "sem_calcada": 16.67, "sem_arvore": 41.67, "muitas_arvores": 41.67, "vao": 100.0, "V05400": 12, "V05421": 10, "V05406": 12, "V05412": 12, "V05422": 2, "V05424": 10, "V05427": 0, "V05409": 7, "V05415": 5, "V05418": 0, "V05430": 5, "V05433": 5, "criancas_0a4": 47, "em_favela": false }, "geometry": { "type": "Polygon", "coordinates": [ [ [ -46.736377, -23.662837 ], [ -46.735878, -23.663588 ], [ -46.735801, -23.663798 ], [ -46.73584, -23.663865 ], [ -46.735717, -23.664542 ], [ -46.735725, -23.664782 ], [ -46.735813, -23.665261 ], [ -46.735913, -23.665503 ], [ -46.736252, -23.666032 ], [ -46.736298, -23.666237 ], [ -46.736498, -23.666318 ], [ -46.736588, -23.666288 ], [ -46.736619, -23.666219 ], [ -46.736649, -23.665617 ], [ -46.736432, -23.66528 ], [ -46.736329, -23.664974 ], [ -46.736303, -23.664456 ], [ -46.736401, -23.664171 ], [ -46.736497, -23.664078 ], [ -46.736699, -23.664062 ], [ -46.737069, -23.664149 ], [ -46.737072, -23.663942 ], [ -46.73685, -23.662482 ], [ -46.736377, -23.662837 ] ] ] } },
{ "type": "Feature", "properties": { "CD_SETOR": "355030846000102", "faces": 24, "pavimentada": 100.0, "bueiro": 58.33, "iluminacao": 100.0, "onibus": 0.0, "ciclovia": 8.33, "calcada": 100.0, "obstaculo": 70.83, "rampa": 0.0, "rampa_faces": 0.0, "sem_calcada": 0.0, "sem_arvore": 20.83, "muitas_arvores": 16.67, "vao": 100.0, "V05400": 24, "V05421": 24, "V05406": 24, "V05412": 24, "V05422": 0, "V05424": 17, "V05427": 0, "V05409": 14, "V05415": 0, "V05418": 2, "V05430": 5, "V05433": 4, "criancas_0a4": 25, "em_favela": false }, "geometry": { "type": "Polygon", "coordinates": [ [ [ -46.732588, -23.670181 ], [ -46.732618, -23.670258 ], [ -46.733276, -23.670899 ], [ -46.733646, -23.671458 ], [ -46.733635, -23.670956 ], [ -46.732971, -23.668658 ], [ -46.732986, -23.668565 ], [ -46.733075, -23.668532 ], [ -46.732378, -23.668103 ], [ -46.731865, -23.667865 ], [ -46.73146, -23.667782 ], [ -46.730413, -23.667771 ], [ -46.73074, -23.668494 ], [ -46.731465, -23.668402 ], [ -46.731431, -23.669944 ], [ -46.731533, -23.670158 ], [ -46.732588, -23.670181 ] ] ] } },
{ "type": "Feature", "properties": { "CD_SETOR": "355030846000103", "faces": 11, "pavimentada": 100.0, "bueiro": 18.18, "iluminacao": 100.0, "onibus": 18.18, "ciclovia": 0.0, "calcada": 100.0, "obstaculo": 100.0, "rampa": 0.0, "rampa_faces": 0.0, "sem_calcada": 0.0, "sem_arvore": 27.27, "muitas_arvores": 54.55, "vao": 100.0, "V05400": 11, "V05421": 11, "V05406": 11, "V05412": 11, "V05422": 0, "V05424": 11, "V05427": 0, "V05409": 2, "V05415": 2, "V05418": 0, "V05430": 3, "V05433": 6, "criancas_0a4": 16, "em_favela": false }, "geometry": { "type": "Polygon", "coordinates": [ [ [ -46.732588, -23.670181 ], [ -46.732513, -23.670258 ], [ -46.732474, -23.671007 ], [ -46.732506, -23.671157 ], [ -46.732891, -23.671654 ], [ -46.732974, -23.672049 ], [ -46.732878, -23.672563 ], [ -46.732511, -23.672579 ], [ -46.732507, -23.672966 ], [ -46.73288, -23.673128 ], [ -46.733149, -23.673173 ], [ -46.734288, -23.67285 ], [ -46.734443, -23.672086 ], [ -46.734483, -23.67152 ], [ -46.734449, -23.670986 ], [ -46.734303, -23.670254 ], [ -46.734147, -23.669844 ], [ -46.73371, -23.669076 ], [ -46.733388, -23.66871 ], [ -46.733075, -23.668532 ], [ -46.732986, -23.668565 ], [ -46.732971, -23.668658 ], [ -46.733635, -23.670956 ], [ -46.733646, -23.671458 ], [ -46.733276, -23.670899 ], [ -46.732618, -23.670258 ], [ -46.732588, -23.670181 ] ] ] } },
{ "type": "Feature", "properties": { "CD_SETOR": "355030846000105", "faces": 20, "pavimentada": 100.0, "bueiro": 85.0, "iluminacao": 100.0, "onibus": 30.0, "ciclovia": 0.0, "calcada": 75.0, "obstaculo": 33.33, "rampa": 0.0, "rampa_faces": 0.0, "sem_calcada": 25.0, "sem_arvore": 50.0, "muitas_arvores": 5.0, "vao": 100.0, "V05400": 20, "V05421": 15, "V05406": 20, "V05412": 20, "V05422": 5, "V05424": 5, "V05427": 0, "V05409": 17, "V05415": 6, "V05418": 0, "V05430": 10, "V05433": 1, "criancas_0a4": 46, "em_favela": false }, "geometry": { "type": "Polygon", "coordinates": [ [ [ -46.734209, -23.67626 ], [ -46.734082, -23.677563 ], [ -46.734367, -23.67885 ], [ -46.735165, -23.678687 ], [ -46.73531, -23.679477 ], [ -46.735903, -23.679377 ], [ -46.735827, -23.67885 ], [ -46.73586, -23.678513 ], [ -46.735954, -23.678309 ], [ -46.736172, -23.67844 ], [ -46.73628, -23.678135 ], [ -46.736739, -23.678152 ], [ -46.736984, -23.678106 ], [ -46.737034, -23.677662 ], [ -46.73699, -23.677448 ], [ -46.736817, -23.677377 ], [ -46.736371, -23.677427 ], [ -46.73598, -23.677405 ], [ -46.735688, -23.677234 ], [ -46.735288, -23.676748 ], [ -46.735343, -23.675929 ], [ -46.734209, -23.67626 ] ] ] } },
{ "type": "Feature", "properties": { "CD_SETOR": "355030846000106", "faces": 19, "pavimentada": 100.0, "bueiro": 42.11, "iluminacao": 100.0, "onibus": 0.0, "ciclovia": 0.0, "calcada": 68.42, "obstaculo": 84.62, "rampa": 0.0, "rampa_faces": 0.0, "sem_calcada": 31.58, "sem_arvore": 47.37, "muitas_arvores": 21.05, "vao": 100.0, "V05400": 19, "V05421": 13, "V05406": 19, "V05412": 19, "V05422": 6, "V05424": 11, "V05427": 0, "V05409": 8, "V05415": 0, "V05418": 0, "V05430": 9, "V05433": 4, "criancas_0a4": 20, "em_favela": false }, "geometry": { "type": "Polygon", "coordinates": [ [ [ -46.735827, -23.67885 ], [ -46.735942, -23.679498 ], [ -46.736636, -23.679778 ], [ -46.737562, -23.680467 ], [ -46.737762, -23.680389 ], [ -46.737786, -23.680135 ], [ -46.737375, -23.678431 ], [ -46.737359, -23.678084 ], [ -46.736999, -23.67799 ], [ -46.736984, -23.678106 ], [ -46.73683, -23.678141 ], [ -46.73628, -23.678135 ], [ -46.736172, -23.67844 ], [ -46.735954, -23.678309 ], [ -46.73586, -23.678513 ], [ -46.735827, -23.67885 ] ] ] } },
{ "type": "Feature", "properties": { "CD_SETOR": "355030846000107", "faces": 11, "pavimentada": 100.0, "bueiro": 9.09, "iluminacao": 100.0, "onibus": 36.36, "ciclovia": 0.0, "calcada": 54.55, "obstaculo": 83.33, "rampa": 0.0, "rampa_faces": 0.0, "sem_calcada": 45.45, "sem_arvore": 54.55, "muitas_arvores": 9.09, "vao": 100.0, "V05400": 11, "V05421": 6, "V05406": 11, "V05412": 11, "V05422": 5, "V05424": 5, "V05427": 0, "V05409": 1, "V05415": 4, "V05418": 0, "V05430": 6, "V05433": 1, "criancas_0a4": 28, "em_favela": false }, "geometry": { "type": "Polygon", "coordinates": [ [ [ -46.737652, -23.679514 ], [ -46.737792, -23.680235 ], [ -46.737762, -23.680389 ], [ -46.7376, -23.680474 ], [ -46.736636, -23.679778 ], [ -46.735942, -23.679498 ], [ -46.736197, -23.680211 ], [ -46.737261, -23.680948 ], [ -46.737674, -23.681143 ], [ -46.737825, -23.68128 ], [ -46.738049, -23.681633 ], [ -46.738656, -23.681571 ], [ -46.73871, -23.681522 ], [ -46.738251, -23.680905 ], [ -46.738358, -23.680149 ], [ -46.738209, -23.679428 ], [ -46.737652, -23.679514 ] ] ] } },
{ "type": "Feature", "properties": { "CD_SETOR": "355030846000110", "faces": 16, "pavimentada": 100.0, "bueiro": 56.25, "iluminacao": 100.0, "onibus": 18.75, "ciclovia": 0.0, "calcada": 100.0, "obstaculo": 100.0, "rampa": 6.25, "rampa_faces": 6.25, "sem_calcada": 0.0, "sem_arvore": 62.5, "muitas_arvores": 12.5, "vao": 93.75, "V05400": 16, "V05421": 16, "V05406": 16, "V05412": 16, "V05422": 0, "V05424": 16, "V05427": 1, "V05409": 9, "V05415": 3, "V05418": 0, "V05430": 10, "V05433": 2, "criancas_0a4": 21, "em_favela": false }, "geometry": { "type": "Polygon", "coordinates": [ [ [ -46.741423, -23.685246 ], [ -46.740547, -23.685532 ], [ -46.741307, -23.685953 ], [ -46.741547, -23.686154 ], [ -46.741662, -23.686361 ], [ -46.7417, -23.686846 ], [ -46.742092, -23.68745 ], [ -46.742356, -23.688005 ], [ -46.742912, -23.687851 ], [ -46.743396, -23.688806 ], [ -46.744152, -23.689181 ], [ -46.7436, -23.688096 ], [ -46.743386, -23.687555 ], [ -46.743186, -23.687611 ], [ -46.743017, -23.687055 ], [ -46.742636, -23.687163 ], [ -46.74256, -23.686948 ], [ -46.743228, -23.686708 ], [ -46.743149, -23.686503 ], [ -46.742896, -23.68622 ], [ -46.742704, -23.686102 ], [ -46.742693, -23.685783 ], [ -46.742834, -23.685725 ], [ -46.742774, -23.685398 ], [ -46.741423, -23.685246 ] ] ] } },
{ "type": "Feature", "properties": { "CD_SETOR": "355030846000112", "faces": 15, "pavimentada": 100.0, "bueiro": 46.67, "iluminacao": 93.33, "onibus": 0.0, "ciclovia": 0.0, "calcada": 66.67, "obstaculo": 100.0, "rampa": 0.0, "rampa_faces": 0.0, "sem_calcada": 33.33, "sem_arvore": 80.0, "muitas_arvores": 0.0, "vao": 100.0, "V05400": 15, "V05421": 10, "V05406": 15, "V05412": 14, "V05422": 5, "V05424": 10, "V05427": 0, "V05409": 7, "V05415": 0, "V05418": 0, "V05430": 12, "V05433": 0, "criancas_0a4": 25, "em_favela": false }, "geometry": { "type": "Polygon", "coordinates": [ [ [ -46.746835, -23.689455 ], [ -46.746542, -23.690478 ], [ -46.746305, -23.691461 ], [ -46.746774, -23.691478 ], [ -46.746985, -23.690438 ], [ -46.747476, -23.690388 ], [ -46.748038, -23.690443 ], [ -46.747414, -23.689941 ], [ -46.747263, -23.689894 ], [ -46.747401, -23.689721 ], [ -46.747148, -23.689535 ], [ -46.746835, -23.689455 ] ] ] } },
{ "type": "Feature", "properties": { "CD_SETOR": "355030846000113", "faces": 7, "pavimentada": 100.0, "bueiro": 57.14, "iluminacao": 100.0, "onibus": 14.29, "ciclovia": 0.0, "calcada": 100.0, "obstaculo": 85.71, "rampa": 0.0, "rampa_faces": 0.0, "sem_calcada": 0.0, "sem_arvore": 14.29, "muitas_arvores": 0.0, "vao": 100.0, "V05400": 7, "V05421": 7, "V05406": 7, "V05412": 7, "V05422": 0, "V05424": 6, "V05427": 0, "V05409": 4, "V05415": 1, "V05418": 0, "V05430": 1, "V05433": 0, "criancas_0a4": 41, "em_favela": false }, "geometry": { "type": "Polygon", "coordinates": [ [ [ -46.744371, -23.685271 ], [ -46.743697, -23.6854 ], [ -46.742774, -23.685398 ], [ -46.74279, -23.685636 ], [ -46.742894, -23.685803 ], [ -46.743316, -23.685909 ], [ -46.743505, -23.686006 ], [ -46.743878, -23.686464 ], [ -46.744306, -23.6877 ], [ -46.744543, -23.68816 ], [ -46.744675, -23.688183 ], [ -46.744971, -23.688098 ], [ -46.745195, -23.688567 ], [ -46.746229, -23.688559 ], [ -46.746277, -23.688352 ], [ -46.746234, -23.688194 ], [ -46.745002, -23.686101 ], [ -46.744371, -23.685271 ] ] ] } },
{ "type": "Feature", "properties": { "CD_SETOR": "355030846000114", "faces": 7, "pavimentada": 100.0, "bueiro": 85.71, "iluminacao": 100.0, "onibus": 14.29, "ciclovia": 0.0, "calcada": 57.14, "obstaculo": 100.0, "rampa": 0.0, "rampa_faces": 0.0, "sem_calcada": 42.86, "sem_arvore": 85.71, "muitas_arvores": 0.0, "vao": 100.0, "V05400": 7, "V05421": 4, "V05406": 7, "V05412": 7, "V05422": 3, "V05424": 4, "V05427": 0, "V05409": 6, "V05415": 1, "V05418": 0, "V05430": 6, "V05433": 0, "criancas_0a4": 35, "em_favela": true }, "geometry": { "type": "Polygon", "coordinates": [ [ [ -46.746626, -23.686953 ], [ -46.746383, -23.68642 ], [ -46.746347, -23.686233 ], [ -46.746439, -23.686156 ], [ -46.746159, -23.685972 ], [ -46.745194, -23.68501 ], [ -46.74483, -23.685129 ], [ -46.745512, -23.686039 ], [ -46.746188, -23.6871 ], [ -46.746626, -23.686953 ] ] ] } },
{ "type": "Feature", "properties": { "CD_SETOR": "355030846000115", "faces": 17, "pavimentada": 100.0, "bueiro": 88.24, "iluminacao": 100.0, "onibus": 0.0, "ciclovia": 0.0, "calcada": 76.47, "obstaculo": 92.31, "rampa": 0.0, "rampa_faces": 0.0, "sem_calcada": 23.53, "sem_arvore": 94.12, "muitas_arvores": 0.0, "vao": 100.0, "V05400": 17, "V05421": 13, "V05406": 17, "V05412": 17, "V05422": 4, "V05424": 12, "V05427": 0, "V05409": 15, "V05415": 0, "V05418": 0, "V05430": 16, "V05433": 0, "criancas_0a4": 30, "em_favela": true }, "geometry": { "type": "Polygon", "coordinates": [ [ [ -46.746626, -23.686953 ], [ -46.746218, -23.687087 ], [ -46.746637, -23.687762 ], [ -46.746792, -23.688227 ], [ -46.746871, -23.688709 ], [ -46.746907, -23.689437 ], [ -46.746835, -23.689455 ], [ -46.747148, -23.689535 ], [ -46.747361, -23.689699 ], [ -46.747759, -23.689245 ], [ -46.74756, -23.689061 ], [ -46.747469, -23.688504 ], [ -46.747502, -23.688526 ], [ -46.746626, -23.686953 ] ] ] } },
{ "type": "Feature", "properties": { "CD_SETOR": "355030846000118", "faces": 17, "pavimentada": 94.12, "bueiro": 64.71, "iluminacao": 94.12, "onibus": 23.53, "ciclovia": 0.0, "calcada": 82.35, "obstaculo": 100.0, "rampa": 0.0, "rampa_faces": 0.0, "sem_calcada": 11.76, "sem_arvore": 41.18, "muitas_arvores": 29.41, "vao": 94.12, "V05400": 17, "V05421": 14, "V05406": 16, "V05412": 16, "V05422": 2, "V05424": 14, "V05427": 0, "V05409": 11, "V05415": 4, "V05418": 0, "V05430": 7, "V05433": 5, "criancas_0a4": 26, "em_favela": false }, "geometry": { "type": "Polygon", "coordinates": [ [ [ -46.749064, -23.684633 ], [ -46.748522, -23.68534 ], [ -46.750101, -23.685605 ], [ -46.751697, -23.685576 ], [ -46.752645, -23.685675 ], [ -46.752567, -23.685521 ], [ -46.752087, -23.685134 ], [ -46.751203, -23.68472 ], [ -46.749958, -23.683486 ], [ -46.749959, -23.683722 ], [ -46.750167, -23.683948 ], [ -46.749848, -23.684014 ], [ -46.749064, -23.684633 ] ], [ [ -46.749705, -23.685196 ], [ -46.749156, -23.685086 ], [ -46.749291, -23.684881 ], [ -46.749564, -23.684653 ], [ -46.749749, -23.684805 ], [ -46.74972, -23.684858 ], [ -46.749775, -23.68493 ], [ -46.749705, -23.685196 ] ] ] } },
{ "type": "Feature", "properties": { "CD_SETOR": "355030846000119", "faces": 13, "pavimentada": 100.0, "bueiro": 38.46, "iluminacao": 100.0, "onibus": 7.69, "ciclovia": 0.0, "calcada": 84.62, "obstaculo": 90.91, "rampa": 0.0, "rampa_faces": 0.0, "sem_calcada": 15.38, "sem_arvore": 38.46, "muitas_arvores": 46.15, "vao": 100.0, "V05400": 13, "V05421": 11, "V05406": 13, "V05412": 13, "V05422": 2, "V05424": 10, "V05427": 0, "V05409": 5, "V05415": 1, "V05418": 0, "V05430": 5, "V05433": 6, "criancas_0a4": 15, "em_favela": false }, "geometry": { "type": "Polygon", "coordinates": [ [ [ -46.748901, -23.684385 ], [ -46.749309, -23.683262 ], [ -46.749473, -23.683022 ], [ -46.749326, -23.68288 ], [ -46.749214, -23.682852 ], [ -46.748774, -23.683075 ], [ -46.74826, -23.683443 ], [ -46.748242, -23.683686 ], [ -46.747908, -23.684611 ], [ -46.747687, -23.684557 ], [ -46.747381, -23.684251 ], [ -46.747332, -23.684364 ], [ -46.747298, -23.684842 ], [ -46.748037, -23.685247 ], [ -46.748522, -23.68534 ], [ -46.748802, -23.684972 ], [ -46.748582, -23.684816 ], [ -46.748393, -23.684839 ], [ -46.748324, -23.684806 ], [ -46.74811, -23.684563 ], [ -46.74841, -23.684388 ], [ -46.748677, -23.684157 ], [ -46.748901, -23.684385 ] ] ] } },
{ "type": "Feature", "properties": { "CD_SETOR": "355030846000121", "faces": 3, "pavimentada": 100.0, "bueiro": 0.0, "iluminacao": 100.0, "onibus": 0.0, "ciclovia": 0.0, "calcada": 66.67, "obstaculo": 100.0, "rampa": 0.0, "rampa_faces": 0.0, "sem_calcada": 33.33, "sem_arvore": 33.33, "muitas_arvores": 33.33, "vao": 100.0, "V05400": 3, "V05421": 2, "V05406": 3, "V05412": 3, "V05422": 1, "V05424": 2, "V05427": 0, "V05409": 0, "V05415": 0, "V05418": 0, "V05430": 1, "V05433": 1, "criancas_0a4": 3, "em_favela": false }, "geometry": { "type": "Polygon", "coordinates": [ [ [ -46.747924, -23.682801 ], [ -46.748382, -23.683347 ], [ -46.748774, -23.683075 ], [ -46.749214, -23.682852 ], [ -46.74852, -23.68243 ], [ -46.748335, -23.682493 ], [ -46.747924, -23.682801 ] ] ] } },
{ "type": "Feature", "properties": { "CD_SETOR": "355030846000122", "faces": 20, "pavimentada": 100.0, "bueiro": 50.0, "iluminacao": 90.0, "onibus": 0.0, "ciclovia": 0.0, "calcada": 60.0, "obstaculo": 91.67, "rampa": 0.0, "rampa_faces": 0.0, "sem_calcada": 40.0, "sem_arvore": 50.0, "muitas_arvores": 5.0, "vao": 100.0, "V05400": 20, "V05421": 12, "V05406": 20, "V05412": 18, "V05422": 8, "V05424": 11, "V05427": 0, "V05409": 10, "V05415": 0, "V05418": 0, "V05430": 10, "V05433": 1, "criancas_0a4": 51, "em_favela": false }, "geometry": { "type": "Polygon", "coordinates": [ [ [ -46.74798, -23.678298 ], [ -46.747679, -23.678577 ], [ -46.74764, -23.678716 ], [ -46.747802, -23.679245 ], [ -46.747868, -23.679647 ], [ -46.747189, -23.679462 ], [ -46.746827, -23.680934 ], [ -46.746852, -23.68178 ], [ -46.746915, -23.681954 ], [ -46.746977, -23.682694 ], [ -46.747624, -23.682634 ], [ -46.747358, -23.680989 ], [ -46.747425, -23.680793 ], [ -46.747849, -23.680941 ], [ -46.748503, -23.679956 ], [ -46.74827, -23.678164 ], [ -46.74798, -23.678298 ] ] ] } },
{ "type": "Feature", "properties": { "CD_SETOR": "355030846000123", "faces": 21, "pavimentada": 100.0, "bueiro": 38.1, "iluminacao": 100.0, "onibus": 0.0, "ciclovia": 0.0, "calcada": 76.19, "obstaculo": 93.75, "rampa": 0.0, "rampa_faces": 0.0, "sem_calcada": 23.81, "sem_arvore": 71.43, "muitas_arvores": 4.76, "vao": 100.0, "V05400": 21, "V05421": 16, "V05406": 21, "V05412": 21, "V05422": 5, "V05424": 15, "V05427": 0, "V05409": 8, "V05415": 0, "V05418": 0, "V05430": 15, "V05433": 1, "criancas_0a4": 36, "em_favela": true }, "geometry": { "type": "Polygon", "coordinates": [ [ [ -46.747624, -23.682634 ], [ -46.747715, -23.682811 ], [ -46.747824, -23.682838 ], [ -46.748335, -23.682493 ], [ -46.74852, -23.68243 ], [ -46.749214, -23.682852 ], [ -46.749326, -23.68288 ], [ -46.749234, -23.682771 ], [ -46.749068, -23.682328 ], [ -46.74789, -23.681278 ], [ -46.747827, -23.681114 ], [ -46.747849, -23.680941 ], [ -46.747425, -23.680793 ], [ -46.747358, -23.680989 ], [ -46.747624, -23.682634 ] ] ] } },
{ "type": "Feature", "properties": { "CD_SETOR": "355030846000124", "faces": 14, "pavimentada": 100.0, "bueiro": 92.86, "iluminacao": 100.0, "onibus": 0.0, "ciclovia": 0.0, "calcada": 71.43, "obstaculo": 90.0, "rampa": 10.0, "rampa_faces": 7.14, "sem_calcada": 28.57, "sem_arvore": 35.71, "muitas_arvores": 42.86, "vao": 92.86, "V05400": 14, "V05421": 10, "V05406": 14, "V05412": 14, "V05422": 4, "V05424": 9, "V05427": 1, "V05409": 13, "V05415": 0, "V05418": 0, "V05430": 5, "V05433": 6, "criancas_0a4": 23, "em_favela": false }, "geometry": { "type": "Polygon", "coordinates": [ [ [ -46.748702, -23.679658 ], [ -46.747876, -23.680875 ], [ -46.747834, -23.681151 ], [ -46.747936, -23.681329 ], [ -46.749068, -23.682328 ], [ -46.74885, -23.681675 ], [ -46.748859, -23.681418 ], [ -46.749168, -23.680901 ], [ -46.749448, -23.680197 ], [ -46.750251, -23.679573 ], [ -46.749483, -23.679305 ], [ -46.749429, -23.679409 ], [ -46.748971, -23.679808 ], [ -46.748702, -23.679658 ] ] ] } },
{ "type": "Feature", "properties": { "CD_SETOR": "355030846000125", "faces": 18, "pavimentada": 100.0, "bueiro": 83.33, "iluminacao": 100.0, "onibus": 11.11, "ciclovia": 0.0, "calcada": 77.78, "obstaculo": 92.86, "rampa": 28.57, "rampa_faces": 22.22, "sem_calcada": 22.22, "sem_arvore": 50.0, "muitas_arvores": 27.78, "vao": 77.78, "V05400": 18, "V05421": 14, "V05406": 18, "V05412": 18, "V05422": 4, "V05424": 13, "V05427": 4, "V05409": 15, "V05415": 2, "V05418": 0, "V05430": 9, "V05433": 5, "criancas_0a4": 34, "em_favela": false }, "geometry": { "type": "Polygon", "coordinates": [ [ [ -46.748019, -23.676851 ], [ -46.748094, -23.676889 ], [ -46.748143, -23.677049 ], [ -46.748423, -23.679561 ], [ -46.748503, -23.679956 ], [ -46.748702, -23.679658 ], [ -46.748971, -23.679808 ], [ -46.749429, -23.679409 ], [ -46.749483, -23.679305 ], [ -46.750251, -23.679573 ], [ -46.750332, -23.679331 ], [ -46.750215, -23.678591 ], [ -46.749786, -23.678028 ], [ -46.74962, -23.677451 ], [ -46.749038, -23.677674 ], [ -46.748776, -23.677705 ], [ -46.748637, -23.676299 ], [ -46.748019, -23.676851 ] ] ] } },
{ "type": "Feature", "properties": { "CD_SETOR": "355030846000126", "faces": 21, "pavimentada": 100.0, "bueiro": 33.33, "iluminacao": 100.0, "onibus": 0.0, "ciclovia": 0.0, "calcada": 80.95, "obstaculo": 100.0, "rampa": 0.0, "rampa_faces": 0.0, "sem_calcada": 19.05, "sem_arvore": 23.81, "muitas_arvores": 33.33, "vao": 100.0, "V05400": 21, "V05421": 17, "V05406": 21, "V05412": 21, "V05422": 4, "V05424": 17, "V05427": 0, "V05409": 7, "V05415": 0, "V05418": 0, "V05430": 5, "V05433": 7, "criancas_0a4": 12, "em_favela": false }, "geometry": { "type": "Polygon", "coordinates": [ [ [ -46.75411, -23.672065 ], [ -46.752891, -23.672605 ], [ -46.752454, -23.672644 ], [ -46.752117, -23.673698 ], [ -46.752521, -23.673691 ], [ -46.754287, -23.673022 ], [ -46.754369, -23.673223 ], [ -46.754797, -23.673278 ], [ -46.755454, -23.672992 ], [ -46.755209, -23.672582 ], [ -46.755359, -23.672504 ], [ -46.755091, -23.672091 ], [ -46.754337, -23.672479 ], [ -46.75411, -23.672065 ] ] ] } },
{ "type": "Feature", "properties": { "CD_SETOR": "355030846000127", "faces": 18, "pavimentada": 100.0, "bueiro": 11.11, "iluminacao": 100.0, "onibus": 0.0, "ciclovia": 0.0, "calcada": 83.33, "obstaculo": 100.0, "rampa": 0.0, "rampa_faces": 0.0, "sem_calcada": 16.67, "sem_arvore": 27.78, "muitas_arvores": 16.67, "vao": 100.0, "V05400": 18, "V05421": 15, "V05406": 18, "V05412": 18, "V05422": 3, "V05424": 15, "V05427": 0, "V05409": 2, "V05415": 0, "V05418": 0, "V05430": 5, "V05433": 3, "criancas_0a4": 65, "em_favela": false }, "geometry": { "type": "Polygon", "coordinates": [ [ [ -46.753012, -23.669731 ], [ -46.75275, -23.670028 ], [ -46.752708, -23.670273 ], [ -46.752909, -23.671172 ], [ -46.753236, -23.671902 ], [ -46.752833, -23.672028 ], [ -46.752122, -23.672058 ], [ -46.751844, -23.671899 ], [ -46.751747, -23.671477 ], [ -46.751655, -23.671287 ], [ -46.751148, -23.671949 ], [ -46.751289, -23.672272 ], [ -46.751578, -23.672354 ], [ -46.751414, -23.672607 ], [ -46.751334, -23.672947 ], [ -46.75152, -23.673013 ], [ -46.751872, -23.673599 ], [ -46.751934, -23.673669 ], [ -46.752049, -23.673697 ], [ -46.752117, -23.673698 ], [ -46.752454, -23.672644 ], [ -46.752891, -23.672605 ], [ -46.753811, -23.672219 ], [ -46.753483, -23.671529 ], [ -46.753409, -23.670716 ], [ -46.753173, -23.669751 ], [ -46.753012, -23.669731 ] ] ] } },
{ "type": "Feature", "properties": { "CD_SETOR": "355030846000128", "faces": 7, "pavimentada": 100.0, "bueiro": 14.29, "iluminacao": 100.0, "onibus": 14.29, "ciclovia": 0.0, "calcada": 100.0, "obstaculo": 85.71, "rampa": 14.29, "rampa_faces": 14.29, "sem_calcada": 0.0, "sem_arvore": 14.29, "muitas_arvores": 71.43, "vao": 85.71, "V05400": 7, "V05421": 7, "V05406": 7, "V05412": 7, "V05422": 0, "V05424": 6, "V05427": 1, "V05409": 1, "V05415": 1, "V05418": 0, "V05430": 1, "V05433": 5, "criancas_0a4": 20, "em_favela": false }, "geometry": { "type": "Polygon", "coordinates": [ [ [ -46.751551, -23.669438 ], [ -46.751543, -23.670466 ], [ -46.751387, -23.670701 ], [ -46.751467, -23.671525 ], [ -46.751655, -23.671287 ], [ -46.751747, -23.671477 ], [ -46.751844, -23.671899 ], [ -46.752122, -23.672058 ], [ -46.752496, -23.672042 ], [ -46.751897, -23.669473 ], [ -46.751796, -23.669342 ], [ -46.751643, -23.669339 ], [ -46.751551, -23.669438 ] ] ] } },
{ "type": "Feature", "properties": { "CD_SETOR": "355030846000129", "faces": 8, "pavimentada": 100.0, "bueiro": 62.5, "iluminacao": 100.0, "onibus": 12.5, "ciclovia": 0.0, "calcada": 75.0, "obstaculo": 83.33, "rampa": 16.67, "rampa_faces": 12.5, "sem_calcada": 25.0, "sem_arvore": 0.0, "muitas_arvores": 50.0, "vao": 87.5, "V05400": 8, "V05421": 6, "V05406": 8, "V05412": 8, "V05422": 2, "V05424": 5, "V05427": 1, "V05409": 5, "V05415": 1, "V05418": 0, "V05430": 0, "V05433": 4, "criancas_0a4": 20, "em_favela": false }, "geometry": { "type": "Polygon", "coordinates": [ [ [ -46.74759, -23.669202 ], [ -46.748137, -23.669288 ], [ -46.749241, -23.669811 ], [ -46.749499, -23.669998 ], [ -46.74953, -23.670132 ], [ -46.749247, -23.6701 ], [ -46.74952, -23.670614 ], [ -46.749453, -23.670663 ], [ -46.74948, -23.670854 ], [ -46.749597, -23.670884 ], [ -46.749995, -23.670724 ], [ -46.750229, -23.67112 ], [ -46.7504, -23.671102 ], [ -46.750806, -23.671221 ], [ -46.751016, -23.671116 ], [ -46.751065, -23.670647 ], [ -46.750929, -23.670381 ], [ -46.7504, -23.669925 ], [ -46.749657, -23.669402 ], [ -46.748188, -23.668696 ], [ -46.74759, -23.669202 ] ] ] } },
{ "type": "Feature", "properties": { "CD_SETOR": "355030846000130", "faces": 9, "pavimentada": 100.0, "bueiro": 66.67, "iluminacao": 100.0, "onibus": 11.11, "ciclovia": 0.0, "calcada": 77.78, "obstaculo": 57.14, "rampa": 14.29, "rampa_faces": 11.11, "sem_calcada": 22.22, "sem_arvore": 44.44, "muitas_arvores": 33.33, "vao": 88.89, "V05400": 9, "V05421": 7, "V05406": 9, "V05412": 9, "V05422": 2, "V05424": 4, "V05427": 1, "V05409": 6, "V05415": 1, "V05418": 0, "V05430": 4, "V05433": 3, "criancas_0a4": 26, "em_favela": false }, "geometry": { "type": "Polygon", "coordinates": [ [ [ -46.747878, -23.66841 ], [ -46.747782, -23.668527 ], [ -46.749657, -23.669402 ], [ -46.750596, -23.670079 ], [ -46.751022, -23.670499 ], [ -46.751065, -23.670647 ], [ -46.751016, -23.671116 ], [ -46.751543, -23.670466 ], [ -46.75157, -23.670096 ], [ -46.750944, -23.669627 ], [ -46.750599, -23.66922 ], [ -46.748429, -23.668194 ], [ -46.747878, -23.66841 ] ] ] } },
{ "type": "Feature", "properties": { "CD_SETOR": "355030846000131", "faces": 11, "pavimentada": 100.0, "bueiro": 27.27, "iluminacao": 100.0, "onibus": 9.09, "ciclovia": 0.0, "calcada": 100.0, "obstaculo": 63.64, "rampa": 0.0, "rampa_faces": 0.0, "sem_calcada": 0.0, "sem_arvore": 0.0, "muitas_arvores": 72.73, "vao": 100.0, "V05400": 11, "V05421": 11, "V05406": 11, "V05412": 11, "V05422": 0, "V05424": 7, "V05427": 0, "V05409": 3, "V05415": 1, "V05418": 0, "V05430": 0, "V05433": 8, "criancas_0a4": 45, "em_favela": false }, "geometry": { "type": "Polygon", "coordinates": [ [ [ -46.749248, -23.667906 ], [ -46.748429, -23.668194 ], [ -46.749692, -23.668765 ], [ -46.750599, -23.66922 ], [ -46.750685, -23.669312 ], [ -46.751436, -23.668963 ], [ -46.751474, -23.668887 ], [ -46.751466, -23.668227 ], [ -46.750223, -23.66777 ], [ -46.750237, -23.668364 ], [ -46.749248, -23.667906 ] ] ] } },
{ "type": "Feature", "properties": { "CD_SETOR": "355030846000132", "faces": 12, "pavimentada": 100.0, "bueiro": 33.33, "iluminacao": 100.0, "onibus": 8.33, "ciclovia": 0.0, "calcada": 75.0, "obstaculo": 88.89, "rampa": 0.0, "rampa_faces": 0.0, "sem_calcada": 25.0, "sem_arvore": 33.33, "muitas_arvores": 33.33, "vao": 100.0, "V05400": 12, "V05421": 9, "V05406": 12, "V05412": 12, "V05422": 3, "V05424": 8, "V05427": 0, "V05409": 4, "V05415": 1, "V05418": 0, "V05430": 4, "V05433": 4, "criancas_0a4": 36, "em_favela": false }, "geometry": { "type": "Polygon", "coordinates": [ [ [ -46.750685, -23.669312 ], [ -46.750944, -23.669627 ], [ -46.75157, -23.670096 ], [ -46.751571, -23.669385 ], [ -46.751719, -23.669329 ], [ -46.751864, -23.669396 ], [ -46.752496, -23.672042 ], [ -46.752833, -23.672028 ], [ -46.753236, -23.671902 ], [ -46.752909, -23.671172 ], [ -46.752708, -23.670273 ], [ -46.75275, -23.670028 ], [ -46.75284, -23.66989 ], [ -46.752727, -23.669827 ], [ -46.752686, -23.669569 ], [ -46.752545, -23.66954 ], [ -46.752508, -23.669488 ], [ -46.752319, -23.668819 ], [ -46.752102, -23.668493 ], [ -46.751466, -23.668227 ], [ -46.751474, -23.668887 ], [ -46.751436, -23.668963 ], [ -46.750685, -23.669312 ] ] ] } },
{ "type": "Feature", "properties": { "CD_SETOR": "355030846000133", "faces": 13, "pavimentada": 100.0, "bueiro": 38.46, "iluminacao": 100.0, "onibus": 0.0, "ciclovia": 0.0, "calcada": 76.92, "obstaculo": 100.0, "rampa": 30.0, "rampa_faces": 23.08, "sem_calcada": 23.08, "sem_arvore": 15.38, "muitas_arvores": 69.23, "vao": 76.92, "V05400": 13, "V05421": 10, "V05406": 13, "V05412": 13, "V05422": 3, "V05424": 10, "V05427": 3, "V05409": 5, "V05415": 0, "V05418": 0, "V05430": 2, "V05433": 9, "criancas_0a4": 45, "em_favela": false }, "geometry": { "type": "Polygon", "coordinates": [ [ [ -46.749248, -23.667906 ], [ -46.750237, -23.668364 ], [ -46.750223, -23.66777 ], [ -46.752102, -23.668493 ], [ -46.752319, -23.668819 ], [ -46.752508, -23.669488 ], [ -46.75261, -23.669569 ], [ -46.752769, -23.669548 ], [ -46.752844, -23.669477 ], [ -46.75305, -23.6691 ], [ -46.752855, -23.668571 ], [ -46.752637, -23.6682 ], [ -46.752433, -23.667983 ], [ -46.75059, -23.667286 ], [ -46.7504, -23.667297 ], [ -46.750235, -23.667416 ], [ -46.750171, -23.667517 ], [ -46.75017, -23.667667 ], [ -46.749304, -23.666356 ], [ -46.749097, -23.666662 ], [ -46.749085, -23.666927 ], [ -46.7494, -23.667488 ], [ -46.7495, -23.667575 ], [ -46.74938, -23.667817 ], [ -46.749248, -23.667906 ] ] ] } },
{ "type": "Feature", "properties": { "CD_SETOR": "355030846000134", "faces": 15, "pavimentada": 100.0, "bueiro": 33.33, "iluminacao": 100.0, "onibus": 26.67, "ciclovia": 0.0, "calcada": 73.33, "obstaculo": 90.91, "rampa": 27.27, "rampa_faces": 20.0, "sem_calcada": 26.67, "sem_arvore": 26.67, "muitas_arvores": 46.67, "vao": 80.0, "V05400": 15, "V05421": 11, "V05406": 15, "V05412": 15, "V05422": 4, "V05424": 10, "V05427": 3, "V05409": 5, "V05415": 4, "V05418": 0, "V05430": 4, "V05433": 7, "criancas_0a4": 33, "em_favela": false }, "geometry": { "type": "Polygon", "coordinates": [ [ [ -46.749696, -23.666904 ], [ -46.75017, -23.667667 ], [ -46.750171, -23.667517 ], [ -46.750235, -23.667416 ], [ -46.7504, -23.667297 ], [ -46.75059, -23.667286 ], [ -46.752506, -23.66803 ], [ -46.752855, -23.668571 ], [ -46.75305, -23.6691 ], [ -46.753586, -23.66873 ], [ -46.753385, -23.668276 ], [ -46.752992, -23.667666 ], [ -46.752878, -23.667568 ], [ -46.7505, -23.666633 ], [ -46.750003, -23.666685 ], [ -46.749696, -23.666904 ] ] ] } },
{ "type": "Feature", "properties": { "CD_SETOR": "355030846000135", "faces": 17, "pavimentada": 94.12, "bueiro": 58.82, "iluminacao": 94.12, "onibus": 17.65, "ciclovia": 0.0, "calcada": 70.59, "obstaculo": 100.0, "rampa": 25.0, "rampa_faces": 17.65, "sem_calcada": 23.53, "sem_arvore": 23.53, "muitas_arvores": 35.29, "vao": 76.47, "V05400": 17, "V05421": 12, "V05406": 16, "V05412": 16, "V05422": 4, "V05424": 12, "V05427": 3, "V05409": 10, "V05415": 3, "V05418": 0, "V05430": 4, "V05433": 6, "criancas_0a4": 51, "em_favela": false }, "geometry": { "type": "Polygon", "coordinates": [ [ [ -46.751899, -23.664208 ], [ -46.752836, -23.665808 ], [ -46.752299, -23.666068 ], [ -46.752461, -23.666271 ], [ -46.753171, -23.666874 ], [ -46.753187, -23.667146 ], [ -46.753616, -23.667146 ], [ -46.753357, -23.666674 ], [ -46.753881, -23.6664 ], [ -46.753076, -23.664932 ], [ -46.752336, -23.663707 ], [ -46.751899, -23.664208 ] ] ] } },
{ "type": "Feature", "properties": { "CD_SETOR": "355030846000136", "faces": 7, "pavimentada": 100.0, "bueiro": 85.71, "iluminacao": 85.71, "onibus": 14.29, "ciclovia": 0.0, "calcada": 57.14, "obstaculo": 100.0, "rampa": 25.0, "rampa_faces": 14.29, "sem_calcada": 42.86, "sem_arvore": 42.86, "muitas_arvores": 28.57, "vao": 85.71, "V05400": 7, "V05421": 4, "V05406": 7, "V05412": 6, "V05422": 3, "V05424": 4, "V05427": 1, "V05409": 6, "V05415": 1, "V05418": 0, "V05430": 3, "V05433": 2, "criancas_0a4": 52, "em_favela": true }, "geometry": { "type": "Polygon", "coordinates": [ [ [ -46.752878, -23.667568 ], [ -46.752992, -23.667666 ], [ -46.753385, -23.668276 ], [ -46.753586, -23.66873 ], [ -46.753998, -23.668384 ], [ -46.753996, -23.668218 ], [ -46.753833, -23.667616 ], [ -46.753616, -23.667146 ], [ -46.753187, -23.667146 ], [ -46.753174, -23.667342 ], [ -46.753023, -23.667499 ], [ -46.752878, -23.667568 ] ] ] } },
{ "type": "Feature", "properties": { "CD_SETOR": "355030846000137", "faces": 18, "pavimentada": 100.0, "bueiro": 22.22, "iluminacao": 100.0, "onibus": 11.11, "ciclovia": 0.0, "calcada": 66.67, "obstaculo": 83.33, "rampa": 25.0, "rampa_faces": 16.67, "sem_calcada": 33.33, "sem_arvore": 38.89, "muitas_arvores": 27.78, "vao": 83.33, "V05400": 18, "V05421": 12, "V05406": 18, "V05412": 18, "V05422": 6, "V05424": 10, "V05427": 3, "V05409": 4, "V05415": 2, "V05418": 0, "V05430": 7, "V05433": 5, "criancas_0a4": 23, "em_favela": false }, "geometry": { "type": "Polygon", "coordinates": [ [ [ -46.753076, -23.664932 ], [ -46.753881, -23.6664 ], [ -46.753357, -23.666674 ], [ -46.753833, -23.667616 ], [ -46.753898, -23.667934 ], [ -46.754104, -23.667899 ], [ -46.75417, -23.667841 ], [ -46.754187, -23.667713 ], [ -46.754431, -23.667639 ], [ -46.754449, -23.667397 ], [ -46.755332, -23.6677 ], [ -46.753455, -23.664393 ], [ -46.753253, -23.664847 ], [ -46.753076, -23.664932 ] ] ] } },
{ "type": "Feature", "properties": { "CD_SETOR": "355030846000138", "faces": 12, "pavimentada": 100.0, "bueiro": 58.33, "iluminacao": 75.0, "onibus": 0.0, "ciclovia": 0.0, "calcada": 41.67, "obstaculo": 80.0, "rampa": 0.0, "rampa_faces": 0.0, "sem_calcada": 58.33, "sem_arvore": 58.33, "muitas_arvores": 16.67, "vao": 100.0, "V05400": 12, "V05421": 5, "V05406": 12, "V05412": 9, "V05422": 7, "V05424": 4, "V05427": 0, "V05409": 7, "V05415": 0, "V05418": 0, "V05430": 7, "V05433": 2, "criancas_0a4": 38, "em_favela": false }, "geometry": { "type": "Polygon", "coordinates": [ [ [ -46.750577, -23.664664 ], [ -46.750892, -23.66513 ], [ -46.751766, -23.665302 ], [ -46.751926, -23.665408 ], [ -46.752299, -23.666068 ], [ -46.752836, -23.665808 ], [ -46.75228, -23.664808 ], [ -46.752012, -23.664804 ], [ -46.751109, -23.664557 ], [ -46.750577, -23.664664 ] ] ] } },
{ "type": "Feature", "properties": { "CD_SETOR": "355030846000139", "faces": 15, "pavimentada": 100.0, "bueiro": 60.0, "iluminacao": 100.0, "onibus": 13.33, "ciclovia": 13.33, "calcada": 86.67, "obstaculo": 84.62, "rampa": 0.0, "rampa_faces": 0.0, "sem_calcada": 13.33, "sem_arvore": 60.0, "muitas_arvores": 13.33, "vao": 100.0, "V05400": 15, "V05421": 13, "V05406": 15, "V05412": 15, "V05422": 2, "V05424": 11, "V05427": 0, "V05409": 9, "V05415": 2, "V05418": 2, "V05430": 9, "V05433": 2, "criancas_0a4": 46, "em_favela": false }, "geometry": { "type": "Polygon", "coordinates": [ [ [ -46.749501, -23.659492 ], [ -46.748966, -23.66068 ], [ -46.748359, -23.661212 ], [ -46.749755, -23.661592 ], [ -46.750878, -23.659 ], [ -46.750326, -23.659043 ], [ -46.750041, -23.659677 ], [ -46.749501, -23.659492 ] ] ] } },
{ "type": "Feature", "properties": { "CD_SETOR": "355030846000146", "faces": 8, "pavimentada": 100.0, "bueiro": 25.0, "iluminacao": 100.0, "onibus": 25.0, "ciclovia": 37.5, "calcada": 37.5, "obstaculo": 100.0, "rampa": 33.33, "rampa_faces": 12.5, "sem_calcada": 62.5, "sem_arvore": 100.0, "muitas_arvores": 0.0, "vao": 87.5, "V05400": 8, "V05421": 3, "V05406": 8, "V05412": 8, "V05422": 5, "V05424": 3, "V05427": 1, "V05409": 2, "V05415": 2, "V05418": 3, "V05430": 8, "V05433": 0, "criancas_0a4": 7, "em_favela": true }, "geometry": { "type": "Polygon", "coordinates": [ [ [ -46.746801, -23.660392 ], [ -46.747923, -23.661088 ], [ -46.748359, -23.661212 ], [ -46.748293, -23.661044 ], [ -46.747943, -23.660783 ], [ -46.747583, -23.660422 ], [ -46.747119, -23.660125 ], [ -46.746838, -23.660071 ], [ -46.746801, -23.660392 ] ] ] } },
{ "type": "Feature", "properties": { "CD_SETOR": "355030846000147", "faces": 32, "pavimentada": 100.0, "bueiro": 21.88, "iluminacao": 100.0, "onibus": 25.0, "ciclovia": 9.38, "calcada": 87.5, "obstaculo": 85.71, "rampa": 3.57, "rampa_faces": 3.12, "sem_calcada": 12.5, "sem_arvore": 50.0, "muitas_arvores": 37.5, "vao": 96.88, "V05400": 32, "V05421": 28, "V05406": 32, "V05412": 32, "V05422": 4, "V05424": 24, "V05427": 1, "V05409": 7, "V05415": 8, "V05418": 3, "V05430": 16, "V05433": 12, "criancas_0a4": 48, "em_favela": false }, "geometry": { "type": "Polygon", "coordinates": [ [ [ -46.744197, -23.65948 ], [ -46.745286, -23.659924 ], [ -46.746801, -23.660392 ], [ -46.746879, -23.659363 ], [ -46.744648, -23.658497 ], [ -46.744197, -23.65948 ] ] ] } },
{ "type": "Feature", "properties": { "CD_SETOR": "355030846000148", "faces": 8, "pavimentada": 100.0, "bueiro": 62.5, "iluminacao": 100.0, "onibus": 25.0, "ciclovia": 25.0, "calcada": 75.0, "obstaculo": 66.67, "rampa": 33.33, "rampa_faces": 25.0, "sem_calcada": 25.0, "sem_arvore": 62.5, "muitas_arvores": 0.0, "vao": 75.0, "V05400": 8, "V05421": 6, "V05406": 8, "V05412": 8, "V05422": 2, "V05424": 4, "V05427": 2, "V05409": 5, "V05415": 2, "V05418": 2, "V05430": 5, "V05433": 0, "criancas_0a4": 48, "em_favela": false }, "geometry": { "type": "Polygon", "coordinates": [ [ [ -46.741715, -23.657583 ], [ -46.741408, -23.658002 ], [ -46.740605, -23.657736 ], [ -46.742329, -23.659815 ], [ -46.74276, -23.659507 ], [ -46.742951, -23.659653 ], [ -46.74298, -23.659084 ], [ -46.74271, -23.658678 ], [ -46.742558, -23.658331 ], [ -46.741952, -23.657714 ], [ -46.741715, -23.657583 ] ] ] } },
{ "type": "Feature", "properties": { "CD_SETOR": "355030846000149", "faces": 15, "pavimentada": 100.0, "bueiro": 53.33, "iluminacao": 100.0, "onibus": 6.67, "ciclovia": 0.0, "calcada": 100.0, "obstaculo": 80.0, "rampa": 0.0, "rampa_faces": 0.0, "sem_calcada": 0.0, "sem_arvore": 73.33, "muitas_arvores": 13.33, "vao": 100.0, "V05400": 15, "V05421": 15, "V05406": 15, "V05412": 15, "V05422": 0, "V05424": 12, "V05427": 0, "V05409": 8, "V05415": 1, "V05418": 0, "V05430": 11, "V05433": 2, "criancas_0a4": 20, "em_favela": false }, "geometry": { "type": "Polygon", "coordinates": [ [ [ -46.735379, -23.657232 ], [ -46.734775, -23.658166 ], [ -46.734676, -23.658526 ], [ -46.73496, -23.65857 ], [ -46.735642, -23.657957 ], [ -46.735659, -23.658195 ], [ -46.735909, -23.658726 ], [ -46.736098, -23.659409 ], [ -46.736148, -23.660335 ], [ -46.736287, -23.66082 ], [ -46.736279, -23.661199 ], [ -46.73739, -23.661653 ], [ -46.73682, -23.660153 ], [ -46.736754, -23.660083 ], [ -46.736515, -23.660019 ], [ -46.736609, -23.65846 ], [ -46.736048, -23.657627 ], [ -46.735929, -23.657342 ], [ -46.735379, -23.657232 ] ] ] } },
{ "type": "Feature", "properties": { "CD_SETOR": "355030846000150", "faces": 11, "pavimentada": 100.0, "bueiro": 72.73, "iluminacao": 100.0, "onibus": 0.0, "ciclovia": 0.0, "calcada": 100.0, "obstaculo": 100.0, "rampa": 0.0, "rampa_faces": 0.0, "sem_calcada": 0.0, "sem_arvore": 54.55, "muitas_arvores": 9.09, "vao": 100.0, "V05400": 11, "V05421": 11, "V05406": 11, "V05412": 11, "V05422": 0, "V05424": 11, "V05427": 0, "V05409": 8, "V05415": 0, "V05418": 0, "V05430": 6, "V05433": 1, "criancas_0a4": 22, "em_favela": false }, "geometry": { "type": "Polygon", "coordinates": [ [ [ -46.734676, -23.658526 ], [ -46.734368, -23.659695 ], [ -46.734993, -23.659617 ], [ -46.73483, -23.659876 ], [ -46.735566, -23.661021 ], [ -46.735799, -23.661089 ], [ -46.736177, -23.661469 ], [ -46.73629, -23.661058 ], [ -46.736283, -23.660789 ], [ -46.736214, -23.660635 ], [ -46.735781, -23.660828 ], [ -46.735042, -23.659724 ], [ -46.735245, -23.658904 ], [ -46.735707, -23.658341 ], [ -46.735642, -23.657957 ], [ -46.73496, -23.65857 ], [ -46.734676, -23.658526 ] ] ] } },
{ "type": "Feature", "properties": { "CD_SETOR": "355030846000155", "faces": 21, "pavimentada": 100.0, "bueiro": 61.9, "iluminacao": 100.0, "onibus": 9.52, "ciclovia": 9.52, "calcada": 80.95, "obstaculo": 58.82, "rampa": 17.65, "rampa_faces": 14.29, "sem_calcada": 19.05, "sem_arvore": 38.1, "muitas_arvores": 19.05, "vao": 85.71, "V05400": 21, "V05421": 17, "V05406": 21, "V05412": 21, "V05422": 4, "V05424": 10, "V05427": 3, "V05409": 13, "V05415": 2, "V05418": 2, "V05430": 8, "V05433": 4, "criancas_0a4": 20, "em_favela": false }, "geometry": { "type": "Polygon", "coordinates": [ [ [ -46.730755, -23.667782 ], [ -46.731606, -23.6678 ], [ -46.731603, -23.667699 ], [ -46.732427, -23.666801 ], [ -46.732861, -23.665984 ], [ -46.732322, -23.665607 ], [ -46.732152, -23.665754 ], [ -46.731796, -23.66545 ], [ -46.731003, -23.665377 ], [ -46.730755, -23.667782 ] ] ] } },
{ "type": "Feature", "properties": { "CD_SETOR": "355030846000158", "faces": 9, "pavimentada": 100.0, "bueiro": 66.67, "iluminacao": 100.0, "onibus": 11.11, "ciclovia": 0.0, "calcada": 88.89, "obstaculo": 100.0, "rampa": 0.0, "rampa_faces": 0.0, "sem_calcada": 11.11, "sem_arvore": 33.33, "muitas_arvores": 22.22, "vao": 100.0, "V05400": 9, "V05421": 8, "V05406": 9, "V05412": 9, "V05422": 1, "V05424": 8, "V05427": 0, "V05409": 6, "V05415": 1, "V05418": 0, "V05430": 3, "V05433": 2, "criancas_0a4": 30, "em_favela": false }, "geometry": { "type": "Polygon", "coordinates": [ [ [ -46.742356, -23.688005 ], [ -46.743481, -23.690346 ], [ -46.744905, -23.690557 ], [ -46.745623, -23.691007 ], [ -46.746038, -23.69137 ], [ -46.746305, -23.691461 ], [ -46.746425, -23.690949 ], [ -46.745386, -23.690285 ], [ -46.74564, -23.689916 ], [ -46.744867, -23.689907 ], [ -46.743817, -23.689772 ], [ -46.743396, -23.688806 ], [ -46.742912, -23.687851 ], [ -46.742356, -23.688005 ] ] ] } },
{ "type": "Feature", "properties": { "CD_SETOR": "355030846000159", "faces": 17, "pavimentada": 100.0, "bueiro": 82.35, "iluminacao": 100.0, "onibus": 0.0, "ciclovia": 0.0, "calcada": 82.35, "obstaculo": 92.86, "rampa": 0.0, "rampa_faces": 0.0, "sem_calcada": 17.65, "sem_arvore": 64.71, "muitas_arvores": 0.0, "vao": 100.0, "V05400": 17, "V05421": 14, "V05406": 17, "V05412": 17, "V05422": 3, "V05424": 13, "V05427": 0, "V05409": 14, "V05415": 0, "V05418": 0, "V05430": 11, "V05433": 0, "criancas_0a4": 40, "em_favela": false }, "geometry": { "type": "Polygon", "coordinates": [ [ [ -46.746425, -23.690949 ], [ -46.746699, -23.690009 ], [ -46.745797, -23.689485 ], [ -46.74437, -23.689281 ], [ -46.743396, -23.688806 ], [ -46.743817, -23.689772 ], [ -46.744867, -23.689907 ], [ -46.74564, -23.689916 ], [ -46.745386, -23.690285 ], [ -46.746425, -23.690949 ] ] ] } },
{ "type": "Feature", "properties": { "CD_SETOR": "355030846000163", "faces": 18, "pavimentada": 100.0, "bueiro": 66.67, "iluminacao": 100.0, "onibus": 5.56, "ciclovia": 0.0, "calcada": 88.89, "obstaculo": 87.5, "rampa": 43.75, "rampa_faces": 38.89, "sem_calcada": 11.11, "sem_arvore": 27.78, "muitas_arvores": 61.11, "vao": 61.11, "V05400": 18, "V05421": 16, "V05406": 18, "V05412": 18, "V05422": 2, "V05424": 14, "V05427": 7, "V05409": 12, "V05415": 1, "V05418": 0, "V05430": 5, "V05433": 11, "criancas_0a4": 58, "em_favela": false }, "geometry": { "type": "Polygon", "coordinates": [ [ [ -46.756107, -23.67266 ], [ -46.756352, -23.673094 ], [ -46.7563, -23.673191 ], [ -46.756249, -23.674073 ], [ -46.755808, -23.674061 ], [ -46.755615, -23.673241 ], [ -46.755463, -23.673301 ], [ -46.754989, -23.673259 ], [ -46.754966, -23.673207 ], [ -46.754797, -23.673278 ], [ -46.754369, -23.673223 ], [ -46.754287, -23.673022 ], [ -46.752521, -23.673691 ], [ -46.752235, -23.675324 ], [ -46.753286, -23.674955 ], [ -46.753034, -23.673929 ], [ -46.754181, -23.673529 ], [ -46.755551, -23.673445 ], [ -46.755646, -23.674305 ], [ -46.754536, -23.674395 ], [ -46.753848, -23.674613 ], [ -46.754233, -23.675643 ], [ -46.754124, -23.675725 ], [ -46.75558, -23.6754 ], [ -46.755793, -23.675364 ], [ -46.756171, -23.675393 ], [ -46.756289, -23.675349 ], [ -46.75671, -23.674901 ], [ -46.756768, -23.674515 ], [ -46.757287, -23.674507 ], [ -46.757392, -23.672867 ], [ -46.758003, -23.673698 ], [ -46.758157, -23.673686 ], [ -46.758519, -23.673523 ], [ -46.757326, -23.671859 ], [ -46.757092, -23.671999 ], [ -46.756806, -23.672296 ], [ -46.756107, -23.67266 ] ] ] } },
{ "type": "Feature", "properties": { "CD_SETOR": "355030846000164", "faces": 1, "pavimentada": 100.0, "bueiro": 100.0, "iluminacao": 100.0, "onibus": 100.0, "ciclovia": 0.0, "calcada": 100.0, "obstaculo": 0.0, "rampa": 100.0, "rampa_faces": 100.0, "sem_calcada": 0.0, "sem_arvore": 0.0, "muitas_arvores": 100.0, "vao": 0.0, "V05400": 1, "V05421": 1, "V05406": 1, "V05412": 1, "V05422": 0, "V05424": 0, "V05427": 1, "V05409": 1, "V05415": 1, "V05418": 0, "V05430": 0, "V05433": 1, "criancas_0a4": 33, "em_favela": false }, "geometry": { "type": "Polygon", "coordinates": [ [ [ -46.754708, -23.673498 ], [ -46.754732, -23.67375 ], [ -46.755009, -23.673726 ], [ -46.755067, -23.674348 ], [ -46.755646, -23.674305 ], [ -46.755551, -23.673445 ], [ -46.754708, -23.673498 ] ] ] } },
{ "type": "Feature", "properties": { "CD_SETOR": "355030846000165", "faces": 1, "pavimentada": 100.0, "bueiro": 100.0, "iluminacao": 100.0, "onibus": 100.0, "ciclovia": 0.0, "calcada": 100.0, "obstaculo": 0.0, "rampa": 100.0, "rampa_faces": 100.0, "sem_calcada": 0.0, "sem_arvore": 0.0, "muitas_arvores": 100.0, "vao": 0.0, "V05400": 1, "V05421": 1, "V05406": 1, "V05412": 1, "V05422": 0, "V05424": 0, "V05427": 1, "V05409": 1, "V05415": 1, "V05418": 0, "V05430": 0, "V05433": 1, "criancas_0a4": 43, "em_favela": false }, "geometry": { "type": "Polygon", "coordinates": [ [ [ -46.753508, -23.673764 ], [ -46.7536, -23.67399 ], [ -46.753863, -23.673892 ], [ -46.754112, -23.674522 ], [ -46.754536, -23.674395 ], [ -46.755067, -23.674348 ], [ -46.755009, -23.673726 ], [ -46.754732, -23.67375 ], [ -46.754708, -23.673498 ], [ -46.754181, -23.673529 ], [ -46.753508, -23.673764 ] ] ] } },
{ "type": "Feature", "properties": { "CD_SETOR": "355030846000166", "faces": 1, "pavimentada": 100.0, "bueiro": 100.0, "iluminacao": 100.0, "onibus": 100.0, "ciclovia": 0.0, "calcada": 100.0, "obstaculo": 0.0, "rampa": 100.0, "rampa_faces": 100.0, "sem_calcada": 0.0, "sem_arvore": 0.0, "muitas_arvores": 100.0, "vao": 0.0, "V05400": 1, "V05421": 1, "V05406": 1, "V05412": 1, "V05422": 0, "V05424": 0, "V05427": 1, "V05409": 1, "V05415": 1, "V05418": 0, "V05430": 0, "V05433": 1, "criancas_0a4": 26, "em_favela": false }, "geometry": { "type": "Polygon", "coordinates": [ [ [ -46.753286, -23.674955 ], [ -46.753588, -23.675744 ], [ -46.753508, -23.675812 ], [ -46.754124, -23.675725 ], [ -46.754233, -23.675643 ], [ -46.753848, -23.674613 ], [ -46.754112, -23.674522 ], [ -46.753863, -23.673892 ], [ -46.7536, -23.67399 ], [ -46.753508, -23.673764 ], [ -46.753034, -23.673929 ], [ -46.753286, -23.674955 ] ] ] } },
{ "type": "Feature", "properties": { "CD_SETOR": "355030846000167", "faces": 1, "pavimentada": 100.0, "bueiro": 100.0, "iluminacao": 100.0, "onibus": 100.0, "ciclovia": 0.0, "calcada": 100.0, "obstaculo": 0.0, "rampa": 100.0, "rampa_faces": 100.0, "sem_calcada": 0.0, "sem_arvore": 0.0, "muitas_arvores": 100.0, "vao": 0.0, "V05400": 1, "V05421": 1, "V05406": 1, "V05412": 1, "V05422": 0, "V05424": 0, "V05427": 1, "V05409": 1, "V05415": 1, "V05418": 0, "V05430": 0, "V05433": 1, "criancas_0a4": 19, "em_favela": false }, "geometry": { "type": "Polygon", "coordinates": [ [ [ -46.752235, -23.675324 ], [ -46.752303, -23.675856 ], [ -46.753508, -23.675812 ], [ -46.753588, -23.675744 ], [ -46.753286, -23.674955 ], [ -46.752235, -23.675324 ] ] ] } },
{ "type": "Feature", "properties": { "CD_SETOR": "355030846000168", "faces": 8, "pavimentada": 100.0, "bueiro": 75.0, "iluminacao": 100.0, "onibus": 0.0, "ciclovia": 0.0, "calcada": 50.0, "obstaculo": 100.0, "rampa": 0.0, "rampa_faces": 0.0, "sem_calcada": 50.0, "sem_arvore": 25.0, "muitas_arvores": 37.5, "vao": 100.0, "V05400": 8, "V05421": 4, "V05406": 8, "V05412": 8, "V05422": 4, "V05424": 4, "V05427": 0, "V05409": 6, "V05415": 0, "V05418": 0, "V05430": 2, "V05433": 3, "criancas_0a4": 22, "em_favela": true }, "geometry": { "type": "Polygon", "coordinates": [ [ [ -46.756107, -23.67266 ], [ -46.754966, -23.673207 ], [ -46.754989, -23.673259 ], [ -46.755463, -23.673301 ], [ -46.755615, -23.673241 ], [ -46.755808, -23.674061 ], [ -46.756249, -23.674073 ], [ -46.7563, -23.673191 ], [ -46.756352, -23.673094 ], [ -46.756107, -23.67266 ] ] ] } },
{ "type": "Feature", "properties": { "CD_SETOR": "355030846000169", "faces": 17, "pavimentada": 100.0, "bueiro": 76.47, "iluminacao": 100.0, "onibus": 5.88, "ciclovia": 0.0, "calcada": 70.59, "obstaculo": 75.0, "rampa": 25.0, "rampa_faces": 17.65, "sem_calcada": 29.41, "sem_arvore": 47.06, "muitas_arvores": 11.76, "vao": 82.35, "V05400": 17, "V05421": 12, "V05406": 17, "V05412": 17, "V05422": 5, "V05424": 9, "V05427": 3, "V05409": 13, "V05415": 1, "V05418": 0, "V05430": 8, "V05433": 2, "criancas_0a4": 30, "em_favela": false }, "geometry": { "type": "Polygon", "coordinates": [ [ [ -46.755091, -23.672091 ], [ -46.755359, -23.672504 ], [ -46.755209, -23.672582 ], [ -46.755454, -23.672992 ], [ -46.756806, -23.672296 ], [ -46.757092, -23.671999 ], [ -46.757326, -23.671859 ], [ -46.75656, -23.670785 ], [ -46.755652, -23.671263 ], [ -46.755912, -23.671661 ], [ -46.755091, -23.672091 ] ] ] } },
{ "type": "Feature", "properties": { "CD_SETOR": "355030846000170", "faces": 14, "pavimentada": 100.0, "bueiro": 57.14, "iluminacao": 100.0, "onibus": 14.29, "ciclovia": 0.0, "calcada": 85.71, "obstaculo": 91.67, "rampa": 0.0, "rampa_faces": 0.0, "sem_calcada": 14.29, "sem_arvore": 28.57, "muitas_arvores": 21.43, "vao": 100.0, "V05400": 14, "V05421": 12, "V05406": 14, "V05412": 14, "V05422": 2, "V05424": 11, "V05427": 0, "V05409": 8, "V05415": 2, "V05418": 0, "V05430": 4, "V05433": 3, "criancas_0a4": 49, "em_favela": false }, "geometry": { "type": "Polygon", "coordinates": [ [ [ -46.75586, -23.669906 ], [ -46.754857, -23.670414 ], [ -46.754763, -23.670542 ], [ -46.753455, -23.671137 ], [ -46.753483, -23.671529 ], [ -46.753811, -23.672219 ], [ -46.75411, -23.672065 ], [ -46.754337, -23.672479 ], [ -46.755912, -23.671661 ], [ -46.755652, -23.671263 ], [ -46.75656, -23.670785 ], [ -46.756347, -23.670499 ], [ -46.756198, -23.670388 ], [ -46.75586, -23.669906 ] ] ] } },
{ "type": "Feature", "properties": { "CD_SETOR": "355030846000171", "faces": 14, "pavimentada": 100.0, "bueiro": 28.57, "iluminacao": 100.0, "onibus": 0.0, "ciclovia": 0.0, "calcada": 64.29, "obstaculo": 88.89, "rampa": 0.0, "rampa_faces": 0.0, "sem_calcada": 35.71, "sem_arvore": 57.14, "muitas_arvores": 14.29, "vao": 100.0, "V05400": 14, "V05421": 9, "V05406": 14, "V05412": 14, "V05422": 5, "V05424": 8, "V05427": 0, "V05409": 4, "V05415": 0, "V05418": 0, "V05430": 8, "V05433": 2, "criancas_0a4": 27, "em_favela": false }, "geometry": { "type": "Polygon", "coordinates": [ [ [ -46.754494, -23.668664 ], [ -46.75515, -23.669823 ], [ -46.755408, -23.670122 ], [ -46.75643, -23.669631 ], [ -46.755332, -23.6677 ], [ -46.755217, -23.667794 ], [ -46.755148, -23.66793 ], [ -46.754991, -23.668425 ], [ -46.754494, -23.668664 ] ] ] } },
{ "type": "Feature", "properties": { "CD_SETOR": "355030846000172", "faces": 13, "pavimentada": 100.0, "bueiro": 76.92, "iluminacao": 100.0, "onibus": 0.0, "ciclovia": 0.0, "calcada": 61.54, "obstaculo": 100.0, "rampa": 0.0, "rampa_faces": 0.0, "sem_calcada": 38.46, "sem_arvore": 53.85, "muitas_arvores": 23.08, "vao": 100.0, "V05400": 13, "V05421": 8, "V05406": 13, "V05412": 13, "V05422": 5, "V05424": 8, "V05427": 0, "V05409": 10, "V05415": 0, "V05418": 0, "V05430": 7, "V05433": 3, "criancas_0a4": 23, "em_favela": true }, "geometry": { "type": "Polygon", "coordinates": [ [ [ -46.75305, -23.6691 ], [ -46.752915, -23.669393 ], [ -46.752769, -23.669548 ], [ -46.752686, -23.669569 ], [ -46.75271, -23.66977 ], [ -46.752786, -23.669882 ], [ -46.75284, -23.66989 ], [ -46.753012, -23.669731 ], [ -46.753173, -23.669751 ], [ -46.7534, -23.670677 ], [ -46.75355, -23.670533 ], [ -46.753833, -23.669809 ], [ -46.754105, -23.669635 ], [ -46.753586, -23.66873 ], [ -46.75305, -23.6691 ] ] ] } },
{ "type": "Feature", "properties": { "CD_SETOR": "355030846000173", "faces": 10, "pavimentada": 100.0, "bueiro": 80.0, "iluminacao": 100.0, "onibus": 0.0, "ciclovia": 0.0, "calcada": 100.0, "obstaculo": 100.0, "rampa": 10.0, "rampa_faces": 10.0, "sem_calcada": 0.0, "sem_arvore": 10.0, "muitas_arvores": 20.0, "vao": 90.0, "V05400": 10, "V05421": 10, "V05406": 10, "V05412": 10, "V05422": 0, "V05424": 10, "V05427": 1, "V05409": 8, "V05415": 0, "V05418": 0, "V05430": 1, "V05433": 2, "criancas_0a4": 43, "em_favela": true }, "geometry": { "type": "Polygon", "coordinates": [ [ [ -46.753898, -23.667934 ], [ -46.753996, -23.668218 ], [ -46.753998, -23.668384 ], [ -46.753586, -23.66873 ], [ -46.754105, -23.669635 ], [ -46.754305, -23.669538 ], [ -46.754137, -23.669189 ], [ -46.754161, -23.66888 ], [ -46.754295, -23.668756 ], [ -46.754991, -23.668425 ], [ -46.755148, -23.66793 ], [ -46.755217, -23.667794 ], [ -46.755332, -23.6677 ], [ -46.754449, -23.667397 ], [ -46.754431, -23.667639 ], [ -46.754187, -23.667713 ], [ -46.75417, -23.667841 ], [ -46.754104, -23.667899 ], [ -46.753898, -23.667934 ] ] ] } },
{ "type": "Feature", "properties": { "CD_SETOR": "355030846000174", "faces": 16, "pavimentada": 100.0, "bueiro": 43.75, "iluminacao": 100.0, "onibus": 12.5, "ciclovia": 0.0, "calcada": 87.5, "obstaculo": 100.0, "rampa": 0.0, "rampa_faces": 0.0, "sem_calcada": 12.5, "sem_arvore": 12.5, "muitas_arvores": 31.25, "vao": 100.0, "V05400": 16, "V05421": 14, "V05406": 16, "V05412": 16, "V05422": 2, "V05424": 14, "V05427": 0, "V05409": 7, "V05415": 2, "V05418": 0, "V05430": 2, "V05433": 5, "criancas_0a4": 43, "em_favela": false }, "geometry": { "type": "Polygon", "coordinates": [ [ [ -46.757153, -23.664915 ], [ -46.755578, -23.665694 ], [ -46.755308, -23.665199 ], [ -46.754214, -23.665721 ], [ -46.754786, -23.666709 ], [ -46.757423, -23.665433 ], [ -46.757518, -23.665356 ], [ -46.757848, -23.664854 ], [ -46.757896, -23.664671 ], [ -46.757579, -23.664276 ], [ -46.757153, -23.664915 ] ] ] } },
{ "type": "Feature", "properties": { "CD_SETOR": "355030846000175", "faces": 20, "pavimentada": 100.0, "bueiro": 70.0, "iluminacao": 100.0, "onibus": 0.0, "ciclovia": 0.0, "calcada": 65.0, "obstaculo": 100.0, "rampa": 0.0, "rampa_faces": 0.0, "sem_calcada": 35.0, "sem_arvore": 35.0, "muitas_arvores": 30.0, "vao": 100.0, "V05400": 20, "V05421": 13, "V05406": 20, "V05412": 20, "V05422": 7, "V05424": 13, "V05427": 0, "V05409": 14, "V05415": 0, "V05418": 0, "V05430": 7, "V05433": 6, "criancas_0a4": 44, "em_favela": false }, "geometry": { "type": "Polygon", "coordinates": [ [ [ -46.75621, -23.664117 ], [ -46.754558, -23.664973 ], [ -46.75393, -23.66521 ], [ -46.754214, -23.665721 ], [ -46.755308, -23.665199 ], [ -46.755578, -23.665694 ], [ -46.75687, -23.665076 ], [ -46.75654, -23.664602 ], [ -46.756325, -23.664161 ], [ -46.75621, -23.664117 ] ] ] } },
{ "type": "Feature", "properties": { "CD_SETOR": "355030846000176", "faces": 7, "pavimentada": 100.0, "bueiro": 57.14, "iluminacao": 100.0, "onibus": 0.0, "ciclovia": 0.0, "calcada": 85.71, "obstaculo": 100.0, "rampa": 0.0, "rampa_faces": 0.0, "sem_calcada": 14.29, "sem_arvore": 14.29, "muitas_arvores": 42.86, "vao": 100.0, "V05400": 7, "V05421": 6, "V05406": 7, "V05412": 7, "V05422": 1, "V05424": 6, "V05427": 0, "V05409": 4, "V05415": 0, "V05418": 0, "V05430": 1, "V05433": 3, "criancas_0a4": 33, "em_favela": false }, "geometry": { "type": "Polygon", "coordinates": [ [ [ -46.753455, -23.664393 ], [ -46.75393, -23.66521 ], [ -46.754558, -23.664973 ], [ -46.755034, -23.664703 ], [ -46.754501, -23.663852 ], [ -46.754345, -23.663753 ], [ -46.753706, -23.663577 ], [ -46.753455, -23.664393 ] ] ] } },
{ "type": "Feature", "properties": { "CD_SETOR": "355030846000177", "faces": 21, "pavimentada": 100.0, "bueiro": 47.62, "iluminacao": 100.0, "onibus": 0.0, "ciclovia": 0.0, "calcada": 76.19, "obstaculo": 100.0, "rampa": 6.25, "rampa_faces": 4.76, "sem_calcada": 23.81, "sem_arvore": 28.57, "muitas_arvores": 28.57, "vao": 95.24, "V05400": 21, "V05421": 16, "V05406": 21, "V05412": 21, "V05422": 5, "V05424": 16, "V05427": 1, "V05409": 10, "V05415": 0, "V05418": 0, "V05430": 6, "V05433": 6, "criancas_0a4": 53, "em_favela": false }, "geometry": { "type": "Polygon", "coordinates": [ [ [ -46.753706, -23.663577 ], [ -46.754345, -23.663753 ], [ -46.754501, -23.663852 ], [ -46.755034, -23.664703 ], [ -46.755564, -23.66444 ], [ -46.755366, -23.664091 ], [ -46.755609, -23.663848 ], [ -46.756557, -23.663345 ], [ -46.756077, -23.663166 ], [ -46.754028, -23.662602 ], [ -46.753706, -23.663577 ] ] ] } },
{ "type": "Feature", "properties": { "CD_SETOR": "355030846000179", "faces": 20, "pavimentada": 100.0, "bueiro": 30.0, "iluminacao": 100.0, "onibus": 35.0, "ciclovia": 0.0, "calcada": 100.0, "obstaculo": 90.0, "rampa": 15.0, "rampa_faces": 15.0, "sem_calcada": 0.0, "sem_arvore": 25.0, "muitas_arvores": 60.0, "vao": 85.0, "V05400": 20, "V05421": 20, "V05406": 20, "V05412": 20, "V05422": 0, "V05424": 18, "V05427": 3, "V05409": 6, "V05415": 7, "V05418": 0, "V05430": 5, "V05433": 12, "criancas_0a4": 43, "em_favela": false }, "geometry": { "type": "Polygon", "coordinates": [ [ [ -46.753809, -23.661243 ], [ -46.753421, -23.662418 ], [ -46.756077, -23.663166 ], [ -46.756557, -23.663345 ], [ -46.756577, -23.662659 ], [ -46.756813, -23.661721 ], [ -46.756636, -23.661835 ], [ -46.756131, -23.661994 ], [ -46.755618, -23.661973 ], [ -46.755408, -23.661938 ], [ -46.75505, -23.661766 ], [ -46.754344, -23.661144 ], [ -46.754125, -23.661093 ], [ -46.753809, -23.661243 ] ] ] } },
{ "type": "Feature", "properties": { "CD_SETOR": "355030846000183", "faces": 12, "pavimentada": 100.0, "bueiro": 8.33, "iluminacao": 100.0, "onibus": 0.0, "ciclovia": 0.0, "calcada": 83.33, "obstaculo": 80.0, "rampa": 0.0, "rampa_faces": 0.0, "sem_calcada": 16.67, "sem_arvore": 25.0, "muitas_arvores": 25.0, "vao": 100.0, "V05400": 12, "V05421": 10, "V05406": 12, "V05412": 12, "V05422": 2, "V05424": 8, "V05427": 0, "V05409": 1, "V05415": 0, "V05418": 0, "V05430": 3, "V05433": 3, "criancas_0a4": 21, "em_favela": false }, "geometry": { "type": "Polygon", "coordinates": [ [ [ -46.749947, -23.658484 ], [ -46.751916, -23.65847 ], [ -46.752009, -23.65833 ], [ -46.751599, -23.658127 ], [ -46.752256, -23.657343 ], [ -46.753294, -23.657894 ], [ -46.753095, -23.657295 ], [ -46.753001, -23.656825 ], [ -46.752508, -23.656371 ], [ -46.75225, -23.65651 ], [ -46.751643, -23.656892 ], [ -46.750104, -23.658421 ], [ -46.749947, -23.658484 ] ] ] } },
{ "type": "Feature", "properties": { "CD_SETOR": "355030846000188", "faces": 7, "pavimentada": 100.0, "bueiro": 28.57, "iluminacao": 100.0, "onibus": 28.57, "ciclovia": 0.0, "calcada": 100.0, "obstaculo": 57.14, "rampa": 28.57, "rampa_faces": 28.57, "sem_calcada": 0.0, "sem_arvore": 14.29, "muitas_arvores": 71.43, "vao": 71.43, "V05400": 7, "V05421": 7, "V05406": 7, "V05412": 7, "V05422": 0, "V05424": 4, "V05427": 2, "V05409": 2, "V05415": 2, "V05418": 0, "V05430": 1, "V05433": 5, "criancas_0a4": 21, "em_favela": false }, "geometry": { "type": "Polygon", "coordinates": [ [ [ -46.747436, -23.653812 ], [ -46.747132, -23.656027 ], [ -46.748617, -23.656033 ], [ -46.748807, -23.655941 ], [ -46.749287, -23.655021 ], [ -46.749672, -23.654969 ], [ -46.750049, -23.654801 ], [ -46.74947, -23.653855 ], [ -46.749132, -23.653953 ], [ -46.748829, -23.653932 ], [ -46.748542, -23.654003 ], [ -46.748191, -23.654294 ], [ -46.748094, -23.654323 ], [ -46.748012, -23.654305 ], [ -46.747436, -23.653812 ] ] ] } },
{ "type": "Feature", "properties": { "CD_SETOR": "355030846000192", "faces": 15, "pavimentada": 100.0, "bueiro": 53.33, "iluminacao": 100.0, "onibus": 20.0, "ciclovia": 0.0, "calcada": 80.0, "obstaculo": 83.33, "rampa": 0.0, "rampa_faces": 0.0, "sem_calcada": 20.0, "sem_arvore": 66.67, "muitas_arvores": 20.0, "vao": 100.0, "V05400": 15, "V05421": 12, "V05406": 15, "V05412": 15, "V05422": 3, "V05424": 10, "V05427": 0, "V05409": 8, "V05415": 3, "V05418": 0, "V05430": 10, "V05433": 3, "criancas_0a4": 29, "em_favela": false }, "geometry": { "type": "Polygon", "coordinates": [ [ [ -46.742353, -23.655024 ], [ -46.741122, -23.655464 ], [ -46.741377, -23.656406 ], [ -46.741811, -23.656306 ], [ -46.741894, -23.65658 ], [ -46.742719, -23.656391 ], [ -46.742915, -23.657055 ], [ -46.743287, -23.65678 ], [ -46.743462, -23.656321 ], [ -46.743721, -23.656418 ], [ -46.744168, -23.65641 ], [ -46.744065, -23.65495 ], [ -46.744034, -23.654819 ], [ -46.743899, -23.654636 ], [ -46.743775, -23.654889 ], [ -46.743525, -23.655208 ], [ -46.743598, -23.655219 ], [ -46.743497, -23.655825 ], [ -46.742554, -23.655783 ], [ -46.742353, -23.655024 ] ] ] } },
{ "type": "Feature", "properties": { "CD_SETOR": "355030846000193", "faces": 2, "pavimentada": 100.0, "bueiro": 100.0, "iluminacao": 100.0, "onibus": 50.0, "ciclovia": 0.0, "calcada": 100.0, "obstaculo": 0.0, "rampa": 0.0, "rampa_faces": 0.0, "sem_calcada": 0.0, "sem_arvore": 100.0, "muitas_arvores": 0.0, "vao": 100.0, "V05400": 2, "V05421": 2, "V05406": 2, "V05412": 2, "V05422": 0, "V05424": 0, "V05427": 0, "V05409": 2, "V05415": 1, "V05418": 0, "V05430": 2, "V05433": 0, "criancas_0a4": 35, "em_favela": false }, "geometry": { "type": "Polygon", "coordinates": [ [ [ -46.742353, -23.655024 ], [ -46.742554, -23.655783 ], [ -46.743497, -23.655825 ], [ -46.743598, -23.655219 ], [ -46.743525, -23.655208 ], [ -46.743775, -23.654889 ], [ -46.743899, -23.654636 ], [ -46.743896, -23.654449 ], [ -46.742353, -23.655024 ] ] ] } },
{ "type": "Feature", "properties": { "CD_SETOR": "355030846000194", "faces": 28, "pavimentada": 100.0, "bueiro": 10.71, "iluminacao": 100.0, "onibus": 14.29, "ciclovia": 3.57, "calcada": 96.43, "obstaculo": 85.19, "rampa": 7.41, "rampa_faces": 7.14, "sem_calcada": 3.57, "sem_arvore": 35.71, "muitas_arvores": 0.0, "vao": 92.86, "V05400": 28, "V05421": 27, "V05406": 28, "V05412": 28, "V05422": 1, "V05424": 23, "V05427": 2, "V05409": 3, "V05415": 4, "V05418": 1, "V05430": 10, "V05433": 0, "criancas_0a4": 13, "em_favela": false }, "geometry": { "type": "Polygon", "coordinates": [ [ [ -46.739524, -23.655846 ], [ -46.739757, -23.656421 ], [ -46.740258, -23.656676 ], [ -46.741028, -23.657379 ], [ -46.741503, -23.657645 ], [ -46.741646, -23.657649 ], [ -46.741715, -23.657583 ], [ -46.741952, -23.657714 ], [ -46.742312, -23.657369 ], [ -46.742915, -23.657055 ], [ -46.742719, -23.656391 ], [ -46.741894, -23.65658 ], [ -46.741811, -23.656306 ], [ -46.741377, -23.656406 ], [ -46.741122, -23.655464 ], [ -46.739524, -23.655846 ] ] ] } },
{ "type": "Feature", "properties": { "CD_SETOR": "355030846000196", "faces": 11, "pavimentada": 100.0, "bueiro": 100.0, "iluminacao": 100.0, "onibus": 18.18, "ciclovia": 0.0, "calcada": 100.0, "obstaculo": 90.91, "rampa": 18.18, "rampa_faces": 18.18, "sem_calcada": 0.0, "sem_arvore": 9.09, "muitas_arvores": 63.64, "vao": 81.82, "V05400": 11, "V05421": 11, "V05406": 11, "V05412": 11, "V05422": 0, "V05424": 10, "V05427": 2, "V05409": 11, "V05415": 2, "V05418": 0, "V05430": 1, "V05433": 7, "criancas_0a4": 20, "em_favela": false }, "geometry": { "type": "Polygon", "coordinates": [ [ [ -46.736788, -23.657097 ], [ -46.736475, -23.655758 ], [ -46.737119, -23.655647 ], [ -46.737467, -23.65695 ], [ -46.737375, -23.657283 ], [ -46.738292, -23.657571 ], [ -46.738674, -23.657178 ], [ -46.738026, -23.656573 ], [ -46.737461, -23.65625 ], [ -46.737198, -23.65526 ], [ -46.736409, -23.653308 ], [ -46.735604, -23.65334 ], [ -46.734344, -23.653109 ], [ -46.735166, -23.653863 ], [ -46.735614, -23.654654 ], [ -46.735767, -23.655412 ], [ -46.735834, -23.656273 ], [ -46.735806, -23.656415 ], [ -46.735869, -23.656808 ], [ -46.736788, -23.657097 ] ] ] } },
{ "type": "Feature", "properties": { "CD_SETOR": "355030846000198", "faces": 17, "pavimentada": 100.0, "bueiro": 58.82, "iluminacao": 100.0, "onibus": 23.53, "ciclovia": 0.0, "calcada": 64.71, "obstaculo": 100.0, "rampa": 0.0, "rampa_faces": 0.0, "sem_calcada": 35.29, "sem_arvore": 41.18, "muitas_arvores": 11.76, "vao": 100.0, "V05400": 17, "V05421": 11, "V05406": 17, "V05412": 17, "V05422": 6, "V05424": 11, "V05427": 0, "V05409": 10, "V05415": 4, "V05418": 0, "V05430": 7, "V05433": 2, "criancas_0a4": 65, "em_favela": false }, "geometry": { "type": "Polygon", "coordinates": [ [ [ -46.731052, -23.659987 ], [ -46.730751, -23.661051 ], [ -46.730698, -23.661094 ], [ -46.731005, -23.661441 ], [ -46.731478, -23.661054 ], [ -46.731629, -23.66054 ], [ -46.731867, -23.660193 ], [ -46.731952, -23.660276 ], [ -46.732011, -23.660911 ], [ -46.732265, -23.661232 ], [ -46.732556, -23.661343 ], [ -46.732883, -23.661357 ], [ -46.733331, -23.661224 ], [ -46.732912, -23.660807 ], [ -46.733008, -23.660652 ], [ -46.732981, -23.659674 ], [ -46.733026, -23.659565 ], [ -46.732599, -23.659271 ], [ -46.731182, -23.659872 ], [ -46.731052, -23.659987 ] ] ] } },
{ "type": "Feature", "properties": { "CD_SETOR": "355030846000202", "faces": 3, "pavimentada": 100.0, "bueiro": 100.0, "iluminacao": 100.0, "onibus": 33.33, "ciclovia": 66.67, "calcada": 100.0, "obstaculo": 66.67, "rampa": 33.33, "rampa_faces": 33.33, "sem_calcada": 0.0, "sem_arvore": 33.33, "muitas_arvores": 66.67, "vao": 66.67, "V05400": 3, "V05421": 3, "V05406": 3, "V05412": 3, "V05422": 0, "V05424": 2, "V05427": 1, "V05409": 3, "V05415": 1, "V05418": 2, "V05430": 1, "V05433": 2, "criancas_0a4": 37, "em_favela": false }, "geometry": { "type": "Polygon", "coordinates": [ [ [ -46.729258, -23.665052 ], [ -46.729817, -23.665072 ], [ -46.729879, -23.665213 ], [ -46.730032, -23.665204 ], [ -46.730906, -23.664531 ], [ -46.731016, -23.664401 ], [ -46.730654, -23.664136 ], [ -46.73017, -23.663925 ], [ -46.729326, -23.663706 ], [ -46.729258, -23.665052 ] ] ] } },
{ "type": "Feature", "properties": { "CD_SETOR": "355030846000209", "faces": 23, "pavimentada": 100.0, "bueiro": 39.13, "iluminacao": 100.0, "onibus": 13.04, "ciclovia": 0.0, "calcada": 100.0, "obstaculo": 95.65, "rampa": 4.35, "rampa_faces": 4.35, "sem_calcada": 0.0, "sem_arvore": 8.7, "muitas_arvores": 39.13, "vao": 95.65, "V05400": 23, "V05421": 23, "V05406": 23, "V05412": 23, "V05422": 0, "V05424": 22, "V05427": 1, "V05409": 9, "V05415": 3, "V05418": 0, "V05430": 2, "V05433": 9, "criancas_0a4": 33, "em_favela": false }, "geometry": { "type": "Polygon", "coordinates": [ [ [ -46.759976, -23.670721 ], [ -46.758492, -23.671127 ], [ -46.757717, -23.671488 ], [ -46.758877, -23.673096 ], [ -46.75975, -23.672549 ], [ -46.759852, -23.671535 ], [ -46.759982, -23.671251 ], [ -46.760322, -23.670813 ], [ -46.759976, -23.670721 ] ] ] } },
{ "type": "Feature", "properties": { "CD_SETOR": "355030846000211", "faces": 20, "pavimentada": 100.0, "bueiro": 65.0, "iluminacao": 100.0, "onibus": 10.0, "ciclovia": 0.0, "calcada": 100.0, "obstaculo": 100.0, "rampa": 0.0, "rampa_faces": 0.0, "sem_calcada": 0.0, "sem_arvore": 40.0, "muitas_arvores": 30.0, "vao": 100.0, "V05400": 20, "V05421": 20, "V05406": 20, "V05412": 20, "V05422": 0, "V05424": 20, "V05427": 0, "V05409": 13, "V05415": 2, "V05418": 0, "V05430": 8, "V05433": 6, "criancas_0a4": 39, "em_favela": false }, "geometry": { "type": "Polygon", "coordinates": [ [ [ -46.759922, -23.668576 ], [ -46.759011, -23.668726 ], [ -46.757835, -23.669508 ], [ -46.759777, -23.670746 ], [ -46.759976, -23.670721 ], [ -46.760322, -23.670813 ], [ -46.760508, -23.67064 ], [ -46.760029, -23.669873 ], [ -46.759922, -23.668576 ] ] ] } },
{ "type": "Feature", "properties": { "CD_SETOR": "355030846000213", "faces": 13, "pavimentada": 100.0, "bueiro": 15.38, "iluminacao": 100.0, "onibus": 0.0, "ciclovia": 0.0, "calcada": 61.54, "obstaculo": 100.0, "rampa": 0.0, "rampa_faces": 0.0, "sem_calcada": 38.46, "sem_arvore": 23.08, "muitas_arvores": 15.38, "vao": 100.0, "V05400": 13, "V05421": 8, "V05406": 13, "V05412": 13, "V05422": 5, "V05424": 8, "V05427": 0, "V05409": 2, "V05415": 0, "V05418": 0, "V05430": 3, "V05433": 2, "criancas_0a4": 53, "em_favela": false }, "geometry": { "type": "Polygon", "coordinates": [ [ [ -46.757533, -23.66759 ], [ -46.755765, -23.668453 ], [ -46.756136, -23.669131 ], [ -46.757093, -23.668683 ], [ -46.758464, -23.667771 ], [ -46.758572, -23.667793 ], [ -46.758178, -23.66718 ], [ -46.757533, -23.66759 ] ] ] } },
{ "type": "Feature", "properties": { "CD_SETOR": "355030846000216", "faces": 15, "pavimentada": 100.0, "bueiro": 60.0, "iluminacao": 100.0, "onibus": 20.0, "ciclovia": 0.0, "calcada": 93.33, "obstaculo": 100.0, "rampa": 0.0, "rampa_faces": 0.0, "sem_calcada": 6.67, "sem_arvore": 26.67, "muitas_arvores": 40.0, "vao": 100.0, "V05400": 15, "V05421": 14, "V05406": 15, "V05412": 15, "V05422": 1, "V05424": 14, "V05427": 0, "V05409": 9, "V05415": 3, "V05418": 0, "V05430": 4, "V05433": 6, "criancas_0a4": 57, "em_favela": false }, "geometry": { "type": "Polygon", "coordinates": [ [ [ -46.757029, -23.661515 ], [ -46.756813, -23.661721 ], [ -46.756577, -23.662659 ], [ -46.756557, -23.663345 ], [ -46.756666, -23.663286 ], [ -46.756854, -23.663509 ], [ -46.75682, -23.66363 ], [ -46.756868, -23.663807 ], [ -46.757284, -23.663966 ], [ -46.757523, -23.664186 ], [ -46.758326, -23.663643 ], [ -46.757851, -23.663062 ], [ -46.757681, -23.662506 ], [ -46.757029, -23.661515 ] ] ] } },
{ "type": "Feature", "properties": { "CD_SETOR": "355030846000218", "faces": 7, "pavimentada": 100.0, "bueiro": 42.86, "iluminacao": 100.0, "onibus": 0.0, "ciclovia": 0.0, "calcada": 71.43, "obstaculo": 100.0, "rampa": 0.0, "rampa_faces": 0.0, "sem_calcada": 28.57, "sem_arvore": 42.86, "muitas_arvores": 0.0, "vao": 100.0, "V05400": 7, "V05421": 5, "V05406": 7, "V05412": 7, "V05422": 2, "V05424": 5, "V05427": 0, "V05409": 3, "V05415": 0, "V05418": 0, "V05430": 3, "V05433": 0, "criancas_0a4": 29, "em_favela": false }, "geometry": { "type": "Polygon", "coordinates": [ [ [ -46.756536, -23.659642 ], [ -46.756641, -23.659814 ], [ -46.756253, -23.660017 ], [ -46.75516, -23.659752 ], [ -46.755009, -23.660288 ], [ -46.755536, -23.66045 ], [ -46.755701, -23.66057 ], [ -46.755853, -23.660785 ], [ -46.755923, -23.660744 ], [ -46.756059, -23.660507 ], [ -46.756409, -23.660456 ], [ -46.756876, -23.660191 ], [ -46.757225, -23.660649 ], [ -46.757386, -23.660426 ], [ -46.757443, -23.660227 ], [ -46.757364, -23.659844 ], [ -46.757082, -23.659377 ], [ -46.756536, -23.659642 ] ] ] } },
{ "type": "Feature", "properties": { "CD_SETOR": "355030846000220", "faces": 20, "pavimentada": 100.0, "bueiro": 25.0, "iluminacao": 100.0, "onibus": 0.0, "ciclovia": 5.0, "calcada": 30.0, "obstaculo": 83.33, "rampa": 0.0, "rampa_faces": 0.0, "sem_calcada": 70.0, "sem_arvore": 80.0, "muitas_arvores": 10.0, "vao": 100.0, "V05400": 20, "V05421": 6, "V05406": 20, "V05412": 20, "V05422": 14, "V05424": 5, "V05427": 0, "V05409": 5, "V05415": 0, "V05418": 1, "V05430": 16, "V05433": 2, "criancas_0a4": 42, "em_favela": true }, "geometry": { "type": "Polygon", "coordinates": [ [ [ -46.756311, -23.658235 ], [ -46.757364, -23.659844 ], [ -46.757443, -23.660227 ], [ -46.757386, -23.660426 ], [ -46.757148, -23.660729 ], [ -46.75713, -23.660833 ], [ -46.757195, -23.660954 ], [ -46.757415, -23.661114 ], [ -46.757868, -23.660676 ], [ -46.757696, -23.660289 ], [ -46.75765, -23.660037 ], [ -46.757836, -23.659732 ], [ -46.757885, -23.659312 ], [ -46.757471, -23.658754 ], [ -46.757032, -23.658537 ], [ -46.756583, -23.65806 ], [ -46.756311, -23.658235 ] ] ] } },
{ "type": "Feature", "properties": { "CD_SETOR": "355030846000221", "faces": 15, "pavimentada": 100.0, "bueiro": 33.33, "iluminacao": 73.33, "onibus": 0.0, "ciclovia": 0.0, "calcada": 66.67, "obstaculo": 100.0, "rampa": 0.0, "rampa_faces": 0.0, "sem_calcada": 33.33, "sem_arvore": 46.67, "muitas_arvores": 6.67, "vao": 100.0, "V05400": 15, "V05421": 10, "V05406": 15, "V05412": 11, "V05422": 5, "V05424": 10, "V05427": 0, "V05409": 5, "V05415": 0, "V05418": 0, "V05430": 7, "V05433": 1, "criancas_0a4": 71, "em_favela": false }, "geometry": { "type": "Polygon", "coordinates": [ [ [ -46.754843, -23.658502 ], [ -46.754672, -23.659192 ], [ -46.754909, -23.659121 ], [ -46.755343, -23.659189 ], [ -46.756455, -23.659509 ], [ -46.756536, -23.659642 ], [ -46.757082, -23.659377 ], [ -46.755609, -23.657196 ], [ -46.755546, -23.657159 ], [ -46.755193, -23.657653 ], [ -46.755951, -23.658766 ], [ -46.754843, -23.658502 ] ] ] } },
{ "type": "Feature", "properties": { "CD_SETOR": "355030846000222", "faces": 10, "pavimentada": 100.0, "bueiro": 20.0, "iluminacao": 100.0, "onibus": 20.0, "ciclovia": 0.0, "calcada": 90.0, "obstaculo": 77.78, "rampa": 11.11, "rampa_faces": 10.0, "sem_calcada": 10.0, "sem_arvore": 30.0, "muitas_arvores": 50.0, "vao": 90.0, "V05400": 10, "V05421": 9, "V05406": 10, "V05412": 10, "V05422": 1, "V05424": 7, "V05427": 1, "V05409": 2, "V05415": 2, "V05418": 0, "V05430": 3, "V05433": 5, "criancas_0a4": 22, "em_favela": false }, "geometry": { "type": "Polygon", "coordinates": [ [ [ -46.754672, -23.659192 ], [ -46.754308, -23.659626 ], [ -46.754172, -23.65968 ], [ -46.753809, -23.661243 ], [ -46.754255, -23.660648 ], [ -46.755752, -23.661084 ], [ -46.755853, -23.660785 ], [ -46.755701, -23.66057 ], [ -46.755536, -23.66045 ], [ -46.755009, -23.660288 ], [ -46.75516, -23.659752 ], [ -46.756211, -23.660018 ], [ -46.756641, -23.659814 ], [ -46.756455, -23.659509 ], [ -46.755192, -23.659156 ], [ -46.754832, -23.659126 ], [ -46.754672, -23.659192 ] ] ] } },
{ "type": "Feature", "properties": { "CD_SETOR": "355030846000223", "faces": 10, "pavimentada": 100.0, "bueiro": 100.0, "iluminacao": 100.0, "onibus": 0.0, "ciclovia": 0.0, "calcada": 100.0, "obstaculo": 100.0, "rampa": 10.0, "rampa_faces": 10.0, "sem_calcada": 0.0, "sem_arvore": 10.0, "muitas_arvores": 30.0, "vao": 90.0, "V05400": 10, "V05421": 10, "V05406": 10, "V05412": 10, "V05422": 0, "V05424": 10, "V05427": 1, "V05409": 10, "V05415": 0, "V05418": 0, "V05430": 1, "V05433": 3, "criancas_0a4": 29, "em_favela": false }, "geometry": { "type": "Polygon", "coordinates": [ [ [ -46.755496, -23.65613 ], [ -46.754517, -23.657598 ], [ -46.754401, -23.658133 ], [ -46.754403, -23.658388 ], [ -46.755951, -23.658766 ], [ -46.755193, -23.657653 ], [ -46.755546, -23.657159 ], [ -46.755672, -23.656729 ], [ -46.755687, -23.656536 ], [ -46.755496, -23.65613 ] ] ] } },
{ "type": "Feature", "properties": { "CD_SETOR": "355030846000224", "faces": 6, "pavimentada": 50.0, "bueiro": 33.33, "iluminacao": 66.67, "onibus": 0.0, "ciclovia": 0.0, "calcada": 50.0, "obstaculo": 66.67, "rampa": 0.0, "rampa_faces": 0.0, "sem_calcada": 50.0, "sem_arvore": 83.33, "muitas_arvores": 0.0, "vao": 50.0, "V05400": 6, "V05421": 3, "V05406": 3, "V05412": 4, "V05422": 3, "V05424": 2, "V05427": 0, "V05409": 2, "V05415": 0, "V05418": 0, "V05430": 5, "V05433": 0, "criancas_0a4": 12, "em_favela": true }, "geometry": { "type": "Polygon", "coordinates": [ [ [ -46.755818, -23.657502 ], [ -46.756311, -23.658235 ], [ -46.756583, -23.65806 ], [ -46.756533, -23.657888 ], [ -46.756762, -23.657287 ], [ -46.756754, -23.657112 ], [ -46.756387, -23.656683 ], [ -46.756337, -23.656769 ], [ -46.756559, -23.657076 ], [ -46.755818, -23.657502 ] ] ] } },
{ "type": "Feature", "properties": { "CD_SETOR": "355030846000225", "faces": 15, "pavimentada": 80.0, "bueiro": 53.33, "iluminacao": 60.0, "onibus": 6.67, "ciclovia": 0.0, "calcada": 60.0, "obstaculo": 66.67, "rampa": 11.11, "rampa_faces": 6.67, "sem_calcada": 40.0, "sem_arvore": 60.0, "muitas_arvores": 0.0, "vao": 73.33, "V05400": 15, "V05421": 9, "V05406": 12, "V05412": 9, "V05422": 6, "V05424": 6, "V05427": 1, "V05409": 8, "V05415": 1, "V05418": 0, "V05430": 9, "V05433": 0, "criancas_0a4": 37, "em_favela": false }, "geometry": { "type": "Polygon", "coordinates": [ [ [ -46.752367, -23.655206 ], [ -46.75208, -23.655442 ], [ -46.751767, -23.655846 ], [ -46.752006, -23.655927 ], [ -46.752746, -23.655867 ], [ -46.75308, -23.655996 ], [ -46.752508, -23.656371 ], [ -46.753001, -23.656825 ], [ -46.753144, -23.657459 ], [ -46.753244, -23.657409 ], [ -46.753661, -23.65766 ], [ -46.753841, -23.656951 ], [ -46.753678, -23.656691 ], [ -46.753935, -23.656509 ], [ -46.754263, -23.656729 ], [ -46.754339, -23.65649 ], [ -46.753971, -23.655874 ], [ -46.753625, -23.655548 ], [ -46.753175, -23.655304 ], [ -46.752367, -23.655206 ] ] ] } },
{ "type": "Feature", "properties": { "CD_SETOR": "355030846000227", "faces": 8, "pavimentada": 100.0, "bueiro": 100.0, "iluminacao": 100.0, "onibus": 12.5, "ciclovia": 0.0, "calcada": 100.0, "obstaculo": 100.0, "rampa": 12.5, "rampa_faces": 12.5, "sem_calcada": 0.0, "sem_arvore": 62.5, "muitas_arvores": 0.0, "vao": 87.5, "V05400": 8, "V05421": 8, "V05406": 8, "V05412": 8, "V05422": 0, "V05424": 8, "V05427": 1, "V05409": 8, "V05415": 1, "V05418": 0, "V05430": 5, "V05433": 0, "criancas_0a4": 23, "em_favela": false }, "geometry": { "type": "Polygon", "coordinates": [ [ [ -46.744034, -23.654819 ], [ -46.744136, -23.655792 ], [ -46.745575, -23.655894 ], [ -46.745772, -23.65459 ], [ -46.746198, -23.653119 ], [ -46.745635, -23.652782 ], [ -46.745395, -23.653159 ], [ -46.744034, -23.654819 ] ] ] } },
{ "type": "Feature", "properties": { "CD_SETOR": "355030846000228", "faces": 19, "pavimentada": 100.0, "bueiro": 36.84, "iluminacao": 100.0, "onibus": 26.32, "ciclovia": 0.0, "calcada": 84.21, "obstaculo": 43.75, "rampa": 0.0, "rampa_faces": 0.0, "sem_calcada": 15.79, "sem_arvore": 84.21, "muitas_arvores": 0.0, "vao": 100.0, "V05400": 19, "V05421": 16, "V05406": 19, "V05412": 19, "V05422": 3, "V05424": 7, "V05427": 0, "V05409": 7, "V05415": 5, "V05418": 0, "V05430": 16, "V05433": 0, "criancas_0a4": 36, "em_favela": false }, "geometry": { "type": "Polygon", "coordinates": [ [ [ -46.741839, -23.653364 ], [ -46.742002, -23.653898 ], [ -46.743641, -23.653487 ], [ -46.743887, -23.654352 ], [ -46.743899, -23.654636 ], [ -46.744034, -23.654819 ], [ -46.745395, -23.653159 ], [ -46.745635, -23.652782 ], [ -46.744788, -23.652316 ], [ -46.743991, -23.652781 ], [ -46.741839, -23.653364 ] ] ] } },
{ "type": "Feature", "properties": { "CD_SETOR": "355030846000229", "faces": 16, "pavimentada": 100.0, "bueiro": 18.75, "iluminacao": 100.0, "onibus": 31.25, "ciclovia": 6.25, "calcada": 100.0, "obstaculo": 75.0, "rampa": 18.75, "rampa_faces": 18.75, "sem_calcada": 0.0, "sem_arvore": 31.25, "muitas_arvores": 12.5, "vao": 81.25, "V05400": 16, "V05421": 16, "V05406": 16, "V05412": 16, "V05422": 0, "V05424": 12, "V05427": 3, "V05409": 3, "V05415": 5, "V05418": 1, "V05430": 5, "V05433": 2, "criancas_0a4": 29, "em_favela": false }, "geometry": { "type": "Polygon", "coordinates": [ [ [ -46.741234, -23.653507 ], [ -46.74095, -23.654204 ], [ -46.741122, -23.655464 ], [ -46.743896, -23.654449 ], [ -46.743641, -23.653487 ], [ -46.742002, -23.653898 ], [ -46.741839, -23.653364 ], [ -46.741234, -23.653507 ] ] ] } },
{ "type": "Feature", "properties": { "CD_SETOR": "355030846000230", "faces": 27, "pavimentada": 100.0, "bueiro": 18.52, "iluminacao": 100.0, "onibus": 14.81, "ciclovia": 0.0, "calcada": 100.0, "obstaculo": 100.0, "rampa": 0.0, "rampa_faces": 0.0, "sem_calcada": 0.0, "sem_arvore": 59.26, "muitas_arvores": 3.7, "vao": 100.0, "V05400": 27, "V05421": 27, "V05406": 27, "V05412": 27, "V05422": 0, "V05424": 27, "V05427": 0, "V05409": 5, "V05415": 4, "V05418": 0, "V05430": 16, "V05433": 1, "criancas_0a4": 17, "em_favela": false }, "geometry": { "type": "Polygon", "coordinates": [ [ [ -46.739047, -23.655768 ], [ -46.739524, -23.655846 ], [ -46.741122, -23.655464 ], [ -46.740948, -23.654242 ], [ -46.741192, -23.653588 ], [ -46.738537, -23.654626 ], [ -46.738463, -23.654754 ], [ -46.73846, -23.6549 ], [ -46.739047, -23.655768 ] ] ] } },
{ "type": "Feature", "properties": { "CD_SETOR": "355030846000231", "faces": 7, "pavimentada": 100.0, "bueiro": 42.86, "iluminacao": 85.71, "onibus": 0.0, "ciclovia": 0.0, "calcada": 85.71, "obstaculo": 83.33, "rampa": 0.0, "rampa_faces": 0.0, "sem_calcada": 14.29, "sem_arvore": 42.86, "muitas_arvores": 28.57, "vao": 100.0, "V05400": 7, "V05421": 6, "V05406": 7, "V05412": 6, "V05422": 1, "V05424": 5, "V05427": 0, "V05409": 3, "V05415": 0, "V05418": 0, "V05430": 3, "V05433": 2, "criancas_0a4": 36, "em_favela": false }, "geometry": { "type": "Polygon", "coordinates": [ [ [ -46.737676, -23.654415 ], [ -46.737667, -23.654734 ], [ -46.737994, -23.655393 ], [ -46.738189, -23.65551 ], [ -46.739047, -23.655768 ], [ -46.73846, -23.6549 ], [ -46.738463, -23.654754 ], [ -46.738537, -23.654626 ], [ -46.741192, -23.653588 ], [ -46.741234, -23.653507 ], [ -46.740352, -23.653226 ], [ -46.738007, -23.65413 ], [ -46.737749, -23.6543 ], [ -46.737676, -23.654415 ] ] ] } },
{ "type": "Feature", "properties": { "CD_SETOR": "355030846000232", "faces": 7, "pavimentada": 100.0, "bueiro": 85.71, "iluminacao": 100.0, "onibus": 14.29, "ciclovia": 0.0, "calcada": 85.71, "obstaculo": 100.0, "rampa": 0.0, "rampa_faces": 0.0, "sem_calcada": 14.29, "sem_arvore": 42.86, "muitas_arvores": 42.86, "vao": 100.0, "V05400": 7, "V05421": 6, "V05406": 7, "V05412": 7, "V05422": 1, "V05424": 6, "V05427": 0, "V05409": 6, "V05415": 1, "V05418": 0, "V05430": 3, "V05433": 3, "criancas_0a4": 28, "em_favela": false }, "geometry": { "type": "Polygon", "coordinates": [ [ [ -46.739878, -23.653054 ], [ -46.736409, -23.653308 ], [ -46.736862, -23.654377 ], [ -46.73696, -23.654139 ], [ -46.737676, -23.654415 ], [ -46.737749, -23.6543 ], [ -46.738007, -23.65413 ], [ -46.740352, -23.653226 ], [ -46.739878, -23.653054 ] ] ] } },
{ "type": "Feature", "properties": { "CD_SETOR": "355030846000233", "faces": 20, "pavimentada": 100.0, "bueiro": 30.0, "iluminacao": 100.0, "onibus": 0.0, "ciclovia": 0.0, "calcada": 90.0, "obstaculo": 100.0, "rampa": 11.11, "rampa_faces": 10.0, "sem_calcada": 10.0, "sem_arvore": 40.0, "muitas_arvores": 30.0, "vao": 90.0, "V05400": 20, "V05421": 18, "V05406": 20, "V05412": 20, "V05422": 2, "V05424": 18, "V05427": 2, "V05409": 6, "V05415": 0, "V05418": 0, "V05430": 8, "V05433": 6, "criancas_0a4": 46, "em_favela": false }, "geometry": { "type": "Polygon", "coordinates": [ [ [ -46.73376, -23.654601 ], [ -46.733779, -23.655278 ], [ -46.733645, -23.655302 ], [ -46.733352, -23.655468 ], [ -46.733685, -23.655872 ], [ -46.73281, -23.65645 ], [ -46.734505, -23.656783 ], [ -46.734529, -23.657047 ], [ -46.735929, -23.657342 ], [ -46.735806, -23.656415 ], [ -46.73572, -23.656316 ], [ -46.735453, -23.655441 ], [ -46.734101, -23.654623 ], [ -46.73376, -23.654601 ] ] ] } },
{ "type": "Feature", "properties": { "CD_SETOR": "355030846000234", "faces": 14, "pavimentada": 100.0, "bueiro": 42.86, "iluminacao": 100.0, "onibus": 14.29, "ciclovia": 7.14, "calcada": 100.0, "obstaculo": 100.0, "rampa": 0.0, "rampa_faces": 0.0, "sem_calcada": 0.0, "sem_arvore": 50.0, "muitas_arvores": 14.29, "vao": 100.0, "V05400": 14, "V05421": 14, "V05406": 14, "V05412": 14, "V05422": 0, "V05424": 14, "V05427": 0, "V05409": 6, "V05415": 2, "V05418": 1, "V05430": 7, "V05433": 2, "criancas_0a4": 36, "em_favela": false }, "geometry": { "type": "Polygon", "coordinates": [ [ [ -46.732519, -23.656632 ], [ -46.732618, -23.656692 ], [ -46.732801, -23.656944 ], [ -46.733137, -23.657674 ], [ -46.734866, -23.658013 ], [ -46.735379, -23.657232 ], [ -46.734529, -23.657047 ], [ -46.734505, -23.656783 ], [ -46.73281, -23.65645 ], [ -46.732519, -23.656632 ] ] ] } },
{ "type": "Feature", "properties": { "CD_SETOR": "355030846000235", "faces": 12, "pavimentada": 100.0, "bueiro": 0.0, "iluminacao": 100.0, "onibus": 25.0, "ciclovia": 0.0, "calcada": 66.67, "obstaculo": 100.0, "rampa": 0.0, "rampa_faces": 0.0, "sem_calcada": 33.33, "sem_arvore": 41.67, "muitas_arvores": 8.33, "vao": 100.0, "V05400": 12, "V05421": 8, "V05406": 12, "V05412": 12, "V05422": 4, "V05424": 8, "V05427": 0, "V05409": 0, "V05415": 3, "V05418": 0, "V05430": 5, "V05433": 1, "criancas_0a4": 60, "em_favela": false }, "geometry": { "type": "Polygon", "coordinates": [ [ [ -46.731037, -23.657001 ], [ -46.731192, -23.657082 ], [ -46.731875, -23.656973 ], [ -46.73235, -23.657456 ], [ -46.732405, -23.657857 ], [ -46.732392, -23.658752 ], [ -46.732848, -23.659034 ], [ -46.732599, -23.659271 ], [ -46.733026, -23.659565 ], [ -46.733512, -23.658959 ], [ -46.733481, -23.658522 ], [ -46.733449, -23.65835 ], [ -46.732743, -23.656853 ], [ -46.73258, -23.65666 ], [ -46.732081, -23.656525 ], [ -46.731313, -23.656918 ], [ -46.731037, -23.657001 ] ] ] } },
{ "type": "Feature", "properties": { "CD_SETOR": "355030846000236", "faces": 6, "pavimentada": 100.0, "bueiro": 100.0, "iluminacao": 100.0, "onibus": 66.67, "ciclovia": 0.0, "calcada": 83.33, "obstaculo": 100.0, "rampa": 0.0, "rampa_faces": 0.0, "sem_calcada": 16.67, "sem_arvore": 16.67, "muitas_arvores": 33.33, "vao": 100.0, "V05400": 6, "V05421": 5, "V05406": 6, "V05412": 6, "V05422": 1, "V05424": 5, "V05427": 0, "V05409": 6, "V05415": 4, "V05418": 0, "V05430": 1, "V05433": 2, "criancas_0a4": 19, "em_favela": false }, "geometry": { "type": "Polygon", "coordinates": [ [ [ -46.732415, -23.658274 ], [ -46.730926, -23.658946 ], [ -46.730745, -23.65916 ], [ -46.730127, -23.659549 ], [ -46.729877, -23.659917 ], [ -46.730473, -23.660061 ], [ -46.730614, -23.659719 ], [ -46.730876, -23.659466 ], [ -46.732126, -23.658937 ], [ -46.73236, -23.658791 ], [ -46.732415, -23.658655 ], [ -46.732415, -23.658274 ] ] ] } },
{ "type": "Feature", "properties": { "CD_SETOR": "355030846000241", "faces": 80, "pavimentada": 0.0, "bueiro": 0.0, "iluminacao": 98.75, "onibus": 0.0, "ciclovia": 0.0, "calcada": 0.0, "obstaculo": null, "rampa": null, "rampa_faces": 0.0, "sem_calcada": 100.0, "sem_arvore": 0.0, "muitas_arvores": 100.0, "vao": 0.0, "V05400": 80, "V05421": 0, "V05406": 0, "V05412": 79, "V05422": 80, "V05424": 0, "V05427": 0, "V05409": 0, "V05415": 0, "V05418": 0, "V05430": 0, "V05433": 80, "criancas_0a4": 16, "em_favela": false }, "geometry": { "type": "Polygon", "coordinates": [ [ [ -46.738248, -23.715079 ], [ -46.738256, -23.714766 ], [ -46.73853, -23.714855 ], [ -46.738675, -23.714625 ], [ -46.739102, -23.713153 ], [ -46.739037, -23.71207 ], [ -46.739585, -23.711236 ], [ -46.739744, -23.711082 ], [ -46.740192, -23.710792 ], [ -46.740367, -23.710586 ], [ -46.740491, -23.709585 ], [ -46.740212, -23.708757 ], [ -46.739742, -23.708317 ], [ -46.739508, -23.7077 ], [ -46.737953, -23.707955 ], [ -46.737845, -23.707333 ], [ -46.737037, -23.703943 ], [ -46.737072, -23.703789 ], [ -46.736834, -23.703656 ], [ -46.736874, -23.703491 ], [ -46.736576, -23.70239 ], [ -46.736498, -23.701151 ], [ -46.736441, -23.700865 ], [ -46.73619, -23.700784 ], [ -46.736059, -23.700664 ], [ -46.735882, -23.700163 ], [ -46.735327, -23.700319 ], [ -46.734932, -23.70068 ], [ -46.734722, -23.700768 ], [ -46.734396, -23.700705 ], [ -46.733597, -23.700267 ], [ -46.733074, -23.700109 ], [ -46.731947, -23.700231 ], [ -46.731535, -23.70083 ], [ -46.731182, -23.701204 ], [ -46.73003, -23.702169 ], [ -46.729373, -23.703004 ], [ -46.728953, -23.704048 ], [ -46.728546, -23.704534 ], [ -46.728176, -23.705366 ], [ -46.72823, -23.705549 ], [ -46.728783, -23.706052 ], [ -46.729082, -23.706181 ], [ -46.729161, -23.706314 ], [ -46.729581, -23.706305 ], [ -46.729648, -23.706351 ], [ -46.729706, -23.706443 ], [ -46.729731, -23.7067 ], [ -46.729822, -23.706979 ], [ -46.730005, -23.707208 ], [ -46.730176, -23.70727 ], [ -46.730172, -23.70742 ], [ -46.729752, -23.707935 ], [ -46.729415, -23.708189 ], [ -46.729357, -23.708471 ], [ -46.729253, -23.708629 ], [ -46.728995, -23.708821 ], [ -46.728679, -23.708975 ], [ -46.728662, -23.70927 ], [ -46.728929, -23.709527 ], [ -46.729199, -23.70964 ], [ -46.729527, -23.710097 ], [ -46.730745, -23.710571 ], [ -46.730949, -23.710771 ], [ -46.73129, -23.710945 ], [ -46.731469, -23.710808 ], [ -46.731826, -23.71085 ], [ -46.732042, -23.710704 ], [ -46.732242, -23.710791 ], [ -46.732329, -23.710845 ], [ -46.732361, -23.710981 ], [ -46.732508, -23.71108 ], [ -46.732639, -23.711388 ], [ -46.733017, -23.711513 ], [ -46.733113, -23.711646 ], [ -46.733298, -23.711764 ], [ -46.733504, -23.71181 ], [ -46.733776, -23.712028 ], [ -46.734194, -23.712051 ], [ -46.734468, -23.712128 ], [ -46.734888, -23.712149 ], [ -46.73519, -23.712095 ], [ -46.735594, -23.712147 ], [ -46.735984, -23.712263 ], [ -46.736649, -23.712641 ], [ -46.737202, -23.713155 ], [ -46.737273, -23.713357 ], [ -46.737591, -23.713737 ], [ -46.737647, -23.713976 ], [ -46.737834, -23.71414 ], [ -46.738031, -23.714751 ], [ -46.7382, -23.714901 ], [ -46.738248, -23.715079 ] ] ] } },
{ "type": "Feature", "properties": { "CD_SETOR": "355030846000245", "faces": 58, "pavimentada": 93.1, "bueiro": 51.72, "iluminacao": 98.28, "onibus": 8.62, "ciclovia": 0.0, "calcada": 84.48, "obstaculo": 97.96, "rampa": 0.0, "rampa_faces": 0.0, "sem_calcada": 15.52, "sem_arvore": 5.17, "muitas_arvores": 75.86, "vao": 93.1, "V05400": 58, "V05421": 49, "V05406": 54, "V05412": 57, "V05422": 9, "V05424": 48, "V05427": 0, "V05409": 30, "V05415": 5, "V05418": 0, "V05430": 3, "V05433": 44, "criancas_0a4": 64, "em_favela": false }, "geometry": { "type": "Polygon", "coordinates": [ [ [ -46.755654, -23.694666 ], [ -46.75355, -23.695226 ], [ -46.752954, -23.695561 ], [ -46.752271, -23.695986 ], [ -46.751579, -23.696642 ], [ -46.751259, -23.696803 ], [ -46.750158, -23.695695 ], [ -46.750069, -23.695703 ], [ -46.749873, -23.695426 ], [ -46.749869, -23.695319 ], [ -46.750064, -23.694902 ], [ -46.749841, -23.69488 ], [ -46.74964, -23.694922 ], [ -46.749267, -23.695119 ], [ -46.748104, -23.696247 ], [ -46.747883, -23.696652 ], [ -46.747818, -23.697063 ], [ -46.747862, -23.697389 ], [ -46.747997, -23.697532 ], [ -46.748116, -23.697578 ], [ -46.748523, -23.697606 ], [ -46.748802, -23.697561 ], [ -46.749127, -23.697625 ], [ -46.749769, -23.697617 ], [ -46.7504, -23.697411 ], [ -46.750781, -23.697403 ], [ -46.751145, -23.697502 ], [ -46.752545, -23.698155 ], [ -46.752896, -23.698155 ], [ -46.753299, -23.698036 ], [ -46.753949, -23.698001 ], [ -46.754674, -23.69807 ], [ -46.755261, -23.698298 ], [ -46.755456, -23.698274 ], [ -46.756313, -23.69791 ], [ -46.756417, -23.697603 ], [ -46.756413, -23.697053 ], [ -46.756022, -23.696042 ], [ -46.755805, -23.695066 ], [ -46.755654, -23.694666 ] ] ] } },
{ "type": "Feature", "properties": { "CD_SETOR": "355030846000246", "faces": 19, "pavimentada": 100.0, "bueiro": 68.42, "iluminacao": 100.0, "onibus": 5.26, "ciclovia": 0.0, "calcada": 100.0, "obstaculo": 100.0, "rampa": 15.79, "rampa_faces": 15.79, "sem_calcada": 0.0, "sem_arvore": 26.32, "muitas_arvores": 21.05, "vao": 84.21, "V05400": 19, "V05421": 19, "V05406": 19, "V05412": 19, "V05422": 0, "V05424": 19, "V05427": 3, "V05409": 13, "V05415": 1, "V05418": 0, "V05430": 5, "V05433": 4, "criancas_0a4": 54, "em_favela": false }, "geometry": { "type": "Polygon", "coordinates": [ [ [ -46.759922, -23.668576 ], [ -46.760029, -23.669873 ], [ -46.760508, -23.67064 ], [ -46.760929, -23.670309 ], [ -46.76183, -23.669871 ], [ -46.761318, -23.668277 ], [ -46.76101, -23.668309 ], [ -46.759922, -23.668576 ] ] ] } },
{ "type": "Feature", "properties": { "CD_SETOR": "355030846000247", "faces": 7, "pavimentada": 100.0, "bueiro": 57.14, "iluminacao": 100.0, "onibus": 0.0, "ciclovia": 0.0, "calcada": 42.86, "obstaculo": 100.0, "rampa": 0.0, "rampa_faces": 0.0, "sem_calcada": 57.14, "sem_arvore": 85.71, "muitas_arvores": 0.0, "vao": 100.0, "V05400": 7, "V05421": 3, "V05406": 7, "V05412": 7, "V05422": 4, "V05424": 3, "V05427": 0, "V05409": 4, "V05415": 0, "V05418": 0, "V05430": 6, "V05433": 0, "criancas_0a4": 5, "em_favela": true }, "geometry": { "type": "Polygon", "coordinates": [ [ [ -46.761318, -23.668277 ], [ -46.76183, -23.669871 ], [ -46.762072, -23.66987 ], [ -46.762072, -23.669296 ], [ -46.76198, -23.669169 ], [ -46.761802, -23.669079 ], [ -46.761493, -23.668067 ], [ -46.761315, -23.668052 ], [ -46.761318, -23.668277 ] ] ] } },
{ "type": "Feature", "properties": { "CD_SETOR": "355030846000249", "faces": 17, "pavimentada": 100.0, "bueiro": 35.29, "iluminacao": 100.0, "onibus": 5.88, "ciclovia": 0.0, "calcada": 88.24, "obstaculo": 100.0, "rampa": 0.0, "rampa_faces": 0.0, "sem_calcada": 11.76, "sem_arvore": 47.06, "muitas_arvores": 11.76, "vao": 100.0, "V05400": 17, "V05421": 15, "V05406": 17, "V05412": 17, "V05422": 2, "V05424": 15, "V05427": 0, "V05409": 6, "V05415": 1, "V05418": 0, "V05430": 8, "V05433": 2, "criancas_0a4": 37, "em_favela": false }, "geometry": { "type": "Polygon", "coordinates": [ [ [ -46.757029, -23.661515 ], [ -46.757681, -23.662506 ], [ -46.757851, -23.663062 ], [ -46.758326, -23.663643 ], [ -46.759316, -23.662993 ], [ -46.758865, -23.662369 ], [ -46.758566, -23.662075 ], [ -46.758314, -23.662346 ], [ -46.75823, -23.66229 ], [ -46.757565, -23.661274 ], [ -46.757415, -23.661114 ], [ -46.757029, -23.661515 ] ] ] } },
{ "type": "Feature", "properties": { "CD_SETOR": "355030846000250", "faces": 11, "pavimentada": 100.0, "bueiro": 27.27, "iluminacao": 45.45, "onibus": 0.0, "ciclovia": 9.09, "calcada": 36.36, "obstaculo": 100.0, "rampa": 0.0, "rampa_faces": 0.0, "sem_calcada": 63.64, "sem_arvore": 72.73, "muitas_arvores": 0.0, "vao": 100.0, "V05400": 11, "V05421": 4, "V05406": 11, "V05412": 5, "V05422": 7, "V05424": 4, "V05427": 0, "V05409": 3, "V05415": 0, "V05418": 1, "V05430": 8, "V05433": 0, "criancas_0a4": 22, "em_favela": true }, "geometry": { "type": "Polygon", "coordinates": [ [ [ -46.757415, -23.661114 ], [ -46.757565, -23.661274 ], [ -46.75823, -23.66229 ], [ -46.758314, -23.662346 ], [ -46.758566, -23.662075 ], [ -46.758321, -23.661907 ], [ -46.758194, -23.661759 ], [ -46.758169, -23.661337 ], [ -46.757868, -23.660676 ], [ -46.757415, -23.661114 ] ] ] } },
{ "type": "Feature", "properties": { "CD_SETOR": "355030846000252", "faces": 17, "pavimentada": 100.0, "bueiro": 70.59, "iluminacao": 100.0, "onibus": 5.88, "ciclovia": 0.0, "calcada": 88.24, "obstaculo": 66.67, "rampa": 0.0, "rampa_faces": 0.0, "sem_calcada": 11.76, "sem_arvore": 29.41, "muitas_arvores": 35.29, "vao": 100.0, "V05400": 17, "V05421": 15, "V05406": 17, "V05412": 17, "V05422": 2, "V05424": 10, "V05427": 0, "V05409": 12, "V05415": 1, "V05418": 0, "V05430": 5, "V05433": 6, "criancas_0a4": 30, "em_favela": false }, "geometry": { "type": "Polygon", "coordinates": [ [ [ -46.748231, -23.65163 ], [ -46.748191, -23.652051 ], [ -46.748095, -23.652303 ], [ -46.747729, -23.652709 ], [ -46.748215, -23.653079 ], [ -46.748389, -23.653107 ], [ -46.748467, -23.653076 ], [ -46.749124, -23.65239 ], [ -46.750239, -23.652493 ], [ -46.751597, -23.651706 ], [ -46.751669, -23.651638 ], [ -46.751689, -23.651535 ], [ -46.75164, -23.651452 ], [ -46.751516, -23.65141 ], [ -46.749722, -23.651224 ], [ -46.748585, -23.650716 ], [ -46.748349, -23.651136 ], [ -46.748231, -23.65163 ] ] ] } },
{ "type": "Feature", "properties": { "CD_SETOR": "355030846000255", "faces": 1, "pavimentada": 100.0, "bueiro": 100.0, "iluminacao": 100.0, "onibus": 0.0, "ciclovia": 0.0, "calcada": 100.0, "obstaculo": 0.0, "rampa": 100.0, "rampa_faces": 100.0, "sem_calcada": 0.0, "sem_arvore": 100.0, "muitas_arvores": 0.0, "vao": 0.0, "V05400": 1, "V05421": 1, "V05406": 1, "V05412": 1, "V05422": 0, "V05424": 0, "V05427": 1, "V05409": 1, "V05415": 0, "V05418": 0, "V05430": 1, "V05433": 0, "criancas_0a4": 65, "em_favela": false }, "geometry": { "type": "Polygon", "coordinates": [ [ [ -46.744758, -23.651175 ], [ -46.745296, -23.65169 ], [ -46.745415, -23.651965 ], [ -46.745422, -23.652154 ], [ -46.745801, -23.652137 ], [ -46.746126, -23.651803 ], [ -46.746327, -23.65175 ], [ -46.746507, -23.651581 ], [ -46.746193, -23.651492 ], [ -46.745038, -23.650906 ], [ -46.744758, -23.651175 ] ] ] } },
{ "type": "Feature", "properties": { "CD_SETOR": "355030846000256", "faces": 1, "pavimentada": 100.0, "bueiro": 100.0, "iluminacao": 100.0, "onibus": 0.0, "ciclovia": 0.0, "calcada": 100.0, "obstaculo": 0.0, "rampa": 0.0, "rampa_faces": 0.0, "sem_calcada": 0.0, "sem_arvore": 100.0, "muitas_arvores": 0.0, "vao": 100.0, "V05400": 1, "V05421": 1, "V05406": 1, "V05412": 1, "V05422": 0, "V05424": 0, "V05427": 0, "V05409": 1, "V05415": 0, "V05418": 0, "V05430": 1, "V05433": 0, "criancas_0a4": 32, "em_favela": false }, "geometry": { "type": "Polygon", "coordinates": [ [ [ -46.744004, -23.651808 ], [ -46.744324, -23.652178 ], [ -46.745422, -23.652154 ], [ -46.745415, -23.651965 ], [ -46.745296, -23.65169 ], [ -46.744758, -23.651175 ], [ -46.744371, -23.651549 ], [ -46.744004, -23.651808 ] ] ] } },
{ "type": "Feature", "properties": { "CD_SETOR": "355030846000258", "faces": 19, "pavimentada": 100.0, "bueiro": 36.84, "iluminacao": 100.0, "onibus": 10.53, "ciclovia": 0.0, "calcada": 89.47, "obstaculo": 100.0, "rampa": 0.0, "rampa_faces": 0.0, "sem_calcada": 10.53, "sem_arvore": 52.63, "muitas_arvores": 0.0, "vao": 100.0, "V05400": 19, "V05421": 17, "V05406": 19, "V05412": 19, "V05422": 2, "V05424": 17, "V05427": 0, "V05409": 7, "V05415": 2, "V05418": 0, "V05430": 10, "V05433": 0, "criancas_0a4": 48, "em_favela": false }, "geometry": { "type": "Polygon", "coordinates": [ [ [ -46.741411, -23.651028 ], [ -46.741372, -23.652648 ], [ -46.742305, -23.652755 ], [ -46.743092, -23.652548 ], [ -46.743513, -23.652145 ], [ -46.742819, -23.651768 ], [ -46.743123, -23.651303 ], [ -46.742142, -23.650757 ], [ -46.74186, -23.651227 ], [ -46.741411, -23.651028 ] ] ] } },
{ "type": "Feature", "properties": { "CD_SETOR": "355030846000259", "faces": 10, "pavimentada": 100.0, "bueiro": 80.0, "iluminacao": 100.0, "onibus": 10.0, "ciclovia": 10.0, "calcada": 100.0, "obstaculo": 100.0, "rampa": 10.0, "rampa_faces": 10.0, "sem_calcada": 0.0, "sem_arvore": 10.0, "muitas_arvores": 40.0, "vao": 90.0, "V05400": 10, "V05421": 10, "V05406": 10, "V05412": 10, "V05422": 0, "V05424": 10, "V05427": 1, "V05409": 8, "V05415": 1, "V05418": 1, "V05430": 1, "V05433": 4, "criancas_0a4": 41, "em_favela": false }, "geometry": { "type": "Polygon", "coordinates": [ [ [ -46.739423, -23.650391 ], [ -46.739342, -23.650583 ], [ -46.739441, -23.651007 ], [ -46.739389, -23.651284 ], [ -46.73901, -23.651562 ], [ -46.738836, -23.651609 ], [ -46.738638, -23.65153 ], [ -46.73852, -23.651367 ], [ -46.738324, -23.65092 ], [ -46.738326, -23.65316 ], [ -46.739878, -23.653054 ], [ -46.740238, -23.65249 ], [ -46.739911, -23.652531 ], [ -46.739755, -23.652506 ], [ -46.739983, -23.651197 ], [ -46.740051, -23.650518 ], [ -46.73995, -23.650348 ], [ -46.739828, -23.650287 ], [ -46.739576, -23.650294 ], [ -46.739423, -23.650391 ] ] ] } },
{ "type": "Feature", "properties": { "CD_SETOR": "355030846000260", "faces": 16, "pavimentada": 100.0, "bueiro": 75.0, "iluminacao": 100.0, "onibus": 18.75, "ciclovia": 0.0, "calcada": 100.0, "obstaculo": 93.75, "rampa": 18.75, "rampa_faces": 18.75, "sem_calcada": 0.0, "sem_arvore": 56.25, "muitas_arvores": 31.25, "vao": 81.25, "V05400": 16, "V05421": 16, "V05406": 16, "V05412": 16, "V05422": 0, "V05424": 15, "V05427": 3, "V05409": 12, "V05415": 3, "V05418": 0, "V05430": 9, "V05433": 5, "criancas_0a4": 40, "em_favela": false }, "geometry": { "type": "Polygon", "coordinates": [ [ [ -46.735125, -23.653242 ], [ -46.735733, -23.653343 ], [ -46.738326, -23.65316 ], [ -46.738314, -23.651998 ], [ -46.736541, -23.652385 ], [ -46.73626, -23.652374 ], [ -46.736084, -23.652293 ], [ -46.735913, -23.652122 ], [ -46.735021, -23.650967 ], [ -46.7345, -23.651305 ], [ -46.735232, -23.652247 ], [ -46.734659, -23.652595 ], [ -46.735125, -23.653242 ] ] ] } },
{ "type": "Feature", "properties": { "CD_SETOR": "355030846000261", "faces": 9, "pavimentada": 100.0, "bueiro": 33.33, "iluminacao": 100.0, "onibus": 33.33, "ciclovia": 0.0, "calcada": 77.78, "obstaculo": 100.0, "rampa": 14.29, "rampa_faces": 11.11, "sem_calcada": 22.22, "sem_arvore": 11.11, "muitas_arvores": 66.67, "vao": 88.89, "V05400": 9, "V05421": 7, "V05406": 9, "V05412": 9, "V05422": 2, "V05424": 7, "V05427": 1, "V05409": 3, "V05415": 3, "V05418": 0, "V05430": 1, "V05433": 6, "criancas_0a4": 20, "em_favela": false }, "geometry": { "type": "Polygon", "coordinates": [ [ [ -46.732803, -23.654433 ], [ -46.733796, -23.65395 ], [ -46.734051, -23.653914 ], [ -46.734332, -23.653977 ], [ -46.734938, -23.654542 ], [ -46.73531, -23.655102 ], [ -46.735506, -23.655564 ], [ -46.73572, -23.656316 ], [ -46.735806, -23.656415 ], [ -46.735834, -23.656273 ], [ -46.735767, -23.655412 ], [ -46.735614, -23.654654 ], [ -46.735166, -23.653863 ], [ -46.734166, -23.652955 ], [ -46.733432, -23.65353 ], [ -46.732803, -23.654433 ] ] ] } },
{ "type": "Feature", "properties": { "CD_SETOR": "355030846000263", "faces": 17, "pavimentada": 100.0, "bueiro": 94.12, "iluminacao": 94.12, "onibus": 17.65, "ciclovia": 5.88, "calcada": 58.82, "obstaculo": 60.0, "rampa": 10.0, "rampa_faces": 5.88, "sem_calcada": 41.18, "sem_arvore": 41.18, "muitas_arvores": 11.76, "vao": 94.12, "V05400": 17, "V05421": 10, "V05406": 17, "V05412": 16, "V05422": 7, "V05424": 6, "V05427": 1, "V05409": 16, "V05415": 3, "V05418": 1, "V05430": 7, "V05433": 2, "criancas_0a4": 26, "em_favela": false }, "geometry": { "type": "Polygon", "coordinates": [ [ [ -46.748585, -23.650716 ], [ -46.749722, -23.651224 ], [ -46.751516, -23.65141 ], [ -46.751674, -23.651485 ], [ -46.751205, -23.649715 ], [ -46.751229, -23.649473 ], [ -46.750864, -23.649354 ], [ -46.749739, -23.648653 ], [ -46.748585, -23.650716 ] ] ] } },
{ "type": "Feature", "properties": { "CD_SETOR": "355030846000264", "faces": 21, "pavimentada": 100.0, "bueiro": 28.57, "iluminacao": 100.0, "onibus": 0.0, "ciclovia": 0.0, "calcada": 80.95, "obstaculo": 100.0, "rampa": 0.0, "rampa_faces": 0.0, "sem_calcada": 19.05, "sem_arvore": 42.86, "muitas_arvores": 0.0, "vao": 100.0, "V05400": 21, "V05421": 17, "V05406": 21, "V05412": 21, "V05422": 4, "V05424": 17, "V05427": 0, "V05409": 6, "V05415": 0, "V05418": 0, "V05430": 9, "V05433": 0, "criancas_0a4": 29, "em_favela": false }, "geometry": { "type": "Polygon", "coordinates": [ [ [ -46.744081, -23.649191 ], [ -46.743553, -23.649704 ], [ -46.745471, -23.650494 ], [ -46.745612, -23.650365 ], [ -46.745711, -23.6502 ], [ -46.746075, -23.648359 ], [ -46.745998, -23.647596 ], [ -46.745898, -23.647338 ], [ -46.745708, -23.647056 ], [ -46.745331, -23.648429 ], [ -46.744665, -23.649437 ], [ -46.744519, -23.649472 ], [ -46.744081, -23.649191 ] ] ] } },
{ "type": "Feature", "properties": { "CD_SETOR": "355030846000266", "faces": 18, "pavimentada": 100.0, "bueiro": 27.78, "iluminacao": 100.0, "onibus": 27.78, "ciclovia": 0.0, "calcada": 94.44, "obstaculo": 100.0, "rampa": 5.88, "rampa_faces": 5.56, "sem_calcada": 5.56, "sem_arvore": 66.67, "muitas_arvores": 5.56, "vao": 94.44, "V05400": 18, "V05421": 17, "V05406": 18, "V05412": 18, "V05422": 1, "V05424": 17, "V05427": 1, "V05409": 5, "V05415": 5, "V05418": 0, "V05430": 12, "V05433": 1, "criancas_0a4": 28, "em_favela": false }, "geometry": { "type": "Polygon", "coordinates": [ [ [ -46.740541, -23.648233 ], [ -46.739083, -23.64841 ], [ -46.739132, -23.649658 ], [ -46.739433, -23.649637 ], [ -46.739983, -23.649871 ], [ -46.740559, -23.649818 ], [ -46.740648, -23.649927 ], [ -46.740906, -23.65059 ], [ -46.741411, -23.651028 ], [ -46.74186, -23.651227 ], [ -46.742142, -23.650757 ], [ -46.741996, -23.650578 ], [ -46.741913, -23.650056 ], [ -46.741317, -23.650153 ], [ -46.741015, -23.649178 ], [ -46.740724, -23.649216 ], [ -46.740541, -23.648233 ] ] ] } },
{ "type": "Feature", "properties": { "CD_SETOR": "355030846000268", "faces": 24, "pavimentada": 100.0, "bueiro": 45.83, "iluminacao": 100.0, "onibus": 4.17, "ciclovia": 0.0, "calcada": 83.33, "obstaculo": 100.0, "rampa": 0.0, "rampa_faces": 0.0, "sem_calcada": 16.67, "sem_arvore": 41.67, "muitas_arvores": 8.33, "vao": 100.0, "V05400": 24, "V05421": 20, "V05406": 24, "V05412": 24, "V05422": 4, "V05424": 20, "V05427": 0, "V05409": 11, "V05415": 1, "V05418": 0, "V05430": 10, "V05433": 2, "criancas_0a4": 46, "em_favela": false }, "geometry": { "type": "Polygon", "coordinates": [ [ [ -46.737701, -23.649959 ], [ -46.73782, -23.650458 ], [ -46.736252, -23.650813 ], [ -46.736369, -23.651319 ], [ -46.7364, -23.651845 ], [ -46.736722, -23.651789 ], [ -46.736861, -23.65232 ], [ -46.738314, -23.651998 ], [ -46.738324, -23.65092 ], [ -46.738063, -23.649869 ], [ -46.737701, -23.649959 ] ] ] } },
{ "type": "Feature", "properties": { "CD_SETOR": "355030846000269", "faces": 9, "pavimentada": 100.0, "bueiro": 33.33, "iluminacao": 100.0, "onibus": 0.0, "ciclovia": 0.0, "calcada": 66.67, "obstaculo": 50.0, "rampa": 33.33, "rampa_faces": 22.22, "sem_calcada": 33.33, "sem_arvore": 88.89, "muitas_arvores": 0.0, "vao": 77.78, "V05400": 9, "V05421": 6, "V05406": 9, "V05412": 9, "V05422": 3, "V05424": 3, "V05427": 2, "V05409": 3, "V05415": 0, "V05418": 0, "V05430": 8, "V05433": 0, "criancas_0a4": 48, "em_favela": false }, "geometry": { "type": "Polygon", "coordinates": [ [ [ -46.736102, -23.650236 ], [ -46.734899, -23.650452 ], [ -46.735021, -23.650967 ], [ -46.736084, -23.652293 ], [ -46.73626, -23.652374 ], [ -46.736452, -23.652394 ], [ -46.736861, -23.65232 ], [ -46.736722, -23.651789 ], [ -46.7364, -23.651845 ], [ -46.736369, -23.651319 ], [ -46.736102, -23.650236 ] ] ] } },
{ "type": "Feature", "properties": { "CD_SETOR": "355030846000270", "faces": 15, "pavimentada": 93.33, "bueiro": 60.0, "iluminacao": 93.33, "onibus": 6.67, "ciclovia": 0.0, "calcada": 73.33, "obstaculo": 90.91, "rampa": 9.09, "rampa_faces": 6.67, "sem_calcada": 20.0, "sem_arvore": 80.0, "muitas_arvores": 6.67, "vao": 86.67, "V05400": 15, "V05421": 11, "V05406": 14, "V05412": 14, "V05422": 3, "V05424": 10, "V05427": 1, "V05409": 9, "V05415": 1, "V05418": 0, "V05430": 12, "V05433": 1, "criancas_0a4": 16, "em_favela": false }, "geometry": { "type": "Polygon", "coordinates": [ [ [ -46.733186, -23.650134 ], [ -46.733522, -23.650666 ], [ -46.733738, -23.651485 ], [ -46.733928, -23.652472 ], [ -46.734045, -23.65277 ], [ -46.734166, -23.652955 ], [ -46.734344, -23.653109 ], [ -46.735125, -23.653242 ], [ -46.734659, -23.652595 ], [ -46.735232, -23.652247 ], [ -46.7345, -23.651305 ], [ -46.735021, -23.650967 ], [ -46.734899, -23.650452 ], [ -46.734337, -23.650558 ], [ -46.734058, -23.650736 ], [ -46.733566, -23.650111 ], [ -46.733186, -23.650134 ] ] ] } },
{ "type": "Feature", "properties": { "CD_SETOR": "355030846000271", "faces": 4, "pavimentada": 100.0, "bueiro": 75.0, "iluminacao": 100.0, "onibus": 25.0, "ciclovia": 0.0, "calcada": 100.0, "obstaculo": 100.0, "rampa": 25.0, "rampa_faces": 25.0, "sem_calcada": 0.0, "sem_arvore": 50.0, "muitas_arvores": 25.0, "vao": 75.0, "V05400": 4, "V05421": 4, "V05406": 4, "V05412": 4, "V05422": 0, "V05424": 4, "V05427": 1, "V05409": 3, "V05415": 1, "V05418": 0, "V05430": 2, "V05433": 1, "criancas_0a4": 42, "em_favela": false }, "geometry": { "type": "Polygon", "coordinates": [ [ [ -46.733323, -23.652525 ], [ -46.731679, -23.654789 ], [ -46.731168, -23.655726 ], [ -46.731317, -23.655926 ], [ -46.731433, -23.655947 ], [ -46.73174, -23.655884 ], [ -46.733432, -23.65353 ], [ -46.734166, -23.652955 ], [ -46.733966, -23.652614 ], [ -46.733857, -23.652147 ], [ -46.733323, -23.652525 ] ] ] } },
{ "type": "Feature", "properties": { "CD_SETOR": "355030846000273", "faces": 5, "pavimentada": 100.0, "bueiro": 40.0, "iluminacao": 100.0, "onibus": 0.0, "ciclovia": 0.0, "calcada": 100.0, "obstaculo": 80.0, "rampa": 0.0, "rampa_faces": 0.0, "sem_calcada": 0.0, "sem_arvore": 40.0, "muitas_arvores": 40.0, "vao": 100.0, "V05400": 5, "V05421": 5, "V05406": 5, "V05412": 5, "V05422": 0, "V05424": 4, "V05427": 0, "V05409": 2, "V05415": 0, "V05418": 0, "V05430": 2, "V05433": 2, "criancas_0a4": 51, "em_favela": false }, "geometry": { "type": "Polygon", "coordinates": [ [ [ -46.730445, -23.654655 ], [ -46.73133, -23.65379 ], [ -46.731278, -23.654135 ], [ -46.731335, -23.654107 ], [ -46.73182, -23.653442 ], [ -46.73306, -23.652148 ], [ -46.73314, -23.651998 ], [ -46.733165, -23.651816 ], [ -46.732996, -23.651402 ], [ -46.730555, -23.653689 ], [ -46.730445, -23.654655 ] ] ] } },
{ "type": "Feature", "properties": { "CD_SETOR": "355030846000280", "faces": 24, "pavimentada": 100.0, "bueiro": 95.83, "iluminacao": 100.0, "onibus": 29.17, "ciclovia": 0.0, "calcada": 50.0, "obstaculo": 50.0, "rampa": 0.0, "rampa_faces": 0.0, "sem_calcada": 50.0, "sem_arvore": 50.0, "muitas_arvores": 29.17, "vao": 100.0, "V05400": 24, "V05421": 12, "V05406": 24, "V05412": 24, "V05422": 12, "V05424": 6, "V05427": 0, "V05409": 23, "V05415": 7, "V05418": 0, "V05430": 12, "V05433": 7, "criancas_0a4": 15, "em_favela": false }, "geometry": { "type": "Polygon", "coordinates": [ [ [ -46.750251, -23.64896 ], [ -46.750864, -23.649354 ], [ -46.751087, -23.649444 ], [ -46.751441, -23.649486 ], [ -46.751667, -23.649461 ], [ -46.752698, -23.649056 ], [ -46.753265, -23.648762 ], [ -46.753843, -23.648662 ], [ -46.753865, -23.648171 ], [ -46.751392, -23.646975 ], [ -46.750251, -23.64896 ] ] ] } },
{ "type": "Feature", "properties": { "CD_SETOR": "355030846000282", "faces": 28, "pavimentada": 100.0, "bueiro": 60.71, "iluminacao": 100.0, "onibus": 14.29, "ciclovia": 0.0, "calcada": 89.29, "obstaculo": 92.0, "rampa": 4.0, "rampa_faces": 3.57, "sem_calcada": 10.71, "sem_arvore": 42.86, "muitas_arvores": 10.71, "vao": 96.43, "V05400": 28, "V05421": 25, "V05406": 28, "V05412": 28, "V05422": 3, "V05424": 23, "V05427": 1, "V05409": 17, "V05415": 4, "V05418": 0, "V05430": 12, "V05433": 3, "criancas_0a4": 36, "em_favela": false }, "geometry": { "type": "Polygon", "coordinates": [ [ [ -46.744811, -23.645703 ], [ -46.742962, -23.64756 ], [ -46.742344, -23.646947 ], [ -46.742001, -23.646534 ], [ -46.741219, -23.647028 ], [ -46.741413, -23.648104 ], [ -46.742075, -23.648003 ], [ -46.742249, -23.648218 ], [ -46.74231, -23.648423 ], [ -46.742422, -23.6484 ], [ -46.742673, -23.648224 ], [ -46.742747, -23.648232 ], [ -46.742822, -23.648315 ], [ -46.7427, -23.648452 ], [ -46.743192, -23.648848 ], [ -46.744116, -23.648079 ], [ -46.74441, -23.647966 ], [ -46.744817, -23.647936 ], [ -46.744907, -23.64776 ], [ -46.745708, -23.647056 ], [ -46.745898, -23.647338 ], [ -46.745998, -23.647596 ], [ -46.746075, -23.648359 ], [ -46.746273, -23.648008 ], [ -46.746498, -23.647157 ], [ -46.746495, -23.646234 ], [ -46.746286, -23.646247 ], [ -46.745129, -23.647184 ], [ -46.744671, -23.64652 ], [ -46.745131, -23.646116 ], [ -46.746124, -23.645364 ], [ -46.745751, -23.645008 ], [ -46.744811, -23.645703 ] ] ] } },
{ "type": "Feature", "properties": { "CD_SETOR": "355030846000283", "faces": 2, "pavimentada": 100.0, "bueiro": 100.0, "iluminacao": 100.0, "onibus": 50.0, "ciclovia": 0.0, "calcada": 100.0, "obstaculo": 0.0, "rampa": 0.0, "rampa_faces": 0.0, "sem_calcada": 0.0, "sem_arvore": 50.0, "muitas_arvores": 0.0, "vao": 100.0, "V05400": 2, "V05421": 2, "V05406": 2, "V05412": 2, "V05422": 0, "V05424": 0, "V05427": 0, "V05409": 2, "V05415": 1, "V05418": 0, "V05430": 1, "V05433": 0, "criancas_0a4": 34, "em_favela": false }, "geometry": { "type": "Polygon", "coordinates": [ [ [ -46.746495, -23.646234 ], [ -46.746529, -23.645889 ], [ -46.746591, -23.645846 ], [ -46.746124, -23.645364 ], [ -46.745131, -23.646116 ], [ -46.744671, -23.64652 ], [ -46.745129, -23.647184 ], [ -46.746286, -23.646247 ], [ -46.746495, -23.646234 ] ] ] } },
{ "type": "Feature", "properties": { "CD_SETOR": "355030846000284", "faces": 13, "pavimentada": 100.0, "bueiro": 15.38, "iluminacao": 30.77, "onibus": 7.69, "ciclovia": 0.0, "calcada": 38.46, "obstaculo": 100.0, "rampa": 0.0, "rampa_faces": 0.0, "sem_calcada": 61.54, "sem_arvore": 100.0, "muitas_arvores": 0.0, "vao": 100.0, "V05400": 13, "V05421": 5, "V05406": 13, "V05412": 4, "V05422": 8, "V05424": 5, "V05427": 0, "V05409": 2, "V05415": 1, "V05418": 0, "V05430": 13, "V05433": 0, "criancas_0a4": 21, "em_favela": true }, "geometry": { "type": "Polygon", "coordinates": [ [ [ -46.74231, -23.648423 ], [ -46.742123, -23.648883 ], [ -46.742236, -23.649136 ], [ -46.742937, -23.649079 ], [ -46.743192, -23.648848 ], [ -46.7427, -23.648452 ], [ -46.742822, -23.648315 ], [ -46.742747, -23.648232 ], [ -46.742673, -23.648224 ], [ -46.742422, -23.6484 ], [ -46.74231, -23.648423 ] ] ] } },
{ "type": "Feature", "properties": { "CD_SETOR": "355030846000288", "faces": 8, "pavimentada": 100.0, "bueiro": 75.0, "iluminacao": 100.0, "onibus": 25.0, "ciclovia": 0.0, "calcada": 100.0, "obstaculo": 87.5, "rampa": 12.5, "rampa_faces": 12.5, "sem_calcada": 0.0, "sem_arvore": 12.5, "muitas_arvores": 25.0, "vao": 87.5, "V05400": 8, "V05421": 8, "V05406": 8, "V05412": 8, "V05422": 0, "V05424": 7, "V05427": 1, "V05409": 6, "V05415": 2, "V05418": 0, "V05430": 1, "V05433": 2, "criancas_0a4": 6, "em_favela": false }, "geometry": { "type": "Polygon", "coordinates": [ [ [ -46.736171, -23.645583 ], [ -46.736401, -23.645847 ], [ -46.736508, -23.646064 ], [ -46.736342, -23.646449 ], [ -46.736347, -23.646798 ], [ -46.736382, -23.647194 ], [ -46.736592, -23.64761 ], [ -46.736968, -23.647887 ], [ -46.737866, -23.647856 ], [ -46.738234, -23.647667 ], [ -46.738467, -23.647302 ], [ -46.738439, -23.64699 ], [ -46.73806, -23.647217 ], [ -46.737825, -23.647294 ], [ -46.737726, -23.645475 ], [ -46.736171, -23.645583 ] ] ] } },
{ "type": "Feature", "properties": { "CD_SETOR": "355030846000289", "faces": 12, "pavimentada": 100.0, "bueiro": 16.67, "iluminacao": 100.0, "onibus": 8.33, "ciclovia": 0.0, "calcada": 100.0, "obstaculo": 83.33, "rampa": 0.0, "rampa_faces": 0.0, "sem_calcada": 0.0, "sem_arvore": 41.67, "muitas_arvores": 0.0, "vao": 100.0, "V05400": 12, "V05421": 12, "V05406": 12, "V05412": 12, "V05422": 0, "V05424": 10, "V05427": 0, "V05409": 2, "V05415": 1, "V05418": 0, "V05430": 5, "V05433": 0, "criancas_0a4": 23, "em_favela": false }, "geometry": { "type": "Polygon", "coordinates": [ [ [ -46.736102, -23.650236 ], [ -46.736252, -23.650813 ], [ -46.73782, -23.650458 ], [ -46.737701, -23.649959 ], [ -46.737127, -23.64964 ], [ -46.736402, -23.648902 ], [ -46.735537, -23.649378 ], [ -46.736019, -23.64984 ], [ -46.736081, -23.649966 ], [ -46.736102, -23.650236 ] ] ] } },
{ "type": "Feature", "properties": { "CD_SETOR": "355030846000290", "faces": 16, "pavimentada": 100.0, "bueiro": 31.25, "iluminacao": 100.0, "onibus": 12.5, "ciclovia": 0.0, "calcada": 81.25, "obstaculo": 84.62, "rampa": 0.0, "rampa_faces": 0.0, "sem_calcada": 18.75, "sem_arvore": 75.0, "muitas_arvores": 0.0, "vao": 100.0, "V05400": 16, "V05421": 13, "V05406": 16, "V05412": 16, "V05422": 3, "V05424": 11, "V05427": 0, "V05409": 5, "V05415": 2, "V05418": 0, "V05430": 12, "V05433": 0, "criancas_0a4": 42, "em_favela": false }, "geometry": { "type": "Polygon", "coordinates": [ [ [ -46.733334, -23.647252 ], [ -46.734381, -23.649012 ], [ -46.734841, -23.649542 ], [ -46.735433, -23.650093 ], [ -46.735538, -23.650344 ], [ -46.736102, -23.650236 ], [ -46.736081, -23.649966 ], [ -46.736019, -23.64984 ], [ -46.735537, -23.649378 ], [ -46.736402, -23.648902 ], [ -46.736342, -23.648827 ], [ -46.735743, -23.648273 ], [ -46.734897, -23.648732 ], [ -46.733839, -23.647004 ], [ -46.733334, -23.647252 ] ] ] } },
{ "type": "Feature", "properties": { "CD_SETOR": "355030846000291", "faces": 11, "pavimentada": 100.0, "bueiro": 45.45, "iluminacao": 100.0, "onibus": 0.0, "ciclovia": 0.0, "calcada": 54.55, "obstaculo": 100.0, "rampa": 0.0, "rampa_faces": 0.0, "sem_calcada": 45.45, "sem_arvore": 54.55, "muitas_arvores": 0.0, "vao": 100.0, "V05400": 11, "V05421": 6, "V05406": 11, "V05412": 11, "V05422": 5, "V05424": 6, "V05427": 0, "V05409": 5, "V05415": 0, "V05418": 0, "V05430": 6, "V05433": 0, "criancas_0a4": 39, "em_favela": false }, "geometry": { "type": "Polygon", "coordinates": [ [ [ -46.732731, -23.647356 ], [ -46.733929, -23.649421 ], [ -46.734825, -23.650308 ], [ -46.734899, -23.650452 ], [ -46.735538, -23.650344 ], [ -46.735433, -23.650093 ], [ -46.734841, -23.649542 ], [ -46.734381, -23.649012 ], [ -46.733226, -23.64707 ], [ -46.732731, -23.647356 ] ] ] } },
{ "type": "Feature", "properties": { "CD_SETOR": "355030846000292", "faces": 37, "pavimentada": 100.0, "bueiro": 67.57, "iluminacao": 100.0, "onibus": 13.51, "ciclovia": 0.0, "calcada": 91.89, "obstaculo": 76.47, "rampa": 11.76, "rampa_faces": 10.81, "sem_calcada": 8.11, "sem_arvore": 59.46, "muitas_arvores": 13.51, "vao": 89.19, "V05400": 37, "V05421": 34, "V05406": 37, "V05412": 37, "V05422": 3, "V05424": 26, "V05427": 4, "V05409": 25, "V05415": 5, "V05418": 0, "V05430": 22, "V05433": 5, "criancas_0a4": 32, "em_favela": false }, "geometry": { "type": "Polygon", "coordinates": [ [ [ -46.745636, -23.640989 ], [ -46.745934, -23.642123 ], [ -46.746082, -23.642489 ], [ -46.744347, -23.642802 ], [ -46.744485, -23.643338 ], [ -46.745424, -23.643988 ], [ -46.745096, -23.644478 ], [ -46.745751, -23.645008 ], [ -46.747005, -23.643717 ], [ -46.746541, -23.643344 ], [ -46.747401, -23.643002 ], [ -46.747211, -23.642698 ], [ -46.747112, -23.642438 ], [ -46.746897, -23.640666 ], [ -46.746831, -23.640423 ], [ -46.746419, -23.640556 ], [ -46.745962, -23.640861 ], [ -46.745636, -23.640989 ] ] ] } },
{ "type": "Feature", "properties": { "CD_SETOR": "355030846000294", "faces": 28, "pavimentada": 100.0, "bueiro": 32.14, "iluminacao": 100.0, "onibus": 25.0, "ciclovia": 7.14, "calcada": 100.0, "obstaculo": 92.86, "rampa": 0.0, "rampa_faces": 0.0, "sem_calcada": 0.0, "sem_arvore": 64.29, "muitas_arvores": 0.0, "vao": 100.0, "V05400": 28, "V05421": 28, "V05406": 28, "V05412": 28, "V05422": 0, "V05424": 26, "V05427": 0, "V05409": 9, "V05415": 7, "V05418": 2, "V05430": 18, "V05433": 0, "criancas_0a4": 19, "em_favela": false }, "geometry": { "type": "Polygon", "coordinates": [ [ [ -46.739474, -23.642401 ], [ -46.739826, -23.64433 ], [ -46.739446, -23.644379 ], [ -46.739348, -23.644453 ], [ -46.739707, -23.646359 ], [ -46.740188, -23.646282 ], [ -46.740362, -23.647268 ], [ -46.740992, -23.64716 ], [ -46.741219, -23.647028 ], [ -46.740366, -23.642382 ], [ -46.739474, -23.642401 ] ] ] } },
{ "type": "Feature", "properties": { "CD_SETOR": "355030846000297", "faces": 9, "pavimentada": 100.0, "bueiro": 44.44, "iluminacao": 100.0, "onibus": 11.11, "ciclovia": 0.0, "calcada": 77.78, "obstaculo": 100.0, "rampa": 0.0, "rampa_faces": 0.0, "sem_calcada": 22.22, "sem_arvore": 77.78, "muitas_arvores": 0.0, "vao": 100.0, "V05400": 9, "V05421": 7, "V05406": 9, "V05412": 9, "V05422": 2, "V05424": 7, "V05427": 0, "V05409": 4, "V05415": 1, "V05418": 0, "V05430": 7, "V05433": 0, "criancas_0a4": 14, "em_favela": false }, "geometry": { "type": "Polygon", "coordinates": [ [ [ -46.734683, -23.648412 ], [ -46.734897, -23.648732 ], [ -46.73576, -23.648276 ], [ -46.73658, -23.649099 ], [ -46.737164, -23.648778 ], [ -46.7366, -23.648253 ], [ -46.736459, -23.647901 ], [ -46.736317, -23.647932 ], [ -46.736201, -23.647874 ], [ -46.736021, -23.648106 ], [ -46.73592, -23.648181 ], [ -46.735868, -23.648131 ], [ -46.73568, -23.647884 ], [ -46.735694, -23.647711 ], [ -46.73548, -23.64696 ], [ -46.734832, -23.648333 ], [ -46.734683, -23.648412 ] ] ] } },
{ "type": "Feature", "properties": { "CD_SETOR": "355030846000298", "faces": 14, "pavimentada": 92.86, "bueiro": 28.57, "iluminacao": 100.0, "onibus": 14.29, "ciclovia": 0.0, "calcada": 21.43, "obstaculo": 66.67, "rampa": 0.0, "rampa_faces": 0.0, "sem_calcada": 78.57, "sem_arvore": 78.57, "muitas_arvores": 0.0, "vao": 92.86, "V05400": 14, "V05421": 3, "V05406": 13, "V05412": 14, "V05422": 11, "V05424": 2, "V05427": 0, "V05409": 4, "V05415": 2, "V05418": 0, "V05430": 11, "V05433": 0, "criancas_0a4": 28, "em_favela": true }, "geometry": { "type": "Polygon", "coordinates": [ [ [ -46.735309, -23.646447 ], [ -46.735694, -23.647711 ], [ -46.73568, -23.647884 ], [ -46.73592, -23.648181 ], [ -46.736201, -23.647874 ], [ -46.736068, -23.647663 ], [ -46.736051, -23.647452 ], [ -46.735858, -23.646795 ], [ -46.735834, -23.646646 ], [ -46.735931, -23.646192 ], [ -46.735672, -23.645866 ], [ -46.735309, -23.646447 ] ] ] } },
{ "type": "Feature", "properties": { "CD_SETOR": "355030846000300", "faces": 4, "pavimentada": 100.0, "bueiro": 50.0, "iluminacao": 100.0, "onibus": 0.0, "ciclovia": 0.0, "calcada": 75.0, "obstaculo": 100.0, "rampa": 0.0, "rampa_faces": 0.0, "sem_calcada": 25.0, "sem_arvore": 25.0, "muitas_arvores": 50.0, "vao": 100.0, "V05400": 4, "V05421": 3, "V05406": 4, "V05412": 4, "V05422": 1, "V05424": 3, "V05427": 0, "V05409": 2, "V05415": 0, "V05418": 0, "V05430": 1, "V05433": 2, "criancas_0a4": 24, "em_favela": false }, "geometry": { "type": "Polygon", "coordinates": [ [ [ -46.73847, -23.684047 ], [ -46.738622, -23.68437 ], [ -46.738679, -23.684666 ], [ -46.738671, -23.685148 ], [ -46.73855, -23.6853 ], [ -46.739303, -23.685132 ], [ -46.739401, -23.684995 ], [ -46.739418, -23.684802 ], [ -46.739089, -23.683894 ], [ -46.73847, -23.684047 ] ] ] } },
{ "type": "Feature", "properties": { "CD_SETOR": "355030846000301", "faces": 6, "pavimentada": 100.0, "bueiro": 100.0, "iluminacao": 100.0, "onibus": 0.0, "ciclovia": 0.0, "calcada": 66.67, "obstaculo": 100.0, "rampa": 0.0, "rampa_faces": 0.0, "sem_calcada": 33.33, "sem_arvore": 50.0, "muitas_arvores": 50.0, "vao": 100.0, "V05400": 6, "V05421": 4, "V05406": 6, "V05412": 6, "V05422": 2, "V05424": 4, "V05427": 0, "V05409": 6, "V05415": 0, "V05418": 0, "V05430": 3, "V05433": 3, "criancas_0a4": 20, "em_favela": false }, "geometry": { "type": "Polygon", "coordinates": [ [ [ -46.737913, -23.682818 ], [ -46.73847, -23.684047 ], [ -46.739089, -23.683894 ], [ -46.738598, -23.682626 ], [ -46.737913, -23.682818 ] ] ] } },
{ "type": "Feature", "properties": { "CD_SETOR": "355030846000302", "faces": 5, "pavimentada": 100.0, "bueiro": 60.0, "iluminacao": 100.0, "onibus": 20.0, "ciclovia": 0.0, "calcada": 80.0, "obstaculo": 75.0, "rampa": 0.0, "rampa_faces": 0.0, "sem_calcada": 20.0, "sem_arvore": 20.0, "muitas_arvores": 80.0, "vao": 100.0, "V05400": 5, "V05421": 4, "V05406": 5, "V05412": 5, "V05422": 1, "V05424": 3, "V05427": 0, "V05409": 3, "V05415": 1, "V05418": 0, "V05430": 1, "V05433": 4, "criancas_0a4": 36, "em_favela": false }, "geometry": { "type": "Polygon", "coordinates": [ [ [ -46.737944, -23.684639 ], [ -46.73795, -23.684879 ], [ -46.737854, -23.685027 ], [ -46.737542, -23.685157 ], [ -46.736814, -23.685284 ], [ -46.737236, -23.685828 ], [ -46.737684, -23.686116 ], [ -46.73791, -23.686139 ], [ -46.737883, -23.685937 ], [ -46.737967, -23.685725 ], [ -46.73855, -23.6853 ], [ -46.738671, -23.685148 ], [ -46.73869, -23.684974 ], [ -46.738622, -23.68437 ], [ -46.737944, -23.684639 ] ] ] } },
{ "type": "Feature", "properties": { "CD_SETOR": "355030846000303", "faces": 4, "pavimentada": 100.0, "bueiro": 50.0, "iluminacao": 100.0, "onibus": 0.0, "ciclovia": 0.0, "calcada": 50.0, "obstaculo": 50.0, "rampa": 0.0, "rampa_faces": 0.0, "sem_calcada": 50.0, "sem_arvore": 50.0, "muitas_arvores": 50.0, "vao": 100.0, "V05400": 4, "V05421": 2, "V05406": 4, "V05412": 4, "V05422": 2, "V05424": 1, "V05427": 0, "V05409": 2, "V05415": 0, "V05418": 0, "V05430": 2, "V05433": 2, "criancas_0a4": 22, "em_favela": false }, "geometry": { "type": "Polygon", "coordinates": [ [ [ -46.737944, -23.684639 ], [ -46.738622, -23.68437 ], [ -46.738097, -23.68325 ], [ -46.737347, -23.683605 ], [ -46.737922, -23.684504 ], [ -46.737944, -23.684639 ] ] ] } },
{ "type": "Feature", "properties": { "CD_SETOR": "355030846000304", "faces": 17, "pavimentada": 100.0, "bueiro": 29.41, "iluminacao": 94.12, "onibus": 0.0, "ciclovia": 0.0, "calcada": 88.24, "obstaculo": 93.33, "rampa": 0.0, "rampa_faces": 0.0, "sem_calcada": 11.76, "sem_arvore": 47.06, "muitas_arvores": 17.65, "vao": 100.0, "V05400": 17, "V05421": 15, "V05406": 17, "V05412": 16, "V05422": 2, "V05424": 14, "V05427": 0, "V05409": 5, "V05415": 0, "V05418": 0, "V05430": 8, "V05433": 3, "criancas_0a4": 53, "em_favela": false }, "geometry": { "type": "Polygon", "coordinates": [ [ [ -46.746059, -23.676829 ], [ -46.744214, -23.677053 ], [ -46.744342, -23.677552 ], [ -46.745043, -23.679554 ], [ -46.745151, -23.679817 ], [ -46.745252, -23.679876 ], [ -46.745361, -23.678997 ], [ -46.745488, -23.678713 ], [ -46.746035, -23.677905 ], [ -46.746059, -23.676829 ] ] ] } },
{ "type": "Feature", "properties": { "CD_SETOR": "355030846000311", "faces": 8, "pavimentada": 100.0, "bueiro": 50.0, "iluminacao": 100.0, "onibus": 25.0, "ciclovia": 0.0, "calcada": 87.5, "obstaculo": 100.0, "rampa": 14.29, "rampa_faces": 12.5, "sem_calcada": 12.5, "sem_arvore": 12.5, "muitas_arvores": 50.0, "vao": 87.5, "V05400": 8, "V05421": 7, "V05406": 8, "V05412": 8, "V05422": 1, "V05424": 7, "V05427": 1, "V05409": 4, "V05415": 2, "V05418": 0, "V05430": 1, "V05433": 4, "criancas_0a4": 26, "em_favela": false }, "geometry": { "type": "Polygon", "coordinates": [ [ [ -46.743661, -23.666814 ], [ -46.742859, -23.667732 ], [ -46.743756, -23.668418 ], [ -46.744412, -23.667681 ], [ -46.744085, -23.667248 ], [ -46.744695, -23.666529 ], [ -46.74384, -23.666817 ], [ -46.743661, -23.666814 ] ] ] } },
{ "type": "Feature", "properties": { "CD_SETOR": "355030846000312", "faces": 24, "pavimentada": 100.0, "bueiro": 37.5, "iluminacao": 100.0, "onibus": 8.33, "ciclovia": 0.0, "calcada": 79.17, "obstaculo": 84.21, "rampa": 0.0, "rampa_faces": 0.0, "sem_calcada": 20.83, "sem_arvore": 87.5, "muitas_arvores": 4.17, "vao": 100.0, "V05400": 24, "V05421": 19, "V05406": 24, "V05412": 24, "V05422": 5, "V05424": 16, "V05427": 0, "V05409": 9, "V05415": 2, "V05418": 0, "V05430": 21, "V05433": 1, "criancas_0a4": 27, "em_favela": false }, "geometry": { "type": "Polygon", "coordinates": [ [ [ -46.735929, -23.657342 ], [ -46.736048, -23.657627 ], [ -46.736547, -23.658295 ], [ -46.737142, -23.658721 ], [ -46.737769, -23.658882 ], [ -46.738686, -23.658944 ], [ -46.738844, -23.658269 ], [ -46.738805, -23.658264 ], [ -46.73878, -23.657857 ], [ -46.73864, -23.657662 ], [ -46.739074, -23.657596 ], [ -46.739374, -23.657883 ], [ -46.739418, -23.658023 ], [ -46.739919, -23.658362 ], [ -46.740159, -23.657949 ], [ -46.739763, -23.657575 ], [ -46.739213, -23.657419 ], [ -46.738674, -23.657178 ], [ -46.738292, -23.657571 ], [ -46.735869, -23.656808 ], [ -46.735929, -23.657342 ] ] ] } },
{ "type": "Feature", "properties": { "CD_SETOR": "355030846000313", "faces": 14, "pavimentada": 100.0, "bueiro": 7.14, "iluminacao": 100.0, "onibus": 0.0, "ciclovia": 0.0, "calcada": 14.29, "obstaculo": 100.0, "rampa": 0.0, "rampa_faces": 0.0, "sem_calcada": 85.71, "sem_arvore": 100.0, "muitas_arvores": 0.0, "vao": 100.0, "V05400": 14, "V05421": 2, "V05406": 14, "V05412": 14, "V05422": 12, "V05424": 2, "V05427": 0, "V05409": 1, "V05415": 0, "V05418": 0, "V05430": 14, "V05433": 0, "criancas_0a4": 56, "em_favela": true }, "geometry": { "type": "Polygon", "coordinates": [ [ [ -46.738686, -23.658944 ], [ -46.739031, -23.659002 ], [ -46.739292, -23.659119 ], [ -46.739395, -23.658956 ], [ -46.739572, -23.658959 ], [ -46.739919, -23.658362 ], [ -46.739418, -23.658023 ], [ -46.739374, -23.657883 ], [ -46.739074, -23.657596 ], [ -46.73864, -23.657662 ], [ -46.73878, -23.657857 ], [ -46.738805, -23.658264 ], [ -46.738844, -23.658269 ], [ -46.738686, -23.658944 ] ] ] } },
{ "type": "Feature", "properties": { "CD_SETOR": "355030846000314", "faces": 7, "pavimentada": 100.0, "bueiro": 71.43, "iluminacao": 100.0, "onibus": 0.0, "ciclovia": 0.0, "calcada": 57.14, "obstaculo": 100.0, "rampa": 0.0, "rampa_faces": 0.0, "sem_calcada": 42.86, "sem_arvore": 71.43, "muitas_arvores": 0.0, "vao": 100.0, "V05400": 7, "V05421": 4, "V05406": 7, "V05412": 7, "V05422": 3, "V05424": 4, "V05427": 0, "V05409": 5, "V05415": 0, "V05418": 0, "V05430": 5, "V05433": 0, "criancas_0a4": 26, "em_favela": true }, "geometry": { "type": "Polygon", "coordinates": [ [ [ -46.742896, -23.68622 ], [ -46.743149, -23.686503 ], [ -46.743247, -23.686872 ], [ -46.743386, -23.687119 ], [ -46.74343, -23.687469 ], [ -46.743554, -23.687525 ], [ -46.743709, -23.688018 ], [ -46.744119, -23.688679 ], [ -46.745177, -23.68919 ], [ -46.745221, -23.688963 ], [ -46.744263, -23.688471 ], [ -46.744049, -23.688272 ], [ -46.743888, -23.687973 ], [ -46.743312, -23.686368 ], [ -46.742957, -23.686198 ], [ -46.742896, -23.68622 ] ] ] } },
{ "type": "Feature", "properties": { "CD_SETOR": "355030846000315", "faces": 12, "pavimentada": 100.0, "bueiro": 58.33, "iluminacao": 100.0, "onibus": 0.0, "ciclovia": 0.0, "calcada": 58.33, "obstaculo": 85.71, "rampa": 0.0, "rampa_faces": 0.0, "sem_calcada": 41.67, "sem_arvore": 58.33, "muitas_arvores": 0.0, "vao": 100.0, "V05400": 12, "V05421": 7, "V05406": 12, "V05412": 12, "V05422": 5, "V05424": 6, "V05427": 0, "V05409": 7, "V05415": 0, "V05418": 0, "V05430": 7, "V05433": 0, "criancas_0a4": 73, "em_favela": false }, "geometry": { "type": "Polygon", "coordinates": [ [ [ -46.746869, -23.688853 ], [ -46.746792, -23.688227 ], [ -46.746637, -23.687762 ], [ -46.745311, -23.685755 ], [ -46.74483, -23.685129 ], [ -46.744371, -23.685271 ], [ -46.745002, -23.686101 ], [ -46.746234, -23.688194 ], [ -46.746277, -23.688352 ], [ -46.746229, -23.688559 ], [ -46.746438, -23.688707 ], [ -46.746741, -23.688828 ], [ -46.746869, -23.688853 ] ] ] } },
{ "type": "Feature", "properties": { "CD_SETOR": "355030846000316", "faces": 9, "pavimentada": 100.0, "bueiro": 55.56, "iluminacao": 100.0, "onibus": 11.11, "ciclovia": 0.0, "calcada": 22.22, "obstaculo": 100.0, "rampa": 0.0, "rampa_faces": 0.0, "sem_calcada": 77.78, "sem_arvore": 100.0, "muitas_arvores": 0.0, "vao": 100.0, "V05400": 9, "V05421": 2, "V05406": 9, "V05412": 9, "V05422": 7, "V05424": 2, "V05427": 0, "V05409": 5, "V05415": 1, "V05418": 0, "V05430": 9, "V05433": 0, "criancas_0a4": 41, "em_favela": true }, "geometry": { "type": "Polygon", "coordinates": [ [ [ -46.746351, -23.686266 ], [ -46.746429, -23.686574 ], [ -46.74659, -23.686889 ], [ -46.746844, -23.686172 ], [ -46.747057, -23.685306 ], [ -46.746953, -23.685197 ], [ -46.746939, -23.685098 ], [ -46.747035, -23.685096 ], [ -46.747072, -23.684888 ], [ -46.747145, -23.684865 ], [ -46.747159, -23.684767 ], [ -46.746888, -23.684618 ], [ -46.746548, -23.684571 ], [ -46.746213, -23.684704 ], [ -46.746352, -23.685184 ], [ -46.746172, -23.685566 ], [ -46.746424, -23.685812 ], [ -46.746405, -23.685955 ], [ -46.746271, -23.686065 ], [ -46.746439, -23.686156 ], [ -46.746351, -23.686266 ] ] ] } },
{ "type": "Feature", "properties": { "CD_SETOR": "355030846000317", "faces": 13, "pavimentada": 100.0, "bueiro": 30.77, "iluminacao": 100.0, "onibus": 0.0, "ciclovia": 0.0, "calcada": 61.54, "obstaculo": 62.5, "rampa": 0.0, "rampa_faces": 0.0, "sem_calcada": 38.46, "sem_arvore": 53.85, "muitas_arvores": 23.08, "vao": 100.0, "V05400": 13, "V05421": 8, "V05406": 13, "V05412": 13, "V05422": 5, "V05424": 5, "V05427": 0, "V05409": 4, "V05415": 0, "V05418": 0, "V05430": 7, "V05433": 3, "criancas_0a4": 73, "em_favela": false }, "geometry": { "type": "Polygon", "coordinates": [ [ [ -46.750091, -23.663085 ], [ -46.750062, -23.664565 ], [ -46.750577, -23.664664 ], [ -46.751109, -23.664557 ], [ -46.752012, -23.664804 ], [ -46.75228, -23.664808 ], [ -46.751899, -23.664208 ], [ -46.751243, -23.664 ], [ -46.751452, -23.663388 ], [ -46.750859, -23.663172 ], [ -46.750091, -23.663085 ] ] ] } },
{ "type": "Feature", "properties": { "CD_SETOR": "355030846000318", "faces": 10, "pavimentada": 100.0, "bueiro": 10.0, "iluminacao": 50.0, "onibus": 10.0, "ciclovia": 0.0, "calcada": 30.0, "obstaculo": 100.0, "rampa": 0.0, "rampa_faces": 0.0, "sem_calcada": 70.0, "sem_arvore": 100.0, "muitas_arvores": 0.0, "vao": 100.0, "V05400": 10, "V05421": 3, "V05406": 10, "V05412": 5, "V05422": 7, "V05424": 3, "V05427": 0, "V05409": 1, "V05415": 1, "V05418": 0, "V05430": 10, "V05433": 0, "criancas_0a4": 24, "em_favela": true }, "geometry": { "type": "Polygon", "coordinates": [ [ [ -46.750863, -23.65548 ], [ -46.751576, -23.655938 ], [ -46.751575, -23.656076 ], [ -46.751973, -23.655557 ], [ -46.752367, -23.655206 ], [ -46.752253, -23.655018 ], [ -46.752146, -23.654985 ], [ -46.751815, -23.654713 ], [ -46.750863, -23.65548 ] ] ] } },
{ "type": "Feature", "properties": { "CD_SETOR": "355030846000319", "faces": 28, "pavimentada": 100.0, "bueiro": 39.29, "iluminacao": 100.0, "onibus": 10.71, "ciclovia": 3.57, "calcada": 96.43, "obstaculo": 81.48, "rampa": 14.81, "rampa_faces": 14.29, "sem_calcada": 3.57, "sem_arvore": 64.29, "muitas_arvores": 28.57, "vao": 85.71, "V05400": 28, "V05421": 27, "V05406": 28, "V05412": 28, "V05422": 1, "V05424": 22, "V05427": 4, "V05409": 11, "V05415": 3, "V05418": 1, "V05430": 18, "V05433": 8, "criancas_0a4": 56, "em_favela": false }, "geometry": { "type": "Polygon", "coordinates": [ [ [ -46.741952, -23.657714 ], [ -46.743079, -23.658887 ], [ -46.743362, -23.659099 ], [ -46.744197, -23.65948 ], [ -46.744648, -23.658497 ], [ -46.743819, -23.658139 ], [ -46.742787, -23.657137 ], [ -46.742312, -23.657369 ], [ -46.741952, -23.657714 ] ] ] } },
{ "type": "Feature", "properties": { "CD_SETOR": "355030846000322", "faces": 10, "pavimentada": 100.0, "bueiro": 50.0, "iluminacao": 100.0, "onibus": 0.0, "ciclovia": 0.0, "calcada": 80.0, "obstaculo": 100.0, "rampa": 0.0, "rampa_faces": 0.0, "sem_calcada": 20.0, "sem_arvore": 60.0, "muitas_arvores": 0.0, "vao": 100.0, "V05400": 10, "V05421": 8, "V05406": 10, "V05412": 10, "V05422": 2, "V05424": 8, "V05427": 0, "V05409": 5, "V05415": 0, "V05418": 0, "V05430": 6, "V05433": 0, "criancas_0a4": 28, "em_favela": false }, "geometry": { "type": "Polygon", "coordinates": [ [ [ -46.749978, -23.673994 ], [ -46.749828, -23.674199 ], [ -46.750615, -23.674631 ], [ -46.75105, -23.674713 ], [ -46.751948, -23.674745 ], [ -46.752297, -23.674994 ], [ -46.752438, -23.674212 ], [ -46.751348, -23.673914 ], [ -46.751072, -23.674219 ], [ -46.750498, -23.673931 ], [ -46.749978, -23.673994 ] ] ] } },
{ "type": "Feature", "properties": { "CD_SETOR": "355030846000323", "faces": 19, "pavimentada": 100.0, "bueiro": 68.42, "iluminacao": 100.0, "onibus": 15.79, "ciclovia": 0.0, "calcada": 84.21, "obstaculo": 100.0, "rampa": 43.75, "rampa_faces": 36.84, "sem_calcada": 15.79, "sem_arvore": 21.05, "muitas_arvores": 57.89, "vao": 63.16, "V05400": 19, "V05421": 16, "V05406": 19, "V05412": 19, "V05422": 3, "V05424": 16, "V05427": 7, "V05409": 13, "V05415": 3, "V05418": 0, "V05430": 4, "V05433": 11, "criancas_0a4": 54, "em_favela": false }, "geometry": { "type": "Polygon", "coordinates": [ [ [ -46.746452, -23.66644 ], [ -46.745906, -23.666884 ], [ -46.745784, -23.667069 ], [ -46.745818, -23.667146 ], [ -46.745455, -23.668682 ], [ -46.745451, -23.668884 ], [ -46.745589, -23.669221 ], [ -46.745641, -23.668745 ], [ -46.745753, -23.668469 ], [ -46.745916, -23.668317 ], [ -46.74635, -23.66816 ], [ -46.746493, -23.667759 ], [ -46.746656, -23.667585 ], [ -46.74693, -23.667578 ], [ -46.747252, -23.667815 ], [ -46.747613, -23.667947 ], [ -46.747691, -23.667905 ], [ -46.747766, -23.667738 ], [ -46.748059, -23.667723 ], [ -46.748197, -23.667958 ], [ -46.747878, -23.66841 ], [ -46.749304, -23.66788 ], [ -46.7495, -23.667575 ], [ -46.7494, -23.667488 ], [ -46.749085, -23.666927 ], [ -46.749097, -23.666662 ], [ -46.749304, -23.666356 ], [ -46.748535, -23.666339 ], [ -46.748169, -23.665782 ], [ -46.747705, -23.665588 ], [ -46.747857, -23.665815 ], [ -46.747826, -23.665848 ], [ -46.748301, -23.666449 ], [ -46.747837, -23.667093 ], [ -46.74771, -23.667003 ], [ -46.74733, -23.666887 ], [ -46.746903, -23.666912 ], [ -46.746452, -23.66644 ] ] ] } },
{ "type": "Feature", "properties": { "CD_SETOR": "355030846000324", "faces": 7, "pavimentada": 100.0, "bueiro": 71.43, "iluminacao": 85.71, "onibus": 0.0, "ciclovia": 0.0, "calcada": 85.71, "obstaculo": 100.0, "rampa": 0.0, "rampa_faces": 0.0, "sem_calcada": 14.29, "sem_arvore": 57.14, "muitas_arvores": 14.29, "vao": 100.0, "V05400": 7, "V05421": 6, "V05406": 7, "V05412": 6, "V05422": 1, "V05424": 6, "V05427": 0, "V05409": 5, "V05415": 0, "V05418": 0, "V05430": 4, "V05433": 1, "criancas_0a4": 29, "em_favela": false }, "geometry": { "type": "Polygon", "coordinates": [ [ [ -46.742896, -23.68622 ], [ -46.742957, -23.686198 ], [ -46.743312, -23.686368 ], [ -46.743888, -23.687973 ], [ -46.744132, -23.68837 ], [ -46.745221, -23.688963 ], [ -46.745195, -23.688567 ], [ -46.744971, -23.688098 ], [ -46.744675, -23.688183 ], [ -46.744543, -23.68816 ], [ -46.74448, -23.688067 ], [ -46.744306, -23.6877 ], [ -46.743878, -23.686464 ], [ -46.743764, -23.686308 ], [ -46.743505, -23.686006 ], [ -46.743316, -23.685909 ], [ -46.742894, -23.685803 ], [ -46.742834, -23.685725 ], [ -46.742693, -23.685783 ], [ -46.742704, -23.686102 ], [ -46.742896, -23.68622 ] ] ] } },
{ "type": "Feature", "properties": { "CD_SETOR": "355030846000325", "faces": 8, "pavimentada": 100.0, "bueiro": 87.5, "iluminacao": 100.0, "onibus": 12.5, "ciclovia": 12.5, "calcada": 75.0, "obstaculo": 83.33, "rampa": 0.0, "rampa_faces": 0.0, "sem_calcada": 25.0, "sem_arvore": 25.0, "muitas_arvores": 62.5, "vao": 100.0, "V05400": 8, "V05421": 6, "V05406": 8, "V05412": 8, "V05422": 2, "V05424": 5, "V05427": 0, "V05409": 7, "V05415": 1, "V05418": 1, "V05430": 2, "V05433": 5, "criancas_0a4": 30, "em_favela": false }, "geometry": { "type": "Polygon", "coordinates": [ [ [ -46.749755, -23.661592 ], [ -46.750957, -23.661785 ], [ -46.751043, -23.661459 ], [ -46.751025, -23.661323 ], [ -46.750866, -23.661215 ], [ -46.750684, -23.66143 ], [ -46.750231, -23.661296 ], [ -46.75032, -23.661106 ], [ -46.750273, -23.660945 ], [ -46.750615, -23.660588 ], [ -46.750765, -23.660654 ], [ -46.75149, -23.659241 ], [ -46.750878, -23.659 ], [ -46.749755, -23.661592 ] ] ] } },
{ "type": "Feature", "properties": { "CD_SETOR": "355030846000326", "faces": 13, "pavimentada": 100.0, "bueiro": 61.54, "iluminacao": 100.0, "onibus": 0.0, "ciclovia": 0.0, "calcada": 76.92, "obstaculo": 90.0, "rampa": 10.0, "rampa_faces": 7.69, "sem_calcada": 23.08, "sem_arvore": 23.08, "muitas_arvores": 23.08, "vao": 92.31, "V05400": 13, "V05421": 10, "V05406": 13, "V05412": 13, "V05422": 3, "V05424": 9, "V05427": 1, "V05409": 8, "V05415": 0, "V05418": 0, "V05430": 3, "V05433": 3, "criancas_0a4": 43, "em_favela": false }, "geometry": { "type": "Polygon", "coordinates": [ [ [ -46.754305, -23.669538 ], [ -46.753833, -23.669809 ], [ -46.75355, -23.670533 ], [ -46.7534, -23.670677 ], [ -46.753455, -23.671137 ], [ -46.754763, -23.670542 ], [ -46.754857, -23.670414 ], [ -46.755408, -23.670122 ], [ -46.75515, -23.669823 ], [ -46.754494, -23.668664 ], [ -46.754295, -23.668756 ], [ -46.754161, -23.66888 ], [ -46.754137, -23.669189 ], [ -46.754305, -23.669538 ] ] ] } },
{ "type": "Feature", "properties": { "CD_SETOR": "355030846000327", "faces": 3, "pavimentada": 100.0, "bueiro": 66.67, "iluminacao": 100.0, "onibus": 0.0, "ciclovia": 0.0, "calcada": 100.0, "obstaculo": 100.0, "rampa": 0.0, "rampa_faces": 0.0, "sem_calcada": 0.0, "sem_arvore": 0.0, "muitas_arvores": 0.0, "vao": 100.0, "V05400": 3, "V05421": 3, "V05406": 3, "V05412": 3, "V05422": 0, "V05424": 3, "V05427": 0, "V05409": 2, "V05415": 0, "V05418": 0, "V05430": 0, "V05433": 0, "criancas_0a4": 20, "em_favela": false }, "geometry": { "type": "Polygon", "coordinates": [ [ [ -46.75269, -23.658279 ], [ -46.751562, -23.660287 ], [ -46.752093, -23.660548 ], [ -46.753255, -23.658493 ], [ -46.75269, -23.658279 ] ] ] } },
{ "type": "Feature", "properties": { "CD_SETOR": "355030846000328", "faces": 27, "pavimentada": 100.0, "bueiro": 59.26, "iluminacao": 88.89, "onibus": 11.11, "ciclovia": 0.0, "calcada": 59.26, "obstaculo": 93.75, "rampa": 12.5, "rampa_faces": 7.41, "sem_calcada": 40.74, "sem_arvore": 77.78, "muitas_arvores": 3.7, "vao": 92.59, "V05400": 27, "V05421": 16, "V05406": 27, "V05412": 24, "V05422": 11, "V05424": 15, "V05427": 2, "V05409": 16, "V05415": 3, "V05418": 0, "V05430": 21, "V05433": 1, "criancas_0a4": 54, "em_favela": false }, "geometry": { "type": "Polygon", "coordinates": [ [ [ -46.743287, -23.65678 ], [ -46.742787, -23.657137 ], [ -46.743051, -23.657414 ], [ -46.743819, -23.658139 ], [ -46.744174, -23.658309 ], [ -46.744207, -23.658164 ], [ -46.74417, -23.656533 ], [ -46.744835, -23.657051 ], [ -46.744991, -23.657107 ], [ -46.745391, -23.65711 ], [ -46.745575, -23.655894 ], [ -46.744136, -23.655792 ], [ -46.744168, -23.65641 ], [ -46.743721, -23.656418 ], [ -46.743462, -23.656321 ], [ -46.743287, -23.65678 ] ] ] } },
{ "type": "Feature", "properties": { "CD_SETOR": "355030846000330", "faces": 11, "pavimentada": 100.0, "bueiro": 27.27, "iluminacao": 100.0, "onibus": 0.0, "ciclovia": 0.0, "calcada": 100.0, "obstaculo": 90.91, "rampa": 9.09, "rampa_faces": 9.09, "sem_calcada": 0.0, "sem_arvore": 72.73, "muitas_arvores": 18.18, "vao": 90.91, "V05400": 11, "V05421": 11, "V05406": 11, "V05412": 11, "V05422": 0, "V05424": 10, "V05427": 1, "V05409": 3, "V05415": 0, "V05418": 0, "V05430": 8, "V05433": 2, "criancas_0a4": 30, "em_favela": false }, "geometry": { "type": "Polygon", "coordinates": [ [ [ -46.739878, -23.653054 ], [ -46.741234, -23.653507 ], [ -46.741356, -23.652724 ], [ -46.741097, -23.652409 ], [ -46.740979, -23.652179 ], [ -46.740756, -23.651281 ], [ -46.740632, -23.651258 ], [ -46.740287, -23.651364 ], [ -46.739983, -23.651197 ], [ -46.739755, -23.652506 ], [ -46.739911, -23.652531 ], [ -46.740238, -23.65249 ], [ -46.739878, -23.653054 ] ] ] } },
{ "type": "Feature", "properties": { "CD_SETOR": "355030846000332", "faces": 19, "pavimentada": 100.0, "bueiro": 10.53, "iluminacao": 84.21, "onibus": 0.0, "ciclovia": 0.0, "calcada": 21.05, "obstaculo": 75.0, "rampa": 0.0, "rampa_faces": 0.0, "sem_calcada": 78.95, "sem_arvore": 100.0, "muitas_arvores": 0.0, "vao": 100.0, "V05400": 19, "V05421": 4, "V05406": 19, "V05412": 16, "V05422": 15, "V05424": 3, "V05427": 0, "V05409": 2, "V05415": 0, "V05418": 0, "V05430": 19, "V05433": 0, "criancas_0a4": 40, "em_favela": true }, "geometry": { "type": "Polygon", "coordinates": [ [ [ -46.741829, -23.660588 ], [ -46.741799, -23.661107 ], [ -46.741747, -23.661248 ], [ -46.74139, -23.661606 ], [ -46.741153, -23.661723 ], [ -46.741269, -23.662118 ], [ -46.74174, -23.661939 ], [ -46.741917, -23.662249 ], [ -46.74248, -23.661703 ], [ -46.742633, -23.661466 ], [ -46.742754, -23.661058 ], [ -46.741829, -23.660588 ] ] ] } },
{ "type": "Feature", "properties": { "CD_SETOR": "355030846000333", "faces": 8, "pavimentada": 100.0, "bueiro": 100.0, "iluminacao": 87.5, "onibus": 0.0, "ciclovia": 0.0, "calcada": 75.0, "obstaculo": 100.0, "rampa": 0.0, "rampa_faces": 0.0, "sem_calcada": 25.0, "sem_arvore": 87.5, "muitas_arvores": 0.0, "vao": 100.0, "V05400": 8, "V05421": 6, "V05406": 8, "V05412": 7, "V05422": 2, "V05424": 6, "V05427": 0, "V05409": 8, "V05415": 0, "V05418": 0, "V05430": 7, "V05433": 0, "criancas_0a4": 28, "em_favela": true }, "geometry": { "type": "Polygon", "coordinates": [ [ [ -46.745195, -23.688567 ], [ -46.745221, -23.688963 ], [ -46.745177, -23.68919 ], [ -46.745444, -23.689227 ], [ -46.745757, -23.689182 ], [ -46.746478, -23.689435 ], [ -46.746907, -23.689437 ], [ -46.746869, -23.688853 ], [ -46.746438, -23.688707 ], [ -46.746229, -23.688559 ], [ -46.745195, -23.688567 ] ] ] } },
{ "type": "Feature", "properties": { "CD_SETOR": "355030846000334", "faces": 3, "pavimentada": 100.0, "bueiro": 66.67, "iluminacao": 100.0, "onibus": 0.0, "ciclovia": 0.0, "calcada": 66.67, "obstaculo": 100.0, "rampa": 0.0, "rampa_faces": 0.0, "sem_calcada": 33.33, "sem_arvore": 33.33, "muitas_arvores": 66.67, "vao": 100.0, "V05400": 3, "V05421": 2, "V05406": 3, "V05412": 3, "V05422": 1, "V05424": 2, "V05427": 0, "V05409": 2, "V05415": 0, "V05418": 0, "V05430": 1, "V05433": 2, "criancas_0a4": 21, "em_favela": false }, "geometry": { "type": "Polygon", "coordinates": [ [ [ -46.759097, -23.664619 ], [ -46.759307, -23.664932 ], [ -46.759351, -23.665075 ], [ -46.759337, -23.665338 ], [ -46.759244, -23.665523 ], [ -46.759676, -23.665593 ], [ -46.759974, -23.665558 ], [ -46.76063, -23.6653 ], [ -46.760272, -23.664821 ], [ -46.759766, -23.664517 ], [ -46.759485, -23.664249 ], [ -46.759097, -23.664619 ] ] ] } },
{ "type": "Feature", "properties": { "CD_SETOR": "355030846000335", "faces": 1, "pavimentada": 100.0, "bueiro": 100.0, "iluminacao": 100.0, "onibus": 0.0, "ciclovia": 0.0, "calcada": 100.0, "obstaculo": 100.0, "rampa": 0.0, "rampa_faces": 0.0, "sem_calcada": 0.0, "sem_arvore": 0.0, "muitas_arvores": 0.0, "vao": 100.0, "V05400": 1, "V05421": 1, "V05406": 1, "V05412": 1, "V05422": 0, "V05424": 1, "V05427": 0, "V05409": 1, "V05415": 0, "V05418": 0, "V05430": 0, "V05433": 0, "criancas_0a4": 22, "em_favela": false }, "geometry": { "type": "Polygon", "coordinates": [ [ [ -46.761651, -23.66646 ], [ -46.761733, -23.665954 ], [ -46.761074, -23.665943 ], [ -46.760772, -23.6657 ], [ -46.760549, -23.666618 ], [ -46.761651, -23.66646 ] ] ] } },
{ "type": "Feature", "properties": { "CD_SETOR": "355030846000336", "faces": 2, "pavimentada": 100.0, "bueiro": 100.0, "iluminacao": 100.0, "onibus": 0.0, "ciclovia": 0.0, "calcada": 100.0, "obstaculo": 100.0, "rampa": 0.0, "rampa_faces": 0.0, "sem_calcada": 0.0, "sem_arvore": 0.0, "muitas_arvores": 100.0, "vao": 100.0, "V05400": 2, "V05421": 2, "V05406": 2, "V05412": 2, "V05422": 0, "V05424": 2, "V05427": 0, "V05409": 2, "V05415": 0, "V05418": 0, "V05430": 0, "V05433": 2, "criancas_0a4": 36, "em_favela": false }, "geometry": { "type": "Polygon", "coordinates": [ [ [ -46.759485, -23.664249 ], [ -46.759766, -23.664517 ], [ -46.760158, -23.664727 ], [ -46.760378, -23.664925 ], [ -46.760603, -23.665237 ], [ -46.760772, -23.6657 ], [ -46.760936, -23.665845 ], [ -46.761074, -23.665943 ], [ -46.76157, -23.665947 ], [ -46.761122, -23.664858 ], [ -46.760607, -23.664317 ], [ -46.760387, -23.664165 ], [ -46.759848, -23.663963 ], [ -46.759485, -23.664249 ] ] ] } },
{ "type": "Feature", "properties": { "CD_SETOR": "355030846000339", "faces": 1, "pavimentada": 100.0, "bueiro": 0.0, "iluminacao": 100.0, "onibus": 100.0, "ciclovia": 100.0, "calcada": 100.0, "obstaculo": 100.0, "rampa": 0.0, "rampa_faces": 0.0, "sem_calcada": 0.0, "sem_arvore": 0.0, "muitas_arvores": 100.0, "vao": 100.0, "V05400": 1, "V05421": 1, "V05406": 1, "V05412": 1, "V05422": 0, "V05424": 1, "V05427": 0, "V05409": 0, "V05415": 1, "V05418": 1, "V05430": 0, "V05433": 1, "criancas_0a4": 36, "em_favela": false }, "geometry": { "type": "Polygon", "coordinates": [ [ [ -46.751954, -23.661892 ], [ -46.751128, -23.661804 ], [ -46.75098, -23.662664 ], [ -46.751778, -23.662825 ], [ -46.751954, -23.661892 ] ] ] } },
{ "type": "Feature", "properties": { "CD_SETOR": "355030846000340", "faces": 5, "pavimentada": 100.0, "bueiro": 20.0, "iluminacao": 100.0, "onibus": 0.0, "ciclovia": 0.0, "calcada": 80.0, "obstaculo": 25.0, "rampa": 50.0, "rampa_faces": 40.0, "sem_calcada": 20.0, "sem_arvore": 60.0, "muitas_arvores": 40.0, "vao": 60.0, "V05400": 5, "V05421": 4, "V05406": 5, "V05412": 5, "V05422": 1, "V05424": 1, "V05427": 2, "V05409": 1, "V05415": 0, "V05418": 0, "V05430": 3, "V05433": 2, "criancas_0a4": 18, "em_favela": false }, "geometry": { "type": "Polygon", "coordinates": [ [ [ -46.729258, -23.665052 ], [ -46.729129, -23.667476 ], [ -46.729567, -23.667552 ], [ -46.72981, -23.665275 ], [ -46.729879, -23.665213 ], [ -46.729817, -23.665072 ], [ -46.729258, -23.665052 ] ] ] } },
{ "type": "Feature", "properties": { "CD_SETOR": "355030846000341", "faces": 9, "pavimentada": 100.0, "bueiro": 22.22, "iluminacao": 100.0, "onibus": 11.11, "ciclovia": 11.11, "calcada": 55.56, "obstaculo": 100.0, "rampa": 0.0, "rampa_faces": 0.0, "sem_calcada": 44.44, "sem_arvore": 100.0, "muitas_arvores": 0.0, "vao": 100.0, "V05400": 9, "V05421": 5, "V05406": 9, "V05412": 9, "V05422": 4, "V05424": 5, "V05427": 0, "V05409": 2, "V05415": 1, "V05418": 1, "V05430": 9, "V05433": 0, "criancas_0a4": 29, "em_favela": true }, "geometry": { "type": "Polygon", "coordinates": [ [ [ -46.755853, -23.660785 ], [ -46.755609, -23.661537 ], [ -46.755408, -23.661938 ], [ -46.756131, -23.661994 ], [ -46.75628, -23.661947 ], [ -46.75628, -23.66168 ], [ -46.756126, -23.661275 ], [ -46.756201, -23.660852 ], [ -46.756275, -23.660731 ], [ -46.756521, -23.660645 ], [ -46.756649, -23.660493 ], [ -46.756955, -23.660301 ], [ -46.756876, -23.660191 ], [ -46.756409, -23.660456 ], [ -46.756059, -23.660507 ], [ -46.755923, -23.660744 ], [ -46.755853, -23.660785 ] ] ] } },
{ "type": "Feature", "properties": { "CD_SETOR": "355030846000342", "faces": 6, "pavimentada": 100.0, "bueiro": 50.0, "iluminacao": 100.0, "onibus": 0.0, "ciclovia": 100.0, "calcada": 100.0, "obstaculo": 33.33, "rampa": 33.33, "rampa_faces": 33.33, "sem_calcada": 0.0, "sem_arvore": 0.0, "muitas_arvores": 83.33, "vao": 66.67, "V05400": 6, "V05421": 6, "V05406": 6, "V05412": 6, "V05422": 0, "V05424": 2, "V05427": 2, "V05409": 3, "V05415": 0, "V05418": 6, "V05430": 0, "V05433": 5, "criancas_0a4": 40, "em_favela": false }, "geometry": { "type": "Polygon", "coordinates": [ [ [ -46.736936, -23.673943 ], [ -46.735578, -23.674073 ], [ -46.735403, -23.674585 ], [ -46.735896, -23.674397 ], [ -46.73607, -23.674868 ], [ -46.736954, -23.674545 ], [ -46.736936, -23.673943 ] ] ] } },
{ "type": "Feature", "properties": { "CD_SETOR": "355030846000343", "faces": 1, "pavimentada": 100.0, "bueiro": 100.0, "iluminacao": 100.0, "onibus": 0.0, "ciclovia": 0.0, "calcada": 100.0, "obstaculo": 100.0, "rampa": 0.0, "rampa_faces": 0.0, "sem_calcada": 0.0, "sem_arvore": 0.0, "muitas_arvores": 100.0, "vao": 100.0, "V05400": 1, "V05421": 1, "V05406": 1, "V05412": 1, "V05422": 0, "V05424": 1, "V05427": 0, "V05409": 1, "V05415": 0, "V05418": 0, "V05430": 0, "V05433": 1, "criancas_0a4": 52, "em_favela": false }, "geometry": { "type": "Polygon", "coordinates": [ [ [ -46.736454, -23.673067 ], [ -46.73647, -23.673466 ], [ -46.736192, -23.673481 ], [ -46.735995, -23.674008 ], [ -46.736936, -23.673943 ], [ -46.736918, -23.67303 ], [ -46.736454, -23.673067 ] ] ] } },
{ "type": "Feature", "properties": { "CD_SETOR": "355030846000344", "faces": 1, "pavimentada": 100.0, "bueiro": 0.0, "iluminacao": 100.0, "onibus": 100.0, "ciclovia": 0.0, "calcada": 100.0, "obstaculo": 100.0, "rampa": 100.0, "rampa_faces": 100.0, "sem_calcada": 0.0, "sem_arvore": 0.0, "muitas_arvores": 100.0, "vao": 0.0, "V05400": 1, "V05421": 1, "V05406": 1, "V05412": 1, "V05422": 0, "V05424": 1, "V05427": 1, "V05409": 0, "V05415": 1, "V05418": 0, "V05430": 0, "V05433": 1, "criancas_0a4": 39, "em_favela": false }, "geometry": { "type": "Polygon", "coordinates": [ [ [ -46.73421, -23.673701 ], [ -46.734287, -23.674783 ], [ -46.734944, -23.674755 ], [ -46.735403, -23.674585 ], [ -46.735684, -23.673728 ], [ -46.735343, -23.673612 ], [ -46.735204, -23.673999 ], [ -46.73421, -23.673701 ] ] ] } },
{ "type": "Feature", "properties": { "CD_SETOR": "355030846000345", "faces": 6, "pavimentada": 100.0, "bueiro": 16.67, "iluminacao": 100.0, "onibus": 0.0, "ciclovia": 33.33, "calcada": 100.0, "obstaculo": 0.0, "rampa": 83.33, "rampa_faces": 83.33, "sem_calcada": 0.0, "sem_arvore": 16.67, "muitas_arvores": 83.33, "vao": 16.67, "V05400": 6, "V05421": 6, "V05406": 6, "V05412": 6, "V05422": 0, "V05424": 0, "V05427": 5, "V05409": 1, "V05415": 0, "V05418": 2, "V05430": 1, "V05433": 5, "criancas_0a4": 39, "em_favela": false }, "geometry": { "type": "Polygon", "coordinates": [ [ [ -46.736454, -23.673067 ], [ -46.735497, -23.673147 ], [ -46.735343, -23.673612 ], [ -46.735684, -23.673728 ], [ -46.735578, -23.674073 ], [ -46.735995, -23.674008 ], [ -46.736192, -23.673481 ], [ -46.73647, -23.673466 ], [ -46.736454, -23.673067 ] ] ] } },
{ "type": "Feature", "properties": { "CD_SETOR": "355030846000346", "faces": 1, "pavimentada": 100.0, "bueiro": 0.0, "iluminacao": 100.0, "onibus": 0.0, "ciclovia": 0.0, "calcada": 100.0, "obstaculo": 100.0, "rampa": 0.0, "rampa_faces": 0.0, "sem_calcada": 0.0, "sem_arvore": 0.0, "muitas_arvores": 100.0, "vao": 100.0, "V05400": 1, "V05421": 1, "V05406": 1, "V05412": 1, "V05422": 0, "V05424": 1, "V05427": 0, "V05409": 0, "V05415": 0, "V05418": 0, "V05430": 0, "V05433": 1, "criancas_0a4": 28, "em_favela": false }, "geometry": { "type": "Polygon", "coordinates": [ [ [ -46.736788, -23.657097 ], [ -46.737375, -23.657283 ], [ -46.737469, -23.656983 ], [ -46.737119, -23.655647 ], [ -46.736475, -23.655758 ], [ -46.736788, -23.657097 ] ] ] } },
{ "type": "Feature", "properties": { "CD_SETOR": "355030846000347", "faces": 6, "pavimentada": 100.0, "bueiro": 33.33, "iluminacao": 100.0, "onibus": 0.0, "ciclovia": 0.0, "calcada": 83.33, "obstaculo": 100.0, "rampa": 0.0, "rampa_faces": 0.0, "sem_calcada": 16.67, "sem_arvore": 33.33, "muitas_arvores": 16.67, "vao": 100.0, "V05400": 6, "V05421": 5, "V05406": 6, "V05412": 6, "V05422": 1, "V05424": 5, "V05427": 0, "V05409": 2, "V05415": 0, "V05418": 0, "V05430": 2, "V05433": 1, "criancas_0a4": 25, "em_favela": false }, "geometry": { "type": "Polygon", "coordinates": [ [ [ -46.736862, -23.654377 ], [ -46.737248, -23.655474 ], [ -46.737418, -23.655631 ], [ -46.737688, -23.65574 ], [ -46.738563, -23.655942 ], [ -46.739757, -23.656421 ], [ -46.739524, -23.655846 ], [ -46.73919, -23.655815 ], [ -46.738876, -23.655725 ], [ -46.738189, -23.65551 ], [ -46.737994, -23.655393 ], [ -46.737667, -23.654734 ], [ -46.737676, -23.654415 ], [ -46.73696, -23.654139 ], [ -46.736862, -23.654377 ] ] ] } },
{ "type": "Feature", "properties": { "CD_SETOR": "355030846000348", "faces": 9, "pavimentada": 100.0, "bueiro": 0.0, "iluminacao": 100.0, "onibus": 11.11, "ciclovia": 0.0, "calcada": 100.0, "obstaculo": 0.0, "rampa": 88.89, "rampa_faces": 88.89, "sem_calcada": 0.0, "sem_arvore": 0.0, "muitas_arvores": 66.67, "vao": 11.11, "V05400": 9, "V05421": 9, "V05406": 9, "V05412": 9, "V05422": 0, "V05424": 0, "V05427": 8, "V05409": 0, "V05415": 1, "V05418": 0, "V05430": 0, "V05433": 6, "criancas_0a4": 19, "em_favela": false }, "geometry": { "type": "Polygon", "coordinates": [ [ [ -46.756523, -23.675267 ], [ -46.756759, -23.675394 ], [ -46.757038, -23.675413 ], [ -46.758003, -23.675062 ], [ -46.758916, -23.674628 ], [ -46.759104, -23.674077 ], [ -46.759656, -23.672899 ], [ -46.758614, -23.673575 ], [ -46.757792, -23.67396 ], [ -46.75787, -23.674095 ], [ -46.757369, -23.674583 ], [ -46.756886, -23.674926 ], [ -46.756523, -23.675267 ] ] ] } },
{ "type": "Feature", "properties": { "CD_SETOR": "355030846000349", "faces": 3, "pavimentada": 100.0, "bueiro": 100.0, "iluminacao": 100.0, "onibus": 33.33, "ciclovia": 0.0, "calcada": 100.0, "obstaculo": 100.0, "rampa": 33.33, "rampa_faces": 33.33, "sem_calcada": 0.0, "sem_arvore": 0.0, "muitas_arvores": 100.0, "vao": 66.67, "V05400": 3, "V05421": 3, "V05406": 3, "V05412": 3, "V05422": 0, "V05424": 3, "V05427": 1, "V05409": 3, "V05415": 1, "V05418": 0, "V05430": 0, "V05433": 3, "criancas_0a4": 35, "em_favela": false }, "geometry": { "type": "Polygon", "coordinates": [ [ [ -46.736214, -23.660635 ], [ -46.736148, -23.660335 ], [ -46.736098, -23.659409 ], [ -46.735909, -23.658726 ], [ -46.735707, -23.658341 ], [ -46.735245, -23.658904 ], [ -46.735042, -23.659724 ], [ -46.735781, -23.660828 ], [ -46.736214, -23.660635 ] ] ] } },
{ "type": "Feature", "properties": { "CD_SETOR": "355030846000354", "faces": 13, "pavimentada": 100.0, "bueiro": 38.46, "iluminacao": 100.0, "onibus": 7.69, "ciclovia": 15.38, "calcada": 61.54, "obstaculo": 100.0, "rampa": 25.0, "rampa_faces": 15.38, "sem_calcada": 38.46, "sem_arvore": 23.08, "muitas_arvores": 53.85, "vao": 84.62, "V05400": 13, "V05421": 8, "V05406": 13, "V05412": 13, "V05422": 5, "V05424": 8, "V05427": 2, "V05409": 5, "V05415": 1, "V05418": 2, "V05430": 3, "V05433": 7, "criancas_0a4": 16, "em_favela": false }, "geometry": { "type": "Polygon", "coordinates": [ [ [ -46.740127, -23.668983 ], [ -46.739997, -23.669106 ], [ -46.740313, -23.669407 ], [ -46.740473, -23.669643 ], [ -46.740713, -23.66958 ], [ -46.740915, -23.669584 ], [ -46.741189, -23.669255 ], [ -46.741988, -23.668832 ], [ -46.742121, -23.668671 ], [ -46.742171, -23.6685 ], [ -46.741985, -23.668345 ], [ -46.741392, -23.668644 ], [ -46.741198, -23.668698 ], [ -46.741024, -23.668594 ], [ -46.740811, -23.66834 ], [ -46.740433, -23.668727 ], [ -46.740502, -23.668789 ], [ -46.740127, -23.668983 ] ] ] } },
{ "type": "Feature", "properties": { "CD_SETOR": "355030846000355", "faces": 15, "pavimentada": 100.0, "bueiro": 0.0, "iluminacao": 100.0, "onibus": 0.0, "ciclovia": 0.0, "calcada": 13.33, "obstaculo": 100.0, "rampa": 0.0, "rampa_faces": 0.0, "sem_calcada": 86.67, "sem_arvore": 86.67, "muitas_arvores": 0.0, "vao": 100.0, "V05400": 15, "V05421": 2, "V05406": 15, "V05412": 15, "V05422": 13, "V05424": 2, "V05427": 0, "V05409": 0, "V05415": 0, "V05418": 0, "V05430": 13, "V05433": 0, "criancas_0a4": 21, "em_favela": true }, "geometry": { "type": "Polygon", "coordinates": [ [ [ -46.738976, -23.679299 ], [ -46.738844, -23.679793 ], [ -46.73965, -23.679763 ], [ -46.739688, -23.679297 ], [ -46.739458, -23.678769 ], [ -46.739476, -23.678618 ], [ -46.738936, -23.67844 ], [ -46.738893, -23.678654 ], [ -46.738976, -23.679299 ] ] ] } },
{ "type": "Feature", "properties": { "CD_SETOR": "355030846000357", "faces": 9, "pavimentada": 77.78, "bueiro": 0.0, "iluminacao": 66.67, "onibus": 0.0, "ciclovia": 0.0, "calcada": 44.44, "obstaculo": 100.0, "rampa": 0.0, "rampa_faces": 0.0, "sem_calcada": 33.33, "sem_arvore": 55.56, "muitas_arvores": 0.0, "vao": 77.78, "V05400": 9, "V05421": 4, "V05406": 7, "V05412": 6, "V05422": 3, "V05424": 4, "V05427": 0, "V05409": 0, "V05415": 0, "V05418": 0, "V05430": 5, "V05433": 0, "criancas_0a4": 14, "em_favela": false }, "geometry": { "type": "Polygon", "coordinates": [ [ [ -46.745339, -23.67907 ], [ -46.745242, -23.680002 ], [ -46.74637, -23.680333 ], [ -46.746578, -23.679323 ], [ -46.745339, -23.67907 ] ] ] } },
{ "type": "Feature", "properties": { "CD_SETOR": "355030846000359", "faces": 6, "pavimentada": 100.0, "bueiro": 66.67, "iluminacao": 100.0, "onibus": 0.0, "ciclovia": 0.0, "calcada": 66.67, "obstaculo": 100.0, "rampa": 0.0, "rampa_faces": 0.0, "sem_calcada": 33.33, "sem_arvore": 50.0, "muitas_arvores": 16.67, "vao": 100.0, "V05400": 6, "V05421": 4, "V05406": 6, "V05412": 6, "V05422": 2, "V05424": 4, "V05427": 0, "V05409": 4, "V05415": 0, "V05418": 0, "V05430": 3, "V05433": 1, "criancas_0a4": 15, "em_favela": false }, "geometry": { "type": "Polygon", "coordinates": [ [ [ -46.741252, -23.660632 ], [ -46.741389, -23.660615 ], [ -46.74181, -23.660711 ], [ -46.741892, -23.660055 ], [ -46.740538, -23.658437 ], [ -46.740533, -23.658599 ], [ -46.740715, -23.659476 ], [ -46.741266, -23.660201 ], [ -46.741252, -23.660632 ] ] ] } },
{ "type": "Feature", "properties": { "CD_SETOR": "355030846000362", "faces": 5, "pavimentada": 100.0, "bueiro": 20.0, "iluminacao": 100.0, "onibus": 20.0, "ciclovia": 0.0, "calcada": 100.0, "obstaculo": 80.0, "rampa": 0.0, "rampa_faces": 0.0, "sem_calcada": 0.0, "sem_arvore": 40.0, "muitas_arvores": 0.0, "vao": 100.0, "V05400": 5, "V05421": 5, "V05406": 5, "V05412": 5, "V05422": 0, "V05424": 4, "V05427": 0, "V05409": 1, "V05415": 1, "V05418": 0, "V05430": 2, "V05433": 0, "criancas_0a4": 8, "em_favela": false }, "geometry": { "type": "Polygon", "coordinates": [ [ [ -46.753809, -23.661243 ], [ -46.754125, -23.661093 ], [ -46.754344, -23.661144 ], [ -46.75505, -23.661766 ], [ -46.755408, -23.661938 ], [ -46.755609, -23.661537 ], [ -46.755752, -23.661084 ], [ -46.754255, -23.660648 ], [ -46.753809, -23.661243 ] ] ] } },
{ "type": "Feature", "properties": { "CD_SETOR": "355030846000363", "faces": 4, "pavimentada": 100.0, "bueiro": 75.0, "iluminacao": 100.0, "onibus": 50.0, "ciclovia": 0.0, "calcada": 50.0, "obstaculo": 100.0, "rampa": 0.0, "rampa_faces": 0.0, "sem_calcada": 50.0, "sem_arvore": 25.0, "muitas_arvores": 0.0, "vao": 100.0, "V05400": 4, "V05421": 2, "V05406": 4, "V05412": 4, "V05422": 2, "V05424": 2, "V05427": 0, "V05409": 3, "V05415": 2, "V05418": 0, "V05430": 1, "V05433": 0, "criancas_0a4": 4, "em_favela": false }, "geometry": { "type": "Polygon", "coordinates": [ [ [ -46.729877, -23.659917 ], [ -46.729559, -23.661074 ], [ -46.729736, -23.661165 ], [ -46.730313, -23.661003 ], [ -46.730288, -23.660708 ], [ -46.730473, -23.660061 ], [ -46.729877, -23.659917 ] ] ] } },
{ "type": "Feature", "properties": { "CD_SETOR": "355030846000366", "faces": 5, "pavimentada": 100.0, "bueiro": 40.0, "iluminacao": 100.0, "onibus": 20.0, "ciclovia": 0.0, "calcada": 80.0, "obstaculo": 100.0, "rampa": 0.0, "rampa_faces": 0.0, "sem_calcada": 20.0, "sem_arvore": 60.0, "muitas_arvores": 20.0, "vao": 100.0, "V05400": 5, "V05421": 4, "V05406": 5, "V05412": 5, "V05422": 1, "V05424": 4, "V05427": 0, "V05409": 2, "V05415": 1, "V05418": 0, "V05430": 3, "V05433": 1, "criancas_0a4": 23, "em_favela": false }, "geometry": { "type": "Polygon", "coordinates": [ [ [ -46.743661, -23.666814 ], [ -46.743517, -23.666265 ], [ -46.74286, -23.666107 ], [ -46.742321, -23.666678 ], [ -46.7425, -23.667284 ], [ -46.743005, -23.666734 ], [ -46.743661, -23.666814 ] ] ] } },
{ "type": "Feature", "properties": { "CD_SETOR": "355030846000367", "faces": 12, "pavimentada": 100.0, "bueiro": 25.0, "iluminacao": 58.33, "onibus": 16.67, "ciclovia": 0.0, "calcada": 41.67, "obstaculo": 100.0, "rampa": 0.0, "rampa_faces": 0.0, "sem_calcada": 58.33, "sem_arvore": 75.0, "muitas_arvores": 0.0, "vao": 100.0, "V05400": 12, "V05421": 5, "V05406": 12, "V05412": 7, "V05422": 7, "V05424": 5, "V05427": 0, "V05409": 3, "V05415": 2, "V05418": 0, "V05430": 9, "V05433": 0, "criancas_0a4": 27, "em_favela": true }, "geometry": { "type": "Polygon", "coordinates": [ [ [ -46.747189, -23.679462 ], [ -46.747868, -23.679647 ], [ -46.747802, -23.679245 ], [ -46.74764, -23.678716 ], [ -46.747679, -23.678577 ], [ -46.74798, -23.678298 ], [ -46.747691, -23.677991 ], [ -46.747461, -23.677834 ], [ -46.747072, -23.678302 ], [ -46.747206, -23.679079 ], [ -46.747189, -23.679462 ] ] ] } },
{ "type": "Feature", "properties": { "CD_SETOR": "355030846000368", "faces": 7, "pavimentada": 85.71, "bueiro": 71.43, "iluminacao": 100.0, "onibus": 0.0, "ciclovia": 0.0, "calcada": 42.86, "obstaculo": 66.67, "rampa": 0.0, "rampa_faces": 0.0, "sem_calcada": 57.14, "sem_arvore": 100.0, "muitas_arvores": 0.0, "vao": 85.71, "V05400": 7, "V05421": 3, "V05406": 6, "V05412": 7, "V05422": 4, "V05424": 2, "V05427": 0, "V05409": 5, "V05415": 0, "V05418": 0, "V05430": 7, "V05433": 0, "criancas_0a4": 30, "em_favela": true }, "geometry": { "type": "Polygon", "coordinates": [ [ [ -46.748637, -23.676299 ], [ -46.748776, -23.677705 ], [ -46.749038, -23.677674 ], [ -46.749167, -23.677628 ], [ -46.749169, -23.677588 ], [ -46.749061, -23.677303 ], [ -46.748978, -23.677311 ], [ -46.748933, -23.676622 ], [ -46.749482, -23.676565 ], [ -46.74941, -23.67627 ], [ -46.748966, -23.675873 ], [ -46.748879, -23.675723 ], [ -46.748637, -23.676299 ] ] ] } },
{ "type": "Feature", "properties": { "CD_SETOR": "355030846000369", "faces": 5, "pavimentada": 100.0, "bueiro": 40.0, "iluminacao": 100.0, "onibus": 0.0, "ciclovia": 0.0, "calcada": 100.0, "obstaculo": 100.0, "rampa": 0.0, "rampa_faces": 0.0, "sem_calcada": 0.0, "sem_arvore": 40.0, "muitas_arvores": 20.0, "vao": 100.0, "V05400": 5, "V05421": 5, "V05406": 5, "V05412": 5, "V05422": 0, "V05424": 5, "V05427": 0, "V05409": 2, "V05415": 0, "V05418": 0, "V05430": 2, "V05433": 1, "criancas_0a4": 9, "em_favela": false }, "geometry": { "type": "Polygon", "coordinates": [ [ [ -46.749167, -23.677628 ], [ -46.74962, -23.677451 ], [ -46.749482, -23.676565 ], [ -46.748933, -23.676622 ], [ -46.748978, -23.677311 ], [ -46.749061, -23.677303 ], [ -46.749141, -23.677448 ], [ -46.749167, -23.677628 ] ] ] } },
{ "type": "Feature", "properties": { "CD_SETOR": "355030846000370", "faces": 3, "pavimentada": 100.0, "bueiro": 66.67, "iluminacao": 100.0, "onibus": 0.0, "ciclovia": 0.0, "calcada": 66.67, "obstaculo": 100.0, "rampa": 0.0, "rampa_faces": 0.0, "sem_calcada": 33.33, "sem_arvore": 33.33, "muitas_arvores": 66.67, "vao": 100.0, "V05400": 3, "V05421": 2, "V05406": 3, "V05412": 3, "V05422": 1, "V05424": 2, "V05427": 0, "V05409": 2, "V05415": 0, "V05418": 0, "V05430": 1, "V05433": 2, "criancas_0a4": 13, "em_favela": true }, "geometry": { "type": "Polygon", "coordinates": [ [ [ -46.749284, -23.674978 ], [ -46.749417, -23.67505 ], [ -46.74974, -23.675391 ], [ -46.749782, -23.675288 ], [ -46.7504, -23.675071 ], [ -46.750317, -23.674949 ], [ -46.749556, -23.674603 ], [ -46.749284, -23.674978 ] ] ] } },
{ "type": "Feature", "properties": { "CD_SETOR": "355030846000371", "faces": 4, "pavimentada": 100.0, "bueiro": 50.0, "iluminacao": 100.0, "onibus": 0.0, "ciclovia": 0.0, "calcada": 75.0, "obstaculo": 100.0, "rampa": 33.33, "rampa_faces": 25.0, "sem_calcada": 25.0, "sem_arvore": 50.0, "muitas_arvores": 25.0, "vao": 75.0, "V05400": 4, "V05421": 3, "V05406": 4, "V05412": 4, "V05422": 1, "V05424": 3, "V05427": 1, "V05409": 2, "V05415": 0, "V05418": 0, "V05430": 2, "V05433": 1, "criancas_0a4": 10, "em_favela": true }, "geometry": { "type": "Polygon", "coordinates": [ [ [ -46.749921, -23.675751 ], [ -46.75001, -23.675976 ], [ -46.749983, -23.676019 ], [ -46.750172, -23.676013 ], [ -46.751227, -23.675459 ], [ -46.751185, -23.67538 ], [ -46.750044, -23.675751 ], [ -46.749921, -23.675751 ] ] ] } },
{ "type": "Feature", "properties": { "CD_SETOR": "355030846000372", "faces": 4, "pavimentada": 100.0, "bueiro": 100.0, "iluminacao": 100.0, "onibus": 0.0, "ciclovia": 0.0, "calcada": 100.0, "obstaculo": 100.0, "rampa": 0.0, "rampa_faces": 0.0, "sem_calcada": 0.0, "sem_arvore": 75.0, "muitas_arvores": 0.0, "vao": 100.0, "V05400": 4, "V05421": 4, "V05406": 4, "V05412": 4, "V05422": 0, "V05424": 4, "V05427": 0, "V05409": 4, "V05415": 0, "V05418": 0, "V05430": 3, "V05433": 0, "criancas_0a4": 17, "em_favela": true }, "geometry": { "type": "Polygon", "coordinates": [ [ [ -46.750317, -23.674949 ], [ -46.7504, -23.675071 ], [ -46.751137, -23.675038 ], [ -46.752235, -23.675324 ], [ -46.752297, -23.674994 ], [ -46.751948, -23.674745 ], [ -46.750864, -23.674696 ], [ -46.75057, -23.674604 ], [ -46.750317, -23.674949 ] ] ] } },
{ "type": "Feature", "properties": { "CD_SETOR": "355030846000373", "faces": 2, "pavimentada": 100.0, "bueiro": 100.0, "iluminacao": 100.0, "onibus": 100.0, "ciclovia": 0.0, "calcada": 100.0, "obstaculo": 100.0, "rampa": 0.0, "rampa_faces": 0.0, "sem_calcada": 0.0, "sem_arvore": 0.0, "muitas_arvores": 50.0, "vao": 100.0, "V05400": 2, "V05421": 2, "V05406": 2, "V05412": 2, "V05422": 0, "V05424": 2, "V05427": 0, "V05409": 2, "V05415": 2, "V05418": 0, "V05430": 0, "V05433": 1, "criancas_0a4": 12, "em_favela": true }, "geometry": { "type": "Polygon", "coordinates": [ [ [ -46.7504, -23.665797 ], [ -46.750157, -23.665795 ], [ -46.750207, -23.666045 ], [ -46.750703, -23.666099 ], [ -46.751521, -23.666409 ], [ -46.751386, -23.66619 ], [ -46.751183, -23.666056 ], [ -46.7504, -23.665797 ] ] ] } },
{ "type": "Feature", "properties": { "CD_SETOR": "355030846000374", "faces": 8, "pavimentada": 100.0, "bueiro": 75.0, "iluminacao": 100.0, "onibus": 0.0, "ciclovia": 0.0, "calcada": 37.5, "obstaculo": 100.0, "rampa": 0.0, "rampa_faces": 0.0, "sem_calcada": 62.5, "sem_arvore": 75.0, "muitas_arvores": 0.0, "vao": 100.0, "V05400": 8, "V05421": 3, "V05406": 8, "V05412": 8, "V05422": 5, "V05424": 3, "V05427": 0, "V05409": 6, "V05415": 0, "V05418": 0, "V05430": 6, "V05433": 0, "criancas_0a4": 25, "em_favela": true }, "geometry": { "type": "Polygon", "coordinates": [ [ [ -46.733726, -23.649826 ], [ -46.733944, -23.649436 ], [ -46.73348, -23.648696 ], [ -46.733184, -23.648449 ], [ -46.733113, -23.648497 ], [ -46.733057, -23.648477 ], [ -46.732913, -23.6486 ], [ -46.733272, -23.648982 ], [ -46.733593, -23.64912 ], [ -46.73362, -23.649176 ], [ -46.733556, -23.649537 ], [ -46.733726, -23.649826 ] ] ] } },
{ "type": "Feature", "properties": { "CD_SETOR": "355030846000375", "faces": 9, "pavimentada": 100.0, "bueiro": 22.22, "iluminacao": 22.22, "onibus": 22.22, "ciclovia": 0.0, "calcada": 22.22, "obstaculo": 100.0, "rampa": 0.0, "rampa_faces": 0.0, "sem_calcada": 77.78, "sem_arvore": 77.78, "muitas_arvores": 22.22, "vao": 100.0, "V05400": 9, "V05421": 2, "V05406": 9, "V05412": 2, "V05422": 7, "V05424": 2, "V05427": 0, "V05409": 2, "V05415": 2, "V05418": 0, "V05430": 7, "V05433": 2, "criancas_0a4": 26, "em_favela": true }, "geometry": { "type": "Polygon", "coordinates": [ [ [ -46.74651, -23.665466 ], [ -46.746264, -23.666017 ], [ -46.746178, -23.666431 ], [ -46.745971, -23.666754 ], [ -46.745436, -23.667012 ], [ -46.745784, -23.667069 ], [ -46.745906, -23.666884 ], [ -46.747104, -23.665899 ], [ -46.747264, -23.665719 ], [ -46.747247, -23.665374 ], [ -46.74651, -23.665466 ] ] ] } },
{ "type": "Feature", "properties": { "CD_SETOR": "355030846000376", "faces": 4, "pavimentada": 100.0, "bueiro": 75.0, "iluminacao": 100.0, "onibus": 0.0, "ciclovia": 0.0, "calcada": 50.0, "obstaculo": 100.0, "rampa": 0.0, "rampa_faces": 0.0, "sem_calcada": 50.0, "sem_arvore": 75.0, "muitas_arvores": 0.0, "vao": 100.0, "V05400": 4, "V05421": 2, "V05406": 4, "V05412": 4, "V05422": 2, "V05424": 2, "V05427": 0, "V05409": 3, "V05415": 0, "V05418": 0, "V05430": 3, "V05433": 0, "criancas_0a4": 6, "em_favela": true }, "geometry": { "type": "Polygon", "coordinates": [ [ [ -46.749156, -23.685086 ], [ -46.749705, -23.685196 ], [ -46.749775, -23.68493 ], [ -46.74972, -23.684858 ], [ -46.749749, -23.684805 ], [ -46.749564, -23.684653 ], [ -46.749291, -23.684881 ], [ -46.749156, -23.685086 ] ] ] } },
{ "type": "Feature", "properties": { "CD_SETOR": "355030846000377", "faces": 3, "pavimentada": 100.0, "bueiro": 33.33, "iluminacao": 100.0, "onibus": 0.0, "ciclovia": 0.0, "calcada": 66.67, "obstaculo": 100.0, "rampa": 0.0, "rampa_faces": 0.0, "sem_calcada": 33.33, "sem_arvore": 66.67, "muitas_arvores": 33.33, "vao": 100.0, "V05400": 3, "V05421": 2, "V05406": 3, "V05412": 3, "V05422": 1, "V05424": 2, "V05427": 0, "V05409": 1, "V05415": 0, "V05418": 0, "V05430": 2, "V05433": 1, "criancas_0a4": 16, "em_favela": false }, "geometry": { "type": "Polygon", "coordinates": [ [ [ -46.74867, -23.684163 ], [ -46.74841, -23.684388 ], [ -46.74811, -23.684563 ], [ -46.748324, -23.684806 ], [ -46.748393, -23.684839 ], [ -46.748582, -23.684816 ], [ -46.748802, -23.684972 ], [ -46.749104, -23.684602 ], [ -46.74867, -23.684163 ] ] ] } },
{ "type": "Feature", "properties": { "CD_SETOR": "355030846000378", "faces": 9, "pavimentada": 100.0, "bueiro": 11.11, "iluminacao": 100.0, "onibus": 0.0, "ciclovia": 0.0, "calcada": 55.56, "obstaculo": 100.0, "rampa": 0.0, "rampa_faces": 0.0, "sem_calcada": 44.44, "sem_arvore": 77.78, "muitas_arvores": 11.11, "vao": 100.0, "V05400": 9, "V05421": 5, "V05406": 9, "V05412": 9, "V05422": 4, "V05424": 5, "V05427": 0, "V05409": 1, "V05415": 0, "V05418": 0, "V05430": 7, "V05433": 1, "criancas_0a4": 39, "em_favela": true }, "geometry": { "type": "Polygon", "coordinates": [ [ [ -46.746977, -23.682694 ], [ -46.747128, -23.68334 ], [ -46.747592, -23.683582 ], [ -46.747737, -23.683637 ], [ -46.747994, -23.683612 ], [ -46.748382, -23.683347 ], [ -46.747924, -23.682801 ], [ -46.747824, -23.682838 ], [ -46.747715, -23.682811 ], [ -46.747624, -23.682634 ], [ -46.746977, -23.682694 ] ] ] } },
{ "type": "Feature", "properties": { "CD_SETOR": "355030846000379", "faces": 4, "pavimentada": 100.0, "bueiro": 0.0, "iluminacao": 100.0, "onibus": 0.0, "ciclovia": 0.0, "calcada": 100.0, "obstaculo": 100.0, "rampa": 0.0, "rampa_faces": 0.0, "sem_calcada": 0.0, "sem_arvore": 0.0, "muitas_arvores": 100.0, "vao": 100.0, "V05400": 4, "V05421": 4, "V05406": 4, "V05412": 4, "V05422": 0, "V05424": 4, "V05427": 0, "V05409": 0, "V05415": 0, "V05418": 0, "V05430": 0, "V05433": 4, "criancas_0a4": 3, "em_favela": false }, "geometry": { "type": "Polygon", "coordinates": [ [ [ -46.747128, -23.68334 ], [ -46.74742, -23.684328 ], [ -46.747687, -23.684557 ], [ -46.747908, -23.684611 ], [ -46.748242, -23.683686 ], [ -46.74826, -23.683443 ], [ -46.747994, -23.683612 ], [ -46.747737, -23.683637 ], [ -46.747128, -23.68334 ] ] ] } },
{ "type": "Feature", "properties": { "CD_SETOR": "355030846000380", "faces": 2, "pavimentada": 100.0, "bueiro": 0.0, "iluminacao": 100.0, "onibus": 0.0, "ciclovia": 0.0, "calcada": 50.0, "obstaculo": 100.0, "rampa": 0.0, "rampa_faces": 0.0, "sem_calcada": 50.0, "sem_arvore": 50.0, "muitas_arvores": 0.0, "vao": 100.0, "V05400": 2, "V05421": 1, "V05406": 2, "V05412": 2, "V05422": 1, "V05424": 1, "V05427": 0, "V05409": 0, "V05415": 0, "V05418": 0, "V05430": 1, "V05433": 0, "criancas_0a4": 4, "em_favela": true }, "geometry": { "type": "Polygon", "coordinates": [ [ [ -46.752009, -23.65833 ], [ -46.752321, -23.657793 ], [ -46.752568, -23.657517 ], [ -46.752256, -23.657343 ], [ -46.751599, -23.658127 ], [ -46.752009, -23.65833 ] ] ] } },
{ "type": "Feature", "properties": { "CD_SETOR": "355030846000381", "faces": 12, "pavimentada": 100.0, "bueiro": 41.67, "iluminacao": 100.0, "onibus": 0.0, "ciclovia": 0.0, "calcada": 50.0, "obstaculo": 100.0, "rampa": 0.0, "rampa_faces": 0.0, "sem_calcada": 50.0, "sem_arvore": 83.33, "muitas_arvores": 8.33, "vao": 100.0, "V05400": 12, "V05421": 6, "V05406": 12, "V05412": 12, "V05422": 6, "V05424": 6, "V05427": 0, "V05409": 5, "V05415": 0, "V05418": 0, "V05430": 10, "V05433": 1, "criancas_0a4": 21, "em_favela": true }, "geometry": { "type": "Polygon", "coordinates": [ [ [ -46.752388, -23.657763 ], [ -46.752643, -23.657932 ], [ -46.752703, -23.658135 ], [ -46.75269, -23.658279 ], [ -46.753255, -23.658493 ], [ -46.753351, -23.658314 ], [ -46.753379, -23.658124 ], [ -46.753294, -23.657894 ], [ -46.752489, -23.657453 ], [ -46.752568, -23.657517 ], [ -46.752388, -23.657763 ] ] ] } },
{ "type": "Feature", "properties": { "CD_SETOR": "355030846000382", "faces": 7, "pavimentada": 100.0, "bueiro": 42.86, "iluminacao": 42.86, "onibus": 0.0, "ciclovia": 0.0, "calcada": 42.86, "obstaculo": 100.0, "rampa": 0.0, "rampa_faces": 0.0, "sem_calcada": 57.14, "sem_arvore": 57.14, "muitas_arvores": 14.29, "vao": 100.0, "V05400": 7, "V05421": 3, "V05406": 7, "V05412": 3, "V05422": 4, "V05424": 3, "V05427": 0, "V05409": 3, "V05415": 0, "V05418": 0, "V05430": 4, "V05433": 1, "criancas_0a4": 5, "em_favela": true }, "geometry": { "type": "Polygon", "coordinates": [ [ [ -46.748094, -23.654323 ], [ -46.748191, -23.654294 ], [ -46.748542, -23.654003 ], [ -46.748829, -23.653932 ], [ -46.749132, -23.653953 ], [ -46.748925, -23.65347 ], [ -46.748497, -23.653612 ], [ -46.748172, -23.653415 ], [ -46.748161, -23.653552 ], [ -46.748194, -23.653555 ], [ -46.748094, -23.654323 ] ] ] } },
{ "type": "Feature", "properties": { "CD_SETOR": "355030846000383", "faces": 4, "pavimentada": 100.0, "bueiro": 25.0, "iluminacao": 100.0, "onibus": 0.0, "ciclovia": 0.0, "calcada": 75.0, "obstaculo": 100.0, "rampa": 0.0, "rampa_faces": 0.0, "sem_calcada": 25.0, "sem_arvore": 75.0, "muitas_arvores": 0.0, "vao": 100.0, "V05400": 4, "V05421": 3, "V05406": 4, "V05412": 4, "V05422": 1, "V05424": 3, "V05427": 0, "V05409": 1, "V05415": 0, "V05418": 0, "V05430": 3, "V05433": 0, "criancas_0a4": 14, "em_favela": true }, "geometry": { "type": "Polygon", "coordinates": [ [ [ -46.754403, -23.658388 ], [ -46.754172, -23.65968 ], [ -46.754308, -23.659626 ], [ -46.754672, -23.659192 ], [ -46.754843, -23.658502 ], [ -46.754403, -23.658388 ] ] ] } },
{ "type": "Feature", "properties": { "CD_SETOR": "355030846000384", "faces": 7, "pavimentada": 100.0, "bueiro": 85.71, "iluminacao": 85.71, "onibus": 0.0, "ciclovia": 0.0, "calcada": 0.0, "obstaculo": null, "rampa": null, "rampa_faces": 0.0, "sem_calcada": 100.0, "sem_arvore": 85.71, "muitas_arvores": 0.0, "vao": 100.0, "V05400": 7, "V05421": 0, "V05406": 7, "V05412": 6, "V05422": 7, "V05424": 0, "V05427": 0, "V05409": 6, "V05415": 0, "V05418": 0, "V05430": 6, "V05433": 0, "criancas_0a4": 49, "em_favela": true }, "geometry": { "type": "Polygon", "coordinates": [ [ [ -46.753144, -23.657459 ], [ -46.753379, -23.658124 ], [ -46.753654, -23.658505 ], [ -46.753814, -23.658607 ], [ -46.754131, -23.658191 ], [ -46.753927, -23.657978 ], [ -46.753831, -23.657696 ], [ -46.754263, -23.656729 ], [ -46.753935, -23.656509 ], [ -46.753678, -23.656691 ], [ -46.753841, -23.656951 ], [ -46.753661, -23.65766 ], [ -46.753244, -23.657409 ], [ -46.753144, -23.657459 ] ] ] } },
{ "type": "Feature", "properties": { "CD_SETOR": "355030846000385", "faces": 4, "pavimentada": 100.0, "bueiro": 100.0, "iluminacao": 100.0, "onibus": 0.0, "ciclovia": 0.0, "calcada": 50.0, "obstaculo": 100.0, "rampa": 0.0, "rampa_faces": 0.0, "sem_calcada": 50.0, "sem_arvore": 100.0, "muitas_arvores": 0.0, "vao": 100.0, "V05400": 4, "V05421": 2, "V05406": 4, "V05412": 4, "V05422": 2, "V05424": 2, "V05427": 0, "V05409": 4, "V05415": 0, "V05418": 0, "V05430": 4, "V05433": 0, "criancas_0a4": 0, "em_favela": false }, "geometry": { "type": "Polygon", "coordinates": [ [ [ -46.750866, -23.661215 ], [ -46.750491, -23.660967 ], [ -46.750492, -23.660865 ], [ -46.750765, -23.660654 ], [ -46.750615, -23.660588 ], [ -46.750273, -23.660945 ], [ -46.75032, -23.661106 ], [ -46.750231, -23.661296 ], [ -46.750684, -23.66143 ], [ -46.750866, -23.661215 ] ] ] } },
{ "type": "Feature", "properties": { "CD_SETOR": "355030846000386", "faces": 3, "pavimentada": 100.0, "bueiro": 66.67, "iluminacao": 100.0, "onibus": 0.0, "ciclovia": 0.0, "calcada": 100.0, "obstaculo": 100.0, "rampa": 0.0, "rampa_faces": 0.0, "sem_calcada": 0.0, "sem_arvore": 0.0, "muitas_arvores": 33.33, "vao": 100.0, "V05400": 3, "V05421": 3, "V05406": 3, "V05412": 3, "V05422": 0, "V05424": 3, "V05427": 0, "V05409": 2, "V05415": 0, "V05418": 0, "V05430": 0, "V05433": 1, "criancas_0a4": 4, "em_favela": false }, "geometry": { "type": "Polygon", "coordinates": [ [ [ -46.749995, -23.673045 ], [ -46.750166, -23.673198 ], [ -46.750128, -23.673234 ], [ -46.750254, -23.673443 ], [ -46.751269, -23.67242 ], [ -46.751289, -23.672272 ], [ -46.751148, -23.671949 ], [ -46.749995, -23.673045 ] ] ] } },
{ "type": "Feature", "properties": { "CD_SETOR": "355030846000387", "faces": 2, "pavimentada": 100.0, "bueiro": 100.0, "iluminacao": 100.0, "onibus": 50.0, "ciclovia": 0.0, "calcada": 100.0, "obstaculo": 100.0, "rampa": 0.0, "rampa_faces": 0.0, "sem_calcada": 0.0, "sem_arvore": 50.0, "muitas_arvores": 50.0, "vao": 100.0, "V05400": 2, "V05421": 2, "V05406": 2, "V05412": 2, "V05422": 0, "V05424": 2, "V05427": 0, "V05409": 2, "V05415": 1, "V05418": 0, "V05430": 1, "V05433": 1, "criancas_0a4": 17, "em_favela": false }, "geometry": { "type": "Polygon", "coordinates": [ [ [ -46.741696, -23.674279 ], [ -46.740313, -23.675718 ], [ -46.739724, -23.676748 ], [ -46.739975, -23.676902 ], [ -46.740243, -23.676614 ], [ -46.740487, -23.676136 ], [ -46.741236, -23.675348 ], [ -46.74156, -23.674954 ], [ -46.741547, -23.674877 ], [ -46.741899, -23.674555 ], [ -46.742499, -23.674365 ], [ -46.7425, -23.67419 ], [ -46.741772, -23.674051 ], [ -46.741696, -23.674279 ] ] ] } },
{ "type": "Feature", "properties": { "CD_SETOR": "355030846000388", "faces": 2, "pavimentada": 100.0, "bueiro": 100.0, "iluminacao": 100.0, "onibus": 50.0, "ciclovia": 0.0, "calcada": 100.0, "obstaculo": 50.0, "rampa": 0.0, "rampa_faces": 0.0, "sem_calcada": 0.0, "sem_arvore": 50.0, "muitas_arvores": 0.0, "vao": 100.0, "V05400": 2, "V05421": 2, "V05406": 2, "V05412": 2, "V05422": 0, "V05424": 1, "V05427": 0, "V05409": 2, "V05415": 1, "V05418": 0, "V05430": 1, "V05433": 0, "criancas_0a4": 0, "em_favela": true }, "geometry": { "type": "Polygon", "coordinates": [ [ [ -46.738936, -23.67844 ], [ -46.739476, -23.678618 ], [ -46.739844, -23.677793 ], [ -46.739342, -23.677606 ], [ -46.738936, -23.67844 ] ] ] } },
{ "type": "Feature", "properties": { "CD_SETOR": "355030846000390", "faces": 8, "pavimentada": 100.0, "bueiro": 37.5, "iluminacao": 100.0, "onibus": 0.0, "ciclovia": 0.0, "calcada": 87.5, "obstaculo": 100.0, "rampa": 0.0, "rampa_faces": 0.0, "sem_calcada": 12.5, "sem_arvore": 87.5, "muitas_arvores": 0.0, "vao": 100.0, "V05400": 8, "V05421": 7, "V05406": 8, "V05412": 8, "V05422": 1, "V05424": 7, "V05427": 0, "V05409": 3, "V05415": 0, "V05418": 0, "V05430": 7, "V05433": 0, "criancas_0a4": 103, "em_favela": true }, "geometry": { "type": "Polygon", "coordinates": [ [ [ -46.728565, -23.655165 ], [ -46.729055, -23.655976 ], [ -46.72912, -23.656007 ], [ -46.730184, -23.65548 ], [ -46.730504, -23.655088 ], [ -46.730489, -23.654734 ], [ -46.728565, -23.655165 ] ] ] } },
{ "type": "Feature", "properties": { "CD_SETOR": "355030846000391", "faces": 10, "pavimentada": 100.0, "bueiro": 60.0, "iluminacao": 100.0, "onibus": 20.0, "ciclovia": 0.0, "calcada": 100.0, "obstaculo": 100.0, "rampa": 30.0, "rampa_faces": 30.0, "sem_calcada": 0.0, "sem_arvore": 10.0, "muitas_arvores": 60.0, "vao": 70.0, "V05400": 10, "V05421": 10, "V05406": 10, "V05412": 10, "V05422": 0, "V05424": 10, "V05427": 3, "V05409": 6, "V05415": 2, "V05418": 0, "V05430": 1, "V05433": 6, "criancas_0a4": 15, "em_favela": false }, "geometry": { "type": "Polygon", "coordinates": [ [ [ -46.744412, -23.667681 ], [ -46.743756, -23.668418 ], [ -46.742859, -23.667732 ], [ -46.742664, -23.667922 ], [ -46.743577, -23.66859 ], [ -46.743772, -23.668973 ], [ -46.743557, -23.669092 ], [ -46.744106, -23.669244 ], [ -46.744596, -23.668836 ], [ -46.744679, -23.668564 ], [ -46.744631, -23.668451 ], [ -46.745192, -23.668143 ], [ -46.745327, -23.668023 ], [ -46.745623, -23.667385 ], [ -46.745191, -23.667314 ], [ -46.745219, -23.667419 ], [ -46.744974, -23.667624 ], [ -46.744677, -23.667778 ], [ -46.744412, -23.667681 ] ] ] } },
{ "type": "Feature", "properties": { "CD_SETOR": "355030846000392", "faces": 3, "pavimentada": 100.0, "bueiro": 66.67, "iluminacao": 100.0, "onibus": 0.0, "ciclovia": 0.0, "calcada": 100.0, "obstaculo": 100.0, "rampa": 0.0, "rampa_faces": 0.0, "sem_calcada": 0.0, "sem_arvore": 0.0, "muitas_arvores": 100.0, "vao": 100.0, "V05400": 3, "V05421": 3, "V05406": 3, "V05412": 3, "V05422": 0, "V05424": 3, "V05427": 0, "V05409": 2, "V05415": 0, "V05418": 0, "V05430": 0, "V05433": 3, "criancas_0a4": 7, "em_favela": false }, "geometry": { "type": "Polygon", "coordinates": [ [ [ -46.742661, -23.670505 ], [ -46.742961, -23.670626 ], [ -46.743342, -23.669533 ], [ -46.743557, -23.669092 ], [ -46.743113, -23.669145 ], [ -46.742949, -23.669231 ], [ -46.742588, -23.67 ], [ -46.742575, -23.670387 ], [ -46.742661, -23.670505 ] ] ] } },
{ "type": "Feature", "properties": { "CD_SETOR": "355030846000393", "faces": 3, "pavimentada": 100.0, "bueiro": 100.0, "iluminacao": 100.0, "onibus": 66.67, "ciclovia": 33.33, "calcada": 100.0, "obstaculo": 66.67, "rampa": 66.67, "rampa_faces": 66.67, "sem_calcada": 0.0, "sem_arvore": 0.0, "muitas_arvores": 100.0, "vao": 33.33, "V05400": 3, "V05421": 3, "V05406": 3, "V05412": 3, "V05422": 0, "V05424": 2, "V05427": 2, "V05409": 3, "V05415": 2, "V05418": 1, "V05430": 0, "V05433": 3, "criancas_0a4": 0, "em_favela": false }, "geometry": { "type": "Polygon", "coordinates": [ [ [ -46.73987, -23.670571 ], [ -46.740423, -23.670993 ], [ -46.740704, -23.670612 ], [ -46.740889, -23.670239 ], [ -46.7406, -23.669607 ], [ -46.740473, -23.669643 ], [ -46.740313, -23.669407 ], [ -46.739997, -23.669106 ], [ -46.739742, -23.669403 ], [ -46.73987, -23.670571 ] ] ] } },
{ "type": "Feature", "properties": { "CD_SETOR": "355030846000394", "faces": 16, "pavimentada": 100.0, "bueiro": 87.5, "iluminacao": 100.0, "onibus": 12.5, "ciclovia": 0.0, "calcada": 93.75, "obstaculo": 66.67, "rampa": 0.0, "rampa_faces": 0.0, "sem_calcada": 6.25, "sem_arvore": 56.25, "muitas_arvores": 6.25, "vao": 100.0, "V05400": 16, "V05421": 15, "V05406": 16, "V05412": 16, "V05422": 1, "V05424": 10, "V05427": 0, "V05409": 14, "V05415": 2, "V05418": 0, "V05430": 9, "V05433": 1, "criancas_0a4": 28, "em_favela": false }, "geometry": { "type": "Polygon", "coordinates": [ [ [ -46.740747, -23.673046 ], [ -46.740929, -23.673339 ], [ -46.741019, -23.673642 ], [ -46.741037, -23.674049 ], [ -46.740956, -23.674929 ], [ -46.741003, -23.675023 ], [ -46.741696, -23.674279 ], [ -46.741772, -23.674051 ], [ -46.742427, -23.674183 ], [ -46.742789, -23.674162 ], [ -46.742658, -23.67299 ], [ -46.742505, -23.672993 ], [ -46.742435, -23.672888 ], [ -46.742022, -23.672764 ], [ -46.741355, -23.672466 ], [ -46.741461, -23.672612 ], [ -46.740747, -23.673046 ] ] ] } },
{ "type": "Feature", "properties": { "CD_SETOR": "355030846000395", "faces": 9, "pavimentada": 100.0, "bueiro": 77.78, "iluminacao": 100.0, "onibus": 11.11, "ciclovia": 0.0, "calcada": 66.67, "obstaculo": 100.0, "rampa": 0.0, "rampa_faces": 0.0, "sem_calcada": 33.33, "sem_arvore": 33.33, "muitas_arvores": 11.11, "vao": 100.0, "V05400": 9, "V05421": 6, "V05406": 9, "V05412": 9, "V05422": 3, "V05424": 6, "V05427": 0, "V05409": 7, "V05415": 1, "V05418": 0, "V05430": 3, "V05433": 1, "criancas_0a4": 14, "em_favela": false }, "geometry": { "type": "Polygon", "coordinates": [ [ [ -46.740226, -23.673363 ], [ -46.740294, -23.673585 ], [ -46.740252, -23.673956 ], [ -46.740131, -23.674178 ], [ -46.739895, -23.674373 ], [ -46.740175, -23.67474 ], [ -46.740071, -23.674772 ], [ -46.740386, -23.6751 ], [ -46.740717, -23.675305 ], [ -46.741003, -23.675023 ], [ -46.740956, -23.674929 ], [ -46.741037, -23.674049 ], [ -46.741006, -23.67358 ], [ -46.740929, -23.673339 ], [ -46.740747, -23.673046 ], [ -46.740226, -23.673363 ] ] ] } },
{ "type": "Feature", "properties": { "CD_SETOR": "355030846000396", "faces": 20, "pavimentada": 100.0, "bueiro": 65.0, "iluminacao": 100.0, "onibus": 40.0, "ciclovia": 0.0, "calcada": 100.0, "obstaculo": 70.0, "rampa": 25.0, "rampa_faces": 25.0, "sem_calcada": 0.0, "sem_arvore": 40.0, "muitas_arvores": 15.0, "vao": 75.0, "V05400": 20, "V05421": 20, "V05406": 20, "V05412": 20, "V05422": 0, "V05424": 14, "V05427": 5, "V05409": 13, "V05415": 8, "V05418": 0, "V05430": 8, "V05433": 3, "criancas_0a4": 11, "em_favela": false }, "geometry": { "type": "Polygon", "coordinates": [ [ [ -46.738034, -23.670897 ], [ -46.738647, -23.671035 ], [ -46.739378, -23.671287 ], [ -46.740788, -23.672248 ], [ -46.742022, -23.672764 ], [ -46.742435, -23.672888 ], [ -46.742505, -23.672993 ], [ -46.742658, -23.67299 ], [ -46.742605, -23.672548 ], [ -46.74263, -23.672391 ], [ -46.741119, -23.671725 ], [ -46.739983, -23.670999 ], [ -46.739228, -23.670603 ], [ -46.737159, -23.669941 ], [ -46.738034, -23.670897 ] ] ] } },
{ "type": "Feature", "properties": { "CD_SETOR": "355030846000397", "faces": 12, "pavimentada": 100.0, "bueiro": 16.67, "iluminacao": 100.0, "onibus": 16.67, "ciclovia": 0.0, "calcada": 75.0, "obstaculo": 88.89, "rampa": 0.0, "rampa_faces": 0.0, "sem_calcada": 25.0, "sem_arvore": 50.0, "muitas_arvores": 50.0, "vao": 100.0, "V05400": 12, "V05421": 9, "V05406": 12, "V05412": 12, "V05422": 3, "V05424": 8, "V05427": 0, "V05409": 2, "V05415": 2, "V05418": 0, "V05430": 6, "V05433": 6, "criancas_0a4": 20, "em_favela": false }, "geometry": { "type": "Polygon", "coordinates": [ [ [ -46.740226, -23.673363 ], [ -46.741461, -23.672612 ], [ -46.741355, -23.672466 ], [ -46.740788, -23.672248 ], [ -46.739378, -23.671287 ], [ -46.738647, -23.671035 ], [ -46.738034, -23.670897 ], [ -46.740085, -23.673155 ], [ -46.740226, -23.673363 ] ] ] } },
{ "type": "Feature", "properties": { "CD_SETOR": "355030846000398", "faces": 4, "pavimentada": 100.0, "bueiro": 75.0, "iluminacao": 100.0, "onibus": 0.0, "ciclovia": 0.0, "calcada": 100.0, "obstaculo": 75.0, "rampa": 0.0, "rampa_faces": 0.0, "sem_calcada": 0.0, "sem_arvore": 100.0, "muitas_arvores": 0.0, "vao": 100.0, "V05400": 4, "V05421": 4, "V05406": 4, "V05412": 4, "V05422": 0, "V05424": 3, "V05427": 0, "V05409": 3, "V05415": 0, "V05418": 0, "V05430": 4, "V05433": 0, "criancas_0a4": 11, "em_favela": true }, "geometry": { "type": "Polygon", "coordinates": [ [ [ -46.743749, -23.678215 ], [ -46.744026, -23.679635 ], [ -46.74404, -23.679969 ], [ -46.744152, -23.680029 ], [ -46.74427, -23.680004 ], [ -46.744253, -23.678669 ], [ -46.744169, -23.678143 ], [ -46.743749, -23.678215 ] ] ] } },
{ "type": "Feature", "properties": { "CD_SETOR": "355030846000399", "faces": 5, "pavimentada": 100.0, "bueiro": 80.0, "iluminacao": 100.0, "onibus": 20.0, "ciclovia": 0.0, "calcada": 100.0, "obstaculo": 80.0, "rampa": 0.0, "rampa_faces": 0.0, "sem_calcada": 0.0, "sem_arvore": 100.0, "muitas_arvores": 0.0, "vao": 100.0, "V05400": 5, "V05421": 5, "V05406": 5, "V05412": 5, "V05422": 0, "V05424": 4, "V05427": 0, "V05409": 4, "V05415": 1, "V05418": 0, "V05430": 5, "V05433": 0, "criancas_0a4": 37, "em_favela": false }, "geometry": { "type": "Polygon", "coordinates": [ [ [ -46.743334, -23.679699 ], [ -46.743121, -23.680275 ], [ -46.743717, -23.680415 ], [ -46.74404, -23.679969 ], [ -46.744026, -23.679635 ], [ -46.743798, -23.678393 ], [ -46.743749, -23.678215 ], [ -46.743624, -23.678189 ], [ -46.742995, -23.67728 ], [ -46.743356, -23.6793 ], [ -46.743334, -23.679699 ] ] ] } },
{ "type": "Feature", "properties": { "CD_SETOR": "355030846000400", "faces": 3, "pavimentada": 100.0, "bueiro": 0.0, "iluminacao": 100.0, "onibus": 33.33, "ciclovia": 0.0, "calcada": 100.0, "obstaculo": 100.0, "rampa": 0.0, "rampa_faces": 0.0, "sem_calcada": 0.0, "sem_arvore": 0.0, "muitas_arvores": 0.0, "vao": 100.0, "V05400": 3, "V05421": 3, "V05406": 3, "V05412": 3, "V05422": 0, "V05424": 3, "V05427": 0, "V05409": 0, "V05415": 1, "V05418": 0, "V05430": 0, "V05433": 0, "criancas_0a4": 35, "em_favela": false }, "geometry": { "type": "Polygon", "coordinates": [ [ [ -46.740917, -23.679978 ], [ -46.741761, -23.680014 ], [ -46.743121, -23.680275 ], [ -46.743334, -23.679699 ], [ -46.742979, -23.67967 ], [ -46.742674, -23.679452 ], [ -46.742576, -23.679514 ], [ -46.742402, -23.679536 ], [ -46.742007, -23.679449 ], [ -46.741563, -23.679454 ], [ -46.741278, -23.679517 ], [ -46.7411, -23.679617 ], [ -46.740917, -23.679978 ] ] ] } },
{ "type": "Feature", "properties": { "CD_SETOR": "355030846000401", "faces": 7, "pavimentada": 100.0, "bueiro": 14.29, "iluminacao": 100.0, "onibus": 0.0, "ciclovia": 0.0, "calcada": 100.0, "obstaculo": 100.0, "rampa": 0.0, "rampa_faces": 0.0, "sem_calcada": 0.0, "sem_arvore": 71.43, "muitas_arvores": 0.0, "vao": 100.0, "V05400": 7, "V05421": 7, "V05406": 7, "V05412": 7, "V05422": 0, "V05424": 7, "V05427": 0, "V05409": 1, "V05415": 0, "V05418": 0, "V05430": 5, "V05433": 0, "criancas_0a4": 32, "em_favela": false }, "geometry": { "type": "Polygon", "coordinates": [ [ [ -46.742351, -23.677077 ], [ -46.742736, -23.67932 ], [ -46.742674, -23.679452 ], [ -46.742979, -23.67967 ], [ -46.743334, -23.679699 ], [ -46.743356, -23.6793 ], [ -46.742995, -23.67728 ], [ -46.742376, -23.676396 ], [ -46.742279, -23.676335 ], [ -46.742253, -23.67643 ], [ -46.742351, -23.677077 ] ] ] } },
{ "type": "Feature", "properties": { "CD_SETOR": "355030846000402", "faces": 14, "pavimentada": 100.0, "bueiro": 64.29, "iluminacao": 100.0, "onibus": 7.14, "ciclovia": 0.0, "calcada": 78.57, "obstaculo": 100.0, "rampa": 0.0, "rampa_faces": 0.0, "sem_calcada": 21.43, "sem_arvore": 35.71, "muitas_arvores": 42.86, "vao": 100.0, "V05400": 14, "V05421": 11, "V05406": 14, "V05412": 14, "V05422": 3, "V05424": 11, "V05427": 0, "V05409": 9, "V05415": 1, "V05418": 0, "V05430": 5, "V05433": 6, "criancas_0a4": 43, "em_favela": false }, "geometry": { "type": "Polygon", "coordinates": [ [ [ -46.741867, -23.667345 ], [ -46.741527, -23.668563 ], [ -46.741985, -23.668345 ], [ -46.742171, -23.6685 ], [ -46.743661, -23.666814 ], [ -46.743005, -23.666734 ], [ -46.7425, -23.667284 ], [ -46.742321, -23.666678 ], [ -46.74286, -23.666107 ], [ -46.741922, -23.665787 ], [ -46.741566, -23.666411 ], [ -46.741526, -23.666607 ], [ -46.741611, -23.667047 ], [ -46.741867, -23.667345 ] ] ] } },
{ "type": "Feature", "properties": { "CD_SETOR": "355030846000403", "faces": 11, "pavimentada": 100.0, "bueiro": 72.73, "iluminacao": 100.0, "onibus": 0.0, "ciclovia": 0.0, "calcada": 100.0, "obstaculo": 90.91, "rampa": 0.0, "rampa_faces": 0.0, "sem_calcada": 0.0, "sem_arvore": 45.45, "muitas_arvores": 0.0, "vao": 100.0, "V05400": 11, "V05421": 11, "V05406": 11, "V05412": 11, "V05422": 0, "V05424": 10, "V05427": 0, "V05409": 8, "V05415": 0, "V05418": 0, "V05430": 5, "V05433": 0, "criancas_0a4": 30, "em_favela": false }, "geometry": { "type": "Polygon", "coordinates": [ [ [ -46.738647, -23.665401 ], [ -46.739004, -23.665208 ], [ -46.739735, -23.66544 ], [ -46.739757, -23.66552 ], [ -46.739709, -23.665695 ], [ -46.739752, -23.665918 ], [ -46.739236, -23.665775 ], [ -46.739338, -23.666038 ], [ -46.73931, -23.666154 ], [ -46.739181, -23.666217 ], [ -46.738883, -23.66626 ], [ -46.739537, -23.666626 ], [ -46.739939, -23.66663 ], [ -46.739996, -23.666524 ], [ -46.740143, -23.666753 ], [ -46.740088, -23.667025 ], [ -46.74031, -23.667534 ], [ -46.740846, -23.66841 ], [ -46.741167, -23.668692 ], [ -46.741285, -23.668687 ], [ -46.741527, -23.668563 ], [ -46.741867, -23.667345 ], [ -46.741692, -23.667287 ], [ -46.741183, -23.667303 ], [ -46.740692, -23.667436 ], [ -46.740233, -23.666067 ], [ -46.740052, -23.665777 ], [ -46.740217, -23.66532 ], [ -46.738981, -23.664885 ], [ -46.738647, -23.665401 ] ] ] } },
{ "type": "Feature", "properties": { "CD_SETOR": "355030846000406", "faces": 13, "pavimentada": 100.0, "bueiro": 100.0, "iluminacao": 100.0, "onibus": 38.46, "ciclovia": 0.0, "calcada": 100.0, "obstaculo": 100.0, "rampa": 0.0, "rampa_faces": 0.0, "sem_calcada": 0.0, "sem_arvore": 7.69, "muitas_arvores": 46.15, "vao": 100.0, "V05400": 13, "V05421": 13, "V05406": 13, "V05412": 13, "V05422": 0, "V05424": 13, "V05427": 0, "V05409": 13, "V05415": 5, "V05418": 0, "V05430": 1, "V05433": 6, "criancas_0a4": 50, "em_favela": false }, "geometry": { "type": "Polygon", "coordinates": [ [ [ -46.735945, -23.663171 ], [ -46.735239, -23.663802 ], [ -46.733468, -23.665037 ], [ -46.732976, -23.66579 ], [ -46.733091, -23.665801 ], [ -46.734557, -23.666735 ], [ -46.734791, -23.666801 ], [ -46.735089, -23.666763 ], [ -46.734408, -23.666285 ], [ -46.73468, -23.665872 ], [ -46.734887, -23.665987 ], [ -46.736298, -23.666237 ], [ -46.736252, -23.666032 ], [ -46.735913, -23.665503 ], [ -46.735729, -23.66489 ], [ -46.735717, -23.664542 ], [ -46.73584, -23.663865 ], [ -46.735801, -23.663798 ], [ -46.735878, -23.663588 ], [ -46.736232, -23.663001 ], [ -46.735945, -23.663171 ] ] ] } },
{ "type": "Feature", "properties": { "CD_SETOR": "355030846000407", "faces": 14, "pavimentada": 100.0, "bueiro": 0.0, "iluminacao": 100.0, "onibus": 42.86, "ciclovia": 0.0, "calcada": 50.0, "obstaculo": 100.0, "rampa": 0.0, "rampa_faces": 0.0, "sem_calcada": 50.0, "sem_arvore": 57.14, "muitas_arvores": 21.43, "vao": 100.0, "V05400": 14, "V05421": 7, "V05406": 14, "V05412": 14, "V05422": 7, "V05424": 7, "V05427": 0, "V05409": 0, "V05415": 6, "V05418": 0, "V05430": 8, "V05433": 3, "criancas_0a4": 35, "em_favela": false }, "geometry": { "type": "Polygon", "coordinates": [ [ [ -46.740925, -23.678976 ], [ -46.740282, -23.679402 ], [ -46.740285, -23.679571 ], [ -46.740623, -23.679617 ], [ -46.740409, -23.680888 ], [ -46.740057, -23.681408 ], [ -46.740078, -23.681754 ], [ -46.740247, -23.681651 ], [ -46.740229, -23.681433 ], [ -46.740718, -23.680981 ], [ -46.740917, -23.679978 ], [ -46.741088, -23.679628 ], [ -46.741278, -23.679517 ], [ -46.741563, -23.679454 ], [ -46.742007, -23.679449 ], [ -46.742508, -23.679532 ], [ -46.742674, -23.679452 ], [ -46.742736, -23.67932 ], [ -46.742622, -23.678562 ], [ -46.742223, -23.678312 ], [ -46.742084, -23.678724 ], [ -46.741553, -23.678888 ], [ -46.740925, -23.678976 ] ] ] } },
{ "type": "Feature", "properties": { "CD_SETOR": "355030846000408", "faces": 18, "pavimentada": 100.0, "bueiro": 44.44, "iluminacao": 100.0, "onibus": 16.67, "ciclovia": 0.0, "calcada": 50.0, "obstaculo": 77.78, "rampa": 0.0, "rampa_faces": 0.0, "sem_calcada": 50.0, "sem_arvore": 55.56, "muitas_arvores": 16.67, "vao": 100.0, "V05400": 18, "V05421": 9, "V05406": 18, "V05412": 18, "V05422": 9, "V05424": 7, "V05427": 0, "V05409": 8, "V05415": 3, "V05418": 0, "V05430": 10, "V05433": 3, "criancas_0a4": 28, "em_favela": false }, "geometry": { "type": "Polygon", "coordinates": [ [ [ -46.73677, -23.682185 ], [ -46.737076, -23.682945 ], [ -46.737872, -23.682716 ], [ -46.737913, -23.682818 ], [ -46.739088, -23.682493 ], [ -46.739152, -23.682864 ], [ -46.739955, -23.682722 ], [ -46.739941, -23.681837 ], [ -46.739735, -23.681169 ], [ -46.738826, -23.681473 ], [ -46.738656, -23.681571 ], [ -46.738049, -23.681633 ], [ -46.737825, -23.68128 ], [ -46.737674, -23.681143 ], [ -46.737261, -23.680948 ], [ -46.736197, -23.680211 ], [ -46.73677, -23.682185 ] ] ] } },
{ "type": "Feature", "properties": { "CD_SETOR": "355030846000410", "faces": 7, "pavimentada": 100.0, "bueiro": 57.14, "iluminacao": 100.0, "onibus": 0.0, "ciclovia": 0.0, "calcada": 57.14, "obstaculo": 100.0, "rampa": 0.0, "rampa_faces": 0.0, "sem_calcada": 42.86, "sem_arvore": 85.71, "muitas_arvores": 0.0, "vao": 100.0, "V05400": 7, "V05421": 4, "V05406": 7, "V05412": 7, "V05422": 3, "V05424": 4, "V05427": 0, "V05409": 4, "V05415": 0, "V05418": 0, "V05430": 6, "V05433": 0, "criancas_0a4": 25, "em_favela": false }, "geometry": { "type": "Polygon", "coordinates": [ [ [ -46.747152, -23.686653 ], [ -46.748254, -23.688603 ], [ -46.748443, -23.688824 ], [ -46.748614, -23.688229 ], [ -46.748606, -23.688001 ], [ -46.747677, -23.686382 ], [ -46.747152, -23.686653 ] ] ] } },
{ "type": "Feature", "properties": { "CD_SETOR": "355030846000411", "faces": 8, "pavimentada": 87.5, "bueiro": 87.5, "iluminacao": 87.5, "onibus": 0.0, "ciclovia": 0.0, "calcada": 50.0, "obstaculo": 100.0, "rampa": 0.0, "rampa_faces": 0.0, "sem_calcada": 37.5, "sem_arvore": 50.0, "muitas_arvores": 0.0, "vao": 87.5, "V05400": 8, "V05421": 4, "V05406": 7, "V05412": 7, "V05422": 3, "V05424": 4, "V05427": 0, "V05409": 7, "V05415": 0, "V05418": 0, "V05430": 4, "V05433": 0, "criancas_0a4": 27, "em_favela": false }, "geometry": { "type": "Polygon", "coordinates": [ [ [ -46.746602, -23.686913 ], [ -46.747619, -23.688728 ], [ -46.747842, -23.688871 ], [ -46.748086, -23.688942 ], [ -46.748396, -23.688921 ], [ -46.748443, -23.688824 ], [ -46.748254, -23.688603 ], [ -46.747152, -23.686653 ], [ -46.746602, -23.686913 ] ] ] } },
{ "type": "Feature", "properties": { "CD_SETOR": "355030846000412", "faces": 10, "pavimentada": 90.0, "bueiro": 20.0, "iluminacao": 90.0, "onibus": 10.0, "ciclovia": 0.0, "calcada": 90.0, "obstaculo": 88.89, "rampa": 0.0, "rampa_faces": 0.0, "sem_calcada": 10.0, "sem_arvore": 80.0, "muitas_arvores": 0.0, "vao": 90.0, "V05400": 10, "V05421": 9, "V05406": 9, "V05412": 9, "V05422": 1, "V05424": 8, "V05427": 0, "V05409": 2, "V05415": 1, "V05418": 0, "V05430": 8, "V05433": 0, "criancas_0a4": 56, "em_favela": false }, "geometry": { "type": "Polygon", "coordinates": [ [ [ -46.747402, -23.685859 ], [ -46.748606, -23.688001 ], [ -46.748614, -23.688229 ], [ -46.748917, -23.688155 ], [ -46.749116, -23.688228 ], [ -46.749336, -23.688521 ], [ -46.74957, -23.688973 ], [ -46.749696, -23.688994 ], [ -46.749839, -23.688636 ], [ -46.749795, -23.688505 ], [ -46.748478, -23.686775 ], [ -46.748113, -23.686008 ], [ -46.748161, -23.685968 ], [ -46.748531, -23.685944 ], [ -46.749412, -23.686073 ], [ -46.749418, -23.685984 ], [ -46.749229, -23.685477 ], [ -46.748037, -23.685247 ], [ -46.747645, -23.685053 ], [ -46.747425, -23.68567 ], [ -46.747402, -23.685859 ] ] ] } },
{ "type": "Feature", "properties": { "CD_SETOR": "355030846000413", "faces": 4, "pavimentada": 100.0, "bueiro": 100.0, "iluminacao": 100.0, "onibus": 0.0, "ciclovia": 0.0, "calcada": 100.0, "obstaculo": 100.0, "rampa": 0.0, "rampa_faces": 0.0, "sem_calcada": 0.0, "sem_arvore": 25.0, "muitas_arvores": 75.0, "vao": 100.0, "V05400": 4, "V05421": 4, "V05406": 4, "V05412": 4, "V05422": 0, "V05424": 4, "V05427": 0, "V05409": 4, "V05415": 0, "V05418": 0, "V05430": 1, "V05433": 3, "criancas_0a4": 12, "em_favela": false }, "geometry": { "type": "Polygon", "coordinates": [ [ [ -46.749795, -23.688505 ], [ -46.750002, -23.687979 ], [ -46.749949, -23.687843 ], [ -46.749293, -23.686955 ], [ -46.748396, -23.686268 ], [ -46.748294, -23.686096 ], [ -46.748325, -23.685981 ], [ -46.748161, -23.685968 ], [ -46.748113, -23.686008 ], [ -46.748152, -23.686126 ], [ -46.748478, -23.686775 ], [ -46.749795, -23.688505 ] ] ] } },
{ "type": "Feature", "properties": { "CD_SETOR": "355030846000414", "faces": 19, "pavimentada": 100.0, "bueiro": 68.42, "iluminacao": 100.0, "onibus": 5.26, "ciclovia": 0.0, "calcada": 100.0, "obstaculo": 94.74, "rampa": 0.0, "rampa_faces": 0.0, "sem_calcada": 0.0, "sem_arvore": 36.84, "muitas_arvores": 10.53, "vao": 100.0, "V05400": 19, "V05421": 19, "V05406": 19, "V05412": 19, "V05422": 0, "V05424": 18, "V05427": 0, "V05409": 13, "V05415": 1, "V05418": 0, "V05430": 7, "V05433": 2, "criancas_0a4": 22, "em_favela": false }, "geometry": { "type": "Polygon", "coordinates": [ [ [ -46.739728, -23.689298 ], [ -46.739651, -23.689404 ], [ -46.739768, -23.689684 ], [ -46.740131, -23.689949 ], [ -46.740374, -23.689831 ], [ -46.740506, -23.689826 ], [ -46.740834, -23.68993 ], [ -46.741316, -23.689833 ], [ -46.741957, -23.690022 ], [ -46.742292, -23.690503 ], [ -46.74239, -23.690726 ], [ -46.742524, -23.690807 ], [ -46.742743, -23.690237 ], [ -46.74334, -23.690454 ], [ -46.743481, -23.690346 ], [ -46.742251, -23.687789 ], [ -46.742139, -23.687866 ], [ -46.741397, -23.688749 ], [ -46.74136, -23.689019 ], [ -46.741531, -23.689376 ], [ -46.740006, -23.689429 ], [ -46.739728, -23.689298 ] ] ] } },
{ "type": "Feature", "properties": { "CD_SETOR": "355030846000415", "faces": 16, "pavimentada": 100.0, "bueiro": 37.5, "iluminacao": 100.0, "onibus": 0.0, "ciclovia": 0.0, "calcada": 87.5, "obstaculo": 92.86, "rampa": 0.0, "rampa_faces": 0.0, "sem_calcada": 12.5, "sem_arvore": 25.0, "muitas_arvores": 0.0, "vao": 100.0, "V05400": 16, "V05421": 14, "V05406": 16, "V05412": 16, "V05422": 2, "V05424": 13, "V05427": 0, "V05409": 6, "V05415": 0, "V05418": 0, "V05430": 4, "V05433": 0, "criancas_0a4": 39, "em_favela": false }, "geometry": { "type": "Polygon", "coordinates": [ [ [ -46.740131, -23.689949 ], [ -46.741317, -23.69087 ], [ -46.741275, -23.690494 ], [ -46.741341, -23.690374 ], [ -46.741576, -23.690382 ], [ -46.741895, -23.690536 ], [ -46.74196, -23.691087 ], [ -46.741519, -23.69189 ], [ -46.741317, -23.692066 ], [ -46.741272, -23.692241 ], [ -46.742451, -23.692791 ], [ -46.742681, -23.691737 ], [ -46.743074, -23.691055 ], [ -46.74334, -23.690454 ], [ -46.742743, -23.690237 ], [ -46.742524, -23.690807 ], [ -46.74239, -23.690726 ], [ -46.742292, -23.690503 ], [ -46.741957, -23.690022 ], [ -46.741316, -23.689833 ], [ -46.740834, -23.68993 ], [ -46.740506, -23.689826 ], [ -46.740374, -23.689831 ], [ -46.740131, -23.689949 ] ] ] } },
{ "type": "Feature", "properties": { "CD_SETOR": "355030846000416", "faces": 9, "pavimentada": 100.0, "bueiro": 77.78, "iluminacao": 100.0, "onibus": 11.11, "ciclovia": 0.0, "calcada": 77.78, "obstaculo": 85.71, "rampa": 0.0, "rampa_faces": 0.0, "sem_calcada": 22.22, "sem_arvore": 33.33, "muitas_arvores": 0.0, "vao": 100.0, "V05400": 9, "V05421": 7, "V05406": 9, "V05412": 9, "V05422": 2, "V05424": 6, "V05427": 0, "V05409": 7, "V05415": 1, "V05418": 0, "V05430": 3, "V05433": 0, "criancas_0a4": 15, "em_favela": false }, "geometry": { "type": "Polygon", "coordinates": [ [ [ -46.74322, -23.691796 ], [ -46.743344, -23.691868 ], [ -46.743811, -23.691477 ], [ -46.744893, -23.691112 ], [ -46.746018, -23.692078 ], [ -46.746211, -23.692131 ], [ -46.746793, -23.691623 ], [ -46.746867, -23.69155 ], [ -46.746866, -23.691483 ], [ -46.746305, -23.691461 ], [ -46.746038, -23.69137 ], [ -46.745623, -23.691007 ], [ -46.745076, -23.690653 ], [ -46.744783, -23.690518 ], [ -46.744428, -23.690628 ], [ -46.743788, -23.690919 ], [ -46.743618, -23.691076 ], [ -46.74322, -23.691796 ] ] ] } },
{ "type": "Feature", "properties": { "CD_SETOR": "355030846000417", "faces": 12, "pavimentada": 100.0, "bueiro": 41.67, "iluminacao": 91.67, "onibus": 8.33, "ciclovia": 0.0, "calcada": 75.0, "obstaculo": 100.0, "rampa": 0.0, "rampa_faces": 0.0, "sem_calcada": 25.0, "sem_arvore": 66.67, "muitas_arvores": 8.33, "vao": 100.0, "V05400": 12, "V05421": 9, "V05406": 12, "V05412": 11, "V05422": 3, "V05424": 9, "V05427": 0, "V05409": 5, "V05415": 1, "V05418": 0, "V05430": 8, "V05433": 1, "criancas_0a4": 32, "em_favela": false }, "geometry": { "type": "Polygon", "coordinates": [ [ [ -46.746866, -23.691483 ], [ -46.746867, -23.69155 ], [ -46.746793, -23.691623 ], [ -46.746211, -23.692131 ], [ -46.747164, -23.692459 ], [ -46.748133, -23.692971 ], [ -46.748417, -23.692326 ], [ -46.747735, -23.692025 ], [ -46.747891, -23.691504 ], [ -46.746866, -23.691483 ] ] ] } },
{ "type": "Feature", "properties": { "CD_SETOR": "355030846000418", "faces": 13, "pavimentada": 100.0, "bueiro": 92.31, "iluminacao": 100.0, "onibus": 0.0, "ciclovia": 0.0, "calcada": 69.23, "obstaculo": 100.0, "rampa": 0.0, "rampa_faces": 0.0, "sem_calcada": 30.77, "sem_arvore": 46.15, "muitas_arvores": 23.08, "vao": 100.0, "V05400": 13, "V05421": 9, "V05406": 13, "V05412": 13, "V05422": 4, "V05424": 9, "V05427": 0, "V05409": 12, "V05415": 0, "V05418": 0, "V05430": 6, "V05433": 3, "criancas_0a4": 45, "em_favela": false }, "geometry": { "type": "Polygon", "coordinates": [ [ [ -46.747891, -23.691504 ], [ -46.747735, -23.692025 ], [ -46.748585, -23.692383 ], [ -46.748829, -23.692405 ], [ -46.749007, -23.692362 ], [ -46.749298, -23.691874 ], [ -46.749236, -23.691599 ], [ -46.749072, -23.691349 ], [ -46.748992, -23.690745 ], [ -46.748038, -23.690443 ], [ -46.747918, -23.690941 ], [ -46.748063, -23.690957 ], [ -46.748016, -23.691531 ], [ -46.747891, -23.691504 ] ] ] } },
{ "type": "Feature", "properties": { "CD_SETOR": "355030846000419", "faces": 6, "pavimentada": 100.0, "bueiro": 66.67, "iluminacao": 100.0, "onibus": 16.67, "ciclovia": 0.0, "calcada": 83.33, "obstaculo": 100.0, "rampa": 0.0, "rampa_faces": 0.0, "sem_calcada": 16.67, "sem_arvore": 33.33, "muitas_arvores": 0.0, "vao": 100.0, "V05400": 6, "V05421": 5, "V05406": 6, "V05412": 6, "V05422": 1, "V05424": 5, "V05427": 0, "V05409": 4, "V05415": 1, "V05418": 0, "V05430": 2, "V05433": 0, "criancas_0a4": 17, "em_favela": false }, "geometry": { "type": "Polygon", "coordinates": [ [ [ -46.746774, -23.691478 ], [ -46.747567, -23.691478 ], [ -46.748016, -23.691531 ], [ -46.748063, -23.690957 ], [ -46.747918, -23.690941 ], [ -46.748038, -23.690443 ], [ -46.747476, -23.690388 ], [ -46.746985, -23.690438 ], [ -46.746774, -23.691478 ] ] ] } },
{ "type": "Feature", "properties": { "CD_SETOR": "355030846000420", "faces": 9, "pavimentada": 100.0, "bueiro": 11.11, "iluminacao": 100.0, "onibus": 33.33, "ciclovia": 0.0, "calcada": 66.67, "obstaculo": 100.0, "rampa": 0.0, "rampa_faces": 0.0, "sem_calcada": 33.33, "sem_arvore": 44.44, "muitas_arvores": 22.22, "vao": 100.0, "V05400": 9, "V05421": 6, "V05406": 9, "V05412": 9, "V05422": 3, "V05424": 6, "V05427": 0, "V05409": 1, "V05415": 3, "V05418": 0, "V05430": 4, "V05433": 2, "criancas_0a4": 11, "em_favela": false }, "geometry": { "type": "Polygon", "coordinates": [ [ [ -46.752392, -23.661906 ], [ -46.752134, -23.662408 ], [ -46.751946, -23.663084 ], [ -46.752502, -23.663238 ], [ -46.752754, -23.662543 ], [ -46.753348, -23.662173 ], [ -46.753512, -23.662135 ], [ -46.753809, -23.661243 ], [ -46.752862, -23.661763 ], [ -46.752392, -23.661906 ] ] ] } },
{ "type": "Feature", "properties": { "CD_SETOR": "355030846000421", "faces": 15, "pavimentada": 100.0, "bueiro": 0.0, "iluminacao": 100.0, "onibus": 33.33, "ciclovia": 0.0, "calcada": 73.33, "obstaculo": 100.0, "rampa": 9.09, "rampa_faces": 6.67, "sem_calcada": 26.67, "sem_arvore": 26.67, "muitas_arvores": 26.67, "vao": 93.33, "V05400": 15, "V05421": 11, "V05406": 15, "V05412": 15, "V05422": 4, "V05424": 11, "V05427": 1, "V05409": 0, "V05415": 5, "V05418": 0, "V05430": 4, "V05433": 4, "criancas_0a4": 15, "em_favela": false }, "geometry": { "type": "Polygon", "coordinates": [ [ [ -46.752754, -23.662543 ], [ -46.752336, -23.663707 ], [ -46.753076, -23.664932 ], [ -46.753253, -23.664847 ], [ -46.753455, -23.664393 ], [ -46.754028, -23.662602 ], [ -46.753421, -23.662418 ], [ -46.753512, -23.662135 ], [ -46.753348, -23.662173 ], [ -46.752754, -23.662543 ] ] ] } },
{ "type": "Feature", "properties": { "CD_SETOR": "355030846000422", "faces": 10, "pavimentada": 100.0, "bueiro": 60.0, "iluminacao": 100.0, "onibus": 0.0, "ciclovia": 0.0, "calcada": 70.0, "obstaculo": 100.0, "rampa": 0.0, "rampa_faces": 0.0, "sem_calcada": 30.0, "sem_arvore": 40.0, "muitas_arvores": 10.0, "vao": 100.0, "V05400": 10, "V05421": 7, "V05406": 10, "V05412": 10, "V05422": 3, "V05424": 7, "V05427": 0, "V05409": 6, "V05415": 0, "V05418": 0, "V05430": 4, "V05433": 1, "criancas_0a4": 23, "em_favela": false }, "geometry": { "type": "Polygon", "coordinates": [ [ [ -46.753351, -23.658314 ], [ -46.752895, -23.659125 ], [ -46.753344, -23.659343 ], [ -46.75252, -23.660818 ], [ -46.753197, -23.660507 ], [ -46.753819, -23.659427 ], [ -46.753902, -23.659063 ], [ -46.753917, -23.658706 ], [ -46.753654, -23.658505 ], [ -46.753379, -23.658124 ], [ -46.753351, -23.658314 ] ] ] } },
{ "type": "Feature", "properties": { "CD_SETOR": "355030846000423", "faces": 10, "pavimentada": 100.0, "bueiro": 60.0, "iluminacao": 100.0, "onibus": 10.0, "ciclovia": 10.0, "calcada": 90.0, "obstaculo": 100.0, "rampa": 0.0, "rampa_faces": 0.0, "sem_calcada": 10.0, "sem_arvore": 40.0, "muitas_arvores": 10.0, "vao": 100.0, "V05400": 10, "V05421": 9, "V05406": 10, "V05412": 10, "V05422": 1, "V05424": 9, "V05427": 0, "V05409": 6, "V05415": 1, "V05418": 1, "V05430": 4, "V05433": 1, "criancas_0a4": 23, "em_favela": false }, "geometry": { "type": "Polygon", "coordinates": [ [ [ -46.752895, -23.659125 ], [ -46.751383, -23.661839 ], [ -46.75208, -23.661897 ], [ -46.752238, -23.661523 ], [ -46.752199, -23.661379 ], [ -46.753344, -23.659343 ], [ -46.752895, -23.659125 ] ] ] } },
{ "type": "Feature", "properties": { "CD_SETOR": "355030846000424", "faces": 13, "pavimentada": 100.0, "bueiro": 30.77, "iluminacao": 100.0, "onibus": 7.69, "ciclovia": 0.0, "calcada": 69.23, "obstaculo": 100.0, "rampa": 0.0, "rampa_faces": 0.0, "sem_calcada": 30.77, "sem_arvore": 46.15, "muitas_arvores": 0.0, "vao": 100.0, "V05400": 13, "V05421": 9, "V05406": 13, "V05412": 13, "V05422": 4, "V05424": 9, "V05427": 0, "V05409": 4, "V05415": 1, "V05418": 0, "V05430": 6, "V05433": 0, "criancas_0a4": 34, "em_favela": false }, "geometry": { "type": "Polygon", "coordinates": [ [ [ -46.752336, -23.657774 ], [ -46.751916, -23.65847 ], [ -46.749947, -23.658484 ], [ -46.749501, -23.659492 ], [ -46.750041, -23.659677 ], [ -46.750326, -23.659043 ], [ -46.750878, -23.659 ], [ -46.75149, -23.659241 ], [ -46.751389, -23.659411 ], [ -46.751925, -23.659658 ], [ -46.752658, -23.658367 ], [ -46.752706, -23.658181 ], [ -46.752643, -23.657932 ], [ -46.75248, -23.657795 ], [ -46.752336, -23.657774 ] ] ] } },
{ "type": "Feature", "properties": { "CD_SETOR": "355030846000425", "faces": 26, "pavimentada": 100.0, "bueiro": 61.54, "iluminacao": 100.0, "onibus": 7.69, "ciclovia": 7.69, "calcada": 53.85, "obstaculo": 78.57, "rampa": 0.0, "rampa_faces": 0.0, "sem_calcada": 46.15, "sem_arvore": 73.08, "muitas_arvores": 3.85, "vao": 100.0, "V05400": 26, "V05421": 14, "V05406": 26, "V05412": 26, "V05422": 12, "V05424": 11, "V05427": 0, "V05409": 16, "V05415": 2, "V05418": 2, "V05430": 19, "V05433": 1, "criancas_0a4": 44, "em_favela": false }, "geometry": { "type": "Polygon", "coordinates": [ [ [ -46.750765, -23.660654 ], [ -46.750492, -23.660865 ], [ -46.750491, -23.660967 ], [ -46.751025, -23.661323 ], [ -46.751043, -23.661459 ], [ -46.750957, -23.661785 ], [ -46.751383, -23.661839 ], [ -46.752093, -23.660548 ], [ -46.751562, -23.660287 ], [ -46.751925, -23.659658 ], [ -46.751389, -23.659411 ], [ -46.750765, -23.660654 ] ] ] } },
{ "type": "Feature", "properties": { "CD_SETOR": "355030846000426", "faces": 5, "pavimentada": 100.0, "bueiro": 100.0, "iluminacao": 100.0, "onibus": 20.0, "ciclovia": 0.0, "calcada": 80.0, "obstaculo": 100.0, "rampa": 0.0, "rampa_faces": 0.0, "sem_calcada": 20.0, "sem_arvore": 20.0, "muitas_arvores": 20.0, "vao": 100.0, "V05400": 5, "V05421": 4, "V05406": 5, "V05412": 5, "V05422": 1, "V05424": 4, "V05427": 0, "V05409": 5, "V05415": 1, "V05418": 0, "V05430": 1, "V05433": 1, "criancas_0a4": 27, "em_favela": false }, "geometry": { "type": "Polygon", "coordinates": [ [ [ -46.748807, -23.655941 ], [ -46.749564, -23.656892 ], [ -46.749654, -23.656729 ], [ -46.749662, -23.656333 ], [ -46.749731, -23.656217 ], [ -46.750021, -23.656075 ], [ -46.750725, -23.655595 ], [ -46.750049, -23.654801 ], [ -46.749672, -23.654969 ], [ -46.749287, -23.655021 ], [ -46.748807, -23.655941 ] ] ] } },
{ "type": "Feature", "properties": { "CD_SETOR": "355030846000427", "faces": 7, "pavimentada": 100.0, "bueiro": 100.0, "iluminacao": 100.0, "onibus": 0.0, "ciclovia": 0.0, "calcada": 71.43, "obstaculo": 100.0, "rampa": 0.0, "rampa_faces": 0.0, "sem_calcada": 28.57, "sem_arvore": 14.29, "muitas_arvores": 14.29, "vao": 100.0, "V05400": 7, "V05421": 5, "V05406": 7, "V05412": 7, "V05422": 2, "V05424": 5, "V05427": 0, "V05409": 7, "V05415": 0, "V05418": 0, "V05430": 1, "V05433": 1, "criancas_0a4": 49, "em_favela": false }, "geometry": { "type": "Polygon", "coordinates": [ [ [ -46.751081, -23.653154 ], [ -46.74947, -23.653855 ], [ -46.750049, -23.654801 ], [ -46.750725, -23.655595 ], [ -46.751754, -23.654775 ], [ -46.751927, -23.654593 ], [ -46.752049, -23.654378 ], [ -46.751895, -23.653763 ], [ -46.751589, -23.653184 ], [ -46.751394, -23.653081 ], [ -46.751081, -23.653154 ] ] ] } },
{ "type": "Feature", "properties": { "CD_SETOR": "355030846000428", "faces": 10, "pavimentada": 100.0, "bueiro": 50.0, "iluminacao": 90.0, "onibus": 0.0, "ciclovia": 0.0, "calcada": 70.0, "obstaculo": 100.0, "rampa": 0.0, "rampa_faces": 0.0, "sem_calcada": 30.0, "sem_arvore": 40.0, "muitas_arvores": 20.0, "vao": 100.0, "V05400": 10, "V05421": 7, "V05406": 10, "V05412": 9, "V05422": 3, "V05424": 7, "V05427": 0, "V05409": 5, "V05415": 0, "V05418": 0, "V05430": 4, "V05433": 2, "criancas_0a4": 28, "em_favela": false }, "geometry": { "type": "Polygon", "coordinates": [ [ [ -46.745727, -23.654939 ], [ -46.747263, -23.655054 ], [ -46.747436, -23.653812 ], [ -46.746198, -23.653119 ], [ -46.745816, -23.654395 ], [ -46.745727, -23.654939 ] ] ] } },
{ "type": "Feature", "properties": { "CD_SETOR": "355030846000429", "faces": 4, "pavimentada": 100.0, "bueiro": 50.0, "iluminacao": 100.0, "onibus": 0.0, "ciclovia": 0.0, "calcada": 100.0, "obstaculo": 75.0, "rampa": 0.0, "rampa_faces": 0.0, "sem_calcada": 0.0, "sem_arvore": 50.0, "muitas_arvores": 25.0, "vao": 100.0, "V05400": 4, "V05421": 4, "V05406": 4, "V05412": 4, "V05422": 0, "V05424": 3, "V05427": 0, "V05409": 2, "V05415": 0, "V05418": 0, "V05430": 2, "V05433": 1, "criancas_0a4": 13, "em_favela": false }, "geometry": { "type": "Polygon", "coordinates": [ [ [ -46.745575, -23.655894 ], [ -46.747132, -23.656027 ], [ -46.747263, -23.655054 ], [ -46.745727, -23.654939 ], [ -46.745575, -23.655894 ] ] ] } },
{ "type": "Feature", "properties": { "CD_SETOR": "355030846000431", "faces": 19, "pavimentada": 94.74, "bueiro": 26.32, "iluminacao": 100.0, "onibus": 5.26, "ciclovia": 0.0, "calcada": 73.68, "obstaculo": 85.71, "rampa": 0.0, "rampa_faces": 0.0, "sem_calcada": 26.32, "sem_arvore": 73.68, "muitas_arvores": 15.79, "vao": 94.74, "V05400": 19, "V05421": 14, "V05406": 18, "V05412": 19, "V05422": 5, "V05424": 12, "V05427": 0, "V05409": 5, "V05415": 1, "V05418": 0, "V05430": 14, "V05433": 3, "criancas_0a4": 27, "em_favela": false }, "geometry": { "type": "Polygon", "coordinates": [ [ [ -46.745391, -23.65711 ], [ -46.745772, -23.657129 ], [ -46.745874, -23.657198 ], [ -46.745905, -23.657263 ], [ -46.74588, -23.657747 ], [ -46.746612, -23.657757 ], [ -46.74665, -23.656543 ], [ -46.747035, -23.656538 ], [ -46.747132, -23.656027 ], [ -46.745575, -23.655894 ], [ -46.745391, -23.65711 ] ] ] } },
{ "type": "Feature", "properties": { "CD_SETOR": "355030846000432", "faces": 25, "pavimentada": 96.0, "bueiro": 44.0, "iluminacao": 100.0, "onibus": 12.0, "ciclovia": 0.0, "calcada": 84.0, "obstaculo": 85.71, "rampa": 0.0, "rampa_faces": 0.0, "sem_calcada": 16.0, "sem_arvore": 36.0, "muitas_arvores": 32.0, "vao": 96.0, "V05400": 25, "V05421": 21, "V05406": 24, "V05412": 25, "V05422": 4, "V05424": 18, "V05427": 0, "V05409": 11, "V05415": 3, "V05418": 0, "V05430": 9, "V05433": 8, "criancas_0a4": 56, "em_favela": false }, "geometry": { "type": "Polygon", "coordinates": [ [ [ -46.74665, -23.656543 ], [ -46.746583, -23.658394 ], [ -46.745854, -23.658366 ], [ -46.745864, -23.658059 ], [ -46.745746, -23.658064 ], [ -46.744196, -23.657449 ], [ -46.744174, -23.658309 ], [ -46.746879, -23.659363 ], [ -46.746912, -23.657786 ], [ -46.747035, -23.656538 ], [ -46.74665, -23.656543 ] ] ] } },
{ "type": "Feature", "properties": { "CD_SETOR": "355030846000433", "faces": 26, "pavimentada": 100.0, "bueiro": 26.92, "iluminacao": 100.0, "onibus": 7.69, "ciclovia": 0.0, "calcada": 80.77, "obstaculo": 100.0, "rampa": 0.0, "rampa_faces": 0.0, "sem_calcada": 19.23, "sem_arvore": 65.38, "muitas_arvores": 15.38, "vao": 100.0, "V05400": 26, "V05421": 21, "V05406": 26, "V05412": 26, "V05422": 5, "V05424": 21, "V05427": 0, "V05409": 7, "V05415": 2, "V05418": 0, "V05430": 17, "V05433": 4, "criancas_0a4": 41, "em_favela": false }, "geometry": { "type": "Polygon", "coordinates": [ [ [ -46.744196, -23.657449 ], [ -46.745746, -23.658064 ], [ -46.745864, -23.658059 ], [ -46.745854, -23.658366 ], [ -46.746583, -23.658394 ], [ -46.746612, -23.657757 ], [ -46.74588, -23.657747 ], [ -46.745905, -23.657263 ], [ -46.745817, -23.657152 ], [ -46.744991, -23.657107 ], [ -46.744835, -23.657051 ], [ -46.74417, -23.656533 ], [ -46.744196, -23.657449 ] ] ] } },
{ "type": "Feature", "properties": { "CD_SETOR": "355030846000434", "faces": 11, "pavimentada": 100.0, "bueiro": 36.36, "iluminacao": 90.91, "onibus": 0.0, "ciclovia": 0.0, "calcada": 81.82, "obstaculo": 100.0, "rampa": 11.11, "rampa_faces": 9.09, "sem_calcada": 18.18, "sem_arvore": 27.27, "muitas_arvores": 18.18, "vao": 90.91, "V05400": 11, "V05421": 9, "V05406": 11, "V05412": 10, "V05422": 2, "V05424": 9, "V05427": 1, "V05409": 4, "V05415": 0, "V05418": 0, "V05430": 3, "V05433": 2, "criancas_0a4": 22, "em_favela": false }, "geometry": { "type": "Polygon", "coordinates": [ [ [ -46.738674, -23.657178 ], [ -46.739083, -23.657369 ], [ -46.739324, -23.656923 ], [ -46.739821, -23.657175 ], [ -46.739961, -23.657019 ], [ -46.741028, -23.657379 ], [ -46.740258, -23.656676 ], [ -46.739757, -23.656421 ], [ -46.738563, -23.655942 ], [ -46.737567, -23.655706 ], [ -46.737265, -23.655501 ], [ -46.737461, -23.65625 ], [ -46.738026, -23.656573 ], [ -46.738674, -23.657178 ] ] ] } },
{ "type": "Feature", "properties": { "CD_SETOR": "355030846000435", "faces": 15, "pavimentada": 100.0, "bueiro": 86.67, "iluminacao": 86.67, "onibus": 0.0, "ciclovia": 0.0, "calcada": 100.0, "obstaculo": 93.33, "rampa": 6.67, "rampa_faces": 6.67, "sem_calcada": 0.0, "sem_arvore": 40.0, "muitas_arvores": 26.67, "vao": 93.33, "V05400": 15, "V05421": 15, "V05406": 15, "V05412": 13, "V05422": 0, "V05424": 14, "V05427": 1, "V05409": 13, "V05415": 0, "V05418": 0, "V05430": 6, "V05433": 4, "criancas_0a4": 33, "em_favela": false }, "geometry": { "type": "Polygon", "coordinates": [ [ [ -46.739083, -23.657369 ], [ -46.73971, -23.657554 ], [ -46.739879, -23.65765 ], [ -46.741511, -23.65957 ], [ -46.741776, -23.659156 ], [ -46.740605, -23.657736 ], [ -46.741408, -23.658002 ], [ -46.741646, -23.657649 ], [ -46.741503, -23.657645 ], [ -46.741028, -23.657379 ], [ -46.739961, -23.657019 ], [ -46.739821, -23.657175 ], [ -46.739324, -23.656923 ], [ -46.739083, -23.657369 ] ] ] } },
{ "type": "Feature", "properties": { "CD_SETOR": "355030846000436", "faces": 8, "pavimentada": 100.0, "bueiro": 62.5, "iluminacao": 100.0, "onibus": 12.5, "ciclovia": 0.0, "calcada": 87.5, "obstaculo": 100.0, "rampa": 0.0, "rampa_faces": 0.0, "sem_calcada": 12.5, "sem_arvore": 12.5, "muitas_arvores": 12.5, "vao": 100.0, "V05400": 8, "V05421": 7, "V05406": 8, "V05412": 8, "V05422": 1, "V05424": 7, "V05427": 0, "V05409": 5, "V05415": 1, "V05418": 0, "V05430": 1, "V05433": 1, "criancas_0a4": 19, "em_favela": false }, "geometry": { "type": "Polygon", "coordinates": [ [ [ -46.73354, -23.660083 ], [ -46.734649, -23.660076 ], [ -46.73483, -23.659876 ], [ -46.734993, -23.659617 ], [ -46.734368, -23.659695 ], [ -46.734775, -23.658166 ], [ -46.734866, -23.658013 ], [ -46.7344, -23.657922 ], [ -46.733942, -23.659711 ], [ -46.733535, -23.659722 ], [ -46.73354, -23.660083 ] ] ] } },
{ "type": "Feature", "properties": { "CD_SETOR": "355030846000437", "faces": 11, "pavimentada": 100.0, "bueiro": 27.27, "iluminacao": 90.91, "onibus": 18.18, "ciclovia": 0.0, "calcada": 100.0, "obstaculo": 90.91, "rampa": 0.0, "rampa_faces": 0.0, "sem_calcada": 0.0, "sem_arvore": 36.36, "muitas_arvores": 27.27, "vao": 100.0, "V05400": 11, "V05421": 11, "V05406": 11, "V05412": 10, "V05422": 0, "V05424": 10, "V05427": 0, "V05409": 3, "V05415": 2, "V05418": 0, "V05430": 4, "V05433": 3, "criancas_0a4": 22, "em_favela": false }, "geometry": { "type": "Polygon", "coordinates": [ [ [ -46.733512, -23.658959 ], [ -46.732981, -23.659674 ], [ -46.732989, -23.660094 ], [ -46.73354, -23.660083 ], [ -46.733535, -23.659722 ], [ -46.733942, -23.659711 ], [ -46.7344, -23.657922 ], [ -46.733137, -23.657674 ], [ -46.733449, -23.65835 ], [ -46.733512, -23.658959 ] ] ] } },
{ "type": "Feature", "properties": { "CD_SETOR": "355030846000438", "faces": 11, "pavimentada": 100.0, "bueiro": 18.18, "iluminacao": 100.0, "onibus": 18.18, "ciclovia": 0.0, "calcada": 100.0, "obstaculo": 90.91, "rampa": 0.0, "rampa_faces": 0.0, "sem_calcada": 0.0, "sem_arvore": 27.27, "muitas_arvores": 0.0, "vao": 100.0, "V05400": 11, "V05421": 11, "V05406": 11, "V05412": 11, "V05422": 0, "V05424": 10, "V05427": 0, "V05409": 2, "V05415": 2, "V05418": 0, "V05430": 3, "V05433": 0, "criancas_0a4": 17, "em_favela": false }, "geometry": { "type": "Polygon", "coordinates": [ [ [ -46.743481, -23.690346 ], [ -46.74334, -23.690454 ], [ -46.743074, -23.691055 ], [ -46.742681, -23.691737 ], [ -46.742497, -23.692509 ], [ -46.742451, -23.692791 ], [ -46.742607, -23.692959 ], [ -46.742988, -23.693188 ], [ -46.743076, -23.692442 ], [ -46.74322, -23.691796 ], [ -46.743618, -23.691076 ], [ -46.743788, -23.690919 ], [ -46.74401, -23.690803 ], [ -46.744783, -23.690518 ], [ -46.743481, -23.690346 ] ] ] } },
{ "type": "Feature", "properties": { "CD_SETOR": "355030846000440", "faces": 19, "pavimentada": 100.0, "bueiro": 57.89, "iluminacao": 89.47, "onibus": 10.53, "ciclovia": 0.0, "calcada": 100.0, "obstaculo": 100.0, "rampa": 0.0, "rampa_faces": 0.0, "sem_calcada": 0.0, "sem_arvore": 0.0, "muitas_arvores": 63.16, "vao": 100.0, "V05400": 19, "V05421": 19, "V05406": 19, "V05412": 17, "V05422": 0, "V05424": 19, "V05427": 0, "V05409": 11, "V05415": 2, "V05418": 0, "V05430": 0, "V05433": 12, "criancas_0a4": 20, "em_favela": false }, "geometry": { "type": "Polygon", "coordinates": [ [ [ -46.749986, -23.691845 ], [ -46.750423, -23.69213 ], [ -46.749963, -23.693188 ], [ -46.749787, -23.693771 ], [ -46.749867, -23.694246 ], [ -46.750168, -23.694695 ], [ -46.751177, -23.694605 ], [ -46.750531, -23.694172 ], [ -46.75039, -23.693885 ], [ -46.750492, -23.693506 ], [ -46.75087, -23.692623 ], [ -46.75136, -23.692447 ], [ -46.753163, -23.693762 ], [ -46.753862, -23.694464 ], [ -46.754137, -23.695064 ], [ -46.755654, -23.694666 ], [ -46.755531, -23.694388 ], [ -46.753747, -23.692773 ], [ -46.752068, -23.691583 ], [ -46.751839, -23.691357 ], [ -46.750629, -23.691762 ], [ -46.750441, -23.691906 ], [ -46.749986, -23.691845 ] ] ] } },
{ "type": "Feature", "properties": { "CD_SETOR": "355030846000441", "faces": 33, "pavimentada": 93.94, "bueiro": 60.61, "iluminacao": 100.0, "onibus": 0.0, "ciclovia": 0.0, "calcada": 90.91, "obstaculo": 96.67, "rampa": 0.0, "rampa_faces": 0.0, "sem_calcada": 9.09, "sem_arvore": 3.03, "muitas_arvores": 75.76, "vao": 93.94, "V05400": 33, "V05421": 30, "V05406": 31, "V05412": 33, "V05422": 3, "V05424": 29, "V05427": 0, "V05409": 20, "V05415": 0, "V05418": 0, "V05430": 1, "V05433": 25, "criancas_0a4": 25, "em_favela": false }, "geometry": { "type": "Polygon", "coordinates": [ [ [ -46.750168, -23.694695 ], [ -46.749869, -23.695319 ], [ -46.749873, -23.695426 ], [ -46.750069, -23.695703 ], [ -46.750158, -23.695695 ], [ -46.751259, -23.696803 ], [ -46.751579, -23.696642 ], [ -46.752271, -23.695986 ], [ -46.752954, -23.695561 ], [ -46.75355, -23.695226 ], [ -46.754137, -23.695064 ], [ -46.753862, -23.694464 ], [ -46.753163, -23.693762 ], [ -46.75136, -23.692447 ], [ -46.75087, -23.692623 ], [ -46.750492, -23.693506 ], [ -46.75039, -23.693885 ], [ -46.750531, -23.694172 ], [ -46.751177, -23.694605 ], [ -46.750168, -23.694695 ] ] ] } },
{ "type": "Feature", "properties": { "CD_SETOR": "355030846000442", "faces": 9, "pavimentada": 100.0, "bueiro": 33.33, "iluminacao": 100.0, "onibus": 44.44, "ciclovia": 0.0, "calcada": 88.89, "obstaculo": 100.0, "rampa": 0.0, "rampa_faces": 0.0, "sem_calcada": 11.11, "sem_arvore": 44.44, "muitas_arvores": 33.33, "vao": 100.0, "V05400": 9, "V05421": 8, "V05406": 9, "V05412": 9, "V05422": 1, "V05424": 8, "V05427": 0, "V05409": 3, "V05415": 4, "V05418": 0, "V05430": 4, "V05433": 3, "criancas_0a4": 19, "em_favela": false }, "geometry": { "type": "Polygon", "coordinates": [ [ [ -46.75586, -23.669906 ], [ -46.756198, -23.670388 ], [ -46.756347, -23.670499 ], [ -46.757326, -23.671859 ], [ -46.757793, -23.671593 ], [ -46.757717, -23.671488 ], [ -46.758165, -23.671273 ], [ -46.757152, -23.669853 ], [ -46.756696, -23.670064 ], [ -46.75643, -23.669631 ], [ -46.75586, -23.669906 ] ] ] } },
{ "type": "Feature", "properties": { "CD_SETOR": "355030846000443", "faces": 16, "pavimentada": 100.0, "bueiro": 50.0, "iluminacao": 100.0, "onibus": 18.75, "ciclovia": 0.0, "calcada": 100.0, "obstaculo": 100.0, "rampa": 18.75, "rampa_faces": 18.75, "sem_calcada": 0.0, "sem_arvore": 6.25, "muitas_arvores": 37.5, "vao": 81.25, "V05400": 16, "V05421": 16, "V05406": 16, "V05412": 16, "V05422": 0, "V05424": 16, "V05427": 3, "V05409": 8, "V05415": 3, "V05418": 0, "V05430": 1, "V05433": 6, "criancas_0a4": 19, "em_favela": false }, "geometry": { "type": "Polygon", "coordinates": [ [ [ -46.757152, -23.669853 ], [ -46.758165, -23.671273 ], [ -46.758492, -23.671127 ], [ -46.759777, -23.670746 ], [ -46.757835, -23.669508 ], [ -46.757152, -23.669853 ] ] ] } },
{ "type": "Feature", "properties": { "CD_SETOR": "355030846000444", "faces": 5, "pavimentada": 100.0, "bueiro": 20.0, "iluminacao": 100.0, "onibus": 0.0, "ciclovia": 0.0, "calcada": 60.0, "obstaculo": 66.67, "rampa": 0.0, "rampa_faces": 0.0, "sem_calcada": 40.0, "sem_arvore": 20.0, "muitas_arvores": 40.0, "vao": 100.0, "V05400": 5, "V05421": 3, "V05406": 5, "V05412": 5, "V05422": 2, "V05424": 2, "V05427": 0, "V05409": 1, "V05415": 0, "V05418": 0, "V05430": 1, "V05433": 2, "criancas_0a4": 7, "em_favela": false }, "geometry": { "type": "Polygon", "coordinates": [ [ [ -46.756136, -23.669131 ], [ -46.75643, -23.669631 ], [ -46.757383, -23.669176 ], [ -46.758287, -23.668581 ], [ -46.758201, -23.667978 ], [ -46.757093, -23.668683 ], [ -46.756136, -23.669131 ] ] ] } },
{ "type": "Feature", "properties": { "CD_SETOR": "355030846000445", "faces": 13, "pavimentada": 100.0, "bueiro": 23.08, "iluminacao": 100.0, "onibus": 7.69, "ciclovia": 0.0, "calcada": 84.62, "obstaculo": 100.0, "rampa": 0.0, "rampa_faces": 0.0, "sem_calcada": 15.38, "sem_arvore": 46.15, "muitas_arvores": 30.77, "vao": 100.0, "V05400": 13, "V05421": 11, "V05406": 13, "V05412": 13, "V05422": 2, "V05424": 11, "V05427": 0, "V05409": 3, "V05415": 1, "V05418": 0, "V05430": 6, "V05433": 4, "criancas_0a4": 23, "em_favela": false }, "geometry": { "type": "Polygon", "coordinates": [ [ [ -46.758201, -23.667978 ], [ -46.758287, -23.668581 ], [ -46.757383, -23.669176 ], [ -46.75643, -23.669631 ], [ -46.756696, -23.670064 ], [ -46.757733, -23.66957 ], [ -46.759011, -23.668726 ], [ -46.759436, -23.66866 ], [ -46.759274, -23.667787 ], [ -46.758722, -23.667873 ], [ -46.758464, -23.667771 ], [ -46.758201, -23.667978 ] ] ] } },
{ "type": "Feature", "properties": { "CD_SETOR": "355030846000446", "faces": 11, "pavimentada": 100.0, "bueiro": 9.09, "iluminacao": 100.0, "onibus": 0.0, "ciclovia": 0.0, "calcada": 100.0, "obstaculo": 100.0, "rampa": 0.0, "rampa_faces": 0.0, "sem_calcada": 0.0, "sem_arvore": 0.0, "muitas_arvores": 27.27, "vao": 100.0, "V05400": 11, "V05421": 11, "V05406": 11, "V05412": 11, "V05422": 0, "V05424": 11, "V05427": 0, "V05409": 1, "V05415": 0, "V05418": 0, "V05430": 0, "V05433": 3, "criancas_0a4": 16, "em_favela": false }, "geometry": { "type": "Polygon", "coordinates": [ [ [ -46.755332, -23.6677 ], [ -46.755765, -23.668453 ], [ -46.757533, -23.66759 ], [ -46.756414, -23.667186 ], [ -46.755332, -23.6677 ] ] ] } },
{ "type": "Feature", "properties": { "CD_SETOR": "355030846000447", "faces": 11, "pavimentada": 100.0, "bueiro": 100.0, "iluminacao": 100.0, "onibus": 0.0, "ciclovia": 0.0, "calcada": 63.64, "obstaculo": 100.0, "rampa": 0.0, "rampa_faces": 0.0, "sem_calcada": 36.36, "sem_arvore": 45.45, "muitas_arvores": 27.27, "vao": 100.0, "V05400": 11, "V05421": 7, "V05406": 11, "V05412": 11, "V05422": 4, "V05424": 7, "V05427": 0, "V05409": 11, "V05415": 0, "V05418": 0, "V05430": 5, "V05433": 3, "criancas_0a4": 21, "em_favela": false }, "geometry": { "type": "Polygon", "coordinates": [ [ [ -46.758605, -23.66504 ], [ -46.758636, -23.665337 ], [ -46.758545, -23.665603 ], [ -46.758052, -23.666379 ], [ -46.756414, -23.667186 ], [ -46.757533, -23.66759 ], [ -46.758178, -23.66718 ], [ -46.759002, -23.6658 ], [ -46.759244, -23.665523 ], [ -46.758963, -23.665079 ], [ -46.758605, -23.66504 ] ] ] } },
{ "type": "Feature", "properties": { "CD_SETOR": "355030846000448", "faces": 11, "pavimentada": 100.0, "bueiro": 18.18, "iluminacao": 100.0, "onibus": 9.09, "ciclovia": 0.0, "calcada": 100.0, "obstaculo": 90.91, "rampa": 0.0, "rampa_faces": 0.0, "sem_calcada": 0.0, "sem_arvore": 9.09, "muitas_arvores": 18.18, "vao": 100.0, "V05400": 11, "V05421": 11, "V05406": 11, "V05412": 11, "V05422": 0, "V05424": 10, "V05427": 0, "V05409": 2, "V05415": 1, "V05418": 0, "V05430": 1, "V05433": 2, "criancas_0a4": 24, "em_favela": false }, "geometry": { "type": "Polygon", "coordinates": [ [ [ -46.754786, -23.666709 ], [ -46.755332, -23.6677 ], [ -46.756414, -23.667186 ], [ -46.756159, -23.666688 ], [ -46.757734, -23.665918 ], [ -46.758121, -23.665322 ], [ -46.758037, -23.66488 ], [ -46.757896, -23.664671 ], [ -46.757848, -23.664854 ], [ -46.757518, -23.665356 ], [ -46.757423, -23.665433 ], [ -46.754786, -23.666709 ] ] ] } },
{ "type": "Feature", "properties": { "CD_SETOR": "355030846000449", "faces": 4, "pavimentada": 100.0, "bueiro": 75.0, "iluminacao": 100.0, "onibus": 0.0, "ciclovia": 0.0, "calcada": 75.0, "obstaculo": 100.0, "rampa": 0.0, "rampa_faces": 0.0, "sem_calcada": 25.0, "sem_arvore": 25.0, "muitas_arvores": 75.0, "vao": 100.0, "V05400": 4, "V05421": 3, "V05406": 4, "V05412": 4, "V05422": 1, "V05424": 3, "V05427": 0, "V05409": 3, "V05415": 0, "V05418": 0, "V05430": 1, "V05433": 3, "criancas_0a4": 16, "em_favela": false }, "geometry": { "type": "Polygon", "coordinates": [ [ [ -46.758118, -23.665282 ], [ -46.758108, -23.665366 ], [ -46.757734, -23.665918 ], [ -46.756159, -23.666688 ], [ -46.756414, -23.667186 ], [ -46.758052, -23.666379 ], [ -46.758545, -23.665603 ], [ -46.758638, -23.665252 ], [ -46.75863, -23.665198 ], [ -46.758118, -23.665282 ] ] ] } },
{ "type": "Feature", "properties": { "CD_SETOR": "355030846000450", "faces": 7, "pavimentada": 100.0, "bueiro": 14.29, "iluminacao": 100.0, "onibus": 14.29, "ciclovia": 0.0, "calcada": 57.14, "obstaculo": 100.0, "rampa": 0.0, "rampa_faces": 0.0, "sem_calcada": 42.86, "sem_arvore": 14.29, "muitas_arvores": 42.86, "vao": 100.0, "V05400": 7, "V05421": 4, "V05406": 7, "V05412": 7, "V05422": 3, "V05424": 4, "V05427": 0, "V05409": 1, "V05415": 1, "V05418": 0, "V05430": 1, "V05433": 3, "criancas_0a4": 15, "em_favela": false }, "geometry": { "type": "Polygon", "coordinates": [ [ [ -46.729736, -23.661165 ], [ -46.730017, -23.66143 ], [ -46.730443, -23.661611 ], [ -46.730682, -23.661607 ], [ -46.731005, -23.661441 ], [ -46.730698, -23.661094 ], [ -46.730751, -23.661051 ], [ -46.730984, -23.660182 ], [ -46.730473, -23.660061 ], [ -46.730288, -23.660708 ], [ -46.730313, -23.661003 ], [ -46.729736, -23.661165 ] ] ] } },
{ "type": "Feature", "properties": { "CD_SETOR": "355030846000451", "faces": 8, "pavimentada": 100.0, "bueiro": 50.0, "iluminacao": 100.0, "onibus": 25.0, "ciclovia": 0.0, "calcada": 50.0, "obstaculo": 100.0, "rampa": 0.0, "rampa_faces": 0.0, "sem_calcada": 50.0, "sem_arvore": 12.5, "muitas_arvores": 50.0, "vao": 100.0, "V05400": 8, "V05421": 4, "V05406": 8, "V05412": 8, "V05422": 4, "V05424": 4, "V05427": 0, "V05409": 4, "V05415": 2, "V05418": 0, "V05430": 1, "V05433": 4, "criancas_0a4": 32, "em_favela": false }, "geometry": { "type": "Polygon", "coordinates": [ [ [ -46.730473, -23.660061 ], [ -46.730984, -23.660182 ], [ -46.731052, -23.659987 ], [ -46.731182, -23.659872 ], [ -46.732476, -23.659337 ], [ -46.732666, -23.659226 ], [ -46.732848, -23.659034 ], [ -46.732392, -23.658752 ], [ -46.732224, -23.658892 ], [ -46.730876, -23.659466 ], [ -46.730614, -23.659719 ], [ -46.730473, -23.660061 ] ] ] } },
{ "type": "Feature", "properties": { "CD_SETOR": "355030846000452", "faces": 23, "pavimentada": 100.0, "bueiro": 26.09, "iluminacao": 100.0, "onibus": 13.04, "ciclovia": 0.0, "calcada": 100.0, "obstaculo": 100.0, "rampa": 0.0, "rampa_faces": 0.0, "sem_calcada": 0.0, "sem_arvore": 13.04, "muitas_arvores": 17.39, "vao": 100.0, "V05400": 23, "V05421": 23, "V05406": 23, "V05412": 23, "V05422": 0, "V05424": 23, "V05427": 0, "V05409": 6, "V05415": 3, "V05418": 0, "V05430": 3, "V05433": 4, "criancas_0a4": 19, "em_favela": false }, "geometry": { "type": "Polygon", "coordinates": [ [ [ -46.745327, -23.705959 ], [ -46.746046, -23.70629 ], [ -46.746607, -23.706373 ], [ -46.746994, -23.706359 ], [ -46.746576, -23.705269 ], [ -46.747205, -23.705206 ], [ -46.747512, -23.705105 ], [ -46.746191, -23.701583 ], [ -46.745276, -23.701718 ], [ -46.745787, -23.703091 ], [ -46.745125, -23.703713 ], [ -46.745333, -23.704347 ], [ -46.745327, -23.705959 ] ] ] } },
{ "type": "Feature", "properties": { "CD_SETOR": "355030846000453", "faces": 29, "pavimentada": 96.55, "bueiro": 31.03, "iluminacao": 100.0, "onibus": 0.0, "ciclovia": 0.0, "calcada": 96.55, "obstaculo": 100.0, "rampa": 0.0, "rampa_faces": 0.0, "sem_calcada": 3.45, "sem_arvore": 0.0, "muitas_arvores": 62.07, "vao": 96.55, "V05400": 29, "V05421": 28, "V05406": 28, "V05412": 29, "V05422": 1, "V05424": 28, "V05427": 0, "V05409": 9, "V05415": 0, "V05418": 0, "V05430": 0, "V05433": 18, "criancas_0a4": 38, "em_favela": false }, "geometry": { "type": "Polygon", "coordinates": [ [ [ -46.747512, -23.705105 ], [ -46.747205, -23.705206 ], [ -46.746576, -23.705269 ], [ -46.746994, -23.706359 ], [ -46.746795, -23.706376 ], [ -46.746017, -23.706282 ], [ -46.745192, -23.705897 ], [ -46.744563, -23.705379 ], [ -46.744444, -23.705348 ], [ -46.74439, -23.70872 ], [ -46.746272, -23.708935 ], [ -46.748458, -23.708544 ], [ -46.749265, -23.708671 ], [ -46.749938, -23.708403 ], [ -46.750387, -23.70842 ], [ -46.751793, -23.708952 ], [ -46.752616, -23.709517 ], [ -46.75305, -23.709727 ], [ -46.751935, -23.707703 ], [ -46.750581, -23.704916 ], [ -46.749974, -23.704741 ], [ -46.749767, -23.70477 ], [ -46.74962, -23.704917 ], [ -46.749283, -23.705517 ], [ -46.74908, -23.705666 ], [ -46.748838, -23.705754 ], [ -46.748652, -23.70575 ], [ -46.748092, -23.705529 ], [ -46.74768, -23.705562 ], [ -46.747512, -23.705105 ] ] ] } },
{ "type": "Feature", "properties": { "CD_SETOR": "355030846000454", "faces": 21, "pavimentada": 100.0, "bueiro": 90.48, "iluminacao": 100.0, "onibus": 0.0, "ciclovia": 0.0, "calcada": 71.43, "obstaculo": 100.0, "rampa": 6.67, "rampa_faces": 4.76, "sem_calcada": 28.57, "sem_arvore": 66.67, "muitas_arvores": 4.76, "vao": 95.24, "V05400": 21, "V05421": 15, "V05406": 21, "V05412": 21, "V05422": 6, "V05424": 15, "V05427": 1, "V05409": 19, "V05415": 0, "V05418": 0, "V05430": 14, "V05433": 1, "criancas_0a4": 44, "em_favela": true }, "geometry": { "type": "Polygon", "coordinates": [ [ [ -46.748579, -23.703751 ], [ -46.748398, -23.704451 ], [ -46.748579, -23.705062 ], [ -46.748694, -23.705101 ], [ -46.748839, -23.705081 ], [ -46.748936, -23.704885 ], [ -46.748989, -23.704861 ], [ -46.749117, -23.704258 ], [ -46.749021, -23.7042 ], [ -46.749023, -23.704116 ], [ -46.749186, -23.704014 ], [ -46.749388, -23.703969 ], [ -46.749556, -23.703847 ], [ -46.749622, -23.703863 ], [ -46.749682, -23.703757 ], [ -46.749939, -23.703536 ], [ -46.749421, -23.702488 ], [ -46.749032, -23.70264 ], [ -46.748779, -23.702811 ], [ -46.748611, -23.703002 ], [ -46.74853, -23.703178 ], [ -46.748579, -23.703751 ] ] ] } },
{ "type": "Feature", "properties": { "CD_SETOR": "355030846000455", "faces": 36, "pavimentada": 100.0, "bueiro": 66.67, "iluminacao": 94.44, "onibus": 11.11, "ciclovia": 0.0, "calcada": 100.0, "obstaculo": 94.44, "rampa": 0.0, "rampa_faces": 0.0, "sem_calcada": 0.0, "sem_arvore": 2.78, "muitas_arvores": 41.67, "vao": 100.0, "V05400": 36, "V05421": 36, "V05406": 36, "V05412": 34, "V05422": 0, "V05424": 34, "V05427": 0, "V05409": 24, "V05415": 4, "V05418": 0, "V05430": 1, "V05433": 15, "criancas_0a4": 25, "em_favela": false }, "geometry": { "type": "Polygon", "coordinates": [ [ [ -46.749331, -23.700973 ], [ -46.747055, -23.701473 ], [ -46.746191, -23.701583 ], [ -46.74768, -23.705562 ], [ -46.748092, -23.705529 ], [ -46.748652, -23.70575 ], [ -46.748866, -23.705748 ], [ -46.74908, -23.705666 ], [ -46.749283, -23.705517 ], [ -46.74962, -23.704917 ], [ -46.749767, -23.70477 ], [ -46.749974, -23.704741 ], [ -46.750518, -23.704926 ], [ -46.751124, -23.704705 ], [ -46.749331, -23.700973 ] ], [ [ -46.748579, -23.703751 ], [ -46.74853, -23.703178 ], [ -46.748611, -23.703002 ], [ -46.748779, -23.702811 ], [ -46.749032, -23.70264 ], [ -46.749421, -23.702488 ], [ -46.749939, -23.703536 ], [ -46.749682, -23.703757 ], [ -46.749622, -23.703863 ], [ -46.749556, -23.703847 ], [ -46.749388, -23.703969 ], [ -46.749186, -23.704014 ], [ -46.749023, -23.704116 ], [ -46.749021, -23.7042 ], [ -46.749117, -23.704258 ], [ -46.748989, -23.704861 ], [ -46.748936, -23.704885 ], [ -46.748839, -23.705081 ], [ -46.748694, -23.705101 ], [ -46.748579, -23.705062 ], [ -46.748398, -23.704451 ], [ -46.748579, -23.703751 ] ] ] } },
{ "type": "Feature", "properties": { "CD_SETOR": "355030846000457", "faces": 17, "pavimentada": 100.0, "bueiro": 64.71, "iluminacao": 88.24, "onibus": 0.0, "ciclovia": 0.0, "calcada": 64.71, "obstaculo": 100.0, "rampa": 0.0, "rampa_faces": 0.0, "sem_calcada": 35.29, "sem_arvore": 64.71, "muitas_arvores": 17.65, "vao": 100.0, "V05400": 17, "V05421": 11, "V05406": 17, "V05412": 15, "V05422": 6, "V05424": 11, "V05427": 0, "V05409": 11, "V05415": 0, "V05418": 0, "V05430": 11, "V05433": 3, "criancas_0a4": 53, "em_favela": false }, "geometry": { "type": "Polygon", "coordinates": [ [ [ -46.746507, -23.651581 ], [ -46.746327, -23.65175 ], [ -46.746126, -23.651803 ], [ -46.745801, -23.652137 ], [ -46.745187, -23.652169 ], [ -46.744854, -23.652325 ], [ -46.747436, -23.653812 ], [ -46.747571, -23.652876 ], [ -46.748095, -23.652303 ], [ -46.748191, -23.652051 ], [ -46.747815, -23.651678 ], [ -46.7477, -23.651761 ], [ -46.747434, -23.651782 ], [ -46.746898, -23.652351 ], [ -46.746556, -23.651938 ], [ -46.747244, -23.651057 ], [ -46.746768, -23.650781 ], [ -46.746599, -23.650974 ], [ -46.746494, -23.651274 ], [ -46.746507, -23.651581 ] ] ] } },
{ "type": "Feature", "properties": { "CD_SETOR": "355030846000458", "faces": 5, "pavimentada": 100.0, "bueiro": 40.0, "iluminacao": 100.0, "onibus": 0.0, "ciclovia": 0.0, "calcada": 100.0, "obstaculo": 80.0, "rampa": 0.0, "rampa_faces": 0.0, "sem_calcada": 0.0, "sem_arvore": 20.0, "muitas_arvores": 40.0, "vao": 100.0, "V05400": 5, "V05421": 5, "V05406": 5, "V05412": 5, "V05422": 0, "V05424": 4, "V05427": 0, "V05409": 2, "V05415": 0, "V05418": 0, "V05430": 1, "V05433": 2, "criancas_0a4": 8, "em_favela": false }, "geometry": { "type": "Polygon", "coordinates": [ [ [ -46.743337, -23.649844 ], [ -46.743471, -23.650357 ], [ -46.743577, -23.650319 ], [ -46.745038, -23.650906 ], [ -46.745471, -23.650494 ], [ -46.743553, -23.649704 ], [ -46.743337, -23.649844 ] ] ] } },
{ "type": "Feature", "properties": { "CD_SETOR": "355030846000459", "faces": 7, "pavimentada": 100.0, "bueiro": 57.14, "iluminacao": 100.0, "onibus": 0.0, "ciclovia": 0.0, "calcada": 100.0, "obstaculo": 100.0, "rampa": 28.57, "rampa_faces": 28.57, "sem_calcada": 0.0, "sem_arvore": 0.0, "muitas_arvores": 42.86, "vao": 71.43, "V05400": 7, "V05421": 7, "V05406": 7, "V05412": 7, "V05422": 0, "V05424": 7, "V05427": 2, "V05409": 4, "V05415": 0, "V05418": 0, "V05430": 0, "V05433": 3, "criancas_0a4": 56, "em_favela": false }, "geometry": { "type": "Polygon", "coordinates": [ [ [ -46.741913, -23.650056 ], [ -46.741996, -23.650578 ], [ -46.742142, -23.650757 ], [ -46.744004, -23.651808 ], [ -46.744371, -23.651549 ], [ -46.745038, -23.650906 ], [ -46.743577, -23.650319 ], [ -46.743471, -23.650357 ], [ -46.743337, -23.649844 ], [ -46.741913, -23.650056 ] ] ] } },
{ "type": "Feature", "properties": { "CD_SETOR": "355030846000460", "faces": 7, "pavimentada": 100.0, "bueiro": 0.0, "iluminacao": 100.0, "onibus": 14.29, "ciclovia": 0.0, "calcada": 100.0, "obstaculo": 100.0, "rampa": 0.0, "rampa_faces": 0.0, "sem_calcada": 0.0, "sem_arvore": 14.29, "muitas_arvores": 57.14, "vao": 100.0, "V05400": 7, "V05421": 7, "V05406": 7, "V05412": 7, "V05422": 0, "V05424": 7, "V05427": 0, "V05409": 0, "V05415": 1, "V05418": 0, "V05430": 1, "V05433": 4, "criancas_0a4": 18, "em_favela": false }, "geometry": { "type": "Polygon", "coordinates": [ [ [ -46.732803, -23.654433 ], [ -46.731862, -23.655734 ], [ -46.733491, -23.654726 ], [ -46.733662, -23.654631 ], [ -46.733895, -23.654585 ], [ -46.734201, -23.654673 ], [ -46.735453, -23.655441 ], [ -46.73531, -23.655102 ], [ -46.735013, -23.654633 ], [ -46.734575, -23.654183 ], [ -46.734251, -23.653942 ], [ -46.734, -23.653913 ], [ -46.733796, -23.65395 ], [ -46.732803, -23.654433 ] ] ] } },
{ "type": "Feature", "properties": { "CD_SETOR": "355030846000461", "faces": 10, "pavimentada": 100.0, "bueiro": 0.0, "iluminacao": 100.0, "onibus": 20.0, "ciclovia": 0.0, "calcada": 100.0, "obstaculo": 100.0, "rampa": 0.0, "rampa_faces": 0.0, "sem_calcada": 0.0, "sem_arvore": 50.0, "muitas_arvores": 30.0, "vao": 100.0, "V05400": 10, "V05421": 10, "V05406": 10, "V05412": 10, "V05422": 0, "V05424": 10, "V05427": 0, "V05409": 0, "V05415": 2, "V05418": 0, "V05430": 5, "V05433": 3, "criancas_0a4": 29, "em_favela": false }, "geometry": { "type": "Polygon", "coordinates": [ [ [ -46.731862, -23.655734 ], [ -46.731037, -23.657001 ], [ -46.731313, -23.656918 ], [ -46.732081, -23.656525 ], [ -46.732519, -23.656632 ], [ -46.733685, -23.655872 ], [ -46.733352, -23.655468 ], [ -46.733645, -23.655302 ], [ -46.733779, -23.655278 ], [ -46.73376, -23.654601 ], [ -46.733491, -23.654726 ], [ -46.731862, -23.655734 ] ] ] } },
{ "type": "Feature", "properties": { "CD_SETOR": "355030846000462", "faces": 10, "pavimentada": 100.0, "bueiro": 10.0, "iluminacao": 80.0, "onibus": 0.0, "ciclovia": 0.0, "calcada": 100.0, "obstaculo": 100.0, "rampa": 0.0, "rampa_faces": 0.0, "sem_calcada": 0.0, "sem_arvore": 20.0, "muitas_arvores": 30.0, "vao": 100.0, "V05400": 10, "V05421": 10, "V05406": 10, "V05412": 8, "V05422": 0, "V05424": 10, "V05427": 0, "V05409": 1, "V05415": 0, "V05418": 0, "V05430": 2, "V05433": 3, "criancas_0a4": 22, "em_favela": false }, "geometry": { "type": "Polygon", "coordinates": [ [ [ -46.744116, -23.648079 ], [ -46.742937, -23.649079 ], [ -46.744081, -23.649191 ], [ -46.744472, -23.649448 ], [ -46.744628, -23.649471 ], [ -46.745331, -23.648429 ], [ -46.745708, -23.647056 ], [ -46.744907, -23.64776 ], [ -46.744817, -23.647936 ], [ -46.74441, -23.647966 ], [ -46.744116, -23.648079 ] ] ] } },
{ "type": "Feature", "properties": { "CD_SETOR": "355030846000463", "faces": 13, "pavimentada": 100.0, "bueiro": 7.69, "iluminacao": 100.0, "onibus": 15.38, "ciclovia": 0.0, "calcada": 100.0, "obstaculo": 100.0, "rampa": 0.0, "rampa_faces": 0.0, "sem_calcada": 0.0, "sem_arvore": 38.46, "muitas_arvores": 23.08, "vao": 100.0, "V05400": 13, "V05421": 13, "V05406": 13, "V05412": 13, "V05422": 0, "V05424": 13, "V05427": 0, "V05409": 1, "V05415": 2, "V05418": 0, "V05430": 5, "V05433": 3, "criancas_0a4": 25, "em_favela": false }, "geometry": { "type": "Polygon", "coordinates": [ [ [ -46.742075, -23.648003 ], [ -46.740541, -23.648233 ], [ -46.740724, -23.649216 ], [ -46.741015, -23.649178 ], [ -46.741317, -23.650153 ], [ -46.743337, -23.649844 ], [ -46.743553, -23.649704 ], [ -46.744081, -23.649191 ], [ -46.742937, -23.649079 ], [ -46.742296, -23.649161 ], [ -46.742236, -23.649136 ], [ -46.742123, -23.648883 ], [ -46.74231, -23.648423 ], [ -46.742196, -23.648133 ], [ -46.742075, -23.648003 ] ] ] } },
{ "type": "Feature", "properties": { "CD_SETOR": "355030846000464", "faces": 7, "pavimentada": 100.0, "bueiro": 42.86, "iluminacao": 100.0, "onibus": 14.29, "ciclovia": 0.0, "calcada": 85.71, "obstaculo": 100.0, "rampa": 0.0, "rampa_faces": 0.0, "sem_calcada": 14.29, "sem_arvore": 28.57, "muitas_arvores": 14.29, "vao": 100.0, "V05400": 7, "V05421": 6, "V05406": 7, "V05412": 7, "V05422": 1, "V05424": 6, "V05427": 0, "V05409": 3, "V05415": 1, "V05418": 0, "V05430": 2, "V05433": 1, "criancas_0a4": 35, "em_favela": false }, "geometry": { "type": "Polygon", "coordinates": [ [ [ -46.739132, -23.649658 ], [ -46.738998, -23.650208 ], [ -46.739423, -23.650391 ], [ -46.739663, -23.650275 ], [ -46.73995, -23.650348 ], [ -46.740051, -23.650518 ], [ -46.740056, -23.65062 ], [ -46.739983, -23.651197 ], [ -46.740287, -23.651364 ], [ -46.740632, -23.651258 ], [ -46.740756, -23.651281 ], [ -46.740979, -23.652179 ], [ -46.741097, -23.652409 ], [ -46.741356, -23.652724 ], [ -46.741411, -23.651028 ], [ -46.740906, -23.65059 ], [ -46.740596, -23.649847 ], [ -46.740497, -23.649801 ], [ -46.739983, -23.649871 ], [ -46.739433, -23.649637 ], [ -46.739132, -23.649658 ] ] ] } },
{ "type": "Feature", "properties": { "CD_SETOR": "355030846000465", "faces": 8, "pavimentada": 100.0, "bueiro": 62.5, "iluminacao": 100.0, "onibus": 0.0, "ciclovia": 0.0, "calcada": 87.5, "obstaculo": 100.0, "rampa": 0.0, "rampa_faces": 0.0, "sem_calcada": 12.5, "sem_arvore": 62.5, "muitas_arvores": 0.0, "vao": 100.0, "V05400": 8, "V05421": 7, "V05406": 8, "V05412": 8, "V05422": 1, "V05424": 7, "V05427": 0, "V05409": 5, "V05415": 0, "V05418": 0, "V05430": 5, "V05433": 0, "criancas_0a4": 9, "em_favela": false }, "geometry": { "type": "Polygon", "coordinates": [ [ [ -46.738063, -23.649869 ], [ -46.738324, -23.65092 ], [ -46.738561, -23.651441 ], [ -46.738769, -23.651602 ], [ -46.73901, -23.651562 ], [ -46.739389, -23.651284 ], [ -46.739437, -23.65108 ], [ -46.739343, -23.65065 ], [ -46.739423, -23.650391 ], [ -46.738998, -23.650208 ], [ -46.739132, -23.649658 ], [ -46.738063, -23.649869 ] ] ] } },
{ "type": "Feature", "properties": { "CD_SETOR": "355030846000466", "faces": 5, "pavimentada": 100.0, "bueiro": 40.0, "iluminacao": 100.0, "onibus": 20.0, "ciclovia": 0.0, "calcada": 60.0, "obstaculo": 100.0, "rampa": 0.0, "rampa_faces": 0.0, "sem_calcada": 40.0, "sem_arvore": 80.0, "muitas_arvores": 20.0, "vao": 100.0, "V05400": 5, "V05421": 3, "V05406": 5, "V05412": 5, "V05422": 2, "V05424": 3, "V05427": 0, "V05409": 2, "V05415": 1, "V05418": 0, "V05430": 4, "V05433": 1, "criancas_0a4": 12, "em_favela": false }, "geometry": { "type": "Polygon", "coordinates": [ [ [ -46.732996, -23.651402 ], [ -46.733137, -23.651689 ], [ -46.733167, -23.651879 ], [ -46.733103, -23.652089 ], [ -46.732978, -23.652234 ], [ -46.733323, -23.652525 ], [ -46.733857, -23.652147 ], [ -46.733738, -23.651485 ], [ -46.733522, -23.650666 ], [ -46.733429, -23.650485 ], [ -46.732996, -23.651402 ] ] ] } },
{ "type": "Feature", "properties": { "CD_SETOR": "355030846000467", "faces": 3, "pavimentada": 100.0, "bueiro": 100.0, "iluminacao": 100.0, "onibus": 0.0, "ciclovia": 0.0, "calcada": 66.67, "obstaculo": 50.0, "rampa": 50.0, "rampa_faces": 33.33, "sem_calcada": 33.33, "sem_arvore": 33.33, "muitas_arvores": 66.67, "vao": 66.67, "V05400": 3, "V05421": 2, "V05406": 3, "V05412": 3, "V05422": 1, "V05424": 1, "V05427": 1, "V05409": 3, "V05415": 0, "V05418": 0, "V05430": 1, "V05433": 2, "criancas_0a4": 32, "em_favela": false }, "geometry": { "type": "Polygon", "coordinates": [ [ [ -46.731278, -23.654135 ], [ -46.731049, -23.655064 ], [ -46.731066, -23.655378 ], [ -46.731168, -23.655726 ], [ -46.731802, -23.654595 ], [ -46.733323, -23.652525 ], [ -46.732978, -23.652234 ], [ -46.73182, -23.653442 ], [ -46.731278, -23.654135 ] ] ] } },
{ "type": "Feature", "properties": { "CD_SETOR": "355030846000469", "faces": 4, "pavimentada": 100.0, "bueiro": 50.0, "iluminacao": 100.0, "onibus": 25.0, "ciclovia": 0.0, "calcada": 100.0, "obstaculo": 100.0, "rampa": 0.0, "rampa_faces": 0.0, "sem_calcada": 0.0, "sem_arvore": 25.0, "muitas_arvores": 0.0, "vao": 100.0, "V05400": 4, "V05421": 4, "V05406": 4, "V05412": 4, "V05422": 0, "V05424": 4, "V05427": 0, "V05409": 2, "V05415": 1, "V05418": 0, "V05430": 1, "V05433": 0, "criancas_0a4": 27, "em_favela": false }, "geometry": { "type": "Polygon", "coordinates": [ [ [ -46.730445, -23.654655 ], [ -46.730489, -23.654734 ], [ -46.730504, -23.655088 ], [ -46.730568, -23.655147 ], [ -46.730759, -23.655688 ], [ -46.730872, -23.656283 ], [ -46.731071, -23.65683 ], [ -46.731037, -23.657001 ], [ -46.73174, -23.655884 ], [ -46.731433, -23.655947 ], [ -46.731268, -23.655893 ], [ -46.731192, -23.655807 ], [ -46.731066, -23.655378 ], [ -46.731065, -23.654942 ], [ -46.73133, -23.65379 ], [ -46.730445, -23.654655 ] ] ] } },
{ "type": "Feature", "properties": { "CD_SETOR": "355030846000470", "faces": 14, "pavimentada": 100.0, "bueiro": 85.71, "iluminacao": 85.71, "onibus": 35.71, "ciclovia": 14.29, "calcada": 78.57, "obstaculo": 18.18, "rampa": 0.0, "rampa_faces": 0.0, "sem_calcada": 21.43, "sem_arvore": 71.43, "muitas_arvores": 14.29, "vao": 100.0, "V05400": 14, "V05421": 11, "V05406": 14, "V05412": 12, "V05422": 3, "V05424": 2, "V05427": 0, "V05409": 12, "V05415": 5, "V05418": 2, "V05430": 10, "V05433": 2, "criancas_0a4": 11, "em_favela": false }, "geometry": { "type": "Polygon", "coordinates": [ [ [ -46.754005, -23.645822 ], [ -46.753843, -23.648662 ], [ -46.75486, -23.648535 ], [ -46.758339, -23.64854 ], [ -46.758263, -23.64803 ], [ -46.75818, -23.647804 ], [ -46.757969, -23.647487 ], [ -46.75759, -23.647074 ], [ -46.756666, -23.646379 ], [ -46.75631, -23.646159 ], [ -46.755469, -23.645881 ], [ -46.754802, -23.645772 ], [ -46.754005, -23.645822 ] ] ] } },
{ "type": "Feature", "properties": { "CD_SETOR": "355030846000471", "faces": 21, "pavimentada": 100.0, "bueiro": 90.48, "iluminacao": 100.0, "onibus": 9.52, "ciclovia": 0.0, "calcada": 76.19, "obstaculo": 50.0, "rampa": 6.25, "rampa_faces": 4.76, "sem_calcada": 23.81, "sem_arvore": 28.57, "muitas_arvores": 9.52, "vao": 95.24, "V05400": 21, "V05421": 16, "V05406": 21, "V05412": 21, "V05422": 5, "V05424": 8, "V05427": 1, "V05409": 19, "V05415": 2, "V05418": 0, "V05430": 6, "V05433": 2, "criancas_0a4": 15, "em_favela": false }, "geometry": { "type": "Polygon", "coordinates": [ [ [ -46.751392, -23.646975 ], [ -46.753865, -23.648171 ], [ -46.754005, -23.645822 ], [ -46.753573, -23.645907 ], [ -46.753142, -23.645887 ], [ -46.752875, -23.645816 ], [ -46.751985, -23.645416 ], [ -46.750974, -23.645292 ], [ -46.750619, -23.64519 ], [ -46.750285, -23.645747 ], [ -46.751703, -23.646416 ], [ -46.751392, -23.646975 ] ] ] } },
{ "type": "Feature", "properties": { "CD_SETOR": "355030846000472", "faces": 7, "pavimentada": 100.0, "bueiro": 57.14, "iluminacao": 100.0, "onibus": 28.57, "ciclovia": 0.0, "calcada": 71.43, "obstaculo": 100.0, "rampa": 0.0, "rampa_faces": 0.0, "sem_calcada": 28.57, "sem_arvore": 57.14, "muitas_arvores": 28.57, "vao": 100.0, "V05400": 7, "V05421": 5, "V05406": 7, "V05412": 7, "V05422": 2, "V05424": 5, "V05427": 0, "V05409": 4, "V05415": 2, "V05418": 0, "V05430": 4, "V05433": 2, "criancas_0a4": 12, "em_favela": false }, "geometry": { "type": "Polygon", "coordinates": [ [ [ -46.744167, -23.644187 ], [ -46.743704, -23.644994 ], [ -46.744559, -23.645487 ], [ -46.744811, -23.645703 ], [ -46.745751, -23.645008 ], [ -46.745171, -23.644517 ], [ -46.744238, -23.644194 ], [ -46.744167, -23.644187 ] ] ] } },
{ "type": "Feature", "properties": { "CD_SETOR": "355030846000473", "faces": 15, "pavimentada": 100.0, "bueiro": 60.0, "iluminacao": 100.0, "onibus": 20.0, "ciclovia": 0.0, "calcada": 100.0, "obstaculo": 93.33, "rampa": 0.0, "rampa_faces": 0.0, "sem_calcada": 0.0, "sem_arvore": 6.67, "muitas_arvores": 46.67, "vao": 100.0, "V05400": 15, "V05421": 15, "V05406": 15, "V05412": 15, "V05422": 0, "V05424": 14, "V05427": 0, "V05409": 9, "V05415": 3, "V05418": 0, "V05430": 1, "V05433": 7, "criancas_0a4": 30, "em_favela": false }, "geometry": { "type": "Polygon", "coordinates": [ [ [ -46.742001, -23.646534 ], [ -46.742344, -23.646947 ], [ -46.742962, -23.64756 ], [ -46.744811, -23.645703 ], [ -46.744559, -23.645487 ], [ -46.743704, -23.644994 ], [ -46.743384, -23.6455 ], [ -46.743199, -23.645696 ], [ -46.742001, -23.646534 ] ] ] } },
{ "type": "Feature", "properties": { "CD_SETOR": "355030846000474", "faces": 15, "pavimentada": 80.0, "bueiro": 33.33, "iluminacao": 80.0, "onibus": 6.67, "ciclovia": 0.0, "calcada": 80.0, "obstaculo": 100.0, "rampa": 0.0, "rampa_faces": 0.0, "sem_calcada": 0.0, "sem_arvore": 26.67, "muitas_arvores": 13.33, "vao": 80.0, "V05400": 15, "V05421": 12, "V05406": 12, "V05412": 12, "V05422": 0, "V05424": 12, "V05427": 0, "V05409": 5, "V05415": 1, "V05418": 0, "V05430": 4, "V05433": 2, "criancas_0a4": 12, "em_favela": false }, "geometry": { "type": "Polygon", "coordinates": [ [ [ -46.740878, -23.64518 ], [ -46.741733, -23.645052 ], [ -46.74131, -23.642596 ], [ -46.740927, -23.642473 ], [ -46.740366, -23.642382 ], [ -46.740878, -23.64518 ] ] ] } },
{ "type": "Feature", "properties": { "CD_SETOR": "355030846000475", "faces": 19, "pavimentada": 100.0, "bueiro": 73.68, "iluminacao": 94.74, "onibus": 31.58, "ciclovia": 0.0, "calcada": 100.0, "obstaculo": 84.21, "rampa": 5.26, "rampa_faces": 5.26, "sem_calcada": 0.0, "sem_arvore": 68.42, "muitas_arvores": 0.0, "vao": 94.74, "V05400": 19, "V05421": 19, "V05406": 19, "V05412": 18, "V05422": 0, "V05424": 16, "V05427": 1, "V05409": 14, "V05415": 6, "V05418": 0, "V05430": 13, "V05433": 0, "criancas_0a4": 13, "em_favela": false }, "geometry": { "type": "Polygon", "coordinates": [ [ [ -46.741733, -23.645052 ], [ -46.743873, -23.644716 ], [ -46.744167, -23.644187 ], [ -46.743112, -23.644154 ], [ -46.742795, -23.64406 ], [ -46.742603, -23.643931 ], [ -46.742479, -23.64377 ], [ -46.742222, -23.643269 ], [ -46.742011, -23.642999 ], [ -46.74175, -23.642804 ], [ -46.74131, -23.642596 ], [ -46.741733, -23.645052 ] ] ] } },
{ "type": "Feature", "properties": { "CD_SETOR": "355030846000476", "faces": 22, "pavimentada": 100.0, "bueiro": 50.0, "iluminacao": 100.0, "onibus": 22.73, "ciclovia": 0.0, "calcada": 100.0, "obstaculo": 90.91, "rampa": 0.0, "rampa_faces": 0.0, "sem_calcada": 0.0, "sem_arvore": 18.18, "muitas_arvores": 36.36, "vao": 100.0, "V05400": 22, "V05421": 22, "V05406": 22, "V05412": 22, "V05422": 0, "V05424": 20, "V05427": 0, "V05409": 11, "V05415": 5, "V05418": 0, "V05430": 4, "V05433": 8, "criancas_0a4": 20, "em_favela": false }, "geometry": { "type": "Polygon", "coordinates": [ [ [ -46.743873, -23.644716 ], [ -46.740878, -23.64518 ], [ -46.741219, -23.647028 ], [ -46.742783, -23.64602 ], [ -46.743199, -23.645696 ], [ -46.743384, -23.6455 ], [ -46.743873, -23.644716 ] ] ] } },
{ "type": "Feature", "properties": { "CD_SETOR": "355030846000477", "faces": 12, "pavimentada": 100.0, "bueiro": 25.0, "iluminacao": 100.0, "onibus": 25.0, "ciclovia": 0.0, "calcada": 83.33, "obstaculo": 100.0, "rampa": 0.0, "rampa_faces": 0.0, "sem_calcada": 16.67, "sem_arvore": 50.0, "muitas_arvores": 8.33, "vao": 100.0, "V05400": 12, "V05421": 10, "V05406": 12, "V05412": 12, "V05422": 2, "V05424": 10, "V05427": 0, "V05409": 3, "V05415": 3, "V05418": 0, "V05430": 6, "V05433": 1, "criancas_0a4": 39, "em_favela": false }, "geometry": { "type": "Polygon", "coordinates": [ [ [ -46.739707, -23.646359 ], [ -46.73988, -23.647328 ], [ -46.739534, -23.647379 ], [ -46.739677, -23.648368 ], [ -46.741413, -23.648104 ], [ -46.741219, -23.647028 ], [ -46.740992, -23.64716 ], [ -46.740362, -23.647268 ], [ -46.740188, -23.646282 ], [ -46.739707, -23.646359 ] ] ] } },
{ "type": "Feature", "properties": { "CD_SETOR": "355030846000478", "faces": 11, "pavimentada": 100.0, "bueiro": 0.0, "iluminacao": 100.0, "onibus": 9.09, "ciclovia": 0.0, "calcada": 72.73, "obstaculo": 100.0, "rampa": 0.0, "rampa_faces": 0.0, "sem_calcada": 27.27, "sem_arvore": 54.55, "muitas_arvores": 0.0, "vao": 100.0, "V05400": 11, "V05421": 8, "V05406": 11, "V05412": 11, "V05422": 3, "V05424": 8, "V05427": 0, "V05409": 0, "V05415": 1, "V05418": 0, "V05430": 6, "V05433": 0, "criancas_0a4": 14, "em_favela": false }, "geometry": { "type": "Polygon", "coordinates": [ [ [ -46.738974, -23.645414 ], [ -46.739083, -23.64841 ], [ -46.739677, -23.648368 ], [ -46.739534, -23.647379 ], [ -46.73988, -23.647328 ], [ -46.739523, -23.645381 ], [ -46.738974, -23.645414 ] ] ] } },
{ "type": "Feature", "properties": { "CD_SETOR": "355030846000479", "faces": 12, "pavimentada": 100.0, "bueiro": 66.67, "iluminacao": 100.0, "onibus": 25.0, "ciclovia": 0.0, "calcada": 83.33, "obstaculo": 60.0, "rampa": 20.0, "rampa_faces": 16.67, "sem_calcada": 16.67, "sem_arvore": 25.0, "muitas_arvores": 16.67, "vao": 83.33, "V05400": 12, "V05421": 10, "V05406": 12, "V05412": 12, "V05422": 2, "V05424": 6, "V05427": 2, "V05409": 8, "V05415": 3, "V05418": 0, "V05430": 3, "V05433": 2, "criancas_0a4": 26, "em_favela": false }, "geometry": { "type": "Polygon", "coordinates": [ [ [ -46.74175, -23.642804 ], [ -46.742083, -23.643078 ], [ -46.742479, -23.64377 ], [ -46.742603, -23.643931 ], [ -46.742795, -23.64406 ], [ -46.743112, -23.644154 ], [ -46.744304, -23.644205 ], [ -46.745096, -23.644478 ], [ -46.745424, -23.643988 ], [ -46.744485, -23.643338 ], [ -46.744347, -23.642802 ], [ -46.746082, -23.642489 ], [ -46.745874, -23.641908 ], [ -46.741973, -23.642607 ], [ -46.74175, -23.642804 ] ] ] } },
{ "type": "Feature", "properties": { "CD_SETOR": "355030846000480", "faces": 9, "pavimentada": 100.0, "bueiro": 33.33, "iluminacao": 100.0, "onibus": 44.44, "ciclovia": 0.0, "calcada": 88.89, "obstaculo": 37.5, "rampa": 37.5, "rampa_faces": 33.33, "sem_calcada": 11.11, "sem_arvore": 77.78, "muitas_arvores": 11.11, "vao": 66.67, "V05400": 9, "V05421": 8, "V05406": 9, "V05412": 9, "V05422": 1, "V05424": 3, "V05427": 3, "V05409": 3, "V05415": 4, "V05418": 0, "V05430": 7, "V05433": 1, "criancas_0a4": 3, "em_favela": false }, "geometry": { "type": "Polygon", "coordinates": [ [ [ -46.74164, -23.641726 ], [ -46.739616, -23.642031 ], [ -46.738112, -23.642573 ], [ -46.738601, -23.642563 ], [ -46.739474, -23.642401 ], [ -46.740141, -23.642364 ], [ -46.740927, -23.642473 ], [ -46.74175, -23.642804 ], [ -46.741973, -23.642607 ], [ -46.745874, -23.641908 ], [ -46.745636, -23.640989 ], [ -46.743141, -23.641791 ], [ -46.742495, -23.641855 ], [ -46.742014, -23.641748 ], [ -46.74164, -23.641726 ] ] ] } },
{ "type": "Feature", "properties": { "CD_SETOR": "355030846000481", "faces": 12, "pavimentada": 100.0, "bueiro": 16.67, "iluminacao": 100.0, "onibus": 25.0, "ciclovia": 0.0, "calcada": 100.0, "obstaculo": 83.33, "rampa": 8.33, "rampa_faces": 8.33, "sem_calcada": 0.0, "sem_arvore": 58.33, "muitas_arvores": 16.67, "vao": 91.67, "V05400": 12, "V05421": 12, "V05406": 12, "V05412": 12, "V05422": 0, "V05424": 10, "V05427": 1, "V05409": 2, "V05415": 3, "V05418": 0, "V05430": 7, "V05433": 2, "criancas_0a4": 9, "em_favela": false }, "geometry": { "type": "Polygon", "coordinates": [ [ [ -46.738601, -23.642563 ], [ -46.738283, -23.642979 ], [ -46.738219, -23.64324 ], [ -46.738343, -23.645453 ], [ -46.739523, -23.645381 ], [ -46.739357, -23.644418 ], [ -46.739826, -23.64433 ], [ -46.739474, -23.642401 ], [ -46.738601, -23.642563 ] ] ] } },
{ "type": "Feature", "properties": { "CD_SETOR": "355030846000482", "faces": 12, "pavimentada": 100.0, "bueiro": 25.0, "iluminacao": 100.0, "onibus": 25.0, "ciclovia": 0.0, "calcada": 100.0, "obstaculo": 100.0, "rampa": 0.0, "rampa_faces": 0.0, "sem_calcada": 0.0, "sem_arvore": 50.0, "muitas_arvores": 16.67, "vao": 100.0, "V05400": 12, "V05421": 12, "V05406": 12, "V05412": 12, "V05422": 0, "V05424": 12, "V05427": 0, "V05409": 3, "V05415": 3, "V05418": 0, "V05430": 6, "V05433": 2, "criancas_0a4": 21, "em_favela": false }, "geometry": { "type": "Polygon", "coordinates": [ [ [ -46.738974, -23.645414 ], [ -46.737726, -23.645475 ], [ -46.737825, -23.647294 ], [ -46.73806, -23.647217 ], [ -46.738439, -23.64699 ], [ -46.738503, -23.648424 ], [ -46.739083, -23.64841 ], [ -46.738974, -23.645414 ] ] ] } },
{ "type": "Feature", "properties": { "CD_SETOR": "355030846000485", "faces": 8, "pavimentada": 100.0, "bueiro": 37.5, "iluminacao": 100.0, "onibus": 12.5, "ciclovia": 0.0, "calcada": 100.0, "obstaculo": 87.5, "rampa": 12.5, "rampa_faces": 12.5, "sem_calcada": 0.0, "sem_arvore": 25.0, "muitas_arvores": 0.0, "vao": 87.5, "V05400": 8, "V05421": 8, "V05406": 8, "V05412": 8, "V05422": 0, "V05424": 7, "V05427": 1, "V05409": 3, "V05415": 1, "V05418": 0, "V05430": 2, "V05433": 0, "criancas_0a4": 23, "em_favela": false }, "geometry": { "type": "Polygon", "coordinates": [ [ [ -46.737743, -23.647875 ], [ -46.736459, -23.647901 ], [ -46.7366, -23.648253 ], [ -46.73773, -23.649316 ], [ -46.738031, -23.649091 ], [ -46.739106, -23.649014 ], [ -46.739083, -23.64841 ], [ -46.738503, -23.648424 ], [ -46.738467, -23.647302 ], [ -46.738234, -23.647667 ], [ -46.738004, -23.647808 ], [ -46.737743, -23.647875 ] ] ] } },
{ "type": "Feature", "properties": { "CD_SETOR": "355030846000486", "faces": 8, "pavimentada": 100.0, "bueiro": 62.5, "iluminacao": 100.0, "onibus": 25.0, "ciclovia": 0.0, "calcada": 87.5, "obstaculo": 100.0, "rampa": 0.0, "rampa_faces": 0.0, "sem_calcada": 12.5, "sem_arvore": 12.5, "muitas_arvores": 12.5, "vao": 100.0, "V05400": 8, "V05421": 7, "V05406": 8, "V05412": 8, "V05422": 1, "V05424": 7, "V05427": 0, "V05409": 5, "V05415": 2, "V05418": 0, "V05430": 1, "V05433": 1, "criancas_0a4": 7, "em_favela": false }, "geometry": { "type": "Polygon", "coordinates": [ [ [ -46.73658, -23.649099 ], [ -46.737127, -23.64964 ], [ -46.737701, -23.649959 ], [ -46.738701, -23.649718 ], [ -46.739132, -23.649658 ], [ -46.739106, -23.649014 ], [ -46.738031, -23.649091 ], [ -46.73773, -23.649316 ], [ -46.737164, -23.648778 ], [ -46.73658, -23.649099 ] ] ] } },
{ "type": "Feature", "properties": { "CD_SETOR": "355030846000487", "faces": 8, "pavimentada": 100.0, "bueiro": 25.0, "iluminacao": 100.0, "onibus": 25.0, "ciclovia": 0.0, "calcada": 62.5, "obstaculo": 100.0, "rampa": 0.0, "rampa_faces": 0.0, "sem_calcada": 37.5, "sem_arvore": 50.0, "muitas_arvores": 0.0, "vao": 100.0, "V05400": 8, "V05421": 5, "V05406": 8, "V05412": 8, "V05422": 3, "V05424": 5, "V05427": 0, "V05409": 2, "V05415": 2, "V05418": 0, "V05430": 4, "V05433": 0, "criancas_0a4": 28, "em_favela": false }, "geometry": { "type": "Polygon", "coordinates": [ [ [ -46.751767, -23.655846 ], [ -46.751313, -23.656429 ], [ -46.750574, -23.657173 ], [ -46.749947, -23.658484 ], [ -46.750104, -23.658421 ], [ -46.751693, -23.65685 ], [ -46.75308, -23.655996 ], [ -46.752746, -23.655867 ], [ -46.752006, -23.655927 ], [ -46.751767, -23.655846 ] ] ] } },
{ "type": "Feature", "properties": { "CD_SETOR": "355030846000488", "faces": 8, "pavimentada": 100.0, "bueiro": 50.0, "iluminacao": 100.0, "onibus": 12.5, "ciclovia": 0.0, "calcada": 50.0, "obstaculo": 100.0, "rampa": 0.0, "rampa_faces": 0.0, "sem_calcada": 50.0, "sem_arvore": 62.5, "muitas_arvores": 12.5, "vao": 100.0, "V05400": 8, "V05421": 4, "V05406": 8, "V05412": 8, "V05422": 4, "V05424": 4, "V05427": 0, "V05409": 4, "V05415": 1, "V05418": 0, "V05430": 5, "V05433": 1, "criancas_0a4": 33, "em_favela": false }, "geometry": { "type": "Polygon", "coordinates": [ [ [ -46.75027, -23.657784 ], [ -46.749726, -23.657994 ], [ -46.749427, -23.658229 ], [ -46.749182, -23.658516 ], [ -46.749035, -23.658797 ], [ -46.748821, -23.659262 ], [ -46.748741, -23.659726 ], [ -46.748744, -23.660041 ], [ -46.748697, -23.660168 ], [ -46.748524, -23.660353 ], [ -46.74844, -23.660691 ], [ -46.748406, -23.660744 ], [ -46.74834, -23.660695 ], [ -46.748287, -23.660825 ], [ -46.748293, -23.661044 ], [ -46.748359, -23.661212 ], [ -46.748966, -23.66068 ], [ -46.75027, -23.657784 ] ] ] } },
{ "type": "Feature", "properties": { "CD_SETOR": "355030846000489", "faces": 2, "pavimentada": 100.0, "bueiro": 0.0, "iluminacao": 100.0, "onibus": 50.0, "ciclovia": 0.0, "calcada": 100.0, "obstaculo": 0.0, "rampa": 0.0, "rampa_faces": 0.0, "sem_calcada": 0.0, "sem_arvore": 0.0, "muitas_arvores": 50.0, "vao": 100.0, "V05400": 2, "V05421": 2, "V05406": 2, "V05412": 2, "V05422": 0, "V05424": 0, "V05427": 0, "V05409": 0, "V05415": 1, "V05418": 0, "V05430": 0, "V05433": 1, "criancas_0a4": 17, "em_favela": false }, "geometry": { "type": "Polygon", "coordinates": [ [ [ -46.729156, -23.667297 ], [ -46.729218, -23.665995 ], [ -46.728912, -23.666004 ], [ -46.728877, -23.667266 ], [ -46.729156, -23.667297 ] ] ] } },
{ "type": "Feature", "properties": { "CD_SETOR": "355030846000490", "faces": 6, "pavimentada": 100.0, "bueiro": 50.0, "iluminacao": 100.0, "onibus": 0.0, "ciclovia": 0.0, "calcada": 16.67, "obstaculo": 100.0, "rampa": 0.0, "rampa_faces": 0.0, "sem_calcada": 83.33, "sem_arvore": 83.33, "muitas_arvores": 0.0, "vao": 100.0, "V05400": 6, "V05421": 1, "V05406": 6, "V05412": 6, "V05422": 5, "V05424": 1, "V05427": 0, "V05409": 3, "V05415": 0, "V05418": 0, "V05430": 5, "V05433": 0, "criancas_0a4": 22, "em_favela": true }, "geometry": { "type": "Polygon", "coordinates": [ [ [ -46.740247, -23.681651 ], [ -46.739941, -23.681837 ], [ -46.739955, -23.682722 ], [ -46.739287, -23.682839 ], [ -46.739303, -23.682916 ], [ -46.739709, -23.682846 ], [ -46.739724, -23.682917 ], [ -46.740329, -23.682842 ], [ -46.740506, -23.682096 ], [ -46.740466, -23.681908 ], [ -46.740247, -23.681651 ] ] ] } },
{ "type": "Feature", "properties": { "CD_SETOR": "355030846000491", "faces": 10, "pavimentada": 100.0, "bueiro": 40.0, "iluminacao": 100.0, "onibus": 20.0, "ciclovia": 0.0, "calcada": 90.0, "obstaculo": 100.0, "rampa": 0.0, "rampa_faces": 0.0, "sem_calcada": 10.0, "sem_arvore": 20.0, "muitas_arvores": 70.0, "vao": 100.0, "V05400": 10, "V05421": 9, "V05406": 10, "V05412": 10, "V05422": 1, "V05424": 9, "V05427": 0, "V05409": 4, "V05415": 2, "V05418": 0, "V05430": 2, "V05433": 7, "criancas_0a4": 36, "em_favela": false }, "geometry": { "type": "Polygon", "coordinates": [ [ [ -46.74626, -23.664831 ], [ -46.74541, -23.665406 ], [ -46.745288, -23.665573 ], [ -46.74471, -23.665916 ], [ -46.744127, -23.666156 ], [ -46.743517, -23.666265 ], [ -46.743661, -23.666814 ], [ -46.74384, -23.666817 ], [ -46.744695, -23.666529 ], [ -46.744085, -23.667248 ], [ -46.744412, -23.667681 ], [ -46.744966, -23.66706 ], [ -46.745237, -23.66696 ], [ -46.745001, -23.666458 ], [ -46.745337, -23.666286 ], [ -46.745333, -23.666179 ], [ -46.746246, -23.665616 ], [ -46.746348, -23.665499 ], [ -46.747247, -23.665374 ], [ -46.747199, -23.664714 ], [ -46.74626, -23.664831 ] ] ] } },
{ "type": "Feature", "properties": { "CD_SETOR": "355030846000492", "faces": 1, "pavimentada": 0.0, "bueiro": 0.0, "iluminacao": 0.0, "onibus": 0.0, "ciclovia": 0.0, "calcada": 0.0, "obstaculo": null, "rampa": null, "rampa_faces": 0.0, "sem_calcada": 0.0, "sem_arvore": 0.0, "muitas_arvores": 0.0, "vao": 0.0, "V05400": 1, "V05421": 0, "V05406": 0, "V05412": 0, "V05422": 0, "V05424": 0, "V05427": 0, "V05409": 0, "V05415": 0, "V05418": 0, "V05430": 0, "V05433": 0, "criancas_0a4": 0, "em_favela": true }, "geometry": { "type": "Polygon", "coordinates": [ [ [ -46.745237, -23.66696 ], [ -46.745436, -23.667012 ], [ -46.745971, -23.666754 ], [ -46.746178, -23.666431 ], [ -46.746264, -23.666017 ], [ -46.74651, -23.665466 ], [ -46.746307, -23.665525 ], [ -46.746246, -23.665616 ], [ -46.745333, -23.666179 ], [ -46.745337, -23.666286 ], [ -46.745001, -23.666458 ], [ -46.745237, -23.66696 ] ] ] } },
{ "type": "Feature", "properties": { "CD_SETOR": "355030846000493", "faces": 13, "pavimentada": 92.31, "bueiro": 46.15, "iluminacao": 92.31, "onibus": 23.08, "ciclovia": 0.0, "calcada": 76.92, "obstaculo": 90.0, "rampa": 0.0, "rampa_faces": 0.0, "sem_calcada": 23.08, "sem_arvore": 53.85, "muitas_arvores": 7.69, "vao": 92.31, "V05400": 13, "V05421": 10, "V05406": 12, "V05412": 12, "V05422": 3, "V05424": 9, "V05427": 0, "V05409": 6, "V05415": 3, "V05418": 0, "V05430": 7, "V05433": 1, "criancas_0a4": 46, "em_favela": false }, "geometry": { "type": "Polygon", "coordinates": [ [ [ -46.741776, -23.659156 ], [ -46.741511, -23.65957 ], [ -46.741892, -23.660055 ], [ -46.741829, -23.660588 ], [ -46.742754, -23.661058 ], [ -46.742728, -23.661168 ], [ -46.742817, -23.66125 ], [ -46.743149, -23.660776 ], [ -46.743451, -23.660615 ], [ -46.743302, -23.659754 ], [ -46.743158, -23.659345 ], [ -46.74298, -23.659084 ], [ -46.742951, -23.659653 ], [ -46.74276, -23.659507 ], [ -46.742329, -23.659815 ], [ -46.741776, -23.659156 ] ] ] } },
{ "type": "Feature", "properties": { "CD_SETOR": "355030846000494", "faces": 3, "pavimentada": 66.67, "bueiro": 0.0, "iluminacao": 66.67, "onibus": 0.0, "ciclovia": 0.0, "calcada": 66.67, "obstaculo": 100.0, "rampa": 0.0, "rampa_faces": 0.0, "sem_calcada": 33.33, "sem_arvore": 100.0, "muitas_arvores": 0.0, "vao": 66.67, "V05400": 3, "V05421": 2, "V05406": 2, "V05412": 2, "V05422": 1, "V05424": 2, "V05427": 0, "V05409": 0, "V05415": 0, "V05418": 0, "V05430": 3, "V05433": 0, "criancas_0a4": 16, "em_favela": true }, "geometry": { "type": "Polygon", "coordinates": [ [ [ -46.742439, -23.661751 ], [ -46.742832, -23.662035 ], [ -46.743121, -23.661529 ], [ -46.742728, -23.661168 ], [ -46.742633, -23.661466 ], [ -46.742439, -23.661751 ] ] ] } },
{ "type": "Feature", "properties": { "CD_SETOR": "355030846000495", "faces": 1, "pavimentada": 100.0, "bueiro": 100.0, "iluminacao": 100.0, "onibus": 0.0, "ciclovia": 0.0, "calcada": 100.0, "obstaculo": 100.0, "rampa": 0.0, "rampa_faces": 0.0, "sem_calcada": 0.0, "sem_arvore": 100.0, "muitas_arvores": 0.0, "vao": 100.0, "V05400": 1, "V05421": 1, "V05406": 1, "V05412": 1, "V05422": 0, "V05424": 1, "V05427": 0, "V05409": 1, "V05415": 0, "V05418": 0, "V05430": 1, "V05433": 0, "criancas_0a4": 13, "em_favela": true }, "geometry": { "type": "Polygon", "coordinates": [ [ [ -46.732346, -23.664421 ], [ -46.731656, -23.664433 ], [ -46.731665, -23.664786 ], [ -46.73201, -23.664711 ], [ -46.732462, -23.664692 ], [ -46.732552, -23.665378 ], [ -46.732772, -23.665042 ], [ -46.732821, -23.664895 ], [ -46.732785, -23.664728 ], [ -46.732346, -23.664421 ] ] ] } },
{ "type": "Feature", "properties": { "CD_SETOR": "355030846000496", "faces": 21, "pavimentada": 85.71, "bueiro": 61.9, "iluminacao": 85.71, "onibus": 14.29, "ciclovia": 4.76, "calcada": 66.67, "obstaculo": 21.43, "rampa": 7.14, "rampa_faces": 4.76, "sem_calcada": 19.05, "sem_arvore": 19.05, "muitas_arvores": 28.57, "vao": 80.95, "V05400": 21, "V05421": 14, "V05406": 18, "V05412": 18, "V05422": 4, "V05424": 3, "V05427": 1, "V05409": 13, "V05415": 3, "V05418": 1, "V05430": 4, "V05433": 6, "criancas_0a4": 22, "em_favela": false }, "geometry": { "type": "Polygon", "coordinates": [ [ [ -46.729879, -23.665213 ], [ -46.72981, -23.665275 ], [ -46.729567, -23.667552 ], [ -46.730358, -23.667762 ], [ -46.730755, -23.667782 ], [ -46.731003, -23.665377 ], [ -46.731796, -23.66545 ], [ -46.732152, -23.665754 ], [ -46.732463, -23.665513 ], [ -46.732552, -23.665378 ], [ -46.732462, -23.664692 ], [ -46.73201, -23.664711 ], [ -46.731665, -23.664786 ], [ -46.73142, -23.664985 ], [ -46.730952, -23.664478 ], [ -46.730032, -23.665204 ], [ -46.729879, -23.665213 ] ] ] } },
{ "type": "Feature", "properties": { "CD_SETOR": "355030846000498", "faces": 2, "pavimentada": 100.0, "bueiro": 50.0, "iluminacao": 100.0, "onibus": 0.0, "ciclovia": 0.0, "calcada": 50.0, "obstaculo": 100.0, "rampa": 0.0, "rampa_faces": 0.0, "sem_calcada": 50.0, "sem_arvore": 50.0, "muitas_arvores": 0.0, "vao": 100.0, "V05400": 2, "V05421": 1, "V05406": 2, "V05412": 2, "V05422": 1, "V05424": 1, "V05427": 0, "V05409": 1, "V05415": 0, "V05418": 0, "V05430": 1, "V05433": 0, "criancas_0a4": 14, "em_favela": true }, "geometry": { "type": "Polygon", "coordinates": [ [ [ -46.746436, -23.647395 ], [ -46.746273, -23.648008 ], [ -46.74616, -23.648244 ], [ -46.746233, -23.648308 ], [ -46.746612, -23.64838 ], [ -46.746643, -23.648003 ], [ -46.746826, -23.647389 ], [ -46.746436, -23.647395 ] ] ] } },
{ "type": "Feature", "properties": { "CD_SETOR": "355030846000499", "faces": 12, "pavimentada": 83.33, "bueiro": 66.67, "iluminacao": 91.67, "onibus": 8.33, "ciclovia": 0.0, "calcada": 75.0, "obstaculo": 88.89, "rampa": 0.0, "rampa_faces": 0.0, "sem_calcada": 16.67, "sem_arvore": 50.0, "muitas_arvores": 16.67, "vao": 83.33, "V05400": 12, "V05421": 9, "V05406": 10, "V05412": 11, "V05422": 2, "V05424": 8, "V05427": 0, "V05409": 8, "V05415": 1, "V05418": 0, "V05430": 6, "V05433": 2, "criancas_0a4": 29, "em_favela": false }, "geometry": { "type": "Polygon", "coordinates": [ [ [ -46.741372, -23.652648 ], [ -46.741234, -23.653507 ], [ -46.743991, -23.652781 ], [ -46.744715, -23.652345 ], [ -46.745187, -23.652169 ], [ -46.745064, -23.652138 ], [ -46.744324, -23.652178 ], [ -46.744004, -23.651808 ], [ -46.743123, -23.651303 ], [ -46.742819, -23.651768 ], [ -46.743513, -23.652145 ], [ -46.743122, -23.65253 ], [ -46.742243, -23.652763 ], [ -46.741372, -23.652648 ] ] ] } },
{ "type": "Feature", "properties": { "CD_SETOR": "355030846000500", "faces": 6, "pavimentada": 100.0, "bueiro": 33.33, "iluminacao": 100.0, "onibus": 50.0, "ciclovia": 0.0, "calcada": 100.0, "obstaculo": 66.67, "rampa": 50.0, "rampa_faces": 50.0, "sem_calcada": 0.0, "sem_arvore": 66.67, "muitas_arvores": 0.0, "vao": 50.0, "V05400": 6, "V05421": 6, "V05406": 6, "V05412": 6, "V05422": 0, "V05424": 4, "V05427": 3, "V05409": 2, "V05415": 3, "V05418": 0, "V05430": 4, "V05433": 0, "criancas_0a4": 0, "em_favela": false }, "geometry": { "type": "Polygon", "coordinates": [ [ [ -46.756523, -23.675267 ], [ -46.756344, -23.675432 ], [ -46.756644, -23.67543 ], [ -46.758738, -23.675753 ], [ -46.758916, -23.674628 ], [ -46.758003, -23.675062 ], [ -46.757038, -23.675413 ], [ -46.756759, -23.675394 ], [ -46.756523, -23.675267 ] ] ] } },
{ "type": "Feature", "properties": { "CD_SETOR": "355030846000501", "faces": 11, "pavimentada": 90.91, "bueiro": 27.27, "iluminacao": 90.91, "onibus": 9.09, "ciclovia": 0.0, "calcada": 81.82, "obstaculo": 88.89, "rampa": 11.11, "rampa_faces": 9.09, "sem_calcada": 9.09, "sem_arvore": 27.27, "muitas_arvores": 36.36, "vao": 81.82, "V05400": 11, "V05421": 9, "V05406": 10, "V05412": 10, "V05422": 1, "V05424": 8, "V05427": 1, "V05409": 3, "V05415": 1, "V05418": 0, "V05430": 3, "V05433": 4, "criancas_0a4": 24, "em_favela": false }, "geometry": { "type": "Polygon", "coordinates": [ [ [ -46.757326, -23.671859 ], [ -46.758519, -23.673523 ], [ -46.758157, -23.673686 ], [ -46.758003, -23.673698 ], [ -46.757392, -23.672867 ], [ -46.757308, -23.674481 ], [ -46.757249, -23.674534 ], [ -46.756768, -23.674515 ], [ -46.756722, -23.674871 ], [ -46.756636, -23.675014 ], [ -46.756289, -23.675349 ], [ -46.756171, -23.675393 ], [ -46.756344, -23.675432 ], [ -46.756886, -23.674926 ], [ -46.757369, -23.674583 ], [ -46.75787, -23.674095 ], [ -46.757792, -23.67396 ], [ -46.758614, -23.673575 ], [ -46.759656, -23.672899 ], [ -46.759721, -23.672748 ], [ -46.75975, -23.672549 ], [ -46.758877, -23.673096 ], [ -46.757793, -23.671593 ], [ -46.757326, -23.671859 ] ] ] } },
{ "type": "Feature", "properties": { "CD_SETOR": "355030846000502", "faces": 11, "pavimentada": 100.0, "bueiro": 72.73, "iluminacao": 100.0, "onibus": 9.09, "ciclovia": 0.0, "calcada": 54.55, "obstaculo": 83.33, "rampa": 0.0, "rampa_faces": 0.0, "sem_calcada": 45.45, "sem_arvore": 72.73, "muitas_arvores": 18.18, "vao": 100.0, "V05400": 11, "V05421": 6, "V05406": 11, "V05412": 11, "V05422": 5, "V05424": 5, "V05427": 0, "V05409": 8, "V05415": 1, "V05418": 0, "V05430": 8, "V05433": 2, "criancas_0a4": 26, "em_favela": false }, "geometry": { "type": "Polygon", "coordinates": [ [ [ -46.738598, -23.682626 ], [ -46.739429, -23.684894 ], [ -46.739303, -23.685132 ], [ -46.73855, -23.6853 ], [ -46.738039, -23.685648 ], [ -46.737902, -23.685839 ], [ -46.73791, -23.686139 ], [ -46.739148, -23.685938 ], [ -46.741423, -23.685246 ], [ -46.741209, -23.684851 ], [ -46.740679, -23.683532 ], [ -46.740329, -23.682842 ], [ -46.739724, -23.682917 ], [ -46.739709, -23.682846 ], [ -46.739303, -23.682916 ], [ -46.739287, -23.682839 ], [ -46.739152, -23.682864 ], [ -46.739088, -23.682493 ], [ -46.738598, -23.682626 ] ] ] } },
{ "type": "Feature", "properties": { "CD_SETOR": "355030846000503", "faces": 5, "pavimentada": 100.0, "bueiro": 80.0, "iluminacao": 100.0, "onibus": 0.0, "ciclovia": 20.0, "calcada": 80.0, "obstaculo": 75.0, "rampa": 0.0, "rampa_faces": 0.0, "sem_calcada": 20.0, "sem_arvore": 80.0, "muitas_arvores": 20.0, "vao": 100.0, "V05400": 5, "V05421": 4, "V05406": 5, "V05412": 5, "V05422": 1, "V05424": 3, "V05427": 0, "V05409": 4, "V05415": 0, "V05418": 1, "V05430": 4, "V05433": 1, "criancas_0a4": 28, "em_favela": false }, "geometry": { "type": "Polygon", "coordinates": [ [ [ -46.735438, -23.682542 ], [ -46.736156, -23.683557 ], [ -46.73661, -23.684901 ], [ -46.736814, -23.685284 ], [ -46.737542, -23.685157 ], [ -46.737854, -23.685027 ], [ -46.73795, -23.684879 ], [ -46.737922, -23.684504 ], [ -46.737347, -23.683605 ], [ -46.738097, -23.68325 ], [ -46.737872, -23.682716 ], [ -46.737076, -23.682945 ], [ -46.73677, -23.682185 ], [ -46.735438, -23.682542 ] ] ] } },
{ "type": "Feature", "properties": { "CD_SETOR": "355030846000504", "faces": 13, "pavimentada": 100.0, "bueiro": 84.62, "iluminacao": 100.0, "onibus": 0.0, "ciclovia": 0.0, "calcada": 76.92, "obstaculo": 100.0, "rampa": 0.0, "rampa_faces": 0.0, "sem_calcada": 23.08, "sem_arvore": 53.85, "muitas_arvores": 23.08, "vao": 100.0, "V05400": 13, "V05421": 10, "V05406": 13, "V05412": 13, "V05422": 3, "V05424": 10, "V05427": 0, "V05409": 11, "V05415": 0, "V05418": 0, "V05430": 7, "V05433": 3, "criancas_0a4": 53, "em_favela": false }, "geometry": { "type": "Polygon", "coordinates": [ [ [ -46.743717, -23.680415 ], [ -46.743479, -23.680621 ], [ -46.742784, -23.681008 ], [ -46.74266, -23.681171 ], [ -46.743314, -23.681503 ], [ -46.743097, -23.681816 ], [ -46.742918, -23.682186 ], [ -46.742797, -23.682652 ], [ -46.743003, -23.682626 ], [ -46.743237, -23.682231 ], [ -46.743578, -23.681996 ], [ -46.743899, -23.682012 ], [ -46.744119, -23.682137 ], [ -46.744153, -23.68222 ], [ -46.744225, -23.682116 ], [ -46.744217, -23.682018 ], [ -46.744262, -23.682006 ], [ -46.744471, -23.681638 ], [ -46.744379, -23.681447 ], [ -46.74471, -23.681279 ], [ -46.744939, -23.681219 ], [ -46.74427, -23.680004 ], [ -46.744152, -23.680029 ], [ -46.74404, -23.679969 ], [ -46.743717, -23.680415 ] ] ] } },
{ "type": "Feature", "properties": { "CD_SETOR": "355030846000505", "faces": 4, "pavimentada": 100.0, "bueiro": 50.0, "iluminacao": 100.0, "onibus": 25.0, "ciclovia": 0.0, "calcada": 75.0, "obstaculo": 33.33, "rampa": 0.0, "rampa_faces": 0.0, "sem_calcada": 25.0, "sem_arvore": 50.0, "muitas_arvores": 0.0, "vao": 100.0, "V05400": 4, "V05421": 3, "V05406": 4, "V05412": 4, "V05422": 1, "V05424": 1, "V05427": 0, "V05409": 2, "V05415": 1, "V05418": 0, "V05430": 2, "V05433": 0, "criancas_0a4": 4, "em_favela": false }, "geometry": { "type": "Polygon", "coordinates": [ [ [ -46.743893, -23.68385 ], [ -46.743485, -23.684451 ], [ -46.743251, -23.685404 ], [ -46.743697, -23.6854 ], [ -46.743695, -23.685141 ], [ -46.743918, -23.684273 ], [ -46.743978, -23.684075 ], [ -46.744082, -23.68397 ], [ -46.743893, -23.68385 ] ] ] } },
{ "type": "Feature", "properties": { "CD_SETOR": "355030846000506", "faces": 7, "pavimentada": 100.0, "bueiro": 42.86, "iluminacao": 85.71, "onibus": 28.57, "ciclovia": 0.0, "calcada": 42.86, "obstaculo": 100.0, "rampa": 0.0, "rampa_faces": 0.0, "sem_calcada": 57.14, "sem_arvore": 71.43, "muitas_arvores": 14.29, "vao": 100.0, "V05400": 7, "V05421": 3, "V05406": 7, "V05412": 6, "V05422": 4, "V05424": 3, "V05427": 0, "V05409": 3, "V05415": 2, "V05418": 0, "V05430": 5, "V05433": 1, "criancas_0a4": 28, "em_favela": true }, "geometry": { "type": "Polygon", "coordinates": [ [ [ -46.729275, -23.658757 ], [ -46.729381, -23.659202 ], [ -46.729537, -23.659414 ], [ -46.729434, -23.659514 ], [ -46.729823, -23.659637 ], [ -46.730325, -23.659244 ], [ -46.730442, -23.659348 ], [ -46.730559, -23.659276 ], [ -46.730137, -23.658841 ], [ -46.73018, -23.658815 ], [ -46.730067, -23.658678 ], [ -46.729824, -23.658724 ], [ -46.729503, -23.658628 ], [ -46.729275, -23.658757 ] ] ] } },
{ "type": "Feature", "properties": { "CD_SETOR": "355030846000507", "faces": 13, "pavimentada": 100.0, "bueiro": 38.46, "iluminacao": 92.31, "onibus": 15.38, "ciclovia": 0.0, "calcada": 23.08, "obstaculo": 100.0, "rampa": 0.0, "rampa_faces": 0.0, "sem_calcada": 76.92, "sem_arvore": 84.62, "muitas_arvores": 7.69, "vao": 100.0, "V05400": 13, "V05421": 3, "V05406": 13, "V05412": 12, "V05422": 10, "V05424": 3, "V05427": 0, "V05409": 5, "V05415": 2, "V05418": 0, "V05430": 11, "V05433": 1, "criancas_0a4": 27, "em_favela": true }, "geometry": { "type": "Polygon", "coordinates": [ [ [ -46.729823, -23.659637 ], [ -46.729384, -23.659526 ], [ -46.729077, -23.660066 ], [ -46.729774, -23.660286 ], [ -46.729877, -23.659917 ], [ -46.73003, -23.659652 ], [ -46.730442, -23.659348 ], [ -46.730325, -23.659244 ], [ -46.729823, -23.659637 ] ] ] } },
{ "type": "Feature", "properties": { "CD_SETOR": "355030846000508", "faces": 6, "pavimentada": 100.0, "bueiro": 16.67, "iluminacao": 100.0, "onibus": 0.0, "ciclovia": 0.0, "calcada": 83.33, "obstaculo": 100.0, "rampa": 0.0, "rampa_faces": 0.0, "sem_calcada": 16.67, "sem_arvore": 100.0, "muitas_arvores": 0.0, "vao": 100.0, "V05400": 6, "V05421": 5, "V05406": 6, "V05412": 6, "V05422": 1, "V05424": 5, "V05427": 0, "V05409": 1, "V05415": 0, "V05418": 0, "V05430": 6, "V05433": 0, "criancas_0a4": 19, "em_favela": true }, "geometry": { "type": "Polygon", "coordinates": [ [ [ -46.731478, -23.661054 ], [ -46.730963, -23.661471 ], [ -46.731035, -23.661653 ], [ -46.731062, -23.662037 ], [ -46.731464, -23.661982 ], [ -46.731453, -23.661791 ], [ -46.731545, -23.661672 ], [ -46.731477, -23.661599 ], [ -46.731558, -23.66145 ], [ -46.731478, -23.661054 ] ] ] } },
{ "type": "Feature", "properties": { "CD_SETOR": "355030846000509", "faces": 2, "pavimentada": 100.0, "bueiro": 50.0, "iluminacao": 100.0, "onibus": 0.0, "ciclovia": 0.0, "calcada": 100.0, "obstaculo": 100.0, "rampa": 0.0, "rampa_faces": 0.0, "sem_calcada": 0.0, "sem_arvore": 0.0, "muitas_arvores": 50.0, "vao": 100.0, "V05400": 2, "V05421": 2, "V05406": 2, "V05412": 2, "V05422": 0, "V05424": 2, "V05427": 0, "V05409": 1, "V05415": 0, "V05418": 0, "V05430": 0, "V05433": 1, "criancas_0a4": 10, "em_favela": false }, "geometry": { "type": "Polygon", "coordinates": [ [ [ -46.729559, -23.661074 ], [ -46.729476, -23.661422 ], [ -46.729521, -23.661612 ], [ -46.729654, -23.661772 ], [ -46.729901, -23.661938 ], [ -46.730472, -23.662117 ], [ -46.731062, -23.662037 ], [ -46.731035, -23.661653 ], [ -46.730963, -23.661471 ], [ -46.730774, -23.661579 ], [ -46.730514, -23.661624 ], [ -46.73009, -23.661474 ], [ -46.7296, -23.661086 ], [ -46.729559, -23.661074 ] ] ] } },
{ "type": "Feature", "properties": { "CD_SETOR": "355030846000510", "faces": 4, "pavimentada": 100.0, "bueiro": 75.0, "iluminacao": 100.0, "onibus": 25.0, "ciclovia": 0.0, "calcada": 75.0, "obstaculo": 66.67, "rampa": 33.33, "rampa_faces": 25.0, "sem_calcada": 25.0, "sem_arvore": 50.0, "muitas_arvores": 50.0, "vao": 75.0, "V05400": 4, "V05421": 3, "V05406": 4, "V05412": 4, "V05422": 1, "V05424": 2, "V05427": 1, "V05409": 3, "V05415": 1, "V05418": 0, "V05430": 2, "V05433": 2, "criancas_0a4": 3, "em_favela": false }, "geometry": { "type": "Polygon", "coordinates": [ [ [ -46.748556, -23.675227 ], [ -46.748772, -23.675473 ], [ -46.748966, -23.675873 ], [ -46.74941, -23.67627 ], [ -46.750016, -23.676161 ], [ -46.750888, -23.675906 ], [ -46.752303, -23.675856 ], [ -46.752235, -23.675324 ], [ -46.751711, -23.6752 ], [ -46.750296, -23.67598 ], [ -46.75004, -23.676025 ], [ -46.749599, -23.67595 ], [ -46.749251, -23.675742 ], [ -46.749052, -23.675531 ], [ -46.749046, -23.675359 ], [ -46.749284, -23.674978 ], [ -46.748817, -23.674688 ], [ -46.748799, -23.675008 ], [ -46.748556, -23.675227 ] ] ] } },
{ "type": "Feature", "properties": { "CD_SETOR": "355030846000511", "faces": 4, "pavimentada": 100.0, "bueiro": 100.0, "iluminacao": 100.0, "onibus": 0.0, "ciclovia": 0.0, "calcada": 100.0, "obstaculo": 50.0, "rampa": 50.0, "rampa_faces": 50.0, "sem_calcada": 0.0, "sem_arvore": 0.0, "muitas_arvores": 100.0, "vao": 50.0, "V05400": 4, "V05421": 4, "V05406": 4, "V05412": 4, "V05422": 0, "V05424": 2, "V05427": 2, "V05409": 4, "V05415": 0, "V05418": 0, "V05430": 0, "V05433": 4, "criancas_0a4": 12, "em_favela": false }, "geometry": { "type": "Polygon", "coordinates": [ [ [ -46.749983, -23.676019 ], [ -46.75001, -23.675976 ], [ -46.74974, -23.675391 ], [ -46.749417, -23.67505 ], [ -46.749284, -23.674978 ], [ -46.749046, -23.675359 ], [ -46.749052, -23.675531 ], [ -46.749427, -23.675867 ], [ -46.749599, -23.67595 ], [ -46.749983, -23.676019 ] ] ] } },
{ "type": "Feature", "properties": { "CD_SETOR": "355030846000512", "faces": 4, "pavimentada": 100.0, "bueiro": 50.0, "iluminacao": 100.0, "onibus": 0.0, "ciclovia": 0.0, "calcada": 100.0, "obstaculo": 100.0, "rampa": 0.0, "rampa_faces": 0.0, "sem_calcada": 0.0, "sem_arvore": 75.0, "muitas_arvores": 0.0, "vao": 100.0, "V05400": 4, "V05421": 4, "V05406": 4, "V05412": 4, "V05422": 0, "V05424": 4, "V05427": 0, "V05409": 2, "V05415": 0, "V05418": 0, "V05430": 3, "V05433": 0, "criancas_0a4": 3, "em_favela": false }, "geometry": { "type": "Polygon", "coordinates": [ [ [ -46.749556, -23.674603 ], [ -46.750317, -23.674949 ], [ -46.75057, -23.674604 ], [ -46.749828, -23.674199 ], [ -46.749556, -23.674603 ] ] ] } },
{ "type": "Feature", "properties": { "CD_SETOR": "355030846000513", "faces": 3, "pavimentada": 100.0, "bueiro": 66.67, "iluminacao": 100.0, "onibus": 0.0, "ciclovia": 0.0, "calcada": 66.67, "obstaculo": 100.0, "rampa": 0.0, "rampa_faces": 0.0, "sem_calcada": 33.33, "sem_arvore": 66.67, "muitas_arvores": 33.33, "vao": 100.0, "V05400": 3, "V05421": 2, "V05406": 3, "V05412": 3, "V05422": 1, "V05424": 2, "V05427": 0, "V05409": 2, "V05415": 0, "V05418": 0, "V05430": 2, "V05433": 1, "criancas_0a4": 4, "em_favela": false }, "geometry": { "type": "Polygon", "coordinates": [ [ [ -46.7504, -23.675071 ], [ -46.749755, -23.675317 ], [ -46.74974, -23.675391 ], [ -46.749921, -23.675751 ], [ -46.750044, -23.675751 ], [ -46.751185, -23.67538 ], [ -46.751227, -23.675459 ], [ -46.751711, -23.6752 ], [ -46.751137, -23.675038 ], [ -46.7504, -23.675071 ] ] ] } },
{ "type": "Feature", "properties": { "CD_SETOR": "355030846000514", "faces": 1, "pavimentada": 100.0, "bueiro": 100.0, "iluminacao": 100.0, "onibus": 0.0, "ciclovia": 0.0, "calcada": 100.0, "obstaculo": 100.0, "rampa": 0.0, "rampa_faces": 0.0, "sem_calcada": 0.0, "sem_arvore": 0.0, "muitas_arvores": 100.0, "vao": 100.0, "V05400": 1, "V05421": 1, "V05406": 1, "V05412": 1, "V05422": 0, "V05424": 1, "V05427": 0, "V05409": 1, "V05415": 0, "V05418": 0, "V05430": 0, "V05433": 1, "criancas_0a4": 82, "em_favela": false }, "geometry": { "type": "Polygon", "coordinates": [ [ [ -46.746606, -23.649516 ], [ -46.746612, -23.64838 ], [ -46.746233, -23.648308 ], [ -46.74616, -23.648244 ], [ -46.746075, -23.648359 ], [ -46.745711, -23.6502 ], [ -46.745612, -23.650365 ], [ -46.745038, -23.650906 ], [ -46.746193, -23.651492 ], [ -46.746507, -23.651581 ], [ -46.746494, -23.651274 ], [ -46.746599, -23.650974 ], [ -46.746768, -23.650781 ], [ -46.746867, -23.650368 ], [ -46.74685, -23.649886 ], [ -46.746606, -23.649516 ] ] ] } },
{ "type": "Feature", "properties": { "CD_SETOR": "355030846000515", "faces": 9, "pavimentada": 100.0, "bueiro": 55.56, "iluminacao": 100.0, "onibus": 0.0, "ciclovia": 0.0, "calcada": 66.67, "obstaculo": 100.0, "rampa": 0.0, "rampa_faces": 0.0, "sem_calcada": 33.33, "sem_arvore": 22.22, "muitas_arvores": 55.56, "vao": 100.0, "V05400": 9, "V05421": 6, "V05406": 9, "V05412": 9, "V05422": 3, "V05424": 6, "V05427": 0, "V05409": 5, "V05415": 0, "V05418": 0, "V05430": 2, "V05433": 5, "criancas_0a4": 32, "em_favela": false }, "geometry": { "type": "Polygon", "coordinates": [ [ [ -46.758326, -23.663643 ], [ -46.759097, -23.664619 ], [ -46.76002, -23.663765 ], [ -46.759581, -23.663382 ], [ -46.759316, -23.662993 ], [ -46.758326, -23.663643 ] ] ] } },
{ "type": "Feature", "properties": { "CD_SETOR": "355030846000516", "faces": 9, "pavimentada": 77.78, "bueiro": 55.56, "iluminacao": 77.78, "onibus": 0.0, "ciclovia": 0.0, "calcada": 77.78, "obstaculo": 100.0, "rampa": 0.0, "rampa_faces": 0.0, "sem_calcada": 0.0, "sem_arvore": 11.11, "muitas_arvores": 66.67, "vao": 77.78, "V05400": 9, "V05421": 7, "V05406": 7, "V05412": 7, "V05422": 0, "V05424": 7, "V05427": 0, "V05409": 5, "V05415": 0, "V05418": 0, "V05430": 1, "V05433": 6, "criancas_0a4": 26, "em_favela": false }, "geometry": { "type": "Polygon", "coordinates": [ [ [ -46.757523, -23.664186 ], [ -46.758037, -23.66488 ], [ -46.758118, -23.665282 ], [ -46.75863, -23.665198 ], [ -46.758605, -23.66504 ], [ -46.758963, -23.665079 ], [ -46.759244, -23.665523 ], [ -46.759351, -23.66525 ], [ -46.759307, -23.664932 ], [ -46.758326, -23.663643 ], [ -46.757523, -23.664186 ] ] ] } },
{ "type": "Feature", "properties": { "CD_SETOR": "355030846000517", "faces": 10, "pavimentada": 100.0, "bueiro": 70.0, "iluminacao": 100.0, "onibus": 0.0, "ciclovia": 0.0, "calcada": 80.0, "obstaculo": 100.0, "rampa": 0.0, "rampa_faces": 0.0, "sem_calcada": 20.0, "sem_arvore": 40.0, "muitas_arvores": 20.0, "vao": 100.0, "V05400": 10, "V05421": 8, "V05406": 10, "V05412": 10, "V05422": 2, "V05424": 8, "V05427": 0, "V05409": 7, "V05415": 0, "V05418": 0, "V05430": 4, "V05433": 2, "criancas_0a4": 13, "em_favela": false }, "geometry": { "type": "Polygon", "coordinates": [ [ [ -46.759244, -23.665523 ], [ -46.759002, -23.6658 ], [ -46.758178, -23.66718 ], [ -46.758572, -23.667793 ], [ -46.758722, -23.667873 ], [ -46.759295, -23.667799 ], [ -46.759436, -23.66866 ], [ -46.76101, -23.668309 ], [ -46.761318, -23.668277 ], [ -46.761315, -23.668052 ], [ -46.761493, -23.668067 ], [ -46.76153, -23.666961 ], [ -46.761651, -23.66646 ], [ -46.760549, -23.666618 ], [ -46.760772, -23.6657 ], [ -46.76063, -23.6653 ], [ -46.759974, -23.665558 ], [ -46.759676, -23.665593 ], [ -46.759244, -23.665523 ] ] ] } },
{ "type": "Feature", "properties": { "CD_SETOR": "355030846000518", "faces": 5, "pavimentada": 40.0, "bueiro": 40.0, "iluminacao": 40.0, "onibus": 0.0, "ciclovia": 0.0, "calcada": 40.0, "obstaculo": 100.0, "rampa": 0.0, "rampa_faces": 0.0, "sem_calcada": 60.0, "sem_arvore": 100.0, "muitas_arvores": 0.0, "vao": 40.0, "V05400": 5, "V05421": 2, "V05406": 2, "V05412": 2, "V05422": 3, "V05424": 2, "V05427": 0, "V05409": 2, "V05415": 0, "V05418": 0, "V05430": 5, "V05433": 0, "criancas_0a4": 29, "em_favela": true }, "geometry": { "type": "Polygon", "coordinates": [ [ [ -46.759848, -23.663963 ], [ -46.760447, -23.664197 ], [ -46.761122, -23.664858 ], [ -46.76157, -23.665947 ], [ -46.761733, -23.665954 ], [ -46.761335, -23.665003 ], [ -46.760801, -23.664229 ], [ -46.760499, -23.663987 ], [ -46.76002, -23.663765 ], [ -46.759848, -23.663963 ] ] ] } },
{ "type": "Feature", "properties": { "CD_SETOR": "355030846000519", "faces": 7, "pavimentada": 100.0, "bueiro": 0.0, "iluminacao": 100.0, "onibus": 0.0, "ciclovia": 0.0, "calcada": 57.14, "obstaculo": 100.0, "rampa": 0.0, "rampa_faces": 0.0, "sem_calcada": 42.86, "sem_arvore": 71.43, "muitas_arvores": 14.29, "vao": 100.0, "V05400": 7, "V05421": 4, "V05406": 7, "V05412": 7, "V05422": 3, "V05424": 4, "V05427": 0, "V05409": 0, "V05415": 0, "V05418": 0, "V05430": 5, "V05433": 1, "criancas_0a4": 49, "em_favela": false }, "geometry": { "type": "Polygon", "coordinates": [ [ [ -46.744403, -23.691295 ], [ -46.745782, -23.692495 ], [ -46.746893, -23.692892 ], [ -46.747786, -23.693418 ], [ -46.748025, -23.693412 ], [ -46.748188, -23.693228 ], [ -46.748183, -23.693019 ], [ -46.748133, -23.692971 ], [ -46.74751, -23.692639 ], [ -46.747164, -23.692459 ], [ -46.746018, -23.692078 ], [ -46.744956, -23.691141 ], [ -46.744893, -23.691112 ], [ -46.744403, -23.691295 ] ] ] } },
{ "type": "Feature", "properties": { "CD_SETOR": "355030846000521", "faces": 34, "pavimentada": 88.24, "bueiro": 44.12, "iluminacao": 100.0, "onibus": 8.82, "ciclovia": 0.0, "calcada": 70.59, "obstaculo": 91.67, "rampa": 0.0, "rampa_faces": 0.0, "sem_calcada": 29.41, "sem_arvore": 0.0, "muitas_arvores": 85.29, "vao": 88.24, "V05400": 34, "V05421": 24, "V05406": 30, "V05412": 34, "V05422": 10, "V05424": 22, "V05427": 0, "V05409": 15, "V05415": 3, "V05418": 0, "V05430": 0, "V05433": 29, "criancas_0a4": 12, "em_favela": false }, "geometry": { "type": "Polygon", "coordinates": [ [ [ -46.743575, -23.701248 ], [ -46.743625, -23.701552 ], [ -46.743899, -23.702334 ], [ -46.743699, -23.702468 ], [ -46.743521, -23.702418 ], [ -46.743339, -23.702482 ], [ -46.743383, -23.703238 ], [ -46.74345, -23.703325 ], [ -46.743273, -23.703536 ], [ -46.742359, -23.705082 ], [ -46.744445, -23.70591 ], [ -46.744444, -23.705348 ], [ -46.744504, -23.705349 ], [ -46.745047, -23.705797 ], [ -46.745327, -23.705959 ], [ -46.745333, -23.704347 ], [ -46.745125, -23.703713 ], [ -46.745787, -23.703091 ], [ -46.745276, -23.701718 ], [ -46.747055, -23.701473 ], [ -46.749095, -23.701028 ], [ -46.749099, -23.700682 ], [ -46.748992, -23.700188 ], [ -46.749038, -23.700094 ], [ -46.749423, -23.699881 ], [ -46.749473, -23.699791 ], [ -46.749393, -23.699319 ], [ -46.749055, -23.698838 ], [ -46.749075, -23.698617 ], [ -46.748192, -23.698649 ], [ -46.747782, -23.699186 ], [ -46.7478, -23.69946 ], [ -46.747692, -23.699568 ], [ -46.747256, -23.699616 ], [ -46.746447, -23.699576 ], [ -46.746392, -23.699637 ], [ -46.746152, -23.6996 ], [ -46.746126, -23.699539 ], [ -46.745945, -23.699493 ], [ -46.745515, -23.699639 ], [ -46.745376, -23.69962 ], [ -46.745318, -23.699757 ], [ -46.744718, -23.699953 ], [ -46.744579, -23.699816 ], [ -46.744441, -23.699872 ], [ -46.744094, -23.700227 ], [ -46.743998, -23.700353 ], [ -46.743987, -23.700523 ], [ -46.743891, -23.700704 ], [ -46.743599, -23.700991 ], [ -46.743603, -23.701186 ], [ -46.743762, -23.701601 ], [ -46.743575, -23.701248 ] ] ] } },
{ "type": "Feature", "properties": { "CD_SETOR": "355030846000522", "faces": 85, "pavimentada": 0.0, "bueiro": 0.0, "iluminacao": 100.0, "onibus": 0.0, "ciclovia": 0.0, "calcada": 0.0, "obstaculo": null, "rampa": null, "rampa_faces": 0.0, "sem_calcada": 100.0, "sem_arvore": 1.18, "muitas_arvores": 98.82, "vao": 0.0, "V05400": 85, "V05421": 0, "V05406": 0, "V05412": 85, "V05422": 85, "V05424": 0, "V05427": 0, "V05409": 0, "V05415": 0, "V05418": 0, "V05430": 1, "V05433": 84, "criancas_0a4": 12, "em_favela": false }, "geometry": { "type": "Polygon", "coordinates": [ [ [ -46.736441, -23.700865 ], [ -46.736498, -23.701151 ], [ -46.736576, -23.70239 ], [ -46.736874, -23.703491 ], [ -46.736834, -23.703656 ], [ -46.737072, -23.703789 ], [ -46.737037, -23.703943 ], [ -46.737845, -23.707333 ], [ -46.737953, -23.707955 ], [ -46.739508, -23.7077 ], [ -46.739742, -23.708317 ], [ -46.740212, -23.708757 ], [ -46.740491, -23.709585 ], [ -46.740421, -23.710265 ], [ -46.740327, -23.710663 ], [ -46.739677, -23.711135 ], [ -46.739037, -23.71207 ], [ -46.739102, -23.713153 ], [ -46.738675, -23.714625 ], [ -46.73853, -23.714855 ], [ -46.738256, -23.714766 ], [ -46.738223, -23.715308 ], [ -46.73816, -23.715381 ], [ -46.738161, -23.715698 ], [ -46.738317, -23.715936 ], [ -46.738599, -23.716238 ], [ -46.738885, -23.716296 ], [ -46.738861, -23.716623 ], [ -46.738895, -23.716702 ], [ -46.739023, -23.716791 ], [ -46.739175, -23.716819 ], [ -46.739509, -23.716801 ], [ -46.739943, -23.716853 ], [ -46.740005, -23.716695 ], [ -46.739386, -23.716227 ], [ -46.739347, -23.715849 ], [ -46.739257, -23.71586 ], [ -46.739231, -23.715579 ], [ -46.73911, -23.715569 ], [ -46.73899, -23.715003 ], [ -46.739082, -23.714168 ], [ -46.739238, -23.714058 ], [ -46.739276, -23.713705 ], [ -46.739633, -23.713396 ], [ -46.739614, -23.713116 ], [ -46.739868, -23.712629 ], [ -46.739845, -23.71245 ], [ -46.739908, -23.712452 ], [ -46.739919, -23.712384 ], [ -46.739821, -23.712368 ], [ -46.739889, -23.712332 ], [ -46.739903, -23.712221 ], [ -46.739993, -23.712127 ], [ -46.740124, -23.712112 ], [ -46.74024, -23.711953 ], [ -46.740247, -23.711863 ], [ -46.740338, -23.711947 ], [ -46.740453, -23.711764 ], [ -46.740958, -23.711519 ], [ -46.74097, -23.711426 ], [ -46.741237, -23.711174 ], [ -46.741239, -23.711082 ], [ -46.741348, -23.711063 ], [ -46.741408, -23.710958 ], [ -46.741635, -23.710191 ], [ -46.741784, -23.710076 ], [ -46.741827, -23.709971 ], [ -46.742195, -23.709795 ], [ -46.742485, -23.709404 ], [ -46.742687, -23.709402 ], [ -46.74311, -23.709128 ], [ -46.743177, -23.709039 ], [ -46.743407, -23.709011 ], [ -46.743451, -23.708839 ], [ -46.7438, -23.708764 ], [ -46.74439, -23.70872 ], [ -46.744445, -23.70591 ], [ -46.742359, -23.705082 ], [ -46.743273, -23.703536 ], [ -46.74345, -23.703325 ], [ -46.743383, -23.703238 ], [ -46.743339, -23.702482 ], [ -46.743521, -23.702418 ], [ -46.743699, -23.702468 ], [ -46.743899, -23.702334 ], [ -46.743625, -23.701552 ], [ -46.743566, -23.701227 ], [ -46.743236, -23.700829 ], [ -46.741663, -23.700168 ], [ -46.741543, -23.700307 ], [ -46.741312, -23.700042 ], [ -46.740782, -23.699895 ], [ -46.740737, -23.700095 ], [ -46.740143, -23.699989 ], [ -46.739819, -23.69986 ], [ -46.739503, -23.700002 ], [ -46.738748, -23.699828 ], [ -46.73832, -23.700059 ], [ -46.737949, -23.700057 ], [ -46.737306, -23.700392 ], [ -46.737319, -23.700532 ], [ -46.737259, -23.700586 ], [ -46.737175, -23.700503 ], [ -46.737034, -23.700574 ], [ -46.736827, -23.700756 ], [ -46.736841, -23.700828 ], [ -46.736441, -23.700865 ] ] ] } },
{ "type": "Feature", "properties": { "CD_SETOR": "355030846000523", "faces": 13, "pavimentada": 100.0, "bueiro": 23.08, "iluminacao": 100.0, "onibus": 15.38, "ciclovia": 0.0, "calcada": 100.0, "obstaculo": 84.62, "rampa": 0.0, "rampa_faces": 0.0, "sem_calcada": 0.0, "sem_arvore": 46.15, "muitas_arvores": 30.77, "vao": 100.0, "V05400": 13, "V05421": 13, "V05406": 13, "V05412": 13, "V05422": 0, "V05424": 11, "V05427": 0, "V05409": 3, "V05415": 2, "V05418": 0, "V05430": 6, "V05433": 4, "criancas_0a4": 25, "em_favela": false }, "geometry": { "type": "Polygon", "coordinates": [ [ [ -46.736771, -23.675903 ], [ -46.736829, -23.67685 ], [ -46.736723, -23.676916 ], [ -46.736727, -23.677384 ], [ -46.736894, -23.67739 ], [ -46.737009, -23.677486 ], [ -46.736999, -23.67799 ], [ -46.738013, -23.678236 ], [ -46.738065, -23.677614 ], [ -46.737926, -23.677537 ], [ -46.737795, -23.677384 ], [ -46.737625, -23.676759 ], [ -46.737678, -23.676663 ], [ -46.738382, -23.676432 ], [ -46.738457, -23.676299 ], [ -46.737996, -23.676198 ], [ -46.737169, -23.675921 ], [ -46.736771, -23.675903 ] ] ] } },
{ "type": "Feature", "properties": { "CD_SETOR": "355030846000524", "faces": 8, "pavimentada": 100.0, "bueiro": 50.0, "iluminacao": 100.0, "onibus": 25.0, "ciclovia": 0.0, "calcada": 100.0, "obstaculo": 62.5, "rampa": 0.0, "rampa_faces": 0.0, "sem_calcada": 0.0, "sem_arvore": 12.5, "muitas_arvores": 0.0, "vao": 100.0, "V05400": 8, "V05421": 8, "V05406": 8, "V05412": 8, "V05422": 0, "V05424": 5, "V05427": 0, "V05409": 4, "V05415": 2, "V05418": 0, "V05430": 1, "V05433": 0, "criancas_0a4": 19, "em_favela": false }, "geometry": { "type": "Polygon", "coordinates": [ [ [ -46.735374, -23.675632 ], [ -46.735288, -23.676748 ], [ -46.735476, -23.677007 ], [ -46.735688, -23.677234 ], [ -46.73598, -23.677405 ], [ -46.736371, -23.677427 ], [ -46.736727, -23.677384 ], [ -46.736723, -23.676916 ], [ -46.736829, -23.67685 ], [ -46.736771, -23.675903 ], [ -46.736567, -23.675793 ], [ -46.736324, -23.675815 ], [ -46.736263, -23.675529 ], [ -46.736198, -23.675391 ], [ -46.736139, -23.675373 ], [ -46.735374, -23.675632 ] ] ] } },
{ "type": "Feature", "properties": { "CD_SETOR": "355030846000525", "faces": 12, "pavimentada": 91.67, "bueiro": 41.67, "iluminacao": 100.0, "onibus": 16.67, "ciclovia": 0.0, "calcada": 58.33, "obstaculo": 57.14, "rampa": 28.57, "rampa_faces": 16.67, "sem_calcada": 41.67, "sem_arvore": 58.33, "muitas_arvores": 8.33, "vao": 75.0, "V05400": 12, "V05421": 7, "V05406": 11, "V05412": 12, "V05422": 5, "V05424": 4, "V05427": 2, "V05409": 5, "V05415": 2, "V05418": 0, "V05430": 7, "V05433": 1, "criancas_0a4": 55, "em_favela": false }, "geometry": { "type": "Polygon", "coordinates": [ [ [ -46.734367, -23.67885 ], [ -46.734669, -23.680536 ], [ -46.735134, -23.681487 ], [ -46.735438, -23.682542 ], [ -46.73677, -23.682185 ], [ -46.736197, -23.680211 ], [ -46.735903, -23.679377 ], [ -46.73531, -23.679477 ], [ -46.735165, -23.678687 ], [ -46.734367, -23.67885 ] ] ] } },
{ "type": "Feature", "properties": { "CD_SETOR": "355030846000529", "faces": 26, "pavimentada": 92.31, "bueiro": 38.46, "iluminacao": 92.31, "onibus": 23.08, "ciclovia": 0.0, "calcada": 92.31, "obstaculo": 83.33, "rampa": 0.0, "rampa_faces": 0.0, "sem_calcada": 0.0, "sem_arvore": 65.38, "muitas_arvores": 7.69, "vao": 92.31, "V05400": 26, "V05421": 24, "V05406": 24, "V05412": 24, "V05422": 0, "V05424": 20, "V05427": 0, "V05409": 10, "V05415": 6, "V05418": 0, "V05430": 17, "V05433": 2, "criancas_0a4": 14, "em_favela": false }, "geometry": { "type": "Polygon", "coordinates": [ [ [ -46.734443, -23.672086 ], [ -46.734212, -23.673259 ], [ -46.735029, -23.673204 ], [ -46.734939, -23.672478 ], [ -46.735229, -23.67238 ], [ -46.736569, -23.672262 ], [ -46.736675, -23.6723 ], [ -46.736584, -23.671448 ], [ -46.735712, -23.671541 ], [ -46.735562, -23.670149 ], [ -46.736008, -23.669884 ], [ -46.736458, -23.669723 ], [ -46.734214, -23.669016 ], [ -46.733388, -23.66871 ], [ -46.73371, -23.669076 ], [ -46.734001, -23.669567 ], [ -46.734199, -23.66996 ], [ -46.734358, -23.670483 ], [ -46.734449, -23.670986 ], [ -46.734483, -23.67152 ], [ -46.734443, -23.672086 ] ] ] } },
{ "type": "Feature", "properties": { "CD_SETOR": "355030846000530", "faces": 5, "pavimentada": 100.0, "bueiro": 60.0, "iluminacao": 100.0, "onibus": 20.0, "ciclovia": 0.0, "calcada": 100.0, "obstaculo": 100.0, "rampa": 0.0, "rampa_faces": 0.0, "sem_calcada": 0.0, "sem_arvore": 0.0, "muitas_arvores": 0.0, "vao": 100.0, "V05400": 5, "V05421": 5, "V05406": 5, "V05412": 5, "V05422": 0, "V05424": 5, "V05427": 0, "V05409": 3, "V05415": 1, "V05418": 0, "V05430": 0, "V05433": 0, "criancas_0a4": 5, "em_favela": false }, "geometry": { "type": "Polygon", "coordinates": [ [ [ -46.736903, -23.672424 ], [ -46.736924, -23.673563 ], [ -46.736954, -23.674545 ], [ -46.737275, -23.674436 ], [ -46.737238, -23.6736 ], [ -46.737676, -23.673291 ], [ -46.736903, -23.672424 ] ] ] } },
{ "type": "Feature", "properties": { "CD_SETOR": "355030846000531", "faces": 1, "pavimentada": 100.0, "bueiro": 0.0, "iluminacao": 100.0, "onibus": 0.0, "ciclovia": 0.0, "calcada": 100.0, "obstaculo": 0.0, "rampa": 0.0, "rampa_faces": 0.0, "sem_calcada": 0.0, "sem_arvore": 0.0, "muitas_arvores": 0.0, "vao": 100.0, "V05400": 1, "V05421": 1, "V05406": 1, "V05412": 1, "V05422": 0, "V05424": 0, "V05427": 0, "V05409": 0, "V05415": 0, "V05418": 0, "V05430": 0, "V05433": 0, "criancas_0a4": 28, "em_favela": false }, "geometry": { "type": "Polygon", "coordinates": [ [ [ -46.735497, -23.673147 ], [ -46.734212, -23.673259 ], [ -46.734208, -23.673477 ], [ -46.735373, -23.673523 ], [ -46.735497, -23.673147 ] ] ] } },
{ "type": "Feature", "properties": { "CD_SETOR": "355030846000532", "faces": 1, "pavimentada": 100.0, "bueiro": 0.0, "iluminacao": 100.0, "onibus": 100.0, "ciclovia": 0.0, "calcada": 100.0, "obstaculo": 0.0, "rampa": 0.0, "rampa_faces": 0.0, "sem_calcada": 0.0, "sem_arvore": 0.0, "muitas_arvores": 0.0, "vao": 100.0, "V05400": 1, "V05421": 1, "V05406": 1, "V05412": 1, "V05422": 0, "V05424": 0, "V05427": 0, "V05409": 0, "V05415": 1, "V05418": 0, "V05430": 0, "V05433": 0, "criancas_0a4": 18, "em_favela": false }, "geometry": { "type": "Polygon", "coordinates": [ [ [ -46.73421, -23.673701 ], [ -46.735204, -23.673999 ], [ -46.735373, -23.673523 ], [ -46.734208, -23.673477 ], [ -46.73421, -23.673701 ] ] ] } },
{ "type": "Feature", "properties": { "CD_SETOR": "355030846000533", "faces": 11, "pavimentada": 100.0, "bueiro": 18.18, "iluminacao": 100.0, "onibus": 18.18, "ciclovia": 18.18, "calcada": 81.82, "obstaculo": 100.0, "rampa": 0.0, "rampa_faces": 0.0, "sem_calcada": 18.18, "sem_arvore": 27.27, "muitas_arvores": 36.36, "vao": 100.0, "V05400": 11, "V05421": 9, "V05406": 11, "V05412": 11, "V05422": 2, "V05424": 9, "V05427": 0, "V05409": 2, "V05415": 2, "V05418": 2, "V05430": 3, "V05433": 4, "criancas_0a4": 37, "em_favela": false }, "geometry": { "type": "Polygon", "coordinates": [ [ [ -46.750639, -23.663139 ], [ -46.750859, -23.663172 ], [ -46.751452, -23.663388 ], [ -46.751243, -23.664 ], [ -46.751899, -23.664208 ], [ -46.752336, -23.663707 ], [ -46.752502, -23.663238 ], [ -46.751946, -23.663084 ], [ -46.752134, -23.662408 ], [ -46.752392, -23.661906 ], [ -46.751954, -23.661892 ], [ -46.751778, -23.662825 ], [ -46.75098, -23.662664 ], [ -46.751128, -23.661804 ], [ -46.75086, -23.661771 ], [ -46.750639, -23.663139 ] ] ] } },
{ "type": "Feature", "properties": { "CD_SETOR": "355030846000534", "faces": 9, "pavimentada": 100.0, "bueiro": 11.11, "iluminacao": 100.0, "onibus": 22.22, "ciclovia": 11.11, "calcada": 100.0, "obstaculo": 100.0, "rampa": 0.0, "rampa_faces": 0.0, "sem_calcada": 0.0, "sem_arvore": 22.22, "muitas_arvores": 33.33, "vao": 100.0, "V05400": 9, "V05421": 9, "V05406": 9, "V05412": 9, "V05422": 0, "V05424": 9, "V05427": 0, "V05409": 1, "V05415": 2, "V05418": 1, "V05430": 2, "V05433": 3, "criancas_0a4": 9, "em_favela": false }, "geometry": { "type": "Polygon", "coordinates": [ [ [ -46.749464, -23.662054 ], [ -46.750001, -23.662045 ], [ -46.750076, -23.662225 ], [ -46.750003, -23.662613 ], [ -46.75004, -23.663085 ], [ -46.750639, -23.663139 ], [ -46.75086, -23.661771 ], [ -46.749498, -23.661526 ], [ -46.749464, -23.662054 ] ] ] } },
{ "type": "Feature", "properties": { "CD_SETOR": "355030846000536", "faces": 6, "pavimentada": 100.0, "bueiro": 83.33, "iluminacao": 66.67, "onibus": 0.0, "ciclovia": 0.0, "calcada": 50.0, "obstaculo": 33.33, "rampa": 0.0, "rampa_faces": 0.0, "sem_calcada": 50.0, "sem_arvore": 50.0, "muitas_arvores": 16.67, "vao": 100.0, "V05400": 6, "V05421": 3, "V05406": 6, "V05412": 4, "V05422": 3, "V05424": 1, "V05427": 0, "V05409": 5, "V05415": 0, "V05418": 0, "V05430": 3, "V05433": 1, "criancas_0a4": 18, "em_favela": true }, "geometry": { "type": "Polygon", "coordinates": [ [ [ -46.750035, -23.664566 ], [ -46.750073, -23.66494 ], [ -46.749933, -23.665355 ], [ -46.750733, -23.665332 ], [ -46.751094, -23.665457 ], [ -46.751128, -23.665156 ], [ -46.750892, -23.66513 ], [ -46.750577, -23.664664 ], [ -46.750035, -23.664566 ] ] ] } },
{ "type": "Feature", "properties": { "CD_SETOR": "355030846000537", "faces": 21, "pavimentada": 100.0, "bueiro": 61.9, "iluminacao": 100.0, "onibus": 4.76, "ciclovia": 0.0, "calcada": 100.0, "obstaculo": 90.48, "rampa": 9.52, "rampa_faces": 9.52, "sem_calcada": 0.0, "sem_arvore": 9.52, "muitas_arvores": 38.1, "vao": 90.48, "V05400": 21, "V05421": 21, "V05406": 21, "V05412": 21, "V05422": 0, "V05424": 19, "V05427": 2, "V05409": 13, "V05415": 1, "V05418": 0, "V05430": 2, "V05433": 8, "criancas_0a4": 26, "em_favela": false }, "geometry": { "type": "Polygon", "coordinates": [ [ [ -46.750313, -23.645044 ], [ -46.748678, -23.648207 ], [ -46.749739, -23.648653 ], [ -46.750251, -23.64896 ], [ -46.751703, -23.646416 ], [ -46.750285, -23.645747 ], [ -46.750619, -23.64519 ], [ -46.750313, -23.645044 ] ] ] } },
{ "type": "Feature", "properties": { "CD_SETOR": "355030846000538", "faces": 12, "pavimentada": 100.0, "bueiro": 66.67, "iluminacao": 100.0, "onibus": 16.67, "ciclovia": 0.0, "calcada": 100.0, "obstaculo": 58.33, "rampa": 33.33, "rampa_faces": 33.33, "sem_calcada": 0.0, "sem_arvore": 16.67, "muitas_arvores": 41.67, "vao": 66.67, "V05400": 12, "V05421": 12, "V05406": 12, "V05412": 12, "V05422": 0, "V05424": 7, "V05427": 4, "V05409": 8, "V05415": 2, "V05418": 0, "V05430": 2, "V05433": 5, "criancas_0a4": 18, "em_favela": false }, "geometry": { "type": "Polygon", "coordinates": [ [ [ -46.745751, -23.645008 ], [ -46.746591, -23.645846 ], [ -46.746778, -23.646172 ], [ -46.747303, -23.647381 ], [ -46.747821, -23.646583 ], [ -46.748547, -23.64614 ], [ -46.748705, -23.646111 ], [ -46.748835, -23.646143 ], [ -46.749539, -23.646522 ], [ -46.750313, -23.645044 ], [ -46.749538, -23.644614 ], [ -46.748216, -23.643761 ], [ -46.747667, -23.643306 ], [ -46.747401, -23.643002 ], [ -46.746541, -23.643344 ], [ -46.747005, -23.643717 ], [ -46.745751, -23.645008 ] ] ] } },
{ "type": "Feature", "properties": { "CD_SETOR": "355030846000539", "faces": 2, "pavimentada": 100.0, "bueiro": 50.0, "iluminacao": 100.0, "onibus": 100.0, "ciclovia": 0.0, "calcada": 100.0, "obstaculo": 50.0, "rampa": 50.0, "rampa_faces": 50.0, "sem_calcada": 0.0, "sem_arvore": 50.0, "muitas_arvores": 0.0, "vao": 50.0, "V05400": 2, "V05421": 2, "V05406": 2, "V05412": 2, "V05422": 0, "V05424": 1, "V05427": 1, "V05409": 1, "V05415": 2, "V05418": 0, "V05430": 1, "V05433": 0, "criancas_0a4": 29, "em_favela": false }, "geometry": { "type": "Polygon", "coordinates": [ [ [ -46.748041, -23.647943 ], [ -46.748678, -23.648207 ], [ -46.749539, -23.646522 ], [ -46.748968, -23.646208 ], [ -46.748041, -23.647943 ] ] ] } },
{ "type": "Feature", "properties": { "CD_SETOR": "355030846000540", "faces": 2, "pavimentada": 100.0, "bueiro": 100.0, "iluminacao": 100.0, "onibus": 0.0, "ciclovia": 0.0, "calcada": 100.0, "obstaculo": 0.0, "rampa": 0.0, "rampa_faces": 0.0, "sem_calcada": 0.0, "sem_arvore": 50.0, "muitas_arvores": 50.0, "vao": 100.0, "V05400": 2, "V05421": 2, "V05406": 2, "V05412": 2, "V05422": 0, "V05424": 0, "V05427": 0, "V05409": 2, "V05415": 0, "V05418": 0, "V05430": 1, "V05433": 1, "criancas_0a4": 44, "em_favela": false }, "geometry": { "type": "Polygon", "coordinates": [ [ [ -46.747303, -23.647381 ], [ -46.747553, -23.647669 ], [ -46.748041, -23.647943 ], [ -46.748968, -23.646208 ], [ -46.748705, -23.646111 ], [ -46.748547, -23.64614 ], [ -46.747821, -23.646583 ], [ -46.747303, -23.647381 ] ] ] } },
{ "type": "Feature", "properties": { "CD_SETOR": "355030846000541", "faces": 1, "pavimentada": 100.0, "bueiro": 100.0, "iluminacao": 100.0, "onibus": 0.0, "ciclovia": 0.0, "calcada": 100.0, "obstaculo": 0.0, "rampa": 100.0, "rampa_faces": 100.0, "sem_calcada": 0.0, "sem_arvore": 0.0, "muitas_arvores": 100.0, "vao": 0.0, "V05400": 1, "V05421": 1, "V05406": 1, "V05412": 1, "V05422": 0, "V05424": 0, "V05427": 1, "V05409": 1, "V05415": 0, "V05418": 0, "V05430": 0, "V05433": 1, "criancas_0a4": 38, "em_favela": false }, "geometry": { "type": "Polygon", "coordinates": [ [ [ -46.733753, -23.668862 ], [ -46.734726, -23.669178 ], [ -46.734755, -23.668805 ], [ -46.734637, -23.66775 ], [ -46.734395, -23.667617 ], [ -46.733753, -23.668862 ] ] ] } },
{ "type": "Feature", "properties": { "CD_SETOR": "355030846000542", "faces": 1, "pavimentada": 100.0, "bueiro": 0.0, "iluminacao": 100.0, "onibus": 0.0, "ciclovia": 0.0, "calcada": 100.0, "obstaculo": 0.0, "rampa": 100.0, "rampa_faces": 100.0, "sem_calcada": 0.0, "sem_arvore": 0.0, "muitas_arvores": 100.0, "vao": 0.0, "V05400": 1, "V05421": 1, "V05406": 1, "V05412": 1, "V05422": 0, "V05424": 0, "V05427": 1, "V05409": 0, "V05415": 0, "V05418": 0, "V05430": 0, "V05433": 1, "criancas_0a4": 36, "em_favela": false }, "geometry": { "type": "Polygon", "coordinates": [ [ [ -46.732946, -23.668449 ], [ -46.733388, -23.66871 ], [ -46.733753, -23.668862 ], [ -46.734395, -23.667617 ], [ -46.734132, -23.667473 ], [ -46.73311, -23.668247 ], [ -46.732946, -23.668449 ] ] ] } },
{ "type": "Feature", "properties": { "CD_SETOR": "355030846000543", "faces": 36, "pavimentada": 91.67, "bueiro": 25.0, "iluminacao": 94.44, "onibus": 2.78, "ciclovia": 2.78, "calcada": 86.11, "obstaculo": 90.32, "rampa": 3.23, "rampa_faces": 2.78, "sem_calcada": 11.11, "sem_arvore": 19.44, "muitas_arvores": 52.78, "vao": 88.89, "V05400": 36, "V05421": 31, "V05406": 33, "V05412": 34, "V05422": 4, "V05424": 28, "V05427": 1, "V05409": 9, "V05415": 1, "V05418": 1, "V05430": 7, "V05433": 19, "criancas_0a4": 13, "em_favela": false }, "geometry": { "type": "Polygon", "coordinates": [ [ [ -46.725656, -23.669471 ], [ -46.727265, -23.670546 ], [ -46.727589, -23.670955 ], [ -46.727644, -23.671308 ], [ -46.72753, -23.671773 ], [ -46.727921, -23.671924 ], [ -46.728189, -23.672272 ], [ -46.729415, -23.673258 ], [ -46.72962, -23.673504 ], [ -46.730054, -23.673766 ], [ -46.730998, -23.673535 ], [ -46.731212, -23.67354 ], [ -46.731821, -23.673693 ], [ -46.732193, -23.672209 ], [ -46.732309, -23.672003 ], [ -46.732554, -23.671996 ], [ -46.732566, -23.671517 ], [ -46.732421, -23.671413 ], [ -46.732513, -23.670258 ], [ -46.732588, -23.670181 ], [ -46.731533, -23.670158 ], [ -46.731431, -23.669944 ], [ -46.731465, -23.668402 ], [ -46.73074, -23.668494 ], [ -46.730413, -23.667771 ], [ -46.729567, -23.667552 ], [ -46.727738, -23.667321 ], [ -46.724427, -23.667051 ], [ -46.724831, -23.668517 ], [ -46.724924, -23.668759 ], [ -46.725056, -23.668936 ], [ -46.725656, -23.669471 ] ], [ [ -46.728851, -23.670607 ], [ -46.728545, -23.670538 ], [ -46.728437, -23.670469 ], [ -46.728288, -23.670262 ], [ -46.728245, -23.669988 ], [ -46.72836, -23.669686 ], [ -46.729035, -23.669802 ], [ -46.72933, -23.670435 ], [ -46.729036, -23.670589 ], [ -46.728851, -23.670607 ] ] ] } },
{ "type": "Feature", "properties": { "CD_SETOR": "355030846000544", "faces": 2, "pavimentada": 100.0, "bueiro": 100.0, "iluminacao": 100.0, "onibus": 0.0, "ciclovia": 0.0, "calcada": 100.0, "obstaculo": 50.0, "rampa": 0.0, "rampa_faces": 0.0, "sem_calcada": 0.0, "sem_arvore": 0.0, "muitas_arvores": 100.0, "vao": 100.0, "V05400": 2, "V05421": 2, "V05406": 2, "V05412": 2, "V05422": 0, "V05424": 1, "V05427": 0, "V05409": 2, "V05415": 0, "V05418": 0, "V05430": 0, "V05433": 2, "criancas_0a4": 20, "em_favela": false }, "geometry": { "type": "Polygon", "coordinates": [ [ [ -46.728851, -23.670607 ], [ -46.729036, -23.670589 ], [ -46.72933, -23.670435 ], [ -46.729035, -23.669802 ], [ -46.72836, -23.669686 ], [ -46.728245, -23.669988 ], [ -46.728288, -23.670262 ], [ -46.728437, -23.670469 ], [ -46.728545, -23.670538 ], [ -46.728851, -23.670607 ] ] ] } },
{ "type": "Feature", "properties": { "CD_SETOR": "355030846000545", "faces": 3, "pavimentada": 100.0, "bueiro": 100.0, "iluminacao": 100.0, "onibus": 0.0, "ciclovia": 0.0, "calcada": 100.0, "obstaculo": 33.33, "rampa": 0.0, "rampa_faces": 0.0, "sem_calcada": 0.0, "sem_arvore": 0.0, "muitas_arvores": 33.33, "vao": 100.0, "V05400": 3, "V05421": 3, "V05406": 3, "V05412": 3, "V05422": 0, "V05424": 1, "V05427": 0, "V05409": 3, "V05415": 0, "V05418": 0, "V05430": 0, "V05433": 1, "criancas_0a4": 42, "em_favela": false }, "geometry": { "type": "Polygon", "coordinates": [ [ [ -46.747244, -23.651057 ], [ -46.747815, -23.651678 ], [ -46.748191, -23.652051 ], [ -46.748231, -23.65163 ], [ -46.748101, -23.651426 ], [ -46.747674, -23.650297 ], [ -46.747672, -23.650025 ], [ -46.747354, -23.650015 ], [ -46.747244, -23.651057 ] ] ] } },
{ "type": "Feature", "properties": { "CD_SETOR": "355030846000546", "faces": 1, "pavimentada": 100.0, "bueiro": 100.0, "iluminacao": 100.0, "onibus": 0.0, "ciclovia": 0.0, "calcada": 100.0, "obstaculo": 100.0, "rampa": 0.0, "rampa_faces": 0.0, "sem_calcada": 0.0, "sem_arvore": 100.0, "muitas_arvores": 0.0, "vao": 100.0, "V05400": 1, "V05421": 1, "V05406": 1, "V05412": 1, "V05422": 0, "V05424": 1, "V05427": 0, "V05409": 1, "V05415": 0, "V05418": 0, "V05430": 1, "V05433": 0, "criancas_0a4": 25, "em_favela": false }, "geometry": { "type": "Polygon", "coordinates": [ [ [ -46.746768, -23.650781 ], [ -46.747244, -23.651057 ], [ -46.747354, -23.650015 ], [ -46.746869, -23.650003 ], [ -46.746867, -23.650368 ], [ -46.746768, -23.650781 ] ] ] } },
{ "type": "Feature", "properties": { "CD_SETOR": "355030846000547", "faces": 2, "pavimentada": 100.0, "bueiro": 50.0, "iluminacao": 100.0, "onibus": 0.0, "ciclovia": 0.0, "calcada": 100.0, "obstaculo": 100.0, "rampa": 0.0, "rampa_faces": 0.0, "sem_calcada": 0.0, "sem_arvore": 50.0, "muitas_arvores": 50.0, "vao": 100.0, "V05400": 2, "V05421": 2, "V05406": 2, "V05412": 2, "V05422": 0, "V05424": 2, "V05427": 0, "V05409": 1, "V05415": 0, "V05418": 0, "V05430": 1, "V05433": 1, "criancas_0a4": 24, "em_favela": false }, "geometry": { "type": "Polygon", "coordinates": [ [ [ -46.747815, -23.651678 ], [ -46.747244, -23.651057 ], [ -46.746556, -23.651938 ], [ -46.746898, -23.652351 ], [ -46.747434, -23.651782 ], [ -46.7477, -23.651761 ], [ -46.747815, -23.651678 ] ] ] } },
{ "type": "Feature", "properties": { "CD_SETOR": "355030846000548", "faces": 8, "pavimentada": 100.0, "bueiro": 87.5, "iluminacao": 87.5, "onibus": 12.5, "ciclovia": 0.0, "calcada": 75.0, "obstaculo": 66.67, "rampa": 0.0, "rampa_faces": 0.0, "sem_calcada": 25.0, "sem_arvore": 25.0, "muitas_arvores": 12.5, "vao": 100.0, "V05400": 8, "V05421": 6, "V05406": 8, "V05412": 7, "V05422": 2, "V05424": 4, "V05427": 0, "V05409": 7, "V05415": 1, "V05418": 0, "V05430": 2, "V05433": 1, "criancas_0a4": 46, "em_favela": false }, "geometry": { "type": "Polygon", "coordinates": [ [ [ -46.748566, -23.652977 ], [ -46.749091, -23.653351 ], [ -46.748925, -23.65347 ], [ -46.749132, -23.653953 ], [ -46.749317, -23.653901 ], [ -46.751081, -23.653154 ], [ -46.750758, -23.652586 ], [ -46.751039, -23.652466 ], [ -46.75174, -23.652039 ], [ -46.751774, -23.652072 ], [ -46.751959, -23.652006 ], [ -46.75179, -23.651585 ], [ -46.751687, -23.651567 ], [ -46.751597, -23.651706 ], [ -46.750239, -23.652493 ], [ -46.749124, -23.65239 ], [ -46.748566, -23.652977 ] ] ] } },
{ "type": "Feature", "properties": { "CD_SETOR": "355030846000549", "faces": 2, "pavimentada": 100.0, "bueiro": 100.0, "iluminacao": 100.0, "onibus": 0.0, "ciclovia": 0.0, "calcada": 50.0, "obstaculo": 0.0, "rampa": 0.0, "rampa_faces": 0.0, "sem_calcada": 50.0, "sem_arvore": 50.0, "muitas_arvores": 0.0, "vao": 100.0, "V05400": 2, "V05421": 1, "V05406": 2, "V05412": 2, "V05422": 1, "V05424": 0, "V05427": 0, "V05409": 2, "V05415": 0, "V05418": 0, "V05430": 1, "V05433": 0, "criancas_0a4": 31, "em_favela": false }, "geometry": { "type": "Polygon", "coordinates": [ [ [ -46.748389, -23.653107 ], [ -46.748172, -23.653415 ], [ -46.748497, -23.653612 ], [ -46.748925, -23.65347 ], [ -46.749091, -23.653351 ], [ -46.748566, -23.652977 ], [ -46.748389, -23.653107 ] ] ] } },
{ "type": "Feature", "properties": { "CD_SETOR": "355030846000550", "faces": 4, "pavimentada": 100.0, "bueiro": 25.0, "iluminacao": 100.0, "onibus": 0.0, "ciclovia": 0.0, "calcada": 100.0, "obstaculo": 75.0, "rampa": 0.0, "rampa_faces": 0.0, "sem_calcada": 0.0, "sem_arvore": 25.0, "muitas_arvores": 0.0, "vao": 100.0, "V05400": 4, "V05421": 4, "V05406": 4, "V05412": 4, "V05422": 0, "V05424": 3, "V05427": 0, "V05409": 1, "V05415": 0, "V05418": 0, "V05430": 1, "V05433": 0, "criancas_0a4": 9, "em_favela": false }, "geometry": { "type": "Polygon", "coordinates": [ [ [ -46.747436, -23.653812 ], [ -46.748012, -23.654305 ], [ -46.748094, -23.654323 ], [ -46.748194, -23.653555 ], [ -46.748161, -23.653552 ], [ -46.748172, -23.653415 ], [ -46.748389, -23.653107 ], [ -46.748215, -23.653079 ], [ -46.747729, -23.652709 ], [ -46.747571, -23.652876 ], [ -46.747436, -23.653812 ] ] ] } },
{ "type": "Feature", "properties": { "CD_SETOR": "355030846000551", "faces": 6, "pavimentada": 100.0, "bueiro": 33.33, "iluminacao": 100.0, "onibus": 0.0, "ciclovia": 0.0, "calcada": 33.33, "obstaculo": 100.0, "rampa": 0.0, "rampa_faces": 0.0, "sem_calcada": 66.67, "sem_arvore": 83.33, "muitas_arvores": 0.0, "vao": 100.0, "V05400": 6, "V05421": 2, "V05406": 6, "V05412": 6, "V05422": 4, "V05424": 2, "V05427": 0, "V05409": 2, "V05415": 0, "V05418": 0, "V05430": 5, "V05433": 0, "criancas_0a4": 20, "em_favela": true }, "geometry": { "type": "Polygon", "coordinates": [ [ [ -46.751874, -23.652028 ], [ -46.751792, -23.652245 ], [ -46.751864, -23.652556 ], [ -46.751808, -23.652579 ], [ -46.751752, -23.65273 ], [ -46.751605, -23.6529 ], [ -46.751521, -23.653118 ], [ -46.751825, -23.653635 ], [ -46.752135, -23.653415 ], [ -46.752324, -23.65347 ], [ -46.752333, -23.65342 ], [ -46.752205, -23.653164 ], [ -46.752289, -23.653127 ], [ -46.751959, -23.652006 ], [ -46.751874, -23.652028 ] ] ] } },
{ "type": "Feature", "properties": { "CD_SETOR": "355030846000552", "faces": 8, "pavimentada": 100.0, "bueiro": 12.5, "iluminacao": 100.0, "onibus": 0.0, "ciclovia": 0.0, "calcada": 12.5, "obstaculo": 100.0, "rampa": 0.0, "rampa_faces": 0.0, "sem_calcada": 87.5, "sem_arvore": 87.5, "muitas_arvores": 0.0, "vao": 100.0, "V05400": 8, "V05421": 1, "V05406": 8, "V05412": 8, "V05422": 7, "V05424": 1, "V05427": 0, "V05409": 1, "V05415": 0, "V05418": 0, "V05430": 7, "V05433": 0, "criancas_0a4": 19, "em_favela": true }, "geometry": { "type": "Polygon", "coordinates": [ [ [ -46.751081, -23.653154 ], [ -46.751291, -23.653086 ], [ -46.751521, -23.653118 ], [ -46.751605, -23.6529 ], [ -46.751752, -23.65273 ], [ -46.751808, -23.652579 ], [ -46.751864, -23.652556 ], [ -46.751792, -23.652245 ], [ -46.751874, -23.652028 ], [ -46.751774, -23.652072 ], [ -46.75174, -23.652039 ], [ -46.751039, -23.652466 ], [ -46.750758, -23.652586 ], [ -46.751081, -23.653154 ] ] ] } },
{ "type": "Feature", "properties": { "CD_SETOR": "355030846000554", "faces": 24, "pavimentada": 100.0, "bueiro": 45.83, "iluminacao": 100.0, "onibus": 8.33, "ciclovia": 0.0, "calcada": 33.33, "obstaculo": 100.0, "rampa": 0.0, "rampa_faces": 0.0, "sem_calcada": 66.67, "sem_arvore": 79.17, "muitas_arvores": 4.17, "vao": 100.0, "V05400": 24, "V05421": 8, "V05406": 24, "V05412": 24, "V05422": 16, "V05424": 8, "V05427": 0, "V05409": 11, "V05415": 2, "V05418": 0, "V05430": 19, "V05433": 1, "criancas_0a4": 42, "em_favela": true }, "geometry": { "type": "Polygon", "coordinates": [ [ [ -46.734879, -23.644809 ], [ -46.735063, -23.645028 ], [ -46.735154, -23.645236 ], [ -46.735314, -23.645292 ], [ -46.735932, -23.646218 ], [ -46.736016, -23.646187 ], [ -46.736027, -23.646078 ], [ -46.736263, -23.646072 ], [ -46.736329, -23.645862 ], [ -46.736401, -23.645847 ], [ -46.736171, -23.645583 ], [ -46.736055, -23.645571 ], [ -46.735937, -23.645485 ], [ -46.73551, -23.64453 ], [ -46.735486, -23.644343 ], [ -46.735073, -23.644527 ], [ -46.735137, -23.644641 ], [ -46.734879, -23.644809 ] ] ] } },
{ "type": "Feature", "properties": { "CD_SETOR": "355030846000555", "faces": 34, "pavimentada": 100.0, "bueiro": 64.71, "iluminacao": 100.0, "onibus": 0.0, "ciclovia": 0.0, "calcada": 26.47, "obstaculo": 100.0, "rampa": 0.0, "rampa_faces": 0.0, "sem_calcada": 73.53, "sem_arvore": 100.0, "muitas_arvores": 0.0, "vao": 100.0, "V05400": 34, "V05421": 9, "V05406": 34, "V05412": 34, "V05422": 25, "V05424": 9, "V05427": 0, "V05409": 22, "V05415": 0, "V05418": 0, "V05430": 34, "V05433": 0, "criancas_0a4": 48, "em_favela": true }, "geometry": { "type": "Polygon", "coordinates": [ [ [ -46.735932, -23.646218 ], [ -46.735834, -23.646646 ], [ -46.736051, -23.647452 ], [ -46.736068, -23.647663 ], [ -46.736145, -23.647793 ], [ -46.736317, -23.647932 ], [ -46.736968, -23.647887 ], [ -46.736592, -23.64761 ], [ -46.736382, -23.647194 ], [ -46.736335, -23.646505 ], [ -46.736508, -23.646064 ], [ -46.736401, -23.645847 ], [ -46.736329, -23.645862 ], [ -46.736263, -23.646072 ], [ -46.736027, -23.646078 ], [ -46.736016, -23.646187 ], [ -46.735932, -23.646218 ] ] ] } },
{ "type": "Feature", "properties": { "CD_SETOR": "355030846000556", "faces": 2, "pavimentada": 100.0, "bueiro": 100.0, "iluminacao": 100.0, "onibus": 0.0, "ciclovia": 0.0, "calcada": 50.0, "obstaculo": 100.0, "rampa": 0.0, "rampa_faces": 0.0, "sem_calcada": 50.0, "sem_arvore": 50.0, "muitas_arvores": 0.0, "vao": 100.0, "V05400": 2, "V05421": 1, "V05406": 2, "V05412": 2, "V05422": 1, "V05424": 1, "V05427": 0, "V05409": 2, "V05415": 0, "V05418": 0, "V05430": 1, "V05433": 0, "criancas_0a4": 30, "em_favela": true }, "geometry": { "type": "Polygon", "coordinates": [ [ [ -46.741077, -23.660649 ], [ -46.741252, -23.660632 ], [ -46.741266, -23.660201 ], [ -46.740715, -23.659476 ], [ -46.740533, -23.658599 ], [ -46.740538, -23.658437 ], [ -46.740439, -23.658397 ], [ -46.740205, -23.658457 ], [ -46.740042, -23.658734 ], [ -46.740301, -23.659357 ], [ -46.740457, -23.659284 ], [ -46.741077, -23.660649 ] ] ] } },
{ "type": "Feature", "properties": { "CD_SETOR": "355030846000557", "faces": 10, "pavimentada": 100.0, "bueiro": 30.0, "iluminacao": 90.0, "onibus": 10.0, "ciclovia": 0.0, "calcada": 30.0, "obstaculo": 100.0, "rampa": 0.0, "rampa_faces": 0.0, "sem_calcada": 70.0, "sem_arvore": 90.0, "muitas_arvores": 0.0, "vao": 100.0, "V05400": 10, "V05421": 3, "V05406": 10, "V05412": 9, "V05422": 7, "V05424": 3, "V05427": 0, "V05409": 3, "V05415": 1, "V05418": 0, "V05430": 9, "V05433": 0, "criancas_0a4": 50, "em_favela": true }, "geometry": { "type": "Polygon", "coordinates": [ [ [ -46.741389, -23.660615 ], [ -46.741077, -23.660649 ], [ -46.741135, -23.660781 ], [ -46.740001, -23.660851 ], [ -46.740029, -23.661036 ], [ -46.740353, -23.661051 ], [ -46.740806, -23.661196 ], [ -46.741117, -23.661206 ], [ -46.741398, -23.661158 ], [ -46.741556, -23.661464 ], [ -46.741747, -23.661248 ], [ -46.741799, -23.661107 ], [ -46.74181, -23.660711 ], [ -46.741389, -23.660615 ] ] ] } },
{ "type": "Feature", "properties": { "CD_SETOR": "355030846000558", "faces": 7, "pavimentada": 100.0, "bueiro": 57.14, "iluminacao": 71.43, "onibus": 0.0, "ciclovia": 0.0, "calcada": 57.14, "obstaculo": 100.0, "rampa": 0.0, "rampa_faces": 0.0, "sem_calcada": 42.86, "sem_arvore": 71.43, "muitas_arvores": 0.0, "vao": 100.0, "V05400": 7, "V05421": 4, "V05406": 7, "V05412": 5, "V05422": 3, "V05424": 4, "V05427": 0, "V05409": 4, "V05415": 0, "V05418": 0, "V05430": 5, "V05433": 0, "criancas_0a4": 49, "em_favela": true }, "geometry": { "type": "Polygon", "coordinates": [ [ [ -46.740031, -23.661615 ], [ -46.740955, -23.661753 ], [ -46.741153, -23.661723 ], [ -46.741556, -23.661464 ], [ -46.741398, -23.661158 ], [ -46.741117, -23.661206 ], [ -46.740806, -23.661196 ], [ -46.740353, -23.661051 ], [ -46.740029, -23.661036 ], [ -46.740031, -23.661615 ] ] ] } },
{ "type": "Feature", "properties": { "CD_SETOR": "355030846000559", "faces": 3, "pavimentada": 100.0, "bueiro": 33.33, "iluminacao": 66.67, "onibus": 0.0, "ciclovia": 0.0, "calcada": 66.67, "obstaculo": 100.0, "rampa": 0.0, "rampa_faces": 0.0, "sem_calcada": 33.33, "sem_arvore": 66.67, "muitas_arvores": 0.0, "vao": 100.0, "V05400": 3, "V05421": 2, "V05406": 3, "V05412": 2, "V05422": 1, "V05424": 2, "V05427": 0, "V05409": 1, "V05415": 0, "V05418": 0, "V05430": 2, "V05433": 0, "criancas_0a4": 23, "em_favela": false }, "geometry": { "type": "Polygon", "coordinates": [ [ [ -46.754131, -23.658191 ], [ -46.754387, -23.658289 ], [ -46.754517, -23.657598 ], [ -46.75484, -23.657125 ], [ -46.754246, -23.656797 ], [ -46.753831, -23.657696 ], [ -46.753927, -23.657978 ], [ -46.754131, -23.658191 ] ] ] } },
{ "type": "Feature", "properties": { "CD_SETOR": "355030846000560", "faces": 6, "pavimentada": 100.0, "bueiro": 33.33, "iluminacao": 100.0, "onibus": 0.0, "ciclovia": 0.0, "calcada": 66.67, "obstaculo": 100.0, "rampa": 0.0, "rampa_faces": 0.0, "sem_calcada": 33.33, "sem_arvore": 83.33, "muitas_arvores": 0.0, "vao": 100.0, "V05400": 6, "V05421": 4, "V05406": 6, "V05412": 6, "V05422": 2, "V05424": 4, "V05427": 0, "V05409": 2, "V05415": 0, "V05418": 0, "V05430": 5, "V05433": 0, "criancas_0a4": 21, "em_favela": true }, "geometry": { "type": "Polygon", "coordinates": [ [ [ -46.753814, -23.658607 ], [ -46.753917, -23.658706 ], [ -46.753917, -23.658838 ], [ -46.753871, -23.659213 ], [ -46.753765, -23.659547 ], [ -46.754183, -23.659624 ], [ -46.75434, -23.658888 ], [ -46.754387, -23.658289 ], [ -46.754131, -23.658191 ], [ -46.753814, -23.658607 ] ] ] } },
{ "type": "Feature", "properties": { "CD_SETOR": "355030846000561", "faces": 8, "pavimentada": 100.0, "bueiro": 37.5, "iluminacao": 100.0, "onibus": 0.0, "ciclovia": 0.0, "calcada": 37.5, "obstaculo": 100.0, "rampa": 0.0, "rampa_faces": 0.0, "sem_calcada": 62.5, "sem_arvore": 87.5, "muitas_arvores": 12.5, "vao": 100.0, "V05400": 8, "V05421": 3, "V05406": 8, "V05412": 8, "V05422": 5, "V05424": 3, "V05427": 0, "V05409": 3, "V05415": 0, "V05418": 0, "V05430": 7, "V05433": 1, "criancas_0a4": 24, "em_favela": true }, "geometry": { "type": "Polygon", "coordinates": [ [ [ -46.755183, -23.655642 ], [ -46.755476, -23.656044 ], [ -46.755687, -23.656536 ], [ -46.755546, -23.657159 ], [ -46.755818, -23.657502 ], [ -46.756559, -23.657076 ], [ -46.756337, -23.656769 ], [ -46.756387, -23.656683 ], [ -46.755649, -23.655416 ], [ -46.755183, -23.655642 ] ] ] } },
{ "type": "Feature", "properties": { "CD_SETOR": "355030846000562", "faces": 8, "pavimentada": 75.0, "bueiro": 62.5, "iluminacao": 62.5, "onibus": 0.0, "ciclovia": 0.0, "calcada": 62.5, "obstaculo": 80.0, "rampa": 0.0, "rampa_faces": 0.0, "sem_calcada": 37.5, "sem_arvore": 87.5, "muitas_arvores": 0.0, "vao": 75.0, "V05400": 8, "V05421": 5, "V05406": 6, "V05412": 5, "V05422": 3, "V05424": 4, "V05427": 0, "V05409": 5, "V05415": 0, "V05418": 0, "V05430": 7, "V05433": 0, "criancas_0a4": 34, "em_favela": true }, "geometry": { "type": "Polygon", "coordinates": [ [ [ -46.754339, -23.65649 ], [ -46.754246, -23.656797 ], [ -46.75484, -23.657125 ], [ -46.755496, -23.65613 ], [ -46.755476, -23.656044 ], [ -46.755183, -23.655642 ], [ -46.754708, -23.655929 ], [ -46.754339, -23.65649 ] ] ] } },
{ "type": "Feature", "properties": { "CD_SETOR": "355030846000563", "faces": 9, "pavimentada": 100.0, "bueiro": 44.44, "iluminacao": 100.0, "onibus": 0.0, "ciclovia": 0.0, "calcada": 66.67, "obstaculo": 100.0, "rampa": 0.0, "rampa_faces": 0.0, "sem_calcada": 33.33, "sem_arvore": 66.67, "muitas_arvores": 0.0, "vao": 100.0, "V05400": 9, "V05421": 6, "V05406": 9, "V05412": 9, "V05422": 3, "V05424": 6, "V05427": 0, "V05409": 4, "V05415": 0, "V05418": 0, "V05430": 6, "V05433": 0, "criancas_0a4": 30, "em_favela": true }, "geometry": { "type": "Polygon", "coordinates": [ [ [ -46.75252, -23.660818 ], [ -46.752199, -23.661379 ], [ -46.752238, -23.661523 ], [ -46.752575, -23.661332 ], [ -46.752675, -23.661191 ], [ -46.753682, -23.660621 ], [ -46.754028, -23.660345 ], [ -46.754183, -23.659624 ], [ -46.753765, -23.659547 ], [ -46.753197, -23.660507 ], [ -46.75252, -23.660818 ] ] ] } },
{ "type": "Feature", "properties": { "CD_SETOR": "355030846000564", "faces": 4, "pavimentada": 100.0, "bueiro": 50.0, "iluminacao": 100.0, "onibus": 50.0, "ciclovia": 25.0, "calcada": 100.0, "obstaculo": 100.0, "rampa": 0.0, "rampa_faces": 0.0, "sem_calcada": 0.0, "sem_arvore": 75.0, "muitas_arvores": 25.0, "vao": 100.0, "V05400": 4, "V05421": 4, "V05406": 4, "V05412": 4, "V05422": 0, "V05424": 4, "V05427": 0, "V05409": 2, "V05415": 2, "V05418": 1, "V05430": 3, "V05433": 1, "criancas_0a4": 0, "em_favela": false }, "geometry": { "type": "Polygon", "coordinates": [ [ [ -46.752238, -23.661523 ], [ -46.75208, -23.661897 ], [ -46.752522, -23.661887 ], [ -46.752862, -23.661763 ], [ -46.753809, -23.661243 ], [ -46.754028, -23.660345 ], [ -46.753682, -23.660621 ], [ -46.752675, -23.661191 ], [ -46.752575, -23.661332 ], [ -46.752238, -23.661523 ] ] ] } },
{ "type": "Feature", "properties": { "CD_SETOR": "355030846000566", "faces": 1, "pavimentada": 100.0, "bueiro": 0.0, "iluminacao": 100.0, "onibus": 0.0, "ciclovia": 100.0, "calcada": 100.0, "obstaculo": 0.0, "rampa": 0.0, "rampa_faces": 0.0, "sem_calcada": 0.0, "sem_arvore": 0.0, "muitas_arvores": 0.0, "vao": 100.0, "V05400": 1, "V05421": 1, "V05406": 1, "V05412": 1, "V05422": 0, "V05424": 0, "V05427": 0, "V05409": 0, "V05415": 0, "V05418": 1, "V05430": 0, "V05433": 0, "criancas_0a4": 31, "em_favela": false }, "geometry": { "type": "Polygon", "coordinates": [ [ [ -46.726415, -23.662757 ], [ -46.727434, -23.66256 ], [ -46.727356, -23.662273 ], [ -46.726228, -23.662541 ], [ -46.726415, -23.662757 ] ] ] } },
{ "type": "Feature", "properties": { "CD_SETOR": "355030846000567", "faces": 1, "pavimentada": 100.0, "bueiro": 0.0, "iluminacao": 100.0, "onibus": 0.0, "ciclovia": 100.0, "calcada": 100.0, "obstaculo": 0.0, "rampa": 0.0, "rampa_faces": 0.0, "sem_calcada": 0.0, "sem_arvore": 100.0, "muitas_arvores": 0.0, "vao": 100.0, "V05400": 1, "V05421": 1, "V05406": 1, "V05412": 1, "V05422": 0, "V05424": 0, "V05427": 0, "V05409": 0, "V05415": 0, "V05418": 1, "V05430": 1, "V05433": 0, "criancas_0a4": 42, "em_favela": false }, "geometry": { "type": "Polygon", "coordinates": [ [ [ -46.727356, -23.662273 ], [ -46.727434, -23.66256 ], [ -46.728273, -23.662409 ], [ -46.72823, -23.662065 ], [ -46.727356, -23.662273 ] ] ] } },
{ "type": "Feature", "properties": { "CD_SETOR": "355030846000568", "faces": 1, "pavimentada": 100.0, "bueiro": 100.0, "iluminacao": 100.0, "onibus": 0.0, "ciclovia": 100.0, "calcada": 100.0, "obstaculo": 0.0, "rampa": 0.0, "rampa_faces": 0.0, "sem_calcada": 0.0, "sem_arvore": 0.0, "muitas_arvores": 100.0, "vao": 100.0, "V05400": 1, "V05421": 1, "V05406": 1, "V05412": 1, "V05422": 0, "V05424": 0, "V05427": 0, "V05409": 1, "V05415": 0, "V05418": 1, "V05430": 0, "V05433": 1, "criancas_0a4": 37, "em_favela": false }, "geometry": { "type": "Polygon", "coordinates": [ [ [ -46.727904, -23.662471 ], [ -46.72803, -23.6632 ], [ -46.728426, -23.663323 ], [ -46.728273, -23.662409 ], [ -46.727904, -23.662471 ] ] ] } },
{ "type": "Feature", "properties": { "CD_SETOR": "355030846000569", "faces": 2, "pavimentada": 100.0, "bueiro": 100.0, "iluminacao": 100.0, "onibus": 50.0, "ciclovia": 100.0, "calcada": 100.0, "obstaculo": 0.0, "rampa": 0.0, "rampa_faces": 0.0, "sem_calcada": 0.0, "sem_arvore": 0.0, "muitas_arvores": 100.0, "vao": 100.0, "V05400": 2, "V05421": 2, "V05406": 2, "V05412": 2, "V05422": 0, "V05424": 0, "V05427": 0, "V05409": 2, "V05415": 1, "V05418": 2, "V05430": 0, "V05433": 2, "criancas_0a4": 32, "em_favela": false }, "geometry": { "type": "Polygon", "coordinates": [ [ [ -46.727434, -23.66256 ], [ -46.727581, -23.663173 ], [ -46.72803, -23.6632 ], [ -46.727904, -23.662471 ], [ -46.727434, -23.66256 ] ] ] } },
{ "type": "Feature", "properties": { "CD_SETOR": "355030846000570", "faces": 2, "pavimentada": 100.0, "bueiro": 0.0, "iluminacao": 100.0, "onibus": 100.0, "ciclovia": 100.0, "calcada": 100.0, "obstaculo": 0.0, "rampa": 100.0, "rampa_faces": 100.0, "sem_calcada": 0.0, "sem_arvore": 0.0, "muitas_arvores": 100.0, "vao": 0.0, "V05400": 2, "V05421": 2, "V05406": 2, "V05412": 2, "V05422": 0, "V05424": 0, "V05427": 2, "V05409": 0, "V05415": 2, "V05418": 2, "V05430": 0, "V05433": 2, "criancas_0a4": 37, "em_favela": false }, "geometry": { "type": "Polygon", "coordinates": [ [ [ -46.726415, -23.662757 ], [ -46.726691, -23.663024 ], [ -46.726882, -23.663137 ], [ -46.727121, -23.663202 ], [ -46.727581, -23.663173 ], [ -46.727434, -23.66256 ], [ -46.726415, -23.662757 ] ] ] } },
{ "type": "Feature", "properties": { "CD_SETOR": "355030846000572", "faces": 3, "pavimentada": 100.0, "bueiro": 33.33, "iluminacao": 100.0, "onibus": 0.0, "ciclovia": 0.0, "calcada": 33.33, "obstaculo": 100.0, "rampa": 0.0, "rampa_faces": 0.0, "sem_calcada": 66.67, "sem_arvore": 66.67, "muitas_arvores": 33.33, "vao": 100.0, "V05400": 3, "V05421": 1, "V05406": 3, "V05412": 3, "V05422": 2, "V05424": 1, "V05427": 0, "V05409": 1, "V05415": 0, "V05418": 0, "V05430": 2, "V05433": 1, "criancas_0a4": 8, "em_favela": true }, "geometry": { "type": "Polygon", "coordinates": [ [ [ -46.72912, -23.656007 ], [ -46.728832, -23.655978 ], [ -46.728741, -23.65626 ], [ -46.728619, -23.656429 ], [ -46.728745, -23.656537 ], [ -46.728958, -23.656407 ], [ -46.729181, -23.656466 ], [ -46.729333, -23.656428 ], [ -46.729672, -23.656018 ], [ -46.730306, -23.655753 ], [ -46.730153, -23.6555 ], [ -46.729229, -23.655965 ], [ -46.72912, -23.656007 ] ] ] } },
{ "type": "Feature", "properties": { "CD_SETOR": "355030846000573", "faces": 10, "pavimentada": 100.0, "bueiro": 50.0, "iluminacao": 100.0, "onibus": 0.0, "ciclovia": 0.0, "calcada": 20.0, "obstaculo": 50.0, "rampa": 0.0, "rampa_faces": 0.0, "sem_calcada": 80.0, "sem_arvore": 100.0, "muitas_arvores": 0.0, "vao": 100.0, "V05400": 10, "V05421": 2, "V05406": 10, "V05412": 10, "V05422": 8, "V05424": 1, "V05427": 0, "V05409": 5, "V05415": 0, "V05418": 0, "V05430": 10, "V05433": 0, "criancas_0a4": 27, "em_favela": true }, "geometry": { "type": "Polygon", "coordinates": [ [ [ -46.728091, -23.655259 ], [ -46.728038, -23.655375 ], [ -46.727891, -23.655466 ], [ -46.728033, -23.655704 ], [ -46.72829, -23.655948 ], [ -46.728491, -23.655936 ], [ -46.728653, -23.656057 ], [ -46.728832, -23.655978 ], [ -46.729055, -23.655976 ], [ -46.728565, -23.655165 ], [ -46.728091, -23.655259 ] ] ] } },
{ "type": "Feature", "properties": { "CD_SETOR": "355030846000575", "faces": 10, "pavimentada": 100.0, "bueiro": 30.0, "iluminacao": 100.0, "onibus": 0.0, "ciclovia": 0.0, "calcada": 60.0, "obstaculo": 100.0, "rampa": 0.0, "rampa_faces": 0.0, "sem_calcada": 40.0, "sem_arvore": 90.0, "muitas_arvores": 10.0, "vao": 100.0, "V05400": 10, "V05421": 6, "V05406": 10, "V05412": 10, "V05422": 4, "V05424": 6, "V05427": 0, "V05409": 3, "V05415": 0, "V05418": 0, "V05430": 9, "V05433": 1, "criancas_0a4": 20, "em_favela": true }, "geometry": { "type": "Polygon", "coordinates": [ [ [ -46.738844, -23.679793 ], [ -46.738716, -23.680682 ], [ -46.738826, -23.681473 ], [ -46.739273, -23.681189 ], [ -46.739283, -23.681121 ], [ -46.739131, -23.680809 ], [ -46.739115, -23.680497 ], [ -46.739215, -23.680495 ], [ -46.739206, -23.680278 ], [ -46.739558, -23.680251 ], [ -46.739579, -23.680165 ], [ -46.739709, -23.680171 ], [ -46.739751, -23.679765 ], [ -46.738844, -23.679793 ] ] ] } },
{ "type": "Feature", "properties": { "CD_SETOR": "355030846000576", "faces": 15, "pavimentada": 100.0, "bueiro": 13.33, "iluminacao": 100.0, "onibus": 6.67, "ciclovia": 0.0, "calcada": 46.67, "obstaculo": 85.71, "rampa": 0.0, "rampa_faces": 0.0, "sem_calcada": 53.33, "sem_arvore": 80.0, "muitas_arvores": 0.0, "vao": 100.0, "V05400": 15, "V05421": 7, "V05406": 15, "V05412": 15, "V05422": 8, "V05424": 6, "V05427": 0, "V05409": 2, "V05415": 1, "V05418": 0, "V05430": 12, "V05433": 0, "criancas_0a4": 30, "em_favela": true }, "geometry": { "type": "Polygon", "coordinates": [ [ [ -46.73823, -23.679532 ], [ -46.738358, -23.680149 ], [ -46.738251, -23.680905 ], [ -46.73871, -23.681522 ], [ -46.738826, -23.681473 ], [ -46.738716, -23.680682 ], [ -46.738869, -23.679648 ], [ -46.738523, -23.679321 ], [ -46.73823, -23.679532 ] ] ] } },
{ "type": "Feature", "properties": { "CD_SETOR": "355030846000577", "faces": 10, "pavimentada": 100.0, "bueiro": 10.0, "iluminacao": 100.0, "onibus": 10.0, "ciclovia": 0.0, "calcada": 10.0, "obstaculo": 100.0, "rampa": 0.0, "rampa_faces": 0.0, "sem_calcada": 90.0, "sem_arvore": 90.0, "muitas_arvores": 0.0, "vao": 100.0, "V05400": 10, "V05421": 1, "V05406": 10, "V05412": 10, "V05422": 9, "V05424": 1, "V05427": 0, "V05409": 1, "V05415": 1, "V05418": 0, "V05430": 9, "V05433": 0, "criancas_0a4": 24, "em_favela": true }, "geometry": { "type": "Polygon", "coordinates": [ [ [ -46.739688, -23.679297 ], [ -46.73965, -23.679763 ], [ -46.740287, -23.679772 ], [ -46.740362, -23.679978 ], [ -46.740403, -23.680374 ], [ -46.740305, -23.680856 ], [ -46.739962, -23.681123 ], [ -46.739884, -23.681286 ], [ -46.739846, -23.681441 ], [ -46.739941, -23.681837 ], [ -46.740078, -23.681754 ], [ -46.740057, -23.681408 ], [ -46.740409, -23.680888 ], [ -46.740623, -23.679617 ], [ -46.740285, -23.679571 ], [ -46.740297, -23.67925 ], [ -46.739836, -23.679089 ], [ -46.739787, -23.679239 ], [ -46.739688, -23.679297 ] ] ] } },
{ "type": "Feature", "properties": { "CD_SETOR": "355030846000578", "faces": 23, "pavimentada": 100.0, "bueiro": 8.7, "iluminacao": 91.3, "onibus": 0.0, "ciclovia": 0.0, "calcada": 4.35, "obstaculo": 100.0, "rampa": 0.0, "rampa_faces": 0.0, "sem_calcada": 95.65, "sem_arvore": 95.65, "muitas_arvores": 0.0, "vao": 100.0, "V05400": 23, "V05421": 1, "V05406": 23, "V05412": 21, "V05422": 22, "V05424": 1, "V05427": 0, "V05409": 2, "V05415": 0, "V05418": 0, "V05430": 22, "V05433": 0, "criancas_0a4": 29, "em_favela": true }, "geometry": { "type": "Polygon", "coordinates": [ [ [ -46.739709, -23.680171 ], [ -46.739786, -23.680329 ], [ -46.739728, -23.680667 ], [ -46.739783, -23.680924 ], [ -46.739857, -23.68089 ], [ -46.739996, -23.681102 ], [ -46.740305, -23.680856 ], [ -46.740383, -23.680566 ], [ -46.740362, -23.679978 ], [ -46.740287, -23.679772 ], [ -46.739751, -23.679765 ], [ -46.739709, -23.680171 ] ] ] } },
{ "type": "Feature", "properties": { "CD_SETOR": "355030846000579", "faces": 16, "pavimentada": 100.0, "bueiro": 6.25, "iluminacao": 75.0, "onibus": 0.0, "ciclovia": 0.0, "calcada": 6.25, "obstaculo": 100.0, "rampa": 0.0, "rampa_faces": 0.0, "sem_calcada": 93.75, "sem_arvore": 100.0, "muitas_arvores": 0.0, "vao": 100.0, "V05400": 16, "V05421": 1, "V05406": 16, "V05412": 12, "V05422": 15, "V05424": 1, "V05427": 0, "V05409": 1, "V05415": 0, "V05418": 0, "V05430": 16, "V05433": 0, "criancas_0a4": 47, "em_favela": true }, "geometry": { "type": "Polygon", "coordinates": [ [ [ -46.738826, -23.681473 ], [ -46.739735, -23.681169 ], [ -46.739846, -23.681441 ], [ -46.739996, -23.681102 ], [ -46.739857, -23.68089 ], [ -46.739783, -23.680924 ], [ -46.739728, -23.680667 ], [ -46.739786, -23.680329 ], [ -46.739709, -23.680171 ], [ -46.739579, -23.680165 ], [ -46.739558, -23.680251 ], [ -46.739206, -23.680278 ], [ -46.739215, -23.680495 ], [ -46.739115, -23.680497 ], [ -46.739115, -23.680697 ], [ -46.739273, -23.681189 ], [ -46.738826, -23.681473 ] ] ] } },
{ "type": "Feature", "properties": { "CD_SETOR": "355030846000580", "faces": 11, "pavimentada": 100.0, "bueiro": 27.27, "iluminacao": 100.0, "onibus": 18.18, "ciclovia": 0.0, "calcada": 45.45, "obstaculo": 100.0, "rampa": 0.0, "rampa_faces": 0.0, "sem_calcada": 54.55, "sem_arvore": 90.91, "muitas_arvores": 0.0, "vao": 100.0, "V05400": 11, "V05421": 5, "V05406": 11, "V05412": 11, "V05422": 6, "V05424": 5, "V05427": 0, "V05409": 3, "V05415": 2, "V05418": 0, "V05430": 10, "V05433": 0, "criancas_0a4": 18, "em_favela": true }, "geometry": { "type": "Polygon", "coordinates": [ [ [ -46.750725, -23.655595 ], [ -46.751165, -23.656128 ], [ -46.751186, -23.656212 ], [ -46.751024, -23.656338 ], [ -46.750796, -23.656356 ], [ -46.750598, -23.656624 ], [ -46.750878, -23.656858 ], [ -46.751416, -23.656307 ], [ -46.751575, -23.656076 ], [ -46.751576, -23.655938 ], [ -46.750863, -23.65548 ], [ -46.750725, -23.655595 ] ] ] } },
{ "type": "Feature", "properties": { "CD_SETOR": "355030846000581", "faces": 5, "pavimentada": 100.0, "bueiro": 20.0, "iluminacao": 100.0, "onibus": 0.0, "ciclovia": 0.0, "calcada": 20.0, "obstaculo": 100.0, "rampa": 0.0, "rampa_faces": 0.0, "sem_calcada": 80.0, "sem_arvore": 100.0, "muitas_arvores": 0.0, "vao": 100.0, "V05400": 5, "V05421": 1, "V05406": 5, "V05412": 5, "V05422": 4, "V05424": 1, "V05427": 0, "V05409": 1, "V05415": 0, "V05418": 0, "V05430": 5, "V05433": 0, "criancas_0a4": 30, "em_favela": true }, "geometry": { "type": "Polygon", "coordinates": [ [ [ -46.749661, -23.656589 ], [ -46.750065, -23.656705 ], [ -46.750145, -23.656681 ], [ -46.750205, -23.656551 ], [ -46.750568, -23.656669 ], [ -46.750729, -23.656468 ], [ -46.750698, -23.656439 ], [ -46.750796, -23.656356 ], [ -46.751129, -23.656288 ], [ -46.751186, -23.656212 ], [ -46.751165, -23.656128 ], [ -46.750725, -23.655595 ], [ -46.750021, -23.656075 ], [ -46.749731, -23.656217 ], [ -46.749662, -23.656333 ], [ -46.749661, -23.656589 ] ] ] } },
{ "type": "Feature", "properties": { "CD_SETOR": "355030846000582", "faces": 16, "pavimentada": 100.0, "bueiro": 31.25, "iluminacao": 100.0, "onibus": 12.5, "ciclovia": 0.0, "calcada": 37.5, "obstaculo": 100.0, "rampa": 0.0, "rampa_faces": 0.0, "sem_calcada": 62.5, "sem_arvore": 93.75, "muitas_arvores": 0.0, "vao": 100.0, "V05400": 16, "V05421": 6, "V05406": 16, "V05412": 16, "V05422": 10, "V05424": 6, "V05427": 0, "V05409": 5, "V05415": 2, "V05418": 0, "V05430": 15, "V05433": 0, "criancas_0a4": 31, "em_favela": true }, "geometry": { "type": "Polygon", "coordinates": [ [ [ -46.749661, -23.656589 ], [ -46.749623, -23.656799 ], [ -46.749341, -23.657137 ], [ -46.749459, -23.657252 ], [ -46.749368, -23.657325 ], [ -46.749444, -23.657401 ], [ -46.74939, -23.657456 ], [ -46.749665, -23.657674 ], [ -46.74984, -23.657643 ], [ -46.749953, -23.657681 ], [ -46.750119, -23.657833 ], [ -46.75027, -23.657784 ], [ -46.750542, -23.657221 ], [ -46.750878, -23.656858 ], [ -46.750598, -23.656624 ], [ -46.750568, -23.656669 ], [ -46.750205, -23.656551 ], [ -46.750145, -23.656681 ], [ -46.750065, -23.656705 ], [ -46.749661, -23.656589 ] ] ] } },
{ "type": "Feature", "properties": { "CD_SETOR": "355030846000583", "faces": 19, "pavimentada": 100.0, "bueiro": 10.53, "iluminacao": 100.0, "onibus": 5.26, "ciclovia": 0.0, "calcada": 26.32, "obstaculo": 100.0, "rampa": 0.0, "rampa_faces": 0.0, "sem_calcada": 73.68, "sem_arvore": 94.74, "muitas_arvores": 0.0, "vao": 100.0, "V05400": 19, "V05421": 5, "V05406": 19, "V05412": 19, "V05422": 14, "V05424": 5, "V05427": 0, "V05409": 2, "V05415": 1, "V05418": 0, "V05430": 18, "V05433": 0, "criancas_0a4": 63, "em_favela": true }, "geometry": { "type": "Polygon", "coordinates": [ [ [ -46.748013, -23.657977 ], [ -46.747547, -23.657961 ], [ -46.746929, -23.65817 ], [ -46.746913, -23.65861 ], [ -46.747133, -23.658607 ], [ -46.748001, -23.658288 ], [ -46.748365, -23.658219 ], [ -46.749182, -23.658516 ], [ -46.749365, -23.658288 ], [ -46.749647, -23.658051 ], [ -46.749462, -23.65797 ], [ -46.749195, -23.657967 ], [ -46.748929, -23.657828 ], [ -46.748868, -23.658109 ], [ -46.748013, -23.657977 ] ] ] } },
{ "type": "Feature", "properties": { "CD_SETOR": "355030846000584", "faces": 13, "pavimentada": 100.0, "bueiro": 0.0, "iluminacao": 100.0, "onibus": 0.0, "ciclovia": 0.0, "calcada": 15.38, "obstaculo": 100.0, "rampa": 0.0, "rampa_faces": 0.0, "sem_calcada": 84.62, "sem_arvore": 100.0, "muitas_arvores": 0.0, "vao": 100.0, "V05400": 13, "V05421": 2, "V05406": 13, "V05412": 13, "V05422": 11, "V05424": 2, "V05427": 0, "V05409": 0, "V05415": 0, "V05418": 0, "V05430": 13, "V05433": 0, "criancas_0a4": 55, "em_favela": true }, "geometry": { "type": "Polygon", "coordinates": [ [ [ -46.747566, -23.658469 ], [ -46.747689, -23.658597 ], [ -46.747835, -23.658655 ], [ -46.748049, -23.65904 ], [ -46.748096, -23.65899 ], [ -46.748201, -23.659115 ], [ -46.748559, -23.658983 ], [ -46.748558, -23.659032 ], [ -46.748758, -23.659031 ], [ -46.748765, -23.658968 ], [ -46.748914, -23.659045 ], [ -46.749182, -23.658516 ], [ -46.748365, -23.658219 ], [ -46.748001, -23.658288 ], [ -46.747566, -23.658469 ] ] ] } },
{ "type": "Feature", "properties": { "CD_SETOR": "355030846000585", "faces": 15, "pavimentada": 100.0, "bueiro": 53.33, "iluminacao": 100.0, "onibus": 13.33, "ciclovia": 0.0, "calcada": 13.33, "obstaculo": 100.0, "rampa": 0.0, "rampa_faces": 0.0, "sem_calcada": 86.67, "sem_arvore": 100.0, "muitas_arvores": 0.0, "vao": 100.0, "V05400": 15, "V05421": 2, "V05406": 15, "V05412": 15, "V05422": 13, "V05424": 2, "V05427": 0, "V05409": 8, "V05415": 2, "V05418": 0, "V05430": 15, "V05433": 0, "criancas_0a4": 37, "em_favela": true }, "geometry": { "type": "Polygon", "coordinates": [ [ [ -46.746913, -23.65861 ], [ -46.746873, -23.659593 ], [ -46.747229, -23.659485 ], [ -46.747523, -23.659276 ], [ -46.748049, -23.65904 ], [ -46.747835, -23.658655 ], [ -46.747689, -23.658597 ], [ -46.747566, -23.658469 ], [ -46.747133, -23.658607 ], [ -46.746913, -23.65861 ] ] ] } },
{ "type": "Feature", "properties": { "CD_SETOR": "355030846000586", "faces": 17, "pavimentada": 100.0, "bueiro": 23.53, "iluminacao": 82.35, "onibus": 0.0, "ciclovia": 0.0, "calcada": 11.76, "obstaculo": 100.0, "rampa": 0.0, "rampa_faces": 0.0, "sem_calcada": 88.24, "sem_arvore": 94.12, "muitas_arvores": 0.0, "vao": 100.0, "V05400": 17, "V05421": 2, "V05406": 17, "V05412": 14, "V05422": 15, "V05424": 2, "V05427": 0, "V05409": 4, "V05415": 0, "V05418": 0, "V05430": 16, "V05433": 0, "criancas_0a4": 55, "em_favela": true }, "geometry": { "type": "Polygon", "coordinates": [ [ [ -46.748096, -23.65899 ], [ -46.747523, -23.659276 ], [ -46.747292, -23.659448 ], [ -46.747341, -23.659602 ], [ -46.747473, -23.659656 ], [ -46.747689, -23.65985 ], [ -46.747951, -23.659914 ], [ -46.748022, -23.65999 ], [ -46.748277, -23.659732 ], [ -46.748391, -23.65971 ], [ -46.748498, -23.659574 ], [ -46.748569, -23.659348 ], [ -46.748814, -23.659322 ], [ -46.748914, -23.659045 ], [ -46.748765, -23.658968 ], [ -46.748758, -23.659031 ], [ -46.748558, -23.659032 ], [ -46.748559, -23.658983 ], [ -46.748201, -23.659115 ], [ -46.748096, -23.65899 ] ] ] } },
{ "type": "Feature", "properties": { "CD_SETOR": "355030846000587", "faces": 15, "pavimentada": 86.67, "bueiro": 13.33, "iluminacao": 86.67, "onibus": 0.0, "ciclovia": 0.0, "calcada": 6.67, "obstaculo": 100.0, "rampa": 0.0, "rampa_faces": 0.0, "sem_calcada": 93.33, "sem_arvore": 100.0, "muitas_arvores": 0.0, "vao": 86.67, "V05400": 15, "V05421": 1, "V05406": 13, "V05412": 13, "V05422": 14, "V05424": 1, "V05427": 0, "V05409": 2, "V05415": 0, "V05418": 0, "V05430": 15, "V05433": 0, "criancas_0a4": 14, "em_favela": true }, "geometry": { "type": "Polygon", "coordinates": [ [ [ -46.746873, -23.659593 ], [ -46.746838, -23.660071 ], [ -46.747119, -23.660125 ], [ -46.747583, -23.660422 ], [ -46.748022, -23.65999 ], [ -46.747951, -23.659914 ], [ -46.747689, -23.65985 ], [ -46.747473, -23.659656 ], [ -46.747341, -23.659602 ], [ -46.747292, -23.659448 ], [ -46.746873, -23.659593 ] ] ] } },
{ "type": "Feature", "properties": { "CD_SETOR": "355030846000589", "faces": 3, "pavimentada": 100.0, "bueiro": 66.67, "iluminacao": 100.0, "onibus": 0.0, "ciclovia": 0.0, "calcada": 100.0, "obstaculo": 100.0, "rampa": 0.0, "rampa_faces": 0.0, "sem_calcada": 0.0, "sem_arvore": 33.33, "muitas_arvores": 66.67, "vao": 100.0, "V05400": 3, "V05421": 3, "V05406": 3, "V05412": 3, "V05422": 0, "V05424": 3, "V05427": 0, "V05409": 2, "V05415": 0, "V05418": 0, "V05430": 1, "V05433": 2, "criancas_0a4": 19, "em_favela": false }, "geometry": { "type": "Polygon", "coordinates": [ [ [ -46.732794, -23.661829 ], [ -46.732352, -23.663106 ], [ -46.732593, -23.663204 ], [ -46.732801, -23.6632 ], [ -46.73334, -23.661737 ], [ -46.733359, -23.661463 ], [ -46.732794, -23.661829 ] ] ] } },
{ "type": "Feature", "properties": { "CD_SETOR": "355030846000590", "faces": 6, "pavimentada": 100.0, "bueiro": 0.0, "iluminacao": 100.0, "onibus": 0.0, "ciclovia": 0.0, "calcada": 0.0, "obstaculo": null, "rampa": null, "rampa_faces": 0.0, "sem_calcada": 100.0, "sem_arvore": 66.67, "muitas_arvores": 0.0, "vao": 100.0, "V05400": 6, "V05421": 0, "V05406": 6, "V05412": 6, "V05422": 6, "V05424": 0, "V05427": 0, "V05409": 0, "V05415": 0, "V05418": 0, "V05430": 4, "V05433": 0, "criancas_0a4": 23, "em_favela": true }, "geometry": { "type": "Polygon", "coordinates": [ [ [ -46.731765, -23.663892 ], [ -46.732144, -23.664168 ], [ -46.732575, -23.66403 ], [ -46.732655, -23.66394 ], [ -46.732579, -23.663792 ], [ -46.732645, -23.66374 ], [ -46.732577, -23.663663 ], [ -46.732685, -23.663573 ], [ -46.732697, -23.663463 ], [ -46.732764, -23.66343 ], [ -46.732801, -23.6632 ], [ -46.732593, -23.663204 ], [ -46.732352, -23.663106 ], [ -46.731765, -23.663892 ] ] ] } },
{ "type": "Feature", "properties": { "CD_SETOR": "355030846000592", "faces": 7, "pavimentada": 100.0, "bueiro": 28.57, "iluminacao": 100.0, "onibus": 0.0, "ciclovia": 0.0, "calcada": 14.29, "obstaculo": 100.0, "rampa": 0.0, "rampa_faces": 0.0, "sem_calcada": 85.71, "sem_arvore": 85.71, "muitas_arvores": 0.0, "vao": 100.0, "V05400": 7, "V05421": 1, "V05406": 7, "V05412": 7, "V05422": 6, "V05424": 1, "V05427": 0, "V05409": 2, "V05415": 0, "V05418": 0, "V05430": 6, "V05433": 0, "criancas_0a4": 17, "em_favela": true }, "geometry": { "type": "Polygon", "coordinates": [ [ [ -46.732944, -23.662798 ], [ -46.732764, -23.66343 ], [ -46.732697, -23.663463 ], [ -46.732685, -23.663573 ], [ -46.732577, -23.663663 ], [ -46.732645, -23.66374 ], [ -46.732579, -23.663792 ], [ -46.732646, -23.663975 ], [ -46.732993, -23.664157 ], [ -46.733276, -23.664017 ], [ -46.733267, -23.663928 ], [ -46.733186, -23.663881 ], [ -46.733192, -23.663716 ], [ -46.733378, -23.663421 ], [ -46.733298, -23.663166 ], [ -46.733228, -23.663092 ], [ -46.733491, -23.662901 ], [ -46.733254, -23.662794 ], [ -46.73312, -23.66284 ], [ -46.732944, -23.662798 ] ] ] } },
{ "type": "Feature", "properties": { "CD_SETOR": "355030846000593", "faces": 5, "pavimentada": 100.0, "bueiro": 40.0, "iluminacao": 100.0, "onibus": 20.0, "ciclovia": 0.0, "calcada": 60.0, "obstaculo": 33.33, "rampa": 0.0, "rampa_faces": 0.0, "sem_calcada": 40.0, "sem_arvore": 60.0, "muitas_arvores": 40.0, "vao": 100.0, "V05400": 5, "V05421": 3, "V05406": 5, "V05412": 5, "V05422": 2, "V05424": 1, "V05427": 0, "V05409": 2, "V05415": 1, "V05418": 0, "V05430": 3, "V05433": 2, "criancas_0a4": 31, "em_favela": false }, "geometry": { "type": "Polygon", "coordinates": [ [ [ -46.740008, -23.660904 ], [ -46.739688, -23.659482 ], [ -46.739292, -23.659119 ], [ -46.739031, -23.659002 ], [ -46.738686, -23.658944 ], [ -46.738589, -23.659774 ], [ -46.738851, -23.659983 ], [ -46.739144, -23.660831 ], [ -46.739199, -23.661269 ], [ -46.739589, -23.661306 ], [ -46.740008, -23.660904 ] ] ] } },
{ "type": "Feature", "properties": { "CD_SETOR": "355030846000595", "faces": 8, "pavimentada": 100.0, "bueiro": 37.5, "iluminacao": 100.0, "onibus": 25.0, "ciclovia": 0.0, "calcada": 100.0, "obstaculo": 100.0, "rampa": 0.0, "rampa_faces": 0.0, "sem_calcada": 0.0, "sem_arvore": 37.5, "muitas_arvores": 12.5, "vao": 100.0, "V05400": 8, "V05421": 8, "V05406": 8, "V05412": 8, "V05422": 0, "V05424": 8, "V05427": 0, "V05409": 3, "V05415": 2, "V05418": 0, "V05430": 3, "V05433": 1, "criancas_0a4": 18, "em_favela": false }, "geometry": { "type": "Polygon", "coordinates": [ [ [ -46.736279, -23.661199 ], [ -46.73616, -23.661644 ], [ -46.736779, -23.66224 ], [ -46.73685, -23.662482 ], [ -46.737033, -23.662441 ], [ -46.73732, -23.661867 ], [ -46.73753, -23.661966 ], [ -46.737926, -23.662053 ], [ -46.736955, -23.659611 ], [ -46.736966, -23.659192 ], [ -46.737191, -23.658744 ], [ -46.736837, -23.658529 ], [ -46.736484, -23.65823 ], [ -46.736609, -23.65846 ], [ -46.736515, -23.660019 ], [ -46.736754, -23.660083 ], [ -46.73682, -23.660153 ], [ -46.73739, -23.661653 ], [ -46.736279, -23.661199 ] ] ] } },
{ "type": "Feature", "properties": { "CD_SETOR": "355030846000598", "faces": 9, "pavimentada": 100.0, "bueiro": 22.22, "iluminacao": 100.0, "onibus": 0.0, "ciclovia": 0.0, "calcada": 11.11, "obstaculo": 100.0, "rampa": 0.0, "rampa_faces": 0.0, "sem_calcada": 88.89, "sem_arvore": 88.89, "muitas_arvores": 0.0, "vao": 100.0, "V05400": 9, "V05421": 1, "V05406": 9, "V05412": 9, "V05422": 8, "V05424": 1, "V05427": 0, "V05409": 2, "V05415": 0, "V05418": 0, "V05430": 8, "V05433": 0, "criancas_0a4": 45, "em_favela": true }, "geometry": { "type": "Polygon", "coordinates": [ [ [ -46.728379, -23.659123 ], [ -46.728402, -23.660144 ], [ -46.728595, -23.66007 ], [ -46.728646, -23.659961 ], [ -46.728729, -23.659924 ], [ -46.729077, -23.660066 ], [ -46.729384, -23.659526 ], [ -46.729537, -23.659414 ], [ -46.729381, -23.659202 ], [ -46.729275, -23.658757 ], [ -46.728981, -23.658831 ], [ -46.72872, -23.659138 ], [ -46.728682, -23.659136 ], [ -46.728643, -23.658898 ], [ -46.728339, -23.659089 ], [ -46.728379, -23.659123 ] ] ] } },
{ "type": "Feature", "properties": { "CD_SETOR": "355030846000600", "faces": 11, "pavimentada": 100.0, "bueiro": 72.73, "iluminacao": 63.64, "onibus": 0.0, "ciclovia": 0.0, "calcada": 54.55, "obstaculo": 100.0, "rampa": 0.0, "rampa_faces": 0.0, "sem_calcada": 45.45, "sem_arvore": 63.64, "muitas_arvores": 36.36, "vao": 100.0, "V05400": 11, "V05421": 6, "V05406": 11, "V05412": 7, "V05422": 5, "V05424": 6, "V05427": 0, "V05409": 8, "V05415": 0, "V05418": 0, "V05430": 7, "V05433": 4, "criancas_0a4": 32, "em_favela": false }, "geometry": { "type": "Polygon", "coordinates": [ [ [ -46.742126, -23.682165 ], [ -46.741775, -23.683055 ], [ -46.741939, -23.682915 ], [ -46.742635, -23.682997 ], [ -46.743365, -23.683337 ], [ -46.742948, -23.682757 ], [ -46.743003, -23.682626 ], [ -46.742797, -23.682652 ], [ -46.742918, -23.682186 ], [ -46.743097, -23.681816 ], [ -46.743314, -23.681503 ], [ -46.74266, -23.681171 ], [ -46.742126, -23.682165 ] ] ] } },
{ "type": "Feature", "properties": { "CD_SETOR": "355030846000601", "faces": 13, "pavimentada": 92.31, "bueiro": 61.54, "iluminacao": 84.62, "onibus": 0.0, "ciclovia": 0.0, "calcada": 84.62, "obstaculo": 100.0, "rampa": 0.0, "rampa_faces": 0.0, "sem_calcada": 7.69, "sem_arvore": 23.08, "muitas_arvores": 38.46, "vao": 92.31, "V05400": 13, "V05421": 11, "V05406": 12, "V05412": 11, "V05422": 1, "V05424": 11, "V05427": 0, "V05409": 8, "V05415": 0, "V05418": 0, "V05430": 3, "V05433": 5, "criancas_0a4": 27, "em_favela": false }, "geometry": { "type": "Polygon", "coordinates": [ [ [ -46.740218, -23.681567 ], [ -46.740466, -23.681908 ], [ -46.740506, -23.682096 ], [ -46.740347, -23.682877 ], [ -46.741144, -23.682799 ], [ -46.741563, -23.683066 ], [ -46.741333, -23.68331 ], [ -46.741621, -23.683354 ], [ -46.741771, -23.683182 ], [ -46.741794, -23.682971 ], [ -46.742126, -23.682165 ], [ -46.741498, -23.68191 ], [ -46.741581, -23.681702 ], [ -46.741041, -23.681434 ], [ -46.740656, -23.681601 ], [ -46.740218, -23.681567 ] ] ] } },
{ "type": "Feature", "properties": { "CD_SETOR": "355030846000602", "faces": 4, "pavimentada": 100.0, "bueiro": 25.0, "iluminacao": 100.0, "onibus": 25.0, "ciclovia": 0.0, "calcada": 100.0, "obstaculo": 50.0, "rampa": 0.0, "rampa_faces": 0.0, "sem_calcada": 0.0, "sem_arvore": 75.0, "muitas_arvores": 25.0, "vao": 100.0, "V05400": 4, "V05421": 4, "V05406": 4, "V05412": 4, "V05422": 0, "V05424": 2, "V05427": 0, "V05409": 1, "V05415": 1, "V05418": 0, "V05430": 3, "V05433": 1, "criancas_0a4": 0, "em_favela": false }, "geometry": { "type": "Polygon", "coordinates": [ [ [ -46.740347, -23.682877 ], [ -46.740679, -23.683532 ], [ -46.741209, -23.684851 ], [ -46.741423, -23.685246 ], [ -46.742774, -23.685398 ], [ -46.743251, -23.685404 ], [ -46.743485, -23.684451 ], [ -46.74376, -23.684039 ], [ -46.74364, -23.683711 ], [ -46.743547, -23.683642 ], [ -46.743365, -23.683337 ], [ -46.742635, -23.682997 ], [ -46.741939, -23.682915 ], [ -46.741775, -23.683055 ], [ -46.741771, -23.683182 ], [ -46.741621, -23.683354 ], [ -46.741333, -23.68331 ], [ -46.741563, -23.683066 ], [ -46.741144, -23.682799 ], [ -46.740347, -23.682877 ] ] ] } },
{ "type": "Feature", "properties": { "CD_SETOR": "355030846000603", "faces": 14, "pavimentada": 100.0, "bueiro": 21.43, "iluminacao": 92.86, "onibus": 28.57, "ciclovia": 0.0, "calcada": 50.0, "obstaculo": 100.0, "rampa": 0.0, "rampa_faces": 0.0, "sem_calcada": 50.0, "sem_arvore": 28.57, "muitas_arvores": 21.43, "vao": 100.0, "V05400": 14, "V05421": 7, "V05406": 14, "V05412": 13, "V05422": 7, "V05424": 7, "V05427": 0, "V05409": 3, "V05415": 4, "V05418": 0, "V05430": 4, "V05433": 3, "criancas_0a4": 49, "em_favela": false }, "geometry": { "type": "Polygon", "coordinates": [ [ [ -46.734649, -23.660076 ], [ -46.732989, -23.660094 ], [ -46.733008, -23.660652 ], [ -46.732912, -23.660807 ], [ -46.733331, -23.661224 ], [ -46.735566, -23.661021 ], [ -46.73483, -23.659876 ], [ -46.734649, -23.660076 ] ] ] } },
{ "type": "Feature", "properties": { "CD_SETOR": "355030846000604", "faces": 3, "pavimentada": 100.0, "bueiro": 33.33, "iluminacao": 100.0, "onibus": 0.0, "ciclovia": 0.0, "calcada": 100.0, "obstaculo": 100.0, "rampa": 0.0, "rampa_faces": 0.0, "sem_calcada": 0.0, "sem_arvore": 33.33, "muitas_arvores": 0.0, "vao": 100.0, "V05400": 3, "V05421": 3, "V05406": 3, "V05412": 3, "V05422": 0, "V05424": 3, "V05427": 0, "V05409": 1, "V05415": 0, "V05418": 0, "V05430": 1, "V05433": 0, "criancas_0a4": 11, "em_favela": false }, "geometry": { "type": "Polygon", "coordinates": [ [ [ -46.734139, -23.661143 ], [ -46.733881, -23.661845 ], [ -46.734317, -23.661653 ], [ -46.735227, -23.661553 ], [ -46.735634, -23.661536 ], [ -46.73616, -23.661644 ], [ -46.73617, -23.661606 ], [ -46.736177, -23.661469 ], [ -46.735849, -23.661131 ], [ -46.735669, -23.661034 ], [ -46.73536, -23.661022 ], [ -46.734139, -23.661143 ] ] ] } },
{ "type": "Feature", "properties": { "CD_SETOR": "355030846000606", "faces": 39, "pavimentada": 56.41, "bueiro": 25.64, "iluminacao": 56.41, "onibus": 7.69, "ciclovia": 0.0, "calcada": 48.72, "obstaculo": 89.47, "rampa": 0.0, "rampa_faces": 0.0, "sem_calcada": 51.28, "sem_arvore": 10.26, "muitas_arvores": 25.64, "vao": 56.41, "V05400": 39, "V05421": 19, "V05406": 22, "V05412": 22, "V05422": 20, "V05424": 17, "V05427": 0, "V05409": 10, "V05415": 3, "V05418": 0, "V05430": 4, "V05433": 10, "criancas_0a4": 98, "em_favela": false }, "geometry": { "type": "Polygon", "coordinates": [ [ [ -46.73791, -23.686139 ], [ -46.737601, -23.686075 ], [ -46.737695, -23.686394 ], [ -46.737626, -23.686572 ], [ -46.737256, -23.687082 ], [ -46.737229, -23.687195 ], [ -46.737322, -23.687571 ], [ -46.737586, -23.687867 ], [ -46.738515, -23.688361 ], [ -46.739728, -23.689298 ], [ -46.739914, -23.689362 ], [ -46.739942, -23.689422 ], [ -46.741531, -23.689376 ], [ -46.74136, -23.689019 ], [ -46.741397, -23.688749 ], [ -46.742139, -23.687866 ], [ -46.742251, -23.687789 ], [ -46.742092, -23.68745 ], [ -46.7417, -23.686846 ], [ -46.741662, -23.686361 ], [ -46.741427, -23.686034 ], [ -46.740547, -23.685532 ], [ -46.739148, -23.685938 ], [ -46.73791, -23.686139 ] ] ] } },
{ "type": "Feature", "properties": { "CD_SETOR": "355030846000607", "faces": 8, "pavimentada": 100.0, "bueiro": 75.0, "iluminacao": 75.0, "onibus": 12.5, "ciclovia": 0.0, "calcada": 75.0, "obstaculo": 100.0, "rampa": 0.0, "rampa_faces": 0.0, "sem_calcada": 25.0, "sem_arvore": 100.0, "muitas_arvores": 0.0, "vao": 100.0, "V05400": 8, "V05421": 6, "V05406": 8, "V05412": 6, "V05422": 2, "V05424": 6, "V05427": 0, "V05409": 6, "V05415": 1, "V05418": 0, "V05430": 8, "V05433": 0, "criancas_0a4": 26, "em_favela": true }, "geometry": { "type": "Polygon", "coordinates": [ [ [ -46.742854, -23.674153 ], [ -46.7425, -23.67419 ], [ -46.742499, -23.674365 ], [ -46.741899, -23.674555 ], [ -46.741547, -23.674877 ], [ -46.74156, -23.674954 ], [ -46.741236, -23.675348 ], [ -46.741522, -23.675607 ], [ -46.741978, -23.675096 ], [ -46.742228, -23.67491 ], [ -46.742441, -23.674891 ], [ -46.742926, -23.675011 ], [ -46.742854, -23.674153 ] ] ] } },
{ "type": "Feature", "properties": { "CD_SETOR": "355030846000608", "faces": 2, "pavimentada": 100.0, "bueiro": 100.0, "iluminacao": 100.0, "onibus": 0.0, "ciclovia": 0.0, "calcada": 0.0, "obstaculo": null, "rampa": null, "rampa_faces": 0.0, "sem_calcada": 100.0, "sem_arvore": 50.0, "muitas_arvores": 0.0, "vao": 100.0, "V05400": 2, "V05421": 0, "V05406": 2, "V05412": 2, "V05422": 2, "V05424": 0, "V05427": 0, "V05409": 2, "V05415": 0, "V05418": 0, "V05430": 1, "V05433": 0, "criancas_0a4": 19, "em_favela": true }, "geometry": { "type": "Polygon", "coordinates": [ [ [ -46.739975, -23.676902 ], [ -46.740197, -23.677117 ], [ -46.740464, -23.67675 ], [ -46.741522, -23.675607 ], [ -46.741236, -23.675348 ], [ -46.740677, -23.675901 ], [ -46.740385, -23.676285 ], [ -46.740243, -23.676614 ], [ -46.739975, -23.676902 ] ] ] } },
{ "type": "Feature", "properties": { "CD_SETOR": "355030846000609", "faces": 4, "pavimentada": 100.0, "bueiro": 75.0, "iluminacao": 100.0, "onibus": 25.0, "ciclovia": 0.0, "calcada": 75.0, "obstaculo": 100.0, "rampa": 0.0, "rampa_faces": 0.0, "sem_calcada": 25.0, "sem_arvore": 25.0, "muitas_arvores": 25.0, "vao": 100.0, "V05400": 4, "V05421": 3, "V05406": 4, "V05412": 4, "V05422": 1, "V05424": 3, "V05427": 0, "V05409": 3, "V05415": 1, "V05418": 0, "V05430": 1, "V05433": 1, "criancas_0a4": 4, "em_favela": false }, "geometry": { "type": "Polygon", "coordinates": [ [ [ -46.751825, -23.653635 ], [ -46.752014, -23.654155 ], [ -46.752042, -23.654404 ], [ -46.75259, -23.654241 ], [ -46.752324, -23.65347 ], [ -46.752144, -23.653412 ], [ -46.751825, -23.653635 ] ] ] } },
{ "type": "Feature", "properties": { "CD_SETOR": "355030846000610", "faces": 7, "pavimentada": 100.0, "bueiro": 42.86, "iluminacao": 71.43, "onibus": 14.29, "ciclovia": 0.0, "calcada": 42.86, "obstaculo": 100.0, "rampa": 0.0, "rampa_faces": 0.0, "sem_calcada": 57.14, "sem_arvore": 85.71, "muitas_arvores": 0.0, "vao": 100.0, "V05400": 7, "V05421": 3, "V05406": 7, "V05412": 5, "V05422": 4, "V05424": 3, "V05427": 0, "V05409": 3, "V05415": 1, "V05418": 0, "V05430": 6, "V05433": 0, "criancas_0a4": 13, "em_favela": true }, "geometry": { "type": "Polygon", "coordinates": [ [ [ -46.752042, -23.654404 ], [ -46.751815, -23.654713 ], [ -46.752146, -23.654985 ], [ -46.752253, -23.655018 ], [ -46.752367, -23.655206 ], [ -46.752782, -23.654997 ], [ -46.7527, -23.65488 ], [ -46.75259, -23.654241 ], [ -46.752042, -23.654404 ] ] ] } },
{ "type": "Feature", "properties": { "CD_SETOR": "355030846000614", "faces": 6, "pavimentada": 66.67, "bueiro": 66.67, "iluminacao": 66.67, "onibus": 0.0, "ciclovia": 0.0, "calcada": 50.0, "obstaculo": 100.0, "rampa": 0.0, "rampa_faces": 0.0, "sem_calcada": 16.67, "sem_arvore": 50.0, "muitas_arvores": 0.0, "vao": 66.67, "V05400": 6, "V05421": 3, "V05406": 4, "V05412": 4, "V05422": 1, "V05424": 3, "V05427": 0, "V05409": 4, "V05415": 0, "V05418": 0, "V05430": 3, "V05433": 0, "criancas_0a4": 27, "em_favela": true }, "geometry": { "type": "Polygon", "coordinates": [ [ [ -46.74437, -23.689281 ], [ -46.745797, -23.689485 ], [ -46.746699, -23.690009 ], [ -46.746835, -23.689455 ], [ -46.746907, -23.689437 ], [ -46.746478, -23.689435 ], [ -46.745757, -23.689182 ], [ -46.745444, -23.689227 ], [ -46.745177, -23.68919 ], [ -46.744608, -23.688921 ], [ -46.74447, -23.68907 ], [ -46.74437, -23.689281 ] ] ] } },
{ "type": "Feature", "properties": { "CD_SETOR": "355030846000615", "faces": 8, "pavimentada": 100.0, "bueiro": 75.0, "iluminacao": 100.0, "onibus": 0.0, "ciclovia": 0.0, "calcada": 50.0, "obstaculo": 100.0, "rampa": 0.0, "rampa_faces": 0.0, "sem_calcada": 50.0, "sem_arvore": 87.5, "muitas_arvores": 0.0, "vao": 100.0, "V05400": 8, "V05421": 4, "V05406": 8, "V05412": 8, "V05422": 4, "V05424": 4, "V05427": 0, "V05409": 6, "V05415": 0, "V05418": 0, "V05430": 7, "V05433": 0, "criancas_0a4": 23, "em_favela": true }, "geometry": { "type": "Polygon", "coordinates": [ [ [ -46.744152, -23.689181 ], [ -46.74437, -23.689281 ], [ -46.74447, -23.68907 ], [ -46.744608, -23.688921 ], [ -46.744119, -23.688679 ], [ -46.743942, -23.688434 ], [ -46.743709, -23.688018 ], [ -46.743554, -23.687525 ], [ -46.74343, -23.687469 ], [ -46.743386, -23.687119 ], [ -46.743247, -23.686872 ], [ -46.743228, -23.686708 ], [ -46.74256, -23.686948 ], [ -46.742636, -23.687163 ], [ -46.743017, -23.687055 ], [ -46.743186, -23.687611 ], [ -46.743386, -23.687555 ], [ -46.7436, -23.688096 ], [ -46.744152, -23.689181 ] ] ] } },
{ "type": "Feature", "properties": { "CD_SETOR": "355030846000616", "faces": 8, "pavimentada": 100.0, "bueiro": 0.0, "iluminacao": 100.0, "onibus": 0.0, "ciclovia": 0.0, "calcada": 25.0, "obstaculo": 100.0, "rampa": 0.0, "rampa_faces": 0.0, "sem_calcada": 75.0, "sem_arvore": 100.0, "muitas_arvores": 0.0, "vao": 100.0, "V05400": 8, "V05421": 2, "V05406": 8, "V05412": 8, "V05422": 6, "V05424": 2, "V05427": 0, "V05409": 0, "V05415": 0, "V05418": 0, "V05430": 8, "V05433": 0, "criancas_0a4": 16, "em_favela": true }, "geometry": { "type": "Polygon", "coordinates": [ [ [ -46.731903, -23.66269 ], [ -46.732182, -23.662233 ], [ -46.732278, -23.662171 ], [ -46.732158, -23.662117 ], [ -46.732162, -23.662007 ], [ -46.73206, -23.661954 ], [ -46.731674, -23.661899 ], [ -46.731536, -23.662358 ], [ -46.731903, -23.66269 ] ] ] } },
{ "type": "Feature", "properties": { "CD_SETOR": "355030846000618", "faces": 29, "pavimentada": 100.0, "bueiro": 37.93, "iluminacao": 100.0, "onibus": 27.59, "ciclovia": 0.0, "calcada": 89.66, "obstaculo": 80.77, "rampa": 15.38, "rampa_faces": 13.79, "sem_calcada": 10.34, "sem_arvore": 48.28, "muitas_arvores": 6.9, "vao": 86.21, "V05400": 29, "V05421": 26, "V05406": 29, "V05412": 29, "V05422": 3, "V05424": 21, "V05427": 4, "V05409": 11, "V05415": 8, "V05418": 0, "V05430": 14, "V05433": 2, "criancas_0a4": 28, "em_favela": false }, "geometry": { "type": "Polygon", "coordinates": [ [ [ -46.733839, -23.647004 ], [ -46.734683, -23.648412 ], [ -46.734832, -23.648333 ], [ -46.73548, -23.64696 ], [ -46.735309, -23.646447 ], [ -46.735672, -23.645866 ], [ -46.735536, -23.645599 ], [ -46.735314, -23.645292 ], [ -46.735154, -23.645236 ], [ -46.735063, -23.645028 ], [ -46.734348, -23.644109 ], [ -46.733753, -23.64422 ], [ -46.732491, -23.644067 ], [ -46.731948, -23.644154 ], [ -46.732233, -23.644447 ], [ -46.732009, -23.64486 ], [ -46.732024, -23.645063 ], [ -46.732835, -23.64562 ], [ -46.733839, -23.647004 ] ] ] } },
{ "type": "Feature", "properties": { "CD_SETOR": "355030846000621", "faces": 14, "pavimentada": 100.0, "bueiro": 100.0, "iluminacao": 100.0, "onibus": 0.0, "ciclovia": 0.0, "calcada": 57.14, "obstaculo": 100.0, "rampa": 0.0, "rampa_faces": 0.0, "sem_calcada": 42.86, "sem_arvore": 35.71, "muitas_arvores": 28.57, "vao": 100.0, "V05400": 14, "V05421": 8, "V05406": 14, "V05412": 14, "V05422": 6, "V05424": 8, "V05427": 0, "V05409": 14, "V05415": 0, "V05418": 0, "V05430": 5, "V05433": 4, "criancas_0a4": 27, "em_favela": true }, "geometry": { "type": "Polygon", "coordinates": [ [ [ -46.756666, -23.663286 ], [ -46.755748, -23.663753 ], [ -46.755366, -23.664091 ], [ -46.755564, -23.66444 ], [ -46.75621, -23.664117 ], [ -46.756325, -23.664161 ], [ -46.756868, -23.663807 ], [ -46.75682, -23.66363 ], [ -46.756854, -23.663509 ], [ -46.756666, -23.663286 ] ] ] } },
{ "type": "Feature", "properties": { "CD_SETOR": "355030846000622", "faces": 20, "pavimentada": 100.0, "bueiro": 55.0, "iluminacao": 90.0, "onibus": 0.0, "ciclovia": 0.0, "calcada": 20.0, "obstaculo": 100.0, "rampa": 0.0, "rampa_faces": 0.0, "sem_calcada": 80.0, "sem_arvore": 75.0, "muitas_arvores": 10.0, "vao": 100.0, "V05400": 20, "V05421": 4, "V05406": 20, "V05412": 18, "V05422": 16, "V05424": 4, "V05427": 0, "V05409": 11, "V05415": 0, "V05418": 0, "V05430": 15, "V05433": 2, "criancas_0a4": 31, "em_favela": true }, "geometry": { "type": "Polygon", "coordinates": [ [ [ -46.756325, -23.664161 ], [ -46.75654, -23.664602 ], [ -46.75687, -23.665076 ], [ -46.757153, -23.664915 ], [ -46.757579, -23.664276 ], [ -46.757284, -23.663966 ], [ -46.756868, -23.663807 ], [ -46.756325, -23.664161 ] ] ] } },
{ "type": "Feature", "properties": { "CD_SETOR": "355030846000624", "faces": 11, "pavimentada": 100.0, "bueiro": 0.0, "iluminacao": 100.0, "onibus": 18.18, "ciclovia": 0.0, "calcada": 27.27, "obstaculo": 100.0, "rampa": 0.0, "rampa_faces": 0.0, "sem_calcada": 72.73, "sem_arvore": 63.64, "muitas_arvores": 0.0, "vao": 100.0, "V05400": 11, "V05421": 3, "V05406": 11, "V05412": 11, "V05422": 8, "V05424": 3, "V05427": 0, "V05409": 0, "V05415": 2, "V05418": 0, "V05430": 7, "V05433": 0, "criancas_0a4": 11, "em_favela": true }, "geometry": { "type": "Polygon", "coordinates": [ [ [ -46.750357, -23.672188 ], [ -46.749915, -23.671958 ], [ -46.749698, -23.672153 ], [ -46.749197, -23.672384 ], [ -46.749425, -23.672727 ], [ -46.749548, -23.672707 ], [ -46.749621, -23.672756 ], [ -46.749981, -23.672565 ], [ -46.750103, -23.672391 ], [ -46.750357, -23.672188 ] ] ] } },
{ "type": "Feature", "properties": { "CD_SETOR": "355030846000625", "faces": 7, "pavimentada": 100.0, "bueiro": 42.86, "iluminacao": 100.0, "onibus": 14.29, "ciclovia": 0.0, "calcada": 14.29, "obstaculo": 100.0, "rampa": 0.0, "rampa_faces": 0.0, "sem_calcada": 85.71, "sem_arvore": 57.14, "muitas_arvores": 14.29, "vao": 100.0, "V05400": 7, "V05421": 1, "V05406": 7, "V05412": 7, "V05422": 6, "V05424": 1, "V05427": 0, "V05409": 3, "V05415": 1, "V05418": 0, "V05430": 4, "V05433": 1, "criancas_0a4": 37, "em_favela": true }, "geometry": { "type": "Polygon", "coordinates": [ [ [ -46.728799, -23.661274 ], [ -46.728872, -23.661322 ], [ -46.728912, -23.661782 ], [ -46.729057, -23.661783 ], [ -46.72907, -23.661179 ], [ -46.729495, -23.661254 ], [ -46.729774, -23.660286 ], [ -46.729409, -23.660187 ], [ -46.729139, -23.660505 ], [ -46.729009, -23.660563 ], [ -46.728834, -23.660829 ], [ -46.728842, -23.661165 ], [ -46.728799, -23.661274 ] ] ] } },
{ "type": "Feature", "properties": { "CD_SETOR": "355030846000626", "faces": 2, "pavimentada": 100.0, "bueiro": 0.0, "iluminacao": 100.0, "onibus": 0.0, "ciclovia": 0.0, "calcada": 0.0, "obstaculo": null, "rampa": null, "rampa_faces": 0.0, "sem_calcada": 100.0, "sem_arvore": 50.0, "muitas_arvores": 0.0, "vao": 100.0, "V05400": 2, "V05421": 0, "V05406": 2, "V05412": 2, "V05422": 2, "V05424": 0, "V05427": 0, "V05409": 0, "V05415": 0, "V05418": 0, "V05430": 1, "V05433": 0, "criancas_0a4": 11, "em_favela": true }, "geometry": { "type": "Polygon", "coordinates": [ [ [ -46.728461, -23.660151 ], [ -46.728407, -23.660435 ], [ -46.728455, -23.661291 ], [ -46.728799, -23.661274 ], [ -46.728842, -23.661165 ], [ -46.728834, -23.660829 ], [ -46.729009, -23.660563 ], [ -46.729139, -23.660505 ], [ -46.729409, -23.660187 ], [ -46.728729, -23.659924 ], [ -46.728461, -23.660151 ] ] ] } },
{ "type": "Feature", "properties": { "CD_SETOR": "355030846000627", "faces": 14, "pavimentada": 92.86, "bueiro": 14.29, "iluminacao": 85.71, "onibus": 0.0, "ciclovia": 14.29, "calcada": 21.43, "obstaculo": 100.0, "rampa": 0.0, "rampa_faces": 0.0, "sem_calcada": 71.43, "sem_arvore": 85.71, "muitas_arvores": 7.14, "vao": 92.86, "V05400": 14, "V05421": 3, "V05406": 13, "V05412": 12, "V05422": 10, "V05424": 3, "V05427": 0, "V05409": 2, "V05415": 0, "V05418": 2, "V05430": 12, "V05433": 1, "criancas_0a4": 16, "em_favela": true }, "geometry": { "type": "Polygon", "coordinates": [ [ [ -46.748018, -23.656751 ], [ -46.747851, -23.657016 ], [ -46.748357, -23.657224 ], [ -46.748644, -23.657668 ], [ -46.749099, -23.657919 ], [ -46.749296, -23.657986 ], [ -46.749462, -23.65797 ], [ -46.749647, -23.658051 ], [ -46.750119, -23.657833 ], [ -46.749953, -23.657681 ], [ -46.74984, -23.657643 ], [ -46.749665, -23.657674 ], [ -46.74939, -23.657456 ], [ -46.749444, -23.657401 ], [ -46.749368, -23.657325 ], [ -46.749459, -23.657252 ], [ -46.749341, -23.657137 ], [ -46.749085, -23.657331 ], [ -46.748916, -23.657293 ], [ -46.748831, -23.657221 ], [ -46.74868, -23.656944 ], [ -46.748336, -23.656568 ], [ -46.748199, -23.656567 ], [ -46.748018, -23.656751 ] ] ] } },
{ "type": "Feature", "properties": { "CD_SETOR": "355030846000628", "faces": 4, "pavimentada": 100.0, "bueiro": 25.0, "iluminacao": 100.0, "onibus": 0.0, "ciclovia": 0.0, "calcada": 25.0, "obstaculo": 100.0, "rampa": 0.0, "rampa_faces": 0.0, "sem_calcada": 75.0, "sem_arvore": 100.0, "muitas_arvores": 0.0, "vao": 100.0, "V05400": 4, "V05421": 1, "V05406": 4, "V05412": 4, "V05422": 3, "V05424": 1, "V05427": 0, "V05409": 1, "V05415": 0, "V05418": 0, "V05430": 4, "V05433": 0, "criancas_0a4": 26, "em_favela": true }, "geometry": { "type": "Polygon", "coordinates": [ [ [ -46.748013, -23.657977 ], [ -46.748868, -23.658109 ], [ -46.748929, -23.657828 ], [ -46.748644, -23.657668 ], [ -46.748357, -23.657224 ], [ -46.747851, -23.657016 ], [ -46.748107, -23.657307 ], [ -46.748181, -23.657461 ], [ -46.748178, -23.657585 ], [ -46.748062, -23.657771 ], [ -46.748013, -23.657977 ] ] ] } },
{ "type": "Feature", "properties": { "CD_SETOR": "355030846000629", "faces": 9, "pavimentada": 100.0, "bueiro": 66.67, "iluminacao": 100.0, "onibus": 22.22, "ciclovia": 0.0, "calcada": 100.0, "obstaculo": 88.89, "rampa": 0.0, "rampa_faces": 0.0, "sem_calcada": 0.0, "sem_arvore": 33.33, "muitas_arvores": 44.44, "vao": 100.0, "V05400": 9, "V05421": 9, "V05406": 9, "V05412": 9, "V05422": 0, "V05424": 8, "V05427": 0, "V05409": 6, "V05415": 2, "V05418": 0, "V05430": 3, "V05433": 4, "criancas_0a4": 23, "em_favela": false }, "geometry": { "type": "Polygon", "coordinates": [ [ [ -46.748325, -23.685981 ], [ -46.748294, -23.686096 ], [ -46.748396, -23.686268 ], [ -46.749293, -23.686955 ], [ -46.749997, -23.687933 ], [ -46.750158, -23.687933 ], [ -46.750621, -23.687162 ], [ -46.751153, -23.686889 ], [ -46.751801, -23.686876 ], [ -46.752424, -23.686587 ], [ -46.75283, -23.68676 ], [ -46.75328, -23.686561 ], [ -46.753477, -23.686584 ], [ -46.752964, -23.68588 ], [ -46.752645, -23.685675 ], [ -46.751697, -23.685576 ], [ -46.750101, -23.685605 ], [ -46.749229, -23.685477 ], [ -46.749418, -23.685984 ], [ -46.749412, -23.686073 ], [ -46.748531, -23.685944 ], [ -46.748325, -23.685981 ] ] ] } },
{ "type": "Feature", "properties": { "CD_SETOR": "355030846000633", "faces": 3, "pavimentada": 100.0, "bueiro": 0.0, "iluminacao": 100.0, "onibus": 0.0, "ciclovia": 0.0, "calcada": 33.33, "obstaculo": 100.0, "rampa": 0.0, "rampa_faces": 0.0, "sem_calcada": 66.67, "sem_arvore": 100.0, "muitas_arvores": 0.0, "vao": 100.0, "V05400": 3, "V05421": 1, "V05406": 3, "V05412": 3, "V05422": 2, "V05424": 1, "V05427": 0, "V05409": 0, "V05415": 0, "V05418": 0, "V05430": 3, "V05433": 0, "criancas_0a4": 33, "em_favela": true }, "geometry": { "type": "Polygon", "coordinates": [ [ [ -46.727371, -23.655592 ], [ -46.727442, -23.655716 ], [ -46.727798, -23.655994 ], [ -46.727943, -23.656182 ], [ -46.728173, -23.65673 ], [ -46.728219, -23.657025 ], [ -46.728462, -23.656845 ], [ -46.728581, -23.656836 ], [ -46.728535, -23.656534 ], [ -46.728672, -23.656467 ], [ -46.728253, -23.656214 ], [ -46.727771, -23.655713 ], [ -46.727419, -23.655571 ], [ -46.727371, -23.655592 ] ] ] } },
{ "type": "Feature", "properties": { "CD_SETOR": "355030846000634", "faces": 8, "pavimentada": 100.0, "bueiro": 87.5, "iluminacao": 100.0, "onibus": 25.0, "ciclovia": 0.0, "calcada": 87.5, "obstaculo": 71.43, "rampa": 0.0, "rampa_faces": 0.0, "sem_calcada": 12.5, "sem_arvore": 87.5, "muitas_arvores": 12.5, "vao": 100.0, "V05400": 8, "V05421": 7, "V05406": 8, "V05412": 8, "V05422": 1, "V05424": 5, "V05427": 0, "V05409": 7, "V05415": 2, "V05418": 0, "V05430": 7, "V05433": 1, "criancas_0a4": 13, "em_favela": true }, "geometry": { "type": "Polygon", "coordinates": [ [ [ -46.756978, -23.661556 ], [ -46.757415, -23.661114 ], [ -46.757195, -23.660954 ], [ -46.75713, -23.660833 ], [ -46.757141, -23.660764 ], [ -46.756834, -23.660748 ], [ -46.75652, -23.660895 ], [ -46.756451, -23.661087 ], [ -46.756682, -23.661355 ], [ -46.756978, -23.661556 ] ] ] } },
{ "type": "Feature", "properties": { "CD_SETOR": "355030846000635", "faces": 9, "pavimentada": 100.0, "bueiro": 44.44, "iluminacao": 100.0, "onibus": 0.0, "ciclovia": 11.11, "calcada": 33.33, "obstaculo": 100.0, "rampa": 0.0, "rampa_faces": 0.0, "sem_calcada": 66.67, "sem_arvore": 100.0, "muitas_arvores": 0.0, "vao": 100.0, "V05400": 9, "V05421": 3, "V05406": 9, "V05412": 9, "V05422": 6, "V05424": 3, "V05427": 0, "V05409": 4, "V05415": 0, "V05418": 1, "V05430": 9, "V05433": 0, "criancas_0a4": 22, "em_favela": true }, "geometry": { "type": "Polygon", "coordinates": [ [ [ -46.75628, -23.661947 ], [ -46.756636, -23.661835 ], [ -46.756978, -23.661556 ], [ -46.756682, -23.661355 ], [ -46.756451, -23.661087 ], [ -46.75652, -23.660895 ], [ -46.756834, -23.660748 ], [ -46.757141, -23.660764 ], [ -46.757225, -23.660649 ], [ -46.756955, -23.660301 ], [ -46.756649, -23.660493 ], [ -46.756521, -23.660645 ], [ -46.756275, -23.660731 ], [ -46.756201, -23.660852 ], [ -46.756126, -23.661275 ], [ -46.75628, -23.66168 ], [ -46.75628, -23.661947 ] ] ] } },
{ "type": "Feature", "properties": { "CD_SETOR": "355030846000636", "faces": 7, "pavimentada": 42.86, "bueiro": 28.57, "iluminacao": 42.86, "onibus": 0.0, "ciclovia": 0.0, "calcada": 14.29, "obstaculo": 100.0, "rampa": 0.0, "rampa_faces": 0.0, "sem_calcada": 28.57, "sem_arvore": 28.57, "muitas_arvores": 0.0, "vao": 42.86, "V05400": 7, "V05421": 1, "V05406": 3, "V05412": 3, "V05422": 2, "V05424": 1, "V05427": 0, "V05409": 2, "V05415": 0, "V05418": 0, "V05430": 2, "V05433": 0, "criancas_0a4": 17, "em_favela": true }, "geometry": { "type": "Polygon", "coordinates": [ [ [ -46.744379, -23.681447 ], [ -46.744642, -23.682036 ], [ -46.744749, -23.683137 ], [ -46.744694, -23.683631 ], [ -46.745083, -23.683761 ], [ -46.745165, -23.682814 ], [ -46.744982, -23.681711 ], [ -46.74471, -23.681279 ], [ -46.744379, -23.681447 ] ] ] } },
{ "type": "Feature", "properties": { "CD_SETOR": "355030846000637", "faces": 4, "pavimentada": 100.0, "bueiro": 75.0, "iluminacao": 100.0, "onibus": 0.0, "ciclovia": 0.0, "calcada": 25.0, "obstaculo": 0.0, "rampa": 0.0, "rampa_faces": 0.0, "sem_calcada": 75.0, "sem_arvore": 75.0, "muitas_arvores": 25.0, "vao": 100.0, "V05400": 4, "V05421": 1, "V05406": 4, "V05412": 4, "V05422": 3, "V05424": 0, "V05427": 0, "V05409": 3, "V05415": 0, "V05418": 0, "V05430": 3, "V05433": 1, "criancas_0a4": 24, "em_favela": true }, "geometry": { "type": "Polygon", "coordinates": [ [ [ -46.744153, -23.68222 ], [ -46.744261, -23.683229 ], [ -46.744188, -23.68348 ], [ -46.743893, -23.68385 ], [ -46.744653, -23.684226 ], [ -46.744801, -23.684063 ], [ -46.744905, -23.683731 ], [ -46.744694, -23.683631 ], [ -46.744749, -23.683137 ], [ -46.744642, -23.682036 ], [ -46.744471, -23.681638 ], [ -46.744262, -23.682006 ], [ -46.744217, -23.682018 ], [ -46.744225, -23.682116 ], [ -46.744153, -23.68222 ] ] ] } },
{ "type": "Feature", "properties": { "CD_SETOR": "355030846000639", "faces": 4, "pavimentada": 100.0, "bueiro": 0.0, "iluminacao": 100.0, "onibus": 0.0, "ciclovia": 0.0, "calcada": 0.0, "obstaculo": null, "rampa": null, "rampa_faces": 0.0, "sem_calcada": 100.0, "sem_arvore": 100.0, "muitas_arvores": 0.0, "vao": 100.0, "V05400": 4, "V05421": 0, "V05406": 4, "V05412": 4, "V05422": 4, "V05424": 0, "V05427": 0, "V05409": 0, "V05415": 0, "V05418": 0, "V05430": 4, "V05433": 0, "criancas_0a4": 22, "em_favela": true }, "geometry": { "type": "Polygon", "coordinates": [ [ [ -46.729309, -23.658206 ], [ -46.729503, -23.658628 ], [ -46.729824, -23.658724 ], [ -46.730067, -23.658678 ], [ -46.73018, -23.658815 ], [ -46.730886, -23.658383 ], [ -46.730674, -23.65814 ], [ -46.730285, -23.658244 ], [ -46.730055, -23.657932 ], [ -46.729309, -23.658206 ] ] ] } },
{ "type": "Feature", "properties": { "CD_SETOR": "355030846000641", "faces": 11, "pavimentada": 100.0, "bueiro": 81.82, "iluminacao": 100.0, "onibus": 0.0, "ciclovia": 18.18, "calcada": 18.18, "obstaculo": 50.0, "rampa": 50.0, "rampa_faces": 9.09, "sem_calcada": 81.82, "sem_arvore": 81.82, "muitas_arvores": 9.09, "vao": 90.91, "V05400": 11, "V05421": 2, "V05406": 11, "V05412": 11, "V05422": 9, "V05424": 1, "V05427": 1, "V05409": 9, "V05415": 0, "V05418": 2, "V05430": 9, "V05433": 1, "criancas_0a4": 25, "em_favela": true }, "geometry": { "type": "Polygon", "coordinates": [ [ [ -46.739886, -23.668781 ], [ -46.740127, -23.668983 ], [ -46.740502, -23.668789 ], [ -46.740433, -23.668727 ], [ -46.740811, -23.66834 ], [ -46.740521, -23.667858 ], [ -46.740395, -23.667935 ], [ -46.740371, -23.668064 ], [ -46.740458, -23.668103 ], [ -46.740486, -23.668193 ], [ -46.740407, -23.668252 ], [ -46.740409, -23.668352 ], [ -46.740255, -23.668452 ], [ -46.740186, -23.66839 ], [ -46.740092, -23.66846 ], [ -46.740038, -23.668506 ], [ -46.740161, -23.668651 ], [ -46.740023, -23.668771 ], [ -46.739886, -23.668781 ] ] ] } },
{ "type": "Feature", "properties": { "CD_SETOR": "355030846000642", "faces": 5, "pavimentada": 100.0, "bueiro": 80.0, "iluminacao": 100.0, "onibus": 0.0, "ciclovia": 20.0, "calcada": 40.0, "obstaculo": 50.0, "rampa": 50.0, "rampa_faces": 20.0, "sem_calcada": 60.0, "sem_arvore": 60.0, "muitas_arvores": 20.0, "vao": 80.0, "V05400": 5, "V05421": 2, "V05406": 5, "V05412": 5, "V05422": 3, "V05424": 1, "V05427": 1, "V05409": 4, "V05415": 0, "V05418": 1, "V05430": 3, "V05433": 1, "criancas_0a4": 3, "em_favela": true }, "geometry": { "type": "Polygon", "coordinates": [ [ [ -46.739779, -23.668704 ], [ -46.739886, -23.668781 ], [ -46.740023, -23.668771 ], [ -46.740161, -23.668651 ], [ -46.740038, -23.668506 ], [ -46.740186, -23.66839 ], [ -46.740255, -23.668452 ], [ -46.740409, -23.668352 ], [ -46.740407, -23.668252 ], [ -46.740486, -23.668193 ], [ -46.740458, -23.668103 ], [ -46.740371, -23.668064 ], [ -46.740395, -23.667935 ], [ -46.740521, -23.667858 ], [ -46.740447, -23.667746 ], [ -46.740186, -23.667924 ], [ -46.740198, -23.667993 ], [ -46.739915, -23.668319 ], [ -46.739779, -23.668704 ] ] ] } },
{ "type": "Feature", "properties": { "CD_SETOR": "355030846000643", "faces": 4, "pavimentada": 100.0, "bueiro": 25.0, "iluminacao": 100.0, "onibus": 25.0, "ciclovia": 0.0, "calcada": 75.0, "obstaculo": 100.0, "rampa": 0.0, "rampa_faces": 0.0, "sem_calcada": 25.0, "sem_arvore": 75.0, "muitas_arvores": 0.0, "vao": 100.0, "V05400": 4, "V05421": 3, "V05406": 4, "V05412": 4, "V05422": 1, "V05424": 3, "V05427": 0, "V05409": 1, "V05415": 1, "V05418": 0, "V05430": 3, "V05433": 0, "criancas_0a4": 21, "em_favela": true }, "geometry": { "type": "Polygon", "coordinates": [ [ [ -46.732364, -23.662114 ], [ -46.733359, -23.661463 ], [ -46.733331, -23.661224 ], [ -46.732773, -23.661357 ], [ -46.732556, -23.661343 ], [ -46.732224, -23.661203 ], [ -46.732254, -23.661789 ], [ -46.732335, -23.661802 ], [ -46.732297, -23.662014 ], [ -46.732364, -23.662114 ] ] ] } },
{ "type": "Feature", "properties": { "CD_SETOR": "355030846000644", "faces": 13, "pavimentada": 100.0, "bueiro": 30.77, "iluminacao": 100.0, "onibus": 7.69, "ciclovia": 0.0, "calcada": 23.08, "obstaculo": 100.0, "rampa": 0.0, "rampa_faces": 0.0, "sem_calcada": 76.92, "sem_arvore": 84.62, "muitas_arvores": 7.69, "vao": 100.0, "V05400": 13, "V05421": 3, "V05406": 13, "V05412": 13, "V05422": 10, "V05424": 3, "V05427": 0, "V05409": 4, "V05415": 1, "V05418": 0, "V05430": 11, "V05433": 1, "criancas_0a4": 29, "em_favela": true }, "geometry": { "type": "Polygon", "coordinates": [ [ [ -46.731478, -23.661054 ], [ -46.731558, -23.66145 ], [ -46.731477, -23.661599 ], [ -46.731545, -23.661672 ], [ -46.731453, -23.661791 ], [ -46.731478, -23.661914 ], [ -46.73206, -23.661954 ], [ -46.732162, -23.662007 ], [ -46.732158, -23.662117 ], [ -46.732278, -23.662171 ], [ -46.732364, -23.662114 ], [ -46.732297, -23.662014 ], [ -46.732335, -23.661802 ], [ -46.732254, -23.661789 ], [ -46.732224, -23.661203 ], [ -46.732011, -23.660911 ], [ -46.73192, -23.660212 ], [ -46.731867, -23.660193 ], [ -46.731754, -23.66031 ], [ -46.731629, -23.66054 ], [ -46.731478, -23.661054 ] ] ] } },
{ "type": "Feature", "properties": { "CD_SETOR": "355030846000647", "faces": 4, "pavimentada": 100.0, "bueiro": 25.0, "iluminacao": 100.0, "onibus": 0.0, "ciclovia": 0.0, "calcada": 0.0, "obstaculo": null, "rampa": null, "rampa_faces": 0.0, "sem_calcada": 100.0, "sem_arvore": 100.0, "muitas_arvores": 0.0, "vao": 100.0, "V05400": 4, "V05421": 0, "V05406": 4, "V05412": 4, "V05422": 4, "V05424": 0, "V05427": 0, "V05409": 1, "V05415": 0, "V05418": 0, "V05430": 4, "V05433": 0, "criancas_0a4": 14, "em_favela": true }, "geometry": { "type": "Polygon", "coordinates": [ [ [ -46.747794, -23.660631 ], [ -46.748293, -23.661044 ], [ -46.748287, -23.660825 ], [ -46.74834, -23.660695 ], [ -46.748406, -23.660744 ], [ -46.74844, -23.660691 ], [ -46.748524, -23.660353 ], [ -46.748697, -23.660168 ], [ -46.748764, -23.65987 ], [ -46.748639, -23.659888 ], [ -46.748465, -23.659991 ], [ -46.748415, -23.660101 ], [ -46.748343, -23.660125 ], [ -46.748315, -23.660289 ], [ -46.748135, -23.660345 ], [ -46.747794, -23.660631 ] ] ] } },
{ "type": "Feature", "properties": { "CD_SETOR": "355030846000648", "faces": 11, "pavimentada": 100.0, "bueiro": 54.55, "iluminacao": 100.0, "onibus": 0.0, "ciclovia": 0.0, "calcada": 9.09, "obstaculo": 100.0, "rampa": 0.0, "rampa_faces": 0.0, "sem_calcada": 90.91, "sem_arvore": 100.0, "muitas_arvores": 0.0, "vao": 100.0, "V05400": 11, "V05421": 1, "V05406": 11, "V05412": 11, "V05422": 10, "V05424": 1, "V05427": 0, "V05409": 6, "V05415": 0, "V05418": 0, "V05430": 11, "V05433": 0, "criancas_0a4": 44, "em_favela": true }, "geometry": { "type": "Polygon", "coordinates": [ [ [ -46.748277, -23.659732 ], [ -46.747583, -23.660422 ], [ -46.747794, -23.660631 ], [ -46.748135, -23.660345 ], [ -46.748315, -23.660289 ], [ -46.748343, -23.660125 ], [ -46.748415, -23.660101 ], [ -46.748465, -23.659991 ], [ -46.748639, -23.659888 ], [ -46.748764, -23.65987 ], [ -46.748741, -23.659726 ], [ -46.748814, -23.659322 ], [ -46.748569, -23.659348 ], [ -46.748498, -23.659574 ], [ -46.748391, -23.65971 ], [ -46.748277, -23.659732 ] ] ] } },
{ "type": "Feature", "properties": { "CD_SETOR": "355030846000652", "faces": 2, "pavimentada": 100.0, "bueiro": 50.0, "iluminacao": 100.0, "onibus": 0.0, "ciclovia": 0.0, "calcada": 0.0, "obstaculo": null, "rampa": null, "rampa_faces": 0.0, "sem_calcada": 100.0, "sem_arvore": 100.0, "muitas_arvores": 0.0, "vao": 100.0, "V05400": 2, "V05421": 0, "V05406": 2, "V05412": 2, "V05422": 2, "V05424": 0, "V05427": 0, "V05409": 1, "V05415": 0, "V05418": 0, "V05430": 2, "V05433": 0, "criancas_0a4": 7, "em_favela": true }, "geometry": { "type": "Polygon", "coordinates": [ [ [ -46.747851, -23.657016 ], [ -46.74778, -23.657015 ], [ -46.747801, -23.657956 ], [ -46.748013, -23.657977 ], [ -46.748062, -23.657771 ], [ -46.748178, -23.657585 ], [ -46.748181, -23.657461 ], [ -46.748107, -23.657307 ], [ -46.747851, -23.657016 ] ] ] } },
{ "type": "Feature", "properties": { "CD_SETOR": "355030846000653", "faces": 11, "pavimentada": 100.0, "bueiro": 63.64, "iluminacao": 90.91, "onibus": 18.18, "ciclovia": 0.0, "calcada": 81.82, "obstaculo": 100.0, "rampa": 0.0, "rampa_faces": 0.0, "sem_calcada": 18.18, "sem_arvore": 36.36, "muitas_arvores": 18.18, "vao": 100.0, "V05400": 11, "V05421": 9, "V05406": 11, "V05412": 10, "V05422": 2, "V05424": 9, "V05427": 0, "V05409": 7, "V05415": 2, "V05418": 0, "V05430": 4, "V05433": 2, "criancas_0a4": 54, "em_favela": false }, "geometry": { "type": "Polygon", "coordinates": [ [ [ -46.748018, -23.656751 ], [ -46.748199, -23.656567 ], [ -46.748336, -23.656568 ], [ -46.74868, -23.656944 ], [ -46.748831, -23.657221 ], [ -46.749023, -23.657332 ], [ -46.749192, -23.657268 ], [ -46.749564, -23.656892 ], [ -46.748807, -23.655941 ], [ -46.748617, -23.656033 ], [ -46.747132, -23.656027 ], [ -46.74697, -23.656973 ], [ -46.746929, -23.65817 ], [ -46.747417, -23.657986 ], [ -46.747801, -23.657956 ], [ -46.74778, -23.657015 ], [ -46.747851, -23.657016 ], [ -46.748018, -23.656751 ] ] ] } },
{ "type": "Feature", "properties": { "CD_SETOR": "355030846000654", "faces": 18, "pavimentada": 100.0, "bueiro": 22.22, "iluminacao": 100.0, "onibus": 0.0, "ciclovia": 0.0, "calcada": 33.33, "obstaculo": 100.0, "rampa": 0.0, "rampa_faces": 0.0, "sem_calcada": 66.67, "sem_arvore": 100.0, "muitas_arvores": 0.0, "vao": 100.0, "V05400": 18, "V05421": 6, "V05406": 18, "V05412": 18, "V05422": 12, "V05424": 6, "V05427": 0, "V05409": 4, "V05415": 0, "V05418": 0, "V05430": 18, "V05433": 0, "criancas_0a4": 12, "em_favela": true }, "geometry": { "type": "Polygon", "coordinates": [ [ [ -46.754408, -23.654366 ], [ -46.755183, -23.655642 ], [ -46.755649, -23.655416 ], [ -46.755372, -23.655129 ], [ -46.755181, -23.654573 ], [ -46.754982, -23.654273 ], [ -46.754865, -23.654226 ], [ -46.754408, -23.654366 ] ] ] } },
{ "type": "Feature", "properties": { "CD_SETOR": "355030846000655", "faces": 15, "pavimentada": 100.0, "bueiro": 86.67, "iluminacao": 100.0, "onibus": 33.33, "ciclovia": 0.0, "calcada": 73.33, "obstaculo": 90.91, "rampa": 18.18, "rampa_faces": 13.33, "sem_calcada": 26.67, "sem_arvore": 20.0, "muitas_arvores": 20.0, "vao": 86.67, "V05400": 15, "V05421": 11, "V05406": 15, "V05412": 15, "V05422": 4, "V05424": 10, "V05427": 2, "V05409": 13, "V05415": 5, "V05418": 0, "V05430": 3, "V05433": 3, "criancas_0a4": 23, "em_favela": false }, "geometry": { "type": "Polygon", "coordinates": [ [ [ -46.755183, -23.655642 ], [ -46.754408, -23.654366 ], [ -46.752782, -23.654997 ], [ -46.752367, -23.655206 ], [ -46.753175, -23.655304 ], [ -46.753625, -23.655548 ], [ -46.753971, -23.655874 ], [ -46.754339, -23.65649 ], [ -46.754708, -23.655929 ], [ -46.755183, -23.655642 ] ] ] } },
{ "type": "Feature", "properties": { "CD_SETOR": "355030846000656", "faces": 31, "pavimentada": 22.58, "bueiro": 6.45, "iluminacao": 6.45, "onibus": 0.0, "ciclovia": 0.0, "calcada": 6.45, "obstaculo": 100.0, "rampa": 0.0, "rampa_faces": 0.0, "sem_calcada": 93.55, "sem_arvore": 90.32, "muitas_arvores": 0.0, "vao": 22.58, "V05400": 31, "V05421": 2, "V05406": 7, "V05412": 2, "V05422": 29, "V05424": 2, "V05427": 0, "V05409": 2, "V05415": 0, "V05418": 0, "V05430": 28, "V05433": 0, "criancas_0a4": 54, "em_favela": true }, "geometry": { "type": "Polygon", "coordinates": [ [ [ -46.739199, -23.661269 ], [ -46.73898, -23.661927 ], [ -46.738871, -23.66202 ], [ -46.73848, -23.662148 ], [ -46.73899, -23.662236 ], [ -46.738915, -23.662558 ], [ -46.739695, -23.662787 ], [ -46.740031, -23.661615 ], [ -46.740008, -23.660904 ], [ -46.739589, -23.661306 ], [ -46.739199, -23.661269 ] ] ] } },
{ "type": "Feature", "properties": { "CD_SETOR": "355030846000661", "faces": 1, "pavimentada": 0.0, "bueiro": 0.0, "iluminacao": 0.0, "onibus": 0.0, "ciclovia": 0.0, "calcada": 0.0, "obstaculo": null, "rampa": null, "rampa_faces": 0.0, "sem_calcada": 0.0, "sem_arvore": 0.0, "muitas_arvores": 0.0, "vao": 0.0, "V05400": 1, "V05421": 0, "V05406": 0, "V05412": 0, "V05422": 0, "V05424": 0, "V05427": 0, "V05409": 0, "V05415": 0, "V05418": 0, "V05430": 0, "V05433": 0, "criancas_0a4": 28, "em_favela": true }, "geometry": { "type": "Polygon", "coordinates": [ [ [ -46.726759, -23.655285 ], [ -46.725794, -23.655702 ], [ -46.725879, -23.655935 ], [ -46.727028, -23.655465 ], [ -46.727099, -23.655607 ], [ -46.727284, -23.656765 ], [ -46.727797, -23.657947 ], [ -46.72781, -23.658328 ], [ -46.728549, -23.658105 ], [ -46.728301, -23.657501 ], [ -46.728173, -23.65673 ], [ -46.727943, -23.656182 ], [ -46.727097, -23.655326 ], [ -46.726759, -23.655285 ] ] ] } },
{ "type": "Feature", "properties": { "CD_SETOR": "355030846000662", "faces": 13, "pavimentada": 100.0, "bueiro": 0.0, "iluminacao": 84.62, "onibus": 23.08, "ciclovia": 0.0, "calcada": 38.46, "obstaculo": 100.0, "rampa": 0.0, "rampa_faces": 0.0, "sem_calcada": 61.54, "sem_arvore": 76.92, "muitas_arvores": 0.0, "vao": 100.0, "V05400": 13, "V05421": 5, "V05406": 13, "V05412": 11, "V05422": 8, "V05424": 5, "V05427": 0, "V05409": 0, "V05415": 3, "V05418": 0, "V05430": 10, "V05433": 0, "criancas_0a4": 21, "em_favela": true }, "geometry": { "type": "Polygon", "coordinates": [ [ [ -46.74122, -23.677945 ], [ -46.741071, -23.678384 ], [ -46.740915, -23.678619 ], [ -46.740741, -23.67907 ], [ -46.740925, -23.678976 ], [ -46.741697, -23.678856 ], [ -46.742111, -23.678686 ], [ -46.742212, -23.678278 ], [ -46.741867, -23.678292 ], [ -46.741607, -23.678239 ], [ -46.74122, -23.677945 ] ] ] } },
{ "type": "Feature", "properties": { "CD_SETOR": "355030846000663", "faces": 1, "pavimentada": 100.0, "bueiro": 0.0, "iluminacao": 100.0, "onibus": 0.0, "ciclovia": 0.0, "calcada": 100.0, "obstaculo": 100.0, "rampa": 0.0, "rampa_faces": 0.0, "sem_calcada": 0.0, "sem_arvore": 0.0, "muitas_arvores": 0.0, "vao": 100.0, "V05400": 1, "V05421": 1, "V05406": 1, "V05412": 1, "V05422": 0, "V05424": 1, "V05427": 0, "V05409": 0, "V05415": 0, "V05418": 0, "V05430": 0, "V05433": 0, "criancas_0a4": 8, "em_favela": false }, "geometry": { "type": "Polygon", "coordinates": [ [ [ -46.74122, -23.677945 ], [ -46.741607, -23.678239 ], [ -46.741867, -23.678292 ], [ -46.742212, -23.678278 ], [ -46.741377, -23.677711 ], [ -46.74122, -23.677945 ] ] ] } },
{ "type": "Feature", "properties": { "CD_SETOR": "355030846000664", "faces": 5, "pavimentada": 100.0, "bueiro": 40.0, "iluminacao": 100.0, "onibus": 0.0, "ciclovia": 0.0, "calcada": 100.0, "obstaculo": 100.0, "rampa": 0.0, "rampa_faces": 0.0, "sem_calcada": 0.0, "sem_arvore": 40.0, "muitas_arvores": 20.0, "vao": 100.0, "V05400": 5, "V05421": 5, "V05406": 5, "V05412": 5, "V05422": 0, "V05424": 5, "V05427": 0, "V05409": 2, "V05415": 0, "V05418": 0, "V05430": 2, "V05433": 1, "criancas_0a4": 17, "em_favela": false }, "geometry": { "type": "Polygon", "coordinates": [ [ [ -46.740741, -23.67907 ], [ -46.74122, -23.677945 ], [ -46.741377, -23.677711 ], [ -46.741731, -23.677944 ], [ -46.741823, -23.677554 ], [ -46.741745, -23.677289 ], [ -46.740904, -23.67679 ], [ -46.74057, -23.677212 ], [ -46.74094, -23.67745 ], [ -46.740798, -23.677675 ], [ -46.740556, -23.677569 ], [ -46.740428, -23.677976 ], [ -46.740819, -23.678053 ], [ -46.74032, -23.679176 ], [ -46.740282, -23.679402 ], [ -46.740741, -23.67907 ] ] ] } },
{ "type": "Feature", "properties": { "CD_SETOR": "355030846000665", "faces": 3, "pavimentada": 100.0, "bueiro": 100.0, "iluminacao": 100.0, "onibus": 0.0, "ciclovia": 0.0, "calcada": 100.0, "obstaculo": 100.0, "rampa": 0.0, "rampa_faces": 0.0, "sem_calcada": 0.0, "sem_arvore": 0.0, "muitas_arvores": 33.33, "vao": 100.0, "V05400": 3, "V05421": 3, "V05406": 3, "V05412": 3, "V05422": 0, "V05424": 3, "V05427": 0, "V05409": 3, "V05415": 0, "V05418": 0, "V05430": 0, "V05433": 1, "criancas_0a4": 0, "em_favela": true }, "geometry": { "type": "Polygon", "coordinates": [ [ [ -46.740556, -23.677569 ], [ -46.740798, -23.677675 ], [ -46.74094, -23.67745 ], [ -46.74057, -23.677212 ], [ -46.740904, -23.67679 ], [ -46.740599, -23.676616 ], [ -46.740197, -23.677117 ], [ -46.740519, -23.67734 ], [ -46.740556, -23.677569 ] ] ] } },
{ "type": "Feature", "properties": { "CD_SETOR": "355030846000666", "faces": 15, "pavimentada": 100.0, "bueiro": 46.67, "iluminacao": 93.33, "onibus": 0.0, "ciclovia": 0.0, "calcada": 80.0, "obstaculo": 91.67, "rampa": 0.0, "rampa_faces": 0.0, "sem_calcada": 20.0, "sem_arvore": 46.67, "muitas_arvores": 6.67, "vao": 100.0, "V05400": 15, "V05421": 12, "V05406": 15, "V05412": 14, "V05422": 3, "V05424": 11, "V05427": 0, "V05409": 7, "V05415": 0, "V05418": 0, "V05430": 7, "V05433": 1, "criancas_0a4": 27, "em_favela": false }, "geometry": { "type": "Polygon", "coordinates": [ [ [ -46.750254, -23.673443 ], [ -46.750548, -23.673636 ], [ -46.750057, -23.673814 ], [ -46.749978, -23.673994 ], [ -46.750498, -23.673931 ], [ -46.751072, -23.674219 ], [ -46.751348, -23.673914 ], [ -46.752438, -23.674212 ], [ -46.752521, -23.673691 ], [ -46.751934, -23.673669 ], [ -46.75152, -23.673013 ], [ -46.751334, -23.672947 ], [ -46.751414, -23.672607 ], [ -46.751578, -23.672354 ], [ -46.751289, -23.672272 ], [ -46.751269, -23.67242 ], [ -46.750254, -23.673443 ] ] ] } },
{ "type": "Feature", "properties": { "CD_SETOR": "355030846000668", "faces": 8, "pavimentada": 87.5, "bueiro": 87.5, "iluminacao": 100.0, "onibus": 0.0, "ciclovia": 0.0, "calcada": 37.5, "obstaculo": 100.0, "rampa": 0.0, "rampa_faces": 0.0, "sem_calcada": 62.5, "sem_arvore": 50.0, "muitas_arvores": 12.5, "vao": 87.5, "V05400": 8, "V05421": 3, "V05406": 7, "V05412": 8, "V05422": 5, "V05424": 3, "V05427": 0, "V05409": 7, "V05415": 0, "V05418": 0, "V05430": 4, "V05433": 1, "criancas_0a4": 15, "em_favela": true }, "geometry": { "type": "Polygon", "coordinates": [ [ [ -46.735786, -23.663065 ], [ -46.736079, -23.662742 ], [ -46.736377, -23.662837 ], [ -46.736273, -23.662446 ], [ -46.73593, -23.662207 ], [ -46.735426, -23.662559 ], [ -46.73558, -23.662752 ], [ -46.735286, -23.662982 ], [ -46.735387, -23.663118 ], [ -46.735648, -23.662921 ], [ -46.735786, -23.663065 ] ] ] } },
{ "type": "Feature", "properties": { "CD_SETOR": "355030846000673", "faces": 5, "pavimentada": 100.0, "bueiro": 80.0, "iluminacao": 100.0, "onibus": 0.0, "ciclovia": 0.0, "calcada": 60.0, "obstaculo": 66.67, "rampa": 0.0, "rampa_faces": 0.0, "sem_calcada": 40.0, "sem_arvore": 80.0, "muitas_arvores": 0.0, "vao": 100.0, "V05400": 5, "V05421": 3, "V05406": 5, "V05412": 5, "V05422": 2, "V05424": 2, "V05427": 0, "V05409": 4, "V05415": 0, "V05418": 0, "V05430": 4, "V05433": 0, "criancas_0a4": 16, "em_favela": true }, "geometry": { "type": "Polygon", "coordinates": [ [ [ -46.734203, -23.662377 ], [ -46.73404, -23.662191 ], [ -46.733771, -23.662106 ], [ -46.733544, -23.662619 ], [ -46.733543, -23.662723 ], [ -46.733605, -23.662811 ], [ -46.733228, -23.663092 ], [ -46.733298, -23.663166 ], [ -46.733378, -23.663421 ], [ -46.733192, -23.663716 ], [ -46.733186, -23.663881 ], [ -46.733229, -23.663922 ], [ -46.733267, -23.663928 ], [ -46.733281, -23.663784 ], [ -46.734126, -23.663139 ], [ -46.73378, -23.662723 ], [ -46.734203, -23.662377 ] ] ] } },
{ "type": "Feature", "properties": { "CD_SETOR": "355030846000675", "faces": 2, "pavimentada": 100.0, "bueiro": 50.0, "iluminacao": 100.0, "onibus": 0.0, "ciclovia": 50.0, "calcada": 100.0, "obstaculo": 100.0, "rampa": 0.0, "rampa_faces": 0.0, "sem_calcada": 0.0, "sem_arvore": 100.0, "muitas_arvores": 0.0, "vao": 100.0, "V05400": 2, "V05421": 2, "V05406": 2, "V05412": 2, "V05422": 0, "V05424": 2, "V05427": 0, "V05409": 1, "V05415": 0, "V05418": 1, "V05430": 2, "V05433": 0, "criancas_0a4": 8, "em_favela": false }, "geometry": { "type": "Polygon", "coordinates": [ [ [ -46.730727, -23.655602 ], [ -46.729762, -23.65598 ], [ -46.73003, -23.656302 ], [ -46.730198, -23.656216 ], [ -46.730318, -23.656236 ], [ -46.731037, -23.657001 ], [ -46.731071, -23.65683 ], [ -46.730872, -23.656283 ], [ -46.730727, -23.655602 ] ] ] } },
{ "type": "Feature", "properties": { "CD_SETOR": "355030846000676", "faces": 1, "pavimentada": 100.0, "bueiro": 100.0, "iluminacao": 100.0, "onibus": 0.0, "ciclovia": 0.0, "calcada": 100.0, "obstaculo": 100.0, "rampa": 0.0, "rampa_faces": 0.0, "sem_calcada": 0.0, "sem_arvore": 100.0, "muitas_arvores": 0.0, "vao": 100.0, "V05400": 1, "V05421": 1, "V05406": 1, "V05412": 1, "V05422": 0, "V05424": 1, "V05427": 0, "V05409": 1, "V05415": 0, "V05418": 0, "V05430": 1, "V05433": 0, "criancas_0a4": 8, "em_favela": true }, "geometry": { "type": "Polygon", "coordinates": [ [ [ -46.730306, -23.655753 ], [ -46.730727, -23.655602 ], [ -46.730568, -23.655147 ], [ -46.730504, -23.655088 ], [ -46.730153, -23.6555 ], [ -46.730306, -23.655753 ] ] ] } },
{ "type": "Feature", "properties": { "CD_SETOR": "355030846000679", "faces": 4, "pavimentada": 100.0, "bueiro": 50.0, "iluminacao": 100.0, "onibus": 0.0, "ciclovia": 25.0, "calcada": 100.0, "obstaculo": 100.0, "rampa": 0.0, "rampa_faces": 0.0, "sem_calcada": 0.0, "sem_arvore": 25.0, "muitas_arvores": 0.0, "vao": 100.0, "V05400": 4, "V05421": 4, "V05406": 4, "V05412": 4, "V05422": 0, "V05424": 4, "V05427": 0, "V05409": 2, "V05415": 0, "V05418": 1, "V05430": 1, "V05433": 0, "criancas_0a4": 16, "em_favela": false }, "geometry": { "type": "Polygon", "coordinates": [ [ [ -46.728817, -23.657672 ], [ -46.728835, -23.658021 ], [ -46.73015, -23.657529 ], [ -46.731037, -23.657001 ], [ -46.730318, -23.656236 ], [ -46.730198, -23.656216 ], [ -46.729953, -23.656389 ], [ -46.729972, -23.657261 ], [ -46.728817, -23.657672 ] ] ] } },
{ "type": "Feature", "properties": { "CD_SETOR": "355030846000681", "faces": 11, "pavimentada": 100.0, "bueiro": 36.36, "iluminacao": 100.0, "onibus": 0.0, "ciclovia": 0.0, "calcada": 27.27, "obstaculo": 100.0, "rampa": 0.0, "rampa_faces": 0.0, "sem_calcada": 72.73, "sem_arvore": 72.73, "muitas_arvores": 9.09, "vao": 100.0, "V05400": 11, "V05421": 3, "V05406": 11, "V05412": 11, "V05422": 8, "V05424": 3, "V05427": 0, "V05409": 4, "V05415": 0, "V05418": 0, "V05430": 8, "V05433": 1, "criancas_0a4": 36, "em_favela": true }, "geometry": { "type": "Polygon", "coordinates": [ [ [ -46.728835, -23.658021 ], [ -46.728549, -23.658105 ], [ -46.728682, -23.659136 ], [ -46.728786, -23.659083 ], [ -46.728981, -23.658831 ], [ -46.729447, -23.658693 ], [ -46.729503, -23.658628 ], [ -46.729309, -23.658206 ], [ -46.728907, -23.658344 ], [ -46.728835, -23.658021 ] ] ] } },
{ "type": "Feature", "properties": { "CD_SETOR": "355030846000683", "faces": 8, "pavimentada": 100.0, "bueiro": 37.5, "iluminacao": 87.5, "onibus": 0.0, "ciclovia": 0.0, "calcada": 25.0, "obstaculo": 100.0, "rampa": 0.0, "rampa_faces": 0.0, "sem_calcada": 75.0, "sem_arvore": 87.5, "muitas_arvores": 0.0, "vao": 100.0, "V05400": 8, "V05421": 2, "V05406": 8, "V05412": 7, "V05422": 6, "V05424": 2, "V05427": 0, "V05409": 3, "V05415": 0, "V05418": 0, "V05430": 7, "V05433": 0, "criancas_0a4": 10, "em_favela": true }, "geometry": { "type": "Polygon", "coordinates": [ [ [ -46.748299, -23.672966 ], [ -46.749323, -23.673336 ], [ -46.74928, -23.6734 ], [ -46.749416, -23.673516 ], [ -46.749514, -23.673414 ], [ -46.749584, -23.673474 ], [ -46.749995, -23.673045 ], [ -46.749921, -23.672996 ], [ -46.749642, -23.672978 ], [ -46.749629, -23.672899 ], [ -46.749498, -23.672877 ], [ -46.749178, -23.672976 ], [ -46.74894, -23.672894 ], [ -46.748915, -23.672997 ], [ -46.748554, -23.67285 ], [ -46.748533, -23.672893 ], [ -46.748338, -23.672861 ], [ -46.748299, -23.672966 ] ] ] } },
{ "type": "Feature", "properties": { "CD_SETOR": "355030846000684", "faces": 3, "pavimentada": 100.0, "bueiro": 100.0, "iluminacao": 100.0, "onibus": 0.0, "ciclovia": 0.0, "calcada": 66.67, "obstaculo": 100.0, "rampa": 0.0, "rampa_faces": 0.0, "sem_calcada": 33.33, "sem_arvore": 33.33, "muitas_arvores": 0.0, "vao": 100.0, "V05400": 3, "V05421": 2, "V05406": 3, "V05412": 3, "V05422": 1, "V05424": 2, "V05427": 0, "V05409": 3, "V05415": 0, "V05418": 0, "V05430": 1, "V05433": 0, "criancas_0a4": 8, "em_favela": false }, "geometry": { "type": "Polygon", "coordinates": [ [ [ -46.74928, -23.6734 ], [ -46.749323, -23.673336 ], [ -46.748299, -23.672966 ], [ -46.748215, -23.673193 ], [ -46.748892, -23.673434 ], [ -46.74928, -23.6734 ] ] ] } },
{ "type": "Feature", "properties": { "CD_SETOR": "355030846000685", "faces": 3, "pavimentada": 66.67, "bueiro": 66.67, "iluminacao": 66.67, "onibus": 33.33, "ciclovia": 0.0, "calcada": 33.33, "obstaculo": 100.0, "rampa": 0.0, "rampa_faces": 0.0, "sem_calcada": 33.33, "sem_arvore": 66.67, "muitas_arvores": 0.0, "vao": 66.67, "V05400": 3, "V05421": 1, "V05406": 2, "V05412": 2, "V05422": 1, "V05424": 1, "V05427": 0, "V05409": 2, "V05415": 1, "V05418": 0, "V05430": 2, "V05433": 0, "criancas_0a4": 0, "em_favela": false }, "geometry": { "type": "Polygon", "coordinates": [ [ [ -46.727602, -23.654426 ], [ -46.727741, -23.65469 ], [ -46.727993, -23.654569 ], [ -46.728257, -23.655236 ], [ -46.730489, -23.654734 ], [ -46.730445, -23.654655 ], [ -46.730537, -23.653714 ], [ -46.732895, -23.651521 ], [ -46.732996, -23.651402 ], [ -46.733429, -23.650485 ], [ -46.733393, -23.650416 ], [ -46.733257, -23.650231 ], [ -46.732712, -23.651339 ], [ -46.729894, -23.653538 ], [ -46.727602, -23.654426 ] ] ] } },
{ "type": "Feature", "properties": { "CD_SETOR": "355030846000690", "faces": 10, "pavimentada": 100.0, "bueiro": 20.0, "iluminacao": 90.0, "onibus": 0.0, "ciclovia": 0.0, "calcada": 10.0, "obstaculo": 100.0, "rampa": 0.0, "rampa_faces": 0.0, "sem_calcada": 90.0, "sem_arvore": 100.0, "muitas_arvores": 0.0, "vao": 100.0, "V05400": 10, "V05421": 1, "V05406": 10, "V05412": 9, "V05422": 9, "V05424": 1, "V05427": 0, "V05409": 2, "V05415": 0, "V05418": 0, "V05430": 10, "V05433": 0, "criancas_0a4": 13, "em_favela": true }, "geometry": { "type": "Polygon", "coordinates": [ [ [ -46.729177, -23.657238 ], [ -46.729654, -23.657059 ], [ -46.729623, -23.656991 ], [ -46.729652, -23.656738 ], [ -46.729589, -23.656729 ], [ -46.729574, -23.656438 ], [ -46.729625, -23.656334 ], [ -46.729762, -23.656346 ], [ -46.729863, -23.656426 ], [ -46.73003, -23.656302 ], [ -46.729762, -23.65598 ], [ -46.729672, -23.656018 ], [ -46.729333, -23.656428 ], [ -46.729181, -23.656466 ], [ -46.728958, -23.656407 ], [ -46.728869, -23.656484 ], [ -46.729166, -23.65695 ], [ -46.729177, -23.657238 ] ] ] } },
{ "type": "Feature", "properties": { "CD_SETOR": "355030846000692", "faces": 7, "pavimentada": 100.0, "bueiro": 14.29, "iluminacao": 100.0, "onibus": 28.57, "ciclovia": 0.0, "calcada": 28.57, "obstaculo": 100.0, "rampa": 50.0, "rampa_faces": 14.29, "sem_calcada": 71.43, "sem_arvore": 85.71, "muitas_arvores": 0.0, "vao": 85.71, "V05400": 7, "V05421": 2, "V05406": 7, "V05412": 7, "V05422": 5, "V05424": 2, "V05427": 1, "V05409": 1, "V05415": 2, "V05418": 0, "V05430": 6, "V05433": 0, "criancas_0a4": 24, "em_favela": true }, "geometry": { "type": "Polygon", "coordinates": [ [ [ -46.74681, -23.681072 ], [ -46.746547, -23.681038 ], [ -46.746168, -23.680721 ], [ -46.746305, -23.680314 ], [ -46.74572, -23.680146 ], [ -46.745644, -23.680764 ], [ -46.745796, -23.6808 ], [ -46.745953, -23.681125 ], [ -46.745919, -23.681142 ], [ -46.74603, -23.681482 ], [ -46.746828, -23.681468 ], [ -46.74681, -23.681072 ] ] ] } },
{ "type": "Feature", "properties": { "CD_SETOR": "355030846000694", "faces": 8, "pavimentada": 100.0, "bueiro": 75.0, "iluminacao": 87.5, "onibus": 0.0, "ciclovia": 0.0, "calcada": 75.0, "obstaculo": 100.0, "rampa": 0.0, "rampa_faces": 0.0, "sem_calcada": 25.0, "sem_arvore": 25.0, "muitas_arvores": 25.0, "vao": 100.0, "V05400": 8, "V05421": 6, "V05406": 8, "V05412": 7, "V05422": 2, "V05424": 6, "V05427": 0, "V05409": 6, "V05415": 0, "V05418": 0, "V05430": 2, "V05433": 2, "criancas_0a4": 40, "em_favela": false }, "geometry": { "type": "Polygon", "coordinates": [ [ [ -46.745279, -23.681288 ], [ -46.74535, -23.680898 ], [ -46.74539, -23.680904 ], [ -46.74543, -23.680739 ], [ -46.745646, -23.680741 ], [ -46.74572, -23.680146 ], [ -46.745242, -23.680002 ], [ -46.745252, -23.679876 ], [ -46.745151, -23.679817 ], [ -46.745043, -23.679554 ], [ -46.744251, -23.677256 ], [ -46.744125, -23.677587 ], [ -46.744121, -23.677901 ], [ -46.744253, -23.678669 ], [ -46.74427, -23.680004 ], [ -46.74497, -23.681282 ], [ -46.745279, -23.681288 ] ] ] } },
{ "type": "Feature", "properties": { "CD_SETOR": "355030846000696", "faces": 18, "pavimentada": 94.44, "bueiro": 55.56, "iluminacao": 94.44, "onibus": 0.0, "ciclovia": 0.0, "calcada": 5.56, "obstaculo": 100.0, "rampa": 0.0, "rampa_faces": 0.0, "sem_calcada": 88.89, "sem_arvore": 88.89, "muitas_arvores": 5.56, "vao": 94.44, "V05400": 18, "V05421": 1, "V05406": 17, "V05412": 17, "V05422": 16, "V05424": 1, "V05427": 0, "V05409": 10, "V05415": 0, "V05418": 0, "V05430": 16, "V05433": 1, "criancas_0a4": 49, "em_favela": true }, "geometry": { "type": "Polygon", "coordinates": [ [ [ -46.745835, -23.682567 ], [ -46.746141, -23.682619 ], [ -46.746127, -23.68271 ], [ -46.74608, -23.682704 ], [ -46.745896, -23.683879 ], [ -46.746206, -23.68387 ], [ -46.746264, -23.684046 ], [ -46.746606, -23.683993 ], [ -46.746682, -23.683878 ], [ -46.746594, -23.683638 ], [ -46.746608, -23.683451 ], [ -46.746536, -23.683431 ], [ -46.746398, -23.683151 ], [ -46.746299, -23.683159 ], [ -46.746416, -23.682694 ], [ -46.746443, -23.682094 ], [ -46.746577, -23.68146 ], [ -46.74603, -23.681482 ], [ -46.746123, -23.681707 ], [ -46.745889, -23.681818 ], [ -46.745981, -23.68201 ], [ -46.745835, -23.682567 ] ] ] } },
{ "type": "Feature", "properties": { "CD_SETOR": "355030846000697", "faces": 1, "pavimentada": 100.0, "bueiro": 100.0, "iluminacao": 100.0, "onibus": 0.0, "ciclovia": 0.0, "calcada": 100.0, "obstaculo": 100.0, "rampa": 0.0, "rampa_faces": 0.0, "sem_calcada": 0.0, "sem_arvore": 100.0, "muitas_arvores": 0.0, "vao": 100.0, "V05400": 1, "V05421": 1, "V05406": 1, "V05412": 1, "V05422": 0, "V05424": 1, "V05427": 0, "V05409": 1, "V05415": 0, "V05418": 0, "V05430": 1, "V05433": 0, "criancas_0a4": 7, "em_favela": false }, "geometry": { "type": "Polygon", "coordinates": [ [ [ -46.745896, -23.683879 ], [ -46.74608, -23.682704 ], [ -46.746127, -23.68271 ], [ -46.746141, -23.682619 ], [ -46.745835, -23.682567 ], [ -46.745608, -23.683847 ], [ -46.745896, -23.683879 ] ] ] } },
{ "type": "Feature", "properties": { "CD_SETOR": "355030846000698", "faces": 9, "pavimentada": 100.0, "bueiro": 77.78, "iluminacao": 100.0, "onibus": 0.0, "ciclovia": 0.0, "calcada": 44.44, "obstaculo": 100.0, "rampa": 0.0, "rampa_faces": 0.0, "sem_calcada": 55.56, "sem_arvore": 100.0, "muitas_arvores": 0.0, "vao": 100.0, "V05400": 9, "V05421": 4, "V05406": 9, "V05412": 9, "V05422": 5, "V05424": 4, "V05427": 0, "V05409": 7, "V05415": 0, "V05418": 0, "V05430": 9, "V05433": 0, "criancas_0a4": 33, "em_favela": true }, "geometry": { "type": "Polygon", "coordinates": [ [ [ -46.744423, -23.685257 ], [ -46.744337, -23.685058 ], [ -46.744395, -23.684619 ], [ -46.744829, -23.684149 ], [ -46.745049, -23.684254 ], [ -46.745198, -23.683892 ], [ -46.745275, -23.68391 ], [ -46.745305, -23.683808 ], [ -46.74548, -23.682795 ], [ -46.745763, -23.682841 ], [ -46.745767, -23.682809 ], [ -46.744939, -23.681219 ], [ -46.74471, -23.681279 ], [ -46.744982, -23.681711 ], [ -46.745135, -23.682454 ], [ -46.745171, -23.683063 ], [ -46.745127, -23.683525 ], [ -46.745083, -23.683761 ], [ -46.744905, -23.683731 ], [ -46.744801, -23.684063 ], [ -46.744319, -23.684633 ], [ -46.744227, -23.6853 ], [ -46.744423, -23.685257 ] ] ] } },
{ "type": "Feature", "properties": { "CD_SETOR": "355030846000699", "faces": 3, "pavimentada": 100.0, "bueiro": 33.33, "iluminacao": 100.0, "onibus": 0.0, "ciclovia": 0.0, "calcada": 100.0, "obstaculo": 66.67, "rampa": 0.0, "rampa_faces": 0.0, "sem_calcada": 0.0, "sem_arvore": 66.67, "muitas_arvores": 0.0, "vao": 100.0, "V05400": 3, "V05421": 3, "V05406": 3, "V05412": 3, "V05422": 0, "V05424": 2, "V05427": 0, "V05409": 1, "V05415": 0, "V05418": 0, "V05430": 2, "V05433": 0, "criancas_0a4": 6, "em_favela": false }, "geometry": { "type": "Polygon", "coordinates": [ [ [ -46.745763, -23.682841 ], [ -46.74548, -23.682795 ], [ -46.745305, -23.683808 ], [ -46.745275, -23.68391 ], [ -46.745198, -23.683892 ], [ -46.745049, -23.684254 ], [ -46.744829, -23.684149 ], [ -46.744395, -23.684619 ], [ -46.744337, -23.685058 ], [ -46.744423, -23.685257 ], [ -46.74462, -23.685195 ], [ -46.745271, -23.684454 ], [ -46.745519, -23.684038 ], [ -46.745635, -23.68375 ], [ -46.745763, -23.682841 ] ] ] } },
{ "type": "Feature", "properties": { "CD_SETOR": "355030846000700", "faces": 4, "pavimentada": 100.0, "bueiro": 25.0, "iluminacao": 100.0, "onibus": 0.0, "ciclovia": 0.0, "calcada": 100.0, "obstaculo": 100.0, "rampa": 0.0, "rampa_faces": 0.0, "sem_calcada": 0.0, "sem_arvore": 100.0, "muitas_arvores": 0.0, "vao": 100.0, "V05400": 4, "V05421": 4, "V05406": 4, "V05412": 4, "V05422": 0, "V05424": 4, "V05427": 0, "V05409": 1, "V05415": 0, "V05418": 0, "V05430": 4, "V05433": 0, "criancas_0a4": 13, "em_favela": false }, "geometry": { "type": "Polygon", "coordinates": [ [ [ -46.745981, -23.68201 ], [ -46.745626, -23.681301 ], [ -46.74497, -23.681282 ], [ -46.745767, -23.682809 ], [ -46.745981, -23.68201 ] ] ] } },
{ "type": "Feature", "properties": { "CD_SETOR": "355030846000702", "faces": 9, "pavimentada": 100.0, "bueiro": 11.11, "iluminacao": 100.0, "onibus": 0.0, "ciclovia": 0.0, "calcada": 11.11, "obstaculo": 100.0, "rampa": 0.0, "rampa_faces": 0.0, "sem_calcada": 88.89, "sem_arvore": 66.67, "muitas_arvores": 11.11, "vao": 100.0, "V05400": 9, "V05421": 1, "V05406": 9, "V05412": 9, "V05422": 8, "V05424": 1, "V05427": 0, "V05409": 1, "V05415": 0, "V05418": 0, "V05430": 6, "V05433": 1, "criancas_0a4": 38, "em_favela": true }, "geometry": { "type": "Polygon", "coordinates": [ [ [ -46.732352, -23.663106 ], [ -46.732148, -23.662942 ], [ -46.732228, -23.66273 ], [ -46.731941, -23.662637 ], [ -46.731225, -23.663394 ], [ -46.731765, -23.663892 ], [ -46.732352, -23.663106 ] ] ] } },
{ "type": "Feature", "properties": { "CD_SETOR": "355030846000703", "faces": 2, "pavimentada": 100.0, "bueiro": 50.0, "iluminacao": 100.0, "onibus": 0.0, "ciclovia": 0.0, "calcada": 100.0, "obstaculo": 100.0, "rampa": 0.0, "rampa_faces": 0.0, "sem_calcada": 0.0, "sem_arvore": 50.0, "muitas_arvores": 0.0, "vao": 100.0, "V05400": 2, "V05421": 2, "V05406": 2, "V05412": 2, "V05422": 0, "V05424": 2, "V05427": 0, "V05409": 1, "V05415": 0, "V05418": 0, "V05430": 1, "V05433": 0, "criancas_0a4": 20, "em_favela": false }, "geometry": { "type": "Polygon", "coordinates": [ [ [ -46.731941, -23.662637 ], [ -46.732228, -23.66273 ], [ -46.732148, -23.662942 ], [ -46.732352, -23.663106 ], [ -46.732794, -23.661829 ], [ -46.732182, -23.662233 ], [ -46.731941, -23.662637 ] ] ] } },
{ "type": "Feature", "properties": { "CD_SETOR": "355030846000704", "faces": 3, "pavimentada": 100.0, "bueiro": 66.67, "iluminacao": 100.0, "onibus": 33.33, "ciclovia": 0.0, "calcada": 100.0, "obstaculo": 100.0, "rampa": 0.0, "rampa_faces": 0.0, "sem_calcada": 0.0, "sem_arvore": 66.67, "muitas_arvores": 0.0, "vao": 100.0, "V05400": 3, "V05421": 3, "V05406": 3, "V05412": 3, "V05422": 0, "V05424": 3, "V05427": 0, "V05409": 2, "V05415": 1, "V05418": 0, "V05430": 2, "V05433": 0, "criancas_0a4": 7, "em_favela": false }, "geometry": { "type": "Polygon", "coordinates": [ [ [ -46.733727, -23.662215 ], [ -46.733494, -23.662177 ], [ -46.733572, -23.661939 ], [ -46.733675, -23.661678 ], [ -46.733917, -23.661741 ], [ -46.734139, -23.661143 ], [ -46.733331, -23.661224 ], [ -46.733376, -23.661599 ], [ -46.732944, -23.662798 ], [ -46.73312, -23.66284 ], [ -46.733254, -23.662794 ], [ -46.733491, -23.662901 ], [ -46.733605, -23.662811 ], [ -46.733543, -23.662723 ], [ -46.733544, -23.662619 ], [ -46.733727, -23.662215 ] ] ] } },
{ "type": "Feature", "properties": { "CD_SETOR": "355030846000705", "faces": 1, "pavimentada": 100.0, "bueiro": 100.0, "iluminacao": 100.0, "onibus": 0.0, "ciclovia": 0.0, "calcada": 100.0, "obstaculo": 100.0, "rampa": 0.0, "rampa_faces": 0.0, "sem_calcada": 0.0, "sem_arvore": 100.0, "muitas_arvores": 0.0, "vao": 100.0, "V05400": 1, "V05421": 1, "V05406": 1, "V05412": 1, "V05422": 0, "V05424": 1, "V05427": 0, "V05409": 1, "V05415": 0, "V05418": 0, "V05430": 1, "V05433": 0, "criancas_0a4": 3, "em_favela": true }, "geometry": { "type": "Polygon", "coordinates": [ [ [ -46.733917, -23.661741 ], [ -46.733675, -23.661678 ], [ -46.733494, -23.662177 ], [ -46.733727, -23.662215 ], [ -46.733917, -23.661741 ] ] ] } },
{ "type": "Feature", "properties": { "CD_SETOR": "355030846000706", "faces": 10, "pavimentada": 100.0, "bueiro": 90.0, "iluminacao": 100.0, "onibus": 10.0, "ciclovia": 10.0, "calcada": 90.0, "obstaculo": 88.89, "rampa": 11.11, "rampa_faces": 10.0, "sem_calcada": 10.0, "sem_arvore": 50.0, "muitas_arvores": 40.0, "vao": 90.0, "V05400": 10, "V05421": 9, "V05406": 10, "V05412": 10, "V05422": 1, "V05424": 8, "V05427": 1, "V05409": 9, "V05415": 1, "V05418": 1, "V05430": 5, "V05433": 4, "criancas_0a4": 51, "em_favela": false }, "geometry": { "type": "Polygon", "coordinates": [ [ [ -46.733329, -23.663743 ], [ -46.733499, -23.663944 ], [ -46.733018, -23.66426 ], [ -46.732638, -23.6641 ], [ -46.732606, -23.664136 ], [ -46.732451, -23.664109 ], [ -46.732428, -23.664059 ], [ -46.732144, -23.664168 ], [ -46.731928, -23.664412 ], [ -46.732251, -23.664404 ], [ -46.732418, -23.664449 ], [ -46.73281, -23.664769 ], [ -46.732821, -23.664895 ], [ -46.732765, -23.665057 ], [ -46.732463, -23.665513 ], [ -46.732322, -23.665607 ], [ -46.732861, -23.665984 ], [ -46.733468, -23.665037 ], [ -46.735239, -23.663802 ], [ -46.734922, -23.663347 ], [ -46.73484, -23.663291 ], [ -46.734476, -23.66357 ], [ -46.734126, -23.663139 ], [ -46.733329, -23.663743 ] ] ] } },
{ "type": "Feature", "properties": { "CD_SETOR": "355030846000707", "faces": 1, "pavimentada": 100.0, "bueiro": 0.0, "iluminacao": 100.0, "onibus": 0.0, "ciclovia": 0.0, "calcada": 0.0, "obstaculo": null, "rampa": null, "rampa_faces": 0.0, "sem_calcada": 100.0, "sem_arvore": 100.0, "muitas_arvores": 0.0, "vao": 100.0, "V05400": 1, "V05421": 0, "V05406": 1, "V05412": 1, "V05422": 1, "V05424": 0, "V05427": 0, "V05409": 0, "V05415": 0, "V05418": 0, "V05430": 1, "V05433": 0, "criancas_0a4": 0, "em_favela": true }, "geometry": { "type": "Polygon", "coordinates": [ [ [ -46.732428, -23.664059 ], [ -46.732451, -23.664109 ], [ -46.732606, -23.664136 ], [ -46.732638, -23.6641 ], [ -46.733018, -23.66426 ], [ -46.733499, -23.663944 ], [ -46.733329, -23.663743 ], [ -46.733281, -23.663784 ], [ -46.733276, -23.664017 ], [ -46.733123, -23.664119 ], [ -46.732993, -23.664157 ], [ -46.732896, -23.664131 ], [ -46.732646, -23.663975 ], [ -46.732428, -23.664059 ] ] ] } },
{ "type": "Feature", "properties": { "CD_SETOR": "355030846000708", "faces": 5, "pavimentada": 100.0, "bueiro": 100.0, "iluminacao": 100.0, "onibus": 0.0, "ciclovia": 0.0, "calcada": 80.0, "obstaculo": 100.0, "rampa": 0.0, "rampa_faces": 0.0, "sem_calcada": 20.0, "sem_arvore": 20.0, "muitas_arvores": 40.0, "vao": 100.0, "V05400": 5, "V05421": 4, "V05406": 5, "V05412": 5, "V05422": 1, "V05424": 4, "V05427": 0, "V05409": 5, "V05415": 0, "V05418": 0, "V05430": 1, "V05433": 2, "criancas_0a4": 23, "em_favela": false }, "geometry": { "type": "Polygon", "coordinates": [ [ [ -46.738979, -23.664887 ], [ -46.738675, -23.664298 ], [ -46.73854, -23.664273 ], [ -46.738472, -23.664312 ], [ -46.738254, -23.66425 ], [ -46.738169, -23.664539 ], [ -46.737972, -23.664719 ], [ -46.737732, -23.665256 ], [ -46.737991, -23.665439 ], [ -46.738327, -23.664757 ], [ -46.738647, -23.665401 ], [ -46.738979, -23.664887 ] ] ] } },
{ "type": "Feature", "properties": { "CD_SETOR": "355030846000709", "faces": 6, "pavimentada": 100.0, "bueiro": 33.33, "iluminacao": 100.0, "onibus": 0.0, "ciclovia": 0.0, "calcada": 16.67, "obstaculo": 100.0, "rampa": 0.0, "rampa_faces": 0.0, "sem_calcada": 83.33, "sem_arvore": 100.0, "muitas_arvores": 0.0, "vao": 100.0, "V05400": 6, "V05421": 1, "V05406": 6, "V05412": 6, "V05422": 5, "V05424": 1, "V05427": 0, "V05409": 2, "V05415": 0, "V05418": 0, "V05430": 6, "V05433": 0, "criancas_0a4": 3, "em_favela": true }, "geometry": { "type": "Polygon", "coordinates": [ [ [ -46.738254, -23.66425 ], [ -46.738472, -23.664312 ], [ -46.73854, -23.664273 ], [ -46.738675, -23.664298 ], [ -46.738979, -23.664887 ], [ -46.739217, -23.664962 ], [ -46.739277, -23.664462 ], [ -46.739233, -23.66429 ], [ -46.738976, -23.664064 ], [ -46.738797, -23.664039 ], [ -46.738734, -23.663928 ], [ -46.738609, -23.663853 ], [ -46.738481, -23.663843 ], [ -46.738411, -23.663887 ], [ -46.738254, -23.66425 ] ] ] } },
{ "type": "Feature", "properties": { "CD_SETOR": "355030846000710", "faces": 4, "pavimentada": 100.0, "bueiro": 100.0, "iluminacao": 100.0, "onibus": 75.0, "ciclovia": 0.0, "calcada": 100.0, "obstaculo": 100.0, "rampa": 50.0, "rampa_faces": 50.0, "sem_calcada": 0.0, "sem_arvore": 0.0, "muitas_arvores": 75.0, "vao": 50.0, "V05400": 4, "V05421": 4, "V05406": 4, "V05412": 4, "V05422": 0, "V05424": 4, "V05427": 2, "V05409": 4, "V05415": 3, "V05418": 0, "V05430": 0, "V05433": 3, "criancas_0a4": 0, "em_favela": false }, "geometry": { "type": "Polygon", "coordinates": [ [ [ -46.733079, -23.650019 ], [ -46.729752, -23.653014 ], [ -46.729321, -23.652677 ], [ -46.729303, -23.651984 ], [ -46.730193, -23.651493 ], [ -46.731705, -23.650252 ], [ -46.732424, -23.649265 ], [ -46.731902, -23.648644 ], [ -46.731369, -23.647833 ], [ -46.730339, -23.646558 ], [ -46.730193, -23.646313 ], [ -46.729896, -23.645635 ], [ -46.729815, -23.645015 ], [ -46.729721, -23.644694 ], [ -46.727989, -23.644541 ], [ -46.727747, -23.644449 ], [ -46.726322, -23.644613 ], [ -46.726397, -23.645594 ], [ -46.726365, -23.646613 ], [ -46.726142, -23.647851 ], [ -46.725913, -23.648597 ], [ -46.72558, -23.649422 ], [ -46.725063, -23.650268 ], [ -46.724597, -23.650851 ], [ -46.720384, -23.655791 ], [ -46.723255, -23.655978 ], [ -46.724582, -23.655596 ], [ -46.727251, -23.654562 ], [ -46.726946, -23.654518 ], [ -46.727253, -23.654142 ], [ -46.727378, -23.654305 ], [ -46.727501, -23.654228 ], [ -46.727602, -23.654426 ], [ -46.729894, -23.653538 ], [ -46.732712, -23.651339 ], [ -46.733257, -23.650231 ], [ -46.733079, -23.650019 ] ] ] } },
{ "type": "Feature", "properties": { "CD_SETOR": "355030846000711", "faces": 9, "pavimentada": 100.0, "bueiro": 77.78, "iluminacao": 100.0, "onibus": 11.11, "ciclovia": 0.0, "calcada": 100.0, "obstaculo": 88.89, "rampa": 0.0, "rampa_faces": 0.0, "sem_calcada": 0.0, "sem_arvore": 66.67, "muitas_arvores": 11.11, "vao": 100.0, "V05400": 9, "V05421": 9, "V05406": 9, "V05412": 9, "V05422": 0, "V05424": 8, "V05427": 0, "V05409": 7, "V05415": 1, "V05418": 0, "V05430": 6, "V05433": 1, "criancas_0a4": 20, "em_favela": false }, "geometry": { "type": "Polygon", "coordinates": [ [ [ -46.732424, -23.649265 ], [ -46.731705, -23.650252 ], [ -46.730193, -23.651493 ], [ -46.729303, -23.651984 ], [ -46.729321, -23.652677 ], [ -46.729752, -23.653014 ], [ -46.733079, -23.650019 ], [ -46.732424, -23.649265 ] ] ] } },
{ "type": "Feature", "properties": { "CD_SETOR": "355030846000712", "faces": 12, "pavimentada": 100.0, "bueiro": 0.0, "iluminacao": 100.0, "onibus": 8.33, "ciclovia": 0.0, "calcada": 16.67, "obstaculo": 100.0, "rampa": 0.0, "rampa_faces": 0.0, "sem_calcada": 83.33, "sem_arvore": 83.33, "muitas_arvores": 0.0, "vao": 100.0, "V05400": 12, "V05421": 2, "V05406": 12, "V05412": 12, "V05422": 10, "V05424": 2, "V05427": 0, "V05409": 0, "V05415": 1, "V05418": 0, "V05430": 10, "V05433": 0, "criancas_0a4": 24, "em_favela": true }, "geometry": { "type": "Polygon", "coordinates": [ [ [ -46.748299, -23.672966 ], [ -46.748338, -23.672861 ], [ -46.748533, -23.672893 ], [ -46.748554, -23.67285 ], [ -46.748915, -23.672997 ], [ -46.74894, -23.672894 ], [ -46.749178, -23.672976 ], [ -46.749498, -23.672877 ], [ -46.749197, -23.672384 ], [ -46.748888, -23.67252 ], [ -46.748741, -23.672533 ], [ -46.748055, -23.672285 ], [ -46.747866, -23.672567 ], [ -46.747556, -23.672416 ], [ -46.747384, -23.672397 ], [ -46.747295, -23.672624 ], [ -46.748299, -23.672966 ] ] ] } },
{ "type": "Feature", "properties": { "CD_SETOR": "355030846000713", "faces": 2, "pavimentada": 100.0, "bueiro": 100.0, "iluminacao": 100.0, "onibus": 0.0, "ciclovia": 0.0, "calcada": 100.0, "obstaculo": 100.0, "rampa": 0.0, "rampa_faces": 0.0, "sem_calcada": 0.0, "sem_arvore": 0.0, "muitas_arvores": 0.0, "vao": 100.0, "V05400": 2, "V05421": 2, "V05406": 2, "V05412": 2, "V05422": 0, "V05424": 2, "V05427": 0, "V05409": 2, "V05415": 0, "V05418": 0, "V05430": 0, "V05433": 0, "criancas_0a4": 0, "em_favela": false }, "geometry": { "type": "Polygon", "coordinates": [ [ [ -46.748299, -23.672966 ], [ -46.74705, -23.672542 ], [ -46.746952, -23.67276 ], [ -46.748215, -23.673193 ], [ -46.748299, -23.672966 ] ] ] } },
{ "type": "Feature", "properties": { "CD_SETOR": "355030846000714", "faces": 2, "pavimentada": 100.0, "bueiro": 0.0, "iluminacao": 100.0, "onibus": 0.0, "ciclovia": 0.0, "calcada": 100.0, "obstaculo": 100.0, "rampa": 0.0, "rampa_faces": 0.0, "sem_calcada": 0.0, "sem_arvore": 100.0, "muitas_arvores": 0.0, "vao": 100.0, "V05400": 2, "V05421": 2, "V05406": 2, "V05412": 2, "V05422": 0, "V05424": 2, "V05427": 0, "V05409": 0, "V05415": 0, "V05418": 0, "V05430": 2, "V05433": 0, "criancas_0a4": 6, "em_favela": true }, "geometry": { "type": "Polygon", "coordinates": [ [ [ -46.750548, -23.673636 ], [ -46.750254, -23.673443 ], [ -46.750128, -23.673234 ], [ -46.750166, -23.673198 ], [ -46.749995, -23.673045 ], [ -46.749584, -23.673474 ], [ -46.749514, -23.673414 ], [ -46.749416, -23.673516 ], [ -46.749978, -23.673994 ], [ -46.750057, -23.673814 ], [ -46.750548, -23.673636 ] ] ] } },
{ "type": "Feature", "properties": { "CD_SETOR": "355030846000715", "faces": 2, "pavimentada": 100.0, "bueiro": 0.0, "iluminacao": 100.0, "onibus": 50.0, "ciclovia": 0.0, "calcada": 100.0, "obstaculo": 100.0, "rampa": 0.0, "rampa_faces": 0.0, "sem_calcada": 0.0, "sem_arvore": 0.0, "muitas_arvores": 0.0, "vao": 100.0, "V05400": 2, "V05421": 2, "V05406": 2, "V05412": 2, "V05422": 0, "V05424": 2, "V05427": 0, "V05409": 0, "V05415": 1, "V05418": 0, "V05430": 0, "V05433": 0, "criancas_0a4": 0, "em_favela": false }, "geometry": { "type": "Polygon", "coordinates": [ [ [ -46.750043, -23.671793 ], [ -46.750671, -23.672179 ], [ -46.750374, -23.672397 ], [ -46.749941, -23.672821 ], [ -46.749845, -23.672995 ], [ -46.749995, -23.673045 ], [ -46.751148, -23.671949 ], [ -46.750932, -23.671985 ], [ -46.750806, -23.671953 ], [ -46.75028, -23.671633 ], [ -46.750156, -23.671649 ], [ -46.750043, -23.671793 ] ] ] } },
{ "type": "Feature", "properties": { "CD_SETOR": "355030846000716", "faces": 4, "pavimentada": 100.0, "bueiro": 0.0, "iluminacao": 100.0, "onibus": 0.0, "ciclovia": 0.0, "calcada": 0.0, "obstaculo": null, "rampa": null, "rampa_faces": 0.0, "sem_calcada": 100.0, "sem_arvore": 75.0, "muitas_arvores": 0.0, "vao": 100.0, "V05400": 4, "V05421": 0, "V05406": 4, "V05412": 4, "V05422": 4, "V05424": 0, "V05427": 0, "V05409": 0, "V05415": 0, "V05418": 0, "V05430": 3, "V05433": 0, "criancas_0a4": 16, "em_favela": true }, "geometry": { "type": "Polygon", "coordinates": [ [ [ -46.749845, -23.672995 ], [ -46.749941, -23.672821 ], [ -46.750374, -23.672397 ], [ -46.750671, -23.672179 ], [ -46.750043, -23.671793 ], [ -46.749915, -23.671958 ], [ -46.750357, -23.672188 ], [ -46.749812, -23.672683 ], [ -46.749621, -23.672756 ], [ -46.749548, -23.672707 ], [ -46.749425, -23.672727 ], [ -46.749498, -23.672877 ], [ -46.749629, -23.672899 ], [ -46.749642, -23.672978 ], [ -46.749845, -23.672995 ] ] ] } },
{ "type": "Feature", "properties": { "CD_SETOR": "355030846000717", "faces": 5, "pavimentada": 100.0, "bueiro": 0.0, "iluminacao": 100.0, "onibus": 0.0, "ciclovia": 0.0, "calcada": 80.0, "obstaculo": 100.0, "rampa": 0.0, "rampa_faces": 0.0, "sem_calcada": 20.0, "sem_arvore": 80.0, "muitas_arvores": 20.0, "vao": 100.0, "V05400": 5, "V05421": 4, "V05406": 5, "V05412": 5, "V05422": 1, "V05424": 4, "V05427": 0, "V05409": 0, "V05415": 0, "V05418": 0, "V05430": 4, "V05433": 1, "criancas_0a4": 23, "em_favela": false }, "geometry": { "type": "Polygon", "coordinates": [ [ [ -46.741414, -23.67657 ], [ -46.741461, -23.676664 ], [ -46.742071, -23.677025 ], [ -46.742128, -23.677475 ], [ -46.742183, -23.677474 ], [ -46.742275, -23.678239 ], [ -46.742563, -23.678187 ], [ -46.742351, -23.677077 ], [ -46.742253, -23.67643 ], [ -46.742279, -23.676335 ], [ -46.742376, -23.676396 ], [ -46.742995, -23.67728 ], [ -46.74271, -23.675762 ], [ -46.742603, -23.675533 ], [ -46.742339, -23.675441 ], [ -46.741956, -23.675461 ], [ -46.741957, -23.676012 ], [ -46.741414, -23.67657 ] ] ] } },
{ "type": "Feature", "properties": { "CD_SETOR": "355030846000718", "faces": 5, "pavimentada": 100.0, "bueiro": 0.0, "iluminacao": 100.0, "onibus": 0.0, "ciclovia": 0.0, "calcada": 80.0, "obstaculo": 100.0, "rampa": 0.0, "rampa_faces": 0.0, "sem_calcada": 20.0, "sem_arvore": 60.0, "muitas_arvores": 20.0, "vao": 100.0, "V05400": 5, "V05421": 4, "V05406": 5, "V05412": 5, "V05422": 1, "V05424": 4, "V05427": 0, "V05409": 0, "V05415": 0, "V05418": 0, "V05430": 3, "V05433": 1, "criancas_0a4": 14, "em_favela": true }, "geometry": { "type": "Polygon", "coordinates": [ [ [ -46.742563, -23.678187 ], [ -46.742275, -23.678239 ], [ -46.742183, -23.677474 ], [ -46.742128, -23.677475 ], [ -46.742071, -23.677025 ], [ -46.741461, -23.676664 ], [ -46.741414, -23.67657 ], [ -46.741397, -23.676675 ], [ -46.741439, -23.676749 ], [ -46.741885, -23.676973 ], [ -46.74152, -23.677144 ], [ -46.741745, -23.677289 ], [ -46.741809, -23.67745 ], [ -46.741821, -23.677644 ], [ -46.741731, -23.677944 ], [ -46.742136, -23.678191 ], [ -46.742246, -23.67834 ], [ -46.742622, -23.678562 ], [ -46.742563, -23.678187 ] ] ] } },
{ "type": "Feature", "properties": { "CD_SETOR": "355030846000719", "faces": 4, "pavimentada": 100.0, "bueiro": 50.0, "iluminacao": 100.0, "onibus": 0.0, "ciclovia": 0.0, "calcada": 75.0, "obstaculo": 100.0, "rampa": 0.0, "rampa_faces": 0.0, "sem_calcada": 25.0, "sem_arvore": 75.0, "muitas_arvores": 0.0, "vao": 100.0, "V05400": 4, "V05421": 3, "V05406": 4, "V05412": 4, "V05422": 1, "V05424": 3, "V05427": 0, "V05409": 2, "V05415": 0, "V05418": 0, "V05430": 3, "V05433": 0, "criancas_0a4": 13, "em_favela": false }, "geometry": { "type": "Polygon", "coordinates": [ [ [ -46.740759, -23.676421 ], [ -46.741164, -23.676674 ], [ -46.741351, -23.676741 ], [ -46.741421, -23.676717 ], [ -46.741415, -23.676567 ], [ -46.741957, -23.676012 ], [ -46.741956, -23.675461 ], [ -46.741522, -23.675607 ], [ -46.740759, -23.676421 ] ] ] } },
{ "type": "Feature", "properties": { "CD_SETOR": "355030846000720", "faces": 2, "pavimentada": 100.0, "bueiro": 50.0, "iluminacao": 100.0, "onibus": 0.0, "ciclovia": 0.0, "calcada": 50.0, "obstaculo": 100.0, "rampa": 0.0, "rampa_faces": 0.0, "sem_calcada": 50.0, "sem_arvore": 100.0, "muitas_arvores": 0.0, "vao": 100.0, "V05400": 2, "V05421": 1, "V05406": 2, "V05412": 2, "V05422": 1, "V05424": 1, "V05427": 0, "V05409": 1, "V05415": 0, "V05418": 0, "V05430": 2, "V05433": 0, "criancas_0a4": 0, "em_favela": true }, "geometry": { "type": "Polygon", "coordinates": [ [ [ -46.741421, -23.676717 ], [ -46.741351, -23.676741 ], [ -46.741164, -23.676674 ], [ -46.740759, -23.676421 ], [ -46.740599, -23.676616 ], [ -46.74152, -23.677144 ], [ -46.741885, -23.676973 ], [ -46.741421, -23.676717 ] ] ] } },
{ "type": "Feature", "properties": { "CD_SETOR": "355030846000721", "faces": 14, "pavimentada": 100.0, "bueiro": 14.29, "iluminacao": 100.0, "onibus": 14.29, "ciclovia": 0.0, "calcada": 92.86, "obstaculo": 100.0, "rampa": 7.69, "rampa_faces": 7.14, "sem_calcada": 7.14, "sem_arvore": 42.86, "muitas_arvores": 14.29, "vao": 92.86, "V05400": 14, "V05421": 13, "V05406": 14, "V05412": 14, "V05422": 1, "V05424": 13, "V05427": 1, "V05409": 2, "V05415": 2, "V05418": 0, "V05430": 6, "V05433": 2, "criancas_0a4": 34, "em_favela": false }, "geometry": { "type": "Polygon", "coordinates": [ [ [ -46.73823, -23.679532 ], [ -46.738523, -23.679321 ], [ -46.738869, -23.679648 ], [ -46.738976, -23.679299 ], [ -46.738893, -23.678654 ], [ -46.738936, -23.67844 ], [ -46.73862, -23.678364 ], [ -46.738637, -23.678228 ], [ -46.738323, -23.677713 ], [ -46.738207, -23.677625 ], [ -46.738065, -23.677614 ], [ -46.738013, -23.678236 ], [ -46.737359, -23.678084 ], [ -46.737358, -23.678313 ], [ -46.737652, -23.679514 ], [ -46.738209, -23.679428 ], [ -46.73823, -23.679532 ] ] ] } },
{ "type": "Feature", "properties": { "CD_SETOR": "355030846000722", "faces": 11, "pavimentada": 81.82, "bueiro": 18.18, "iluminacao": 100.0, "onibus": 9.09, "ciclovia": 9.09, "calcada": 45.45, "obstaculo": 80.0, "rampa": 0.0, "rampa_faces": 0.0, "sem_calcada": 54.55, "sem_arvore": 9.09, "muitas_arvores": 90.91, "vao": 81.82, "V05400": 11, "V05421": 5, "V05406": 9, "V05412": 11, "V05422": 6, "V05424": 4, "V05427": 0, "V05409": 2, "V05415": 1, "V05418": 1, "V05430": 1, "V05433": 10, "criancas_0a4": 4, "em_favela": false }, "geometry": { "type": "Polygon", "coordinates": [ [ [ -46.733135, -23.685881 ], [ -46.734173, -23.685862 ], [ -46.735874, -23.685686 ], [ -46.736064, -23.685509 ], [ -46.73631, -23.685109 ], [ -46.73661, -23.684901 ], [ -46.736156, -23.683557 ], [ -46.735438, -23.682542 ], [ -46.735212, -23.681708 ], [ -46.73499, -23.681173 ], [ -46.734719, -23.680676 ], [ -46.734366, -23.680721 ], [ -46.734241, -23.680398 ], [ -46.734069, -23.680122 ], [ -46.733811, -23.680353 ], [ -46.733722, -23.68084 ], [ -46.733436, -23.681216 ], [ -46.733338, -23.681455 ], [ -46.733417, -23.682216 ], [ -46.733596, -23.682468 ], [ -46.733812, -23.683281 ], [ -46.733846, -23.683639 ], [ -46.733678, -23.68401 ], [ -46.733135, -23.685881 ] ] ] } },
{ "type": "Feature", "properties": { "CD_SETOR": "355030846000723", "faces": 20, "pavimentada": 45.0, "bueiro": 40.0, "iluminacao": 100.0, "onibus": 5.0, "ciclovia": 0.0, "calcada": 35.0, "obstaculo": 42.86, "rampa": 42.86, "rampa_faces": 15.0, "sem_calcada": 65.0, "sem_arvore": 5.0, "muitas_arvores": 85.0, "vao": 30.0, "V05400": 20, "V05421": 7, "V05406": 9, "V05412": 20, "V05422": 13, "V05424": 3, "V05427": 3, "V05409": 8, "V05415": 1, "V05418": 0, "V05430": 1, "V05433": 17, "criancas_0a4": 47, "em_favela": false }, "geometry": { "type": "Polygon", "coordinates": [ [ [ -46.737236, -23.685828 ], [ -46.736702, -23.685118 ], [ -46.73661, -23.684901 ], [ -46.73631, -23.685109 ], [ -46.736064, -23.685509 ], [ -46.735874, -23.685686 ], [ -46.734173, -23.685862 ], [ -46.733135, -23.685881 ], [ -46.732976, -23.686061 ], [ -46.732627, -23.686185 ], [ -46.732311, -23.686551 ], [ -46.732215, -23.687021 ], [ -46.732319, -23.687358 ], [ -46.732061, -23.688318 ], [ -46.732011, -23.688933 ], [ -46.732252, -23.689332 ], [ -46.732489, -23.689536 ], [ -46.733229, -23.689594 ], [ -46.734427, -23.688946 ], [ -46.734967, -23.689308 ], [ -46.734853, -23.689802 ], [ -46.734907, -23.69011 ], [ -46.735601, -23.690561 ], [ -46.736071, -23.69084 ], [ -46.736358, -23.690919 ], [ -46.736649, -23.690794 ], [ -46.736761, -23.690603 ], [ -46.736986, -23.690707 ], [ -46.737314, -23.691106 ], [ -46.737543, -23.69111 ], [ -46.738171, -23.691376 ], [ -46.738154, -23.692062 ], [ -46.737776, -23.692261 ], [ -46.737722, -23.692461 ], [ -46.737851, -23.693018 ], [ -46.7381, -23.693151 ], [ -46.738275, -23.693334 ], [ -46.738458, -23.693347 ], [ -46.738607, -23.693933 ], [ -46.738719, -23.694116 ], [ -46.738832, -23.694748 ], [ -46.739281, -23.695072 ], [ -46.739721, -23.696099 ], [ -46.739896, -23.696282 ], [ -46.740042, -23.696352 ], [ -46.740254, -23.696336 ], [ -46.740806, -23.695953 ], [ -46.741035, -23.695741 ], [ -46.741056, -23.695575 ], [ -46.741276, -23.695583 ], [ -46.741285, -23.695845 ], [ -46.74153, -23.696336 ], [ -46.741505, -23.696689 ], [ -46.74175, -23.696785 ], [ -46.741929, -23.696766 ], [ -46.742135, -23.697007 ], [ -46.74223, -23.697057 ], [ -46.742775, -23.697028 ], [ -46.743914, -23.697248 ], [ -46.744326, -23.697228 ], [ -46.744376, -23.697149 ], [ -46.744451, -23.696887 ], [ -46.744513, -23.696251 ], [ -46.744442, -23.69591 ], [ -46.744671, -23.695955 ], [ -46.745145, -23.696471 ], [ -46.745739, -23.696309 ], [ -46.746454, -23.696392 ], [ -46.746812, -23.696263 ], [ -46.74744, -23.695095 ], [ -46.747515, -23.694711 ], [ -46.74612, -23.693628 ], [ -46.745433, -23.693263 ], [ -46.745089, -23.692687 ], [ -46.744714, -23.69235 ], [ -46.743537, -23.691979 ], [ -46.74322, -23.691796 ], [ -46.743076, -23.692442 ], [ -46.742988, -23.693188 ], [ -46.742284, -23.692705 ], [ -46.74021, -23.691765 ], [ -46.739446, -23.692692 ], [ -46.738824, -23.692243 ], [ -46.738751, -23.691948 ], [ -46.739511, -23.691072 ], [ -46.739692, -23.690681 ], [ -46.739755, -23.690653 ], [ -46.739938, -23.690691 ], [ -46.740038, -23.690177 ], [ -46.740131, -23.689949 ], [ -46.739768, -23.689684 ], [ -46.739651, -23.689404 ], [ -46.739728, -23.689298 ], [ -46.738515, -23.688361 ], [ -46.737746, -23.68797 ], [ -46.737397, -23.687689 ], [ -46.73727, -23.68746 ], [ -46.737229, -23.687195 ], [ -46.737256, -23.687082 ], [ -46.737626, -23.686572 ], [ -46.737695, -23.686394 ], [ -46.737601, -23.686075 ], [ -46.737236, -23.685828 ] ] ] } },
{ "type": "Feature", "properties": { "CD_SETOR": "355030846000724", "faces": 7, "pavimentada": 100.0, "bueiro": 85.71, "iluminacao": 100.0, "onibus": 14.29, "ciclovia": 0.0, "calcada": 28.57, "obstaculo": 100.0, "rampa": 0.0, "rampa_faces": 0.0, "sem_calcada": 71.43, "sem_arvore": 85.71, "muitas_arvores": 14.29, "vao": 100.0, "V05400": 7, "V05421": 2, "V05406": 7, "V05412": 7, "V05422": 5, "V05424": 2, "V05427": 0, "V05409": 6, "V05415": 1, "V05418": 0, "V05430": 6, "V05433": 1, "criancas_0a4": 21, "em_favela": true }, "geometry": { "type": "Polygon", "coordinates": [ [ [ -46.749473, -23.683022 ], [ -46.749309, -23.683262 ], [ -46.748956, -23.684275 ], [ -46.749061, -23.684313 ], [ -46.749931, -23.683636 ], [ -46.749958, -23.683486 ], [ -46.749473, -23.683022 ] ] ] } },
{ "type": "Feature", "properties": { "CD_SETOR": "355030846000725", "faces": 7, "pavimentada": 100.0, "bueiro": 71.43, "iluminacao": 100.0, "onibus": 0.0, "ciclovia": 0.0, "calcada": 42.86, "obstaculo": 66.67, "rampa": 0.0, "rampa_faces": 0.0, "sem_calcada": 57.14, "sem_arvore": 85.71, "muitas_arvores": 14.29, "vao": 100.0, "V05400": 7, "V05421": 3, "V05406": 7, "V05412": 7, "V05422": 4, "V05424": 2, "V05427": 0, "V05409": 5, "V05415": 0, "V05418": 0, "V05430": 6, "V05433": 1, "criancas_0a4": 5, "em_favela": false }, "geometry": { "type": "Polygon", "coordinates": [ [ [ -46.748956, -23.684275 ], [ -46.748901, -23.684385 ], [ -46.749104, -23.684602 ], [ -46.749848, -23.684014 ], [ -46.750167, -23.683948 ], [ -46.749931, -23.683636 ], [ -46.749061, -23.684313 ], [ -46.748956, -23.684275 ] ] ] } },
{ "type": "Feature", "properties": { "CD_SETOR": "355030846000726", "faces": 6, "pavimentada": 100.0, "bueiro": 0.0, "iluminacao": 100.0, "onibus": 16.67, "ciclovia": 0.0, "calcada": 83.33, "obstaculo": 100.0, "rampa": 0.0, "rampa_faces": 0.0, "sem_calcada": 16.67, "sem_arvore": 83.33, "muitas_arvores": 0.0, "vao": 100.0, "V05400": 6, "V05421": 5, "V05406": 6, "V05412": 6, "V05422": 1, "V05424": 5, "V05427": 0, "V05409": 0, "V05415": 1, "V05418": 0, "V05430": 5, "V05433": 0, "criancas_0a4": 13, "em_favela": false }, "geometry": { "type": "Polygon", "coordinates": [ [ [ -46.747079, -23.683814 ], [ -46.747028, -23.684024 ], [ -46.746966, -23.684024 ], [ -46.746927, -23.684216 ], [ -46.746572, -23.684236 ], [ -46.746515, -23.684024 ], [ -46.746264, -23.684046 ], [ -46.745941, -23.684154 ], [ -46.745728, -23.684567 ], [ -46.745691, -23.684876 ], [ -46.746548, -23.684571 ], [ -46.746888, -23.684618 ], [ -46.747298, -23.684842 ], [ -46.747332, -23.684364 ], [ -46.747381, -23.684251 ], [ -46.747251, -23.683773 ], [ -46.747079, -23.683814 ] ] ] } },
{ "type": "Feature", "properties": { "CD_SETOR": "355030846000727", "faces": 1, "pavimentada": 100.0, "bueiro": 0.0, "iluminacao": 100.0, "onibus": 0.0, "ciclovia": 0.0, "calcada": 100.0, "obstaculo": 100.0, "rampa": 0.0, "rampa_faces": 0.0, "sem_calcada": 0.0, "sem_arvore": 100.0, "muitas_arvores": 0.0, "vao": 100.0, "V05400": 1, "V05421": 1, "V05406": 1, "V05412": 1, "V05422": 0, "V05424": 1, "V05427": 0, "V05409": 0, "V05415": 0, "V05418": 0, "V05430": 1, "V05433": 0, "criancas_0a4": 0, "em_favela": true }, "geometry": { "type": "Polygon", "coordinates": [ [ [ -46.746515, -23.684024 ], [ -46.746572, -23.684236 ], [ -46.746927, -23.684216 ], [ -46.746966, -23.684024 ], [ -46.747028, -23.684024 ], [ -46.747079, -23.683814 ], [ -46.746935, -23.683811 ], [ -46.746908, -23.683915 ], [ -46.746794, -23.683936 ], [ -46.746682, -23.683878 ], [ -46.746606, -23.683993 ], [ -46.746515, -23.684024 ] ] ] } },
{ "type": "Feature", "properties": { "CD_SETOR": "355030846000728", "faces": 7, "pavimentada": 100.0, "bueiro": 42.86, "iluminacao": 100.0, "onibus": 0.0, "ciclovia": 0.0, "calcada": 14.29, "obstaculo": 100.0, "rampa": 0.0, "rampa_faces": 0.0, "sem_calcada": 85.71, "sem_arvore": 100.0, "muitas_arvores": 0.0, "vao": 100.0, "V05400": 7, "V05421": 1, "V05406": 7, "V05412": 7, "V05422": 6, "V05424": 1, "V05427": 0, "V05409": 3, "V05415": 0, "V05418": 0, "V05430": 7, "V05433": 0, "criancas_0a4": 12, "em_favela": true }, "geometry": { "type": "Polygon", "coordinates": [ [ [ -46.747079, -23.683814 ], [ -46.746946, -23.683633 ], [ -46.746876, -23.683341 ], [ -46.746815, -23.683351 ], [ -46.746798, -23.683134 ], [ -46.746767, -23.683138 ], [ -46.746742, -23.682652 ], [ -46.746684, -23.682654 ], [ -46.746698, -23.681464 ], [ -46.746577, -23.68146 ], [ -46.746443, -23.682094 ], [ -46.746416, -23.682694 ], [ -46.746299, -23.683159 ], [ -46.746398, -23.683151 ], [ -46.746536, -23.683431 ], [ -46.746608, -23.683451 ], [ -46.746594, -23.683638 ], [ -46.746682, -23.683878 ], [ -46.746794, -23.683936 ], [ -46.746908, -23.683915 ], [ -46.746935, -23.683811 ], [ -46.747079, -23.683814 ] ] ] } },
{ "type": "Feature", "properties": { "CD_SETOR": "355030846000729", "faces": 2, "pavimentada": 100.0, "bueiro": 50.0, "iluminacao": 100.0, "onibus": 0.0, "ciclovia": 0.0, "calcada": 100.0, "obstaculo": 100.0, "rampa": 0.0, "rampa_faces": 0.0, "sem_calcada": 0.0, "sem_arvore": 0.0, "muitas_arvores": 0.0, "vao": 100.0, "V05400": 2, "V05421": 2, "V05406": 2, "V05412": 2, "V05422": 0, "V05424": 2, "V05427": 0, "V05409": 1, "V05415": 0, "V05418": 0, "V05430": 0, "V05433": 0, "criancas_0a4": 20, "em_favela": false }, "geometry": { "type": "Polygon", "coordinates": [ [ [ -46.746698, -23.681464 ], [ -46.746684, -23.682654 ], [ -46.746742, -23.682652 ], [ -46.746815, -23.683351 ], [ -46.746876, -23.683341 ], [ -46.746946, -23.683633 ], [ -46.747079, -23.683814 ], [ -46.747251, -23.683773 ], [ -46.746977, -23.682694 ], [ -46.746828, -23.681468 ], [ -46.746698, -23.681464 ] ] ] } },
{ "type": "Feature", "properties": { "CD_SETOR": "355030846000730", "faces": 2, "pavimentada": 100.0, "bueiro": 50.0, "iluminacao": 100.0, "onibus": 50.0, "ciclovia": 0.0, "calcada": 100.0, "obstaculo": 50.0, "rampa": 0.0, "rampa_faces": 0.0, "sem_calcada": 0.0, "sem_arvore": 100.0, "muitas_arvores": 0.0, "vao": 100.0, "V05400": 2, "V05421": 2, "V05406": 2, "V05412": 2, "V05422": 0, "V05424": 1, "V05427": 0, "V05409": 1, "V05415": 1, "V05418": 0, "V05430": 2, "V05433": 0, "criancas_0a4": 0, "em_favela": false }, "geometry": { "type": "Polygon", "coordinates": [ [ [ -46.744227, -23.6853 ], [ -46.744182, -23.685174 ], [ -46.744239, -23.684778 ], [ -46.744041, -23.684767 ], [ -46.744197, -23.684213 ], [ -46.743953, -23.684156 ], [ -46.743695, -23.685141 ], [ -46.743697, -23.6854 ], [ -46.744227, -23.6853 ] ] ] } },
{ "type": "Feature", "properties": { "CD_SETOR": "355030846000731", "faces": 3, "pavimentada": 100.0, "bueiro": 66.67, "iluminacao": 100.0, "onibus": 0.0, "ciclovia": 0.0, "calcada": 0.0, "obstaculo": null, "rampa": null, "rampa_faces": 0.0, "sem_calcada": 100.0, "sem_arvore": 100.0, "muitas_arvores": 0.0, "vao": 100.0, "V05400": 3, "V05421": 0, "V05406": 3, "V05412": 3, "V05422": 3, "V05424": 0, "V05427": 0, "V05409": 2, "V05415": 0, "V05418": 0, "V05430": 3, "V05433": 0, "criancas_0a4": 15, "em_favela": true }, "geometry": { "type": "Polygon", "coordinates": [ [ [ -46.743953, -23.684156 ], [ -46.744197, -23.684213 ], [ -46.744041, -23.684767 ], [ -46.744239, -23.684778 ], [ -46.744182, -23.685174 ], [ -46.744227, -23.6853 ], [ -46.744319, -23.684633 ], [ -46.744653, -23.684226 ], [ -46.744082, -23.68397 ], [ -46.743953, -23.684156 ] ] ] } },
{ "type": "Feature", "properties": { "CD_SETOR": "355030846000732", "faces": 2, "pavimentada": 100.0, "bueiro": 0.0, "iluminacao": 100.0, "onibus": 50.0, "ciclovia": 0.0, "calcada": 100.0, "obstaculo": 100.0, "rampa": 0.0, "rampa_faces": 0.0, "sem_calcada": 0.0, "sem_arvore": 100.0, "muitas_arvores": 0.0, "vao": 100.0, "V05400": 2, "V05421": 2, "V05406": 2, "V05412": 2, "V05422": 0, "V05424": 2, "V05427": 0, "V05409": 0, "V05415": 1, "V05418": 0, "V05430": 2, "V05433": 0, "criancas_0a4": 6, "em_favela": false }, "geometry": { "type": "Polygon", "coordinates": [ [ [ -46.746424, -23.685812 ], [ -46.745807, -23.685153 ], [ -46.746312, -23.685017 ], [ -46.746213, -23.684704 ], [ -46.745194, -23.68501 ], [ -46.746271, -23.686065 ], [ -46.746405, -23.685955 ], [ -46.746424, -23.685812 ] ] ] } },
{ "type": "Feature", "properties": { "CD_SETOR": "355030846000733", "faces": 1, "pavimentada": 100.0, "bueiro": 0.0, "iluminacao": 100.0, "onibus": 0.0, "ciclovia": 0.0, "calcada": 0.0, "obstaculo": null, "rampa": null, "rampa_faces": 0.0, "sem_calcada": 100.0, "sem_arvore": 100.0, "muitas_arvores": 0.0, "vao": 100.0, "V05400": 1, "V05421": 0, "V05406": 1, "V05412": 1, "V05422": 1, "V05424": 0, "V05427": 0, "V05409": 0, "V05415": 0, "V05418": 0, "V05430": 1, "V05433": 0, "criancas_0a4": 3, "em_favela": true }, "geometry": { "type": "Polygon", "coordinates": [ [ [ -46.746299, -23.685022 ], [ -46.745807, -23.685153 ], [ -46.746172, -23.685566 ], [ -46.74635, -23.685216 ], [ -46.746299, -23.685022 ] ] ] } },
{ "type": "Feature", "properties": { "CD_SETOR": "355030846000734", "faces": 7, "pavimentada": 100.0, "bueiro": 57.14, "iluminacao": 100.0, "onibus": 0.0, "ciclovia": 0.0, "calcada": 71.43, "obstaculo": 100.0, "rampa": 0.0, "rampa_faces": 0.0, "sem_calcada": 28.57, "sem_arvore": 71.43, "muitas_arvores": 0.0, "vao": 100.0, "V05400": 7, "V05421": 5, "V05406": 7, "V05412": 7, "V05422": 2, "V05424": 5, "V05427": 0, "V05409": 4, "V05415": 0, "V05418": 0, "V05430": 5, "V05433": 0, "criancas_0a4": 10, "em_favela": false }, "geometry": { "type": "Polygon", "coordinates": [ [ [ -46.74659, -23.686889 ], [ -46.747677, -23.686382 ], [ -46.747402, -23.685859 ], [ -46.747425, -23.68567 ], [ -46.747645, -23.685053 ], [ -46.747386, -23.684896 ], [ -46.747118, -23.685824 ], [ -46.747115, -23.685934 ], [ -46.747199, -23.686102 ], [ -46.746941, -23.686236 ], [ -46.746844, -23.686172 ], [ -46.74659, -23.686889 ] ] ] } },
{ "type": "Feature", "properties": { "CD_SETOR": "355030846000735", "faces": 2, "pavimentada": 100.0, "bueiro": 50.0, "iluminacao": 100.0, "onibus": 50.0, "ciclovia": 0.0, "calcada": 100.0, "obstaculo": 100.0, "rampa": 0.0, "rampa_faces": 0.0, "sem_calcada": 0.0, "sem_arvore": 100.0, "muitas_arvores": 0.0, "vao": 100.0, "V05400": 2, "V05421": 2, "V05406": 2, "V05412": 2, "V05422": 0, "V05424": 2, "V05427": 0, "V05409": 1, "V05415": 1, "V05418": 0, "V05430": 2, "V05433": 0, "criancas_0a4": 8, "em_favela": true }, "geometry": { "type": "Polygon", "coordinates": [ [ [ -46.746844, -23.686172 ], [ -46.746941, -23.686236 ], [ -46.747199, -23.686102 ], [ -46.747115, -23.685934 ], [ -46.747118, -23.685824 ], [ -46.747386, -23.684896 ], [ -46.747159, -23.684767 ], [ -46.747145, -23.684865 ], [ -46.747072, -23.684888 ], [ -46.747035, -23.685096 ], [ -46.746939, -23.685098 ], [ -46.746953, -23.685197 ], [ -46.747057, -23.685306 ], [ -46.746844, -23.686172 ] ] ] } },
{ "type": "Feature", "properties": { "CD_SETOR": "355030846000736", "faces": 19, "pavimentada": 100.0, "bueiro": 78.95, "iluminacao": 100.0, "onibus": 42.11, "ciclovia": 42.11, "calcada": 100.0, "obstaculo": 26.32, "rampa": 78.95, "rampa_faces": 78.95, "sem_calcada": 0.0, "sem_arvore": 15.79, "muitas_arvores": 78.95, "vao": 21.05, "V05400": 19, "V05421": 19, "V05406": 19, "V05412": 19, "V05422": 0, "V05424": 5, "V05427": 15, "V05409": 15, "V05415": 8, "V05418": 8, "V05430": 3, "V05433": 15, "criancas_0a4": 0, "em_favela": false }, "geometry": { "type": "Polygon", "coordinates": [ [ [ -46.722034, -23.658339 ], [ -46.724427, -23.667051 ], [ -46.729129, -23.667476 ], [ -46.729156, -23.667297 ], [ -46.728877, -23.667266 ], [ -46.728912, -23.666004 ], [ -46.729218, -23.665995 ], [ -46.729357, -23.663518 ], [ -46.730019, -23.661994 ], [ -46.729567, -23.661687 ], [ -46.729476, -23.661422 ], [ -46.729495, -23.661254 ], [ -46.72907, -23.661179 ], [ -46.729057, -23.661783 ], [ -46.728912, -23.661782 ], [ -46.728872, -23.661322 ], [ -46.728799, -23.661274 ], [ -46.728455, -23.661291 ], [ -46.728407, -23.660435 ], [ -46.728193, -23.660385 ], [ -46.728189, -23.65926 ], [ -46.727985, -23.65897 ], [ -46.72781, -23.658328 ], [ -46.727797, -23.657947 ], [ -46.727284, -23.656765 ], [ -46.727099, -23.655607 ], [ -46.727028, -23.655465 ], [ -46.725879, -23.655935 ], [ -46.725794, -23.655702 ], [ -46.726759, -23.655285 ], [ -46.726657, -23.65521 ], [ -46.726651, -23.655099 ], [ -46.726877, -23.654808 ], [ -46.72715, -23.654809 ], [ -46.727391, -23.654956 ], [ -46.727502, -23.654735 ], [ -46.727251, -23.654562 ], [ -46.724582, -23.655596 ], [ -46.723255, -23.655978 ], [ -46.720384, -23.655791 ], [ -46.719709, -23.656583 ], [ -46.720956, -23.65707 ], [ -46.721232, -23.657223 ], [ -46.721479, -23.657417 ], [ -46.72186, -23.657923 ], [ -46.722034, -23.658339 ] ], [ [ -46.728426, -23.663323 ], [ -46.727962, -23.663186 ], [ -46.727121, -23.663202 ], [ -46.726882, -23.663137 ], [ -46.726691, -23.663024 ], [ -46.726228, -23.662541 ], [ -46.72823, -23.662065 ], [ -46.728426, -23.663323 ] ] ] } },
{ "type": "Feature", "properties": { "CD_SETOR": "355030846000737", "faces": 5, "pavimentada": 100.0, "bueiro": 100.0, "iluminacao": 100.0, "onibus": 40.0, "ciclovia": 20.0, "calcada": 100.0, "obstaculo": 60.0, "rampa": 20.0, "rampa_faces": 20.0, "sem_calcada": 0.0, "sem_arvore": 20.0, "muitas_arvores": 80.0, "vao": 80.0, "V05400": 5, "V05421": 5, "V05406": 5, "V05412": 5, "V05422": 0, "V05424": 3, "V05427": 1, "V05409": 5, "V05415": 2, "V05418": 1, "V05430": 1, "V05433": 4, "criancas_0a4": 0, "em_favela": false }, "geometry": { "type": "Polygon", "coordinates": [ [ [ -46.731016, -23.664401 ], [ -46.730952, -23.664478 ], [ -46.73142, -23.664985 ], [ -46.731665, -23.664786 ], [ -46.731656, -23.664433 ], [ -46.731928, -23.664412 ], [ -46.732144, -23.664168 ], [ -46.731765, -23.663892 ], [ -46.731225, -23.663394 ], [ -46.731903, -23.66269 ], [ -46.731536, -23.662358 ], [ -46.731674, -23.661899 ], [ -46.731478, -23.661914 ], [ -46.731464, -23.661982 ], [ -46.730472, -23.662117 ], [ -46.730019, -23.661994 ], [ -46.729448, -23.663288 ], [ -46.729326, -23.663706 ], [ -46.73017, -23.663925 ], [ -46.730654, -23.664136 ], [ -46.731016, -23.664401 ] ] ] } },
{ "type": "Feature", "properties": { "CD_SETOR": "355030846000738", "faces": 8, "pavimentada": 100.0, "bueiro": 100.0, "iluminacao": 100.0, "onibus": 75.0, "ciclovia": 37.5, "calcada": 100.0, "obstaculo": 12.5, "rampa": 75.0, "rampa_faces": 75.0, "sem_calcada": 0.0, "sem_arvore": 12.5, "muitas_arvores": 87.5, "vao": 25.0, "V05400": 8, "V05421": 8, "V05406": 8, "V05412": 8, "V05422": 0, "V05424": 1, "V05427": 6, "V05409": 8, "V05415": 6, "V05418": 3, "V05430": 1, "V05433": 7, "criancas_0a4": 5, "em_favela": false }, "geometry": { "type": "Polygon", "coordinates": [ [ [ -46.735089, -23.666763 ], [ -46.734791, -23.666801 ], [ -46.734557, -23.666735 ], [ -46.733091, -23.665801 ], [ -46.732976, -23.66579 ], [ -46.732427, -23.666801 ], [ -46.731603, -23.667699 ], [ -46.731606, -23.6678 ], [ -46.732066, -23.667939 ], [ -46.732946, -23.668449 ], [ -46.73311, -23.668247 ], [ -46.734132, -23.667473 ], [ -46.734637, -23.66775 ], [ -46.734755, -23.668805 ], [ -46.734726, -23.669178 ], [ -46.739228, -23.670603 ], [ -46.739983, -23.670999 ], [ -46.741067, -23.671693 ], [ -46.740574, -23.671108 ], [ -46.739192, -23.67001 ], [ -46.738534, -23.669546 ], [ -46.737951, -23.669224 ], [ -46.737879, -23.669072 ], [ -46.737776, -23.668313 ], [ -46.737835, -23.6679 ], [ -46.737156, -23.667627 ], [ -46.737194, -23.667423 ], [ -46.736962, -23.667428 ], [ -46.736179, -23.667146 ], [ -46.735705, -23.666906 ], [ -46.735089, -23.666763 ] ] ] } },
{ "type": "Feature", "properties": { "CD_SETOR": "355030846000739", "faces": 22, "pavimentada": 100.0, "bueiro": 18.18, "iluminacao": 100.0, "onibus": 13.64, "ciclovia": 0.0, "calcada": 63.64, "obstaculo": 100.0, "rampa": 0.0, "rampa_faces": 0.0, "sem_calcada": 36.36, "sem_arvore": 40.91, "muitas_arvores": 18.18, "vao": 100.0, "V05400": 22, "V05421": 14, "V05406": 22, "V05412": 22, "V05422": 8, "V05424": 14, "V05427": 0, "V05409": 4, "V05415": 3, "V05418": 0, "V05430": 9, "V05433": 4, "criancas_0a4": 40, "em_favela": false }, "geometry": { "type": "Polygon", "coordinates": [ [ [ -46.746305, -23.680314 ], [ -46.746168, -23.680721 ], [ -46.746547, -23.681038 ], [ -46.74681, -23.681072 ], [ -46.747189, -23.679462 ], [ -46.747206, -23.679079 ], [ -46.747072, -23.678302 ], [ -46.747461, -23.677834 ], [ -46.747528, -23.677553 ], [ -46.74746, -23.677428 ], [ -46.747314, -23.677305 ], [ -46.74671, -23.677156 ], [ -46.746044, -23.676699 ], [ -46.746071, -23.677545 ], [ -46.746035, -23.677905 ], [ -46.745488, -23.678713 ], [ -46.745339, -23.67907 ], [ -46.746578, -23.679323 ], [ -46.74637, -23.680333 ], [ -46.746305, -23.680314 ] ] ] } },
{ "type": "Feature", "properties": { "CD_SETOR": "355030846000740", "faces": 32, "pavimentada": 100.0, "bueiro": 71.88, "iluminacao": 100.0, "onibus": 25.0, "ciclovia": 37.5, "calcada": 93.75, "obstaculo": 86.67, "rampa": 50.0, "rampa_faces": 46.88, "sem_calcada": 6.25, "sem_arvore": 34.38, "muitas_arvores": 34.38, "vao": 53.12, "V05400": 32, "V05421": 30, "V05406": 32, "V05412": 32, "V05422": 2, "V05424": 26, "V05427": 15, "V05409": 23, "V05415": 8, "V05418": 12, "V05430": 11, "V05433": 11, "criancas_0a4": 15, "em_favela": false }, "geometry": { "type": "Polygon", "coordinates": [ [ [ -46.742445, -23.671506 ], [ -46.741742, -23.671076 ], [ -46.741067, -23.671693 ], [ -46.741949, -23.672116 ], [ -46.74481, -23.673225 ], [ -46.74492, -23.673125 ], [ -46.746023, -23.673164 ], [ -46.746213, -23.672989 ], [ -46.745811, -23.672867 ], [ -46.745142, -23.672803 ], [ -46.744411, -23.672664 ], [ -46.743777, -23.672373 ], [ -46.743941, -23.672317 ], [ -46.744897, -23.671185 ], [ -46.744579, -23.670988 ], [ -46.743834, -23.670061 ], [ -46.743698, -23.669971 ], [ -46.743864, -23.669572 ], [ -46.744106, -23.669244 ], [ -46.743557, -23.669092 ], [ -46.743342, -23.669533 ], [ -46.742961, -23.670626 ], [ -46.743091, -23.670683 ], [ -46.743051, -23.67077 ], [ -46.742445, -23.671506 ] ] ] } },
{ "type": "Feature", "properties": { "CD_SETOR": "355030846000741", "faces": 4, "pavimentada": 100.0, "bueiro": 25.0, "iluminacao": 100.0, "onibus": 25.0, "ciclovia": 0.0, "calcada": 100.0, "obstaculo": 100.0, "rampa": 0.0, "rampa_faces": 0.0, "sem_calcada": 0.0, "sem_arvore": 25.0, "muitas_arvores": 25.0, "vao": 100.0, "V05400": 4, "V05421": 4, "V05406": 4, "V05412": 4, "V05422": 0, "V05424": 4, "V05427": 0, "V05409": 1, "V05415": 1, "V05418": 0, "V05430": 1, "V05433": 1, "criancas_0a4": 39, "em_favela": false }, "geometry": { "type": "Polygon", "coordinates": [ [ [ -46.728835, -23.658021 ], [ -46.728907, -23.658344 ], [ -46.730055, -23.657932 ], [ -46.731257, -23.65733 ], [ -46.731526, -23.657496 ], [ -46.731629, -23.657459 ], [ -46.731776, -23.657716 ], [ -46.732004, -23.657589 ], [ -46.73204, -23.657823 ], [ -46.731897, -23.658124 ], [ -46.731559, -23.658384 ], [ -46.731606, -23.658627 ], [ -46.732415, -23.658274 ], [ -46.73235, -23.657456 ], [ -46.731875, -23.656973 ], [ -46.731192, -23.657082 ], [ -46.731037, -23.657001 ], [ -46.73015, -23.657529 ], [ -46.728835, -23.658021 ] ] ] } },
{ "type": "Feature", "properties": { "CD_SETOR": "355030846000742", "faces": 27, "pavimentada": 100.0, "bueiro": 70.37, "iluminacao": 92.59, "onibus": 14.81, "ciclovia": 7.41, "calcada": 85.19, "obstaculo": 73.91, "rampa": 30.43, "rampa_faces": 25.93, "sem_calcada": 14.81, "sem_arvore": 29.63, "muitas_arvores": 48.15, "vao": 74.07, "V05400": 27, "V05421": 23, "V05406": 27, "V05412": 25, "V05422": 4, "V05424": 17, "V05427": 7, "V05409": 19, "V05415": 4, "V05418": 2, "V05430": 8, "V05433": 13, "criancas_0a4": 9, "em_favela": false }, "geometry": { "type": "Polygon", "coordinates": [ [ [ -46.746606, -23.649516 ], [ -46.74685, -23.649886 ], [ -46.746869, -23.650003 ], [ -46.747672, -23.650025 ], [ -46.747674, -23.650297 ], [ -46.748101, -23.651426 ], [ -46.748231, -23.65163 ], [ -46.748349, -23.651136 ], [ -46.749739, -23.648653 ], [ -46.747836, -23.647854 ], [ -46.747553, -23.647669 ], [ -46.747247, -23.647293 ], [ -46.746778, -23.646172 ], [ -46.746591, -23.645846 ], [ -46.746529, -23.645889 ], [ -46.746518, -23.645965 ], [ -46.746517, -23.64696 ], [ -46.746436, -23.647395 ], [ -46.746826, -23.647389 ], [ -46.746643, -23.648003 ], [ -46.746606, -23.649516 ] ] ] } },
{ "type": "Feature", "properties": { "CD_SETOR": "355030846000744", "faces": 26, "pavimentada": 100.0, "bueiro": 61.54, "iluminacao": 100.0, "onibus": 34.62, "ciclovia": 0.0, "calcada": 100.0, "obstaculo": 100.0, "rampa": 11.54, "rampa_faces": 11.54, "sem_calcada": 0.0, "sem_arvore": 38.46, "muitas_arvores": 11.54, "vao": 88.46, "V05400": 26, "V05421": 26, "V05406": 26, "V05412": 26, "V05422": 0, "V05424": 26, "V05427": 3, "V05409": 16, "V05415": 9, "V05418": 0, "V05430": 10, "V05433": 3, "criancas_0a4": 18, "em_favela": false }, "geometry": { "type": "Polygon", "coordinates": [ [ [ -46.735486, -23.644343 ], [ -46.735838, -23.645306 ], [ -46.735937, -23.645485 ], [ -46.736055, -23.645571 ], [ -46.738343, -23.645453 ], [ -46.738219, -23.64324 ], [ -46.738283, -23.642979 ], [ -46.738601, -23.642563 ], [ -46.738112, -23.642573 ], [ -46.736383, -23.642924 ], [ -46.736346, -23.643039 ], [ -46.736006, -23.643152 ], [ -46.735181, -23.643684 ], [ -46.734348, -23.644109 ], [ -46.734879, -23.644809 ], [ -46.735137, -23.644641 ], [ -46.735073, -23.644527 ], [ -46.735486, -23.644343 ] ] ] } },
{ "type": "Feature", "properties": { "CD_SETOR": "355030846000745", "faces": 8, "pavimentada": 100.0, "bueiro": 75.0, "iluminacao": 100.0, "onibus": 25.0, "ciclovia": 0.0, "calcada": 87.5, "obstaculo": 100.0, "rampa": 0.0, "rampa_faces": 0.0, "sem_calcada": 12.5, "sem_arvore": 37.5, "muitas_arvores": 37.5, "vao": 100.0, "V05400": 8, "V05421": 7, "V05406": 8, "V05412": 8, "V05422": 1, "V05424": 7, "V05427": 0, "V05409": 6, "V05415": 2, "V05418": 0, "V05430": 3, "V05433": 3, "criancas_0a4": 24, "em_favela": false }, "geometry": { "type": "Polygon", "coordinates": [ [ [ -46.736079, -23.662742 ], [ -46.735786, -23.663065 ], [ -46.735648, -23.662921 ], [ -46.735387, -23.663118 ], [ -46.735286, -23.662982 ], [ -46.73558, -23.662752 ], [ -46.735426, -23.662559 ], [ -46.73593, -23.662207 ], [ -46.735587, -23.662086 ], [ -46.735458, -23.662125 ], [ -46.734126, -23.663139 ], [ -46.734476, -23.66357 ], [ -46.73484, -23.663291 ], [ -46.734922, -23.663347 ], [ -46.735239, -23.663802 ], [ -46.736018, -23.663111 ], [ -46.736232, -23.663001 ], [ -46.736377, -23.662837 ], [ -46.736079, -23.662742 ] ] ] } },
{ "type": "Feature", "properties": { "CD_SETOR": "355030846000746", "faces": 3, "pavimentada": 100.0, "bueiro": 33.33, "iluminacao": 100.0, "onibus": 0.0, "ciclovia": 0.0, "calcada": 33.33, "obstaculo": 100.0, "rampa": 0.0, "rampa_faces": 0.0, "sem_calcada": 66.67, "sem_arvore": 66.67, "muitas_arvores": 33.33, "vao": 100.0, "V05400": 3, "V05421": 1, "V05406": 3, "V05412": 3, "V05422": 2, "V05424": 1, "V05427": 0, "V05409": 1, "V05415": 0, "V05418": 0, "V05430": 2, "V05433": 1, "criancas_0a4": 3, "em_favela": true }, "geometry": { "type": "Polygon", "coordinates": [ [ [ -46.72781, -23.658328 ], [ -46.727985, -23.65897 ], [ -46.728189, -23.65926 ], [ -46.728193, -23.660385 ], [ -46.728407, -23.660435 ], [ -46.728461, -23.660151 ], [ -46.728402, -23.660144 ], [ -46.728379, -23.659123 ], [ -46.728339, -23.659089 ], [ -46.728643, -23.658898 ], [ -46.728549, -23.658105 ], [ -46.72781, -23.658328 ] ] ] } },
{ "type": "Feature", "properties": { "CD_SETOR": "355030846000747", "faces": 10, "pavimentada": 100.0, "bueiro": 70.0, "iluminacao": 100.0, "onibus": 20.0, "ciclovia": 0.0, "calcada": 70.0, "obstaculo": 100.0, "rampa": 0.0, "rampa_faces": 0.0, "sem_calcada": 30.0, "sem_arvore": 60.0, "muitas_arvores": 0.0, "vao": 100.0, "V05400": 10, "V05421": 7, "V05406": 10, "V05412": 10, "V05422": 3, "V05424": 7, "V05427": 0, "V05409": 7, "V05415": 2, "V05418": 0, "V05430": 6, "V05433": 0, "criancas_0a4": 26, "em_favela": false }, "geometry": { "type": "Polygon", "coordinates": [ [ [ -46.73378, -23.662723 ], [ -46.734126, -23.663139 ], [ -46.735458, -23.662125 ], [ -46.735587, -23.662086 ], [ -46.73593, -23.662207 ], [ -46.736273, -23.662446 ], [ -46.736377, -23.662837 ], [ -46.73685, -23.662482 ], [ -46.736779, -23.66224 ], [ -46.73616, -23.661644 ], [ -46.735634, -23.661536 ], [ -46.735227, -23.661553 ], [ -46.734961, -23.66159 ], [ -46.735022, -23.662125 ], [ -46.73446, -23.662206 ], [ -46.73378, -23.662723 ] ] ] } },
{ "type": "Feature", "properties": { "CD_SETOR": "355030846000748", "faces": 4, "pavimentada": 100.0, "bueiro": 50.0, "iluminacao": 100.0, "onibus": 0.0, "ciclovia": 0.0, "calcada": 75.0, "obstaculo": 100.0, "rampa": 0.0, "rampa_faces": 0.0, "sem_calcada": 25.0, "sem_arvore": 50.0, "muitas_arvores": 0.0, "vao": 100.0, "V05400": 4, "V05421": 3, "V05406": 4, "V05412": 4, "V05422": 1, "V05424": 3, "V05427": 0, "V05409": 2, "V05415": 0, "V05418": 0, "V05430": 2, "V05433": 0, "criancas_0a4": 0, "em_favela": false }, "geometry": { "type": "Polygon", "coordinates": [ [ [ -46.734961, -23.66159 ], [ -46.734157, -23.661698 ], [ -46.733881, -23.661845 ], [ -46.733771, -23.662106 ], [ -46.73404, -23.662191 ], [ -46.734203, -23.662377 ], [ -46.734531, -23.662179 ], [ -46.735022, -23.662125 ], [ -46.734961, -23.66159 ] ] ] } },
{ "type": "Feature", "properties": { "CD_SETOR": "355030846000749", "faces": 8, "pavimentada": 100.0, "bueiro": 25.0, "iluminacao": 87.5, "onibus": 0.0, "ciclovia": 0.0, "calcada": 37.5, "obstaculo": 100.0, "rampa": 0.0, "rampa_faces": 0.0, "sem_calcada": 62.5, "sem_arvore": 100.0, "muitas_arvores": 0.0, "vao": 100.0, "V05400": 8, "V05421": 3, "V05406": 8, "V05412": 7, "V05422": 5, "V05424": 3, "V05427": 0, "V05409": 2, "V05415": 0, "V05418": 0, "V05430": 8, "V05433": 0, "criancas_0a4": 26, "em_favela": true }, "geometry": { "type": "Polygon", "coordinates": [ [ [ -46.728547, -23.658099 ], [ -46.728529, -23.657452 ], [ -46.729177, -23.657238 ], [ -46.729166, -23.65695 ], [ -46.728869, -23.656484 ], [ -46.728745, -23.656537 ], [ -46.728672, -23.656467 ], [ -46.728535, -23.656534 ], [ -46.728581, -23.656836 ], [ -46.728462, -23.656845 ], [ -46.728219, -23.657025 ], [ -46.728301, -23.657501 ], [ -46.728547, -23.658099 ] ] ] } },
{ "type": "Feature", "properties": { "CD_SETOR": "355030846000750", "faces": 6, "pavimentada": 100.0, "bueiro": 50.0, "iluminacao": 83.33, "onibus": 0.0, "ciclovia": 0.0, "calcada": 83.33, "obstaculo": 100.0, "rampa": 0.0, "rampa_faces": 0.0, "sem_calcada": 16.67, "sem_arvore": 83.33, "muitas_arvores": 0.0, "vao": 100.0, "V05400": 6, "V05421": 5, "V05406": 6, "V05412": 5, "V05422": 1, "V05424": 5, "V05427": 0, "V05409": 3, "V05415": 0, "V05418": 0, "V05430": 5, "V05433": 0, "criancas_0a4": 15, "em_favela": false }, "geometry": { "type": "Polygon", "coordinates": [ [ [ -46.728549, -23.658105 ], [ -46.728835, -23.658021 ], [ -46.728817, -23.657672 ], [ -46.729972, -23.657261 ], [ -46.729953, -23.656389 ], [ -46.729863, -23.656426 ], [ -46.729762, -23.656346 ], [ -46.729625, -23.656334 ], [ -46.729574, -23.656438 ], [ -46.729589, -23.656729 ], [ -46.729652, -23.656738 ], [ -46.729623, -23.656991 ], [ -46.729654, -23.657059 ], [ -46.728529, -23.657452 ], [ -46.728549, -23.658105 ] ] ] } },
{ "type": "Feature", "properties": { "CD_SETOR": "355030846000751", "faces": 6, "pavimentada": 100.0, "bueiro": 100.0, "iluminacao": 100.0, "onibus": 33.33, "ciclovia": 50.0, "calcada": 100.0, "obstaculo": 100.0, "rampa": 83.33, "rampa_faces": 83.33, "sem_calcada": 0.0, "sem_arvore": 0.0, "muitas_arvores": 100.0, "vao": 16.67, "V05400": 6, "V05421": 6, "V05406": 6, "V05412": 6, "V05422": 0, "V05424": 6, "V05427": 5, "V05409": 6, "V05415": 2, "V05418": 3, "V05430": 0, "V05433": 6, "criancas_0a4": 45, "em_favela": false }, "geometry": { "type": "Polygon", "coordinates": [ [ [ -46.742311, -23.670258 ], [ -46.742477, -23.670578 ], [ -46.742528, -23.670597 ], [ -46.742661, -23.670505 ], [ -46.742575, -23.670387 ], [ -46.742588, -23.67 ], [ -46.742949, -23.669231 ], [ -46.743113, -23.669145 ], [ -46.743585, -23.669084 ], [ -46.743772, -23.668973 ], [ -46.743577, -23.66859 ], [ -46.742664, -23.667922 ], [ -46.742171, -23.6685 ], [ -46.742121, -23.668671 ], [ -46.741988, -23.668832 ], [ -46.741189, -23.669255 ], [ -46.740957, -23.66957 ], [ -46.7406, -23.669607 ], [ -46.74078, -23.669999 ], [ -46.740947, -23.669969 ], [ -46.742338, -23.670089 ], [ -46.742311, -23.670258 ] ] ] } },
{ "type": "Feature", "properties": { "CD_SETOR": "355030846000753", "faces": 5, "pavimentada": 100.0, "bueiro": 60.0, "iluminacao": 60.0, "onibus": 0.0, "ciclovia": 0.0, "calcada": 60.0, "obstaculo": 100.0, "rampa": 0.0, "rampa_faces": 0.0, "sem_calcada": 40.0, "sem_arvore": 100.0, "muitas_arvores": 0.0, "vao": 100.0, "V05400": 5, "V05421": 3, "V05406": 5, "V05412": 3, "V05422": 2, "V05424": 3, "V05427": 0, "V05409": 3, "V05415": 0, "V05418": 0, "V05430": 5, "V05433": 0, "criancas_0a4": 4, "em_favela": true }, "geometry": { "type": "Polygon", "coordinates": [ [ [ -46.745626, -23.681301 ], [ -46.74589, -23.681818 ], [ -46.746123, -23.681707 ], [ -46.745976, -23.681343 ], [ -46.745919, -23.681142 ], [ -46.745953, -23.681125 ], [ -46.745796, -23.6808 ], [ -46.745646, -23.680741 ], [ -46.74543, -23.680739 ], [ -46.74539, -23.680904 ], [ -46.74535, -23.680898 ], [ -46.745279, -23.681288 ], [ -46.745626, -23.681301 ] ] ] } },
{ "type": "Feature", "properties": { "CD_SETOR": "355030846000754", "faces": 7, "pavimentada": 100.0, "bueiro": 42.86, "iluminacao": 100.0, "onibus": 0.0, "ciclovia": 0.0, "calcada": 28.57, "obstaculo": 100.0, "rampa": 0.0, "rampa_faces": 0.0, "sem_calcada": 71.43, "sem_arvore": 100.0, "muitas_arvores": 0.0, "vao": 100.0, "V05400": 7, "V05421": 2, "V05406": 7, "V05412": 7, "V05422": 5, "V05424": 2, "V05427": 0, "V05409": 3, "V05415": 0, "V05418": 0, "V05430": 7, "V05433": 0, "criancas_0a4": 79, "em_favela": true }, "geometry": { "type": "Polygon", "coordinates": [ [ [ -46.727376, -23.654949 ], [ -46.72715, -23.654809 ], [ -46.726877, -23.654808 ], [ -46.726735, -23.654966 ], [ -46.72664, -23.655165 ], [ -46.726759, -23.655285 ], [ -46.727097, -23.655326 ], [ -46.727371, -23.655592 ], [ -46.727419, -23.655571 ], [ -46.727771, -23.655713 ], [ -46.728253, -23.656214 ], [ -46.728619, -23.656429 ], [ -46.728741, -23.65626 ], [ -46.728832, -23.655978 ], [ -46.728653, -23.656057 ], [ -46.728491, -23.655936 ], [ -46.72829, -23.655948 ], [ -46.728033, -23.655704 ], [ -46.727891, -23.655466 ], [ -46.728038, -23.655375 ], [ -46.728091, -23.655259 ], [ -46.728257, -23.655236 ], [ -46.727993, -23.654569 ], [ -46.727741, -23.65469 ], [ -46.727501, -23.654228 ], [ -46.727378, -23.654305 ], [ -46.727253, -23.654142 ], [ -46.726946, -23.654518 ], [ -46.727251, -23.654562 ], [ -46.727502, -23.654735 ], [ -46.727376, -23.654949 ] ] ] } }
]
}
