{
"type": "FeatureCollection",
"name": "lapa",
"crs": { "type": "name", "properties": { "name": "urn:ogc:def:crs:OGC:1.3:CRS84" } },
"xy_coordinate_resolution": 1e-06,
"features": [
{ "type": "Feature", "properties": { "CD_SETOR": "355030848000001", "faces": 15, "pavimentada": 100.0, "bueiro": 100.0, "iluminacao": 100.0, "onibus": 33.33, "ciclovia": 13.33, "calcada": 100.0, "obstaculo": 53.33, "rampa": 40.0, "rampa_faces": 40.0, "sem_calcada": 0.0, "sem_arvore": 33.33, "muitas_arvores": 13.33, "vao": 60.0, "V05400": 15, "V05421": 15, "V05406": 15, "V05412": 15, "V05422": 0, "V05424": 8, "V05427": 6, "V05409": 15, "V05415": 5, "V05418": 2, "V05430": 5, "V05433": 2, "criancas_0a4": 14, "em_favela": false }, "geometry": { "type": "Polygon", "coordinates": [ [ [ -46.702984, -23.524798 ], [ -46.703007, -23.525716 ], [ -46.703113, -23.526387 ], [ -46.703499, -23.526601 ], [ -46.703922, -23.526962 ], [ -46.704667, -23.527827 ], [ -46.704897, -23.527806 ], [ -46.704718, -23.527282 ], [ -46.704178, -23.526716 ], [ -46.704447, -23.526521 ], [ -46.704393, -23.526167 ], [ -46.704352, -23.526108 ], [ -46.704267, -23.52612 ], [ -46.704171, -23.525552 ], [ -46.706087, -23.525281 ], [ -46.706216, -23.525221 ], [ -46.705341, -23.524527 ], [ -46.702984, -23.524798 ] ] ] } },
{ "type": "Feature", "properties": { "CD_SETOR": "355030848000004", "faces": 15, "pavimentada": 100.0, "bueiro": 66.67, "iluminacao": 100.0, "onibus": 40.0, "ciclovia": 6.67, "calcada": 100.0, "obstaculo": 33.33, "rampa": 73.33, "rampa_faces": 73.33, "sem_calcada": 0.0, "sem_arvore": 20.0, "muitas_arvores": 66.67, "vao": 26.67, "V05400": 15, "V05421": 15, "V05406": 15, "V05412": 15, "V05422": 0, "V05424": 5, "V05427": 11, "V05409": 10, "V05415": 6, "V05418": 1, "V05430": 3, "V05433": 10, "criancas_0a4": 4, "em_favela": false }, "geometry": { "type": "Polygon", "coordinates": [ [ [ -46.702467, -23.525774 ], [ -46.702718, -23.527023 ], [ -46.703128, -23.528213 ], [ -46.702724, -23.528311 ], [ -46.702942, -23.529132 ], [ -46.702762, -23.530565 ], [ -46.703346, -23.530625 ], [ -46.703441, -23.529849 ], [ -46.703572, -23.529574 ], [ -46.703849, -23.529294 ], [ -46.704276, -23.529119 ], [ -46.703912, -23.528016 ], [ -46.703796, -23.527854 ], [ -46.703524, -23.527794 ], [ -46.703217, -23.526866 ], [ -46.703008, -23.525722 ], [ -46.702467, -23.525774 ] ] ] } },
{ "type": "Feature", "properties": { "CD_SETOR": "355030848000005", "faces": 12, "pavimentada": 100.0, "bueiro": 100.0, "iluminacao": 100.0, "onibus": 25.0, "ciclovia": 0.0, "calcada": 91.67, "obstaculo": 9.09, "rampa": 63.64, "rampa_faces": 58.33, "sem_calcada": 8.33, "sem_arvore": 25.0, "muitas_arvores": 33.33, "vao": 41.67, "V05400": 12, "V05421": 11, "V05406": 12, "V05412": 12, "V05422": 1, "V05424": 1, "V05427": 7, "V05409": 12, "V05415": 3, "V05418": 0, "V05430": 3, "V05433": 4, "criancas_0a4": 8, "em_favela": false }, "geometry": { "type": "Polygon", "coordinates": [ [ [ -46.704276, -23.529119 ], [ -46.704559, -23.529111 ], [ -46.704865, -23.529182 ], [ -46.705264, -23.529431 ], [ -46.705527, -23.529863 ], [ -46.705548, -23.530156 ], [ -46.70547, -23.530857 ], [ -46.706166, -23.530931 ], [ -46.706168, -23.530657 ], [ -46.70623, -23.530565 ], [ -46.70618, -23.529692 ], [ -46.706115, -23.529365 ], [ -46.70584, -23.528784 ], [ -46.705568, -23.52842 ], [ -46.705246, -23.528135 ], [ -46.704848, -23.527811 ], [ -46.704667, -23.527827 ], [ -46.704247, -23.527296 ], [ -46.703724, -23.526783 ], [ -46.703499, -23.526601 ], [ -46.703113, -23.526387 ], [ -46.703279, -23.527082 ], [ -46.703524, -23.527794 ], [ -46.703796, -23.527854 ], [ -46.703912, -23.528016 ], [ -46.704276, -23.529119 ] ] ] } },
{ "type": "Feature", "properties": { "CD_SETOR": "355030848000008", "faces": 22, "pavimentada": 100.0, "bueiro": 81.82, "iluminacao": 100.0, "onibus": 50.0, "ciclovia": 13.64, "calcada": 100.0, "obstaculo": 31.82, "rampa": 81.82, "rampa_faces": 81.82, "sem_calcada": 0.0, "sem_arvore": 22.73, "muitas_arvores": 45.45, "vao": 18.18, "V05400": 22, "V05421": 22, "V05406": 22, "V05412": 22, "V05422": 0, "V05424": 7, "V05427": 18, "V05409": 18, "V05415": 11, "V05418": 3, "V05430": 5, "V05433": 10, "criancas_0a4": 18, "em_favela": false }, "geometry": { "type": "Polygon", "coordinates": [ [ [ -46.705341, -23.524527 ], [ -46.706751, -23.5256 ], [ -46.705183, -23.526231 ], [ -46.705914, -23.527806 ], [ -46.708401, -23.526773 ], [ -46.708634, -23.526702 ], [ -46.708778, -23.526726 ], [ -46.709155, -23.524976 ], [ -46.706424, -23.524412 ], [ -46.706177, -23.524299 ], [ -46.705029, -23.524004 ], [ -46.70496, -23.524075 ], [ -46.705341, -23.524527 ] ] ] } },
{ "type": "Feature", "properties": { "CD_SETOR": "355030848000012", "faces": 14, "pavimentada": 100.0, "bueiro": 100.0, "iluminacao": 100.0, "onibus": 7.14, "ciclovia": 0.0, "calcada": 85.71, "obstaculo": 33.33, "rampa": 75.0, "rampa_faces": 64.29, "sem_calcada": 14.29, "sem_arvore": 35.71, "muitas_arvores": 28.57, "vao": 35.71, "V05400": 14, "V05421": 12, "V05406": 14, "V05412": 14, "V05422": 2, "V05424": 4, "V05427": 9, "V05409": 14, "V05415": 1, "V05418": 0, "V05430": 5, "V05433": 4, "criancas_0a4": 19, "em_favela": false }, "geometry": { "type": "Polygon", "coordinates": [ [ [ -46.700654, -23.527073 ], [ -46.697803, -23.527084 ], [ -46.697841, -23.528125 ], [ -46.700723, -23.528122 ], [ -46.700654, -23.527073 ] ] ] } },
{ "type": "Feature", "properties": { "CD_SETOR": "355030848000013", "faces": 12, "pavimentada": 100.0, "bueiro": 50.0, "iluminacao": 100.0, "onibus": 8.33, "ciclovia": 0.0, "calcada": 100.0, "obstaculo": 50.0, "rampa": 75.0, "rampa_faces": 75.0, "sem_calcada": 0.0, "sem_arvore": 0.0, "muitas_arvores": 83.33, "vao": 25.0, "V05400": 12, "V05421": 12, "V05406": 12, "V05412": 12, "V05422": 0, "V05424": 6, "V05427": 9, "V05409": 6, "V05415": 1, "V05418": 0, "V05430": 0, "V05433": 10, "criancas_0a4": 10, "em_favela": false }, "geometry": { "type": "Polygon", "coordinates": [ [ [ -46.697876, -23.529175 ], [ -46.697917, -23.530234 ], [ -46.695468, -23.530256 ], [ -46.695466, -23.530992 ], [ -46.697956, -23.53122 ], [ -46.699332, -23.531234 ], [ -46.699344, -23.52916 ], [ -46.697876, -23.529175 ] ] ] } },
{ "type": "Feature", "properties": { "CD_SETOR": "355030848000014", "faces": 16, "pavimentada": 93.75, "bueiro": 56.25, "iluminacao": 93.75, "onibus": 18.75, "ciclovia": 0.0, "calcada": 93.75, "obstaculo": 73.33, "rampa": 0.0, "rampa_faces": 0.0, "sem_calcada": 0.0, "sem_arvore": 18.75, "muitas_arvores": 31.25, "vao": 93.75, "V05400": 16, "V05421": 15, "V05406": 15, "V05412": 15, "V05422": 0, "V05424": 11, "V05427": 0, "V05409": 9, "V05415": 3, "V05418": 0, "V05430": 3, "V05433": 5, "criancas_0a4": 14, "em_favela": false }, "geometry": { "type": "Polygon", "coordinates": [ [ [ -46.699335, -23.530263 ], [ -46.699424, -23.530296 ], [ -46.700478, -23.530289 ], [ -46.701579, -23.530182 ], [ -46.701582, -23.530387 ], [ -46.701921, -23.530341 ], [ -46.702166, -23.529186 ], [ -46.699344, -23.52916 ], [ -46.699335, -23.530263 ] ] ] } },
{ "type": "Feature", "properties": { "CD_SETOR": "355030848000015", "faces": 7, "pavimentada": 100.0, "bueiro": 71.43, "iluminacao": 100.0, "onibus": 42.86, "ciclovia": 0.0, "calcada": 100.0, "obstaculo": 85.71, "rampa": 71.43, "rampa_faces": 71.43, "sem_calcada": 0.0, "sem_arvore": 28.57, "muitas_arvores": 42.86, "vao": 28.57, "V05400": 7, "V05421": 7, "V05406": 7, "V05412": 7, "V05422": 0, "V05424": 6, "V05427": 5, "V05409": 5, "V05415": 3, "V05418": 0, "V05430": 2, "V05433": 3, "criancas_0a4": 10, "em_favela": false }, "geometry": { "type": "Polygon", "coordinates": [ [ [ -46.702526, -23.528334 ], [ -46.702492, -23.529298 ], [ -46.70241, -23.529812 ], [ -46.702242, -23.532146 ], [ -46.702249, -23.53295 ], [ -46.701713, -23.534004 ], [ -46.701565, -23.5347 ], [ -46.70176, -23.53565 ], [ -46.701913, -23.535784 ], [ -46.70208, -23.535585 ], [ -46.702155, -23.535375 ], [ -46.702185, -23.534446 ], [ -46.702313, -23.534037 ], [ -46.702505, -23.533769 ], [ -46.703001, -23.533403 ], [ -46.703147, -23.532191 ], [ -46.702779, -23.532143 ], [ -46.702676, -23.532069 ], [ -46.702603, -23.531888 ], [ -46.702942, -23.529132 ], [ -46.702724, -23.528311 ], [ -46.702526, -23.528334 ] ] ] } },
{ "type": "Feature", "properties": { "CD_SETOR": "355030848000017", "faces": 3, "pavimentada": 100.0, "bueiro": 0.0, "iluminacao": 100.0, "onibus": 66.67, "ciclovia": 0.0, "calcada": 100.0, "obstaculo": 33.33, "rampa": 66.67, "rampa_faces": 66.67, "sem_calcada": 0.0, "sem_arvore": 0.0, "muitas_arvores": 66.67, "vao": 33.33, "V05400": 3, "V05421": 3, "V05406": 3, "V05412": 3, "V05422": 0, "V05424": 1, "V05427": 2, "V05409": 0, "V05415": 2, "V05418": 0, "V05430": 0, "V05433": 2, "criancas_0a4": 13, "em_favela": false }, "geometry": { "type": "Polygon", "coordinates": [ [ [ -46.703346, -23.530625 ], [ -46.704433, -23.530745 ], [ -46.704538, -23.529934 ], [ -46.704276, -23.529119 ], [ -46.703849, -23.529294 ], [ -46.703572, -23.529574 ], [ -46.703441, -23.529849 ], [ -46.703346, -23.530625 ] ] ] } },
{ "type": "Feature", "properties": { "CD_SETOR": "355030848000025", "faces": 36, "pavimentada": 100.0, "bueiro": 66.67, "iluminacao": 100.0, "onibus": 16.67, "ciclovia": 8.33, "calcada": 69.44, "obstaculo": 8.0, "rampa": 76.0, "rampa_faces": 52.78, "sem_calcada": 30.56, "sem_arvore": 41.67, "muitas_arvores": 47.22, "vao": 47.22, "V05400": 36, "V05421": 25, "V05406": 36, "V05412": 36, "V05422": 11, "V05424": 2, "V05427": 19, "V05409": 24, "V05415": 6, "V05418": 3, "V05430": 15, "V05433": 17, "criancas_0a4": 10, "em_favela": false }, "geometry": { "type": "Polygon", "coordinates": [ [ [ -46.708778, -23.526726 ], [ -46.708991, -23.526807 ], [ -46.709137, -23.526962 ], [ -46.709752, -23.527991 ], [ -46.710537, -23.528627 ], [ -46.710356, -23.528813 ], [ -46.710295, -23.529028 ], [ -46.710309, -23.529196 ], [ -46.711139, -23.531018 ], [ -46.711324, -23.531543 ], [ -46.7115, -23.531228 ], [ -46.711664, -23.531096 ], [ -46.711897, -23.53103 ], [ -46.711881, -23.530842 ], [ -46.712069, -23.531225 ], [ -46.712379, -23.531601 ], [ -46.712775, -23.531721 ], [ -46.712967, -23.531726 ], [ -46.713297, -23.531643 ], [ -46.713002, -23.530623 ], [ -46.712833, -23.530636 ], [ -46.712981, -23.529205 ], [ -46.712826, -23.529047 ], [ -46.712709, -23.528659 ], [ -46.71174, -23.527508 ], [ -46.71144, -23.527291 ], [ -46.710924, -23.527114 ], [ -46.711296, -23.525391 ], [ -46.709155, -23.524976 ], [ -46.708778, -23.526726 ] ] ] } },
{ "type": "Feature", "properties": { "CD_SETOR": "355030848000026", "faces": 13, "pavimentada": 100.0, "bueiro": 76.92, "iluminacao": 100.0, "onibus": 38.46, "ciclovia": 0.0, "calcada": 100.0, "obstaculo": 38.46, "rampa": 69.23, "rampa_faces": 69.23, "sem_calcada": 0.0, "sem_arvore": 0.0, "muitas_arvores": 61.54, "vao": 30.77, "V05400": 13, "V05421": 13, "V05406": 13, "V05412": 13, "V05422": 0, "V05424": 5, "V05427": 9, "V05409": 10, "V05415": 5, "V05418": 0, "V05430": 0, "V05433": 8, "criancas_0a4": 9, "em_favela": false }, "geometry": { "type": "Polygon", "coordinates": [ [ [ -46.709135, -23.524972 ], [ -46.713338, -23.525749 ], [ -46.713427, -23.524885 ], [ -46.71267, -23.524697 ], [ -46.712055, -23.524406 ], [ -46.711846, -23.524288 ], [ -46.711271, -23.5238 ], [ -46.711223, -23.5237 ], [ -46.711152, -23.523714 ], [ -46.711129, -23.523773 ], [ -46.710915, -23.523794 ], [ -46.709259, -23.523686 ], [ -46.709135, -23.524972 ] ] ] } },
{ "type": "Feature", "properties": { "CD_SETOR": "355030848000028", "faces": 13, "pavimentada": 100.0, "bueiro": 84.62, "iluminacao": 100.0, "onibus": 69.23, "ciclovia": 0.0, "calcada": 100.0, "obstaculo": 0.0, "rampa": 100.0, "rampa_faces": 100.0, "sem_calcada": 0.0, "sem_arvore": 30.77, "muitas_arvores": 46.15, "vao": 0.0, "V05400": 13, "V05421": 13, "V05406": 13, "V05412": 13, "V05422": 0, "V05424": 0, "V05427": 13, "V05409": 11, "V05415": 9, "V05418": 0, "V05430": 4, "V05433": 6, "criancas_0a4": 0, "em_favela": false }, "geometry": { "type": "Polygon", "coordinates": [ [ [ -46.702787, -23.521233 ], [ -46.702912, -23.521399 ], [ -46.702878, -23.521628 ], [ -46.702908, -23.522673 ], [ -46.703525, -23.522663 ], [ -46.704068, -23.522622 ], [ -46.703911, -23.522243 ], [ -46.704155, -23.522164 ], [ -46.707359, -23.522438 ], [ -46.707484, -23.521087 ], [ -46.707527, -23.521011 ], [ -46.707501, -23.520966 ], [ -46.70476, -23.521478 ], [ -46.704286, -23.520539 ], [ -46.702894, -23.52115 ], [ -46.702787, -23.521233 ] ] ] } },
{ "type": "Feature", "properties": { "CD_SETOR": "355030848000030", "faces": 21, "pavimentada": 100.0, "bueiro": 71.43, "iluminacao": 100.0, "onibus": 14.29, "ciclovia": 0.0, "calcada": 100.0, "obstaculo": 61.9, "rampa": 90.48, "rampa_faces": 90.48, "sem_calcada": 0.0, "sem_arvore": 52.38, "muitas_arvores": 23.81, "vao": 9.52, "V05400": 21, "V05421": 21, "V05406": 21, "V05412": 21, "V05422": 0, "V05424": 13, "V05427": 19, "V05409": 15, "V05415": 3, "V05418": 0, "V05430": 11, "V05433": 5, "criancas_0a4": 12, "em_favela": false }, "geometry": { "type": "Polygon", "coordinates": [ [ [ -46.698866, -23.517325 ], [ -46.698847, -23.51742 ], [ -46.699947, -23.519069 ], [ -46.700046, -23.519028 ], [ -46.700209, -23.519227 ], [ -46.701036, -23.518861 ], [ -46.700294, -23.516738 ], [ -46.699862, -23.516863 ], [ -46.699431, -23.516733 ], [ -46.699287, -23.517041 ], [ -46.699309, -23.517352 ], [ -46.699091, -23.517281 ], [ -46.698866, -23.517325 ] ] ] } },
{ "type": "Feature", "properties": { "CD_SETOR": "355030848000031", "faces": 14, "pavimentada": 100.0, "bueiro": 0.0, "iluminacao": 100.0, "onibus": 0.0, "ciclovia": 0.0, "calcada": 100.0, "obstaculo": 50.0, "rampa": 57.14, "rampa_faces": 57.14, "sem_calcada": 0.0, "sem_arvore": 42.86, "muitas_arvores": 28.57, "vao": 42.86, "V05400": 14, "V05421": 14, "V05406": 14, "V05412": 14, "V05422": 0, "V05424": 7, "V05427": 8, "V05409": 0, "V05415": 0, "V05418": 0, "V05430": 6, "V05433": 4, "criancas_0a4": 6, "em_favela": false }, "geometry": { "type": "Polygon", "coordinates": [ [ [ -46.698687, -23.51798 ], [ -46.697387, -23.518537 ], [ -46.698179, -23.520092 ], [ -46.699512, -23.51951 ], [ -46.699375, -23.519322 ], [ -46.698687, -23.51798 ] ] ] } },
{ "type": "Feature", "properties": { "CD_SETOR": "355030848000037", "faces": 12, "pavimentada": 100.0, "bueiro": 100.0, "iluminacao": 100.0, "onibus": 16.67, "ciclovia": 16.67, "calcada": 100.0, "obstaculo": 16.67, "rampa": 58.33, "rampa_faces": 58.33, "sem_calcada": 0.0, "sem_arvore": 33.33, "muitas_arvores": 16.67, "vao": 41.67, "V05400": 12, "V05421": 12, "V05406": 12, "V05412": 12, "V05422": 0, "V05424": 2, "V05427": 7, "V05409": 12, "V05415": 2, "V05418": 2, "V05430": 4, "V05433": 2, "criancas_0a4": 4, "em_favela": false }, "geometry": { "type": "Polygon", "coordinates": [ [ [ -46.694272, -23.524955 ], [ -46.694268, -23.526038 ], [ -46.696627, -23.526028 ], [ -46.696586, -23.52496 ], [ -46.694272, -23.524955 ] ] ] } },
{ "type": "Feature", "properties": { "CD_SETOR": "355030848000041", "faces": 13, "pavimentada": 100.0, "bueiro": 30.77, "iluminacao": 100.0, "onibus": 7.69, "ciclovia": 0.0, "calcada": 100.0, "obstaculo": 61.54, "rampa": 38.46, "rampa_faces": 38.46, "sem_calcada": 0.0, "sem_arvore": 0.0, "muitas_arvores": 61.54, "vao": 61.54, "V05400": 13, "V05421": 13, "V05406": 13, "V05412": 13, "V05422": 0, "V05424": 8, "V05427": 5, "V05409": 4, "V05415": 1, "V05418": 0, "V05430": 0, "V05433": 8, "criancas_0a4": 11, "em_favela": false }, "geometry": { "type": "Polygon", "coordinates": [ [ [ -46.695466, -23.530992 ], [ -46.695465, -23.531665 ], [ -46.695371, -23.531934 ], [ -46.697341, -23.533498 ], [ -46.697244, -23.533806 ], [ -46.697075, -23.534047 ], [ -46.697431, -23.534325 ], [ -46.697612, -23.534405 ], [ -46.697925, -23.534002 ], [ -46.698059, -23.533495 ], [ -46.697956, -23.53122 ], [ -46.695466, -23.530992 ] ] ] } },
{ "type": "Feature", "properties": { "CD_SETOR": "355030848000044", "faces": 19, "pavimentada": 94.74, "bueiro": 78.95, "iluminacao": 84.21, "onibus": 31.58, "ciclovia": 0.0, "calcada": 73.68, "obstaculo": 71.43, "rampa": 7.14, "rampa_faces": 5.26, "sem_calcada": 21.05, "sem_arvore": 26.32, "muitas_arvores": 42.11, "vao": 89.47, "V05400": 19, "V05421": 14, "V05406": 18, "V05412": 16, "V05422": 4, "V05424": 10, "V05427": 1, "V05409": 15, "V05415": 6, "V05418": 0, "V05430": 5, "V05433": 8, "criancas_0a4": 11, "em_favela": false }, "geometry": { "type": "Polygon", "coordinates": [ [ [ -46.700551, -23.530272 ], [ -46.700512, -23.530532 ], [ -46.700331, -23.530994 ], [ -46.700371, -23.531199 ], [ -46.700784, -23.531192 ], [ -46.701324, -23.531255 ], [ -46.701528, -23.531365 ], [ -46.701686, -23.531521 ], [ -46.701805, -23.531731 ], [ -46.701814, -23.531837 ], [ -46.701779, -23.53213 ], [ -46.70148, -23.532948 ], [ -46.701457, -23.533188 ], [ -46.700751, -23.535615 ], [ -46.701191, -23.535636 ], [ -46.701847, -23.535756 ], [ -46.70176, -23.53565 ], [ -46.70157, -23.534644 ], [ -46.701713, -23.534004 ], [ -46.702249, -23.53295 ], [ -46.702242, -23.532146 ], [ -46.702393, -23.530283 ], [ -46.701582, -23.530387 ], [ -46.701579, -23.530182 ], [ -46.700551, -23.530272 ] ] ] } },
{ "type": "Feature", "properties": { "CD_SETOR": "355030848000045", "faces": 14, "pavimentada": 100.0, "bueiro": 78.57, "iluminacao": 100.0, "onibus": 14.29, "ciclovia": 0.0, "calcada": 100.0, "obstaculo": 92.86, "rampa": 35.71, "rampa_faces": 35.71, "sem_calcada": 0.0, "sem_arvore": 0.0, "muitas_arvores": 100.0, "vao": 64.29, "V05400": 14, "V05421": 14, "V05406": 14, "V05412": 14, "V05422": 0, "V05424": 13, "V05427": 5, "V05409": 11, "V05415": 2, "V05418": 0, "V05430": 0, "V05433": 14, "criancas_0a4": 10, "em_favela": false }, "geometry": { "type": "Polygon", "coordinates": [ [ [ -46.700751, -23.535615 ], [ -46.7001, -23.537149 ], [ -46.698593, -23.539898 ], [ -46.698375, -23.540147 ], [ -46.698003, -23.540416 ], [ -46.697502, -23.540616 ], [ -46.697202, -23.540646 ], [ -46.69872, -23.541025 ], [ -46.699029, -23.541028 ], [ -46.701875, -23.54069 ], [ -46.701829, -23.539223 ], [ -46.70166, -23.539214 ], [ -46.701514, -23.539279 ], [ -46.701056, -23.539807 ], [ -46.70057, -23.540016 ], [ -46.700326, -23.540032 ], [ -46.700023, -23.539973 ], [ -46.699917, -23.539893 ], [ -46.699748, -23.539627 ], [ -46.700134, -23.539129 ], [ -46.700399, -23.538624 ], [ -46.700736, -23.537665 ], [ -46.701002, -23.537079 ], [ -46.701847, -23.535756 ], [ -46.701191, -23.535636 ], [ -46.700751, -23.535615 ] ] ] } },
{ "type": "Feature", "properties": { "CD_SETOR": "355030848000046", "faces": 11, "pavimentada": 100.0, "bueiro": 90.91, "iluminacao": 100.0, "onibus": 0.0, "ciclovia": 0.0, "calcada": 100.0, "obstaculo": 81.82, "rampa": 18.18, "rampa_faces": 18.18, "sem_calcada": 0.0, "sem_arvore": 0.0, "muitas_arvores": 100.0, "vao": 81.82, "V05400": 11, "V05421": 11, "V05406": 11, "V05412": 11, "V05422": 0, "V05424": 9, "V05427": 2, "V05409": 10, "V05415": 0, "V05418": 0, "V05430": 0, "V05433": 11, "criancas_0a4": 14, "em_favela": false }, "geometry": { "type": "Polygon", "coordinates": [ [ [ -46.701829, -23.539223 ], [ -46.701807, -23.537945 ], [ -46.702398, -23.538751 ], [ -46.702598, -23.539303 ], [ -46.702728, -23.539503 ], [ -46.702801, -23.539469 ], [ -46.702871, -23.539322 ], [ -46.702899, -23.53882 ], [ -46.702537, -23.536971 ], [ -46.702701, -23.536416 ], [ -46.701847, -23.535756 ], [ -46.701002, -23.537079 ], [ -46.700736, -23.537665 ], [ -46.700399, -23.538624 ], [ -46.700134, -23.539129 ], [ -46.699748, -23.539627 ], [ -46.699917, -23.539893 ], [ -46.700023, -23.539973 ], [ -46.700326, -23.540032 ], [ -46.70057, -23.540016 ], [ -46.701056, -23.539807 ], [ -46.701514, -23.539279 ], [ -46.70166, -23.539214 ], [ -46.701829, -23.539223 ] ] ] } },
{ "type": "Feature", "properties": { "CD_SETOR": "355030848000047", "faces": 12, "pavimentada": 100.0, "bueiro": 58.33, "iluminacao": 100.0, "onibus": 25.0, "ciclovia": 0.0, "calcada": 100.0, "obstaculo": 100.0, "rampa": 16.67, "rampa_faces": 16.67, "sem_calcada": 0.0, "sem_arvore": 16.67, "muitas_arvores": 33.33, "vao": 83.33, "V05400": 12, "V05421": 12, "V05406": 12, "V05412": 12, "V05422": 0, "V05424": 12, "V05427": 2, "V05409": 7, "V05415": 3, "V05418": 0, "V05430": 2, "V05433": 4, "criancas_0a4": 8, "em_favela": false }, "geometry": { "type": "Polygon", "coordinates": [ [ [ -46.703294, -23.535913 ], [ -46.703889, -23.536527 ], [ -46.704309, -23.537138 ], [ -46.704317, -23.537283 ], [ -46.704935, -23.537181 ], [ -46.705455, -23.536979 ], [ -46.705897, -23.536949 ], [ -46.706068, -23.53684 ], [ -46.705516, -23.536578 ], [ -46.705449, -23.536413 ], [ -46.705462, -23.536084 ], [ -46.705418, -23.535951 ], [ -46.705323, -23.535869 ], [ -46.704935, -23.535751 ], [ -46.704768, -23.535565 ], [ -46.70351, -23.53562 ], [ -46.703322, -23.535757 ], [ -46.703294, -23.535913 ] ] ] } },
{ "type": "Feature", "properties": { "CD_SETOR": "355030848000049", "faces": 12, "pavimentada": 100.0, "bueiro": 41.67, "iluminacao": 100.0, "onibus": 33.33, "ciclovia": 0.0, "calcada": 66.67, "obstaculo": 75.0, "rampa": 50.0, "rampa_faces": 33.33, "sem_calcada": 33.33, "sem_arvore": 33.33, "muitas_arvores": 25.0, "vao": 66.67, "V05400": 12, "V05421": 8, "V05406": 12, "V05412": 12, "V05422": 4, "V05424": 6, "V05427": 4, "V05409": 5, "V05415": 4, "V05418": 0, "V05430": 4, "V05433": 3, "criancas_0a4": 18, "em_favela": false }, "geometry": { "type": "Polygon", "coordinates": [ [ [ -46.704317, -23.532846 ], [ -46.704343, -23.533846 ], [ -46.704622, -23.534619 ], [ -46.704768, -23.535565 ], [ -46.704935, -23.535751 ], [ -46.705323, -23.535869 ], [ -46.705418, -23.535951 ], [ -46.705462, -23.536084 ], [ -46.705449, -23.536413 ], [ -46.705516, -23.536578 ], [ -46.706068, -23.53684 ], [ -46.706131, -23.536715 ], [ -46.706049, -23.536052 ], [ -46.705766, -23.535488 ], [ -46.705493, -23.534223 ], [ -46.705255, -23.53385 ], [ -46.705049, -23.533363 ], [ -46.704748, -23.533004 ], [ -46.704317, -23.532846 ] ] ] } },
{ "type": "Feature", "properties": { "CD_SETOR": "355030848000051", "faces": 14, "pavimentada": 100.0, "bueiro": 57.14, "iluminacao": 100.0, "onibus": 28.57, "ciclovia": 0.0, "calcada": 100.0, "obstaculo": 21.43, "rampa": 78.57, "rampa_faces": 78.57, "sem_calcada": 0.0, "sem_arvore": 0.0, "muitas_arvores": 85.71, "vao": 21.43, "V05400": 14, "V05421": 14, "V05406": 14, "V05412": 14, "V05422": 0, "V05424": 3, "V05427": 11, "V05409": 8, "V05415": 4, "V05418": 0, "V05430": 0, "V05433": 12, "criancas_0a4": 3, "em_favela": false }, "geometry": { "type": "Polygon", "coordinates": [ [ [ -46.711881, -23.530842 ], [ -46.712096, -23.532016 ], [ -46.713192, -23.534479 ], [ -46.713258, -23.534802 ], [ -46.713221, -23.535284 ], [ -46.714221, -23.535285 ], [ -46.713844, -23.534282 ], [ -46.714943, -23.533829 ], [ -46.714508, -23.532968 ], [ -46.715403, -23.532568 ], [ -46.715269, -23.532355 ], [ -46.715045, -23.532165 ], [ -46.714672, -23.532038 ], [ -46.714456, -23.532047 ], [ -46.712992, -23.532349 ], [ -46.712069, -23.531225 ], [ -46.711881, -23.530842 ] ] ] } },
{ "type": "Feature", "properties": { "CD_SETOR": "355030848000052", "faces": 7, "pavimentada": 100.0, "bueiro": 42.86, "iluminacao": 100.0, "onibus": 14.29, "ciclovia": 0.0, "calcada": 100.0, "obstaculo": 28.57, "rampa": 0.0, "rampa_faces": 0.0, "sem_calcada": 0.0, "sem_arvore": 0.0, "muitas_arvores": 57.14, "vao": 100.0, "V05400": 7, "V05421": 7, "V05406": 7, "V05412": 7, "V05422": 0, "V05424": 2, "V05427": 0, "V05409": 3, "V05415": 1, "V05418": 0, "V05430": 0, "V05433": 4, "criancas_0a4": 14, "em_favela": false }, "geometry": { "type": "Polygon", "coordinates": [ [ [ -46.713821, -23.531121 ], [ -46.714402, -23.530888 ], [ -46.714792, -23.530906 ], [ -46.715067, -23.531008 ], [ -46.715667, -23.531388 ], [ -46.716196, -23.531603 ], [ -46.716561, -23.531689 ], [ -46.717267, -23.531743 ], [ -46.719522, -23.530789 ], [ -46.719804, -23.529824 ], [ -46.719565, -23.529797 ], [ -46.719273, -23.52985 ], [ -46.718497, -23.530409 ], [ -46.717722, -23.530777 ], [ -46.717209, -23.530868 ], [ -46.716787, -23.530846 ], [ -46.716176, -23.530657 ], [ -46.71568, -23.530326 ], [ -46.71536, -23.52994 ], [ -46.715121, -23.529218 ], [ -46.713821, -23.531121 ] ] ] } },
{ "type": "Feature", "properties": { "CD_SETOR": "355030848000053", "faces": 14, "pavimentada": 100.0, "bueiro": 35.71, "iluminacao": 85.71, "onibus": 7.14, "ciclovia": 21.43, "calcada": 71.43, "obstaculo": 30.0, "rampa": 20.0, "rampa_faces": 14.29, "sem_calcada": 28.57, "sem_arvore": 28.57, "muitas_arvores": 28.57, "vao": 85.71, "V05400": 14, "V05421": 10, "V05406": 14, "V05412": 12, "V05422": 4, "V05424": 3, "V05427": 2, "V05409": 5, "V05415": 1, "V05418": 3, "V05430": 4, "V05433": 4, "criancas_0a4": 16, "em_favela": false }, "geometry": { "type": "Polygon", "coordinates": [ [ [ -46.718903, -23.52618 ], [ -46.718736, -23.526243 ], [ -46.718517, -23.526253 ], [ -46.717698, -23.526659 ], [ -46.716682, -23.527392 ], [ -46.716248, -23.527985 ], [ -46.716033, -23.528002 ], [ -46.715883, -23.527902 ], [ -46.715611, -23.528086 ], [ -46.715479, -23.528251 ], [ -46.715281, -23.528586 ], [ -46.715121, -23.529218 ], [ -46.71536, -23.52994 ], [ -46.715833, -23.530453 ], [ -46.716176, -23.530657 ], [ -46.71653, -23.53079 ], [ -46.716919, -23.530861 ], [ -46.717445, -23.530844 ], [ -46.71815, -23.530604 ], [ -46.718585, -23.530352 ], [ -46.719273, -23.52985 ], [ -46.719565, -23.529797 ], [ -46.719804, -23.529824 ], [ -46.720071, -23.528899 ], [ -46.719963, -23.528839 ], [ -46.719878, -23.528657 ], [ -46.720087, -23.52756 ], [ -46.72076, -23.526521 ], [ -46.720866, -23.526233 ], [ -46.720004, -23.526098 ], [ -46.718903, -23.52618 ] ] ] } },
{ "type": "Feature", "properties": { "CD_SETOR": "355030848000055", "faces": 32, "pavimentada": 100.0, "bueiro": 40.62, "iluminacao": 93.75, "onibus": 31.25, "ciclovia": 0.0, "calcada": 93.75, "obstaculo": 50.0, "rampa": 56.67, "rampa_faces": 53.12, "sem_calcada": 6.25, "sem_arvore": 12.5, "muitas_arvores": 84.38, "vao": 46.88, "V05400": 32, "V05421": 30, "V05406": 32, "V05412": 30, "V05422": 2, "V05424": 15, "V05427": 17, "V05409": 13, "V05415": 10, "V05418": 0, "V05430": 4, "V05433": 27, "criancas_0a4": 25, "em_favela": false }, "geometry": { "type": "Polygon", "coordinates": [ [ [ -46.713516, -23.523987 ], [ -46.713338, -23.525749 ], [ -46.713377, -23.525753 ], [ -46.714297, -23.525724 ], [ -46.714893, -23.525605 ], [ -46.715617, -23.525316 ], [ -46.716364, -23.524835 ], [ -46.717183, -23.524061 ], [ -46.717517, -23.523641 ], [ -46.717729, -23.52358 ], [ -46.71795, -23.523645 ], [ -46.718033, -23.523727 ], [ -46.718067, -23.523854 ], [ -46.718273, -23.524009 ], [ -46.719068, -23.524207 ], [ -46.719176, -23.523513 ], [ -46.719215, -23.522771 ], [ -46.71915, -23.521986 ], [ -46.718973, -23.521451 ], [ -46.718568, -23.521691 ], [ -46.718325, -23.521924 ], [ -46.718189, -23.522143 ], [ -46.717808, -23.522197 ], [ -46.717681, -23.52219 ], [ -46.717342, -23.522035 ], [ -46.71722, -23.522062 ], [ -46.716825, -23.521928 ], [ -46.716751, -23.521858 ], [ -46.716406, -23.521812 ], [ -46.714913, -23.521366 ], [ -46.714873, -23.521641 ], [ -46.714953, -23.521906 ], [ -46.71554, -23.52231 ], [ -46.715841, -23.52268 ], [ -46.715949, -23.522916 ], [ -46.716002, -23.523488 ], [ -46.71507, -23.523377 ], [ -46.714911, -23.523616 ], [ -46.714603, -23.523811 ], [ -46.713941, -23.523991 ], [ -46.713516, -23.523987 ] ] ] } },
{ "type": "Feature", "properties": { "CD_SETOR": "355030848000056", "faces": 12, "pavimentada": 100.0, "bueiro": 100.0, "iluminacao": 100.0, "onibus": 25.0, "ciclovia": 0.0, "calcada": 100.0, "obstaculo": 66.67, "rampa": 0.0, "rampa_faces": 0.0, "sem_calcada": 0.0, "sem_arvore": 0.0, "muitas_arvores": 91.67, "vao": 100.0, "V05400": 12, "V05421": 12, "V05406": 12, "V05412": 12, "V05422": 0, "V05424": 8, "V05427": 0, "V05409": 12, "V05415": 3, "V05418": 0, "V05430": 0, "V05433": 11, "criancas_0a4": 5, "em_favela": false }, "geometry": { "type": "Polygon", "coordinates": [ [ [ -46.712084, -23.520686 ], [ -46.712135, -23.521395 ], [ -46.712339, -23.522047 ], [ -46.712625, -23.522466 ], [ -46.713135, -23.522889 ], [ -46.713444, -23.523273 ], [ -46.713501, -23.523491 ], [ -46.713516, -23.523987 ], [ -46.713941, -23.523991 ], [ -46.714603, -23.523811 ], [ -46.714911, -23.523616 ], [ -46.71507, -23.523377 ], [ -46.716002, -23.523488 ], [ -46.715949, -23.522916 ], [ -46.715841, -23.52268 ], [ -46.71554, -23.52231 ], [ -46.714953, -23.521906 ], [ -46.714873, -23.521641 ], [ -46.714913, -23.521366 ], [ -46.711933, -23.520484 ], [ -46.712084, -23.520686 ] ] ] } },
{ "type": "Feature", "properties": { "CD_SETOR": "355030848000058", "faces": 19, "pavimentada": 89.47, "bueiro": 89.47, "iluminacao": 89.47, "onibus": 15.79, "ciclovia": 0.0, "calcada": 84.21, "obstaculo": 56.25, "rampa": 93.75, "rampa_faces": 78.95, "sem_calcada": 5.26, "sem_arvore": 0.0, "muitas_arvores": 21.05, "vao": 10.53, "V05400": 19, "V05421": 16, "V05406": 17, "V05412": 17, "V05422": 1, "V05424": 9, "V05427": 15, "V05409": 17, "V05415": 3, "V05418": 0, "V05430": 0, "V05433": 4, "criancas_0a4": 14, "em_favela": false }, "geometry": { "type": "Polygon", "coordinates": [ [ [ -46.708361, -23.522515 ], [ -46.710372, -23.522676 ], [ -46.710522, -23.521237 ], [ -46.709512, -23.521158 ], [ -46.709597, -23.52012 ], [ -46.708606, -23.520041 ], [ -46.708361, -23.522515 ] ] ] } },
{ "type": "Feature", "properties": { "CD_SETOR": "355030848000059", "faces": 21, "pavimentada": 100.0, "bueiro": 95.24, "iluminacao": 100.0, "onibus": 33.33, "ciclovia": 0.0, "calcada": 100.0, "obstaculo": 19.05, "rampa": 95.24, "rampa_faces": 95.24, "sem_calcada": 0.0, "sem_arvore": 19.05, "muitas_arvores": 19.05, "vao": 4.76, "V05400": 21, "V05421": 21, "V05406": 21, "V05412": 21, "V05422": 0, "V05424": 4, "V05427": 20, "V05409": 20, "V05415": 7, "V05418": 0, "V05430": 4, "V05433": 4, "criancas_0a4": 4, "em_favela": false }, "geometry": { "type": "Polygon", "coordinates": [ [ [ -46.707864, -23.519002 ], [ -46.705327, -23.52008 ], [ -46.705944, -23.521249 ], [ -46.707501, -23.520966 ], [ -46.707527, -23.521011 ], [ -46.707484, -23.521087 ], [ -46.707359, -23.522438 ], [ -46.708361, -23.522515 ], [ -46.708606, -23.520041 ], [ -46.707605, -23.519951 ], [ -46.70767, -23.519334 ], [ -46.707864, -23.519002 ] ] ] } },
{ "type": "Feature", "properties": { "CD_SETOR": "355030848000060", "faces": 22, "pavimentada": 100.0, "bueiro": 72.73, "iluminacao": 100.0, "onibus": 45.45, "ciclovia": 0.0, "calcada": 95.45, "obstaculo": 23.81, "rampa": 80.95, "rampa_faces": 77.27, "sem_calcada": 4.55, "sem_arvore": 0.0, "muitas_arvores": 54.55, "vao": 22.73, "V05400": 22, "V05421": 21, "V05406": 22, "V05412": 22, "V05422": 1, "V05424": 5, "V05427": 17, "V05409": 16, "V05415": 10, "V05418": 0, "V05430": 0, "V05433": 12, "criancas_0a4": 15, "em_favela": false }, "geometry": { "type": "Polygon", "coordinates": [ [ [ -46.707525, -23.517768 ], [ -46.70584, -23.518504 ], [ -46.706402, -23.519615 ], [ -46.707864, -23.519002 ], [ -46.70767, -23.519334 ], [ -46.707605, -23.519951 ], [ -46.710381, -23.520178 ], [ -46.711432, -23.52038 ], [ -46.711492, -23.520249 ], [ -46.710557, -23.519655 ], [ -46.707525, -23.517768 ] ] ] } },
{ "type": "Feature", "properties": { "CD_SETOR": "355030848000061", "faces": 23, "pavimentada": 100.0, "bueiro": 73.91, "iluminacao": 100.0, "onibus": 56.52, "ciclovia": 0.0, "calcada": 100.0, "obstaculo": 65.22, "rampa": 52.17, "rampa_faces": 52.17, "sem_calcada": 0.0, "sem_arvore": 8.7, "muitas_arvores": 78.26, "vao": 47.83, "V05400": 23, "V05421": 23, "V05406": 23, "V05412": 23, "V05422": 0, "V05424": 15, "V05427": 12, "V05409": 17, "V05415": 13, "V05418": 0, "V05430": 2, "V05433": 18, "criancas_0a4": 0, "em_favela": false }, "geometry": { "type": "Polygon", "coordinates": [ [ [ -46.705641, -23.50873 ], [ -46.70532, -23.51185 ], [ -46.705218, -23.512197 ], [ -46.705023, -23.512493 ], [ -46.705198, -23.512878 ], [ -46.705378, -23.513064 ], [ -46.705632, -23.513214 ], [ -46.705891, -23.513297 ], [ -46.706198, -23.513327 ], [ -46.709036, -23.512806 ], [ -46.7091, -23.51285 ], [ -46.709587, -23.51379 ], [ -46.70858, -23.514268 ], [ -46.707489, -23.514866 ], [ -46.706359, -23.51538 ], [ -46.707137, -23.515915 ], [ -46.707282, -23.516153 ], [ -46.708717, -23.515548 ], [ -46.709693, -23.514987 ], [ -46.710759, -23.514172 ], [ -46.711639, -23.5133 ], [ -46.712461, -23.512251 ], [ -46.712986, -23.511401 ], [ -46.713503, -23.510241 ], [ -46.714099, -23.508282 ], [ -46.707224, -23.508789 ], [ -46.706395, -23.508796 ], [ -46.705641, -23.50873 ] ], [ [ -46.707495, -23.510757 ], [ -46.706713, -23.510578 ], [ -46.706375, -23.510386 ], [ -46.706705, -23.509995 ], [ -46.706923, -23.510165 ], [ -46.707762, -23.510175 ], [ -46.707749, -23.509593 ], [ -46.708048, -23.509593 ], [ -46.708134, -23.509779 ], [ -46.707944, -23.510061 ], [ -46.707896, -23.510331 ], [ -46.707934, -23.510635 ], [ -46.708056, -23.51087 ], [ -46.707859, -23.511006 ], [ -46.707495, -23.510757 ] ] ] } },
{ "type": "Feature", "properties": { "CD_SETOR": "355030848000062", "faces": 23, "pavimentada": 100.0, "bueiro": 69.57, "iluminacao": 91.3, "onibus": 30.43, "ciclovia": 0.0, "calcada": 82.61, "obstaculo": 52.63, "rampa": 84.21, "rampa_faces": 69.57, "sem_calcada": 17.39, "sem_arvore": 39.13, "muitas_arvores": 39.13, "vao": 30.43, "V05400": 23, "V05421": 19, "V05406": 23, "V05412": 21, "V05422": 4, "V05424": 10, "V05427": 16, "V05409": 16, "V05415": 7, "V05418": 0, "V05430": 9, "V05433": 9, "criancas_0a4": 6, "em_favela": false }, "geometry": { "type": "Polygon", "coordinates": [ [ [ -46.703305, -23.513426 ], [ -46.703858, -23.514539 ], [ -46.704345, -23.514342 ], [ -46.704729, -23.514308 ], [ -46.705106, -23.514492 ], [ -46.705657, -23.514888 ], [ -46.704936, -23.515802 ], [ -46.704907, -23.515903 ], [ -46.704959, -23.515983 ], [ -46.704665, -23.516104 ], [ -46.705129, -23.517087 ], [ -46.707282, -23.516153 ], [ -46.707137, -23.515915 ], [ -46.706359, -23.51538 ], [ -46.707489, -23.514866 ], [ -46.70858, -23.514268 ], [ -46.709587, -23.51379 ], [ -46.7091, -23.51285 ], [ -46.709036, -23.512806 ], [ -46.706198, -23.513327 ], [ -46.705891, -23.513297 ], [ -46.705632, -23.513214 ], [ -46.705378, -23.513064 ], [ -46.705198, -23.512878 ], [ -46.705023, -23.512493 ], [ -46.704726, -23.512706 ], [ -46.703305, -23.513426 ] ] ] } },
{ "type": "Feature", "properties": { "CD_SETOR": "355030848000064", "faces": 29, "pavimentada": 100.0, "bueiro": 79.31, "iluminacao": 100.0, "onibus": 44.83, "ciclovia": 0.0, "calcada": 100.0, "obstaculo": 68.97, "rampa": 75.86, "rampa_faces": 75.86, "sem_calcada": 0.0, "sem_arvore": 27.59, "muitas_arvores": 51.72, "vao": 24.14, "V05400": 29, "V05421": 29, "V05406": 29, "V05412": 29, "V05422": 0, "V05424": 20, "V05427": 22, "V05409": 23, "V05415": 13, "V05418": 0, "V05430": 8, "V05433": 15, "criancas_0a4": 25, "em_favela": false }, "geometry": { "type": "Polygon", "coordinates": [ [ [ -46.697717, -23.515548 ], [ -46.698013, -23.516017 ], [ -46.698086, -23.516063 ], [ -46.698866, -23.517325 ], [ -46.699091, -23.517281 ], [ -46.699309, -23.517352 ], [ -46.699287, -23.517041 ], [ -46.699431, -23.516733 ], [ -46.699862, -23.516863 ], [ -46.700294, -23.516738 ], [ -46.701036, -23.518861 ], [ -46.702988, -23.51801 ], [ -46.701276, -23.514575 ], [ -46.701217, -23.514322 ], [ -46.697855, -23.514984 ], [ -46.697726, -23.515315 ], [ -46.697717, -23.515548 ] ] ] } },
{ "type": "Feature", "properties": { "CD_SETOR": "355030848000065", "faces": 3, "pavimentada": 100.0, "bueiro": 33.33, "iluminacao": 100.0, "onibus": 33.33, "ciclovia": 0.0, "calcada": 100.0, "obstaculo": 33.33, "rampa": 33.33, "rampa_faces": 33.33, "sem_calcada": 0.0, "sem_arvore": 33.33, "muitas_arvores": 66.67, "vao": 66.67, "V05400": 3, "V05421": 3, "V05406": 3, "V05412": 3, "V05422": 0, "V05424": 1, "V05427": 1, "V05409": 1, "V05415": 1, "V05418": 0, "V05430": 1, "V05433": 2, "criancas_0a4": 8, "em_favela": false }, "geometry": { "type": "Polygon", "coordinates": [ [ [ -46.698687, -23.51798 ], [ -46.699085, -23.517798 ], [ -46.698847, -23.51742 ], [ -46.698866, -23.517325 ], [ -46.69855, -23.516822 ], [ -46.698427, -23.516895 ], [ -46.698343, -23.517245 ], [ -46.698687, -23.51798 ] ] ] } },
{ "type": "Feature", "properties": { "CD_SETOR": "355030848000068", "faces": 8, "pavimentada": 100.0, "bueiro": 75.0, "iluminacao": 100.0, "onibus": 0.0, "ciclovia": 12.5, "calcada": 100.0, "obstaculo": 0.0, "rampa": 100.0, "rampa_faces": 100.0, "sem_calcada": 0.0, "sem_arvore": 0.0, "muitas_arvores": 25.0, "vao": 0.0, "V05400": 8, "V05421": 8, "V05406": 8, "V05412": 8, "V05422": 0, "V05424": 0, "V05427": 8, "V05409": 6, "V05415": 0, "V05418": 1, "V05430": 0, "V05433": 2, "criancas_0a4": 13, "em_favela": false }, "geometry": { "type": "Polygon", "coordinates": [ [ [ -46.693119, -23.526041 ], [ -46.693137, -23.52815 ], [ -46.694296, -23.528139 ], [ -46.694268, -23.526038 ], [ -46.693119, -23.526041 ] ] ] } },
{ "type": "Feature", "properties": { "CD_SETOR": "355030848000071", "faces": 12, "pavimentada": 100.0, "bueiro": 83.33, "iluminacao": 100.0, "onibus": 8.33, "ciclovia": 0.0, "calcada": 75.0, "obstaculo": 66.67, "rampa": 0.0, "rampa_faces": 0.0, "sem_calcada": 25.0, "sem_arvore": 8.33, "muitas_arvores": 50.0, "vao": 100.0, "V05400": 12, "V05421": 9, "V05406": 12, "V05412": 12, "V05422": 3, "V05424": 6, "V05427": 0, "V05409": 10, "V05415": 1, "V05418": 0, "V05430": 1, "V05433": 6, "criancas_0a4": 8, "em_favela": false }, "geometry": { "type": "Polygon", "coordinates": [ [ [ -46.694751, -23.534011 ], [ -46.695734, -23.534841 ], [ -46.696282, -23.534999 ], [ -46.696757, -23.534936 ], [ -46.697153, -23.534802 ], [ -46.697612, -23.534405 ], [ -46.697431, -23.534325 ], [ -46.696456, -23.533547 ], [ -46.695988, -23.534043 ], [ -46.695024, -23.533282 ], [ -46.694966, -23.533169 ], [ -46.694751, -23.534011 ] ] ] } },
{ "type": "Feature", "properties": { "CD_SETOR": "355030848000072", "faces": 18, "pavimentada": 100.0, "bueiro": 50.0, "iluminacao": 100.0, "onibus": 16.67, "ciclovia": 0.0, "calcada": 100.0, "obstaculo": 94.44, "rampa": 44.44, "rampa_faces": 44.44, "sem_calcada": 0.0, "sem_arvore": 0.0, "muitas_arvores": 94.44, "vao": 55.56, "V05400": 18, "V05421": 18, "V05406": 18, "V05412": 18, "V05422": 0, "V05424": 17, "V05427": 8, "V05409": 9, "V05415": 3, "V05418": 0, "V05430": 0, "V05433": 17, "criancas_0a4": 17, "em_favela": false }, "geometry": { "type": "Polygon", "coordinates": [ [ [ -46.697833, -23.534554 ], [ -46.69772, -23.535208 ], [ -46.697469, -23.536023 ], [ -46.697472, -23.536271 ], [ -46.697604, -23.536629 ], [ -46.697585, -23.537681 ], [ -46.69726, -23.540468 ], [ -46.697202, -23.540646 ], [ -46.697502, -23.540616 ], [ -46.697867, -23.540487 ], [ -46.69825, -23.54025 ], [ -46.698593, -23.539898 ], [ -46.698977, -23.539236 ], [ -46.699061, -23.539058 ], [ -46.69812, -23.539503 ], [ -46.698033, -23.539503 ], [ -46.69795, -23.539436 ], [ -46.698177, -23.539196 ], [ -46.698488, -23.538457 ], [ -46.698339, -23.538299 ], [ -46.698333, -23.538077 ], [ -46.699058, -23.537007 ], [ -46.699826, -23.536086 ], [ -46.699743, -23.535297 ], [ -46.699516, -23.534645 ], [ -46.699284, -23.534703 ], [ -46.699048, -23.534659 ], [ -46.698914, -23.534524 ], [ -46.698839, -23.534259 ], [ -46.698294, -23.53453 ], [ -46.698042, -23.534575 ], [ -46.697833, -23.534554 ] ] ] } },
{ "type": "Feature", "properties": { "CD_SETOR": "355030848000073", "faces": 15, "pavimentada": 100.0, "bueiro": 60.0, "iluminacao": 100.0, "onibus": 13.33, "ciclovia": 0.0, "calcada": 93.33, "obstaculo": 64.29, "rampa": 0.0, "rampa_faces": 0.0, "sem_calcada": 6.67, "sem_arvore": 0.0, "muitas_arvores": 93.33, "vao": 100.0, "V05400": 15, "V05421": 14, "V05406": 15, "V05412": 15, "V05422": 1, "V05424": 9, "V05427": 0, "V05409": 9, "V05415": 2, "V05418": 0, "V05430": 0, "V05433": 14, "criancas_0a4": 6, "em_favela": false }, "geometry": { "type": "Polygon", "coordinates": [ [ [ -46.699516, -23.534645 ], [ -46.699743, -23.535297 ], [ -46.699826, -23.536086 ], [ -46.699058, -23.537007 ], [ -46.698333, -23.538077 ], [ -46.698339, -23.538299 ], [ -46.698488, -23.538457 ], [ -46.698177, -23.539196 ], [ -46.69795, -23.539436 ], [ -46.698033, -23.539503 ], [ -46.698183, -23.539479 ], [ -46.699061, -23.539058 ], [ -46.699868, -23.537606 ], [ -46.700362, -23.536554 ], [ -46.700621, -23.535849 ], [ -46.70075, -23.535684 ], [ -46.700777, -23.535454 ], [ -46.701392, -23.53339 ], [ -46.701196, -23.533442 ], [ -46.699704, -23.534459 ], [ -46.699516, -23.534645 ] ] ] } },
{ "type": "Feature", "properties": { "CD_SETOR": "355030848000074", "faces": 12, "pavimentada": 100.0, "bueiro": 58.33, "iluminacao": 100.0, "onibus": 0.0, "ciclovia": 0.0, "calcada": 100.0, "obstaculo": 100.0, "rampa": 0.0, "rampa_faces": 0.0, "sem_calcada": 0.0, "sem_arvore": 25.0, "muitas_arvores": 50.0, "vao": 100.0, "V05400": 12, "V05421": 12, "V05406": 12, "V05412": 12, "V05422": 0, "V05424": 12, "V05427": 0, "V05409": 7, "V05415": 0, "V05418": 0, "V05430": 3, "V05433": 6, "criancas_0a4": 18, "em_favela": false }, "geometry": { "type": "Polygon", "coordinates": [ [ [ -46.701807, -23.537945 ], [ -46.701853, -23.540436 ], [ -46.702204, -23.540419 ], [ -46.702211, -23.540224 ], [ -46.702316, -23.540219 ], [ -46.702314, -23.540127 ], [ -46.703191, -23.539861 ], [ -46.703467, -23.539475 ], [ -46.7033, -23.538454 ], [ -46.703618, -23.538375 ], [ -46.703521, -23.538053 ], [ -46.703099, -23.537382 ], [ -46.703446, -23.536968 ], [ -46.702701, -23.536416 ], [ -46.702537, -23.536971 ], [ -46.702886, -23.538704 ], [ -46.702871, -23.539322 ], [ -46.702774, -23.539496 ], [ -46.702697, -23.539474 ], [ -46.702398, -23.538751 ], [ -46.701807, -23.537945 ] ] ] } },
{ "type": "Feature", "properties": { "CD_SETOR": "355030848000075", "faces": 3, "pavimentada": 100.0, "bueiro": 33.33, "iluminacao": 100.0, "onibus": 33.33, "ciclovia": 0.0, "calcada": 100.0, "obstaculo": 66.67, "rampa": 66.67, "rampa_faces": 66.67, "sem_calcada": 0.0, "sem_arvore": 0.0, "muitas_arvores": 33.33, "vao": 33.33, "V05400": 3, "V05421": 3, "V05406": 3, "V05412": 3, "V05422": 0, "V05424": 2, "V05427": 2, "V05409": 1, "V05415": 1, "V05418": 0, "V05430": 0, "V05433": 1, "criancas_0a4": 3, "em_favela": false }, "geometry": { "type": "Polygon", "coordinates": [ [ [ -46.701853, -23.540436 ], [ -46.701875, -23.54069 ], [ -46.703545, -23.540281 ], [ -46.704144, -23.540179 ], [ -46.703618, -23.538375 ], [ -46.7033, -23.538454 ], [ -46.703467, -23.539475 ], [ -46.703191, -23.539861 ], [ -46.702314, -23.540127 ], [ -46.702316, -23.540219 ], [ -46.702211, -23.540224 ], [ -46.702204, -23.540419 ], [ -46.701853, -23.540436 ] ] ] } },
{ "type": "Feature", "properties": { "CD_SETOR": "355030848000077", "faces": 1, "pavimentada": 100.0, "bueiro": 0.0, "iluminacao": 100.0, "onibus": 0.0, "ciclovia": 0.0, "calcada": 100.0, "obstaculo": 100.0, "rampa": 0.0, "rampa_faces": 0.0, "sem_calcada": 0.0, "sem_arvore": 0.0, "muitas_arvores": 100.0, "vao": 100.0, "V05400": 1, "V05421": 1, "V05406": 1, "V05412": 1, "V05422": 0, "V05424": 1, "V05427": 0, "V05409": 0, "V05415": 0, "V05418": 0, "V05430": 0, "V05433": 1, "criancas_0a4": 14, "em_favela": false }, "geometry": { "type": "Polygon", "coordinates": [ [ [ -46.703618, -23.538375 ], [ -46.704084, -23.539975 ], [ -46.704446, -23.539891 ], [ -46.704388, -23.539679 ], [ -46.70464, -23.539616 ], [ -46.704116, -23.538241 ], [ -46.703618, -23.538375 ] ] ] } },
{ "type": "Feature", "properties": { "CD_SETOR": "355030848000079", "faces": 4, "pavimentada": 100.0, "bueiro": 25.0, "iluminacao": 100.0, "onibus": 0.0, "ciclovia": 0.0, "calcada": 100.0, "obstaculo": 0.0, "rampa": 50.0, "rampa_faces": 50.0, "sem_calcada": 0.0, "sem_arvore": 0.0, "muitas_arvores": 75.0, "vao": 50.0, "V05400": 4, "V05421": 4, "V05406": 4, "V05412": 4, "V05422": 0, "V05424": 0, "V05427": 2, "V05409": 1, "V05415": 0, "V05418": 0, "V05430": 0, "V05433": 3, "criancas_0a4": 0, "em_favela": false }, "geometry": { "type": "Polygon", "coordinates": [ [ [ -46.714943, -23.533829 ], [ -46.715855, -23.533432 ], [ -46.715403, -23.532568 ], [ -46.714508, -23.532968 ], [ -46.714943, -23.533829 ] ] ] } },
{ "type": "Feature", "properties": { "CD_SETOR": "355030848000085", "faces": 31, "pavimentada": 100.0, "bueiro": 61.29, "iluminacao": 100.0, "onibus": 35.48, "ciclovia": 16.13, "calcada": 100.0, "obstaculo": 48.39, "rampa": 64.52, "rampa_faces": 64.52, "sem_calcada": 0.0, "sem_arvore": 6.45, "muitas_arvores": 80.65, "vao": 35.48, "V05400": 31, "V05421": 31, "V05406": 31, "V05412": 31, "V05422": 0, "V05424": 15, "V05427": 20, "V05409": 19, "V05415": 11, "V05418": 5, "V05430": 2, "V05433": 25, "criancas_0a4": 12, "em_favela": false }, "geometry": { "type": "Polygon", "coordinates": [ [ [ -46.718973, -23.521451 ], [ -46.71915, -23.521986 ], [ -46.719215, -23.522771 ], [ -46.719176, -23.523513 ], [ -46.719074, -23.523984 ], [ -46.719091, -23.524374 ], [ -46.719012, -23.524946 ], [ -46.718997, -23.525572 ], [ -46.719041, -23.525958 ], [ -46.718903, -23.52618 ], [ -46.720004, -23.526098 ], [ -46.720866, -23.526233 ], [ -46.722164, -23.521813 ], [ -46.722213, -23.521585 ], [ -46.722131, -23.521474 ], [ -46.72315, -23.520154 ], [ -46.723592, -23.519655 ], [ -46.723475, -23.51934 ], [ -46.720697, -23.520549 ], [ -46.718973, -23.521451 ] ] ] } },
{ "type": "Feature", "properties": { "CD_SETOR": "355030848000089", "faces": 12, "pavimentada": 100.0, "bueiro": 100.0, "iluminacao": 100.0, "onibus": 8.33, "ciclovia": 0.0, "calcada": 100.0, "obstaculo": 0.0, "rampa": 100.0, "rampa_faces": 100.0, "sem_calcada": 0.0, "sem_arvore": 0.0, "muitas_arvores": 75.0, "vao": 0.0, "V05400": 12, "V05421": 12, "V05406": 12, "V05412": 12, "V05422": 0, "V05424": 0, "V05427": 12, "V05409": 12, "V05415": 1, "V05418": 0, "V05430": 0, "V05433": 9, "criancas_0a4": 16, "em_favela": false }, "geometry": { "type": "Polygon", "coordinates": [ [ [ -46.717177, -23.514723 ], [ -46.717326, -23.515034 ], [ -46.717442, -23.515167 ], [ -46.717512, -23.515439 ], [ -46.717872, -23.516168 ], [ -46.720143, -23.515249 ], [ -46.7206, -23.515896 ], [ -46.721927, -23.514783 ], [ -46.721253, -23.514156 ], [ -46.719562, -23.513978 ], [ -46.719197, -23.513991 ], [ -46.718884, -23.514062 ], [ -46.717177, -23.514723 ] ] ] } },
{ "type": "Feature", "properties": { "CD_SETOR": "355030848000090", "faces": 19, "pavimentada": 100.0, "bueiro": 100.0, "iluminacao": 100.0, "onibus": 15.79, "ciclovia": 0.0, "calcada": 100.0, "obstaculo": 31.58, "rampa": 94.74, "rampa_faces": 94.74, "sem_calcada": 0.0, "sem_arvore": 36.84, "muitas_arvores": 31.58, "vao": 5.26, "V05400": 19, "V05421": 19, "V05406": 19, "V05412": 19, "V05422": 0, "V05424": 6, "V05427": 18, "V05409": 19, "V05415": 3, "V05418": 0, "V05430": 7, "V05433": 6, "criancas_0a4": 13, "em_favela": false }, "geometry": { "type": "Polygon", "coordinates": [ [ [ -46.717177, -23.514723 ], [ -46.718884, -23.514062 ], [ -46.719197, -23.513991 ], [ -46.719562, -23.513978 ], [ -46.721253, -23.514156 ], [ -46.721927, -23.514783 ], [ -46.722764, -23.514054 ], [ -46.723401, -23.514936 ], [ -46.724, -23.515404 ], [ -46.724213, -23.515296 ], [ -46.724486, -23.51487 ], [ -46.724684, -23.514663 ], [ -46.725104, -23.513957 ], [ -46.723736, -23.513174 ], [ -46.723044, -23.512654 ], [ -46.722747, -23.512373 ], [ -46.722233, -23.51174 ], [ -46.720971, -23.509822 ], [ -46.720589, -23.509405 ], [ -46.720123, -23.509032 ], [ -46.719754, -23.513185 ], [ -46.71915, -23.513159 ], [ -46.718926, -23.513194 ], [ -46.718196, -23.51345 ], [ -46.717705, -23.513682 ], [ -46.717155, -23.514091 ], [ -46.717077, -23.5142 ], [ -46.717063, -23.514475 ], [ -46.717177, -23.514723 ] ] ] } },
{ "type": "Feature", "properties": { "CD_SETOR": "355030848000095", "faces": 7, "pavimentada": 100.0, "bueiro": 71.43, "iluminacao": 100.0, "onibus": 14.29, "ciclovia": 0.0, "calcada": 85.71, "obstaculo": 16.67, "rampa": 50.0, "rampa_faces": 42.86, "sem_calcada": 14.29, "sem_arvore": 14.29, "muitas_arvores": 42.86, "vao": 57.14, "V05400": 7, "V05421": 6, "V05406": 7, "V05412": 7, "V05422": 1, "V05424": 1, "V05427": 3, "V05409": 5, "V05415": 1, "V05418": 0, "V05430": 1, "V05433": 3, "criancas_0a4": 11, "em_favela": false }, "geometry": { "type": "Polygon", "coordinates": [ [ [ -46.688445, -23.523925 ], [ -46.688446, -23.524973 ], [ -46.689706, -23.524968 ], [ -46.689678, -23.523921 ], [ -46.688445, -23.523925 ] ] ] } },
{ "type": "Feature", "properties": { "CD_SETOR": "355030848000096", "faces": 24, "pavimentada": 100.0, "bueiro": 50.0, "iluminacao": 100.0, "onibus": 0.0, "ciclovia": 0.0, "calcada": 95.83, "obstaculo": 39.13, "rampa": 69.57, "rampa_faces": 66.67, "sem_calcada": 4.17, "sem_arvore": 4.17, "muitas_arvores": 33.33, "vao": 33.33, "V05400": 24, "V05421": 23, "V05406": 24, "V05412": 24, "V05422": 1, "V05424": 9, "V05427": 16, "V05409": 12, "V05415": 0, "V05418": 0, "V05430": 1, "V05433": 8, "criancas_0a4": 4, "em_favela": false }, "geometry": { "type": "Polygon", "coordinates": [ [ [ -46.686695, -23.522514 ], [ -46.685283, -23.523649 ], [ -46.685365, -23.526108 ], [ -46.686123, -23.526076 ], [ -46.686101, -23.525006 ], [ -46.687185, -23.524995 ], [ -46.686695, -23.522514 ] ] ] } },
{ "type": "Feature", "properties": { "CD_SETOR": "355030848000098", "faces": 4, "pavimentada": 100.0, "bueiro": 75.0, "iluminacao": 100.0, "onibus": 25.0, "ciclovia": 50.0, "calcada": 100.0, "obstaculo": 0.0, "rampa": 100.0, "rampa_faces": 100.0, "sem_calcada": 0.0, "sem_arvore": 0.0, "muitas_arvores": 75.0, "vao": 0.0, "V05400": 4, "V05421": 4, "V05406": 4, "V05412": 4, "V05422": 0, "V05424": 0, "V05427": 4, "V05409": 3, "V05415": 1, "V05418": 2, "V05430": 0, "V05433": 3, "criancas_0a4": 14, "em_favela": false }, "geometry": { "type": "Polygon", "coordinates": [ [ [ -46.690811, -23.526041 ], [ -46.690816, -23.526712 ], [ -46.690998, -23.526894 ], [ -46.69107, -23.527099 ], [ -46.692202, -23.527096 ], [ -46.692199, -23.526158 ], [ -46.69286, -23.526159 ], [ -46.692863, -23.526514 ], [ -46.693126, -23.526521 ], [ -46.693119, -23.526041 ], [ -46.690811, -23.526041 ] ] ] } },
{ "type": "Feature", "properties": { "CD_SETOR": "355030848000099", "faces": 8, "pavimentada": 100.0, "bueiro": 75.0, "iluminacao": 100.0, "onibus": 12.5, "ciclovia": 25.0, "calcada": 100.0, "obstaculo": 50.0, "rampa": 75.0, "rampa_faces": 75.0, "sem_calcada": 0.0, "sem_arvore": 0.0, "muitas_arvores": 75.0, "vao": 25.0, "V05400": 8, "V05421": 8, "V05406": 8, "V05412": 8, "V05422": 0, "V05424": 4, "V05427": 6, "V05409": 6, "V05415": 1, "V05418": 2, "V05430": 0, "V05433": 6, "criancas_0a4": 24, "em_favela": false }, "geometry": { "type": "Polygon", "coordinates": [ [ [ -46.689757, -23.526723 ], [ -46.68976, -23.52678 ], [ -46.691154, -23.528159 ], [ -46.693137, -23.52815 ], [ -46.693134, -23.527692 ], [ -46.692694, -23.527702 ], [ -46.692691, -23.527094 ], [ -46.69107, -23.527099 ], [ -46.690998, -23.526894 ], [ -46.690816, -23.526712 ], [ -46.689757, -23.526723 ] ] ] } },
{ "type": "Feature", "properties": { "CD_SETOR": "355030848000100", "faces": 8, "pavimentada": 100.0, "bueiro": 62.5, "iluminacao": 100.0, "onibus": 12.5, "ciclovia": 75.0, "calcada": 100.0, "obstaculo": 50.0, "rampa": 37.5, "rampa_faces": 37.5, "sem_calcada": 0.0, "sem_arvore": 0.0, "muitas_arvores": 75.0, "vao": 62.5, "V05400": 8, "V05421": 8, "V05406": 8, "V05412": 8, "V05422": 0, "V05424": 4, "V05427": 3, "V05409": 5, "V05415": 1, "V05418": 6, "V05430": 0, "V05433": 6, "criancas_0a4": 18, "em_favela": false }, "geometry": { "type": "Polygon", "coordinates": [ [ [ -46.688327, -23.527269 ], [ -46.689551, -23.52896 ], [ -46.691066, -23.528043 ], [ -46.68976, -23.52678 ], [ -46.689757, -23.526723 ], [ -46.689541, -23.527172 ], [ -46.689181, -23.527375 ], [ -46.688327, -23.527269 ] ] ] } },
{ "type": "Feature", "properties": { "CD_SETOR": "355030848000104", "faces": 8, "pavimentada": 100.0, "bueiro": 100.0, "iluminacao": 100.0, "onibus": 12.5, "ciclovia": 25.0, "calcada": 100.0, "obstaculo": 37.5, "rampa": 37.5, "rampa_faces": 37.5, "sem_calcada": 0.0, "sem_arvore": 37.5, "muitas_arvores": 12.5, "vao": 62.5, "V05400": 8, "V05421": 8, "V05406": 8, "V05412": 8, "V05422": 0, "V05424": 3, "V05427": 3, "V05409": 8, "V05415": 1, "V05418": 2, "V05430": 3, "V05433": 1, "criancas_0a4": 10, "em_favela": false }, "geometry": { "type": "Polygon", "coordinates": [ [ [ -46.700589, -23.525917 ], [ -46.699502, -23.525955 ], [ -46.69956, -23.527078 ], [ -46.700654, -23.527073 ], [ -46.700589, -23.525917 ] ] ] } },
{ "type": "Feature", "properties": { "CD_SETOR": "355030848000106", "faces": 4, "pavimentada": 100.0, "bueiro": 100.0, "iluminacao": 100.0, "onibus": 25.0, "ciclovia": 25.0, "calcada": 100.0, "obstaculo": 25.0, "rampa": 100.0, "rampa_faces": 100.0, "sem_calcada": 0.0, "sem_arvore": 25.0, "muitas_arvores": 0.0, "vao": 0.0, "V05400": 4, "V05421": 4, "V05406": 4, "V05412": 4, "V05422": 0, "V05424": 1, "V05427": 4, "V05409": 4, "V05415": 1, "V05418": 1, "V05430": 1, "V05433": 0, "criancas_0a4": 13, "em_favela": false }, "geometry": { "type": "Polygon", "coordinates": [ [ [ -46.70054, -23.524869 ], [ -46.700589, -23.525917 ], [ -46.702074, -23.525803 ], [ -46.702119, -23.525706 ], [ -46.702112, -23.52488 ], [ -46.702063, -23.524816 ], [ -46.70054, -23.524869 ] ] ] } },
{ "type": "Feature", "properties": { "CD_SETOR": "355030848000108", "faces": 4, "pavimentada": 100.0, "bueiro": 100.0, "iluminacao": 100.0, "onibus": 50.0, "ciclovia": 25.0, "calcada": 100.0, "obstaculo": 25.0, "rampa": 75.0, "rampa_faces": 75.0, "sem_calcada": 0.0, "sem_arvore": 25.0, "muitas_arvores": 75.0, "vao": 25.0, "V05400": 4, "V05421": 4, "V05406": 4, "V05412": 4, "V05422": 0, "V05424": 1, "V05427": 3, "V05409": 4, "V05415": 2, "V05418": 1, "V05430": 1, "V05433": 3, "criancas_0a4": 19, "em_favela": false }, "geometry": { "type": "Polygon", "coordinates": [ [ [ -46.699502, -23.525955 ], [ -46.697764, -23.526016 ], [ -46.697803, -23.527084 ], [ -46.69956, -23.527078 ], [ -46.699502, -23.525955 ] ] ] } },
{ "type": "Feature", "properties": { "CD_SETOR": "355030848000110", "faces": 8, "pavimentada": 100.0, "bueiro": 100.0, "iluminacao": 100.0, "onibus": 25.0, "ciclovia": 0.0, "calcada": 100.0, "obstaculo": 12.5, "rampa": 87.5, "rampa_faces": 87.5, "sem_calcada": 0.0, "sem_arvore": 0.0, "muitas_arvores": 87.5, "vao": 12.5, "V05400": 8, "V05421": 8, "V05406": 8, "V05412": 8, "V05422": 0, "V05424": 1, "V05427": 7, "V05409": 8, "V05415": 2, "V05418": 0, "V05430": 0, "V05433": 7, "criancas_0a4": 20, "em_favela": false }, "geometry": { "type": "Polygon", "coordinates": [ [ [ -46.697841, -23.528125 ], [ -46.697876, -23.529175 ], [ -46.700646, -23.529167 ], [ -46.700723, -23.528122 ], [ -46.697841, -23.528125 ] ] ] } },
{ "type": "Feature", "properties": { "CD_SETOR": "355030848000111", "faces": 8, "pavimentada": 100.0, "bueiro": 100.0, "iluminacao": 100.0, "onibus": 0.0, "ciclovia": 0.0, "calcada": 100.0, "obstaculo": 87.5, "rampa": 37.5, "rampa_faces": 37.5, "sem_calcada": 0.0, "sem_arvore": 37.5, "muitas_arvores": 50.0, "vao": 62.5, "V05400": 8, "V05421": 8, "V05406": 8, "V05412": 8, "V05422": 0, "V05424": 7, "V05427": 3, "V05409": 8, "V05415": 0, "V05418": 0, "V05430": 3, "V05433": 4, "criancas_0a4": 7, "em_favela": false }, "geometry": { "type": "Polygon", "coordinates": [ [ [ -46.700646, -23.529167 ], [ -46.702166, -23.529186 ], [ -46.701921, -23.530341 ], [ -46.702393, -23.530283 ], [ -46.702421, -23.529689 ], [ -46.702492, -23.529298 ], [ -46.702526, -23.528334 ], [ -46.700723, -23.528122 ], [ -46.700646, -23.529167 ] ] ] } },
{ "type": "Feature", "properties": { "CD_SETOR": "355030848000112", "faces": 3, "pavimentada": 100.0, "bueiro": 0.0, "iluminacao": 100.0, "onibus": 66.67, "ciclovia": 0.0, "calcada": 100.0, "obstaculo": 100.0, "rampa": 0.0, "rampa_faces": 0.0, "sem_calcada": 0.0, "sem_arvore": 33.33, "muitas_arvores": 66.67, "vao": 100.0, "V05400": 3, "V05421": 3, "V05406": 3, "V05412": 3, "V05422": 0, "V05424": 3, "V05427": 0, "V05409": 0, "V05415": 2, "V05418": 0, "V05430": 1, "V05433": 2, "criancas_0a4": 0, "em_favela": false }, "geometry": { "type": "Polygon", "coordinates": [ [ [ -46.703147, -23.532191 ], [ -46.703346, -23.530625 ], [ -46.702762, -23.530565 ], [ -46.702616, -23.531949 ], [ -46.702676, -23.532069 ], [ -46.702779, -23.532143 ], [ -46.703147, -23.532191 ] ] ] } },
{ "type": "Feature", "properties": { "CD_SETOR": "355030848000114", "faces": 4, "pavimentada": 100.0, "bueiro": 75.0, "iluminacao": 100.0, "onibus": 75.0, "ciclovia": 0.0, "calcada": 75.0, "obstaculo": 33.33, "rampa": 33.33, "rampa_faces": 25.0, "sem_calcada": 25.0, "sem_arvore": 50.0, "muitas_arvores": 50.0, "vao": 75.0, "V05400": 4, "V05421": 3, "V05406": 4, "V05412": 4, "V05422": 1, "V05424": 1, "V05427": 1, "V05409": 3, "V05415": 3, "V05418": 0, "V05430": 2, "V05433": 2, "criancas_0a4": 0, "em_favela": false }, "geometry": { "type": "Polygon", "coordinates": [ [ [ -46.705841, -23.532749 ], [ -46.705744, -23.53341 ], [ -46.7058, -23.533566 ], [ -46.706045, -23.533961 ], [ -46.706401, -23.535518 ], [ -46.706476, -23.535551 ], [ -46.706655, -23.536018 ], [ -46.706465, -23.536088 ], [ -46.706835, -23.536693 ], [ -46.70628, -23.536901 ], [ -46.707013, -23.537355 ], [ -46.707316, -23.537324 ], [ -46.707409, -23.537256 ], [ -46.707496, -23.536977 ], [ -46.707122, -23.536506 ], [ -46.706634, -23.535249 ], [ -46.706274, -23.533525 ], [ -46.706166, -23.530931 ], [ -46.705871, -23.530902 ], [ -46.705836, -23.531919 ], [ -46.705985, -23.531906 ], [ -46.705978, -23.532083 ], [ -46.705949, -23.532216 ], [ -46.705873, -23.532216 ], [ -46.705841, -23.532749 ] ] ] } },
{ "type": "Feature", "properties": { "CD_SETOR": "355030848000115", "faces": 9, "pavimentada": 100.0, "bueiro": 66.67, "iluminacao": 100.0, "onibus": 33.33, "ciclovia": 0.0, "calcada": 100.0, "obstaculo": 11.11, "rampa": 77.78, "rampa_faces": 77.78, "sem_calcada": 0.0, "sem_arvore": 0.0, "muitas_arvores": 66.67, "vao": 22.22, "V05400": 9, "V05421": 9, "V05406": 9, "V05412": 9, "V05422": 0, "V05424": 1, "V05427": 7, "V05409": 6, "V05415": 3, "V05418": 0, "V05430": 0, "V05433": 6, "criancas_0a4": 10, "em_favela": false }, "geometry": { "type": "Polygon", "coordinates": [ [ [ -46.709259, -23.523686 ], [ -46.710915, -23.523794 ], [ -46.711129, -23.523773 ], [ -46.711152, -23.523714 ], [ -46.711217, -23.523699 ], [ -46.711315, -23.522727 ], [ -46.709365, -23.522592 ], [ -46.709259, -23.523686 ] ] ] } },
{ "type": "Feature", "properties": { "CD_SETOR": "355030848000116", "faces": 4, "pavimentada": 100.0, "bueiro": 75.0, "iluminacao": 100.0, "onibus": 50.0, "ciclovia": 0.0, "calcada": 100.0, "obstaculo": 0.0, "rampa": 100.0, "rampa_faces": 100.0, "sem_calcada": 0.0, "sem_arvore": 25.0, "muitas_arvores": 25.0, "vao": 0.0, "V05400": 4, "V05421": 4, "V05406": 4, "V05412": 4, "V05422": 0, "V05424": 0, "V05427": 4, "V05409": 3, "V05415": 2, "V05418": 0, "V05430": 1, "V05433": 1, "criancas_0a4": 26, "em_favela": false }, "geometry": { "type": "Polygon", "coordinates": [ [ [ -46.704286, -23.520539 ], [ -46.70476, -23.521478 ], [ -46.705944, -23.521249 ], [ -46.705327, -23.52008 ], [ -46.704286, -23.520539 ] ] ] } },
{ "type": "Feature", "properties": { "CD_SETOR": "355030848000117", "faces": 5, "pavimentada": 100.0, "bueiro": 20.0, "iluminacao": 100.0, "onibus": 0.0, "ciclovia": 0.0, "calcada": 100.0, "obstaculo": 40.0, "rampa": 100.0, "rampa_faces": 100.0, "sem_calcada": 0.0, "sem_arvore": 40.0, "muitas_arvores": 60.0, "vao": 0.0, "V05400": 5, "V05421": 5, "V05406": 5, "V05412": 5, "V05422": 0, "V05424": 2, "V05427": 5, "V05409": 1, "V05415": 0, "V05418": 0, "V05430": 2, "V05433": 3, "criancas_0a4": 0, "em_favela": false }, "geometry": { "type": "Polygon", "coordinates": [ [ [ -46.698687, -23.51798 ], [ -46.699375, -23.519322 ], [ -46.699512, -23.51951 ], [ -46.700209, -23.519227 ], [ -46.700046, -23.519028 ], [ -46.699947, -23.519069 ], [ -46.699085, -23.517798 ], [ -46.698687, -23.51798 ] ] ] } },
{ "type": "Feature", "properties": { "CD_SETOR": "355030848000118", "faces": 9, "pavimentada": 100.0, "bueiro": 55.56, "iluminacao": 100.0, "onibus": 0.0, "ciclovia": 0.0, "calcada": 100.0, "obstaculo": 100.0, "rampa": 66.67, "rampa_faces": 66.67, "sem_calcada": 0.0, "sem_arvore": 0.0, "muitas_arvores": 55.56, "vao": 33.33, "V05400": 9, "V05421": 9, "V05406": 9, "V05412": 9, "V05422": 0, "V05424": 9, "V05427": 6, "V05409": 5, "V05415": 0, "V05418": 0, "V05430": 0, "V05433": 5, "criancas_0a4": 7, "em_favela": false }, "geometry": { "type": "Polygon", "coordinates": [ [ [ -46.697387, -23.518537 ], [ -46.696526, -23.518912 ], [ -46.697308, -23.520464 ], [ -46.698179, -23.520092 ], [ -46.697387, -23.518537 ] ] ] } },
{ "type": "Feature", "properties": { "CD_SETOR": "355030848000119", "faces": 4, "pavimentada": 100.0, "bueiro": 100.0, "iluminacao": 100.0, "onibus": 0.0, "ciclovia": 0.0, "calcada": 100.0, "obstaculo": 0.0, "rampa": 100.0, "rampa_faces": 100.0, "sem_calcada": 0.0, "sem_arvore": 0.0, "muitas_arvores": 50.0, "vao": 0.0, "V05400": 4, "V05421": 4, "V05406": 4, "V05412": 4, "V05422": 0, "V05424": 0, "V05427": 4, "V05409": 4, "V05415": 0, "V05418": 0, "V05430": 0, "V05433": 2, "criancas_0a4": 12, "em_favela": false }, "geometry": { "type": "Polygon", "coordinates": [ [ [ -46.69545, -23.52392 ], [ -46.695462, -23.524948 ], [ -46.696586, -23.52496 ], [ -46.696559, -23.523911 ], [ -46.69545, -23.52392 ] ] ] } },
{ "type": "Feature", "properties": { "CD_SETOR": "355030848000120", "faces": 8, "pavimentada": 100.0, "bueiro": 100.0, "iluminacao": 100.0, "onibus": 12.5, "ciclovia": 0.0, "calcada": 100.0, "obstaculo": 12.5, "rampa": 87.5, "rampa_faces": 87.5, "sem_calcada": 0.0, "sem_arvore": 25.0, "muitas_arvores": 50.0, "vao": 12.5, "V05400": 8, "V05421": 8, "V05406": 8, "V05412": 8, "V05422": 0, "V05424": 1, "V05427": 7, "V05409": 8, "V05415": 1, "V05418": 0, "V05430": 2, "V05433": 4, "criancas_0a4": 8, "em_favela": false }, "geometry": { "type": "Polygon", "coordinates": [ [ [ -46.694289, -23.527626 ], [ -46.695476, -23.527612 ], [ -46.695481, -23.528134 ], [ -46.696703, -23.528129 ], [ -46.696667, -23.527084 ], [ -46.694282, -23.527084 ], [ -46.694289, -23.527626 ] ] ] } },
{ "type": "Feature", "properties": { "CD_SETOR": "355030848000121", "faces": 8, "pavimentada": 100.0, "bueiro": 100.0, "iluminacao": 100.0, "onibus": 12.5, "ciclovia": 0.0, "calcada": 100.0, "obstaculo": 37.5, "rampa": 100.0, "rampa_faces": 100.0, "sem_calcada": 0.0, "sem_arvore": 0.0, "muitas_arvores": 100.0, "vao": 0.0, "V05400": 8, "V05421": 8, "V05406": 8, "V05412": 8, "V05422": 0, "V05424": 3, "V05427": 8, "V05409": 8, "V05415": 1, "V05418": 0, "V05430": 0, "V05433": 8, "criancas_0a4": 14, "em_favela": false }, "geometry": { "type": "Polygon", "coordinates": [ [ [ -46.696703, -23.528129 ], [ -46.696775, -23.530241 ], [ -46.697917, -23.530234 ], [ -46.697841, -23.528125 ], [ -46.696703, -23.528129 ] ] ] } },
{ "type": "Feature", "properties": { "CD_SETOR": "355030848000123", "faces": 9, "pavimentada": 100.0, "bueiro": 55.56, "iluminacao": 100.0, "onibus": 33.33, "ciclovia": 0.0, "calcada": 100.0, "obstaculo": 33.33, "rampa": 33.33, "rampa_faces": 33.33, "sem_calcada": 0.0, "sem_arvore": 0.0, "muitas_arvores": 77.78, "vao": 66.67, "V05400": 9, "V05421": 9, "V05406": 9, "V05412": 9, "V05422": 0, "V05424": 3, "V05427": 3, "V05409": 5, "V05415": 3, "V05418": 0, "V05430": 0, "V05433": 7, "criancas_0a4": 5, "em_favela": false }, "geometry": { "type": "Polygon", "coordinates": [ [ [ -46.713821, -23.531121 ], [ -46.713474, -23.531563 ], [ -46.713222, -23.531676 ], [ -46.712775, -23.531721 ], [ -46.712379, -23.531601 ], [ -46.712992, -23.532349 ], [ -46.714456, -23.532047 ], [ -46.714672, -23.532038 ], [ -46.715045, -23.532165 ], [ -46.715269, -23.532355 ], [ -46.715403, -23.532568 ], [ -46.717267, -23.531743 ], [ -46.716561, -23.531689 ], [ -46.716196, -23.531603 ], [ -46.715667, -23.531388 ], [ -46.715067, -23.531008 ], [ -46.714792, -23.530906 ], [ -46.714402, -23.530888 ], [ -46.713821, -23.531121 ] ] ] } },
{ "type": "Feature", "properties": { "CD_SETOR": "355030848000124", "faces": 12, "pavimentada": 100.0, "bueiro": 91.67, "iluminacao": 100.0, "onibus": 33.33, "ciclovia": 0.0, "calcada": 100.0, "obstaculo": 8.33, "rampa": 91.67, "rampa_faces": 91.67, "sem_calcada": 0.0, "sem_arvore": 0.0, "muitas_arvores": 91.67, "vao": 8.33, "V05400": 12, "V05421": 12, "V05406": 12, "V05412": 12, "V05422": 0, "V05424": 1, "V05427": 11, "V05409": 11, "V05415": 4, "V05418": 0, "V05430": 0, "V05433": 11, "criancas_0a4": 12, "em_favela": false }, "geometry": { "type": "Polygon", "coordinates": [ [ [ -46.711503, -23.521362 ], [ -46.711438, -23.521541 ], [ -46.71123, -23.523557 ], [ -46.711217, -23.523699 ], [ -46.711271, -23.5238 ], [ -46.711846, -23.524288 ], [ -46.712412, -23.524593 ], [ -46.713427, -23.524885 ], [ -46.713527, -23.523792 ], [ -46.713444, -23.523273 ], [ -46.713135, -23.522889 ], [ -46.712625, -23.522466 ], [ -46.712339, -23.522047 ], [ -46.712135, -23.521395 ], [ -46.712096, -23.520852 ], [ -46.711905, -23.521161 ], [ -46.711503, -23.521362 ] ] ] } },
{ "type": "Feature", "properties": { "CD_SETOR": "355030848000125", "faces": 6, "pavimentada": 83.33, "bueiro": 16.67, "iluminacao": 33.33, "onibus": 16.67, "ciclovia": 0.0, "calcada": 33.33, "obstaculo": 100.0, "rampa": 50.0, "rampa_faces": 16.67, "sem_calcada": 66.67, "sem_arvore": 66.67, "muitas_arvores": 33.33, "vao": 66.67, "V05400": 6, "V05421": 2, "V05406": 5, "V05412": 2, "V05422": 4, "V05424": 2, "V05427": 1, "V05409": 1, "V05415": 1, "V05418": 0, "V05430": 4, "V05433": 2, "criancas_0a4": 36, "em_favela": true }, "geometry": { "type": "Polygon", "coordinates": [ [ [ -46.707664, -23.510172 ], [ -46.707495, -23.510757 ], [ -46.707859, -23.511006 ], [ -46.708056, -23.51087 ], [ -46.707934, -23.510635 ], [ -46.707896, -23.510331 ], [ -46.707944, -23.510061 ], [ -46.708134, -23.509779 ], [ -46.708048, -23.509593 ], [ -46.707749, -23.509593 ], [ -46.707762, -23.510175 ], [ -46.707664, -23.510172 ] ] ] } },
{ "type": "Feature", "properties": { "CD_SETOR": "355030848000126", "faces": 12, "pavimentada": 100.0, "bueiro": 50.0, "iluminacao": 100.0, "onibus": 0.0, "ciclovia": 0.0, "calcada": 100.0, "obstaculo": 91.67, "rampa": 0.0, "rampa_faces": 0.0, "sem_calcada": 0.0, "sem_arvore": 0.0, "muitas_arvores": 50.0, "vao": 100.0, "V05400": 12, "V05421": 12, "V05406": 12, "V05412": 12, "V05422": 0, "V05424": 11, "V05427": 0, "V05409": 6, "V05415": 0, "V05418": 0, "V05430": 0, "V05433": 6, "criancas_0a4": 15, "em_favela": false }, "geometry": { "type": "Polygon", "coordinates": [ [ [ -46.694319, -23.529225 ], [ -46.691996, -23.529265 ], [ -46.692243, -23.530041 ], [ -46.692447, -23.5303 ], [ -46.694339, -23.530269 ], [ -46.694319, -23.529225 ] ] ] } },
{ "type": "Feature", "properties": { "CD_SETOR": "355030848000128", "faces": 4, "pavimentada": 100.0, "bueiro": 0.0, "iluminacao": 100.0, "onibus": 0.0, "ciclovia": 0.0, "calcada": 100.0, "obstaculo": 50.0, "rampa": 0.0, "rampa_faces": 0.0, "sem_calcada": 0.0, "sem_arvore": 0.0, "muitas_arvores": 50.0, "vao": 100.0, "V05400": 4, "V05421": 4, "V05406": 4, "V05412": 4, "V05422": 0, "V05424": 2, "V05427": 0, "V05409": 0, "V05415": 0, "V05418": 0, "V05430": 0, "V05433": 2, "criancas_0a4": 23, "em_favela": false }, "geometry": { "type": "Polygon", "coordinates": [ [ [ -46.71688, -23.532983 ], [ -46.717015, -23.533302 ], [ -46.717054, -23.533701 ], [ -46.717173, -23.533784 ], [ -46.717321, -23.533811 ], [ -46.717695, -23.533731 ], [ -46.718026, -23.53354 ], [ -46.718256, -23.533277 ], [ -46.718384, -23.532959 ], [ -46.718116, -23.53243 ], [ -46.71688, -23.532983 ] ] ] } },
{ "type": "Feature", "properties": { "CD_SETOR": "355030848000129", "faces": 3, "pavimentada": 100.0, "bueiro": 33.33, "iluminacao": 100.0, "onibus": 0.0, "ciclovia": 0.0, "calcada": 100.0, "obstaculo": 100.0, "rampa": 0.0, "rampa_faces": 0.0, "sem_calcada": 0.0, "sem_arvore": 0.0, "muitas_arvores": 33.33, "vao": 100.0, "V05400": 3, "V05421": 3, "V05406": 3, "V05412": 3, "V05422": 0, "V05424": 3, "V05427": 0, "V05409": 1, "V05415": 0, "V05418": 0, "V05430": 0, "V05433": 1, "criancas_0a4": 0, "em_favela": false }, "geometry": { "type": "Polygon", "coordinates": [ [ [ -46.718116, -23.53243 ], [ -46.718506, -23.533223 ], [ -46.718619, -23.533763 ], [ -46.719159, -23.531986 ], [ -46.718116, -23.53243 ] ] ] } },
{ "type": "Feature", "properties": { "CD_SETOR": "355030848000131", "faces": 16, "pavimentada": 100.0, "bueiro": 75.0, "iluminacao": 100.0, "onibus": 25.0, "ciclovia": 12.5, "calcada": 100.0, "obstaculo": 6.25, "rampa": 93.75, "rampa_faces": 93.75, "sem_calcada": 0.0, "sem_arvore": 18.75, "muitas_arvores": 31.25, "vao": 6.25, "V05400": 16, "V05421": 16, "V05406": 16, "V05412": 16, "V05422": 0, "V05424": 1, "V05427": 15, "V05409": 12, "V05415": 4, "V05418": 2, "V05430": 3, "V05433": 5, "criancas_0a4": 5, "em_favela": false }, "geometry": { "type": "Polygon", "coordinates": [ [ [ -46.689678, -23.523921 ], [ -46.689757, -23.526723 ], [ -46.690816, -23.526712 ], [ -46.690778, -23.523915 ], [ -46.689678, -23.523921 ] ] ] } },
{ "type": "Feature", "properties": { "CD_SETOR": "355030848000133", "faces": 1, "pavimentada": 100.0, "bueiro": 100.0, "iluminacao": 100.0, "onibus": 0.0, "ciclovia": 0.0, "calcada": 100.0, "obstaculo": 0.0, "rampa": 100.0, "rampa_faces": 100.0, "sem_calcada": 0.0, "sem_arvore": 0.0, "muitas_arvores": 100.0, "vao": 0.0, "V05400": 1, "V05421": 1, "V05406": 1, "V05412": 1, "V05422": 0, "V05424": 0, "V05427": 1, "V05409": 1, "V05415": 0, "V05418": 0, "V05430": 0, "V05433": 1, "criancas_0a4": 20, "em_favela": false }, "geometry": { "type": "Polygon", "coordinates": [ [ [ -46.692202, -23.527096 ], [ -46.69313, -23.527093 ], [ -46.693126, -23.526521 ], [ -46.692863, -23.526514 ], [ -46.69286, -23.526159 ], [ -46.692199, -23.526158 ], [ -46.692202, -23.527096 ] ] ] } },
{ "type": "Feature", "properties": { "CD_SETOR": "355030848000134", "faces": 1, "pavimentada": 100.0, "bueiro": 0.0, "iluminacao": 100.0, "onibus": 0.0, "ciclovia": 0.0, "calcada": 100.0, "obstaculo": 0.0, "rampa": 100.0, "rampa_faces": 100.0, "sem_calcada": 0.0, "sem_arvore": 0.0, "muitas_arvores": 100.0, "vao": 0.0, "V05400": 1, "V05421": 1, "V05406": 1, "V05412": 1, "V05422": 0, "V05424": 0, "V05427": 1, "V05409": 0, "V05415": 0, "V05418": 0, "V05430": 0, "V05433": 1, "criancas_0a4": 7, "em_favela": false }, "geometry": { "type": "Polygon", "coordinates": [ [ [ -46.692691, -23.527094 ], [ -46.692694, -23.527702 ], [ -46.693134, -23.527692 ], [ -46.69313, -23.527093 ], [ -46.692691, -23.527094 ] ] ] } },
{ "type": "Feature", "properties": { "CD_SETOR": "355030848000135", "faces": 1, "pavimentada": 100.0, "bueiro": 100.0, "iluminacao": 100.0, "onibus": 100.0, "ciclovia": 100.0, "calcada": 100.0, "obstaculo": 0.0, "rampa": 0.0, "rampa_faces": 0.0, "sem_calcada": 0.0, "sem_arvore": 0.0, "muitas_arvores": 0.0, "vao": 100.0, "V05400": 1, "V05421": 1, "V05406": 1, "V05412": 1, "V05422": 0, "V05424": 0, "V05427": 0, "V05409": 1, "V05415": 1, "V05418": 1, "V05430": 0, "V05433": 0, "criancas_0a4": 3, "em_favela": false }, "geometry": { "type": "Polygon", "coordinates": [ [ [ -46.689877, -23.529433 ], [ -46.690183, -23.529862 ], [ -46.690692, -23.529554 ], [ -46.690392, -23.529097 ], [ -46.689877, -23.529433 ] ] ] } },
{ "type": "Feature", "properties": { "CD_SETOR": "355030848000136", "faces": 1, "pavimentada": 100.0, "bueiro": 100.0, "iluminacao": 100.0, "onibus": 0.0, "ciclovia": 0.0, "calcada": 100.0, "obstaculo": 100.0, "rampa": 0.0, "rampa_faces": 0.0, "sem_calcada": 0.0, "sem_arvore": 0.0, "muitas_arvores": 100.0, "vao": 100.0, "V05400": 1, "V05421": 1, "V05406": 1, "V05412": 1, "V05422": 0, "V05424": 1, "V05427": 0, "V05409": 1, "V05415": 0, "V05418": 0, "V05430": 0, "V05433": 1, "criancas_0a4": 0, "em_favela": false }, "geometry": { "type": "Polygon", "coordinates": [ [ [ -46.690631, -23.529463 ], [ -46.69093, -23.529906 ], [ -46.691378, -23.529635 ], [ -46.691058, -23.529199 ], [ -46.690631, -23.529463 ] ] ] } },
{ "type": "Feature", "properties": { "CD_SETOR": "355030848000137", "faces": 1, "pavimentada": 100.0, "bueiro": 100.0, "iluminacao": 100.0, "onibus": 0.0, "ciclovia": 0.0, "calcada": 100.0, "obstaculo": 0.0, "rampa": 0.0, "rampa_faces": 0.0, "sem_calcada": 0.0, "sem_arvore": 100.0, "muitas_arvores": 0.0, "vao": 100.0, "V05400": 1, "V05421": 1, "V05406": 1, "V05412": 1, "V05422": 0, "V05424": 0, "V05427": 0, "V05409": 1, "V05415": 0, "V05418": 0, "V05430": 1, "V05433": 0, "criancas_0a4": 7, "em_favela": false }, "geometry": { "type": "Polygon", "coordinates": [ [ [ -46.690392, -23.529097 ], [ -46.690517, -23.529282 ], [ -46.690938, -23.529034 ], [ -46.690809, -23.528844 ], [ -46.690392, -23.529097 ] ] ] } },
{ "type": "Feature", "properties": { "CD_SETOR": "355030848000138", "faces": 1, "pavimentada": 100.0, "bueiro": 100.0, "iluminacao": 100.0, "onibus": 0.0, "ciclovia": 0.0, "calcada": 100.0, "obstaculo": 0.0, "rampa": 0.0, "rampa_faces": 0.0, "sem_calcada": 0.0, "sem_arvore": 0.0, "muitas_arvores": 0.0, "vao": 100.0, "V05400": 1, "V05421": 1, "V05406": 1, "V05412": 1, "V05422": 0, "V05424": 0, "V05427": 0, "V05409": 1, "V05415": 0, "V05418": 0, "V05430": 0, "V05433": 0, "criancas_0a4": 8, "em_favela": false }, "geometry": { "type": "Polygon", "coordinates": [ [ [ -46.691374, -23.530459 ], [ -46.691511, -23.530688 ], [ -46.691943, -23.530428 ], [ -46.691786, -23.530208 ], [ -46.691374, -23.530459 ] ] ] } },
{ "type": "Feature", "properties": { "CD_SETOR": "355030848000139", "faces": 1, "pavimentada": 100.0, "bueiro": 100.0, "iluminacao": 100.0, "onibus": 0.0, "ciclovia": 0.0, "calcada": 100.0, "obstaculo": 0.0, "rampa": 0.0, "rampa_faces": 0.0, "sem_calcada": 0.0, "sem_arvore": 0.0, "muitas_arvores": 0.0, "vao": 100.0, "V05400": 1, "V05421": 1, "V05406": 1, "V05412": 1, "V05422": 0, "V05424": 0, "V05427": 0, "V05409": 1, "V05415": 0, "V05418": 0, "V05430": 0, "V05433": 0, "criancas_0a4": 10, "em_favela": false }, "geometry": { "type": "Polygon", "coordinates": [ [ [ -46.691259, -23.530348 ], [ -46.69169, -23.530072 ], [ -46.691501, -23.529807 ], [ -46.691165, -23.530016 ], [ -46.69122, -23.530107 ], [ -46.691136, -23.530154 ], [ -46.691259, -23.530348 ] ] ] } },
{ "type": "Feature", "properties": { "CD_SETOR": "355030848000140", "faces": 14, "pavimentada": 100.0, "bueiro": 21.43, "iluminacao": 85.71, "onibus": 14.29, "ciclovia": 0.0, "calcada": 100.0, "obstaculo": 100.0, "rampa": 0.0, "rampa_faces": 0.0, "sem_calcada": 0.0, "sem_arvore": 78.57, "muitas_arvores": 0.0, "vao": 100.0, "V05400": 14, "V05421": 14, "V05406": 14, "V05412": 12, "V05422": 0, "V05424": 14, "V05427": 0, "V05409": 3, "V05415": 2, "V05418": 0, "V05430": 11, "V05433": 0, "criancas_0a4": 34, "em_favela": true }, "geometry": { "type": "Polygon", "coordinates": [ [ [ -46.707495, -23.510757 ], [ -46.707664, -23.510172 ], [ -46.706923, -23.510165 ], [ -46.706705, -23.509995 ], [ -46.706375, -23.510386 ], [ -46.706713, -23.510578 ], [ -46.707495, -23.510757 ] ] ] } },
{ "type": "Feature", "properties": { "CD_SETOR": "355030848000141", "faces": 12, "pavimentada": 100.0, "bueiro": 100.0, "iluminacao": 100.0, "onibus": 16.67, "ciclovia": 8.33, "calcada": 100.0, "obstaculo": 0.0, "rampa": 100.0, "rampa_faces": 100.0, "sem_calcada": 0.0, "sem_arvore": 8.33, "muitas_arvores": 25.0, "vao": 0.0, "V05400": 12, "V05421": 12, "V05406": 12, "V05412": 12, "V05422": 0, "V05424": 0, "V05427": 12, "V05409": 12, "V05415": 2, "V05418": 1, "V05430": 1, "V05433": 3, "criancas_0a4": 13, "em_favela": false }, "geometry": { "type": "Polygon", "coordinates": [ [ [ -46.701809, -23.523756 ], [ -46.699128, -23.523835 ], [ -46.699238, -23.525964 ], [ -46.700401, -23.525924 ], [ -46.700395, -23.525762 ], [ -46.700168, -23.52577 ], [ -46.700138, -23.525445 ], [ -46.700563, -23.525428 ], [ -46.70054, -23.524869 ], [ -46.702063, -23.524816 ], [ -46.701809, -23.523756 ] ] ] } },
{ "type": "Feature", "properties": { "CD_SETOR": "355030848000142", "faces": 1, "pavimentada": 100.0, "bueiro": 100.0, "iluminacao": 100.0, "onibus": 0.0, "ciclovia": 0.0, "calcada": 100.0, "obstaculo": 0.0, "rampa": 100.0, "rampa_faces": 100.0, "sem_calcada": 0.0, "sem_arvore": 0.0, "muitas_arvores": 0.0, "vao": 0.0, "V05400": 1, "V05421": 1, "V05406": 1, "V05412": 1, "V05422": 0, "V05424": 0, "V05427": 1, "V05409": 1, "V05415": 0, "V05418": 0, "V05430": 0, "V05433": 0, "criancas_0a4": 9, "em_favela": false }, "geometry": { "type": "Polygon", "coordinates": [ [ [ -46.700401, -23.525924 ], [ -46.700589, -23.525917 ], [ -46.700563, -23.525428 ], [ -46.700138, -23.525445 ], [ -46.700168, -23.52577 ], [ -46.700395, -23.525762 ], [ -46.700401, -23.525924 ] ] ] } },
{ "type": "Feature", "properties": { "CD_SETOR": "355030848000143", "faces": 12, "pavimentada": 100.0, "bueiro": 100.0, "iluminacao": 100.0, "onibus": 25.0, "ciclovia": 8.33, "calcada": 100.0, "obstaculo": 66.67, "rampa": 75.0, "rampa_faces": 75.0, "sem_calcada": 0.0, "sem_arvore": 25.0, "muitas_arvores": 50.0, "vao": 25.0, "V05400": 12, "V05421": 12, "V05406": 12, "V05412": 12, "V05422": 0, "V05424": 8, "V05427": 9, "V05409": 12, "V05415": 3, "V05418": 1, "V05430": 3, "V05433": 6, "criancas_0a4": 43, "em_favela": false }, "geometry": { "type": "Polygon", "coordinates": [ [ [ -46.702467, -23.525774 ], [ -46.701937, -23.525836 ], [ -46.702171, -23.527049 ], [ -46.700654, -23.527073 ], [ -46.700723, -23.528122 ], [ -46.702383, -23.528333 ], [ -46.702577, -23.528335 ], [ -46.703128, -23.528213 ], [ -46.702718, -23.527023 ], [ -46.702467, -23.525774 ] ] ] } },
{ "type": "Feature", "properties": { "CD_SETOR": "355030848000144", "faces": 4, "pavimentada": 100.0, "bueiro": 100.0, "iluminacao": 100.0, "onibus": 50.0, "ciclovia": 25.0, "calcada": 100.0, "obstaculo": 50.0, "rampa": 100.0, "rampa_faces": 100.0, "sem_calcada": 0.0, "sem_arvore": 0.0, "muitas_arvores": 75.0, "vao": 0.0, "V05400": 4, "V05421": 4, "V05406": 4, "V05412": 4, "V05422": 0, "V05424": 2, "V05427": 4, "V05409": 4, "V05415": 2, "V05418": 1, "V05430": 0, "V05433": 3, "criancas_0a4": 28, "em_favela": false }, "geometry": { "type": "Polygon", "coordinates": [ [ [ -46.700589, -23.525917 ], [ -46.700654, -23.527073 ], [ -46.702171, -23.527049 ], [ -46.701937, -23.525836 ], [ -46.700589, -23.525917 ] ] ] } },
{ "type": "Feature", "properties": { "CD_SETOR": "355030848000145", "faces": 12, "pavimentada": 100.0, "bueiro": 83.33, "iluminacao": 100.0, "onibus": 25.0, "ciclovia": 0.0, "calcada": 100.0, "obstaculo": 25.0, "rampa": 25.0, "rampa_faces": 25.0, "sem_calcada": 0.0, "sem_arvore": 25.0, "muitas_arvores": 50.0, "vao": 75.0, "V05400": 12, "V05421": 12, "V05406": 12, "V05412": 12, "V05422": 0, "V05424": 3, "V05427": 3, "V05409": 10, "V05415": 3, "V05418": 0, "V05430": 3, "V05433": 6, "criancas_0a4": 15, "em_favela": false }, "geometry": { "type": "Polygon", "coordinates": [ [ [ -46.705746, -23.527838 ], [ -46.704848, -23.527811 ], [ -46.705568, -23.52842 ], [ -46.70584, -23.528784 ], [ -46.706023, -23.529122 ], [ -46.706144, -23.529477 ], [ -46.706197, -23.529811 ], [ -46.70623, -23.530565 ], [ -46.706168, -23.530657 ], [ -46.706519, -23.530496 ], [ -46.706664, -23.530211 ], [ -46.707091, -23.530287 ], [ -46.707556, -23.530453 ], [ -46.707725, -23.53033 ], [ -46.707547, -23.530074 ], [ -46.707363, -23.52966 ], [ -46.707266, -23.529274 ], [ -46.707237, -23.528834 ], [ -46.705794, -23.528104 ], [ -46.705914, -23.527806 ], [ -46.705746, -23.527838 ] ] ] } },
{ "type": "Feature", "properties": { "CD_SETOR": "355030848000146", "faces": 17, "pavimentada": 100.0, "bueiro": 76.47, "iluminacao": 100.0, "onibus": 5.88, "ciclovia": 0.0, "calcada": 82.35, "obstaculo": 78.57, "rampa": 7.14, "rampa_faces": 5.88, "sem_calcada": 17.65, "sem_arvore": 17.65, "muitas_arvores": 29.41, "vao": 94.12, "V05400": 17, "V05421": 14, "V05406": 17, "V05412": 17, "V05422": 3, "V05424": 11, "V05427": 1, "V05409": 13, "V05415": 1, "V05418": 0, "V05430": 3, "V05433": 5, "criancas_0a4": 19, "em_favela": false }, "geometry": { "type": "Polygon", "coordinates": [ [ [ -46.706168, -23.530657 ], [ -46.706231, -23.532363 ], [ -46.708214, -23.532485 ], [ -46.708259, -23.532243 ], [ -46.708412, -23.532067 ], [ -46.709058, -23.531831 ], [ -46.708811, -23.531561 ], [ -46.708888, -23.531463 ], [ -46.70854, -23.531216 ], [ -46.707993, -23.530703 ], [ -46.707725, -23.53033 ], [ -46.707556, -23.530453 ], [ -46.707091, -23.530287 ], [ -46.706664, -23.530211 ], [ -46.706519, -23.530496 ], [ -46.706168, -23.530657 ] ] ] } },
{ "type": "Feature", "properties": { "CD_SETOR": "355030848000147", "faces": 12, "pavimentada": 100.0, "bueiro": 66.67, "iluminacao": 100.0, "onibus": 25.0, "ciclovia": 25.0, "calcada": 75.0, "obstaculo": 33.33, "rampa": 33.33, "rampa_faces": 25.0, "sem_calcada": 25.0, "sem_arvore": 50.0, "muitas_arvores": 16.67, "vao": 75.0, "V05400": 12, "V05421": 9, "V05406": 12, "V05412": 12, "V05422": 3, "V05424": 3, "V05427": 3, "V05409": 8, "V05415": 3, "V05418": 3, "V05430": 6, "V05433": 2, "criancas_0a4": 18, "em_favela": false }, "geometry": { "type": "Polygon", "coordinates": [ [ [ -46.704897, -23.527806 ], [ -46.705746, -23.527838 ], [ -46.705914, -23.527806 ], [ -46.705619, -23.527157 ], [ -46.705187, -23.527335 ], [ -46.704909, -23.526713 ], [ -46.705331, -23.526549 ], [ -46.705183, -23.526231 ], [ -46.706751, -23.5256 ], [ -46.706218, -23.525222 ], [ -46.706087, -23.525281 ], [ -46.704171, -23.525552 ], [ -46.704267, -23.52612 ], [ -46.704352, -23.526108 ], [ -46.704393, -23.526167 ], [ -46.704447, -23.526521 ], [ -46.704178, -23.526716 ], [ -46.704718, -23.527282 ], [ -46.704897, -23.527806 ] ] ] } },
{ "type": "Feature", "properties": { "CD_SETOR": "355030848000148", "faces": 1, "pavimentada": 100.0, "bueiro": 0.0, "iluminacao": 100.0, "onibus": 0.0, "ciclovia": 0.0, "calcada": 100.0, "obstaculo": 0.0, "rampa": 100.0, "rampa_faces": 100.0, "sem_calcada": 0.0, "sem_arvore": 0.0, "muitas_arvores": 100.0, "vao": 0.0, "V05400": 1, "V05421": 1, "V05406": 1, "V05412": 1, "V05422": 0, "V05424": 0, "V05427": 1, "V05409": 0, "V05415": 0, "V05418": 0, "V05430": 0, "V05433": 1, "criancas_0a4": 29, "em_favela": false }, "geometry": { "type": "Polygon", "coordinates": [ [ [ -46.705619, -23.527157 ], [ -46.705331, -23.526549 ], [ -46.704909, -23.526713 ], [ -46.705187, -23.527335 ], [ -46.705619, -23.527157 ] ] ] } },
{ "type": "Feature", "properties": { "CD_SETOR": "355030848000149", "faces": 28, "pavimentada": 100.0, "bueiro": 85.71, "iluminacao": 100.0, "onibus": 42.86, "ciclovia": 3.57, "calcada": 100.0, "obstaculo": 28.57, "rampa": 92.86, "rampa_faces": 92.86, "sem_calcada": 0.0, "sem_arvore": 32.14, "muitas_arvores": 39.29, "vao": 7.14, "V05400": 28, "V05421": 28, "V05406": 28, "V05412": 28, "V05422": 0, "V05424": 8, "V05427": 26, "V05409": 24, "V05415": 12, "V05418": 1, "V05430": 9, "V05433": 11, "criancas_0a4": 5, "em_favela": false }, "geometry": { "type": "Polygon", "coordinates": [ [ [ -46.700305, -23.519184 ], [ -46.696102, -23.520967 ], [ -46.695165, -23.521235 ], [ -46.694683, -23.522448 ], [ -46.694645, -23.52269 ], [ -46.696825, -23.522269 ], [ -46.697563, -23.521829 ], [ -46.697627, -23.521879 ], [ -46.697655, -23.522823 ], [ -46.699089, -23.522781 ], [ -46.699125, -23.523683 ], [ -46.699444, -23.523677 ], [ -46.699432, -23.523297 ], [ -46.699376, -23.523298 ], [ -46.69937, -23.523069 ], [ -46.699539, -23.523066 ], [ -46.699525, -23.522906 ], [ -46.699749, -23.522895 ], [ -46.699768, -23.523219 ], [ -46.699939, -23.523216 ], [ -46.700011, -23.523147 ], [ -46.700324, -23.523133 ], [ -46.700335, -23.523475 ], [ -46.699948, -23.523486 ], [ -46.699955, -23.523578 ], [ -46.700251, -23.523584 ], [ -46.700207, -23.523694 ], [ -46.700463, -23.523688 ], [ -46.700305, -23.520898 ], [ -46.700252, -23.520808 ], [ -46.701178, -23.52052 ], [ -46.701264, -23.520405 ], [ -46.701236, -23.520192 ], [ -46.70135, -23.520109 ], [ -46.700642, -23.519547 ], [ -46.700305, -23.519184 ] ] ] } },
{ "type": "Feature", "properties": { "CD_SETOR": "355030848000150", "faces": 1, "pavimentada": 100.0, "bueiro": 100.0, "iluminacao": 100.0, "onibus": 0.0, "ciclovia": 0.0, "calcada": 100.0, "obstaculo": 0.0, "rampa": 100.0, "rampa_faces": 100.0, "sem_calcada": 0.0, "sem_arvore": 0.0, "muitas_arvores": 100.0, "vao": 0.0, "V05400": 1, "V05421": 1, "V05406": 1, "V05412": 1, "V05422": 0, "V05424": 0, "V05427": 1, "V05409": 1, "V05415": 0, "V05418": 0, "V05430": 0, "V05433": 1, "criancas_0a4": 44, "em_favela": false }, "geometry": { "type": "Polygon", "coordinates": [ [ [ -46.699125, -23.523683 ], [ -46.699128, -23.523835 ], [ -46.700469, -23.523792 ], [ -46.700463, -23.523688 ], [ -46.700207, -23.523694 ], [ -46.700251, -23.523584 ], [ -46.699955, -23.523578 ], [ -46.699948, -23.523486 ], [ -46.700335, -23.523475 ], [ -46.700324, -23.523133 ], [ -46.700011, -23.523147 ], [ -46.699939, -23.523216 ], [ -46.699768, -23.523219 ], [ -46.699749, -23.522895 ], [ -46.699525, -23.522906 ], [ -46.699539, -23.523066 ], [ -46.69937, -23.523069 ], [ -46.699376, -23.523298 ], [ -46.699432, -23.523297 ], [ -46.699444, -23.523677 ], [ -46.699125, -23.523683 ] ] ] } },
{ "type": "Feature", "properties": { "CD_SETOR": "355030848000151", "faces": 16, "pavimentada": 100.0, "bueiro": 100.0, "iluminacao": 100.0, "onibus": 68.75, "ciclovia": 0.0, "calcada": 100.0, "obstaculo": 0.0, "rampa": 100.0, "rampa_faces": 100.0, "sem_calcada": 0.0, "sem_arvore": 0.0, "muitas_arvores": 56.25, "vao": 0.0, "V05400": 16, "V05421": 16, "V05406": 16, "V05412": 16, "V05422": 0, "V05424": 0, "V05427": 16, "V05409": 16, "V05415": 11, "V05418": 0, "V05430": 0, "V05433": 9, "criancas_0a4": 32, "em_favela": false }, "geometry": { "type": "Polygon", "coordinates": [ [ [ -46.697655, -23.522823 ], [ -46.697627, -23.521879 ], [ -46.697563, -23.521829 ], [ -46.696825, -23.522269 ], [ -46.696496, -23.522334 ], [ -46.696559, -23.523911 ], [ -46.697691, -23.523878 ], [ -46.697727, -23.524931 ], [ -46.699183, -23.524906 ], [ -46.699089, -23.522781 ], [ -46.697655, -23.522823 ] ], [ [ -46.696732, -23.523702 ], [ -46.696715, -23.523379 ], [ -46.696863, -23.523374 ], [ -46.696863, -23.523281 ], [ -46.696946, -23.523281 ], [ -46.696946, -23.523391 ], [ -46.697141, -23.523382 ], [ -46.697132, -23.522829 ], [ -46.697655, -23.522838 ], [ -46.697672, -23.523317 ], [ -46.697286, -23.523326 ], [ -46.697292, -23.523559 ], [ -46.697152, -23.523568 ], [ -46.697158, -23.523613 ], [ -46.697062, -23.52362 ], [ -46.697063, -23.523687 ], [ -46.696732, -23.523702 ] ] ] } },
{ "type": "Feature", "properties": { "CD_SETOR": "355030848000152", "faces": 2, "pavimentada": 100.0, "bueiro": 100.0, "iluminacao": 100.0, "onibus": 100.0, "ciclovia": 0.0, "calcada": 100.0, "obstaculo": 0.0, "rampa": 100.0, "rampa_faces": 100.0, "sem_calcada": 0.0, "sem_arvore": 0.0, "muitas_arvores": 100.0, "vao": 0.0, "V05400": 2, "V05421": 2, "V05406": 2, "V05412": 2, "V05422": 0, "V05424": 0, "V05427": 2, "V05409": 2, "V05415": 2, "V05418": 0, "V05430": 0, "V05433": 2, "criancas_0a4": 21, "em_favela": false }, "geometry": { "type": "Polygon", "coordinates": [ [ [ -46.697637, -23.522823 ], [ -46.697132, -23.522829 ], [ -46.697141, -23.523382 ], [ -46.696946, -23.523391 ], [ -46.696946, -23.523281 ], [ -46.696863, -23.523281 ], [ -46.696863, -23.523374 ], [ -46.696715, -23.523379 ], [ -46.696732, -23.523702 ], [ -46.697063, -23.523687 ], [ -46.697062, -23.52362 ], [ -46.697158, -23.523613 ], [ -46.697152, -23.523568 ], [ -46.697292, -23.523559 ], [ -46.697286, -23.523326 ], [ -46.697672, -23.523317 ], [ -46.697637, -23.522823 ] ] ] } },
{ "type": "Feature", "properties": { "CD_SETOR": "355030848000153", "faces": 12, "pavimentada": 100.0, "bueiro": 100.0, "iluminacao": 100.0, "onibus": 16.67, "ciclovia": 16.67, "calcada": 100.0, "obstaculo": 0.0, "rampa": 100.0, "rampa_faces": 100.0, "sem_calcada": 0.0, "sem_arvore": 8.33, "muitas_arvores": 25.0, "vao": 0.0, "V05400": 12, "V05421": 12, "V05406": 12, "V05412": 12, "V05422": 0, "V05424": 0, "V05427": 12, "V05409": 12, "V05415": 2, "V05418": 2, "V05430": 1, "V05433": 3, "criancas_0a4": 29, "em_favela": false }, "geometry": { "type": "Polygon", "coordinates": [ [ [ -46.696559, -23.523911 ], [ -46.696627, -23.526028 ], [ -46.699238, -23.525964 ], [ -46.699183, -23.524906 ], [ -46.697727, -23.524931 ], [ -46.697691, -23.523878 ], [ -46.696559, -23.523911 ] ] ] } },
{ "type": "Feature", "properties": { "CD_SETOR": "355030848000154", "faces": 2, "pavimentada": 100.0, "bueiro": 0.0, "iluminacao": 100.0, "onibus": 50.0, "ciclovia": 0.0, "calcada": 100.0, "obstaculo": 50.0, "rampa": 0.0, "rampa_faces": 0.0, "sem_calcada": 0.0, "sem_arvore": 0.0, "muitas_arvores": 50.0, "vao": 100.0, "V05400": 2, "V05421": 2, "V05406": 2, "V05412": 2, "V05422": 0, "V05424": 1, "V05427": 0, "V05409": 0, "V05415": 1, "V05418": 0, "V05430": 0, "V05433": 1, "criancas_0a4": 14, "em_favela": false }, "geometry": { "type": "Polygon", "coordinates": [ [ [ -46.703346, -23.530625 ], [ -46.703021, -23.533234 ], [ -46.703351, -23.532988 ], [ -46.703288, -23.532869 ], [ -46.70343, -23.532767 ], [ -46.703407, -23.532699 ], [ -46.703624, -23.532673 ], [ -46.703599, -23.532562 ], [ -46.703772, -23.53254 ], [ -46.703754, -23.532239 ], [ -46.703918, -23.530919 ], [ -46.703819, -23.530913 ], [ -46.70385, -23.530681 ], [ -46.703346, -23.530625 ] ] ] } },
{ "type": "Feature", "properties": { "CD_SETOR": "355030848000155", "faces": 4, "pavimentada": 100.0, "bueiro": 50.0, "iluminacao": 100.0, "onibus": 25.0, "ciclovia": 0.0, "calcada": 100.0, "obstaculo": 75.0, "rampa": 25.0, "rampa_faces": 25.0, "sem_calcada": 0.0, "sem_arvore": 25.0, "muitas_arvores": 50.0, "vao": 75.0, "V05400": 4, "V05421": 4, "V05406": 4, "V05412": 4, "V05422": 0, "V05424": 3, "V05427": 1, "V05409": 2, "V05415": 1, "V05418": 0, "V05430": 1, "V05433": 2, "criancas_0a4": 8, "em_favela": false }, "geometry": { "type": "Polygon", "coordinates": [ [ [ -46.703021, -23.533234 ], [ -46.703001, -23.533403 ], [ -46.703667, -23.532925 ], [ -46.704317, -23.532846 ], [ -46.704265, -23.532132 ], [ -46.704433, -23.530745 ], [ -46.70385, -23.530681 ], [ -46.703819, -23.530913 ], [ -46.703918, -23.530919 ], [ -46.703754, -23.532239 ], [ -46.703772, -23.53254 ], [ -46.703599, -23.532562 ], [ -46.703624, -23.532673 ], [ -46.703407, -23.532699 ], [ -46.70343, -23.532767 ], [ -46.703288, -23.532869 ], [ -46.703351, -23.532988 ], [ -46.703021, -23.533234 ] ] ] } },
{ "type": "Feature", "properties": { "CD_SETOR": "355030848000156", "faces": 3, "pavimentada": 100.0, "bueiro": 100.0, "iluminacao": 100.0, "onibus": 33.33, "ciclovia": 33.33, "calcada": 100.0, "obstaculo": 100.0, "rampa": 0.0, "rampa_faces": 0.0, "sem_calcada": 0.0, "sem_arvore": 33.33, "muitas_arvores": 0.0, "vao": 100.0, "V05400": 3, "V05421": 3, "V05406": 3, "V05412": 3, "V05422": 0, "V05424": 3, "V05427": 0, "V05409": 3, "V05415": 1, "V05418": 1, "V05430": 1, "V05433": 0, "criancas_0a4": 9, "em_favela": false }, "geometry": { "type": "Polygon", "coordinates": [ [ [ -46.70442, -23.53085 ], [ -46.704995, -23.530905 ], [ -46.704879, -23.531915 ], [ -46.705346, -23.531956 ], [ -46.70547, -23.530857 ], [ -46.704433, -23.530745 ], [ -46.70442, -23.53085 ] ] ] } },
{ "type": "Feature", "properties": { "CD_SETOR": "355030848000157", "faces": 3, "pavimentada": 100.0, "bueiro": 66.67, "iluminacao": 100.0, "onibus": 100.0, "ciclovia": 0.0, "calcada": 100.0, "obstaculo": 66.67, "rampa": 66.67, "rampa_faces": 66.67, "sem_calcada": 0.0, "sem_arvore": 0.0, "muitas_arvores": 33.33, "vao": 33.33, "V05400": 3, "V05421": 3, "V05406": 3, "V05412": 3, "V05422": 0, "V05424": 2, "V05427": 2, "V05409": 2, "V05415": 3, "V05418": 0, "V05430": 0, "V05433": 1, "criancas_0a4": 17, "em_favela": false }, "geometry": { "type": "Polygon", "coordinates": [ [ [ -46.704879, -23.531915 ], [ -46.704856, -23.532509 ], [ -46.704781, -23.532514 ], [ -46.704768, -23.532661 ], [ -46.704627, -23.532643 ], [ -46.704622, -23.532703 ], [ -46.704305, -23.532727 ], [ -46.704317, -23.532846 ], [ -46.704748, -23.533004 ], [ -46.705049, -23.533363 ], [ -46.705346, -23.531956 ], [ -46.704879, -23.531915 ] ] ] } },
{ "type": "Feature", "properties": { "CD_SETOR": "355030848000158", "faces": 1, "pavimentada": 100.0, "bueiro": 100.0, "iluminacao": 100.0, "onibus": 100.0, "ciclovia": 0.0, "calcada": 100.0, "obstaculo": 0.0, "rampa": 0.0, "rampa_faces": 0.0, "sem_calcada": 0.0, "sem_arvore": 0.0, "muitas_arvores": 0.0, "vao": 100.0, "V05400": 1, "V05421": 1, "V05406": 1, "V05412": 1, "V05422": 0, "V05424": 0, "V05427": 0, "V05409": 1, "V05415": 1, "V05418": 0, "V05430": 0, "V05433": 0, "criancas_0a4": 0, "em_favela": false }, "geometry": { "type": "Polygon", "coordinates": [ [ [ -46.704263, -23.532238 ], [ -46.704879, -23.532178 ], [ -46.704968, -23.531147 ], [ -46.704391, -23.531092 ], [ -46.704263, -23.532238 ] ] ] } },
{ "type": "Feature", "properties": { "CD_SETOR": "355030848000159", "faces": 2, "pavimentada": 100.0, "bueiro": 50.0, "iluminacao": 100.0, "onibus": 0.0, "ciclovia": 0.0, "calcada": 50.0, "obstaculo": 0.0, "rampa": 0.0, "rampa_faces": 0.0, "sem_calcada": 50.0, "sem_arvore": 50.0, "muitas_arvores": 50.0, "vao": 100.0, "V05400": 2, "V05421": 1, "V05406": 2, "V05412": 2, "V05422": 1, "V05424": 0, "V05427": 0, "V05409": 1, "V05415": 0, "V05418": 0, "V05430": 1, "V05433": 1, "criancas_0a4": 14, "em_favela": false }, "geometry": { "type": "Polygon", "coordinates": [ [ [ -46.705346, -23.531956 ], [ -46.705113, -23.533144 ], [ -46.705068, -23.533298 ], [ -46.705749, -23.533187 ], [ -46.705841, -23.532749 ], [ -46.705873, -23.532216 ], [ -46.705949, -23.532216 ], [ -46.705978, -23.532083 ], [ -46.705985, -23.531906 ], [ -46.705836, -23.531919 ], [ -46.705871, -23.530902 ], [ -46.70547, -23.530857 ], [ -46.705346, -23.531956 ] ] ] } },
{ "type": "Feature", "properties": { "CD_SETOR": "355030848000160", "faces": 1, "pavimentada": 100.0, "bueiro": 0.0, "iluminacao": 100.0, "onibus": 0.0, "ciclovia": 0.0, "calcada": 100.0, "obstaculo": 100.0, "rampa": 0.0, "rampa_faces": 0.0, "sem_calcada": 0.0, "sem_arvore": 0.0, "muitas_arvores": 100.0, "vao": 100.0, "V05400": 1, "V05421": 1, "V05406": 1, "V05412": 1, "V05422": 0, "V05424": 1, "V05427": 0, "V05409": 0, "V05415": 0, "V05418": 0, "V05430": 0, "V05433": 1, "criancas_0a4": 9, "em_favela": false }, "geometry": { "type": "Polygon", "coordinates": [ [ [ -46.705068, -23.533298 ], [ -46.705049, -23.533363 ], [ -46.705255, -23.53385 ], [ -46.705493, -23.534223 ], [ -46.705672, -23.535057 ], [ -46.706012, -23.534997 ], [ -46.705959, -23.534735 ], [ -46.706235, -23.53469 ], [ -46.706045, -23.533961 ], [ -46.705744, -23.53341 ], [ -46.705749, -23.533187 ], [ -46.705068, -23.533298 ] ] ] } },
{ "type": "Feature", "properties": { "CD_SETOR": "355030848000161", "faces": 1, "pavimentada": 100.0, "bueiro": 100.0, "iluminacao": 100.0, "onibus": 0.0, "ciclovia": 0.0, "calcada": 100.0, "obstaculo": 0.0, "rampa": 100.0, "rampa_faces": 100.0, "sem_calcada": 0.0, "sem_arvore": 0.0, "muitas_arvores": 0.0, "vao": 0.0, "V05400": 1, "V05421": 1, "V05406": 1, "V05412": 1, "V05422": 0, "V05424": 0, "V05427": 1, "V05409": 1, "V05415": 0, "V05418": 0, "V05430": 0, "V05433": 0, "criancas_0a4": 9, "em_favela": false }, "geometry": { "type": "Polygon", "coordinates": [ [ [ -46.705672, -23.535057 ], [ -46.705843, -23.535672 ], [ -46.706401, -23.535518 ], [ -46.706235, -23.53469 ], [ -46.705959, -23.534735 ], [ -46.706012, -23.534997 ], [ -46.705672, -23.535057 ] ] ] } },
{ "type": "Feature", "properties": { "CD_SETOR": "355030848000162", "faces": 9, "pavimentada": 100.0, "bueiro": 66.67, "iluminacao": 100.0, "onibus": 11.11, "ciclovia": 0.0, "calcada": 55.56, "obstaculo": 100.0, "rampa": 0.0, "rampa_faces": 0.0, "sem_calcada": 44.44, "sem_arvore": 55.56, "muitas_arvores": 22.22, "vao": 100.0, "V05400": 9, "V05421": 5, "V05406": 9, "V05412": 9, "V05422": 4, "V05424": 5, "V05427": 0, "V05409": 6, "V05415": 1, "V05418": 0, "V05430": 5, "V05433": 2, "criancas_0a4": 38, "em_favela": false }, "geometry": { "type": "Polygon", "coordinates": [ [ [ -46.706634, -23.535249 ], [ -46.707122, -23.536506 ], [ -46.707496, -23.536977 ], [ -46.707856, -23.536599 ], [ -46.708386, -23.536417 ], [ -46.708102, -23.535743 ], [ -46.707871, -23.53582 ], [ -46.707549, -23.535788 ], [ -46.70733, -23.535298 ], [ -46.707988, -23.535472 ], [ -46.707854, -23.5351 ], [ -46.707821, -23.534672 ], [ -46.707922, -23.534288 ], [ -46.708111, -23.533952 ], [ -46.708261, -23.533457 ], [ -46.708272, -23.532952 ], [ -46.708214, -23.532485 ], [ -46.706973, -23.532405 ], [ -46.706976, -23.532656 ], [ -46.7072, -23.532948 ], [ -46.70725, -23.533188 ], [ -46.706845, -23.534238 ], [ -46.706634, -23.535249 ] ] ] } },
{ "type": "Feature", "properties": { "CD_SETOR": "355030848000163", "faces": 3, "pavimentada": 100.0, "bueiro": 100.0, "iluminacao": 100.0, "onibus": 33.33, "ciclovia": 0.0, "calcada": 66.67, "obstaculo": 100.0, "rampa": 0.0, "rampa_faces": 0.0, "sem_calcada": 33.33, "sem_arvore": 33.33, "muitas_arvores": 66.67, "vao": 100.0, "V05400": 3, "V05421": 2, "V05406": 3, "V05412": 3, "V05422": 1, "V05424": 2, "V05427": 0, "V05409": 3, "V05415": 1, "V05418": 0, "V05430": 1, "V05433": 2, "criancas_0a4": 4, "em_favela": false }, "geometry": { "type": "Polygon", "coordinates": [ [ [ -46.706634, -23.535249 ], [ -46.706845, -23.534238 ], [ -46.707255, -23.533118 ], [ -46.7072, -23.532948 ], [ -46.706976, -23.532656 ], [ -46.706973, -23.532405 ], [ -46.706231, -23.532363 ], [ -46.706274, -23.533525 ], [ -46.706634, -23.535249 ] ] ] } },
{ "type": "Feature", "properties": { "CD_SETOR": "355030848000164", "faces": 1, "pavimentada": 100.0, "bueiro": 100.0, "iluminacao": 100.0, "onibus": 0.0, "ciclovia": 0.0, "calcada": 100.0, "obstaculo": 0.0, "rampa": 0.0, "rampa_faces": 0.0, "sem_calcada": 0.0, "sem_arvore": 0.0, "muitas_arvores": 100.0, "vao": 100.0, "V05400": 1, "V05421": 1, "V05406": 1, "V05412": 1, "V05422": 0, "V05424": 0, "V05427": 0, "V05409": 1, "V05415": 0, "V05418": 0, "V05430": 0, "V05433": 1, "criancas_0a4": 9, "em_favela": false }, "geometry": { "type": "Polygon", "coordinates": [ [ [ -46.708102, -23.535743 ], [ -46.707988, -23.535472 ], [ -46.70733, -23.535298 ], [ -46.707549, -23.535788 ], [ -46.707871, -23.53582 ], [ -46.708102, -23.535743 ] ] ] } },
{ "type": "Feature", "properties": { "CD_SETOR": "355030848000165", "faces": 4, "pavimentada": 100.0, "bueiro": 50.0, "iluminacao": 100.0, "onibus": 0.0, "ciclovia": 0.0, "calcada": 100.0, "obstaculo": 100.0, "rampa": 0.0, "rampa_faces": 0.0, "sem_calcada": 0.0, "sem_arvore": 0.0, "muitas_arvores": 75.0, "vao": 100.0, "V05400": 4, "V05421": 4, "V05406": 4, "V05412": 4, "V05422": 0, "V05424": 4, "V05427": 0, "V05409": 2, "V05415": 0, "V05418": 0, "V05430": 0, "V05433": 3, "criancas_0a4": 23, "em_favela": false }, "geometry": { "type": "Polygon", "coordinates": [ [ [ -46.708905, -23.531385 ], [ -46.708811, -23.531561 ], [ -46.709058, -23.531831 ], [ -46.708412, -23.532067 ], [ -46.708228, -23.532326 ], [ -46.708261, -23.533457 ], [ -46.708175, -23.533795 ], [ -46.707867, -23.534449 ], [ -46.707817, -23.534826 ], [ -46.707917, -23.535311 ], [ -46.708386, -23.536417 ], [ -46.708495, -23.536646 ], [ -46.708854, -23.537061 ], [ -46.708999, -23.53751 ], [ -46.709257, -23.537211 ], [ -46.709331, -23.53702 ], [ -46.709286, -23.536626 ], [ -46.709153, -23.536443 ], [ -46.709085, -23.536236 ], [ -46.708955, -23.535501 ], [ -46.709026, -23.534447 ], [ -46.709189, -23.533144 ], [ -46.709646, -23.531486 ], [ -46.709464, -23.531064 ], [ -46.70937, -23.531057 ], [ -46.70908, -23.531197 ], [ -46.708905, -23.531385 ] ] ] } },
{ "type": "Feature", "properties": { "CD_SETOR": "355030848000166", "faces": 11, "pavimentada": 100.0, "bueiro": 100.0, "iluminacao": 100.0, "onibus": 54.55, "ciclovia": 0.0, "calcada": 81.82, "obstaculo": 66.67, "rampa": 11.11, "rampa_faces": 9.09, "sem_calcada": 18.18, "sem_arvore": 45.45, "muitas_arvores": 27.27, "vao": 90.91, "V05400": 11, "V05421": 9, "V05406": 11, "V05412": 11, "V05422": 2, "V05424": 6, "V05427": 1, "V05409": 11, "V05415": 6, "V05418": 0, "V05430": 5, "V05433": 3, "criancas_0a4": 10, "em_favela": false }, "geometry": { "type": "Polygon", "coordinates": [ [ [ -46.707496, -23.536977 ], [ -46.707377, -23.537293 ], [ -46.707639, -23.537418 ], [ -46.707733, -23.537512 ], [ -46.707757, -23.537736 ], [ -46.70761, -23.537939 ], [ -46.707995, -23.538561 ], [ -46.708355, -23.538253 ], [ -46.708999, -23.53751 ], [ -46.708919, -23.537219 ], [ -46.708804, -23.536983 ], [ -46.708495, -23.536646 ], [ -46.708386, -23.536417 ], [ -46.707856, -23.536599 ], [ -46.707496, -23.536977 ] ] ] } },
{ "type": "Feature", "properties": { "CD_SETOR": "355030848000167", "faces": 5, "pavimentada": 100.0, "bueiro": 100.0, "iluminacao": 100.0, "onibus": 0.0, "ciclovia": 0.0, "calcada": 80.0, "obstaculo": 50.0, "rampa": 0.0, "rampa_faces": 0.0, "sem_calcada": 20.0, "sem_arvore": 20.0, "muitas_arvores": 60.0, "vao": 100.0, "V05400": 5, "V05421": 4, "V05406": 5, "V05412": 5, "V05422": 1, "V05424": 2, "V05427": 0, "V05409": 5, "V05415": 0, "V05418": 0, "V05430": 1, "V05433": 3, "criancas_0a4": 17, "em_favela": false }, "geometry": { "type": "Polygon", "coordinates": [ [ [ -46.706357, -23.528383 ], [ -46.70822, -23.529342 ], [ -46.709029, -23.53011 ], [ -46.709646, -23.531486 ], [ -46.709488, -23.532127 ], [ -46.709735, -23.532272 ], [ -46.709983, -23.532728 ], [ -46.710075, -23.533227 ], [ -46.710051, -23.533517 ], [ -46.710302, -23.533338 ], [ -46.710672, -23.532343 ], [ -46.710561, -23.532111 ], [ -46.71056, -23.531401 ], [ -46.710482, -23.530951 ], [ -46.710349, -23.530516 ], [ -46.710106, -23.530091 ], [ -46.709811, -23.529762 ], [ -46.708761, -23.528882 ], [ -46.70829, -23.528604 ], [ -46.707753, -23.52842 ], [ -46.707312, -23.528342 ], [ -46.706357, -23.528383 ] ] ] } },
{ "type": "Feature", "properties": { "CD_SETOR": "355030848000168", "faces": 7, "pavimentada": 100.0, "bueiro": 85.71, "iluminacao": 100.0, "onibus": 0.0, "ciclovia": 0.0, "calcada": 71.43, "obstaculo": 80.0, "rampa": 40.0, "rampa_faces": 28.57, "sem_calcada": 28.57, "sem_arvore": 42.86, "muitas_arvores": 42.86, "vao": 71.43, "V05400": 7, "V05421": 5, "V05406": 7, "V05412": 7, "V05422": 2, "V05424": 4, "V05427": 2, "V05409": 6, "V05415": 0, "V05418": 0, "V05430": 3, "V05433": 3, "criancas_0a4": 6, "em_favela": false }, "geometry": { "type": "Polygon", "coordinates": [ [ [ -46.707547, -23.530074 ], [ -46.707993, -23.530703 ], [ -46.70854, -23.531216 ], [ -46.708888, -23.531463 ], [ -46.708905, -23.531385 ], [ -46.70908, -23.531197 ], [ -46.70937, -23.531057 ], [ -46.709464, -23.531064 ], [ -46.709029, -23.53011 ], [ -46.70822, -23.529342 ], [ -46.707237, -23.528834 ], [ -46.707266, -23.529274 ], [ -46.707363, -23.52966 ], [ -46.707547, -23.530074 ] ] ] } },
{ "type": "Feature", "properties": { "CD_SETOR": "355030848000169", "faces": 15, "pavimentada": 93.33, "bueiro": 80.0, "iluminacao": 93.33, "onibus": 6.67, "ciclovia": 0.0, "calcada": 73.33, "obstaculo": 63.64, "rampa": 45.45, "rampa_faces": 33.33, "sem_calcada": 20.0, "sem_arvore": 26.67, "muitas_arvores": 20.0, "vao": 60.0, "V05400": 15, "V05421": 11, "V05406": 14, "V05412": 14, "V05422": 3, "V05424": 7, "V05427": 5, "V05409": 12, "V05415": 1, "V05418": 0, "V05430": 4, "V05433": 3, "criancas_0a4": 11, "em_favela": false }, "geometry": { "type": "Polygon", "coordinates": [ [ [ -46.705914, -23.527806 ], [ -46.705794, -23.528104 ], [ -46.705964, -23.528183 ], [ -46.706275, -23.528048 ], [ -46.706626, -23.527976 ], [ -46.707041, -23.527964 ], [ -46.708131, -23.528167 ], [ -46.709052, -23.528631 ], [ -46.709883, -23.529249 ], [ -46.710103, -23.529487 ], [ -46.710181, -23.529808 ], [ -46.710106, -23.530091 ], [ -46.710399, -23.530649 ], [ -46.71056, -23.531401 ], [ -46.71077, -23.530933 ], [ -46.710888, -23.530491 ], [ -46.710309, -23.529196 ], [ -46.710295, -23.529028 ], [ -46.710356, -23.528813 ], [ -46.710537, -23.528627 ], [ -46.709688, -23.527919 ], [ -46.709173, -23.527015 ], [ -46.708991, -23.526807 ], [ -46.708634, -23.526702 ], [ -46.708401, -23.526773 ], [ -46.705914, -23.527806 ] ] ] } },
{ "type": "Feature", "properties": { "CD_SETOR": "355030848000170", "faces": 3, "pavimentada": 100.0, "bueiro": 100.0, "iluminacao": 100.0, "onibus": 0.0, "ciclovia": 0.0, "calcada": 66.67, "obstaculo": 50.0, "rampa": 0.0, "rampa_faces": 0.0, "sem_calcada": 33.33, "sem_arvore": 66.67, "muitas_arvores": 33.33, "vao": 100.0, "V05400": 3, "V05421": 2, "V05406": 3, "V05412": 3, "V05422": 1, "V05424": 1, "V05427": 0, "V05409": 3, "V05415": 0, "V05418": 0, "V05430": 2, "V05433": 1, "criancas_0a4": 0, "em_favela": false }, "geometry": { "type": "Polygon", "coordinates": [ [ [ -46.705964, -23.528183 ], [ -46.706357, -23.528383 ], [ -46.707312, -23.528342 ], [ -46.707753, -23.52842 ], [ -46.70829, -23.528604 ], [ -46.708761, -23.528882 ], [ -46.709811, -23.529762 ], [ -46.710106, -23.530091 ], [ -46.710181, -23.529808 ], [ -46.710103, -23.529487 ], [ -46.709883, -23.529249 ], [ -46.709052, -23.528631 ], [ -46.708131, -23.528167 ], [ -46.707041, -23.527964 ], [ -46.706626, -23.527976 ], [ -46.706275, -23.528048 ], [ -46.705964, -23.528183 ] ] ] } },
{ "type": "Feature", "properties": { "CD_SETOR": "355030848000171", "faces": 38, "pavimentada": 100.0, "bueiro": 73.68, "iluminacao": 100.0, "onibus": 55.26, "ciclovia": 0.0, "calcada": 94.74, "obstaculo": 13.89, "rampa": 97.22, "rampa_faces": 92.11, "sem_calcada": 5.26, "sem_arvore": 52.63, "muitas_arvores": 13.16, "vao": 7.89, "V05400": 38, "V05421": 36, "V05406": 38, "V05412": 38, "V05422": 2, "V05424": 5, "V05427": 35, "V05409": 28, "V05415": 21, "V05418": 0, "V05430": 20, "V05433": 5, "criancas_0a4": 3, "em_favela": false }, "geometry": { "type": "Polygon", "coordinates": [ [ [ -46.705302, -23.517387 ], [ -46.70317, -23.518329 ], [ -46.702988, -23.51801 ], [ -46.700305, -23.519184 ], [ -46.700819, -23.519701 ], [ -46.701865, -23.520556 ], [ -46.702787, -23.521233 ], [ -46.702894, -23.52115 ], [ -46.704286, -23.520539 ], [ -46.703715, -23.51942 ], [ -46.707382, -23.517832 ], [ -46.706824, -23.517491 ], [ -46.706447, -23.517344 ], [ -46.70583, -23.517279 ], [ -46.705302, -23.517387 ] ] ] } },
{ "type": "Feature", "properties": { "CD_SETOR": "355030848000172", "faces": 8, "pavimentada": 100.0, "bueiro": 50.0, "iluminacao": 100.0, "onibus": 62.5, "ciclovia": 0.0, "calcada": 100.0, "obstaculo": 0.0, "rampa": 100.0, "rampa_faces": 100.0, "sem_calcada": 0.0, "sem_arvore": 25.0, "muitas_arvores": 12.5, "vao": 0.0, "V05400": 8, "V05421": 8, "V05406": 8, "V05412": 8, "V05422": 0, "V05424": 0, "V05427": 8, "V05409": 4, "V05415": 5, "V05418": 0, "V05430": 2, "V05433": 1, "criancas_0a4": 5, "em_favela": false }, "geometry": { "type": "Polygon", "coordinates": [ [ [ -46.704286, -23.520539 ], [ -46.706402, -23.519615 ], [ -46.70584, -23.518504 ], [ -46.703715, -23.51942 ], [ -46.704286, -23.520539 ] ] ] } },
{ "type": "Feature", "properties": { "CD_SETOR": "355030848000173", "faces": 52, "pavimentada": 96.15, "bueiro": 80.77, "iluminacao": 100.0, "onibus": 7.69, "ciclovia": 0.0, "calcada": 96.15, "obstaculo": 60.0, "rampa": 52.0, "rampa_faces": 50.0, "sem_calcada": 3.85, "sem_arvore": 28.85, "muitas_arvores": 55.77, "vao": 46.15, "V05400": 52, "V05421": 50, "V05406": 50, "V05412": 52, "V05422": 2, "V05424": 30, "V05427": 26, "V05409": 42, "V05415": 4, "V05418": 0, "V05430": 15, "V05433": 29, "criancas_0a4": 37, "em_favela": false }, "geometry": { "type": "Polygon", "coordinates": [ [ [ -46.69468, -23.508055 ], [ -46.693467, -23.508283 ], [ -46.693645, -23.50916 ], [ -46.693605, -23.509744 ], [ -46.69369, -23.510145 ], [ -46.693658, -23.510417 ], [ -46.692637, -23.512069 ], [ -46.692588, -23.512779 ], [ -46.692403, -23.513281 ], [ -46.691176, -23.515217 ], [ -46.691083, -23.515485 ], [ -46.691215, -23.515497 ], [ -46.691756, -23.515356 ], [ -46.692027, -23.515345 ], [ -46.696529, -23.515378 ], [ -46.697753, -23.508906 ], [ -46.697678, -23.508035 ], [ -46.696586, -23.507953 ], [ -46.695985, -23.507957 ], [ -46.69468, -23.508055 ] ] ] } },
{ "type": "Feature", "properties": { "CD_SETOR": "355030848000174", "faces": 1, "pavimentada": 100.0, "bueiro": 100.0, "iluminacao": 100.0, "onibus": 0.0, "ciclovia": 0.0, "calcada": 100.0, "obstaculo": 100.0, "rampa": 100.0, "rampa_faces": 100.0, "sem_calcada": 0.0, "sem_arvore": 0.0, "muitas_arvores": 100.0, "vao": 0.0, "V05400": 1, "V05421": 1, "V05406": 1, "V05412": 1, "V05422": 0, "V05424": 1, "V05427": 1, "V05409": 1, "V05415": 0, "V05418": 0, "V05430": 0, "V05433": 1, "criancas_0a4": 22, "em_favela": false }, "geometry": { "type": "Polygon", "coordinates": [ [ [ -46.694691, -23.518329 ], [ -46.693567, -23.518133 ], [ -46.693386, -23.518947 ], [ -46.69454, -23.519192 ], [ -46.694691, -23.518329 ] ] ] } },
{ "type": "Feature", "properties": { "CD_SETOR": "355030848000175", "faces": 2, "pavimentada": 100.0, "bueiro": 100.0, "iluminacao": 100.0, "onibus": 0.0, "ciclovia": 0.0, "calcada": 100.0, "obstaculo": 100.0, "rampa": 50.0, "rampa_faces": 50.0, "sem_calcada": 0.0, "sem_arvore": 0.0, "muitas_arvores": 100.0, "vao": 50.0, "V05400": 2, "V05421": 2, "V05406": 2, "V05412": 2, "V05422": 0, "V05424": 2, "V05427": 1, "V05409": 2, "V05415": 0, "V05418": 0, "V05430": 0, "V05433": 2, "criancas_0a4": 15, "em_favela": false }, "geometry": { "type": "Polygon", "coordinates": [ [ [ -46.693567, -23.518133 ], [ -46.694691, -23.518329 ], [ -46.694796, -23.517822 ], [ -46.693695, -23.517621 ], [ -46.693567, -23.518133 ] ] ] } },
{ "type": "Feature", "properties": { "CD_SETOR": "355030848000176", "faces": 1, "pavimentada": 100.0, "bueiro": 100.0, "iluminacao": 100.0, "onibus": 0.0, "ciclovia": 0.0, "calcada": 100.0, "obstaculo": 100.0, "rampa": 0.0, "rampa_faces": 0.0, "sem_calcada": 0.0, "sem_arvore": 0.0, "muitas_arvores": 100.0, "vao": 100.0, "V05400": 1, "V05421": 1, "V05406": 1, "V05412": 1, "V05422": 0, "V05424": 1, "V05427": 0, "V05409": 1, "V05415": 0, "V05418": 0, "V05430": 0, "V05433": 1, "criancas_0a4": 14, "em_favela": false }, "geometry": { "type": "Polygon", "coordinates": [ [ [ -46.698034, -23.516609 ], [ -46.697683, -23.518368 ], [ -46.697683, -23.518408 ], [ -46.698687, -23.51798 ], [ -46.698343, -23.517245 ], [ -46.698427, -23.516895 ], [ -46.69855, -23.516822 ], [ -46.698392, -23.516566 ], [ -46.698255, -23.516644 ], [ -46.698034, -23.516609 ] ] ] } },
{ "type": "Feature", "properties": { "CD_SETOR": "355030848000177", "faces": 1, "pavimentada": 100.0, "bueiro": 100.0, "iluminacao": 100.0, "onibus": 0.0, "ciclovia": 0.0, "calcada": 100.0, "obstaculo": 100.0, "rampa": 0.0, "rampa_faces": 0.0, "sem_calcada": 0.0, "sem_arvore": 0.0, "muitas_arvores": 100.0, "vao": 100.0, "V05400": 1, "V05421": 1, "V05406": 1, "V05412": 1, "V05422": 0, "V05424": 1, "V05427": 0, "V05409": 1, "V05415": 0, "V05418": 0, "V05430": 0, "V05433": 1, "criancas_0a4": 13, "em_favela": false }, "geometry": { "type": "Polygon", "coordinates": [ [ [ -46.697156, -23.518638 ], [ -46.697683, -23.518408 ], [ -46.698034, -23.516609 ], [ -46.697581, -23.516535 ], [ -46.697156, -23.518638 ] ] ] } },
{ "type": "Feature", "properties": { "CD_SETOR": "355030848000178", "faces": 1, "pavimentada": 100.0, "bueiro": 100.0, "iluminacao": 100.0, "onibus": 0.0, "ciclovia": 0.0, "calcada": 100.0, "obstaculo": 100.0, "rampa": 0.0, "rampa_faces": 0.0, "sem_calcada": 0.0, "sem_arvore": 0.0, "muitas_arvores": 100.0, "vao": 100.0, "V05400": 1, "V05421": 1, "V05406": 1, "V05412": 1, "V05422": 0, "V05424": 1, "V05427": 0, "V05409": 1, "V05415": 0, "V05418": 0, "V05430": 0, "V05433": 1, "criancas_0a4": 17, "em_favela": false }, "geometry": { "type": "Polygon", "coordinates": [ [ [ -46.696764, -23.518808 ], [ -46.697156, -23.518638 ], [ -46.697581, -23.516535 ], [ -46.697227, -23.516477 ], [ -46.696764, -23.518808 ] ] ] } },
{ "type": "Feature", "properties": { "CD_SETOR": "355030848000179", "faces": 2, "pavimentada": 100.0, "bueiro": 100.0, "iluminacao": 100.0, "onibus": 0.0, "ciclovia": 0.0, "calcada": 100.0, "obstaculo": 50.0, "rampa": 0.0, "rampa_faces": 0.0, "sem_calcada": 0.0, "sem_arvore": 50.0, "muitas_arvores": 50.0, "vao": 100.0, "V05400": 2, "V05421": 2, "V05406": 2, "V05412": 2, "V05422": 0, "V05424": 1, "V05427": 0, "V05409": 2, "V05415": 0, "V05418": 0, "V05430": 1, "V05433": 1, "criancas_0a4": 19, "em_favela": false }, "geometry": { "type": "Polygon", "coordinates": [ [ [ -46.696567, -23.518894 ], [ -46.696764, -23.518808 ], [ -46.697227, -23.516477 ], [ -46.696678, -23.516387 ], [ -46.696404, -23.517922 ], [ -46.696736, -23.51798 ], [ -46.696567, -23.518894 ] ] ] } },
{ "type": "Feature", "properties": { "CD_SETOR": "355030848000180", "faces": 1, "pavimentada": 100.0, "bueiro": 100.0, "iluminacao": 100.0, "onibus": 0.0, "ciclovia": 0.0, "calcada": 100.0, "obstaculo": 100.0, "rampa": 0.0, "rampa_faces": 0.0, "sem_calcada": 0.0, "sem_arvore": 0.0, "muitas_arvores": 100.0, "vao": 100.0, "V05400": 1, "V05421": 1, "V05406": 1, "V05412": 1, "V05422": 0, "V05424": 1, "V05427": 0, "V05409": 1, "V05415": 0, "V05418": 0, "V05430": 0, "V05433": 1, "criancas_0a4": 13, "em_favela": false }, "geometry": { "type": "Polygon", "coordinates": [ [ [ -46.696055, -23.518659 ], [ -46.69615, -23.518616 ], [ -46.696366, -23.519049 ], [ -46.696555, -23.518971 ], [ -46.696526, -23.518912 ], [ -46.696578, -23.518853 ], [ -46.696736, -23.51798 ], [ -46.696404, -23.517922 ], [ -46.696678, -23.516387 ], [ -46.696512, -23.516355 ], [ -46.696055, -23.518659 ] ] ] } },
{ "type": "Feature", "properties": { "CD_SETOR": "355030848000181", "faces": 1, "pavimentada": 100.0, "bueiro": 100.0, "iluminacao": 100.0, "onibus": 0.0, "ciclovia": 0.0, "calcada": 100.0, "obstaculo": 100.0, "rampa": 0.0, "rampa_faces": 0.0, "sem_calcada": 0.0, "sem_arvore": 0.0, "muitas_arvores": 100.0, "vao": 100.0, "V05400": 1, "V05421": 1, "V05406": 1, "V05412": 1, "V05422": 0, "V05424": 1, "V05427": 0, "V05409": 1, "V05415": 0, "V05418": 0, "V05430": 0, "V05433": 1, "criancas_0a4": 10, "em_favela": false }, "geometry": { "type": "Polygon", "coordinates": [ [ [ -46.696055, -23.518659 ], [ -46.696512, -23.516355 ], [ -46.696408, -23.516328 ], [ -46.696331, -23.516362 ], [ -46.695868, -23.518742 ], [ -46.696055, -23.518659 ] ] ] } },
{ "type": "Feature", "properties": { "CD_SETOR": "355030848000182", "faces": 12, "pavimentada": 100.0, "bueiro": 100.0, "iluminacao": 100.0, "onibus": 16.67, "ciclovia": 0.0, "calcada": 100.0, "obstaculo": 16.67, "rampa": 91.67, "rampa_faces": 91.67, "sem_calcada": 0.0, "sem_arvore": 50.0, "muitas_arvores": 8.33, "vao": 8.33, "V05400": 12, "V05421": 12, "V05406": 12, "V05412": 12, "V05422": 0, "V05424": 2, "V05427": 11, "V05409": 12, "V05415": 2, "V05418": 0, "V05430": 6, "V05433": 1, "criancas_0a4": 13, "em_favela": false }, "geometry": { "type": "Polygon", "coordinates": [ [ [ -46.696496, -23.522334 ], [ -46.694268, -23.52277 ], [ -46.694304, -23.522834 ], [ -46.694288, -23.523913 ], [ -46.696559, -23.523911 ], [ -46.696496, -23.522334 ] ] ] } },
{ "type": "Feature", "properties": { "CD_SETOR": "355030848000183", "faces": 4, "pavimentada": 100.0, "bueiro": 100.0, "iluminacao": 100.0, "onibus": 25.0, "ciclovia": 0.0, "calcada": 100.0, "obstaculo": 0.0, "rampa": 100.0, "rampa_faces": 100.0, "sem_calcada": 0.0, "sem_arvore": 25.0, "muitas_arvores": 25.0, "vao": 0.0, "V05400": 4, "V05421": 4, "V05406": 4, "V05412": 4, "V05422": 0, "V05424": 0, "V05427": 4, "V05409": 4, "V05415": 1, "V05418": 0, "V05430": 1, "V05433": 1, "criancas_0a4": 5, "em_favela": false }, "geometry": { "type": "Polygon", "coordinates": [ [ [ -46.694272, -23.524955 ], [ -46.695462, -23.524948 ], [ -46.69545, -23.52392 ], [ -46.694288, -23.523913 ], [ -46.694272, -23.524955 ] ] ] } },
{ "type": "Feature", "properties": { "CD_SETOR": "355030848000184", "faces": 8, "pavimentada": 100.0, "bueiro": 100.0, "iluminacao": 100.0, "onibus": 25.0, "ciclovia": 25.0, "calcada": 100.0, "obstaculo": 0.0, "rampa": 100.0, "rampa_faces": 100.0, "sem_calcada": 0.0, "sem_arvore": 0.0, "muitas_arvores": 25.0, "vao": 0.0, "V05400": 8, "V05421": 8, "V05406": 8, "V05412": 8, "V05422": 0, "V05424": 0, "V05427": 8, "V05409": 8, "V05415": 2, "V05418": 2, "V05430": 0, "V05433": 2, "criancas_0a4": 7, "em_favela": false }, "geometry": { "type": "Polygon", "coordinates": [ [ [ -46.69511, -23.526029 ], [ -46.694268, -23.526038 ], [ -46.694282, -23.527084 ], [ -46.696667, -23.527084 ], [ -46.696627, -23.526028 ], [ -46.695474, -23.526025 ], [ -46.695478, -23.526568 ], [ -46.695265, -23.526565 ], [ -46.695262, -23.526731 ], [ -46.695112, -23.526731 ], [ -46.69511, -23.526029 ] ] ] } },
{ "type": "Feature", "properties": { "CD_SETOR": "355030848000185", "faces": 2, "pavimentada": 100.0, "bueiro": 100.0, "iluminacao": 100.0, "onibus": 0.0, "ciclovia": 50.0, "calcada": 100.0, "obstaculo": 0.0, "rampa": 0.0, "rampa_faces": 0.0, "sem_calcada": 0.0, "sem_arvore": 0.0, "muitas_arvores": 50.0, "vao": 100.0, "V05400": 2, "V05421": 2, "V05406": 2, "V05412": 2, "V05422": 0, "V05424": 0, "V05427": 0, "V05409": 2, "V05415": 0, "V05418": 1, "V05430": 0, "V05433": 1, "criancas_0a4": 13, "em_favela": false }, "geometry": { "type": "Polygon", "coordinates": [ [ [ -46.69511, -23.526029 ], [ -46.695112, -23.526731 ], [ -46.695262, -23.526731 ], [ -46.695265, -23.526565 ], [ -46.695478, -23.526568 ], [ -46.695474, -23.526025 ], [ -46.69511, -23.526029 ] ] ] } },
{ "type": "Feature", "properties": { "CD_SETOR": "355030848000186", "faces": 8, "pavimentada": 100.0, "bueiro": 100.0, "iluminacao": 100.0, "onibus": 25.0, "ciclovia": 0.0, "calcada": 100.0, "obstaculo": 12.5, "rampa": 100.0, "rampa_faces": 100.0, "sem_calcada": 0.0, "sem_arvore": 0.0, "muitas_arvores": 100.0, "vao": 0.0, "V05400": 8, "V05421": 8, "V05406": 8, "V05412": 8, "V05422": 0, "V05424": 1, "V05427": 8, "V05409": 8, "V05415": 2, "V05418": 0, "V05430": 0, "V05433": 8, "criancas_0a4": 29, "em_favela": false }, "geometry": { "type": "Polygon", "coordinates": [ [ [ -46.695481, -23.528134 ], [ -46.695468, -23.530256 ], [ -46.696775, -23.530241 ], [ -46.696703, -23.528129 ], [ -46.695481, -23.528134 ] ] ] } },
{ "type": "Feature", "properties": { "CD_SETOR": "355030848000187", "faces": 16, "pavimentada": 100.0, "bueiro": 81.25, "iluminacao": 100.0, "onibus": 6.25, "ciclovia": 0.0, "calcada": 100.0, "obstaculo": 31.25, "rampa": 62.5, "rampa_faces": 62.5, "sem_calcada": 0.0, "sem_arvore": 31.25, "muitas_arvores": 37.5, "vao": 37.5, "V05400": 16, "V05421": 16, "V05406": 16, "V05412": 16, "V05422": 0, "V05424": 5, "V05427": 10, "V05409": 13, "V05415": 1, "V05418": 0, "V05430": 5, "V05433": 6, "criancas_0a4": 14, "em_favela": false }, "geometry": { "type": "Polygon", "coordinates": [ [ [ -46.694289, -23.527626 ], [ -46.694339, -23.530269 ], [ -46.695468, -23.530256 ], [ -46.695476, -23.527612 ], [ -46.694289, -23.527626 ] ] ] } },
{ "type": "Feature", "properties": { "CD_SETOR": "355030848000188", "faces": 8, "pavimentada": 100.0, "bueiro": 50.0, "iluminacao": 100.0, "onibus": 12.5, "ciclovia": 0.0, "calcada": 100.0, "obstaculo": 87.5, "rampa": 50.0, "rampa_faces": 50.0, "sem_calcada": 0.0, "sem_arvore": 0.0, "muitas_arvores": 62.5, "vao": 50.0, "V05400": 8, "V05421": 8, "V05406": 8, "V05412": 8, "V05422": 0, "V05424": 7, "V05427": 4, "V05409": 4, "V05415": 1, "V05418": 0, "V05430": 0, "V05433": 5, "criancas_0a4": 5, "em_favela": false }, "geometry": { "type": "Polygon", "coordinates": [ [ [ -46.694339, -23.530269 ], [ -46.694564, -23.530808 ], [ -46.694616, -23.531189 ], [ -46.694579, -23.531443 ], [ -46.694425, -23.53178 ], [ -46.694424, -23.532248 ], [ -46.694596, -23.532696 ], [ -46.694966, -23.533169 ], [ -46.695239, -23.532187 ], [ -46.695465, -23.531665 ], [ -46.695468, -23.530256 ], [ -46.694339, -23.530269 ] ] ] } },
{ "type": "Feature", "properties": { "CD_SETOR": "355030848000189", "faces": 12, "pavimentada": 100.0, "bueiro": 91.67, "iluminacao": 100.0, "onibus": 8.33, "ciclovia": 0.0, "calcada": 75.0, "obstaculo": 66.67, "rampa": 0.0, "rampa_faces": 0.0, "sem_calcada": 25.0, "sem_arvore": 16.67, "muitas_arvores": 58.33, "vao": 100.0, "V05400": 12, "V05421": 9, "V05406": 12, "V05412": 12, "V05422": 3, "V05424": 6, "V05427": 0, "V05409": 11, "V05415": 1, "V05418": 0, "V05430": 2, "V05433": 7, "criancas_0a4": 9, "em_favela": false }, "geometry": { "type": "Polygon", "coordinates": [ [ [ -46.694966, -23.533169 ], [ -46.695024, -23.533282 ], [ -46.695988, -23.534043 ], [ -46.696456, -23.533547 ], [ -46.697075, -23.534047 ], [ -46.697244, -23.533806 ], [ -46.697341, -23.533498 ], [ -46.695371, -23.531934 ], [ -46.695239, -23.532187 ], [ -46.694966, -23.533169 ] ] ] } },
{ "type": "Feature", "properties": { "CD_SETOR": "355030848000190", "faces": 14, "pavimentada": 100.0, "bueiro": 42.86, "iluminacao": 100.0, "onibus": 28.57, "ciclovia": 0.0, "calcada": 100.0, "obstaculo": 57.14, "rampa": 0.0, "rampa_faces": 0.0, "sem_calcada": 0.0, "sem_arvore": 7.14, "muitas_arvores": 85.71, "vao": 100.0, "V05400": 14, "V05421": 14, "V05406": 14, "V05412": 14, "V05422": 0, "V05424": 8, "V05427": 0, "V05409": 6, "V05415": 4, "V05418": 0, "V05430": 1, "V05433": 12, "criancas_0a4": 4, "em_favela": false }, "geometry": { "type": "Polygon", "coordinates": [ [ [ -46.700371, -23.531199 ], [ -46.700514, -23.531308 ], [ -46.700804, -23.531417 ], [ -46.700894, -23.531533 ], [ -46.70092, -23.531663 ], [ -46.700885, -23.531783 ], [ -46.700784, -23.531894 ], [ -46.700383, -23.531976 ], [ -46.700406, -23.53212 ], [ -46.700597, -23.53252 ], [ -46.700559, -23.532883 ], [ -46.700444, -23.533149 ], [ -46.698839, -23.534259 ], [ -46.698914, -23.534524 ], [ -46.699108, -23.534689 ], [ -46.699284, -23.534703 ], [ -46.699516, -23.534645 ], [ -46.699704, -23.534459 ], [ -46.701196, -23.533442 ], [ -46.701392, -23.53339 ], [ -46.70148, -23.532948 ], [ -46.701803, -23.53204 ], [ -46.701805, -23.531731 ], [ -46.701625, -23.53145 ], [ -46.701324, -23.531255 ], [ -46.700784, -23.531192 ], [ -46.700371, -23.531199 ] ] ] } },
{ "type": "Feature", "properties": { "CD_SETOR": "355030848000191", "faces": 9, "pavimentada": 100.0, "bueiro": 22.22, "iluminacao": 100.0, "onibus": 11.11, "ciclovia": 0.0, "calcada": 100.0, "obstaculo": 100.0, "rampa": 11.11, "rampa_faces": 11.11, "sem_calcada": 0.0, "sem_arvore": 0.0, "muitas_arvores": 88.89, "vao": 88.89, "V05400": 9, "V05421": 9, "V05406": 9, "V05412": 9, "V05422": 0, "V05424": 9, "V05427": 1, "V05409": 2, "V05415": 1, "V05418": 0, "V05430": 0, "V05433": 8, "criancas_0a4": 13, "em_favela": false }, "geometry": { "type": "Polygon", "coordinates": [ [ [ -46.699019, -23.532576 ], [ -46.698653, -23.533271 ], [ -46.698011, -23.534 ], [ -46.69792, -23.534032 ], [ -46.697833, -23.534554 ], [ -46.698166, -23.534562 ], [ -46.698713, -23.534341 ], [ -46.700444, -23.533149 ], [ -46.700559, -23.532883 ], [ -46.700608, -23.532607 ], [ -46.700383, -23.531976 ], [ -46.700099, -23.532154 ], [ -46.699958, -23.532564 ], [ -46.699699, -23.532775 ], [ -46.699318, -23.532809 ], [ -46.699106, -23.532691 ], [ -46.699019, -23.532576 ] ] ] } },
{ "type": "Feature", "properties": { "CD_SETOR": "355030848000192", "faces": 7, "pavimentada": 85.71, "bueiro": 57.14, "iluminacao": 85.71, "onibus": 14.29, "ciclovia": 0.0, "calcada": 71.43, "obstaculo": 40.0, "rampa": 60.0, "rampa_faces": 42.86, "sem_calcada": 14.29, "sem_arvore": 14.29, "muitas_arvores": 57.14, "vao": 42.86, "V05400": 7, "V05421": 5, "V05406": 6, "V05412": 6, "V05422": 1, "V05424": 2, "V05427": 3, "V05409": 4, "V05415": 1, "V05418": 0, "V05430": 1, "V05433": 4, "criancas_0a4": 15, "em_favela": false }, "geometry": { "type": "Polygon", "coordinates": [ [ [ -46.703667, -23.532925 ], [ -46.702657, -23.533644 ], [ -46.703118, -23.533909 ], [ -46.703012, -23.534025 ], [ -46.703476, -23.534196 ], [ -46.70359, -23.534053 ], [ -46.70409, -23.533746 ], [ -46.704167, -23.533568 ], [ -46.704343, -23.533524 ], [ -46.704317, -23.532846 ], [ -46.703667, -23.532925 ] ] ] } },
{ "type": "Feature", "properties": { "CD_SETOR": "355030848000193", "faces": 9, "pavimentada": 100.0, "bueiro": 77.78, "iluminacao": 100.0, "onibus": 11.11, "ciclovia": 0.0, "calcada": 100.0, "obstaculo": 66.67, "rampa": 44.44, "rampa_faces": 44.44, "sem_calcada": 0.0, "sem_arvore": 11.11, "muitas_arvores": 55.56, "vao": 55.56, "V05400": 9, "V05421": 9, "V05406": 9, "V05412": 9, "V05422": 0, "V05424": 6, "V05427": 4, "V05409": 7, "V05415": 1, "V05418": 0, "V05430": 1, "V05433": 5, "criancas_0a4": 9, "em_favela": false }, "geometry": { "type": "Polygon", "coordinates": [ [ [ -46.702657, -23.533644 ], [ -46.702389, -23.533901 ], [ -46.702245, -23.534206 ], [ -46.702185, -23.534446 ], [ -46.702181, -23.534907 ], [ -46.704676, -23.534971 ], [ -46.704622, -23.534619 ], [ -46.704343, -23.533846 ], [ -46.704343, -23.533524 ], [ -46.704167, -23.533568 ], [ -46.70409, -23.533746 ], [ -46.70359, -23.534053 ], [ -46.703476, -23.534196 ], [ -46.703012, -23.534025 ], [ -46.703118, -23.533909 ], [ -46.702657, -23.533644 ] ] ] } },
{ "type": "Feature", "properties": { "CD_SETOR": "355030848000194", "faces": 17, "pavimentada": 76.47, "bueiro": 76.47, "iluminacao": 76.47, "onibus": 5.88, "ciclovia": 0.0, "calcada": 70.59, "obstaculo": 91.67, "rampa": 16.67, "rampa_faces": 11.76, "sem_calcada": 5.88, "sem_arvore": 11.76, "muitas_arvores": 52.94, "vao": 64.71, "V05400": 17, "V05421": 12, "V05406": 13, "V05412": 13, "V05422": 1, "V05424": 11, "V05427": 2, "V05409": 13, "V05415": 1, "V05418": 0, "V05430": 2, "V05433": 9, "criancas_0a4": 4, "em_favela": false }, "geometry": { "type": "Polygon", "coordinates": [ [ [ -46.71056, -23.531401 ], [ -46.710561, -23.532111 ], [ -46.710672, -23.532343 ], [ -46.710302, -23.533338 ], [ -46.710051, -23.533517 ], [ -46.709986, -23.533737 ], [ -46.710117, -23.533959 ], [ -46.710438, -23.534101 ], [ -46.712507, -23.533495 ], [ -46.71278, -23.533534 ], [ -46.712096, -23.532016 ], [ -46.711897, -23.53103 ], [ -46.711664, -23.531096 ], [ -46.7115, -23.531228 ], [ -46.711324, -23.531543 ], [ -46.711139, -23.531018 ], [ -46.710888, -23.530491 ], [ -46.71077, -23.530933 ], [ -46.71056, -23.531401 ] ] ] } },
{ "type": "Feature", "properties": { "CD_SETOR": "355030848000195", "faces": 19, "pavimentada": 100.0, "bueiro": 73.68, "iluminacao": 100.0, "onibus": 10.53, "ciclovia": 0.0, "calcada": 100.0, "obstaculo": 57.89, "rampa": 36.84, "rampa_faces": 36.84, "sem_calcada": 0.0, "sem_arvore": 15.79, "muitas_arvores": 47.37, "vao": 63.16, "V05400": 19, "V05421": 19, "V05406": 19, "V05412": 19, "V05422": 0, "V05424": 11, "V05427": 7, "V05409": 14, "V05415": 2, "V05418": 0, "V05430": 3, "V05433": 9, "criancas_0a4": 3, "em_favela": false }, "geometry": { "type": "Polygon", "coordinates": [ [ [ -46.709286, -23.536626 ], [ -46.709348, -23.536327 ], [ -46.709476, -23.536168 ], [ -46.709749, -23.535991 ], [ -46.710447, -23.535731 ], [ -46.712356, -23.53535 ], [ -46.713221, -23.535284 ], [ -46.713258, -23.534802 ], [ -46.713192, -23.534479 ], [ -46.71278, -23.533534 ], [ -46.712507, -23.533495 ], [ -46.710438, -23.534101 ], [ -46.710268, -23.53405 ], [ -46.710117, -23.533959 ], [ -46.709986, -23.533737 ], [ -46.710075, -23.533227 ], [ -46.709983, -23.532728 ], [ -46.709735, -23.532272 ], [ -46.709488, -23.532127 ], [ -46.709189, -23.533144 ], [ -46.708955, -23.535317 ], [ -46.709085, -23.536236 ], [ -46.709153, -23.536443 ], [ -46.709286, -23.536626 ] ] ] } },
{ "type": "Feature", "properties": { "CD_SETOR": "355030848000196", "faces": 22, "pavimentada": 100.0, "bueiro": 63.64, "iluminacao": 100.0, "onibus": 18.18, "ciclovia": 27.27, "calcada": 90.91, "obstaculo": 30.0, "rampa": 100.0, "rampa_faces": 90.91, "sem_calcada": 9.09, "sem_arvore": 27.27, "muitas_arvores": 59.09, "vao": 9.09, "V05400": 22, "V05421": 20, "V05406": 22, "V05412": 22, "V05422": 2, "V05424": 6, "V05427": 20, "V05409": 14, "V05415": 4, "V05418": 6, "V05430": 6, "V05433": 13, "criancas_0a4": 10, "em_favela": false }, "geometry": { "type": "Polygon", "coordinates": [ [ [ -46.713338, -23.525749 ], [ -46.711296, -23.525391 ], [ -46.710924, -23.527114 ], [ -46.71144, -23.527291 ], [ -46.711875, -23.527635 ], [ -46.712657, -23.528567 ], [ -46.712826, -23.529047 ], [ -46.712981, -23.529205 ], [ -46.713067, -23.529138 ], [ -46.713002, -23.52907 ], [ -46.71314, -23.527726 ], [ -46.713567, -23.527597 ], [ -46.713995, -23.527214 ], [ -46.715606, -23.526605 ], [ -46.716343, -23.526195 ], [ -46.716872, -23.525765 ], [ -46.717313, -23.525283 ], [ -46.717657, -23.524766 ], [ -46.717983, -23.524091 ], [ -46.718273, -23.524009 ], [ -46.718067, -23.523854 ], [ -46.718033, -23.523727 ], [ -46.71795, -23.523645 ], [ -46.717729, -23.52358 ], [ -46.717517, -23.523641 ], [ -46.717183, -23.524061 ], [ -46.716364, -23.524835 ], [ -46.715617, -23.525316 ], [ -46.714893, -23.525605 ], [ -46.714297, -23.525724 ], [ -46.713338, -23.525749 ] ] ] } },
{ "type": "Feature", "properties": { "CD_SETOR": "355030848000197", "faces": 39, "pavimentada": 100.0, "bueiro": 46.15, "iluminacao": 100.0, "onibus": 0.0, "ciclovia": 35.9, "calcada": 100.0, "obstaculo": 28.21, "rampa": 58.97, "rampa_faces": 58.97, "sem_calcada": 0.0, "sem_arvore": 7.69, "muitas_arvores": 69.23, "vao": 41.03, "V05400": 39, "V05421": 39, "V05406": 39, "V05412": 39, "V05422": 0, "V05424": 11, "V05427": 23, "V05409": 18, "V05415": 0, "V05418": 14, "V05430": 3, "V05433": 27, "criancas_0a4": 12, "em_favela": false }, "geometry": { "type": "Polygon", "coordinates": [ [ [ -46.712981, -23.529205 ], [ -46.712833, -23.530636 ], [ -46.713002, -23.530623 ], [ -46.713297, -23.531643 ], [ -46.713474, -23.531563 ], [ -46.713821, -23.531121 ], [ -46.715121, -23.529218 ], [ -46.715281, -23.528586 ], [ -46.715611, -23.528086 ], [ -46.715883, -23.527902 ], [ -46.716033, -23.528002 ], [ -46.716248, -23.527985 ], [ -46.716682, -23.527392 ], [ -46.717415, -23.526834 ], [ -46.718517, -23.526253 ], [ -46.718736, -23.526243 ], [ -46.718903, -23.52618 ], [ -46.719041, -23.525958 ], [ -46.718997, -23.525572 ], [ -46.719012, -23.524946 ], [ -46.719091, -23.524374 ], [ -46.719068, -23.524207 ], [ -46.718273, -23.524009 ], [ -46.717983, -23.524091 ], [ -46.717539, -23.524972 ], [ -46.71707, -23.525561 ], [ -46.716622, -23.525987 ], [ -46.71578, -23.526521 ], [ -46.713995, -23.527214 ], [ -46.713567, -23.527597 ], [ -46.71314, -23.527726 ], [ -46.713002, -23.52907 ], [ -46.713067, -23.529138 ], [ -46.712981, -23.529205 ] ] ] } },
{ "type": "Feature", "properties": { "CD_SETOR": "355030848000198", "faces": 8, "pavimentada": 100.0, "bueiro": 75.0, "iluminacao": 100.0, "onibus": 37.5, "ciclovia": 0.0, "calcada": 100.0, "obstaculo": 0.0, "rampa": 100.0, "rampa_faces": 100.0, "sem_calcada": 0.0, "sem_arvore": 0.0, "muitas_arvores": 75.0, "vao": 0.0, "V05400": 8, "V05421": 8, "V05406": 8, "V05412": 8, "V05422": 0, "V05424": 0, "V05427": 8, "V05409": 6, "V05415": 3, "V05418": 0, "V05430": 0, "V05433": 6, "criancas_0a4": 22, "em_favela": false }, "geometry": { "type": "Polygon", "coordinates": [ [ [ -46.709512, -23.521158 ], [ -46.711413, -23.521312 ], [ -46.711503, -23.521362 ], [ -46.711905, -23.521161 ], [ -46.712105, -23.52083 ], [ -46.712084, -23.520686 ], [ -46.711933, -23.520484 ], [ -46.710626, -23.520216 ], [ -46.709597, -23.52012 ], [ -46.709512, -23.521158 ] ] ] } },
{ "type": "Feature", "properties": { "CD_SETOR": "355030848000199", "faces": 4, "pavimentada": 100.0, "bueiro": 100.0, "iluminacao": 100.0, "onibus": 50.0, "ciclovia": 0.0, "calcada": 100.0, "obstaculo": 0.0, "rampa": 100.0, "rampa_faces": 100.0, "sem_calcada": 0.0, "sem_arvore": 0.0, "muitas_arvores": 100.0, "vao": 0.0, "V05400": 4, "V05421": 4, "V05406": 4, "V05412": 4, "V05422": 0, "V05424": 0, "V05427": 4, "V05409": 4, "V05415": 2, "V05418": 0, "V05430": 0, "V05433": 4, "criancas_0a4": 10, "em_favela": false }, "geometry": { "type": "Polygon", "coordinates": [ [ [ -46.710372, -23.522676 ], [ -46.711315, -23.522727 ], [ -46.711438, -23.521541 ], [ -46.711503, -23.521362 ], [ -46.711413, -23.521312 ], [ -46.710522, -23.521237 ], [ -46.710372, -23.522676 ] ] ] } },
{ "type": "Feature", "properties": { "CD_SETOR": "355030848000200", "faces": 20, "pavimentada": 100.0, "bueiro": 70.0, "iluminacao": 100.0, "onibus": 30.0, "ciclovia": 0.0, "calcada": 80.0, "obstaculo": 50.0, "rampa": 100.0, "rampa_faces": 80.0, "sem_calcada": 20.0, "sem_arvore": 50.0, "muitas_arvores": 30.0, "vao": 20.0, "V05400": 20, "V05421": 16, "V05406": 20, "V05412": 20, "V05422": 4, "V05424": 8, "V05427": 16, "V05409": 14, "V05415": 6, "V05418": 0, "V05430": 10, "V05433": 6, "criancas_0a4": 12, "em_favela": false }, "geometry": { "type": "Polygon", "coordinates": [ [ [ -46.703143, -23.515488 ], [ -46.704118, -23.51506 ], [ -46.704665, -23.516104 ], [ -46.704959, -23.515983 ], [ -46.704907, -23.515903 ], [ -46.704936, -23.515802 ], [ -46.705657, -23.514888 ], [ -46.705106, -23.514492 ], [ -46.704729, -23.514308 ], [ -46.704345, -23.514342 ], [ -46.703858, -23.514539 ], [ -46.703305, -23.513426 ], [ -46.70239, -23.513873 ], [ -46.703143, -23.515488 ] ] ] } },
{ "type": "Feature", "properties": { "CD_SETOR": "355030848000201", "faces": 23, "pavimentada": 100.0, "bueiro": 56.52, "iluminacao": 100.0, "onibus": 56.52, "ciclovia": 0.0, "calcada": 100.0, "obstaculo": 73.91, "rampa": 78.26, "rampa_faces": 78.26, "sem_calcada": 0.0, "sem_arvore": 47.83, "muitas_arvores": 26.09, "vao": 21.74, "V05400": 23, "V05421": 23, "V05406": 23, "V05412": 23, "V05422": 0, "V05424": 17, "V05427": 18, "V05409": 13, "V05415": 13, "V05418": 0, "V05430": 11, "V05433": 6, "criancas_0a4": 10, "em_favela": false }, "geometry": { "type": "Polygon", "coordinates": [ [ [ -46.704118, -23.51506 ], [ -46.701977, -23.515995 ], [ -46.70317, -23.518329 ], [ -46.705302, -23.517387 ], [ -46.704118, -23.51506 ] ] ] } },
{ "type": "Feature", "properties": { "CD_SETOR": "355030848000202", "faces": 4, "pavimentada": 100.0, "bueiro": 75.0, "iluminacao": 100.0, "onibus": 25.0, "ciclovia": 0.0, "calcada": 100.0, "obstaculo": 0.0, "rampa": 100.0, "rampa_faces": 100.0, "sem_calcada": 0.0, "sem_arvore": 25.0, "muitas_arvores": 50.0, "vao": 0.0, "V05400": 4, "V05421": 4, "V05406": 4, "V05412": 4, "V05422": 0, "V05424": 0, "V05427": 4, "V05409": 3, "V05415": 1, "V05418": 0, "V05430": 1, "V05433": 2, "criancas_0a4": 16, "em_favela": false }, "geometry": { "type": "Polygon", "coordinates": [ [ [ -46.693093, -23.523909 ], [ -46.694288, -23.523913 ], [ -46.694304, -23.522834 ], [ -46.694268, -23.52277 ], [ -46.693083, -23.522757 ], [ -46.693093, -23.523909 ] ] ] } },
{ "type": "Feature", "properties": { "CD_SETOR": "355030848000203", "faces": 4, "pavimentada": 100.0, "bueiro": 100.0, "iluminacao": 100.0, "onibus": 25.0, "ciclovia": 0.0, "calcada": 100.0, "obstaculo": 0.0, "rampa": 100.0, "rampa_faces": 100.0, "sem_calcada": 0.0, "sem_arvore": 0.0, "muitas_arvores": 75.0, "vao": 0.0, "V05400": 4, "V05421": 4, "V05406": 4, "V05412": 4, "V05422": 0, "V05424": 0, "V05427": 4, "V05409": 4, "V05415": 1, "V05418": 0, "V05430": 0, "V05433": 3, "criancas_0a4": 8, "em_favela": false }, "geometry": { "type": "Polygon", "coordinates": [ [ [ -46.693097, -23.524961 ], [ -46.694272, -23.524955 ], [ -46.694288, -23.523913 ], [ -46.693093, -23.523909 ], [ -46.693097, -23.524961 ] ] ] } },
{ "type": "Feature", "properties": { "CD_SETOR": "355030848000204", "faces": 4, "pavimentada": 100.0, "bueiro": 100.0, "iluminacao": 100.0, "onibus": 0.0, "ciclovia": 25.0, "calcada": 100.0, "obstaculo": 25.0, "rampa": 100.0, "rampa_faces": 100.0, "sem_calcada": 0.0, "sem_arvore": 25.0, "muitas_arvores": 50.0, "vao": 0.0, "V05400": 4, "V05421": 4, "V05406": 4, "V05412": 4, "V05422": 0, "V05424": 1, "V05427": 4, "V05409": 4, "V05415": 0, "V05418": 1, "V05430": 1, "V05433": 2, "criancas_0a4": 4, "em_favela": false }, "geometry": { "type": "Polygon", "coordinates": [ [ [ -46.693097, -23.524961 ], [ -46.693119, -23.526041 ], [ -46.694268, -23.526038 ], [ -46.694272, -23.524955 ], [ -46.693097, -23.524961 ] ] ] } },
{ "type": "Feature", "properties": { "CD_SETOR": "355030848000205", "faces": 7, "pavimentada": 100.0, "bueiro": 71.43, "iluminacao": 100.0, "onibus": 28.57, "ciclovia": 28.57, "calcada": 100.0, "obstaculo": 0.0, "rampa": 71.43, "rampa_faces": 71.43, "sem_calcada": 0.0, "sem_arvore": 28.57, "muitas_arvores": 42.86, "vao": 28.57, "V05400": 7, "V05421": 7, "V05406": 7, "V05412": 7, "V05422": 0, "V05424": 0, "V05427": 5, "V05409": 5, "V05415": 2, "V05418": 2, "V05430": 2, "V05433": 3, "criancas_0a4": 8, "em_favela": false }, "geometry": { "type": "Polygon", "coordinates": [ [ [ -46.690791, -23.524967 ], [ -46.690811, -23.526041 ], [ -46.693119, -23.526041 ], [ -46.693097, -23.524961 ], [ -46.690791, -23.524967 ] ] ] } },
{ "type": "Feature", "properties": { "CD_SETOR": "355030848000206", "faces": 4, "pavimentada": 100.0, "bueiro": 100.0, "iluminacao": 100.0, "onibus": 0.0, "ciclovia": 0.0, "calcada": 100.0, "obstaculo": 0.0, "rampa": 75.0, "rampa_faces": 75.0, "sem_calcada": 0.0, "sem_arvore": 0.0, "muitas_arvores": 25.0, "vao": 25.0, "V05400": 4, "V05421": 4, "V05406": 4, "V05412": 4, "V05422": 0, "V05424": 0, "V05427": 3, "V05409": 4, "V05415": 0, "V05418": 0, "V05430": 0, "V05433": 1, "criancas_0a4": 12, "em_favela": false }, "geometry": { "type": "Polygon", "coordinates": [ [ [ -46.693137, -23.52815 ], [ -46.693149, -23.529234 ], [ -46.694319, -23.529225 ], [ -46.694296, -23.528139 ], [ -46.693137, -23.52815 ] ] ] } },
{ "type": "Feature", "properties": { "CD_SETOR": "355030848000207", "faces": 8, "pavimentada": 100.0, "bueiro": 87.5, "iluminacao": 100.0, "onibus": 12.5, "ciclovia": 0.0, "calcada": 100.0, "obstaculo": 100.0, "rampa": 25.0, "rampa_faces": 25.0, "sem_calcada": 0.0, "sem_arvore": 0.0, "muitas_arvores": 75.0, "vao": 75.0, "V05400": 8, "V05421": 8, "V05406": 8, "V05412": 8, "V05422": 0, "V05424": 8, "V05427": 2, "V05409": 7, "V05415": 1, "V05418": 0, "V05430": 0, "V05433": 6, "criancas_0a4": 11, "em_favela": false }, "geometry": { "type": "Polygon", "coordinates": [ [ [ -46.690689, -23.528259 ], [ -46.691996, -23.529265 ], [ -46.693149, -23.529234 ], [ -46.693137, -23.52815 ], [ -46.691154, -23.528159 ], [ -46.691066, -23.528043 ], [ -46.690689, -23.528259 ] ] ] } },
{ "type": "Feature", "properties": { "CD_SETOR": "355030848000208", "faces": 9, "pavimentada": 100.0, "bueiro": 33.33, "iluminacao": 100.0, "onibus": 0.0, "ciclovia": 0.0, "calcada": 100.0, "obstaculo": 66.67, "rampa": 0.0, "rampa_faces": 0.0, "sem_calcada": 0.0, "sem_arvore": 0.0, "muitas_arvores": 88.89, "vao": 100.0, "V05400": 9, "V05421": 9, "V05406": 9, "V05412": 9, "V05422": 0, "V05424": 6, "V05427": 0, "V05409": 3, "V05415": 0, "V05418": 0, "V05430": 0, "V05433": 8, "criancas_0a4": 21, "em_favela": false }, "geometry": { "type": "Polygon", "coordinates": [ [ [ -46.693272, -23.530283 ], [ -46.693649, -23.530999 ], [ -46.693747, -23.531296 ], [ -46.69375, -23.531486 ], [ -46.693582, -23.532092 ], [ -46.693602, -23.532491 ], [ -46.693694, -23.532879 ], [ -46.693857, -23.533217 ], [ -46.694069, -23.533514 ], [ -46.694751, -23.534011 ], [ -46.694966, -23.533169 ], [ -46.694596, -23.532696 ], [ -46.694424, -23.532248 ], [ -46.694442, -23.53169 ], [ -46.69461, -23.531302 ], [ -46.694564, -23.530808 ], [ -46.694339, -23.530269 ], [ -46.693272, -23.530283 ] ] ] } },
{ "type": "Feature", "properties": { "CD_SETOR": "355030848000209", "faces": 7, "pavimentada": 85.71, "bueiro": 85.71, "iluminacao": 85.71, "onibus": 0.0, "ciclovia": 0.0, "calcada": 85.71, "obstaculo": 100.0, "rampa": 0.0, "rampa_faces": 0.0, "sem_calcada": 0.0, "sem_arvore": 0.0, "muitas_arvores": 85.71, "vao": 85.71, "V05400": 7, "V05421": 6, "V05406": 6, "V05412": 6, "V05422": 0, "V05424": 6, "V05427": 0, "V05409": 6, "V05415": 0, "V05418": 0, "V05430": 0, "V05433": 6, "criancas_0a4": 9, "em_favela": false }, "geometry": { "type": "Polygon", "coordinates": [ [ [ -46.692447, -23.5303 ], [ -46.693136, -23.531433 ], [ -46.693121, -23.531617 ], [ -46.692905, -23.5318 ], [ -46.692857, -23.532133 ], [ -46.692903, -23.532267 ], [ -46.693057, -23.532194 ], [ -46.693582, -23.532091 ], [ -46.69375, -23.531486 ], [ -46.693747, -23.531296 ], [ -46.693649, -23.530999 ], [ -46.693272, -23.530283 ], [ -46.692447, -23.5303 ] ] ] } },
{ "type": "Feature", "properties": { "CD_SETOR": "355030848000210", "faces": 11, "pavimentada": 100.0, "bueiro": 100.0, "iluminacao": 100.0, "onibus": 36.36, "ciclovia": 0.0, "calcada": 81.82, "obstaculo": 77.78, "rampa": 11.11, "rampa_faces": 9.09, "sem_calcada": 18.18, "sem_arvore": 54.55, "muitas_arvores": 27.27, "vao": 90.91, "V05400": 11, "V05421": 9, "V05406": 11, "V05412": 11, "V05422": 2, "V05424": 7, "V05427": 1, "V05409": 11, "V05415": 4, "V05418": 0, "V05430": 6, "V05433": 3, "criancas_0a4": 12, "em_favela": false }, "geometry": { "type": "Polygon", "coordinates": [ [ [ -46.705455, -23.537765 ], [ -46.705171, -23.538241 ], [ -46.704961, -23.538914 ], [ -46.704974, -23.539008 ], [ -46.704881, -23.539103 ], [ -46.705062, -23.539665 ], [ -46.705137, -23.539614 ], [ -46.705296, -23.539298 ], [ -46.705409, -23.539246 ], [ -46.70559, -23.538741 ], [ -46.705782, -23.538778 ], [ -46.705878, -23.539302 ], [ -46.706049, -23.539091 ], [ -46.706251, -23.538933 ], [ -46.70644, -23.538855 ], [ -46.707555, -23.538722 ], [ -46.707995, -23.538561 ], [ -46.70761, -23.537939 ], [ -46.707757, -23.537736 ], [ -46.707733, -23.537512 ], [ -46.707639, -23.537418 ], [ -46.707377, -23.537293 ], [ -46.707067, -23.537365 ], [ -46.706663, -23.537138 ], [ -46.706375, -23.537118 ], [ -46.705823, -23.537425 ], [ -46.705455, -23.537765 ] ] ] } },
{ "type": "Feature", "properties": { "CD_SETOR": "355030848000211", "faces": 2, "pavimentada": 100.0, "bueiro": 0.0, "iluminacao": 100.0, "onibus": 50.0, "ciclovia": 0.0, "calcada": 100.0, "obstaculo": 50.0, "rampa": 0.0, "rampa_faces": 0.0, "sem_calcada": 0.0, "sem_arvore": 50.0, "muitas_arvores": 0.0, "vao": 100.0, "V05400": 2, "V05421": 2, "V05406": 2, "V05412": 2, "V05422": 0, "V05424": 1, "V05427": 0, "V05409": 0, "V05415": 1, "V05418": 0, "V05430": 1, "V05433": 0, "criancas_0a4": 3, "em_favela": false }, "geometry": { "type": "Polygon", "coordinates": [ [ [ -46.705062, -23.539665 ], [ -46.705119, -23.539902 ], [ -46.705513, -23.539684 ], [ -46.705753, -23.539457 ], [ -46.705878, -23.539302 ], [ -46.705782, -23.538778 ], [ -46.70559, -23.538741 ], [ -46.705409, -23.539246 ], [ -46.705296, -23.539298 ], [ -46.705137, -23.539614 ], [ -46.705062, -23.539665 ] ] ] } },
{ "type": "Feature", "properties": { "CD_SETOR": "355030848000212", "faces": 6, "pavimentada": 100.0, "bueiro": 50.0, "iluminacao": 83.33, "onibus": 0.0, "ciclovia": 0.0, "calcada": 100.0, "obstaculo": 33.33, "rampa": 66.67, "rampa_faces": 66.67, "sem_calcada": 0.0, "sem_arvore": 16.67, "muitas_arvores": 66.67, "vao": 33.33, "V05400": 6, "V05421": 6, "V05406": 6, "V05412": 5, "V05422": 0, "V05424": 2, "V05427": 4, "V05409": 3, "V05415": 0, "V05418": 0, "V05430": 1, "V05433": 4, "criancas_0a4": 20, "em_favela": false }, "geometry": { "type": "Polygon", "coordinates": [ [ [ -46.71688, -23.532983 ], [ -46.714943, -23.533829 ], [ -46.715265, -23.534184 ], [ -46.715281, -23.53462 ], [ -46.715567, -23.534455 ], [ -46.715862, -23.534373 ], [ -46.716431, -23.534413 ], [ -46.716474, -23.534281 ], [ -46.716246, -23.53386 ], [ -46.716424, -23.533773 ], [ -46.716381, -23.533692 ], [ -46.716551, -23.533617 ], [ -46.716706, -23.533916 ], [ -46.717054, -23.533701 ], [ -46.717015, -23.533302 ], [ -46.71688, -23.532983 ] ] ] } },
{ "type": "Feature", "properties": { "CD_SETOR": "355030848000213", "faces": 1, "pavimentada": 100.0, "bueiro": 100.0, "iluminacao": 0.0, "onibus": 0.0, "ciclovia": 0.0, "calcada": 100.0, "obstaculo": 0.0, "rampa": 100.0, "rampa_faces": 100.0, "sem_calcada": 0.0, "sem_arvore": 100.0, "muitas_arvores": 0.0, "vao": 0.0, "V05400": 1, "V05421": 1, "V05406": 1, "V05412": 0, "V05422": 0, "V05424": 0, "V05427": 1, "V05409": 1, "V05415": 0, "V05418": 0, "V05430": 1, "V05433": 0, "criancas_0a4": 10, "em_favela": false }, "geometry": { "type": "Polygon", "coordinates": [ [ [ -46.716474, -23.534281 ], [ -46.716562, -23.534081 ], [ -46.716706, -23.533916 ], [ -46.716551, -23.533617 ], [ -46.716381, -23.533692 ], [ -46.716424, -23.533773 ], [ -46.716246, -23.53386 ], [ -46.716474, -23.534281 ] ] ] } },
{ "type": "Feature", "properties": { "CD_SETOR": "355030848000214", "faces": 11, "pavimentada": 100.0, "bueiro": 36.36, "iluminacao": 100.0, "onibus": 36.36, "ciclovia": 0.0, "calcada": 90.91, "obstaculo": 60.0, "rampa": 30.0, "rampa_faces": 27.27, "sem_calcada": 9.09, "sem_arvore": 9.09, "muitas_arvores": 45.45, "vao": 72.73, "V05400": 11, "V05421": 10, "V05406": 11, "V05412": 11, "V05422": 1, "V05424": 6, "V05427": 3, "V05409": 4, "V05415": 4, "V05418": 0, "V05430": 1, "V05433": 5, "criancas_0a4": 14, "em_favela": false }, "geometry": { "type": "Polygon", "coordinates": [ [ [ -46.714221, -23.535285 ], [ -46.717465, -23.535766 ], [ -46.71747, -23.535738 ], [ -46.717389, -23.535667 ], [ -46.717292, -23.535398 ], [ -46.716473, -23.534735 ], [ -46.716414, -23.534574 ], [ -46.716431, -23.534413 ], [ -46.715862, -23.534373 ], [ -46.715567, -23.534455 ], [ -46.715281, -23.53462 ], [ -46.715265, -23.534184 ], [ -46.714943, -23.533829 ], [ -46.713844, -23.534282 ], [ -46.714221, -23.535285 ] ] ] } },
{ "type": "Feature", "properties": { "CD_SETOR": "355030848000215", "faces": 4, "pavimentada": 100.0, "bueiro": 75.0, "iluminacao": 100.0, "onibus": 25.0, "ciclovia": 0.0, "calcada": 100.0, "obstaculo": 100.0, "rampa": 100.0, "rampa_faces": 100.0, "sem_calcada": 0.0, "sem_arvore": 0.0, "muitas_arvores": 75.0, "vao": 0.0, "V05400": 4, "V05421": 4, "V05406": 4, "V05412": 4, "V05422": 0, "V05424": 4, "V05427": 4, "V05409": 3, "V05415": 1, "V05418": 0, "V05430": 0, "V05433": 3, "criancas_0a4": 14, "em_favela": false }, "geometry": { "type": "Polygon", "coordinates": [ [ [ -46.717465, -23.535766 ], [ -46.718537, -23.535926 ], [ -46.718382, -23.535182 ], [ -46.718206, -23.534747 ], [ -46.716431, -23.534413 ], [ -46.716414, -23.534574 ], [ -46.716473, -23.534735 ], [ -46.717292, -23.535398 ], [ -46.717465, -23.535766 ] ] ] } },
{ "type": "Feature", "properties": { "CD_SETOR": "355030848000216", "faces": 2, "pavimentada": 100.0, "bueiro": 50.0, "iluminacao": 100.0, "onibus": 0.0, "ciclovia": 0.0, "calcada": 100.0, "obstaculo": 100.0, "rampa": 0.0, "rampa_faces": 0.0, "sem_calcada": 0.0, "sem_arvore": 0.0, "muitas_arvores": 50.0, "vao": 100.0, "V05400": 2, "V05421": 2, "V05406": 2, "V05412": 2, "V05422": 0, "V05424": 2, "V05427": 0, "V05409": 1, "V05415": 0, "V05418": 0, "V05430": 0, "V05433": 1, "criancas_0a4": 0, "em_favela": false }, "geometry": { "type": "Polygon", "coordinates": [ [ [ -46.717412, -23.533809 ], [ -46.717462, -23.534211 ], [ -46.717894, -23.53423 ], [ -46.718251, -23.533913 ], [ -46.718555, -23.533991 ], [ -46.718619, -23.533763 ], [ -46.718567, -23.53342 ], [ -46.718384, -23.532959 ], [ -46.718256, -23.533277 ], [ -46.718026, -23.53354 ], [ -46.717808, -23.533684 ], [ -46.717412, -23.533809 ] ] ] } },
{ "type": "Feature", "properties": { "CD_SETOR": "355030848000217", "faces": 2, "pavimentada": 100.0, "bueiro": 100.0, "iluminacao": 100.0, "onibus": 0.0, "ciclovia": 0.0, "calcada": 100.0, "obstaculo": 50.0, "rampa": 50.0, "rampa_faces": 50.0, "sem_calcada": 0.0, "sem_arvore": 0.0, "muitas_arvores": 100.0, "vao": 50.0, "V05400": 2, "V05421": 2, "V05406": 2, "V05412": 2, "V05422": 0, "V05424": 1, "V05427": 1, "V05409": 2, "V05415": 0, "V05418": 0, "V05430": 0, "V05433": 2, "criancas_0a4": 9, "em_favela": false }, "geometry": { "type": "Polygon", "coordinates": [ [ [ -46.716706, -23.533916 ], [ -46.716562, -23.534081 ], [ -46.716431, -23.534413 ], [ -46.717357, -23.534586 ], [ -46.717462, -23.534211 ], [ -46.717412, -23.533809 ], [ -46.717235, -23.533806 ], [ -46.717054, -23.533701 ], [ -46.716706, -23.533916 ] ] ] } },
{ "type": "Feature", "properties": { "CD_SETOR": "355030848000218", "faces": 8, "pavimentada": 100.0, "bueiro": 100.0, "iluminacao": 100.0, "onibus": 62.5, "ciclovia": 25.0, "calcada": 75.0, "obstaculo": 100.0, "rampa": 0.0, "rampa_faces": 0.0, "sem_calcada": 25.0, "sem_arvore": 25.0, "muitas_arvores": 50.0, "vao": 100.0, "V05400": 8, "V05421": 6, "V05406": 8, "V05412": 8, "V05422": 2, "V05424": 6, "V05427": 0, "V05409": 8, "V05415": 5, "V05418": 2, "V05430": 2, "V05433": 4, "criancas_0a4": 0, "em_favela": false }, "geometry": { "type": "Polygon", "coordinates": [ [ [ -46.719159, -23.531986 ], [ -46.71847, -23.534205 ], [ -46.718919, -23.534292 ], [ -46.718893, -23.534467 ], [ -46.719036, -23.534487 ], [ -46.718963, -23.534976 ], [ -46.718489, -23.534755 ], [ -46.718231, -23.534573 ], [ -46.718216, -23.534791 ], [ -46.718382, -23.535182 ], [ -46.718537, -23.535926 ], [ -46.718848, -23.536058 ], [ -46.719294, -23.536479 ], [ -46.719132, -23.536139 ], [ -46.719152, -23.53558 ], [ -46.719472, -23.533595 ], [ -46.719493, -23.53312 ], [ -46.719397, -23.532653 ], [ -46.719159, -23.531986 ] ] ] } },
{ "type": "Feature", "properties": { "CD_SETOR": "355030848000219", "faces": 1, "pavimentada": 100.0, "bueiro": 100.0, "iluminacao": 100.0, "onibus": 0.0, "ciclovia": 0.0, "calcada": 100.0, "obstaculo": 0.0, "rampa": 0.0, "rampa_faces": 0.0, "sem_calcada": 0.0, "sem_arvore": 0.0, "muitas_arvores": 0.0, "vao": 100.0, "V05400": 1, "V05421": 1, "V05406": 1, "V05412": 1, "V05422": 0, "V05424": 0, "V05427": 0, "V05409": 1, "V05415": 0, "V05418": 0, "V05430": 0, "V05433": 0, "criancas_0a4": 8, "em_favela": false }, "geometry": { "type": "Polygon", "coordinates": [ [ [ -46.718231, -23.534573 ], [ -46.718489, -23.534755 ], [ -46.718963, -23.534976 ], [ -46.719036, -23.534487 ], [ -46.718893, -23.534467 ], [ -46.718919, -23.534292 ], [ -46.71847, -23.534205 ], [ -46.718231, -23.534573 ] ] ] } },
{ "type": "Feature", "properties": { "CD_SETOR": "355030848000220", "faces": 7, "pavimentada": 100.0, "bueiro": 71.43, "iluminacao": 100.0, "onibus": 28.57, "ciclovia": 14.29, "calcada": 71.43, "obstaculo": 60.0, "rampa": 60.0, "rampa_faces": 42.86, "sem_calcada": 28.57, "sem_arvore": 0.0, "muitas_arvores": 42.86, "vao": 57.14, "V05400": 7, "V05421": 5, "V05406": 7, "V05412": 7, "V05422": 2, "V05424": 3, "V05427": 3, "V05409": 5, "V05415": 2, "V05418": 1, "V05430": 0, "V05433": 3, "criancas_0a4": 9, "em_favela": false }, "geometry": { "type": "Polygon", "coordinates": [ [ [ -46.717267, -23.531743 ], [ -46.717482, -23.531762 ], [ -46.717851, -23.531962 ], [ -46.718116, -23.53243 ], [ -46.719159, -23.531986 ], [ -46.719522, -23.530789 ], [ -46.717267, -23.531743 ] ] ] } },
{ "type": "Feature", "properties": { "CD_SETOR": "355030848000221", "faces": 4, "pavimentada": 100.0, "bueiro": 25.0, "iluminacao": 100.0, "onibus": 25.0, "ciclovia": 0.0, "calcada": 100.0, "obstaculo": 75.0, "rampa": 0.0, "rampa_faces": 0.0, "sem_calcada": 0.0, "sem_arvore": 0.0, "muitas_arvores": 50.0, "vao": 100.0, "V05400": 4, "V05421": 4, "V05406": 4, "V05412": 4, "V05422": 0, "V05424": 3, "V05427": 0, "V05409": 1, "V05415": 1, "V05418": 0, "V05430": 0, "V05433": 2, "criancas_0a4": 8, "em_favela": false }, "geometry": { "type": "Polygon", "coordinates": [ [ [ -46.716436, -23.532115 ], [ -46.71688, -23.532983 ], [ -46.718116, -23.53243 ], [ -46.717851, -23.531962 ], [ -46.717482, -23.531762 ], [ -46.717267, -23.531743 ], [ -46.716436, -23.532115 ] ] ] } },
{ "type": "Feature", "properties": { "CD_SETOR": "355030848000222", "faces": 37, "pavimentada": 100.0, "bueiro": 40.54, "iluminacao": 100.0, "onibus": 27.03, "ciclovia": 0.0, "calcada": 83.78, "obstaculo": 67.74, "rampa": 58.06, "rampa_faces": 48.65, "sem_calcada": 16.22, "sem_arvore": 27.03, "muitas_arvores": 67.57, "vao": 51.35, "V05400": 37, "V05421": 31, "V05406": 37, "V05412": 37, "V05422": 6, "V05424": 21, "V05427": 18, "V05409": 15, "V05415": 10, "V05418": 0, "V05430": 10, "V05433": 25, "criancas_0a4": 22, "em_favela": false }, "geometry": { "type": "Polygon", "coordinates": [ [ [ -46.717625, -23.518874 ], [ -46.717659, -23.519068 ], [ -46.71787, -23.519067 ], [ -46.718051, -23.519144 ], [ -46.71821, -23.519294 ], [ -46.718292, -23.519469 ], [ -46.717477, -23.519767 ], [ -46.715167, -23.520954 ], [ -46.714165, -23.521145 ], [ -46.716406, -23.521812 ], [ -46.716751, -23.521858 ], [ -46.716825, -23.521928 ], [ -46.71722, -23.522062 ], [ -46.717342, -23.522035 ], [ -46.717681, -23.52219 ], [ -46.718189, -23.522143 ], [ -46.718325, -23.521924 ], [ -46.718717, -23.521584 ], [ -46.720697, -23.520549 ], [ -46.723475, -23.51934 ], [ -46.723482, -23.519394 ], [ -46.724241, -23.518909 ], [ -46.720963, -23.518858 ], [ -46.718511, -23.518732 ], [ -46.718098, -23.518763 ], [ -46.717625, -23.518874 ] ] ] } },
{ "type": "Feature", "properties": { "CD_SETOR": "355030848000223", "faces": 7, "pavimentada": 100.0, "bueiro": 100.0, "iluminacao": 100.0, "onibus": 28.57, "ciclovia": 0.0, "calcada": 85.71, "obstaculo": 50.0, "rampa": 33.33, "rampa_faces": 28.57, "sem_calcada": 14.29, "sem_arvore": 14.29, "muitas_arvores": 42.86, "vao": 71.43, "V05400": 7, "V05421": 6, "V05406": 7, "V05412": 7, "V05422": 1, "V05424": 3, "V05427": 2, "V05409": 7, "V05415": 2, "V05418": 0, "V05430": 1, "V05433": 3, "criancas_0a4": 10, "em_favela": false }, "geometry": { "type": "Polygon", "coordinates": [ [ [ -46.711492, -23.520249 ], [ -46.711432, -23.52038 ], [ -46.712396, -23.520592 ], [ -46.714165, -23.521145 ], [ -46.715167, -23.520954 ], [ -46.717477, -23.519767 ], [ -46.718292, -23.519469 ], [ -46.71821, -23.519294 ], [ -46.718051, -23.519144 ], [ -46.71787, -23.519067 ], [ -46.717659, -23.519068 ], [ -46.717625, -23.518874 ], [ -46.717219, -23.51901 ], [ -46.715548, -23.5198 ], [ -46.714697, -23.520057 ], [ -46.713871, -23.520189 ], [ -46.712481, -23.52033 ], [ -46.712009, -23.520329 ], [ -46.711492, -23.520249 ] ] ] } },
{ "type": "Feature", "properties": { "CD_SETOR": "355030848000224", "faces": 8, "pavimentada": 100.0, "bueiro": 75.0, "iluminacao": 100.0, "onibus": 37.5, "ciclovia": 0.0, "calcada": 100.0, "obstaculo": 62.5, "rampa": 75.0, "rampa_faces": 75.0, "sem_calcada": 0.0, "sem_arvore": 0.0, "muitas_arvores": 75.0, "vao": 25.0, "V05400": 8, "V05421": 8, "V05406": 8, "V05412": 8, "V05422": 0, "V05424": 5, "V05427": 6, "V05409": 6, "V05415": 3, "V05418": 0, "V05430": 0, "V05433": 6, "criancas_0a4": 131, "em_favela": false }, "geometry": { "type": "Polygon", "coordinates": [ [ [ -46.712531, -23.517031 ], [ -46.712173, -23.518192 ], [ -46.71481, -23.518329 ], [ -46.71525, -23.517125 ], [ -46.715839, -23.518379 ], [ -46.716192, -23.518332 ], [ -46.717665, -23.517762 ], [ -46.716383, -23.51496 ], [ -46.714317, -23.514419 ], [ -46.713697, -23.516302 ], [ -46.713541, -23.516532 ], [ -46.713334, -23.516789 ], [ -46.712664, -23.517058 ], [ -46.712531, -23.517031 ] ] ] } },
{ "type": "Feature", "properties": { "CD_SETOR": "355030848000225", "faces": 2, "pavimentada": 100.0, "bueiro": 100.0, "iluminacao": 100.0, "onibus": 100.0, "ciclovia": 0.0, "calcada": 100.0, "obstaculo": 0.0, "rampa": 100.0, "rampa_faces": 100.0, "sem_calcada": 0.0, "sem_arvore": 0.0, "muitas_arvores": 100.0, "vao": 0.0, "V05400": 2, "V05421": 2, "V05406": 2, "V05412": 2, "V05422": 0, "V05424": 0, "V05427": 2, "V05409": 2, "V05415": 2, "V05418": 0, "V05430": 0, "V05433": 2, "criancas_0a4": 126, "em_favela": false }, "geometry": { "type": "Polygon", "coordinates": [ [ [ -46.712531, -23.517031 ], [ -46.712664, -23.517058 ], [ -46.713334, -23.516789 ], [ -46.713541, -23.516532 ], [ -46.713697, -23.516302 ], [ -46.714317, -23.514419 ], [ -46.713482, -23.5142 ], [ -46.712531, -23.517031 ] ] ] } },
{ "type": "Feature", "properties": { "CD_SETOR": "355030848000226", "faces": 31, "pavimentada": 96.77, "bueiro": 80.65, "iluminacao": 96.77, "onibus": 16.13, "ciclovia": 0.0, "calcada": 96.77, "obstaculo": 46.67, "rampa": 50.0, "rampa_faces": 48.39, "sem_calcada": 0.0, "sem_arvore": 9.68, "muitas_arvores": 61.29, "vao": 48.39, "V05400": 31, "V05421": 30, "V05406": 30, "V05412": 30, "V05422": 0, "V05424": 14, "V05427": 15, "V05409": 25, "V05415": 5, "V05418": 0, "V05430": 3, "V05433": 19, "criancas_0a4": 13, "em_favela": false }, "geometry": { "type": "Polygon", "coordinates": [ [ [ -46.715258, -23.508189 ], [ -46.715115, -23.509116 ], [ -46.714398, -23.511371 ], [ -46.714712, -23.511467 ], [ -46.714913, -23.510836 ], [ -46.715797, -23.510962 ], [ -46.715424, -23.512166 ], [ -46.715266, -23.512499 ], [ -46.714735, -23.51315 ], [ -46.714634, -23.513372 ], [ -46.714358, -23.51443 ], [ -46.716128, -23.514917 ], [ -46.716462, -23.514956 ], [ -46.717177, -23.514723 ], [ -46.717063, -23.514475 ], [ -46.717077, -23.5142 ], [ -46.717363, -23.513929 ], [ -46.71788, -23.513585 ], [ -46.718926, -23.513194 ], [ -46.71915, -23.513159 ], [ -46.719754, -23.513185 ], [ -46.720123, -23.509032 ], [ -46.719466, -23.508659 ], [ -46.718906, -23.508413 ], [ -46.717898, -23.50814 ], [ -46.717088, -23.508067 ], [ -46.715258, -23.508189 ] ] ] } },
{ "type": "Feature", "properties": { "CD_SETOR": "355030848000227", "faces": 1, "pavimentada": 100.0, "bueiro": 100.0, "iluminacao": 100.0, "onibus": 0.0, "ciclovia": 0.0, "calcada": 100.0, "obstaculo": 0.0, "rampa": 0.0, "rampa_faces": 0.0, "sem_calcada": 0.0, "sem_arvore": 0.0, "muitas_arvores": 100.0, "vao": 100.0, "V05400": 1, "V05421": 1, "V05406": 1, "V05412": 1, "V05422": 0, "V05424": 0, "V05427": 0, "V05409": 1, "V05415": 0, "V05418": 0, "V05430": 0, "V05433": 1, "criancas_0a4": 41, "em_favela": false }, "geometry": { "type": "Polygon", "coordinates": [ [ [ -46.714712, -23.511467 ], [ -46.715563, -23.511699 ], [ -46.715797, -23.510962 ], [ -46.714913, -23.510836 ], [ -46.714712, -23.511467 ] ] ] } },
{ "type": "Feature", "properties": { "CD_SETOR": "355030848000228", "faces": 1, "pavimentada": 100.0, "bueiro": 100.0, "iluminacao": 100.0, "onibus": 100.0, "ciclovia": 0.0, "calcada": 100.0, "obstaculo": 0.0, "rampa": 100.0, "rampa_faces": 100.0, "sem_calcada": 0.0, "sem_arvore": 0.0, "muitas_arvores": 100.0, "vao": 0.0, "V05400": 1, "V05421": 1, "V05406": 1, "V05412": 1, "V05422": 0, "V05424": 0, "V05427": 1, "V05409": 1, "V05415": 1, "V05418": 0, "V05430": 0, "V05433": 1, "criancas_0a4": 36, "em_favela": false }, "geometry": { "type": "Polygon", "coordinates": [ [ [ -46.714169, -23.512052 ], [ -46.715343, -23.512336 ], [ -46.715563, -23.511699 ], [ -46.714398, -23.511371 ], [ -46.714169, -23.512052 ] ] ] } },
{ "type": "Feature", "properties": { "CD_SETOR": "355030848000229", "faces": 1, "pavimentada": 100.0, "bueiro": 100.0, "iluminacao": 100.0, "onibus": 100.0, "ciclovia": 0.0, "calcada": 100.0, "obstaculo": 0.0, "rampa": 0.0, "rampa_faces": 0.0, "sem_calcada": 0.0, "sem_arvore": 0.0, "muitas_arvores": 100.0, "vao": 100.0, "V05400": 1, "V05421": 1, "V05406": 1, "V05412": 1, "V05422": 0, "V05424": 0, "V05427": 0, "V05409": 1, "V05415": 1, "V05418": 0, "V05430": 0, "V05433": 1, "criancas_0a4": 81, "em_favela": false }, "geometry": { "type": "Polygon", "coordinates": [ [ [ -46.713842, -23.51306 ], [ -46.714673, -23.513287 ], [ -46.714735, -23.51315 ], [ -46.715266, -23.512499 ], [ -46.715343, -23.512336 ], [ -46.714169, -23.512052 ], [ -46.713842, -23.51306 ] ] ] } },
{ "type": "Feature", "properties": { "CD_SETOR": "355030848000230", "faces": 2, "pavimentada": 100.0, "bueiro": 100.0, "iluminacao": 100.0, "onibus": 100.0, "ciclovia": 0.0, "calcada": 100.0, "obstaculo": 0.0, "rampa": 100.0, "rampa_faces": 100.0, "sem_calcada": 0.0, "sem_arvore": 0.0, "muitas_arvores": 100.0, "vao": 0.0, "V05400": 2, "V05421": 2, "V05406": 2, "V05412": 2, "V05422": 0, "V05424": 0, "V05427": 2, "V05409": 2, "V05415": 2, "V05418": 0, "V05430": 0, "V05433": 2, "criancas_0a4": 61, "em_favela": false }, "geometry": { "type": "Polygon", "coordinates": [ [ [ -46.713482, -23.5142 ], [ -46.714358, -23.51443 ], [ -46.714673, -23.513287 ], [ -46.713842, -23.51306 ], [ -46.713482, -23.5142 ] ] ] } },
{ "type": "Feature", "properties": { "CD_SETOR": "355030848000231", "faces": 4, "pavimentada": 100.0, "bueiro": 75.0, "iluminacao": 100.0, "onibus": 50.0, "ciclovia": 0.0, "calcada": 100.0, "obstaculo": 25.0, "rampa": 100.0, "rampa_faces": 100.0, "sem_calcada": 0.0, "sem_arvore": 0.0, "muitas_arvores": 75.0, "vao": 0.0, "V05400": 4, "V05421": 4, "V05406": 4, "V05412": 4, "V05422": 0, "V05424": 1, "V05427": 4, "V05409": 3, "V05415": 2, "V05418": 0, "V05430": 0, "V05433": 3, "criancas_0a4": 25, "em_favela": false }, "geometry": { "type": "Polygon", "coordinates": [ [ [ -46.690778, -23.523915 ], [ -46.693093, -23.523909 ], [ -46.693083, -23.522757 ], [ -46.690759, -23.52273 ], [ -46.690778, -23.523915 ] ] ] } },
{ "type": "Feature", "properties": { "CD_SETOR": "355030848000232", "faces": 7, "pavimentada": 100.0, "bueiro": 57.14, "iluminacao": 71.43, "onibus": 28.57, "ciclovia": 0.0, "calcada": 71.43, "obstaculo": 20.0, "rampa": 100.0, "rampa_faces": 71.43, "sem_calcada": 28.57, "sem_arvore": 0.0, "muitas_arvores": 71.43, "vao": 28.57, "V05400": 7, "V05421": 5, "V05406": 7, "V05412": 5, "V05422": 2, "V05424": 1, "V05427": 5, "V05409": 4, "V05415": 2, "V05418": 0, "V05430": 0, "V05433": 5, "criancas_0a4": 25, "em_favela": false }, "geometry": { "type": "Polygon", "coordinates": [ [ [ -46.690778, -23.523915 ], [ -46.690791, -23.524967 ], [ -46.693097, -23.524961 ], [ -46.693093, -23.523909 ], [ -46.690778, -23.523915 ] ] ] } },
{ "type": "Feature", "properties": { "CD_SETOR": "355030848000233", "faces": 23, "pavimentada": 100.0, "bueiro": 69.57, "iluminacao": 91.3, "onibus": 26.09, "ciclovia": 0.0, "calcada": 82.61, "obstaculo": 42.11, "rampa": 89.47, "rampa_faces": 73.91, "sem_calcada": 17.39, "sem_arvore": 17.39, "muitas_arvores": 34.78, "vao": 26.09, "V05400": 23, "V05421": 19, "V05406": 23, "V05412": 21, "V05422": 4, "V05424": 8, "V05427": 17, "V05409": 16, "V05415": 6, "V05418": 0, "V05430": 4, "V05433": 8, "criancas_0a4": 5, "em_favela": false }, "geometry": { "type": "Polygon", "coordinates": [ [ [ -46.687909, -23.521337 ], [ -46.687775, -23.521555 ], [ -46.687555, -23.521642 ], [ -46.686889, -23.52225 ], [ -46.686686, -23.52251 ], [ -46.687185, -23.524995 ], [ -46.688446, -23.524973 ], [ -46.688431, -23.52296 ], [ -46.689928, -23.522729 ], [ -46.693708, -23.522776 ], [ -46.694268, -23.52277 ], [ -46.694645, -23.52269 ], [ -46.694683, -23.522448 ], [ -46.695165, -23.521235 ], [ -46.694591, -23.521366 ], [ -46.693728, -23.521446 ], [ -46.687909, -23.521337 ] ] ] } },
{ "type": "Feature", "properties": { "CD_SETOR": "355030848000234", "faces": 12, "pavimentada": 100.0, "bueiro": 83.33, "iluminacao": 100.0, "onibus": 16.67, "ciclovia": 0.0, "calcada": 100.0, "obstaculo": 50.0, "rampa": 66.67, "rampa_faces": 66.67, "sem_calcada": 0.0, "sem_arvore": 16.67, "muitas_arvores": 33.33, "vao": 33.33, "V05400": 12, "V05421": 12, "V05406": 12, "V05412": 12, "V05422": 0, "V05424": 6, "V05427": 8, "V05409": 10, "V05415": 2, "V05418": 0, "V05430": 2, "V05433": 4, "criancas_0a4": 8, "em_favela": false }, "geometry": { "type": "Polygon", "coordinates": [ [ [ -46.688445, -23.523925 ], [ -46.690778, -23.523915 ], [ -46.690759, -23.52273 ], [ -46.689928, -23.522729 ], [ -46.688431, -23.52296 ], [ -46.688445, -23.523925 ] ] ] } },
{ "type": "Feature", "properties": { "CD_SETOR": "355030848000235", "faces": 12, "pavimentada": 100.0, "bueiro": 75.0, "iluminacao": 100.0, "onibus": 8.33, "ciclovia": 0.0, "calcada": 100.0, "obstaculo": 33.33, "rampa": 66.67, "rampa_faces": 66.67, "sem_calcada": 0.0, "sem_arvore": 33.33, "muitas_arvores": 8.33, "vao": 33.33, "V05400": 12, "V05421": 12, "V05406": 12, "V05412": 12, "V05422": 0, "V05424": 4, "V05427": 8, "V05409": 9, "V05415": 1, "V05418": 0, "V05430": 4, "V05433": 1, "criancas_0a4": 4, "em_favela": false }, "geometry": { "type": "Polygon", "coordinates": [ [ [ -46.687442, -23.524994 ], [ -46.686101, -23.525006 ], [ -46.686123, -23.526076 ], [ -46.688463, -23.526059 ], [ -46.688464, -23.525517 ], [ -46.687458, -23.525542 ], [ -46.687442, -23.524994 ] ] ] } },
{ "type": "Feature", "properties": { "CD_SETOR": "355030848000236", "faces": 8, "pavimentada": 100.0, "bueiro": 87.5, "iluminacao": 100.0, "onibus": 25.0, "ciclovia": 25.0, "calcada": 100.0, "obstaculo": 62.5, "rampa": 50.0, "rampa_faces": 50.0, "sem_calcada": 0.0, "sem_arvore": 0.0, "muitas_arvores": 75.0, "vao": 50.0, "V05400": 8, "V05421": 8, "V05406": 8, "V05412": 8, "V05422": 0, "V05424": 5, "V05427": 4, "V05409": 7, "V05415": 2, "V05418": 2, "V05430": 0, "V05433": 6, "criancas_0a4": 44, "em_favela": false }, "geometry": { "type": "Polygon", "coordinates": [ [ [ -46.689729, -23.526048 ], [ -46.688463, -23.526059 ], [ -46.687482, -23.526061 ], [ -46.688327, -23.527269 ], [ -46.689181, -23.527375 ], [ -46.689541, -23.527172 ], [ -46.689757, -23.526723 ], [ -46.689729, -23.526048 ] ] ] } },
{ "type": "Feature", "properties": { "CD_SETOR": "355030848000237", "faces": 4, "pavimentada": 100.0, "bueiro": 100.0, "iluminacao": 100.0, "onibus": 25.0, "ciclovia": 25.0, "calcada": 100.0, "obstaculo": 75.0, "rampa": 50.0, "rampa_faces": 50.0, "sem_calcada": 0.0, "sem_arvore": 0.0, "muitas_arvores": 100.0, "vao": 50.0, "V05400": 4, "V05421": 4, "V05406": 4, "V05412": 4, "V05422": 0, "V05424": 3, "V05427": 2, "V05409": 4, "V05415": 1, "V05418": 1, "V05430": 0, "V05433": 4, "criancas_0a4": 18, "em_favela": false }, "geometry": { "type": "Polygon", "coordinates": [ [ [ -46.691378, -23.529635 ], [ -46.690427, -23.530205 ], [ -46.691326, -23.531456 ], [ -46.692266, -23.53088 ], [ -46.691943, -23.530428 ], [ -46.691511, -23.530688 ], [ -46.691374, -23.530459 ], [ -46.691341, -23.530478 ], [ -46.691136, -23.530154 ], [ -46.69122, -23.530107 ], [ -46.691165, -23.530016 ], [ -46.691501, -23.529807 ], [ -46.691378, -23.529635 ] ] ] } },
{ "type": "Feature", "properties": { "CD_SETOR": "355030848000238", "faces": 11, "pavimentada": 100.0, "bueiro": 81.82, "iluminacao": 100.0, "onibus": 9.09, "ciclovia": 0.0, "calcada": 100.0, "obstaculo": 72.73, "rampa": 9.09, "rampa_faces": 9.09, "sem_calcada": 0.0, "sem_arvore": 27.27, "muitas_arvores": 72.73, "vao": 90.91, "V05400": 11, "V05421": 11, "V05406": 11, "V05412": 11, "V05422": 0, "V05424": 8, "V05427": 1, "V05409": 9, "V05415": 1, "V05418": 0, "V05430": 3, "V05433": 8, "criancas_0a4": 6, "em_favela": false }, "geometry": { "type": "Polygon", "coordinates": [ [ [ -46.690484, -23.528385 ], [ -46.692905, -23.5318 ], [ -46.69297, -23.531757 ], [ -46.693121, -23.531617 ], [ -46.693136, -23.531433 ], [ -46.692566, -23.530463 ], [ -46.692279, -23.53011 ], [ -46.691996, -23.529265 ], [ -46.690689, -23.528259 ], [ -46.690484, -23.528385 ] ] ] } },
{ "type": "Feature", "properties": { "CD_SETOR": "355030848000239", "faces": 4, "pavimentada": 100.0, "bueiro": 100.0, "iluminacao": 100.0, "onibus": 25.0, "ciclovia": 25.0, "calcada": 100.0, "obstaculo": 100.0, "rampa": 0.0, "rampa_faces": 0.0, "sem_calcada": 0.0, "sem_arvore": 0.0, "muitas_arvores": 100.0, "vao": 100.0, "V05400": 4, "V05421": 4, "V05406": 4, "V05412": 4, "V05422": 0, "V05424": 4, "V05427": 0, "V05409": 4, "V05415": 1, "V05418": 1, "V05430": 0, "V05433": 4, "criancas_0a4": 10, "em_favela": false }, "geometry": { "type": "Polygon", "coordinates": [ [ [ -46.691326, -23.531456 ], [ -46.692216, -23.532706 ], [ -46.692903, -23.532267 ], [ -46.692857, -23.532133 ], [ -46.692905, -23.5318 ], [ -46.692266, -23.53088 ], [ -46.691326, -23.531456 ] ] ] } },
{ "type": "Feature", "properties": { "CD_SETOR": "355030848000240", "faces": 8, "pavimentada": 100.0, "bueiro": 100.0, "iluminacao": 100.0, "onibus": 25.0, "ciclovia": 12.5, "calcada": 100.0, "obstaculo": 0.0, "rampa": 100.0, "rampa_faces": 100.0, "sem_calcada": 0.0, "sem_arvore": 37.5, "muitas_arvores": 50.0, "vao": 0.0, "V05400": 8, "V05421": 8, "V05406": 8, "V05412": 8, "V05422": 0, "V05424": 0, "V05427": 8, "V05409": 8, "V05415": 2, "V05418": 1, "V05430": 3, "V05433": 4, "criancas_0a4": 30, "em_favela": false }, "geometry": { "type": "Polygon", "coordinates": [ [ [ -46.702405, -23.523745 ], [ -46.702427, -23.524212 ], [ -46.701928, -23.52422 ], [ -46.702058, -23.524809 ], [ -46.702112, -23.52488 ], [ -46.702119, -23.525706 ], [ -46.702074, -23.525803 ], [ -46.703008, -23.525722 ], [ -46.702941, -23.523735 ], [ -46.702405, -23.523745 ] ] ] } },
{ "type": "Feature", "properties": { "CD_SETOR": "355030848000241", "faces": 1, "pavimentada": 100.0, "bueiro": 100.0, "iluminacao": 100.0, "onibus": 0.0, "ciclovia": 0.0, "calcada": 100.0, "obstaculo": 0.0, "rampa": 100.0, "rampa_faces": 100.0, "sem_calcada": 0.0, "sem_arvore": 0.0, "muitas_arvores": 100.0, "vao": 0.0, "V05400": 1, "V05421": 1, "V05406": 1, "V05412": 1, "V05422": 0, "V05424": 0, "V05427": 1, "V05409": 1, "V05415": 0, "V05418": 0, "V05430": 0, "V05433": 1, "criancas_0a4": 19, "em_favela": false }, "geometry": { "type": "Polygon", "coordinates": [ [ [ -46.701809, -23.523756 ], [ -46.701928, -23.52422 ], [ -46.702427, -23.524212 ], [ -46.702405, -23.523745 ], [ -46.701809, -23.523756 ] ] ] } },
{ "type": "Feature", "properties": { "CD_SETOR": "355030848000242", "faces": 4, "pavimentada": 100.0, "bueiro": 100.0, "iluminacao": 100.0, "onibus": 50.0, "ciclovia": 25.0, "calcada": 100.0, "obstaculo": 0.0, "rampa": 100.0, "rampa_faces": 100.0, "sem_calcada": 0.0, "sem_arvore": 0.0, "muitas_arvores": 100.0, "vao": 0.0, "V05400": 4, "V05421": 4, "V05406": 4, "V05412": 4, "V05422": 0, "V05424": 0, "V05427": 4, "V05409": 4, "V05415": 2, "V05418": 1, "V05430": 0, "V05433": 4, "criancas_0a4": 12, "em_favela": false }, "geometry": { "type": "Polygon", "coordinates": [ [ [ -46.696627, -23.526028 ], [ -46.696667, -23.527084 ], [ -46.697803, -23.527084 ], [ -46.697764, -23.526016 ], [ -46.696627, -23.526028 ] ] ] } },
{ "type": "Feature", "properties": { "CD_SETOR": "355030848000243", "faces": 4, "pavimentada": 100.0, "bueiro": 100.0, "iluminacao": 100.0, "onibus": 0.0, "ciclovia": 0.0, "calcada": 100.0, "obstaculo": 0.0, "rampa": 100.0, "rampa_faces": 100.0, "sem_calcada": 0.0, "sem_arvore": 0.0, "muitas_arvores": 0.0, "vao": 0.0, "V05400": 4, "V05421": 4, "V05406": 4, "V05412": 4, "V05422": 0, "V05424": 0, "V05427": 4, "V05409": 4, "V05415": 0, "V05418": 0, "V05430": 0, "V05433": 0, "criancas_0a4": 0, "em_favela": false }, "geometry": { "type": "Polygon", "coordinates": [ [ [ -46.696667, -23.527084 ], [ -46.696703, -23.528129 ], [ -46.697841, -23.528125 ], [ -46.697803, -23.527084 ], [ -46.696667, -23.527084 ] ] ] } },
{ "type": "Feature", "properties": { "CD_SETOR": "355030848000244", "faces": 4, "pavimentada": 100.0, "bueiro": 75.0, "iluminacao": 100.0, "onibus": 50.0, "ciclovia": 25.0, "calcada": 100.0, "obstaculo": 25.0, "rampa": 75.0, "rampa_faces": 75.0, "sem_calcada": 0.0, "sem_arvore": 25.0, "muitas_arvores": 25.0, "vao": 25.0, "V05400": 4, "V05421": 4, "V05406": 4, "V05412": 4, "V05422": 0, "V05424": 1, "V05427": 3, "V05409": 3, "V05415": 2, "V05418": 1, "V05430": 1, "V05433": 1, "criancas_0a4": 17, "em_favela": false }, "geometry": { "type": "Polygon", "coordinates": [ [ [ -46.704276, -23.529119 ], [ -46.704524, -23.52987 ], [ -46.705002, -23.529746 ], [ -46.705074, -23.529856 ], [ -46.705061, -23.530352 ], [ -46.704498, -23.530296 ], [ -46.704433, -23.530745 ], [ -46.70547, -23.530857 ], [ -46.705544, -23.529998 ], [ -46.705527, -23.529863 ], [ -46.705374, -23.529559 ], [ -46.705177, -23.529353 ], [ -46.704865, -23.529182 ], [ -46.704559, -23.529111 ], [ -46.704276, -23.529119 ] ] ] } },
{ "type": "Feature", "properties": { "CD_SETOR": "355030848000245", "faces": 1, "pavimentada": 100.0, "bueiro": 0.0, "iluminacao": 100.0, "onibus": 100.0, "ciclovia": 0.0, "calcada": 100.0, "obstaculo": 100.0, "rampa": 0.0, "rampa_faces": 0.0, "sem_calcada": 0.0, "sem_arvore": 0.0, "muitas_arvores": 0.0, "vao": 100.0, "V05400": 1, "V05421": 1, "V05406": 1, "V05412": 1, "V05422": 0, "V05424": 1, "V05427": 0, "V05409": 0, "V05415": 1, "V05418": 0, "V05430": 0, "V05433": 0, "criancas_0a4": 9, "em_favela": false }, "geometry": { "type": "Polygon", "coordinates": [ [ [ -46.704524, -23.52987 ], [ -46.704498, -23.530296 ], [ -46.705061, -23.530352 ], [ -46.705074, -23.529856 ], [ -46.705002, -23.529746 ], [ -46.704524, -23.52987 ] ] ] } },
{ "type": "Feature", "properties": { "CD_SETOR": "355030848000246", "faces": 4, "pavimentada": 100.0, "bueiro": 75.0, "iluminacao": 100.0, "onibus": 50.0, "ciclovia": 0.0, "calcada": 100.0, "obstaculo": 75.0, "rampa": 75.0, "rampa_faces": 75.0, "sem_calcada": 0.0, "sem_arvore": 0.0, "muitas_arvores": 25.0, "vao": 25.0, "V05400": 4, "V05421": 4, "V05406": 4, "V05412": 4, "V05422": 0, "V05424": 3, "V05427": 3, "V05409": 3, "V05415": 2, "V05418": 0, "V05430": 0, "V05433": 1, "criancas_0a4": 23, "em_favela": false }, "geometry": { "type": "Polygon", "coordinates": [ [ [ -46.702174, -23.535171 ], [ -46.702652, -23.535628 ], [ -46.702928, -23.535972 ], [ -46.703294, -23.535913 ], [ -46.703322, -23.535757 ], [ -46.70351, -23.53562 ], [ -46.704768, -23.535565 ], [ -46.704676, -23.534971 ], [ -46.702181, -23.534907 ], [ -46.702174, -23.535171 ] ] ] } },
{ "type": "Feature", "properties": { "CD_SETOR": "355030848000247", "faces": 1, "pavimentada": 100.0, "bueiro": 100.0, "iluminacao": 100.0, "onibus": 0.0, "ciclovia": 0.0, "calcada": 100.0, "obstaculo": 0.0, "rampa": 0.0, "rampa_faces": 0.0, "sem_calcada": 0.0, "sem_arvore": 0.0, "muitas_arvores": 100.0, "vao": 100.0, "V05400": 1, "V05421": 1, "V05406": 1, "V05412": 1, "V05422": 0, "V05424": 0, "V05427": 0, "V05409": 1, "V05415": 0, "V05418": 0, "V05430": 0, "V05433": 1, "criancas_0a4": 21, "em_favela": false }, "geometry": { "type": "Polygon", "coordinates": [ [ [ -46.702928, -23.535972 ], [ -46.703133, -23.536212 ], [ -46.702855, -23.53653 ], [ -46.70371, -23.537121 ], [ -46.704317, -23.537283 ], [ -46.704309, -23.537138 ], [ -46.703889, -23.536527 ], [ -46.703294, -23.535913 ], [ -46.702928, -23.535972 ] ] ] } },
{ "type": "Feature", "properties": { "CD_SETOR": "355030848000248", "faces": 3, "pavimentada": 100.0, "bueiro": 0.0, "iluminacao": 100.0, "onibus": 0.0, "ciclovia": 0.0, "calcada": 100.0, "obstaculo": 0.0, "rampa": 0.0, "rampa_faces": 0.0, "sem_calcada": 0.0, "sem_arvore": 0.0, "muitas_arvores": 66.67, "vao": 100.0, "V05400": 3, "V05421": 3, "V05406": 3, "V05412": 3, "V05422": 0, "V05424": 0, "V05427": 0, "V05409": 0, "V05415": 0, "V05418": 0, "V05430": 0, "V05433": 2, "criancas_0a4": 9, "em_favela": false }, "geometry": { "type": "Polygon", "coordinates": [ [ [ -46.715953, -23.532329 ], [ -46.716346, -23.533217 ], [ -46.71688, -23.532983 ], [ -46.716436, -23.532115 ], [ -46.715953, -23.532329 ] ] ] } },
{ "type": "Feature", "properties": { "CD_SETOR": "355030848000249", "faces": 1, "pavimentada": 100.0, "bueiro": 100.0, "iluminacao": 100.0, "onibus": 0.0, "ciclovia": 0.0, "calcada": 100.0, "obstaculo": 0.0, "rampa": 0.0, "rampa_faces": 0.0, "sem_calcada": 0.0, "sem_arvore": 0.0, "muitas_arvores": 100.0, "vao": 100.0, "V05400": 1, "V05421": 1, "V05406": 1, "V05412": 1, "V05422": 0, "V05424": 0, "V05427": 0, "V05409": 1, "V05415": 0, "V05418": 0, "V05430": 0, "V05433": 1, "criancas_0a4": 11, "em_favela": false }, "geometry": { "type": "Polygon", "coordinates": [ [ [ -46.715403, -23.532568 ], [ -46.715855, -23.533432 ], [ -46.716346, -23.533217 ], [ -46.715953, -23.532329 ], [ -46.715403, -23.532568 ] ] ] } },
{ "type": "Feature", "properties": { "CD_SETOR": "355030848000250", "faces": 16, "pavimentada": 100.0, "bueiro": 100.0, "iluminacao": 100.0, "onibus": 56.25, "ciclovia": 0.0, "calcada": 100.0, "obstaculo": 12.5, "rampa": 100.0, "rampa_faces": 100.0, "sem_calcada": 0.0, "sem_arvore": 18.75, "muitas_arvores": 31.25, "vao": 0.0, "V05400": 16, "V05421": 16, "V05406": 16, "V05412": 16, "V05422": 0, "V05424": 2, "V05427": 16, "V05409": 16, "V05415": 9, "V05418": 0, "V05430": 3, "V05433": 5, "criancas_0a4": 8, "em_favela": false }, "geometry": { "type": "Polygon", "coordinates": [ [ [ -46.70715, -23.524578 ], [ -46.709135, -23.524972 ], [ -46.709365, -23.522592 ], [ -46.707359, -23.522438 ], [ -46.70715, -23.524578 ] ] ] } },
{ "type": "Feature", "properties": { "CD_SETOR": "355030848000251", "faces": 8, "pavimentada": 100.0, "bueiro": 100.0, "iluminacao": 100.0, "onibus": 87.5, "ciclovia": 0.0, "calcada": 100.0, "obstaculo": 0.0, "rampa": 100.0, "rampa_faces": 100.0, "sem_calcada": 0.0, "sem_arvore": 12.5, "muitas_arvores": 37.5, "vao": 0.0, "V05400": 8, "V05421": 8, "V05406": 8, "V05412": 8, "V05422": 0, "V05424": 0, "V05427": 8, "V05409": 8, "V05415": 7, "V05418": 0, "V05430": 1, "V05433": 3, "criancas_0a4": 5, "em_favela": false }, "geometry": { "type": "Polygon", "coordinates": [ [ [ -46.705176, -23.522249 ], [ -46.706177, -23.524299 ], [ -46.706424, -23.524412 ], [ -46.70715, -23.524578 ], [ -46.707359, -23.522438 ], [ -46.705176, -23.522249 ] ] ] } },
{ "type": "Feature", "properties": { "CD_SETOR": "355030848000252", "faces": 11, "pavimentada": 100.0, "bueiro": 81.82, "iluminacao": 100.0, "onibus": 45.45, "ciclovia": 0.0, "calcada": 100.0, "obstaculo": 18.18, "rampa": 81.82, "rampa_faces": 81.82, "sem_calcada": 0.0, "sem_arvore": 45.45, "muitas_arvores": 9.09, "vao": 18.18, "V05400": 11, "V05421": 11, "V05406": 11, "V05412": 11, "V05422": 0, "V05424": 2, "V05427": 9, "V05409": 9, "V05415": 5, "V05418": 0, "V05430": 5, "V05433": 1, "criancas_0a4": 5, "em_favela": false }, "geometry": { "type": "Polygon", "coordinates": [ [ [ -46.702908, -23.522673 ], [ -46.702941, -23.523735 ], [ -46.704674, -23.523688 ], [ -46.704483, -23.523362 ], [ -46.704583, -23.523346 ], [ -46.705759, -23.523423 ], [ -46.705176, -23.522249 ], [ -46.704155, -23.522164 ], [ -46.703911, -23.522243 ], [ -46.704068, -23.522622 ], [ -46.702908, -23.522673 ] ] ] } },
{ "type": "Feature", "properties": { "CD_SETOR": "355030848000253", "faces": 8, "pavimentada": 100.0, "bueiro": 100.0, "iluminacao": 100.0, "onibus": 62.5, "ciclovia": 0.0, "calcada": 100.0, "obstaculo": 0.0, "rampa": 100.0, "rampa_faces": 100.0, "sem_calcada": 0.0, "sem_arvore": 0.0, "muitas_arvores": 62.5, "vao": 0.0, "V05400": 8, "V05421": 8, "V05406": 8, "V05412": 8, "V05422": 0, "V05424": 0, "V05427": 8, "V05409": 8, "V05415": 5, "V05418": 0, "V05430": 0, "V05433": 5, "criancas_0a4": 3, "em_favela": false }, "geometry": { "type": "Polygon", "coordinates": [ [ [ -46.702941, -23.523735 ], [ -46.702984, -23.524798 ], [ -46.705341, -23.524527 ], [ -46.70496, -23.524075 ], [ -46.705029, -23.524004 ], [ -46.706177, -23.524299 ], [ -46.705759, -23.523423 ], [ -46.704583, -23.523346 ], [ -46.704483, -23.523362 ], [ -46.704674, -23.523688 ], [ -46.702941, -23.523735 ] ] ] } },
{ "type": "Feature", "properties": { "CD_SETOR": "355030848000254", "faces": 15, "pavimentada": 86.67, "bueiro": 86.67, "iluminacao": 86.67, "onibus": 33.33, "ciclovia": 0.0, "calcada": 86.67, "obstaculo": 7.69, "rampa": 76.92, "rampa_faces": 66.67, "sem_calcada": 0.0, "sem_arvore": 6.67, "muitas_arvores": 46.67, "vao": 20.0, "V05400": 15, "V05421": 13, "V05406": 13, "V05412": 13, "V05422": 0, "V05424": 1, "V05427": 10, "V05409": 13, "V05415": 5, "V05418": 0, "V05430": 1, "V05433": 7, "criancas_0a4": 5, "em_favela": false }, "geometry": { "type": "Polygon", "coordinates": [ [ [ -46.722764, -23.514054 ], [ -46.7206, -23.515896 ], [ -46.721099, -23.516625 ], [ -46.721152, -23.517223 ], [ -46.722465, -23.51645 ], [ -46.723078, -23.51625 ], [ -46.723657, -23.515972 ], [ -46.724029, -23.515584 ], [ -46.724175, -23.515522 ], [ -46.723401, -23.514936 ], [ -46.722764, -23.514054 ] ] ] } },
{ "type": "Feature", "properties": { "CD_SETOR": "355030848000255", "faces": 11, "pavimentada": 100.0, "bueiro": 90.91, "iluminacao": 100.0, "onibus": 18.18, "ciclovia": 0.0, "calcada": 100.0, "obstaculo": 27.27, "rampa": 90.91, "rampa_faces": 90.91, "sem_calcada": 0.0, "sem_arvore": 54.55, "muitas_arvores": 27.27, "vao": 9.09, "V05400": 11, "V05421": 11, "V05406": 11, "V05412": 11, "V05422": 0, "V05424": 3, "V05427": 10, "V05409": 10, "V05415": 2, "V05418": 0, "V05430": 6, "V05433": 3, "criancas_0a4": 54, "em_favela": false }, "geometry": { "type": "Polygon", "coordinates": [ [ [ -46.724, -23.515404 ], [ -46.724175, -23.515522 ], [ -46.724029, -23.515584 ], [ -46.723657, -23.515972 ], [ -46.723078, -23.51625 ], [ -46.722465, -23.51645 ], [ -46.721152, -23.517223 ], [ -46.721099, -23.517974 ], [ -46.721147, -23.518863 ], [ -46.724241, -23.518909 ], [ -46.724821, -23.518508 ], [ -46.725175, -23.51815 ], [ -46.72548, -23.517699 ], [ -46.725624, -23.517356 ], [ -46.726409, -23.514688 ], [ -46.725104, -23.513957 ], [ -46.724684, -23.514663 ], [ -46.724486, -23.51487 ], [ -46.724213, -23.515296 ], [ -46.724, -23.515404 ] ] ] } },
{ "type": "Feature", "properties": { "CD_SETOR": "355030848000256", "faces": 30, "pavimentada": 100.0, "bueiro": 93.33, "iluminacao": 100.0, "onibus": 33.33, "ciclovia": 0.0, "calcada": 100.0, "obstaculo": 0.0, "rampa": 90.0, "rampa_faces": 90.0, "sem_calcada": 0.0, "sem_arvore": 50.0, "muitas_arvores": 20.0, "vao": 10.0, "V05400": 30, "V05421": 30, "V05406": 30, "V05412": 30, "V05422": 0, "V05424": 0, "V05427": 27, "V05409": 28, "V05415": 10, "V05418": 0, "V05430": 15, "V05433": 6, "criancas_0a4": 0, "em_favela": false }, "geometry": { "type": "Polygon", "coordinates": [ [ [ -46.700411, -23.522749 ], [ -46.701523, -23.522712 ], [ -46.701809, -23.523756 ], [ -46.702941, -23.523735 ], [ -46.702878, -23.521628 ], [ -46.702912, -23.521399 ], [ -46.702787, -23.521233 ], [ -46.701865, -23.520556 ], [ -46.70135, -23.520109 ], [ -46.701236, -23.520192 ], [ -46.701264, -23.520405 ], [ -46.701178, -23.52052 ], [ -46.700252, -23.520808 ], [ -46.700305, -23.520898 ], [ -46.700411, -23.522749 ] ] ] } },
{ "type": "Feature", "properties": { "CD_SETOR": "355030848000257", "faces": 4, "pavimentada": 100.0, "bueiro": 100.0, "iluminacao": 100.0, "onibus": 75.0, "ciclovia": 0.0, "calcada": 100.0, "obstaculo": 0.0, "rampa": 100.0, "rampa_faces": 100.0, "sem_calcada": 0.0, "sem_arvore": 0.0, "muitas_arvores": 50.0, "vao": 0.0, "V05400": 4, "V05421": 4, "V05406": 4, "V05412": 4, "V05422": 0, "V05424": 0, "V05427": 4, "V05409": 4, "V05415": 3, "V05418": 0, "V05430": 0, "V05433": 2, "criancas_0a4": 12, "em_favela": false }, "geometry": { "type": "Polygon", "coordinates": [ [ [ -46.700411, -23.522749 ], [ -46.700469, -23.523792 ], [ -46.701809, -23.523756 ], [ -46.701523, -23.522712 ], [ -46.700411, -23.522749 ] ] ] } },
{ "type": "Feature", "properties": { "CD_SETOR": "355030848000258", "faces": 4, "pavimentada": 100.0, "bueiro": 100.0, "iluminacao": 100.0, "onibus": 0.0, "ciclovia": 0.0, "calcada": 100.0, "obstaculo": 25.0, "rampa": 100.0, "rampa_faces": 100.0, "sem_calcada": 0.0, "sem_arvore": 0.0, "muitas_arvores": 75.0, "vao": 0.0, "V05400": 4, "V05421": 4, "V05406": 4, "V05412": 4, "V05422": 0, "V05424": 1, "V05427": 4, "V05409": 4, "V05415": 0, "V05418": 0, "V05430": 0, "V05433": 3, "criancas_0a4": 66, "em_favela": false }, "geometry": { "type": "Polygon", "coordinates": [ [ [ -46.716383, -23.51496 ], [ -46.717665, -23.517762 ], [ -46.718412, -23.517477 ], [ -46.718424, -23.517426 ], [ -46.717872, -23.516168 ], [ -46.717512, -23.515439 ], [ -46.717442, -23.515167 ], [ -46.717326, -23.515034 ], [ -46.717177, -23.514723 ], [ -46.716383, -23.51496 ] ] ] } },
{ "type": "Feature", "properties": { "CD_SETOR": "355030848000259", "faces": 4, "pavimentada": 100.0, "bueiro": 100.0, "iluminacao": 100.0, "onibus": 0.0, "ciclovia": 0.0, "calcada": 100.0, "obstaculo": 100.0, "rampa": 25.0, "rampa_faces": 25.0, "sem_calcada": 0.0, "sem_arvore": 50.0, "muitas_arvores": 25.0, "vao": 75.0, "V05400": 4, "V05421": 4, "V05406": 4, "V05412": 4, "V05422": 0, "V05424": 4, "V05427": 1, "V05409": 4, "V05415": 0, "V05418": 0, "V05430": 2, "V05433": 1, "criancas_0a4": 0, "em_favela": false }, "geometry": { "type": "Polygon", "coordinates": [ [ [ -46.718412, -23.517477 ], [ -46.716192, -23.518332 ], [ -46.715985, -23.518366 ], [ -46.712173, -23.518192 ], [ -46.711492, -23.520249 ], [ -46.712009, -23.520329 ], [ -46.712481, -23.52033 ], [ -46.713871, -23.520189 ], [ -46.714697, -23.520057 ], [ -46.715548, -23.5198 ], [ -46.717219, -23.51901 ], [ -46.718098, -23.518763 ], [ -46.718801, -23.518739 ], [ -46.721147, -23.518863 ], [ -46.7211, -23.518221 ], [ -46.721137, -23.517304 ], [ -46.720663, -23.517482 ], [ -46.720427, -23.517499 ], [ -46.719378, -23.517465 ], [ -46.719178, -23.517377 ], [ -46.718619, -23.517544 ], [ -46.718412, -23.517477 ] ] ] } },
{ "type": "Feature", "properties": { "CD_SETOR": "355030848000260", "faces": 1, "pavimentada": 100.0, "bueiro": 100.0, "iluminacao": 100.0, "onibus": 0.0, "ciclovia": 0.0, "calcada": 100.0, "obstaculo": 100.0, "rampa": 100.0, "rampa_faces": 100.0, "sem_calcada": 0.0, "sem_arvore": 0.0, "muitas_arvores": 100.0, "vao": 0.0, "V05400": 1, "V05421": 1, "V05406": 1, "V05412": 1, "V05422": 0, "V05424": 1, "V05427": 1, "V05409": 1, "V05415": 0, "V05418": 0, "V05430": 0, "V05433": 1, "criancas_0a4": 0, "em_favela": false }, "geometry": { "type": "Polygon", "coordinates": [ [ [ -46.706401, -23.535518 ], [ -46.705843, -23.535672 ], [ -46.706093, -23.536211 ], [ -46.706131, -23.536715 ], [ -46.706068, -23.53684 ], [ -46.70628, -23.536901 ], [ -46.706835, -23.536693 ], [ -46.706465, -23.536088 ], [ -46.706655, -23.536018 ], [ -46.706476, -23.535551 ], [ -46.706401, -23.535518 ] ] ] } },
{ "type": "Feature", "properties": { "CD_SETOR": "355030848000261", "faces": 31, "pavimentada": 100.0, "bueiro": 74.19, "iluminacao": 90.32, "onibus": 12.9, "ciclovia": 3.23, "calcada": 100.0, "obstaculo": 80.65, "rampa": 58.06, "rampa_faces": 58.06, "sem_calcada": 0.0, "sem_arvore": 25.81, "muitas_arvores": 58.06, "vao": 41.94, "V05400": 31, "V05421": 31, "V05406": 31, "V05412": 28, "V05422": 0, "V05424": 25, "V05427": 18, "V05409": 23, "V05415": 4, "V05418": 1, "V05430": 8, "V05433": 18, "criancas_0a4": 3, "em_favela": false }, "geometry": { "type": "Polygon", "coordinates": [ [ [ -46.696529, -23.515378 ], [ -46.692027, -23.515345 ], [ -46.691756, -23.515356 ], [ -46.691215, -23.515497 ], [ -46.691083, -23.515485 ], [ -46.690113, -23.517008 ], [ -46.687909, -23.521337 ], [ -46.693728, -23.521446 ], [ -46.694591, -23.521366 ], [ -46.696102, -23.520967 ], [ -46.697308, -23.520464 ], [ -46.696555, -23.518971 ], [ -46.696366, -23.519049 ], [ -46.69615, -23.518616 ], [ -46.695868, -23.518742 ], [ -46.696331, -23.516362 ], [ -46.696408, -23.516328 ], [ -46.698255, -23.516644 ], [ -46.698392, -23.516566 ], [ -46.697717, -23.515548 ], [ -46.697255, -23.515309 ], [ -46.696819, -23.515311 ], [ -46.696529, -23.515378 ] ], [ [ -46.694796, -23.517822 ], [ -46.69454, -23.519192 ], [ -46.693386, -23.518947 ], [ -46.693695, -23.517621 ], [ -46.694796, -23.517822 ] ] ] } },
{ "type": "Feature", "properties": { "CD_SETOR": "355030848000262", "faces": 1, "pavimentada": 100.0, "bueiro": 100.0, "iluminacao": 100.0, "onibus": 0.0, "ciclovia": 0.0, "calcada": 100.0, "obstaculo": 100.0, "rampa": 0.0, "rampa_faces": 0.0, "sem_calcada": 0.0, "sem_arvore": 0.0, "muitas_arvores": 100.0, "vao": 100.0, "V05400": 1, "V05421": 1, "V05406": 1, "V05412": 1, "V05422": 0, "V05424": 1, "V05427": 0, "V05409": 1, "V05415": 0, "V05418": 0, "V05430": 0, "V05433": 1, "criancas_0a4": 16, "em_favela": false }, "geometry": { "type": "Polygon", "coordinates": [ [ [ -46.71481, -23.518329 ], [ -46.715839, -23.518379 ], [ -46.71525, -23.517125 ], [ -46.714821, -23.518294 ], [ -46.71481, -23.518329 ] ] ] } },
{ "type": "Feature", "properties": { "CD_SETOR": "355030848000263", "faces": 9, "pavimentada": 100.0, "bueiro": 44.44, "iluminacao": 66.67, "onibus": 22.22, "ciclovia": 0.0, "calcada": 44.44, "obstaculo": 75.0, "rampa": 50.0, "rampa_faces": 22.22, "sem_calcada": 55.56, "sem_arvore": 33.33, "muitas_arvores": 44.44, "vao": 77.78, "V05400": 9, "V05421": 4, "V05406": 9, "V05412": 6, "V05422": 5, "V05424": 3, "V05427": 2, "V05409": 4, "V05415": 2, "V05418": 0, "V05430": 3, "V05433": 4, "criancas_0a4": 0, "em_favela": false }, "geometry": { "type": "Polygon", "coordinates": [ [ [ -46.714099, -23.508282 ], [ -46.713503, -23.510241 ], [ -46.712986, -23.511401 ], [ -46.712304, -23.512466 ], [ -46.711435, -23.513519 ], [ -46.710759, -23.514172 ], [ -46.710206, -23.514631 ], [ -46.709045, -23.515375 ], [ -46.705129, -23.517087 ], [ -46.705302, -23.517387 ], [ -46.70583, -23.517279 ], [ -46.706153, -23.517289 ], [ -46.706611, -23.517395 ], [ -46.707382, -23.517832 ], [ -46.707525, -23.517768 ], [ -46.711492, -23.520249 ], [ -46.715124, -23.509076 ], [ -46.715258, -23.508189 ], [ -46.714099, -23.508282 ] ] ] } },
{ "type": "Feature", "properties": { "CD_SETOR": "355030848000264", "faces": 1, "pavimentada": 100.0, "bueiro": 100.0, "iluminacao": 100.0, "onibus": 100.0, "ciclovia": 0.0, "calcada": 100.0, "obstaculo": 0.0, "rampa": 0.0, "rampa_faces": 0.0, "sem_calcada": 0.0, "sem_arvore": 0.0, "muitas_arvores": 0.0, "vao": 100.0, "V05400": 1, "V05421": 1, "V05406": 1, "V05412": 1, "V05422": 0, "V05424": 0, "V05427": 0, "V05409": 1, "V05415": 1, "V05418": 0, "V05430": 0, "V05433": 0, "criancas_0a4": 0, "em_favela": false }, "geometry": { "type": "Polygon", "coordinates": [ [ [ -46.704263, -23.532238 ], [ -46.704305, -23.532727 ], [ -46.704622, -23.532703 ], [ -46.704627, -23.532643 ], [ -46.704768, -23.532661 ], [ -46.704781, -23.532514 ], [ -46.704856, -23.532509 ], [ -46.704879, -23.532178 ], [ -46.704263, -23.532238 ] ] ] } },
{ "type": "Feature", "properties": { "CD_SETOR": "355030848000265", "faces": 1, "pavimentada": 100.0, "bueiro": 100.0, "iluminacao": 100.0, "onibus": 100.0, "ciclovia": 0.0, "calcada": 100.0, "obstaculo": 0.0, "rampa": 0.0, "rampa_faces": 0.0, "sem_calcada": 0.0, "sem_arvore": 0.0, "muitas_arvores": 0.0, "vao": 100.0, "V05400": 1, "V05421": 1, "V05406": 1, "V05412": 1, "V05422": 0, "V05424": 0, "V05427": 0, "V05409": 1, "V05415": 1, "V05418": 0, "V05430": 0, "V05433": 0, "criancas_0a4": 5, "em_favela": false }, "geometry": { "type": "Polygon", "coordinates": [ [ [ -46.704391, -23.531092 ], [ -46.704968, -23.531147 ], [ -46.704995, -23.530905 ], [ -46.70442, -23.53085 ], [ -46.704391, -23.531092 ] ] ] } },
{ "type": "Feature", "properties": { "CD_SETOR": "355030848000266", "faces": 1, "pavimentada": 100.0, "bueiro": 100.0, "iluminacao": 100.0, "onibus": 0.0, "ciclovia": 0.0, "calcada": 100.0, "obstaculo": 0.0, "rampa": 0.0, "rampa_faces": 0.0, "sem_calcada": 0.0, "sem_arvore": 0.0, "muitas_arvores": 100.0, "vao": 100.0, "V05400": 1, "V05421": 1, "V05406": 1, "V05412": 1, "V05422": 0, "V05424": 0, "V05427": 0, "V05409": 1, "V05415": 0, "V05418": 0, "V05430": 0, "V05433": 1, "criancas_0a4": 3, "em_favela": false }, "geometry": { "type": "Polygon", "coordinates": [ [ [ -46.691259, -23.530348 ], [ -46.691341, -23.530478 ], [ -46.691786, -23.530208 ], [ -46.69169, -23.530072 ], [ -46.691259, -23.530348 ] ] ] } },
{ "type": "Feature", "properties": { "CD_SETOR": "355030848000267", "faces": 39, "pavimentada": 100.0, "bueiro": 89.74, "iluminacao": 100.0, "onibus": 28.21, "ciclovia": 0.0, "calcada": 100.0, "obstaculo": 53.85, "rampa": 76.92, "rampa_faces": 76.92, "sem_calcada": 0.0, "sem_arvore": 5.13, "muitas_arvores": 74.36, "vao": 23.08, "V05400": 39, "V05421": 39, "V05406": 39, "V05412": 39, "V05422": 0, "V05424": 21, "V05427": 30, "V05409": 35, "V05415": 11, "V05418": 0, "V05430": 2, "V05433": 29, "criancas_0a4": 0, "em_favela": false }, "geometry": { "type": "Polygon", "coordinates": [ [ [ -46.696529, -23.515378 ], [ -46.696819, -23.515311 ], [ -46.697255, -23.515309 ], [ -46.697717, -23.515548 ], [ -46.697726, -23.515315 ], [ -46.697855, -23.514984 ], [ -46.701217, -23.514322 ], [ -46.701276, -23.514575 ], [ -46.701977, -23.515995 ], [ -46.703143, -23.515488 ], [ -46.70239, -23.513873 ], [ -46.704726, -23.512706 ], [ -46.705023, -23.512493 ], [ -46.705123, -23.512367 ], [ -46.70532, -23.51185 ], [ -46.705641, -23.50873 ], [ -46.701047, -23.508284 ], [ -46.697678, -23.508035 ], [ -46.697753, -23.508906 ], [ -46.696529, -23.515378 ] ], [ [ -46.70286, -23.512174 ], [ -46.702486, -23.509296 ], [ -46.704111, -23.509427 ], [ -46.704832, -23.510689 ], [ -46.704236, -23.510964 ], [ -46.703829, -23.511737 ], [ -46.703623, -23.51191 ], [ -46.703367, -23.512047 ], [ -46.70286, -23.512174 ] ] ] } },
{ "type": "Feature", "properties": { "CD_SETOR": "355030848000268", "faces": 4, "pavimentada": 100.0, "bueiro": 100.0, "iluminacao": 100.0, "onibus": 0.0, "ciclovia": 0.0, "calcada": 100.0, "obstaculo": 50.0, "rampa": 75.0, "rampa_faces": 75.0, "sem_calcada": 0.0, "sem_arvore": 0.0, "muitas_arvores": 75.0, "vao": 25.0, "V05400": 4, "V05421": 4, "V05406": 4, "V05412": 4, "V05422": 0, "V05424": 2, "V05427": 3, "V05409": 4, "V05415": 0, "V05418": 0, "V05430": 0, "V05433": 3, "criancas_0a4": 16, "em_favela": false }, "geometry": { "type": "Polygon", "coordinates": [ [ [ -46.702486, -23.509296 ], [ -46.70286, -23.512174 ], [ -46.703367, -23.512047 ], [ -46.703623, -23.51191 ], [ -46.703829, -23.511737 ], [ -46.704236, -23.510964 ], [ -46.704832, -23.510689 ], [ -46.704111, -23.509427 ], [ -46.702486, -23.509296 ] ] ] } },
{ "type": "Feature", "properties": { "CD_SETOR": "355030848000269", "faces": 3, "pavimentada": 100.0, "bueiro": 66.67, "iluminacao": 100.0, "onibus": 33.33, "ciclovia": 0.0, "calcada": 100.0, "obstaculo": 100.0, "rampa": 0.0, "rampa_faces": 0.0, "sem_calcada": 0.0, "sem_arvore": 0.0, "muitas_arvores": 100.0, "vao": 100.0, "V05400": 3, "V05421": 3, "V05406": 3, "V05412": 3, "V05422": 0, "V05424": 3, "V05427": 0, "V05409": 2, "V05415": 1, "V05418": 0, "V05430": 0, "V05433": 3, "criancas_0a4": 11, "em_favela": false }, "geometry": { "type": "Polygon", "coordinates": [ [ [ -46.699332, -23.531234 ], [ -46.699233, -23.531898 ], [ -46.699019, -23.532576 ], [ -46.699106, -23.532691 ], [ -46.699318, -23.532809 ], [ -46.699596, -23.532808 ], [ -46.699795, -23.532723 ], [ -46.699958, -23.532564 ], [ -46.700057, -23.532232 ], [ -46.700154, -23.532095 ], [ -46.7004, -23.531971 ], [ -46.700714, -23.531933 ], [ -46.700839, -23.53185 ], [ -46.700913, -23.531717 ], [ -46.700857, -23.531467 ], [ -46.700726, -23.531368 ], [ -46.7004, -23.531244 ], [ -46.700322, -23.531089 ], [ -46.700512, -23.530532 ], [ -46.700551, -23.530272 ], [ -46.699424, -23.530296 ], [ -46.699335, -23.530263 ], [ -46.699332, -23.531234 ] ] ] } },
{ "type": "Feature", "properties": { "CD_SETOR": "355030848000270", "faces": 11, "pavimentada": 72.73, "bueiro": 9.09, "iluminacao": 72.73, "onibus": 18.18, "ciclovia": 0.0, "calcada": 72.73, "obstaculo": 50.0, "rampa": 25.0, "rampa_faces": 18.18, "sem_calcada": 0.0, "sem_arvore": 0.0, "muitas_arvores": 72.73, "vao": 54.55, "V05400": 11, "V05421": 8, "V05406": 8, "V05412": 8, "V05422": 0, "V05424": 4, "V05427": 2, "V05409": 1, "V05415": 2, "V05418": 0, "V05430": 0, "V05433": 8, "criancas_0a4": 15, "em_favela": false }, "geometry": { "type": "Polygon", "coordinates": [ [ [ -46.698059, -23.533495 ], [ -46.69792, -23.534032 ], [ -46.698011, -23.534 ], [ -46.698459, -23.533516 ], [ -46.698881, -23.532884 ], [ -46.699171, -23.532128 ], [ -46.699332, -23.531234 ], [ -46.697956, -23.53122 ], [ -46.698069, -23.533252 ], [ -46.698059, -23.533495 ] ] ] } },
{ "type": "Feature", "properties": { "CD_SETOR": "355030848000271", "faces": 3, "pavimentada": 100.0, "bueiro": 100.0, "iluminacao": 100.0, "onibus": 0.0, "ciclovia": 0.0, "calcada": 100.0, "obstaculo": 33.33, "rampa": 66.67, "rampa_faces": 66.67, "sem_calcada": 0.0, "sem_arvore": 0.0, "muitas_arvores": 66.67, "vao": 33.33, "V05400": 3, "V05421": 3, "V05406": 3, "V05412": 3, "V05422": 0, "V05424": 1, "V05427": 2, "V05409": 3, "V05415": 0, "V05418": 0, "V05430": 0, "V05433": 2, "criancas_0a4": 10, "em_favela": false }, "geometry": { "type": "Polygon", "coordinates": [ [ [ -46.704811, -23.537209 ], [ -46.70499, -23.537584 ], [ -46.705058, -23.537552 ], [ -46.705455, -23.537765 ], [ -46.705823, -23.537425 ], [ -46.706375, -23.537118 ], [ -46.706663, -23.537138 ], [ -46.706206, -23.536859 ], [ -46.706068, -23.53684 ], [ -46.705897, -23.536949 ], [ -46.705455, -23.536979 ], [ -46.704811, -23.537209 ] ] ] } },
{ "type": "Feature", "properties": { "CD_SETOR": "355030848000272", "faces": 3, "pavimentada": 100.0, "bueiro": 100.0, "iluminacao": 100.0, "onibus": 0.0, "ciclovia": 0.0, "calcada": 100.0, "obstaculo": 100.0, "rampa": 33.33, "rampa_faces": 33.33, "sem_calcada": 0.0, "sem_arvore": 0.0, "muitas_arvores": 100.0, "vao": 66.67, "V05400": 3, "V05421": 3, "V05406": 3, "V05412": 3, "V05422": 0, "V05424": 3, "V05427": 1, "V05409": 3, "V05415": 0, "V05418": 0, "V05430": 0, "V05433": 3, "criancas_0a4": 13, "em_favela": false }, "geometry": { "type": "Polygon", "coordinates": [ [ [ -46.704317, -23.537283 ], [ -46.704773, -23.538743 ], [ -46.704812, -23.53884 ], [ -46.704961, -23.538914 ], [ -46.705171, -23.538241 ], [ -46.705455, -23.537765 ], [ -46.705058, -23.537552 ], [ -46.70499, -23.537584 ], [ -46.704811, -23.537209 ], [ -46.704317, -23.537283 ] ] ] } },
{ "type": "Feature", "properties": { "CD_SETOR": "355030848000273", "faces": 11, "pavimentada": 100.0, "bueiro": 72.73, "iluminacao": 100.0, "onibus": 9.09, "ciclovia": 0.0, "calcada": 90.91, "obstaculo": 80.0, "rampa": 20.0, "rampa_faces": 18.18, "sem_calcada": 9.09, "sem_arvore": 36.36, "muitas_arvores": 36.36, "vao": 81.82, "V05400": 11, "V05421": 10, "V05406": 11, "V05412": 11, "V05422": 1, "V05424": 8, "V05427": 2, "V05409": 8, "V05415": 1, "V05418": 0, "V05430": 4, "V05433": 4, "criancas_0a4": 9, "em_favela": false }, "geometry": { "type": "Polygon", "coordinates": [ [ [ -46.703618, -23.538375 ], [ -46.704116, -23.538241 ], [ -46.70464, -23.539616 ], [ -46.704388, -23.539679 ], [ -46.704446, -23.539891 ], [ -46.704084, -23.539975 ], [ -46.704144, -23.540179 ], [ -46.704584, -23.540108 ], [ -46.705119, -23.539902 ], [ -46.704881, -23.539103 ], [ -46.704951, -23.539053 ], [ -46.704977, -23.538958 ], [ -46.704928, -23.538874 ], [ -46.704812, -23.53884 ], [ -46.704773, -23.538743 ], [ -46.704317, -23.537283 ], [ -46.703841, -23.537173 ], [ -46.703446, -23.536968 ], [ -46.703099, -23.537382 ], [ -46.703521, -23.538053 ], [ -46.703618, -23.538375 ] ] ] } },
{ "type": "Feature", "properties": { "CD_SETOR": "355030848000274", "faces": 4, "pavimentada": 100.0, "bueiro": 100.0, "iluminacao": 100.0, "onibus": 0.0, "ciclovia": 0.0, "calcada": 100.0, "obstaculo": 0.0, "rampa": 100.0, "rampa_faces": 100.0, "sem_calcada": 0.0, "sem_arvore": 25.0, "muitas_arvores": 75.0, "vao": 0.0, "V05400": 4, "V05421": 4, "V05406": 4, "V05412": 4, "V05422": 0, "V05424": 0, "V05427": 4, "V05409": 4, "V05415": 0, "V05418": 0, "V05430": 1, "V05433": 3, "criancas_0a4": 9, "em_favela": false }, "geometry": { "type": "Polygon", "coordinates": [ [ [ -46.717872, -23.516168 ], [ -46.718189, -23.516886 ], [ -46.7206, -23.515896 ], [ -46.720143, -23.515249 ], [ -46.717872, -23.516168 ] ] ] } },
{ "type": "Feature", "properties": { "CD_SETOR": "355030848000275", "faces": 8, "pavimentada": 100.0, "bueiro": 100.0, "iluminacao": 100.0, "onibus": 0.0, "ciclovia": 0.0, "calcada": 100.0, "obstaculo": 0.0, "rampa": 62.5, "rampa_faces": 62.5, "sem_calcada": 0.0, "sem_arvore": 0.0, "muitas_arvores": 62.5, "vao": 37.5, "V05400": 8, "V05421": 8, "V05406": 8, "V05412": 8, "V05422": 0, "V05424": 0, "V05427": 5, "V05409": 8, "V05415": 0, "V05418": 0, "V05430": 0, "V05433": 5, "criancas_0a4": 25, "em_favela": false }, "geometry": { "type": "Polygon", "coordinates": [ [ [ -46.718189, -23.516886 ], [ -46.718412, -23.517477 ], [ -46.718565, -23.517541 ], [ -46.719178, -23.517377 ], [ -46.719378, -23.517465 ], [ -46.720663, -23.517482 ], [ -46.721137, -23.517304 ], [ -46.721152, -23.517223 ], [ -46.721099, -23.516625 ], [ -46.7206, -23.515896 ], [ -46.718189, -23.516886 ] ] ] } },
{ "type": "Feature", "properties": { "CD_SETOR": "355030848000276", "faces": 8, "pavimentada": 100.0, "bueiro": 75.0, "iluminacao": 100.0, "onibus": 25.0, "ciclovia": 0.0, "calcada": 100.0, "obstaculo": 12.5, "rampa": 75.0, "rampa_faces": 75.0, "sem_calcada": 0.0, "sem_arvore": 12.5, "muitas_arvores": 12.5, "vao": 25.0, "V05400": 8, "V05421": 8, "V05406": 8, "V05412": 8, "V05422": 0, "V05424": 1, "V05427": 6, "V05409": 6, "V05415": 2, "V05418": 0, "V05430": 1, "V05433": 1, "criancas_0a4": 0, "em_favela": false }, "geometry": { "type": "Polygon", "coordinates": [ [ [ -46.689706, -23.524968 ], [ -46.687442, -23.524994 ], [ -46.687458, -23.525542 ], [ -46.688464, -23.525517 ], [ -46.688463, -23.526059 ], [ -46.689121, -23.526053 ], [ -46.689111, -23.525515 ], [ -46.689202, -23.525515 ], [ -46.689202, -23.525399 ], [ -46.689721, -23.525392 ], [ -46.689706, -23.524968 ] ] ] } },
{ "type": "Feature", "properties": { "CD_SETOR": "355030848000277", "faces": 1, "pavimentada": 100.0, "bueiro": 0.0, "iluminacao": 100.0, "onibus": 0.0, "ciclovia": 0.0, "calcada": 100.0, "obstaculo": 0.0, "rampa": 100.0, "rampa_faces": 100.0, "sem_calcada": 0.0, "sem_arvore": 0.0, "muitas_arvores": 0.0, "vao": 0.0, "V05400": 1, "V05421": 1, "V05406": 1, "V05412": 1, "V05422": 0, "V05424": 0, "V05427": 1, "V05409": 0, "V05415": 0, "V05418": 0, "V05430": 0, "V05433": 0, "criancas_0a4": 18, "em_favela": false }, "geometry": { "type": "Polygon", "coordinates": [ [ [ -46.689121, -23.526053 ], [ -46.689729, -23.526048 ], [ -46.689721, -23.525392 ], [ -46.689202, -23.525399 ], [ -46.689202, -23.525515 ], [ -46.689111, -23.525515 ], [ -46.689121, -23.526053 ] ] ] } },
{ "type": "Feature", "properties": { "CD_SETOR": "355030848000278", "faces": 2, "pavimentada": 100.0, "bueiro": 100.0, "iluminacao": 100.0, "onibus": 0.0, "ciclovia": 0.0, "calcada": 100.0, "obstaculo": 50.0, "rampa": 0.0, "rampa_faces": 0.0, "sem_calcada": 0.0, "sem_arvore": 0.0, "muitas_arvores": 0.0, "vao": 100.0, "V05400": 2, "V05421": 2, "V05406": 2, "V05412": 2, "V05422": 0, "V05424": 1, "V05427": 0, "V05409": 2, "V05415": 0, "V05418": 0, "V05430": 0, "V05433": 0, "criancas_0a4": 8, "em_favela": false }, "geometry": { "type": "Polygon", "coordinates": [ [ [ -46.717462, -23.534211 ], [ -46.717357, -23.534586 ], [ -46.718206, -23.534747 ], [ -46.718249, -23.534531 ], [ -46.718497, -23.534159 ], [ -46.718555, -23.533991 ], [ -46.718251, -23.533913 ], [ -46.717894, -23.53423 ], [ -46.717462, -23.534211 ] ] ] } },
{ "type": "Feature", "properties": { "CD_SETOR": "355030848000279", "faces": 2, "pavimentada": 100.0, "bueiro": 100.0, "iluminacao": 100.0, "onibus": 50.0, "ciclovia": 0.0, "calcada": 100.0, "obstaculo": 0.0, "rampa": 100.0, "rampa_faces": 100.0, "sem_calcada": 0.0, "sem_arvore": 0.0, "muitas_arvores": 50.0, "vao": 0.0, "V05400": 2, "V05421": 2, "V05406": 2, "V05412": 2, "V05422": 0, "V05424": 0, "V05427": 2, "V05409": 2, "V05415": 1, "V05418": 0, "V05430": 0, "V05433": 1, "criancas_0a4": 19, "em_favela": false }, "geometry": { "type": "Polygon", "coordinates": [ [ [ -46.701913, -23.535784 ], [ -46.702098, -23.535976 ], [ -46.702855, -23.53653 ], [ -46.703133, -23.536212 ], [ -46.702652, -23.535628 ], [ -46.702174, -23.535171 ], [ -46.702118, -23.535503 ], [ -46.701913, -23.535784 ] ] ] } },
{ "type": "Feature", "properties": { "CD_SETOR": "355030848000280", "faces": 1, "pavimentada": 100.0, "bueiro": 100.0, "iluminacao": 100.0, "onibus": 0.0, "ciclovia": 0.0, "calcada": 100.0, "obstaculo": 0.0, "rampa": 0.0, "rampa_faces": 0.0, "sem_calcada": 0.0, "sem_arvore": 0.0, "muitas_arvores": 0.0, "vao": 100.0, "V05400": 1, "V05421": 1, "V05406": 1, "V05412": 1, "V05422": 0, "V05424": 0, "V05427": 0, "V05409": 1, "V05415": 0, "V05418": 0, "V05430": 0, "V05433": 0, "criancas_0a4": 3, "em_favela": false }, "geometry": { "type": "Polygon", "coordinates": [ [ [ -46.690517, -23.529282 ], [ -46.690631, -23.529463 ], [ -46.691058, -23.529199 ], [ -46.690938, -23.529034 ], [ -46.690517, -23.529282 ] ] ] } },
{ "type": "Feature", "properties": { "CD_SETOR": "355030848000281", "faces": 3, "pavimentada": 100.0, "bueiro": 100.0, "iluminacao": 100.0, "onibus": 66.67, "ciclovia": 33.33, "calcada": 100.0, "obstaculo": 66.67, "rampa": 0.0, "rampa_faces": 0.0, "sem_calcada": 0.0, "sem_arvore": 0.0, "muitas_arvores": 0.0, "vao": 100.0, "V05400": 3, "V05421": 3, "V05406": 3, "V05412": 3, "V05422": 0, "V05424": 2, "V05427": 0, "V05409": 3, "V05415": 2, "V05418": 1, "V05430": 0, "V05433": 0, "criancas_0a4": 17, "em_favela": false }, "geometry": { "type": "Polygon", "coordinates": [ [ [ -46.689551, -23.52896 ], [ -46.689877, -23.529433 ], [ -46.690809, -23.528844 ], [ -46.690484, -23.528385 ], [ -46.689551, -23.52896 ] ] ] } },
{ "type": "Feature", "properties": { "CD_SETOR": "355030848000282", "faces": 2, "pavimentada": 100.0, "bueiro": 100.0, "iluminacao": 100.0, "onibus": 50.0, "ciclovia": 50.0, "calcada": 100.0, "obstaculo": 50.0, "rampa": 0.0, "rampa_faces": 0.0, "sem_calcada": 0.0, "sem_arvore": 0.0, "muitas_arvores": 100.0, "vao": 100.0, "V05400": 2, "V05421": 2, "V05406": 2, "V05412": 2, "V05422": 0, "V05424": 1, "V05427": 0, "V05409": 2, "V05415": 1, "V05418": 1, "V05430": 0, "V05433": 2, "criancas_0a4": 0, "em_favela": false }, "geometry": { "type": "Polygon", "coordinates": [ [ [ -46.690183, -23.529862 ], [ -46.690427, -23.530205 ], [ -46.69093, -23.529906 ], [ -46.690692, -23.529554 ], [ -46.690183, -23.529862 ] ] ] } }
]
}
