{
"type": "FeatureCollection",
"name": "moema",
"crs": { "type": "name", "properties": { "name": "urn:ogc:def:crs:OGC:1.3:CRS84" } },
"xy_coordinate_resolution": 1e-06,
"features": [
{ "type": "Feature", "properties": { "CD_SETOR": "355030832000007", "faces": 16, "pavimentada": 100.0, "bueiro": 100.0, "iluminacao": 100.0, "onibus": 6.25, "ciclovia": 12.5, "calcada": 100.0, "obstaculo": 25.0, "rampa": 100.0, "rampa_faces": 100.0, "sem_calcada": 0.0, "sem_arvore": 6.25, "muitas_arvores": 43.75, "vao": 0.0, "V05400": 16, "V05421": 16, "V05406": 16, "V05412": 16, "V05422": 0, "V05424": 4, "V05427": 16, "V05409": 16, "V05415": 1, "V05418": 2, "V05430": 1, "V05433": 7, "criancas_0a4": 20, "em_favela": false }, "geometry": { "type": "Polygon", "coordinates": [ [ [ -46.665061, -23.599314 ], [ -46.665802, -23.600104 ], [ -46.663963, -23.601591 ], [ -46.664705, -23.602379 ], [ -46.667393, -23.600219 ], [ -46.66591, -23.598634 ], [ -46.665061, -23.599314 ] ] ] } },
{ "type": "Feature", "properties": { "CD_SETOR": "355030832000008", "faces": 8, "pavimentada": 100.0, "bueiro": 100.0, "iluminacao": 100.0, "onibus": 25.0, "ciclovia": 37.5, "calcada": 100.0, "obstaculo": 25.0, "rampa": 87.5, "rampa_faces": 87.5, "sem_calcada": 0.0, "sem_arvore": 0.0, "muitas_arvores": 62.5, "vao": 12.5, "V05400": 8, "V05421": 8, "V05406": 8, "V05412": 8, "V05422": 0, "V05424": 2, "V05427": 7, "V05409": 8, "V05415": 2, "V05418": 3, "V05430": 0, "V05433": 5, "criancas_0a4": 14, "em_favela": false }, "geometry": { "type": "Polygon", "coordinates": [ [ [ -46.66591, -23.598634 ], [ -46.667393, -23.600219 ], [ -46.668241, -23.599541 ], [ -46.666747, -23.597964 ], [ -46.66591, -23.598634 ] ] ] } },
{ "type": "Feature", "properties": { "CD_SETOR": "355030832000011", "faces": 50, "pavimentada": 100.0, "bueiro": 80.0, "iluminacao": 100.0, "onibus": 18.0, "ciclovia": 16.0, "calcada": 100.0, "obstaculo": 36.0, "rampa": 70.0, "rampa_faces": 70.0, "sem_calcada": 0.0, "sem_arvore": 24.0, "muitas_arvores": 48.0, "vao": 30.0, "V05400": 50, "V05421": 50, "V05406": 50, "V05412": 50, "V05422": 0, "V05424": 18, "V05427": 35, "V05409": 40, "V05415": 9, "V05418": 8, "V05430": 12, "V05433": 24, "criancas_0a4": 3, "em_favela": false }, "geometry": { "type": "Polygon", "coordinates": [ [ [ -46.657766, -23.575935 ], [ -46.656581, -23.577145 ], [ -46.656713, -23.577235 ], [ -46.658655, -23.578257 ], [ -46.658877, -23.578393 ], [ -46.659124, -23.578712 ], [ -46.6594, -23.578738 ], [ -46.660096, -23.579204 ], [ -46.660243, -23.579399 ], [ -46.660255, -23.579517 ], [ -46.660243, -23.579833 ], [ -46.659981, -23.580256 ], [ -46.660123, -23.58049 ], [ -46.65977, -23.580789 ], [ -46.655782, -23.582718 ], [ -46.65467, -23.583332 ], [ -46.654233, -23.583611 ], [ -46.653814, -23.58403 ], [ -46.653359, -23.584641 ], [ -46.653033, -23.58527 ], [ -46.652473, -23.587079 ], [ -46.652161, -23.587856 ], [ -46.651441, -23.58946 ], [ -46.650798, -23.590633 ], [ -46.650794, -23.590732 ], [ -46.651936, -23.591164 ], [ -46.652142, -23.591293 ], [ -46.653446, -23.591514 ], [ -46.664456, -23.59522 ], [ -46.664729, -23.594608 ], [ -46.664858, -23.594087 ], [ -46.664916, -23.593416 ], [ -46.66489, -23.593045 ], [ -46.663354, -23.581511 ], [ -46.663942, -23.580654 ], [ -46.664042, -23.580583 ], [ -46.661941, -23.579379 ], [ -46.660773, -23.578632 ], [ -46.657766, -23.575935 ] ] ] } },
{ "type": "Feature", "properties": { "CD_SETOR": "355030832000014", "faces": 8, "pavimentada": 100.0, "bueiro": 100.0, "iluminacao": 100.0, "onibus": 25.0, "ciclovia": 12.5, "calcada": 100.0, "obstaculo": 12.5, "rampa": 100.0, "rampa_faces": 100.0, "sem_calcada": 0.0, "sem_arvore": 12.5, "muitas_arvores": 50.0, "vao": 0.0, "V05400": 8, "V05421": 8, "V05406": 8, "V05412": 8, "V05422": 0, "V05424": 1, "V05427": 8, "V05409": 8, "V05415": 2, "V05418": 1, "V05430": 1, "V05433": 4, "criancas_0a4": 9, "em_favela": false }, "geometry": { "type": "Polygon", "coordinates": [ [ [ -46.655288, -23.604374 ], [ -46.656037, -23.605169 ], [ -46.657748, -23.603794 ], [ -46.657001, -23.603004 ], [ -46.655288, -23.604374 ] ] ] } },
{ "type": "Feature", "properties": { "CD_SETOR": "355030832000015", "faces": 4, "pavimentada": 100.0, "bueiro": 100.0, "iluminacao": 100.0, "onibus": 25.0, "ciclovia": 0.0, "calcada": 100.0, "obstaculo": 0.0, "rampa": 100.0, "rampa_faces": 100.0, "sem_calcada": 0.0, "sem_arvore": 0.0, "muitas_arvores": 50.0, "vao": 0.0, "V05400": 4, "V05421": 4, "V05406": 4, "V05412": 4, "V05422": 0, "V05424": 0, "V05427": 4, "V05409": 4, "V05415": 1, "V05418": 0, "V05430": 0, "V05433": 2, "criancas_0a4": 11, "em_favela": false }, "geometry": { "type": "Polygon", "coordinates": [ [ [ -46.656889, -23.604482 ], [ -46.657636, -23.605272 ], [ -46.658494, -23.604584 ], [ -46.657748, -23.603794 ], [ -46.656889, -23.604482 ] ] ] } },
{ "type": "Feature", "properties": { "CD_SETOR": "355030832000017", "faces": 16, "pavimentada": 100.0, "bueiro": 43.75, "iluminacao": 100.0, "onibus": 12.5, "ciclovia": 12.5, "calcada": 100.0, "obstaculo": 6.25, "rampa": 87.5, "rampa_faces": 87.5, "sem_calcada": 0.0, "sem_arvore": 18.75, "muitas_arvores": 37.5, "vao": 12.5, "V05400": 16, "V05421": 16, "V05406": 16, "V05412": 16, "V05422": 0, "V05424": 1, "V05427": 14, "V05409": 7, "V05415": 2, "V05418": 2, "V05430": 3, "V05433": 6, "criancas_0a4": 17, "em_favela": false }, "geometry": { "type": "Polygon", "coordinates": [ [ [ -46.661063, -23.602531 ], [ -46.658494, -23.604584 ], [ -46.659239, -23.60537 ], [ -46.660951, -23.603994 ], [ -46.661694, -23.604794 ], [ -46.662545, -23.604112 ], [ -46.661063, -23.602531 ] ] ] } },
{ "type": "Feature", "properties": { "CD_SETOR": "355030832000029", "faces": 12, "pavimentada": 91.67, "bueiro": 91.67, "iluminacao": 91.67, "onibus": 16.67, "ciclovia": 0.0, "calcada": 91.67, "obstaculo": 27.27, "rampa": 100.0, "rampa_faces": 91.67, "sem_calcada": 0.0, "sem_arvore": 0.0, "muitas_arvores": 33.33, "vao": 0.0, "V05400": 12, "V05421": 11, "V05406": 11, "V05412": 11, "V05422": 0, "V05424": 3, "V05427": 11, "V05409": 11, "V05415": 2, "V05418": 0, "V05430": 0, "V05433": 4, "criancas_0a4": 10, "em_favela": false }, "geometry": { "type": "Polygon", "coordinates": [ [ [ -46.667496, -23.598751 ], [ -46.668986, -23.600333 ], [ -46.669442, -23.599975 ], [ -46.669027, -23.599325 ], [ -46.670102, -23.598797 ], [ -46.668768, -23.598075 ], [ -46.668327, -23.598181 ], [ -46.668292, -23.598121 ], [ -46.667496, -23.598751 ] ] ] } },
{ "type": "Feature", "properties": { "CD_SETOR": "355030832000031", "faces": 8, "pavimentada": 100.0, "bueiro": 100.0, "iluminacao": 100.0, "onibus": 12.5, "ciclovia": 0.0, "calcada": 100.0, "obstaculo": 0.0, "rampa": 100.0, "rampa_faces": 100.0, "sem_calcada": 0.0, "sem_arvore": 0.0, "muitas_arvores": 100.0, "vao": 0.0, "V05400": 8, "V05421": 8, "V05406": 8, "V05412": 8, "V05422": 0, "V05424": 0, "V05427": 8, "V05409": 8, "V05415": 1, "V05418": 0, "V05430": 0, "V05433": 8, "criancas_0a4": 21, "em_favela": false }, "geometry": { "type": "Polygon", "coordinates": [ [ [ -46.66696, -23.593455 ], [ -46.667272, -23.595634 ], [ -46.668411, -23.595498 ], [ -46.668105, -23.593315 ], [ -46.66696, -23.593455 ] ] ] } },
{ "type": "Feature", "properties": { "CD_SETOR": "355030832000032", "faces": 19, "pavimentada": 100.0, "bueiro": 78.95, "iluminacao": 100.0, "onibus": 10.53, "ciclovia": 10.53, "calcada": 100.0, "obstaculo": 10.53, "rampa": 89.47, "rampa_faces": 89.47, "sem_calcada": 0.0, "sem_arvore": 0.0, "muitas_arvores": 100.0, "vao": 10.53, "V05400": 19, "V05421": 19, "V05406": 19, "V05412": 19, "V05422": 0, "V05424": 2, "V05427": 17, "V05409": 15, "V05415": 2, "V05418": 2, "V05430": 0, "V05433": 19, "criancas_0a4": 34, "em_favela": false }, "geometry": { "type": "Polygon", "coordinates": [ [ [ -46.66444, -23.589697 ], [ -46.664769, -23.592118 ], [ -46.666252, -23.591479 ], [ -46.666792, -23.592423 ], [ -46.66696, -23.593455 ], [ -46.668105, -23.593315 ], [ -46.667869, -23.591997 ], [ -46.666664, -23.589964 ], [ -46.665651, -23.590467 ], [ -46.665029, -23.589782 ], [ -46.664774, -23.589678 ], [ -46.66444, -23.589697 ] ] ] } },
{ "type": "Feature", "properties": { "CD_SETOR": "355030832000033", "faces": 39, "pavimentada": 100.0, "bueiro": 79.49, "iluminacao": 100.0, "onibus": 5.13, "ciclovia": 5.13, "calcada": 100.0, "obstaculo": 64.1, "rampa": 33.33, "rampa_faces": 33.33, "sem_calcada": 0.0, "sem_arvore": 5.13, "muitas_arvores": 89.74, "vao": 66.67, "V05400": 39, "V05421": 39, "V05406": 39, "V05412": 39, "V05422": 0, "V05424": 25, "V05427": 13, "V05409": 31, "V05415": 2, "V05418": 2, "V05430": 2, "V05433": 35, "criancas_0a4": 10, "em_favela": false }, "geometry": { "type": "Polygon", "coordinates": [ [ [ -46.664164, -23.587651 ], [ -46.66444, -23.589697 ], [ -46.664774, -23.589678 ], [ -46.665029, -23.589782 ], [ -46.665651, -23.590467 ], [ -46.666664, -23.589964 ], [ -46.666453, -23.589592 ], [ -46.668019, -23.588414 ], [ -46.668591, -23.588143 ], [ -46.667589, -23.585788 ], [ -46.665407, -23.587311 ], [ -46.664657, -23.58761 ], [ -46.664164, -23.587651 ] ] ] } },
{ "type": "Feature", "properties": { "CD_SETOR": "355030832000034", "faces": 35, "pavimentada": 100.0, "bueiro": 97.14, "iluminacao": 100.0, "onibus": 5.71, "ciclovia": 0.0, "calcada": 100.0, "obstaculo": 60.0, "rampa": 100.0, "rampa_faces": 100.0, "sem_calcada": 0.0, "sem_arvore": 2.86, "muitas_arvores": 80.0, "vao": 0.0, "V05400": 35, "V05421": 35, "V05406": 35, "V05412": 35, "V05422": 0, "V05424": 21, "V05427": 35, "V05409": 34, "V05415": 2, "V05418": 0, "V05430": 1, "V05433": 28, "criancas_0a4": 16, "em_favela": false }, "geometry": { "type": "Polygon", "coordinates": [ [ [ -46.663672, -23.584026 ], [ -46.664164, -23.587651 ], [ -46.664657, -23.58761 ], [ -46.665407, -23.587311 ], [ -46.667589, -23.585788 ], [ -46.668591, -23.588143 ], [ -46.669443, -23.587752 ], [ -46.668372, -23.585617 ], [ -46.668266, -23.585504 ], [ -46.668717, -23.585396 ], [ -46.668436, -23.585075 ], [ -46.668015, -23.584053 ], [ -46.666512, -23.583186 ], [ -46.665297, -23.584968 ], [ -46.663672, -23.584026 ] ] ] } },
{ "type": "Feature", "properties": { "CD_SETOR": "355030832000038", "faces": 4, "pavimentada": 100.0, "bueiro": 100.0, "iluminacao": 100.0, "onibus": 25.0, "ciclovia": 0.0, "calcada": 100.0, "obstaculo": 50.0, "rampa": 50.0, "rampa_faces": 50.0, "sem_calcada": 0.0, "sem_arvore": 0.0, "muitas_arvores": 75.0, "vao": 50.0, "V05400": 4, "V05421": 4, "V05406": 4, "V05412": 4, "V05422": 0, "V05424": 2, "V05427": 2, "V05409": 4, "V05415": 1, "V05418": 0, "V05430": 0, "V05433": 3, "criancas_0a4": 8, "em_favela": false }, "geometry": { "type": "Polygon", "coordinates": [ [ [ -46.654325, -23.606541 ], [ -46.655068, -23.60733 ], [ -46.655923, -23.606647 ], [ -46.655175, -23.605856 ], [ -46.654325, -23.606541 ] ] ] } },
{ "type": "Feature", "properties": { "CD_SETOR": "355030832000040", "faces": 4, "pavimentada": 100.0, "bueiro": 100.0, "iluminacao": 100.0, "onibus": 25.0, "ciclovia": 0.0, "calcada": 100.0, "obstaculo": 0.0, "rampa": 100.0, "rampa_faces": 100.0, "sem_calcada": 0.0, "sem_arvore": 0.0, "muitas_arvores": 50.0, "vao": 0.0, "V05400": 4, "V05421": 4, "V05406": 4, "V05412": 4, "V05422": 0, "V05424": 0, "V05427": 4, "V05409": 4, "V05415": 1, "V05418": 0, "V05430": 0, "V05433": 2, "criancas_0a4": 10, "em_favela": false }, "geometry": { "type": "Polygon", "coordinates": [ [ [ -46.656778, -23.605959 ], [ -46.657525, -23.606747 ], [ -46.658381, -23.606059 ], [ -46.657636, -23.605272 ], [ -46.656778, -23.605959 ] ] ] } },
{ "type": "Feature", "properties": { "CD_SETOR": "355030832000052", "faces": 1, "pavimentada": 100.0, "bueiro": 100.0, "iluminacao": 100.0, "onibus": 0.0, "ciclovia": 0.0, "calcada": 100.0, "obstaculo": 0.0, "rampa": 0.0, "rampa_faces": 0.0, "sem_calcada": 0.0, "sem_arvore": 0.0, "muitas_arvores": 0.0, "vao": 100.0, "V05400": 1, "V05421": 1, "V05406": 1, "V05412": 1, "V05422": 0, "V05424": 0, "V05427": 0, "V05409": 1, "V05415": 0, "V05418": 0, "V05430": 0, "V05433": 0, "criancas_0a4": 9, "em_favela": false }, "geometry": { "type": "Polygon", "coordinates": [ [ [ -46.668046, -23.60321 ], [ -46.668537, -23.603731 ], [ -46.668913, -23.603415 ], [ -46.668438, -23.602907 ], [ -46.668046, -23.60321 ] ] ] } },
{ "type": "Feature", "properties": { "CD_SETOR": "355030832000053", "faces": 2, "pavimentada": 100.0, "bueiro": 100.0, "iluminacao": 100.0, "onibus": 50.0, "ciclovia": 50.0, "calcada": 100.0, "obstaculo": 0.0, "rampa": 100.0, "rampa_faces": 100.0, "sem_calcada": 0.0, "sem_arvore": 50.0, "muitas_arvores": 50.0, "vao": 0.0, "V05400": 2, "V05421": 2, "V05406": 2, "V05412": 2, "V05422": 0, "V05424": 0, "V05427": 2, "V05409": 2, "V05415": 1, "V05418": 1, "V05430": 1, "V05433": 1, "criancas_0a4": 9, "em_favela": false }, "geometry": { "type": "Polygon", "coordinates": [ [ [ -46.668537, -23.603731 ], [ -46.668918, -23.604176 ], [ -46.669112, -23.60402 ], [ -46.669152, -23.604065 ], [ -46.669275, -23.603975 ], [ -46.669429, -23.604139 ], [ -46.669523, -23.604064 ], [ -46.668913, -23.603415 ], [ -46.668537, -23.603731 ] ] ] } },
{ "type": "Feature", "properties": { "CD_SETOR": "355030832000055", "faces": 1, "pavimentada": 100.0, "bueiro": 100.0, "iluminacao": 100.0, "onibus": 0.0, "ciclovia": 100.0, "calcada": 100.0, "obstaculo": 0.0, "rampa": 0.0, "rampa_faces": 0.0, "sem_calcada": 0.0, "sem_arvore": 0.0, "muitas_arvores": 100.0, "vao": 100.0, "V05400": 1, "V05421": 1, "V05406": 1, "V05412": 1, "V05422": 0, "V05424": 0, "V05427": 0, "V05409": 1, "V05415": 0, "V05418": 1, "V05430": 0, "V05433": 1, "criancas_0a4": 21, "em_favela": false }, "geometry": { "type": "Polygon", "coordinates": [ [ [ -46.66854, -23.602218 ], [ -46.669343, -23.603019 ], [ -46.669725, -23.602692 ], [ -46.669035, -23.601957 ], [ -46.668705, -23.602219 ], [ -46.668633, -23.602139 ], [ -46.66854, -23.602218 ] ] ] } },
{ "type": "Feature", "properties": { "CD_SETOR": "355030832000056", "faces": 2, "pavimentada": 100.0, "bueiro": 50.0, "iluminacao": 100.0, "onibus": 0.0, "ciclovia": 50.0, "calcada": 100.0, "obstaculo": 50.0, "rampa": 0.0, "rampa_faces": 0.0, "sem_calcada": 0.0, "sem_arvore": 0.0, "muitas_arvores": 50.0, "vao": 100.0, "V05400": 2, "V05421": 2, "V05406": 2, "V05412": 2, "V05422": 0, "V05424": 1, "V05427": 0, "V05409": 1, "V05415": 0, "V05418": 1, "V05430": 0, "V05433": 1, "criancas_0a4": 11, "em_favela": false }, "geometry": { "type": "Polygon", "coordinates": [ [ [ -46.669909, -23.602064 ], [ -46.669594, -23.602553 ], [ -46.670038, -23.603023 ], [ -46.670481, -23.602664 ], [ -46.669909, -23.602064 ] ] ] } },
{ "type": "Feature", "properties": { "CD_SETOR": "355030832000065", "faces": 20, "pavimentada": 100.0, "bueiro": 10.0, "iluminacao": 100.0, "onibus": 0.0, "ciclovia": 0.0, "calcada": 100.0, "obstaculo": 20.0, "rampa": 80.0, "rampa_faces": 80.0, "sem_calcada": 0.0, "sem_arvore": 0.0, "muitas_arvores": 90.0, "vao": 20.0, "V05400": 20, "V05421": 20, "V05406": 20, "V05412": 20, "V05422": 0, "V05424": 4, "V05427": 16, "V05409": 2, "V05415": 0, "V05418": 0, "V05430": 0, "V05433": 18, "criancas_0a4": 9, "em_favela": false }, "geometry": { "type": "Polygon", "coordinates": [ [ [ -46.666664, -23.589964 ], [ -46.667869, -23.591997 ], [ -46.667958, -23.592364 ], [ -46.669086, -23.592228 ], [ -46.668243, -23.590618 ], [ -46.670347, -23.5897 ], [ -46.669635, -23.588471 ], [ -46.666664, -23.589964 ] ] ] } },
{ "type": "Feature", "properties": { "CD_SETOR": "355030832000067", "faces": 37, "pavimentada": 100.0, "bueiro": 97.3, "iluminacao": 100.0, "onibus": 21.62, "ciclovia": 0.0, "calcada": 100.0, "obstaculo": 40.54, "rampa": 91.89, "rampa_faces": 91.89, "sem_calcada": 0.0, "sem_arvore": 8.11, "muitas_arvores": 54.05, "vao": 8.11, "V05400": 37, "V05421": 37, "V05406": 37, "V05412": 37, "V05422": 0, "V05424": 15, "V05427": 34, "V05409": 36, "V05415": 8, "V05418": 0, "V05430": 3, "V05433": 20, "criancas_0a4": 5, "em_favela": false }, "geometry": { "type": "Polygon", "coordinates": [ [ [ -46.663672, -23.584026 ], [ -46.665297, -23.584968 ], [ -46.666512, -23.583186 ], [ -46.668015, -23.584053 ], [ -46.668436, -23.585075 ], [ -46.668717, -23.585396 ], [ -46.670294, -23.585342 ], [ -46.670745, -23.58551 ], [ -46.670782, -23.585477 ], [ -46.670216, -23.58414 ], [ -46.669446, -23.583732 ], [ -46.664042, -23.580583 ], [ -46.663942, -23.580654 ], [ -46.663354, -23.581511 ], [ -46.663672, -23.584026 ] ] ] } },
{ "type": "Feature", "properties": { "CD_SETOR": "355030832000072", "faces": 12, "pavimentada": 100.0, "bueiro": 66.67, "iluminacao": 100.0, "onibus": 16.67, "ciclovia": 0.0, "calcada": 100.0, "obstaculo": 8.33, "rampa": 50.0, "rampa_faces": 50.0, "sem_calcada": 0.0, "sem_arvore": 0.0, "muitas_arvores": 75.0, "vao": 50.0, "V05400": 12, "V05421": 12, "V05406": 12, "V05412": 12, "V05422": 0, "V05424": 1, "V05427": 6, "V05409": 8, "V05415": 2, "V05418": 0, "V05430": 0, "V05433": 9, "criancas_0a4": 19, "em_favela": false }, "geometry": { "type": "Polygon", "coordinates": [ [ [ -46.655923, -23.606647 ], [ -46.653457, -23.60863 ], [ -46.654186, -23.609407 ], [ -46.65667, -23.607433 ], [ -46.655923, -23.606647 ] ] ] } },
{ "type": "Feature", "properties": { "CD_SETOR": "355030832000077", "faces": 4, "pavimentada": 100.0, "bueiro": 100.0, "iluminacao": 100.0, "onibus": 0.0, "ciclovia": 0.0, "calcada": 100.0, "obstaculo": 25.0, "rampa": 100.0, "rampa_faces": 100.0, "sem_calcada": 0.0, "sem_arvore": 0.0, "muitas_arvores": 75.0, "vao": 0.0, "V05400": 4, "V05421": 4, "V05406": 4, "V05412": 4, "V05422": 0, "V05424": 1, "V05427": 4, "V05409": 4, "V05415": 0, "V05418": 0, "V05430": 0, "V05433": 3, "criancas_0a4": 7, "em_favela": false }, "geometry": { "type": "Polygon", "coordinates": [ [ [ -46.660623, -23.608428 ], [ -46.661367, -23.609214 ], [ -46.662227, -23.608534 ], [ -46.661476, -23.607743 ], [ -46.660623, -23.608428 ] ] ] } },
{ "type": "Feature", "properties": { "CD_SETOR": "355030832000082", "faces": 2, "pavimentada": 100.0, "bueiro": 100.0, "iluminacao": 100.0, "onibus": 0.0, "ciclovia": 50.0, "calcada": 100.0, "obstaculo": 0.0, "rampa": 0.0, "rampa_faces": 0.0, "sem_calcada": 0.0, "sem_arvore": 0.0, "muitas_arvores": 50.0, "vao": 100.0, "V05400": 2, "V05421": 2, "V05406": 2, "V05412": 2, "V05422": 0, "V05424": 0, "V05427": 0, "V05409": 2, "V05415": 0, "V05418": 1, "V05430": 0, "V05433": 1, "criancas_0a4": 3, "em_favela": false }, "geometry": { "type": "Polygon", "coordinates": [ [ [ -46.667628, -23.606058 ], [ -46.668099, -23.606599 ], [ -46.668431, -23.606333 ], [ -46.667941, -23.605812 ], [ -46.667628, -23.606058 ] ] ] } },
{ "type": "Feature", "properties": { "CD_SETOR": "355030832000084", "faces": 3, "pavimentada": 100.0, "bueiro": 100.0, "iluminacao": 100.0, "onibus": 0.0, "ciclovia": 33.33, "calcada": 100.0, "obstaculo": 0.0, "rampa": 66.67, "rampa_faces": 66.67, "sem_calcada": 0.0, "sem_arvore": 0.0, "muitas_arvores": 33.33, "vao": 33.33, "V05400": 3, "V05421": 3, "V05406": 3, "V05412": 3, "V05422": 0, "V05424": 0, "V05427": 2, "V05409": 3, "V05415": 0, "V05418": 1, "V05430": 0, "V05433": 1, "criancas_0a4": 13, "em_favela": false }, "geometry": { "type": "Polygon", "coordinates": [ [ [ -46.66622, -23.605319 ], [ -46.66648, -23.605592 ], [ -46.666717, -23.605388 ], [ -46.666867, -23.605557 ], [ -46.667151, -23.605336 ], [ -46.667506, -23.605682 ], [ -46.667685, -23.605539 ], [ -46.666927, -23.604736 ], [ -46.66622, -23.605319 ] ] ] } },
{ "type": "Feature", "properties": { "CD_SETOR": "355030832000086", "faces": 3, "pavimentada": 100.0, "bueiro": 100.0, "iluminacao": 100.0, "onibus": 0.0, "ciclovia": 33.33, "calcada": 100.0, "obstaculo": 66.67, "rampa": 33.33, "rampa_faces": 33.33, "sem_calcada": 0.0, "sem_arvore": 0.0, "muitas_arvores": 33.33, "vao": 66.67, "V05400": 3, "V05421": 3, "V05406": 3, "V05412": 3, "V05422": 0, "V05424": 2, "V05427": 1, "V05409": 3, "V05415": 0, "V05418": 1, "V05430": 0, "V05433": 1, "criancas_0a4": 11, "em_favela": false }, "geometry": { "type": "Polygon", "coordinates": [ [ [ -46.66785, -23.605714 ], [ -46.668431, -23.606333 ], [ -46.669428, -23.605532 ], [ -46.669339, -23.605442 ], [ -46.669202, -23.605556 ], [ -46.669138, -23.605486 ], [ -46.668956, -23.60562 ], [ -46.668766, -23.605435 ], [ -46.668471, -23.605656 ], [ -46.668212, -23.605386 ], [ -46.66785, -23.605714 ] ] ] } },
{ "type": "Feature", "properties": { "CD_SETOR": "355030832000089", "faces": 4, "pavimentada": 100.0, "bueiro": 100.0, "iluminacao": 100.0, "onibus": 0.0, "ciclovia": 75.0, "calcada": 100.0, "obstaculo": 25.0, "rampa": 50.0, "rampa_faces": 50.0, "sem_calcada": 0.0, "sem_arvore": 0.0, "muitas_arvores": 50.0, "vao": 50.0, "V05400": 4, "V05421": 4, "V05406": 4, "V05412": 4, "V05422": 0, "V05424": 1, "V05427": 2, "V05409": 4, "V05415": 0, "V05418": 3, "V05430": 0, "V05433": 2, "criancas_0a4": 11, "em_favela": false }, "geometry": { "type": "Polygon", "coordinates": [ [ [ -46.669523, -23.604064 ], [ -46.670274, -23.604857 ], [ -46.671121, -23.604176 ], [ -46.67038, -23.603385 ], [ -46.669523, -23.604064 ] ] ] } },
{ "type": "Feature", "properties": { "CD_SETOR": "355030832000093", "faces": 7, "pavimentada": 100.0, "bueiro": 0.0, "iluminacao": 100.0, "onibus": 14.29, "ciclovia": 14.29, "calcada": 85.71, "obstaculo": 16.67, "rampa": 33.33, "rampa_faces": 28.57, "sem_calcada": 14.29, "sem_arvore": 28.57, "muitas_arvores": 57.14, "vao": 71.43, "V05400": 7, "V05421": 6, "V05406": 7, "V05412": 7, "V05422": 1, "V05424": 1, "V05427": 2, "V05409": 0, "V05415": 1, "V05418": 1, "V05430": 2, "V05433": 4, "criancas_0a4": 14, "em_favela": false }, "geometry": { "type": "Polygon", "coordinates": [ [ [ -46.671322, -23.601242 ], [ -46.67207, -23.60203 ], [ -46.672915, -23.601352 ], [ -46.672169, -23.600567 ], [ -46.671322, -23.601242 ] ] ] } },
{ "type": "Feature", "properties": { "CD_SETOR": "355030832000097", "faces": 4, "pavimentada": 100.0, "bueiro": 100.0, "iluminacao": 100.0, "onibus": 25.0, "ciclovia": 0.0, "calcada": 100.0, "obstaculo": 50.0, "rampa": 100.0, "rampa_faces": 100.0, "sem_calcada": 0.0, "sem_arvore": 0.0, "muitas_arvores": 50.0, "vao": 0.0, "V05400": 4, "V05421": 4, "V05406": 4, "V05412": 4, "V05422": 0, "V05424": 2, "V05427": 4, "V05409": 4, "V05415": 1, "V05418": 0, "V05430": 0, "V05433": 2, "criancas_0a4": 5, "em_favela": false }, "geometry": { "type": "Polygon", "coordinates": [ [ [ -46.672932, -23.593856 ], [ -46.671631, -23.594027 ], [ -46.67179, -23.595081 ], [ -46.673003, -23.594939 ], [ -46.672932, -23.593856 ] ] ] } },
{ "type": "Feature", "properties": { "CD_SETOR": "355030832000102", "faces": 2, "pavimentada": 100.0, "bueiro": 100.0, "iluminacao": 100.0, "onibus": 0.0, "ciclovia": 0.0, "calcada": 100.0, "obstaculo": 50.0, "rampa": 100.0, "rampa_faces": 100.0, "sem_calcada": 0.0, "sem_arvore": 50.0, "muitas_arvores": 50.0, "vao": 0.0, "V05400": 2, "V05421": 2, "V05406": 2, "V05412": 2, "V05422": 0, "V05424": 1, "V05427": 2, "V05409": 2, "V05415": 0, "V05418": 0, "V05430": 1, "V05433": 1, "criancas_0a4": 23, "em_favela": false }, "geometry": { "type": "Polygon", "coordinates": [ [ [ -46.671769, -23.589654 ], [ -46.671156, -23.589923 ], [ -46.671257, -23.590111 ], [ -46.670949, -23.590262 ], [ -46.671087, -23.590528 ], [ -46.672313, -23.590025 ], [ -46.672065, -23.589192 ], [ -46.67165, -23.589382 ], [ -46.671769, -23.589654 ] ] ] } },
{ "type": "Feature", "properties": { "CD_SETOR": "355030832000117", "faces": 15, "pavimentada": 86.67, "bueiro": 86.67, "iluminacao": 100.0, "onibus": 6.67, "ciclovia": 26.67, "calcada": 100.0, "obstaculo": 53.33, "rampa": 66.67, "rampa_faces": 66.67, "sem_calcada": 0.0, "sem_arvore": 6.67, "muitas_arvores": 46.67, "vao": 20.0, "V05400": 15, "V05421": 15, "V05406": 13, "V05412": 15, "V05422": 0, "V05424": 8, "V05427": 10, "V05409": 13, "V05415": 1, "V05418": 4, "V05430": 1, "V05433": 7, "criancas_0a4": 5, "em_favela": false }, "geometry": { "type": "Polygon", "coordinates": [ [ [ -46.671121, -23.604176 ], [ -46.668431, -23.606333 ], [ -46.669176, -23.607122 ], [ -46.670169, -23.606328 ], [ -46.67092, -23.607118 ], [ -46.671943, -23.606297 ], [ -46.671775, -23.606093 ], [ -46.671954, -23.605943 ], [ -46.671813, -23.605767 ], [ -46.671904, -23.605697 ], [ -46.670992, -23.604755 ], [ -46.671186, -23.604611 ], [ -46.671043, -23.604418 ], [ -46.671207, -23.604269 ], [ -46.671121, -23.604176 ] ] ] } },
{ "type": "Feature", "properties": { "CD_SETOR": "355030832000120", "faces": 7, "pavimentada": 100.0, "bueiro": 85.71, "iluminacao": 100.0, "onibus": 42.86, "ciclovia": 14.29, "calcada": 100.0, "obstaculo": 42.86, "rampa": 42.86, "rampa_faces": 42.86, "sem_calcada": 0.0, "sem_arvore": 71.43, "muitas_arvores": 14.29, "vao": 57.14, "V05400": 7, "V05421": 7, "V05406": 7, "V05412": 7, "V05422": 0, "V05424": 3, "V05427": 3, "V05409": 6, "V05415": 3, "V05418": 1, "V05430": 5, "V05433": 1, "criancas_0a4": 13, "em_favela": false }, "geometry": { "type": "Polygon", "coordinates": [ [ [ -46.674055, -23.601832 ], [ -46.67304, -23.602644 ], [ -46.673309, -23.602918 ], [ -46.673533, -23.602742 ], [ -46.674413, -23.60369 ], [ -46.674279, -23.603787 ], [ -46.674438, -23.603959 ], [ -46.674292, -23.604066 ], [ -46.674481, -23.604283 ], [ -46.67481, -23.604028 ], [ -46.67484, -23.603958 ], [ -46.674141, -23.601865 ], [ -46.674055, -23.601832 ] ] ] } },
{ "type": "Feature", "properties": { "CD_SETOR": "355030832000122", "faces": 2, "pavimentada": 100.0, "bueiro": 0.0, "iluminacao": 100.0, "onibus": 50.0, "ciclovia": 50.0, "calcada": 100.0, "obstaculo": 0.0, "rampa": 100.0, "rampa_faces": 100.0, "sem_calcada": 0.0, "sem_arvore": 0.0, "muitas_arvores": 50.0, "vao": 0.0, "V05400": 2, "V05421": 2, "V05406": 2, "V05412": 2, "V05422": 0, "V05424": 0, "V05427": 2, "V05409": 0, "V05415": 1, "V05418": 1, "V05430": 0, "V05433": 1, "criancas_0a4": 4, "em_favela": false }, "geometry": { "type": "Polygon", "coordinates": [ [ [ -46.67207, -23.60203 ], [ -46.672722, -23.602724 ], [ -46.672942, -23.602531 ], [ -46.672767, -23.602334 ], [ -46.672973, -23.602162 ], [ -46.67287, -23.602033 ], [ -46.673071, -23.601851 ], [ -46.672749, -23.601485 ], [ -46.67207, -23.60203 ] ] ] } },
{ "type": "Feature", "properties": { "CD_SETOR": "355030832000125", "faces": 4, "pavimentada": 100.0, "bueiro": 100.0, "iluminacao": 100.0, "onibus": 0.0, "ciclovia": 0.0, "calcada": 100.0, "obstaculo": 0.0, "rampa": 75.0, "rampa_faces": 75.0, "sem_calcada": 0.0, "sem_arvore": 0.0, "muitas_arvores": 75.0, "vao": 25.0, "V05400": 4, "V05421": 4, "V05406": 4, "V05412": 4, "V05422": 0, "V05424": 0, "V05427": 3, "V05409": 4, "V05415": 0, "V05418": 0, "V05430": 0, "V05433": 3, "criancas_0a4": 7, "em_favela": false }, "geometry": { "type": "Polygon", "coordinates": [ [ [ -46.661143, -23.612175 ], [ -46.661894, -23.612964 ], [ -46.662747, -23.612275 ], [ -46.662003, -23.611487 ], [ -46.661143, -23.612175 ] ] ] } },
{ "type": "Feature", "properties": { "CD_SETOR": "355030832000137", "faces": 48, "pavimentada": 100.0, "bueiro": 95.83, "iluminacao": 100.0, "onibus": 16.67, "ciclovia": 10.42, "calcada": 100.0, "obstaculo": 47.92, "rampa": 41.67, "rampa_faces": 41.67, "sem_calcada": 0.0, "sem_arvore": 20.83, "muitas_arvores": 25.0, "vao": 58.33, "V05400": 48, "V05421": 48, "V05406": 48, "V05412": 48, "V05422": 0, "V05424": 23, "V05427": 20, "V05409": 46, "V05415": 8, "V05418": 5, "V05430": 10, "V05433": 12, "criancas_0a4": 9, "em_favela": false }, "geometry": { "type": "Polygon", "coordinates": [ [ [ -46.660168, -23.615749 ], [ -46.661687, -23.617398 ], [ -46.663867, -23.616353 ], [ -46.666112, -23.615857 ], [ -46.664245, -23.613861 ], [ -46.663387, -23.614548 ], [ -46.662636, -23.613755 ], [ -46.660168, -23.615749 ] ] ] } },
{ "type": "Feature", "properties": { "CD_SETOR": "355030832000138", "faces": 4, "pavimentada": 100.0, "bueiro": 100.0, "iluminacao": 100.0, "onibus": 25.0, "ciclovia": 0.0, "calcada": 100.0, "obstaculo": 0.0, "rampa": 100.0, "rampa_faces": 100.0, "sem_calcada": 0.0, "sem_arvore": 0.0, "muitas_arvores": 50.0, "vao": 0.0, "V05400": 4, "V05421": 4, "V05406": 4, "V05412": 4, "V05422": 0, "V05424": 0, "V05427": 4, "V05409": 4, "V05415": 1, "V05418": 0, "V05430": 0, "V05433": 2, "criancas_0a4": 15, "em_favela": false }, "geometry": { "type": "Polygon", "coordinates": [ [ [ -46.66938, -23.5943 ], [ -46.668261, -23.594441 ], [ -46.668411, -23.595498 ], [ -46.669533, -23.59536 ], [ -46.66938, -23.5943 ] ] ] } },
{ "type": "Feature", "properties": { "CD_SETOR": "355030832000141", "faces": 3, "pavimentada": 100.0, "bueiro": 100.0, "iluminacao": 100.0, "onibus": 33.33, "ciclovia": 66.67, "calcada": 100.0, "obstaculo": 0.0, "rampa": 66.67, "rampa_faces": 66.67, "sem_calcada": 0.0, "sem_arvore": 0.0, "muitas_arvores": 0.0, "vao": 33.33, "V05400": 3, "V05421": 3, "V05406": 3, "V05412": 3, "V05422": 0, "V05424": 0, "V05427": 2, "V05409": 3, "V05415": 1, "V05418": 2, "V05430": 0, "V05433": 0, "criancas_0a4": 3, "em_favela": false }, "geometry": { "type": "Polygon", "coordinates": [ [ [ -46.660846, -23.605473 ], [ -46.661379, -23.606045 ], [ -46.661766, -23.605708 ], [ -46.661239, -23.605158 ], [ -46.660846, -23.605473 ] ] ] } },
{ "type": "Feature", "properties": { "CD_SETOR": "355030832000142", "faces": 3, "pavimentada": 100.0, "bueiro": 33.33, "iluminacao": 100.0, "onibus": 0.0, "ciclovia": 33.33, "calcada": 100.0, "obstaculo": 0.0, "rampa": 100.0, "rampa_faces": 100.0, "sem_calcada": 0.0, "sem_arvore": 0.0, "muitas_arvores": 0.0, "vao": 0.0, "V05400": 3, "V05421": 3, "V05406": 3, "V05412": 3, "V05422": 0, "V05424": 0, "V05427": 3, "V05409": 1, "V05415": 0, "V05418": 1, "V05430": 0, "V05433": 0, "criancas_0a4": 0, "em_favela": false }, "geometry": { "type": "Polygon", "coordinates": [ [ [ -46.661814, -23.606512 ], [ -46.66233, -23.607056 ], [ -46.662751, -23.60672 ], [ -46.662253, -23.60618 ], [ -46.661814, -23.606512 ] ] ] } },
{ "type": "Feature", "properties": { "CD_SETOR": "355030832000143", "faces": 1, "pavimentada": 100.0, "bueiro": 100.0, "iluminacao": 100.0, "onibus": 0.0, "ciclovia": 0.0, "calcada": 100.0, "obstaculo": 0.0, "rampa": 0.0, "rampa_faces": 0.0, "sem_calcada": 0.0, "sem_arvore": 0.0, "muitas_arvores": 0.0, "vao": 100.0, "V05400": 1, "V05421": 1, "V05406": 1, "V05412": 1, "V05422": 0, "V05424": 0, "V05427": 0, "V05409": 1, "V05415": 0, "V05418": 0, "V05430": 0, "V05433": 0, "criancas_0a4": 23, "em_favela": false }, "geometry": { "type": "Polygon", "coordinates": [ [ [ -46.662874, -23.605849 ], [ -46.66327, -23.606303 ], [ -46.6635, -23.606116 ], [ -46.663112, -23.605653 ], [ -46.662874, -23.605849 ] ] ] } },
{ "type": "Feature", "properties": { "CD_SETOR": "355030832000144", "faces": 1, "pavimentada": 100.0, "bueiro": 100.0, "iluminacao": 100.0, "onibus": 0.0, "ciclovia": 0.0, "calcada": 100.0, "obstaculo": 0.0, "rampa": 0.0, "rampa_faces": 0.0, "sem_calcada": 0.0, "sem_arvore": 0.0, "muitas_arvores": 0.0, "vao": 100.0, "V05400": 1, "V05421": 1, "V05406": 1, "V05412": 1, "V05422": 0, "V05424": 0, "V05427": 0, "V05409": 1, "V05415": 0, "V05418": 0, "V05430": 0, "V05433": 0, "criancas_0a4": 22, "em_favela": false }, "geometry": { "type": "Polygon", "coordinates": [ [ [ -46.662609, -23.605572 ], [ -46.662874, -23.605849 ], [ -46.663112, -23.605653 ], [ -46.6635, -23.606116 ], [ -46.663606, -23.60603 ], [ -46.662971, -23.605309 ], [ -46.662609, -23.605572 ] ] ] } },
{ "type": "Feature", "properties": { "CD_SETOR": "355030832000146", "faces": 1, "pavimentada": 100.0, "bueiro": 100.0, "iluminacao": 100.0, "onibus": 0.0, "ciclovia": 100.0, "calcada": 100.0, "obstaculo": 0.0, "rampa": 0.0, "rampa_faces": 0.0, "sem_calcada": 0.0, "sem_arvore": 0.0, "muitas_arvores": 100.0, "vao": 100.0, "V05400": 1, "V05421": 1, "V05406": 1, "V05412": 1, "V05422": 0, "V05424": 0, "V05427": 0, "V05409": 1, "V05415": 0, "V05418": 1, "V05430": 0, "V05433": 1, "criancas_0a4": 0, "em_favela": false }, "geometry": { "type": "Polygon", "coordinates": [ [ [ -46.662785, -23.613322 ], [ -46.662938, -23.613514 ], [ -46.66336, -23.613177 ], [ -46.663196, -23.612997 ], [ -46.662785, -23.613322 ] ] ] } },
{ "type": "Feature", "properties": { "CD_SETOR": "355030832000151", "faces": 1, "pavimentada": 100.0, "bueiro": 100.0, "iluminacao": 100.0, "onibus": 0.0, "ciclovia": 0.0, "calcada": 100.0, "obstaculo": 0.0, "rampa": 0.0, "rampa_faces": 0.0, "sem_calcada": 0.0, "sem_arvore": 0.0, "muitas_arvores": 100.0, "vao": 100.0, "V05400": 1, "V05421": 1, "V05406": 1, "V05412": 1, "V05422": 0, "V05424": 0, "V05427": 0, "V05409": 1, "V05415": 0, "V05418": 0, "V05430": 0, "V05433": 1, "criancas_0a4": 9, "em_favela": false }, "geometry": { "type": "Polygon", "coordinates": [ [ [ -46.668438, -23.602907 ], [ -46.669043, -23.603552 ], [ -46.6695, -23.603187 ], [ -46.668876, -23.602553 ], [ -46.668438, -23.602907 ] ] ] } },
{ "type": "Feature", "properties": { "CD_SETOR": "355030832000152", "faces": 4, "pavimentada": 100.0, "bueiro": 100.0, "iluminacao": 100.0, "onibus": 25.0, "ciclovia": 0.0, "calcada": 100.0, "obstaculo": 50.0, "rampa": 100.0, "rampa_faces": 100.0, "sem_calcada": 0.0, "sem_arvore": 25.0, "muitas_arvores": 25.0, "vao": 0.0, "V05400": 4, "V05421": 4, "V05406": 4, "V05412": 4, "V05422": 0, "V05424": 2, "V05427": 4, "V05409": 4, "V05415": 1, "V05418": 0, "V05430": 1, "V05433": 1, "criancas_0a4": 0, "em_favela": false }, "geometry": { "type": "Polygon", "coordinates": [ [ [ -46.664099, -23.605641 ], [ -46.664844, -23.606427 ], [ -46.665935, -23.605549 ], [ -46.665188, -23.604762 ], [ -46.664099, -23.605641 ] ] ] } },
{ "type": "Feature", "properties": { "CD_SETOR": "355030832000153", "faces": 24, "pavimentada": 100.0, "bueiro": 66.67, "iluminacao": 100.0, "onibus": 4.17, "ciclovia": 20.83, "calcada": 100.0, "obstaculo": 75.0, "rampa": 29.17, "rampa_faces": 29.17, "sem_calcada": 0.0, "sem_arvore": 20.83, "muitas_arvores": 45.83, "vao": 70.83, "V05400": 24, "V05421": 24, "V05406": 24, "V05412": 24, "V05422": 0, "V05424": 18, "V05427": 7, "V05409": 16, "V05415": 1, "V05418": 5, "V05430": 5, "V05433": 11, "criancas_0a4": 0, "em_favela": false }, "geometry": { "type": "Polygon", "coordinates": [ [ [ -46.675111, -23.605159 ], [ -46.673366, -23.606553 ], [ -46.675904, -23.609235 ], [ -46.67663, -23.608563 ], [ -46.675269, -23.605129 ], [ -46.675111, -23.605159 ] ] ] } },
{ "type": "Feature", "properties": { "CD_SETOR": "355030832000154", "faces": 1, "pavimentada": 100.0, "bueiro": 100.0, "iluminacao": 100.0, "onibus": 0.0, "ciclovia": 100.0, "calcada": 100.0, "obstaculo": 0.0, "rampa": 0.0, "rampa_faces": 0.0, "sem_calcada": 0.0, "sem_arvore": 0.0, "muitas_arvores": 0.0, "vao": 100.0, "V05400": 1, "V05421": 1, "V05406": 1, "V05412": 1, "V05422": 0, "V05424": 0, "V05427": 0, "V05409": 1, "V05415": 0, "V05418": 1, "V05430": 0, "V05433": 0, "criancas_0a4": 4, "em_favela": false }, "geometry": { "type": "Polygon", "coordinates": [ [ [ -46.669343, -23.603019 ], [ -46.669642, -23.603341 ], [ -46.670038, -23.603023 ], [ -46.669725, -23.602692 ], [ -46.669343, -23.603019 ] ] ] } },
{ "type": "Feature", "properties": { "CD_SETOR": "355030832000155", "faces": 6, "pavimentada": 100.0, "bueiro": 100.0, "iluminacao": 100.0, "onibus": 16.67, "ciclovia": 50.0, "calcada": 100.0, "obstaculo": 50.0, "rampa": 50.0, "rampa_faces": 50.0, "sem_calcada": 0.0, "sem_arvore": 0.0, "muitas_arvores": 66.67, "vao": 50.0, "V05400": 6, "V05421": 6, "V05406": 6, "V05412": 6, "V05422": 0, "V05424": 3, "V05427": 3, "V05409": 6, "V05415": 1, "V05418": 3, "V05430": 0, "V05433": 4, "criancas_0a4": 13, "em_favela": false }, "geometry": { "type": "Polygon", "coordinates": [ [ [ -46.671968, -23.603504 ], [ -46.671121, -23.604176 ], [ -46.671207, -23.604269 ], [ -46.671043, -23.604418 ], [ -46.671186, -23.604611 ], [ -46.670992, -23.604755 ], [ -46.671904, -23.605697 ], [ -46.671813, -23.605767 ], [ -46.671954, -23.605943 ], [ -46.671775, -23.606093 ], [ -46.671943, -23.606297 ], [ -46.672617, -23.605764 ], [ -46.671955, -23.605067 ], [ -46.672815, -23.604405 ], [ -46.671968, -23.603504 ] ] ] } },
{ "type": "Feature", "properties": { "CD_SETOR": "355030832000156", "faces": 1, "pavimentada": 100.0, "bueiro": 100.0, "iluminacao": 100.0, "onibus": 0.0, "ciclovia": 0.0, "calcada": 100.0, "obstaculo": 0.0, "rampa": 0.0, "rampa_faces": 0.0, "sem_calcada": 0.0, "sem_arvore": 0.0, "muitas_arvores": 0.0, "vao": 100.0, "V05400": 1, "V05421": 1, "V05406": 1, "V05412": 1, "V05422": 0, "V05424": 0, "V05427": 0, "V05409": 1, "V05415": 0, "V05418": 0, "V05430": 0, "V05433": 0, "criancas_0a4": 0, "em_favela": false }, "geometry": { "type": "Polygon", "coordinates": [ [ [ -46.673777, -23.603842 ], [ -46.673959, -23.604032 ], [ -46.674413, -23.60369 ], [ -46.674224, -23.603476 ], [ -46.673777, -23.603842 ] ] ] } },
{ "type": "Feature", "properties": { "CD_SETOR": "355030832000158", "faces": 2, "pavimentada": 100.0, "bueiro": 0.0, "iluminacao": 100.0, "onibus": 0.0, "ciclovia": 0.0, "calcada": 100.0, "obstaculo": 50.0, "rampa": 0.0, "rampa_faces": 0.0, "sem_calcada": 0.0, "sem_arvore": 0.0, "muitas_arvores": 0.0, "vao": 100.0, "V05400": 2, "V05421": 2, "V05406": 2, "V05412": 2, "V05422": 0, "V05424": 1, "V05427": 0, "V05409": 0, "V05415": 0, "V05418": 0, "V05430": 0, "V05433": 0, "criancas_0a4": 9, "em_favela": false }, "geometry": { "type": "Polygon", "coordinates": [ [ [ -46.669505, -23.596369 ], [ -46.669899, -23.596356 ], [ -46.669859, -23.596045 ], [ -46.669489, -23.596059 ], [ -46.669505, -23.596369 ] ] ] } },
{ "type": "Feature", "properties": { "CD_SETOR": "355030832000159", "faces": 8, "pavimentada": 100.0, "bueiro": 0.0, "iluminacao": 100.0, "onibus": 0.0, "ciclovia": 0.0, "calcada": 100.0, "obstaculo": 75.0, "rampa": 37.5, "rampa_faces": 37.5, "sem_calcada": 0.0, "sem_arvore": 0.0, "muitas_arvores": 62.5, "vao": 62.5, "V05400": 8, "V05421": 8, "V05406": 8, "V05412": 8, "V05422": 0, "V05424": 6, "V05427": 3, "V05409": 0, "V05415": 0, "V05418": 0, "V05430": 0, "V05433": 5, "criancas_0a4": 7, "em_favela": false }, "geometry": { "type": "Polygon", "coordinates": [ [ [ -46.654186, -23.609407 ], [ -46.654974, -23.610242 ], [ -46.655121, -23.610064 ], [ -46.656559, -23.608906 ], [ -46.655812, -23.608118 ], [ -46.654186, -23.609407 ] ] ] } },
{ "type": "Feature", "properties": { "CD_SETOR": "355030832000160", "faces": 4, "pavimentada": 100.0, "bueiro": 50.0, "iluminacao": 100.0, "onibus": 0.0, "ciclovia": 0.0, "calcada": 100.0, "obstaculo": 50.0, "rampa": 0.0, "rampa_faces": 0.0, "sem_calcada": 0.0, "sem_arvore": 25.0, "muitas_arvores": 50.0, "vao": 100.0, "V05400": 4, "V05421": 4, "V05406": 4, "V05412": 4, "V05422": 0, "V05424": 2, "V05427": 0, "V05409": 2, "V05415": 0, "V05418": 0, "V05430": 1, "V05433": 2, "criancas_0a4": 12, "em_favela": false }, "geometry": { "type": "Polygon", "coordinates": [ [ [ -46.67101, -23.599313 ], [ -46.671428, -23.599776 ], [ -46.672092, -23.599236 ], [ -46.671835, -23.598955 ], [ -46.671607, -23.599121 ], [ -46.671347, -23.598861 ], [ -46.67101, -23.599313 ] ] ] } },
{ "type": "Feature", "properties": { "CD_SETOR": "355030832000162", "faces": 4, "pavimentada": 100.0, "bueiro": 50.0, "iluminacao": 100.0, "onibus": 0.0, "ciclovia": 0.0, "calcada": 100.0, "obstaculo": 50.0, "rampa": 100.0, "rampa_faces": 100.0, "sem_calcada": 0.0, "sem_arvore": 25.0, "muitas_arvores": 75.0, "vao": 0.0, "V05400": 4, "V05421": 4, "V05406": 4, "V05412": 4, "V05422": 0, "V05424": 2, "V05427": 4, "V05409": 2, "V05415": 0, "V05418": 0, "V05430": 1, "V05433": 3, "criancas_0a4": 16, "em_favela": false }, "geometry": { "type": "Polygon", "coordinates": [ [ [ -46.669635, -23.588471 ], [ -46.669936, -23.588985 ], [ -46.671029, -23.588462 ], [ -46.671059, -23.588515 ], [ -46.671782, -23.588227 ], [ -46.671562, -23.587542 ], [ -46.669635, -23.588471 ] ] ] } },
{ "type": "Feature", "properties": { "CD_SETOR": "355030832000165", "faces": 3, "pavimentada": 100.0, "bueiro": 100.0, "iluminacao": 100.0, "onibus": 66.67, "ciclovia": 33.33, "calcada": 100.0, "obstaculo": 66.67, "rampa": 0.0, "rampa_faces": 0.0, "sem_calcada": 0.0, "sem_arvore": 0.0, "muitas_arvores": 100.0, "vao": 100.0, "V05400": 3, "V05421": 3, "V05406": 3, "V05412": 3, "V05422": 0, "V05424": 2, "V05427": 0, "V05409": 3, "V05415": 2, "V05418": 1, "V05430": 0, "V05433": 3, "criancas_0a4": 14, "em_favela": false }, "geometry": { "type": "Polygon", "coordinates": [ [ [ -46.664846, -23.597532 ], [ -46.66591, -23.598634 ], [ -46.666833, -23.597899 ], [ -46.666977, -23.597628 ], [ -46.666954, -23.597453 ], [ -46.665741, -23.597547 ], [ -46.665301, -23.597515 ], [ -46.665025, -23.597413 ], [ -46.664846, -23.597532 ] ] ] } },
{ "type": "Feature", "properties": { "CD_SETOR": "355030832000170", "faces": 4, "pavimentada": 100.0, "bueiro": 100.0, "iluminacao": 100.0, "onibus": 25.0, "ciclovia": 0.0, "calcada": 100.0, "obstaculo": 0.0, "rampa": 100.0, "rampa_faces": 100.0, "sem_calcada": 0.0, "sem_arvore": 0.0, "muitas_arvores": 0.0, "vao": 0.0, "V05400": 4, "V05421": 4, "V05406": 4, "V05412": 4, "V05422": 0, "V05424": 0, "V05427": 4, "V05409": 4, "V05415": 1, "V05418": 0, "V05430": 0, "V05433": 0, "criancas_0a4": 14, "em_favela": false }, "geometry": { "type": "Polygon", "coordinates": [ [ [ -46.656037, -23.605169 ], [ -46.656778, -23.605959 ], [ -46.657636, -23.605272 ], [ -46.656889, -23.604482 ], [ -46.656037, -23.605169 ] ] ] } },
{ "type": "Feature", "properties": { "CD_SETOR": "355030832000171", "faces": 4, "pavimentada": 100.0, "bueiro": 75.0, "iluminacao": 100.0, "onibus": 0.0, "ciclovia": 25.0, "calcada": 100.0, "obstaculo": 25.0, "rampa": 100.0, "rampa_faces": 100.0, "sem_calcada": 0.0, "sem_arvore": 0.0, "muitas_arvores": 75.0, "vao": 0.0, "V05400": 4, "V05421": 4, "V05406": 4, "V05412": 4, "V05422": 0, "V05424": 1, "V05427": 4, "V05409": 3, "V05415": 0, "V05418": 1, "V05430": 0, "V05433": 3, "criancas_0a4": 29, "em_favela": false }, "geometry": { "type": "Polygon", "coordinates": [ [ [ -46.660097, -23.604684 ], [ -46.660846, -23.605473 ], [ -46.661694, -23.604794 ], [ -46.660951, -23.603994 ], [ -46.660097, -23.604684 ] ] ] } },
{ "type": "Feature", "properties": { "CD_SETOR": "355030832000172", "faces": 2, "pavimentada": 100.0, "bueiro": 100.0, "iluminacao": 100.0, "onibus": 0.0, "ciclovia": 0.0, "calcada": 100.0, "obstaculo": 0.0, "rampa": 100.0, "rampa_faces": 100.0, "sem_calcada": 0.0, "sem_arvore": 50.0, "muitas_arvores": 50.0, "vao": 0.0, "V05400": 2, "V05421": 2, "V05406": 2, "V05412": 2, "V05422": 0, "V05424": 0, "V05427": 2, "V05409": 2, "V05415": 0, "V05418": 0, "V05430": 1, "V05433": 1, "criancas_0a4": 0, "em_favela": false }, "geometry": { "type": "Polygon", "coordinates": [ [ [ -46.660726, -23.602171 ], [ -46.660316, -23.601735 ], [ -46.659933, -23.60204 ], [ -46.660325, -23.602487 ], [ -46.660726, -23.602171 ] ] ] } },
{ "type": "Feature", "properties": { "CD_SETOR": "355030832000173", "faces": 4, "pavimentada": 100.0, "bueiro": 50.0, "iluminacao": 100.0, "onibus": 25.0, "ciclovia": 0.0, "calcada": 100.0, "obstaculo": 50.0, "rampa": 75.0, "rampa_faces": 75.0, "sem_calcada": 0.0, "sem_arvore": 0.0, "muitas_arvores": 50.0, "vao": 25.0, "V05400": 4, "V05421": 4, "V05406": 4, "V05412": 4, "V05422": 0, "V05424": 2, "V05427": 3, "V05409": 2, "V05415": 1, "V05418": 0, "V05430": 0, "V05433": 2, "criancas_0a4": 3, "em_favela": false }, "geometry": { "type": "Polygon", "coordinates": [ [ [ -46.667388, -23.596601 ], [ -46.667839, -23.597379 ], [ -46.668236, -23.597421 ], [ -46.668349, -23.59647 ], [ -46.667388, -23.596601 ] ] ] } },
{ "type": "Feature", "properties": { "CD_SETOR": "355030832000174", "faces": 4, "pavimentada": 100.0, "bueiro": 50.0, "iluminacao": 100.0, "onibus": 25.0, "ciclovia": 0.0, "calcada": 100.0, "obstaculo": 50.0, "rampa": 50.0, "rampa_faces": 50.0, "sem_calcada": 0.0, "sem_arvore": 0.0, "muitas_arvores": 50.0, "vao": 50.0, "V05400": 4, "V05421": 4, "V05406": 4, "V05412": 4, "V05422": 0, "V05424": 2, "V05427": 2, "V05409": 2, "V05415": 1, "V05418": 0, "V05430": 0, "V05433": 2, "criancas_0a4": 35, "em_favela": false }, "geometry": { "type": "Polygon", "coordinates": [ [ [ -46.66822, -23.59552 ], [ -46.666839, -23.595689 ], [ -46.667388, -23.596601 ], [ -46.668349, -23.59647 ], [ -46.66822, -23.59552 ] ] ] } },
{ "type": "Feature", "properties": { "CD_SETOR": "355030832000176", "faces": 20, "pavimentada": 100.0, "bueiro": 100.0, "iluminacao": 100.0, "onibus": 20.0, "ciclovia": 15.0, "calcada": 100.0, "obstaculo": 45.0, "rampa": 30.0, "rampa_faces": 30.0, "sem_calcada": 0.0, "sem_arvore": 10.0, "muitas_arvores": 15.0, "vao": 70.0, "V05400": 20, "V05421": 20, "V05406": 20, "V05412": 20, "V05422": 0, "V05424": 9, "V05427": 6, "V05409": 20, "V05415": 4, "V05418": 3, "V05430": 2, "V05433": 3, "criancas_0a4": 6, "em_favela": false }, "geometry": { "type": "Polygon", "coordinates": [ [ [ -46.668431, -23.606333 ], [ -46.666318, -23.608017 ], [ -46.667061, -23.608814 ], [ -46.668172, -23.607926 ], [ -46.668914, -23.60872 ], [ -46.67092, -23.607118 ], [ -46.670169, -23.606328 ], [ -46.669176, -23.607122 ], [ -46.668431, -23.606333 ] ] ] } },
{ "type": "Feature", "properties": { "CD_SETOR": "355030832000177", "faces": 32, "pavimentada": 100.0, "bueiro": 50.0, "iluminacao": 100.0, "onibus": 9.38, "ciclovia": 0.0, "calcada": 96.88, "obstaculo": 58.06, "rampa": 29.03, "rampa_faces": 28.12, "sem_calcada": 3.12, "sem_arvore": 6.25, "muitas_arvores": 56.25, "vao": 71.88, "V05400": 32, "V05421": 31, "V05406": 32, "V05412": 32, "V05422": 1, "V05424": 18, "V05427": 9, "V05409": 16, "V05415": 3, "V05418": 0, "V05430": 2, "V05433": 18, "criancas_0a4": 12, "em_favela": false }, "geometry": { "type": "Polygon", "coordinates": [ [ [ -46.668557, -23.610395 ], [ -46.670938, -23.612924 ], [ -46.672289, -23.612293 ], [ -46.669666, -23.609512 ], [ -46.668557, -23.610395 ] ] ] } },
{ "type": "Feature", "properties": { "CD_SETOR": "355030832000178", "faces": 2, "pavimentada": 100.0, "bueiro": 100.0, "iluminacao": 100.0, "onibus": 50.0, "ciclovia": 0.0, "calcada": 100.0, "obstaculo": 0.0, "rampa": 100.0, "rampa_faces": 100.0, "sem_calcada": 0.0, "sem_arvore": 0.0, "muitas_arvores": 100.0, "vao": 0.0, "V05400": 2, "V05421": 2, "V05406": 2, "V05412": 2, "V05422": 0, "V05424": 0, "V05427": 2, "V05409": 2, "V05415": 1, "V05418": 0, "V05430": 0, "V05433": 2, "criancas_0a4": 24, "em_favela": false }, "geometry": { "type": "Polygon", "coordinates": [ [ [ -46.670656, -23.595223 ], [ -46.670732, -23.595718 ], [ -46.671501, -23.595631 ], [ -46.67146, -23.595121 ], [ -46.670656, -23.595223 ] ] ] } },
{ "type": "Feature", "properties": { "CD_SETOR": "355030832000179", "faces": 1, "pavimentada": 100.0, "bueiro": 100.0, "iluminacao": 100.0, "onibus": 0.0, "ciclovia": 0.0, "calcada": 100.0, "obstaculo": 0.0, "rampa": 0.0, "rampa_faces": 0.0, "sem_calcada": 0.0, "sem_arvore": 0.0, "muitas_arvores": 100.0, "vao": 100.0, "V05400": 1, "V05421": 1, "V05406": 1, "V05412": 1, "V05422": 0, "V05424": 0, "V05427": 0, "V05409": 1, "V05415": 0, "V05418": 0, "V05430": 0, "V05433": 1, "criancas_0a4": 0, "em_favela": false }, "geometry": { "type": "Polygon", "coordinates": [ [ [ -46.671386, -23.59736 ], [ -46.671415, -23.597745 ], [ -46.671853, -23.597648 ], [ -46.671812, -23.597485 ], [ -46.672479, -23.597328 ], [ -46.672418, -23.59711 ], [ -46.671386, -23.59736 ] ] ] } },
{ "type": "Feature", "properties": { "CD_SETOR": "355030832000180", "faces": 17, "pavimentada": 100.0, "bueiro": 52.94, "iluminacao": 100.0, "onibus": 0.0, "ciclovia": 0.0, "calcada": 100.0, "obstaculo": 52.94, "rampa": 41.18, "rampa_faces": 41.18, "sem_calcada": 0.0, "sem_arvore": 23.53, "muitas_arvores": 41.18, "vao": 58.82, "V05400": 17, "V05421": 17, "V05406": 17, "V05412": 17, "V05422": 0, "V05424": 9, "V05427": 7, "V05409": 9, "V05415": 0, "V05418": 0, "V05430": 4, "V05433": 7, "criancas_0a4": 28, "em_favela": false }, "geometry": { "type": "Polygon", "coordinates": [ [ [ -46.673003, -23.594939 ], [ -46.67146, -23.595121 ], [ -46.671501, -23.595631 ], [ -46.671238, -23.595659 ], [ -46.671303, -23.596293 ], [ -46.671407, -23.59659 ], [ -46.67106, -23.596675 ], [ -46.671358, -23.597204 ], [ -46.671386, -23.59736 ], [ -46.672418, -23.59711 ], [ -46.672479, -23.597328 ], [ -46.671812, -23.597485 ], [ -46.671853, -23.597648 ], [ -46.671415, -23.597745 ], [ -46.671427, -23.597889 ], [ -46.673741, -23.59733 ], [ -46.673901, -23.597374 ], [ -46.673231, -23.595891 ], [ -46.673003, -23.594939 ] ] ] } },
{ "type": "Feature", "properties": { "CD_SETOR": "355030832000181", "faces": 2, "pavimentada": 100.0, "bueiro": 0.0, "iluminacao": 100.0, "onibus": 0.0, "ciclovia": 0.0, "calcada": 100.0, "obstaculo": 50.0, "rampa": 50.0, "rampa_faces": 50.0, "sem_calcada": 0.0, "sem_arvore": 0.0, "muitas_arvores": 50.0, "vao": 50.0, "V05400": 2, "V05421": 2, "V05406": 2, "V05412": 2, "V05422": 0, "V05424": 1, "V05427": 1, "V05409": 0, "V05415": 0, "V05418": 0, "V05430": 0, "V05433": 1, "criancas_0a4": 9, "em_favela": false }, "geometry": { "type": "Polygon", "coordinates": [ [ [ -46.670732, -23.595718 ], [ -46.670804, -23.59619 ], [ -46.67106, -23.596675 ], [ -46.671407, -23.59659 ], [ -46.671303, -23.596293 ], [ -46.671238, -23.595659 ], [ -46.670732, -23.595718 ] ] ] } },
{ "type": "Feature", "properties": { "CD_SETOR": "355030832000182", "faces": 4, "pavimentada": 100.0, "bueiro": 100.0, "iluminacao": 100.0, "onibus": 0.0, "ciclovia": 0.0, "calcada": 100.0, "obstaculo": 100.0, "rampa": 0.0, "rampa_faces": 0.0, "sem_calcada": 0.0, "sem_arvore": 0.0, "muitas_arvores": 100.0, "vao": 100.0, "V05400": 4, "V05421": 4, "V05406": 4, "V05412": 4, "V05422": 0, "V05424": 4, "V05427": 0, "V05409": 4, "V05415": 0, "V05418": 0, "V05430": 0, "V05433": 4, "criancas_0a4": 11, "em_favela": false }, "geometry": { "type": "Polygon", "coordinates": [ [ [ -46.664321, -23.598518 ], [ -46.665061, -23.599314 ], [ -46.66591, -23.598634 ], [ -46.665163, -23.597849 ], [ -46.664321, -23.598518 ] ] ] } },
{ "type": "Feature", "properties": { "CD_SETOR": "355030832000183", "faces": 8, "pavimentada": 100.0, "bueiro": 100.0, "iluminacao": 100.0, "onibus": 0.0, "ciclovia": 0.0, "calcada": 100.0, "obstaculo": 37.5, "rampa": 87.5, "rampa_faces": 87.5, "sem_calcada": 0.0, "sem_arvore": 0.0, "muitas_arvores": 100.0, "vao": 12.5, "V05400": 8, "V05421": 8, "V05406": 8, "V05412": 8, "V05422": 0, "V05424": 3, "V05427": 7, "V05409": 8, "V05415": 0, "V05418": 0, "V05430": 0, "V05433": 8, "criancas_0a4": 10, "em_favela": false }, "geometry": { "type": "Polygon", "coordinates": [ [ [ -46.663473, -23.599202 ], [ -46.664962, -23.600783 ], [ -46.665802, -23.600104 ], [ -46.664321, -23.598518 ], [ -46.663473, -23.599202 ] ] ] } },
{ "type": "Feature", "properties": { "CD_SETOR": "355030832000184", "faces": 12, "pavimentada": 100.0, "bueiro": 83.33, "iluminacao": 100.0, "onibus": 16.67, "ciclovia": 0.0, "calcada": 100.0, "obstaculo": 0.0, "rampa": 83.33, "rampa_faces": 83.33, "sem_calcada": 0.0, "sem_arvore": 33.33, "muitas_arvores": 41.67, "vao": 16.67, "V05400": 12, "V05421": 12, "V05406": 12, "V05412": 12, "V05422": 0, "V05424": 0, "V05427": 10, "V05409": 10, "V05415": 2, "V05418": 0, "V05430": 4, "V05433": 5, "criancas_0a4": 13, "em_favela": false }, "geometry": { "type": "Polygon", "coordinates": [ [ [ -46.657971, -23.600833 ], [ -46.660213, -23.603206 ], [ -46.661063, -23.602531 ], [ -46.660726, -23.602171 ], [ -46.660325, -23.602487 ], [ -46.659933, -23.60204 ], [ -46.660316, -23.601735 ], [ -46.658821, -23.60015 ], [ -46.657971, -23.600833 ] ] ] } },
{ "type": "Feature", "properties": { "CD_SETOR": "355030832000185", "faces": 12, "pavimentada": 100.0, "bueiro": 50.0, "iluminacao": 100.0, "onibus": 25.0, "ciclovia": 25.0, "calcada": 100.0, "obstaculo": 8.33, "rampa": 91.67, "rampa_faces": 91.67, "sem_calcada": 0.0, "sem_arvore": 0.0, "muitas_arvores": 75.0, "vao": 8.33, "V05400": 12, "V05421": 12, "V05406": 12, "V05412": 12, "V05422": 0, "V05424": 1, "V05427": 11, "V05409": 6, "V05415": 3, "V05418": 3, "V05430": 0, "V05433": 9, "criancas_0a4": 0, "em_favela": false }, "geometry": { "type": "Polygon", "coordinates": [ [ [ -46.656251, -23.602212 ], [ -46.657001, -23.603004 ], [ -46.657862, -23.602314 ], [ -46.658603, -23.603108 ], [ -46.659463, -23.602418 ], [ -46.657971, -23.600833 ], [ -46.656251, -23.602212 ] ] ] } },
{ "type": "Feature", "properties": { "CD_SETOR": "355030832000186", "faces": 4, "pavimentada": 100.0, "bueiro": 25.0, "iluminacao": 100.0, "onibus": 0.0, "ciclovia": 50.0, "calcada": 100.0, "obstaculo": 0.0, "rampa": 50.0, "rampa_faces": 50.0, "sem_calcada": 0.0, "sem_arvore": 0.0, "muitas_arvores": 75.0, "vao": 50.0, "V05400": 4, "V05421": 4, "V05406": 4, "V05412": 4, "V05422": 0, "V05424": 0, "V05427": 2, "V05409": 1, "V05415": 0, "V05418": 2, "V05430": 0, "V05433": 3, "criancas_0a4": 0, "em_favela": false }, "geometry": { "type": "Polygon", "coordinates": [ [ [ -46.657001, -23.603004 ], [ -46.657748, -23.603794 ], [ -46.658603, -23.603108 ], [ -46.657862, -23.602314 ], [ -46.657001, -23.603004 ] ] ] } },
{ "type": "Feature", "properties": { "CD_SETOR": "355030832000187", "faces": 23, "pavimentada": 100.0, "bueiro": 95.65, "iluminacao": 100.0, "onibus": 17.39, "ciclovia": 8.7, "calcada": 100.0, "obstaculo": 56.52, "rampa": 43.48, "rampa_faces": 43.48, "sem_calcada": 0.0, "sem_arvore": 0.0, "muitas_arvores": 91.3, "vao": 56.52, "V05400": 23, "V05421": 23, "V05406": 23, "V05412": 23, "V05422": 0, "V05424": 13, "V05427": 10, "V05409": 22, "V05415": 4, "V05418": 2, "V05430": 0, "V05433": 21, "criancas_0a4": 13, "em_favela": false }, "geometry": { "type": "Polygon", "coordinates": [ [ [ -46.659952, -23.599243 ], [ -46.661463, -23.600816 ], [ -46.662469, -23.60001 ], [ -46.661728, -23.599221 ], [ -46.66268, -23.598456 ], [ -46.662758, -23.598437 ], [ -46.662317, -23.597945 ], [ -46.66235, -23.597543 ], [ -46.662512, -23.597195 ], [ -46.659952, -23.599243 ] ] ] } },
{ "type": "Feature", "properties": { "CD_SETOR": "355030832000188", "faces": 8, "pavimentada": 100.0, "bueiro": 87.5, "iluminacao": 100.0, "onibus": 25.0, "ciclovia": 12.5, "calcada": 100.0, "obstaculo": 75.0, "rampa": 87.5, "rampa_faces": 87.5, "sem_calcada": 0.0, "sem_arvore": 0.0, "muitas_arvores": 100.0, "vao": 12.5, "V05400": 8, "V05421": 8, "V05406": 8, "V05412": 8, "V05422": 0, "V05424": 6, "V05427": 7, "V05409": 7, "V05415": 2, "V05418": 1, "V05430": 0, "V05433": 8, "criancas_0a4": 5, "em_favela": false }, "geometry": { "type": "Polygon", "coordinates": [ [ [ -46.659952, -23.599243 ], [ -46.658821, -23.60015 ], [ -46.660316, -23.601735 ], [ -46.661463, -23.600816 ], [ -46.659952, -23.599243 ] ] ] } },
{ "type": "Feature", "properties": { "CD_SETOR": "355030832000189", "faces": 28, "pavimentada": 96.43, "bueiro": 92.86, "iluminacao": 96.43, "onibus": 17.86, "ciclovia": 3.57, "calcada": 96.43, "obstaculo": 66.67, "rampa": 44.44, "rampa_faces": 42.86, "sem_calcada": 0.0, "sem_arvore": 10.71, "muitas_arvores": 67.86, "vao": 53.57, "V05400": 28, "V05421": 27, "V05406": 27, "V05412": 27, "V05422": 0, "V05424": 18, "V05427": 12, "V05409": 26, "V05415": 5, "V05418": 1, "V05430": 3, "V05433": 19, "criancas_0a4": 10, "em_favela": false }, "geometry": { "type": "Polygon", "coordinates": [ [ [ -46.649684, -23.581154 ], [ -46.649403, -23.581447 ], [ -46.650638, -23.582166 ], [ -46.650647, -23.582299 ], [ -46.649529, -23.583993 ], [ -46.648499, -23.583427 ], [ -46.647702, -23.584517 ], [ -46.647623, -23.585796 ], [ -46.647673, -23.586047 ], [ -46.648282, -23.587371 ], [ -46.648056, -23.588635 ], [ -46.649616, -23.590353 ], [ -46.649758, -23.590576 ], [ -46.649788, -23.59077 ], [ -46.649669, -23.591189 ], [ -46.649401, -23.591742 ], [ -46.649126, -23.591994 ], [ -46.648033, -23.59267 ], [ -46.648752, -23.592456 ], [ -46.649629, -23.592352 ], [ -46.649893, -23.592351 ], [ -46.650082, -23.592417 ], [ -46.65024, -23.592671 ], [ -46.650524, -23.592539 ], [ -46.650769, -23.591594 ], [ -46.651051, -23.590834 ], [ -46.650794, -23.590732 ], [ -46.650798, -23.590633 ], [ -46.651441, -23.58946 ], [ -46.652161, -23.587856 ], [ -46.652473, -23.587079 ], [ -46.653033, -23.58527 ], [ -46.653359, -23.584641 ], [ -46.653156, -23.584127 ], [ -46.652963, -23.583787 ], [ -46.652719, -23.583442 ], [ -46.652333, -23.58303 ], [ -46.649684, -23.581154 ] ] ] } },
{ "type": "Feature", "properties": { "CD_SETOR": "355030832000190", "faces": 8, "pavimentada": 100.0, "bueiro": 100.0, "iluminacao": 100.0, "onibus": 12.5, "ciclovia": 0.0, "calcada": 100.0, "obstaculo": 62.5, "rampa": 62.5, "rampa_faces": 62.5, "sem_calcada": 0.0, "sem_arvore": 25.0, "muitas_arvores": 37.5, "vao": 37.5, "V05400": 8, "V05421": 8, "V05406": 8, "V05412": 8, "V05422": 0, "V05424": 5, "V05427": 5, "V05409": 8, "V05415": 1, "V05418": 0, "V05430": 2, "V05433": 3, "criancas_0a4": 0, "em_favela": false }, "geometry": { "type": "Polygon", "coordinates": [ [ [ -46.649178, -23.582567 ], [ -46.648499, -23.583427 ], [ -46.649529, -23.583993 ], [ -46.650668, -23.582232 ], [ -46.650638, -23.582166 ], [ -46.649403, -23.581447 ], [ -46.649312, -23.581555 ], [ -46.649178, -23.582567 ] ] ] } },
{ "type": "Feature", "properties": { "CD_SETOR": "355030832000191", "faces": 16, "pavimentada": 100.0, "bueiro": 100.0, "iluminacao": 100.0, "onibus": 18.75, "ciclovia": 43.75, "calcada": 100.0, "obstaculo": 25.0, "rampa": 87.5, "rampa_faces": 87.5, "sem_calcada": 0.0, "sem_arvore": 6.25, "muitas_arvores": 75.0, "vao": 12.5, "V05400": 16, "V05421": 16, "V05406": 16, "V05412": 16, "V05422": 0, "V05424": 4, "V05427": 14, "V05409": 16, "V05415": 3, "V05418": 7, "V05430": 1, "V05433": 12, "criancas_0a4": 3, "em_favela": false }, "geometry": { "type": "Polygon", "coordinates": [ [ [ -46.653707, -23.602704 ], [ -46.655288, -23.604374 ], [ -46.657001, -23.603004 ], [ -46.655777, -23.601709 ], [ -46.655494, -23.60147 ], [ -46.654986, -23.60117 ], [ -46.654206, -23.600917 ], [ -46.653813, -23.601234 ], [ -46.654539, -23.601992 ], [ -46.653707, -23.602704 ] ] ] } },
{ "type": "Feature", "properties": { "CD_SETOR": "355030832000192", "faces": 23, "pavimentada": 100.0, "bueiro": 86.96, "iluminacao": 100.0, "onibus": 17.39, "ciclovia": 21.74, "calcada": 91.3, "obstaculo": 33.33, "rampa": 4.76, "rampa_faces": 4.35, "sem_calcada": 8.7, "sem_arvore": 21.74, "muitas_arvores": 56.52, "vao": 95.65, "V05400": 23, "V05421": 21, "V05406": 23, "V05412": 23, "V05422": 2, "V05424": 7, "V05427": 1, "V05409": 20, "V05415": 4, "V05418": 5, "V05430": 5, "V05433": 13, "criancas_0a4": 3, "em_favela": false }, "geometry": { "type": "Polygon", "coordinates": [ [ [ -46.651142, -23.601329 ], [ -46.651956, -23.601321 ], [ -46.652337, -23.601252 ], [ -46.653707, -23.602704 ], [ -46.654539, -23.601992 ], [ -46.653813, -23.601234 ], [ -46.654206, -23.600917 ], [ -46.653647, -23.600807 ], [ -46.653265, -23.600668 ], [ -46.652669, -23.600352 ], [ -46.652107, -23.599941 ], [ -46.651441, -23.599293 ], [ -46.650916, -23.598882 ], [ -46.651142, -23.601329 ] ] ] } },
{ "type": "Feature", "properties": { "CD_SETOR": "355030832000193", "faces": 4, "pavimentada": 100.0, "bueiro": 0.0, "iluminacao": 100.0, "onibus": 0.0, "ciclovia": 25.0, "calcada": 100.0, "obstaculo": 0.0, "rampa": 100.0, "rampa_faces": 100.0, "sem_calcada": 0.0, "sem_arvore": 0.0, "muitas_arvores": 50.0, "vao": 0.0, "V05400": 4, "V05421": 4, "V05406": 4, "V05412": 4, "V05422": 0, "V05424": 0, "V05427": 4, "V05409": 0, "V05415": 0, "V05418": 1, "V05430": 0, "V05433": 2, "criancas_0a4": 17, "em_favela": false }, "geometry": { "type": "Polygon", "coordinates": [ [ [ -46.658603, -23.603108 ], [ -46.659354, -23.603893 ], [ -46.660213, -23.603206 ], [ -46.659463, -23.602418 ], [ -46.658603, -23.603108 ] ] ] } },
{ "type": "Feature", "properties": { "CD_SETOR": "355030832000194", "faces": 4, "pavimentada": 100.0, "bueiro": 25.0, "iluminacao": 100.0, "onibus": 50.0, "ciclovia": 25.0, "calcada": 100.0, "obstaculo": 0.0, "rampa": 100.0, "rampa_faces": 100.0, "sem_calcada": 0.0, "sem_arvore": 0.0, "muitas_arvores": 25.0, "vao": 0.0, "V05400": 4, "V05421": 4, "V05406": 4, "V05412": 4, "V05422": 0, "V05424": 0, "V05427": 4, "V05409": 1, "V05415": 2, "V05418": 1, "V05430": 0, "V05433": 1, "criancas_0a4": 3, "em_favela": false }, "geometry": { "type": "Polygon", "coordinates": [ [ [ -46.657748, -23.603794 ], [ -46.658494, -23.604584 ], [ -46.659354, -23.603893 ], [ -46.658603, -23.603108 ], [ -46.657748, -23.603794 ] ] ] } },
{ "type": "Feature", "properties": { "CD_SETOR": "355030832000195", "faces": 1, "pavimentada": 100.0, "bueiro": 100.0, "iluminacao": 100.0, "onibus": 0.0, "ciclovia": 0.0, "calcada": 100.0, "obstaculo": 0.0, "rampa": 100.0, "rampa_faces": 100.0, "sem_calcada": 0.0, "sem_arvore": 0.0, "muitas_arvores": 100.0, "vao": 0.0, "V05400": 1, "V05421": 1, "V05406": 1, "V05412": 1, "V05422": 0, "V05424": 0, "V05427": 1, "V05409": 1, "V05415": 0, "V05418": 0, "V05430": 0, "V05433": 1, "criancas_0a4": 16, "em_favela": false }, "geometry": { "type": "Polygon", "coordinates": [ [ [ -46.650663, -23.593213 ], [ -46.650711, -23.593834 ], [ -46.651383, -23.593791 ], [ -46.650993, -23.592846 ], [ -46.650706, -23.592871 ], [ -46.650663, -23.593213 ] ] ] } },
{ "type": "Feature", "properties": { "CD_SETOR": "355030832000196", "faces": 28, "pavimentada": 100.0, "bueiro": 96.43, "iluminacao": 100.0, "onibus": 46.43, "ciclovia": 7.14, "calcada": 100.0, "obstaculo": 28.57, "rampa": 75.0, "rampa_faces": 75.0, "sem_calcada": 0.0, "sem_arvore": 10.71, "muitas_arvores": 71.43, "vao": 25.0, "V05400": 28, "V05421": 28, "V05406": 28, "V05412": 28, "V05422": 0, "V05424": 8, "V05427": 21, "V05409": 27, "V05415": 13, "V05418": 2, "V05430": 3, "V05433": 20, "criancas_0a4": 9, "em_favela": false }, "geometry": { "type": "Polygon", "coordinates": [ [ [ -46.65024, -23.592671 ], [ -46.650479, -23.593395 ], [ -46.650916, -23.598882 ], [ -46.651441, -23.599293 ], [ -46.652107, -23.599941 ], [ -46.652669, -23.600352 ], [ -46.653265, -23.600668 ], [ -46.653647, -23.600807 ], [ -46.654732, -23.601061 ], [ -46.655241, -23.601303 ], [ -46.655759, -23.601691 ], [ -46.656251, -23.602212 ], [ -46.658928, -23.600064 ], [ -46.652301, -23.593143 ], [ -46.652113, -23.592893 ], [ -46.652183, -23.592873 ], [ -46.651276, -23.591912 ], [ -46.651157, -23.591688 ], [ -46.650973, -23.591102 ], [ -46.650769, -23.591594 ], [ -46.650524, -23.592539 ], [ -46.65024, -23.592671 ] ], [ [ -46.650711, -23.593834 ], [ -46.650663, -23.593213 ], [ -46.650706, -23.592871 ], [ -46.650993, -23.592846 ], [ -46.651383, -23.593791 ], [ -46.650711, -23.593834 ] ] ] } },
{ "type": "Feature", "properties": { "CD_SETOR": "355030832000197", "faces": 3, "pavimentada": 100.0, "bueiro": 100.0, "iluminacao": 100.0, "onibus": 0.0, "ciclovia": 0.0, "calcada": 100.0, "obstaculo": 66.67, "rampa": 66.67, "rampa_faces": 66.67, "sem_calcada": 0.0, "sem_arvore": 0.0, "muitas_arvores": 100.0, "vao": 33.33, "V05400": 3, "V05421": 3, "V05406": 3, "V05412": 3, "V05422": 0, "V05424": 2, "V05427": 2, "V05409": 3, "V05415": 0, "V05418": 0, "V05430": 0, "V05433": 3, "criancas_0a4": 12, "em_favela": false }, "geometry": { "type": "Polygon", "coordinates": [ [ [ -46.661993, -23.599505 ], [ -46.662408, -23.59917 ], [ -46.662528, -23.599301 ], [ -46.662762, -23.599127 ], [ -46.662826, -23.599203 ], [ -46.663215, -23.598927 ], [ -46.662758, -23.598437 ], [ -46.66268, -23.598456 ], [ -46.661728, -23.599221 ], [ -46.661993, -23.599505 ] ] ] } },
{ "type": "Feature", "properties": { "CD_SETOR": "355030832000198", "faces": 11, "pavimentada": 100.0, "bueiro": 100.0, "iluminacao": 100.0, "onibus": 9.09, "ciclovia": 0.0, "calcada": 100.0, "obstaculo": 18.18, "rampa": 63.64, "rampa_faces": 63.64, "sem_calcada": 0.0, "sem_arvore": 0.0, "muitas_arvores": 90.91, "vao": 36.36, "V05400": 11, "V05421": 11, "V05406": 11, "V05412": 11, "V05422": 0, "V05424": 2, "V05427": 7, "V05409": 11, "V05415": 1, "V05418": 0, "V05430": 0, "V05433": 10, "criancas_0a4": 9, "em_favela": false }, "geometry": { "type": "Polygon", "coordinates": [ [ [ -46.661993, -23.599505 ], [ -46.663963, -23.601591 ], [ -46.664962, -23.600783 ], [ -46.663215, -23.598927 ], [ -46.662826, -23.599203 ], [ -46.662762, -23.599127 ], [ -46.662528, -23.599301 ], [ -46.662408, -23.59917 ], [ -46.661993, -23.599505 ] ] ] } },
{ "type": "Feature", "properties": { "CD_SETOR": "355030832000199", "faces": 7, "pavimentada": 100.0, "bueiro": 71.43, "iluminacao": 100.0, "onibus": 28.57, "ciclovia": 0.0, "calcada": 100.0, "obstaculo": 42.86, "rampa": 42.86, "rampa_faces": 42.86, "sem_calcada": 0.0, "sem_arvore": 0.0, "muitas_arvores": 57.14, "vao": 57.14, "V05400": 7, "V05421": 7, "V05406": 7, "V05412": 7, "V05422": 0, "V05424": 3, "V05427": 3, "V05409": 5, "V05415": 2, "V05418": 0, "V05430": 0, "V05433": 4, "criancas_0a4": 15, "em_favela": false }, "geometry": { "type": "Polygon", "coordinates": [ [ [ -46.666176, -23.595775 ], [ -46.666246, -23.595828 ], [ -46.666568, -23.596666 ], [ -46.664472, -23.596945 ], [ -46.664756, -23.59723 ], [ -46.665025, -23.597413 ], [ -46.665076, -23.597372 ], [ -46.665066, -23.597141 ], [ -46.666141, -23.597117 ], [ -46.666132, -23.597033 ], [ -46.666227, -23.597022 ], [ -46.66624, -23.59716 ], [ -46.66673, -23.597092 ], [ -46.666856, -23.597465 ], [ -46.667839, -23.597379 ], [ -46.666839, -23.595689 ], [ -46.666176, -23.595775 ] ] ] } },
{ "type": "Feature", "properties": { "CD_SETOR": "355030832000200", "faces": 3, "pavimentada": 100.0, "bueiro": 66.67, "iluminacao": 100.0, "onibus": 33.33, "ciclovia": 0.0, "calcada": 100.0, "obstaculo": 33.33, "rampa": 0.0, "rampa_faces": 0.0, "sem_calcada": 0.0, "sem_arvore": 33.33, "muitas_arvores": 33.33, "vao": 100.0, "V05400": 3, "V05421": 3, "V05406": 3, "V05412": 3, "V05422": 0, "V05424": 1, "V05427": 0, "V05409": 2, "V05415": 1, "V05418": 0, "V05430": 1, "V05433": 1, "criancas_0a4": 15, "em_favela": false }, "geometry": { "type": "Polygon", "coordinates": [ [ [ -46.665025, -23.597413 ], [ -46.665301, -23.597515 ], [ -46.665741, -23.597547 ], [ -46.666856, -23.597465 ], [ -46.66673, -23.597092 ], [ -46.66624, -23.59716 ], [ -46.666227, -23.597022 ], [ -46.666132, -23.597033 ], [ -46.666141, -23.597117 ], [ -46.665066, -23.597141 ], [ -46.665076, -23.597372 ], [ -46.665025, -23.597413 ] ] ] } },
{ "type": "Feature", "properties": { "CD_SETOR": "355030832000201", "faces": 18, "pavimentada": 100.0, "bueiro": 88.89, "iluminacao": 100.0, "onibus": 0.0, "ciclovia": 16.67, "calcada": 94.44, "obstaculo": 17.65, "rampa": 100.0, "rampa_faces": 94.44, "sem_calcada": 5.56, "sem_arvore": 0.0, "muitas_arvores": 83.33, "vao": 5.56, "V05400": 18, "V05421": 17, "V05406": 18, "V05412": 18, "V05422": 1, "V05424": 3, "V05427": 17, "V05409": 16, "V05415": 0, "V05418": 3, "V05430": 0, "V05433": 15, "criancas_0a4": 19, "em_favela": false }, "geometry": { "type": "Polygon", "coordinates": [ [ [ -46.664456, -23.59522 ], [ -46.666132, -23.595771 ], [ -46.667272, -23.595634 ], [ -46.66696, -23.593455 ], [ -46.665646, -23.59363 ], [ -46.665106, -23.592714 ], [ -46.664972, -23.592601 ], [ -46.664834, -23.592583 ], [ -46.664916, -23.593416 ], [ -46.6649, -23.593818 ], [ -46.664729, -23.594608 ], [ -46.664456, -23.59522 ] ] ] } },
{ "type": "Feature", "properties": { "CD_SETOR": "355030832000202", "faces": 8, "pavimentada": 100.0, "bueiro": 100.0, "iluminacao": 100.0, "onibus": 0.0, "ciclovia": 0.0, "calcada": 100.0, "obstaculo": 62.5, "rampa": 87.5, "rampa_faces": 87.5, "sem_calcada": 0.0, "sem_arvore": 0.0, "muitas_arvores": 100.0, "vao": 12.5, "V05400": 8, "V05421": 8, "V05406": 8, "V05412": 8, "V05422": 0, "V05424": 5, "V05427": 7, "V05409": 8, "V05415": 0, "V05418": 0, "V05430": 0, "V05433": 8, "criancas_0a4": 7, "em_favela": false }, "geometry": { "type": "Polygon", "coordinates": [ [ [ -46.664769, -23.592118 ], [ -46.664834, -23.592583 ], [ -46.664972, -23.592601 ], [ -46.665106, -23.592714 ], [ -46.665646, -23.59363 ], [ -46.66696, -23.593455 ], [ -46.666792, -23.592423 ], [ -46.666252, -23.591479 ], [ -46.664769, -23.592118 ] ] ] } },
{ "type": "Feature", "properties": { "CD_SETOR": "355030832000203", "faces": 9, "pavimentada": 100.0, "bueiro": 100.0, "iluminacao": 100.0, "onibus": 33.33, "ciclovia": 0.0, "calcada": 100.0, "obstaculo": 0.0, "rampa": 88.89, "rampa_faces": 88.89, "sem_calcada": 0.0, "sem_arvore": 0.0, "muitas_arvores": 44.44, "vao": 11.11, "V05400": 9, "V05421": 9, "V05406": 9, "V05412": 9, "V05422": 0, "V05424": 0, "V05427": 8, "V05409": 9, "V05415": 3, "V05418": 0, "V05430": 0, "V05433": 4, "criancas_0a4": 0, "em_favela": false }, "geometry": { "type": "Polygon", "coordinates": [ [ [ -46.661063, -23.602531 ], [ -46.662545, -23.604112 ], [ -46.663702, -23.603183 ], [ -46.662764, -23.602195 ], [ -46.662361, -23.602514 ], [ -46.66217, -23.602284 ], [ -46.662569, -23.60199 ], [ -46.662211, -23.601604 ], [ -46.661063, -23.602531 ] ] ] } },
{ "type": "Feature", "properties": { "CD_SETOR": "355030832000204", "faces": 1, "pavimentada": 100.0, "bueiro": 100.0, "iluminacao": 100.0, "onibus": 0.0, "ciclovia": 0.0, "calcada": 100.0, "obstaculo": 0.0, "rampa": 0.0, "rampa_faces": 0.0, "sem_calcada": 0.0, "sem_arvore": 0.0, "muitas_arvores": 0.0, "vao": 100.0, "V05400": 1, "V05421": 1, "V05406": 1, "V05412": 1, "V05422": 0, "V05424": 0, "V05427": 0, "V05409": 1, "V05415": 0, "V05418": 0, "V05430": 0, "V05433": 0, "criancas_0a4": 0, "em_favela": false }, "geometry": { "type": "Polygon", "coordinates": [ [ [ -46.662764, -23.602195 ], [ -46.662569, -23.60199 ], [ -46.66217, -23.602284 ], [ -46.662361, -23.602514 ], [ -46.662764, -23.602195 ] ] ] } },
{ "type": "Feature", "properties": { "CD_SETOR": "355030832000205", "faces": 5, "pavimentada": 100.0, "bueiro": 80.0, "iluminacao": 100.0, "onibus": 0.0, "ciclovia": 0.0, "calcada": 100.0, "obstaculo": 0.0, "rampa": 100.0, "rampa_faces": 100.0, "sem_calcada": 0.0, "sem_arvore": 0.0, "muitas_arvores": 60.0, "vao": 0.0, "V05400": 5, "V05421": 5, "V05406": 5, "V05412": 5, "V05422": 0, "V05424": 0, "V05427": 5, "V05409": 4, "V05415": 0, "V05418": 0, "V05430": 0, "V05433": 3, "criancas_0a4": 11, "em_favela": false }, "geometry": { "type": "Polygon", "coordinates": [ [ [ -46.663702, -23.603183 ], [ -46.664448, -23.60397 ], [ -46.664919, -23.603594 ], [ -46.664583, -23.603247 ], [ -46.664643, -23.603196 ], [ -46.664695, -23.603251 ], [ -46.664796, -23.60317 ], [ -46.66508, -23.603465 ], [ -46.665451, -23.603169 ], [ -46.664705, -23.602379 ], [ -46.663702, -23.603183 ] ] ] } },
{ "type": "Feature", "properties": { "CD_SETOR": "355030832000206", "faces": 1, "pavimentada": 100.0, "bueiro": 100.0, "iluminacao": 100.0, "onibus": 0.0, "ciclovia": 0.0, "calcada": 100.0, "obstaculo": 0.0, "rampa": 0.0, "rampa_faces": 0.0, "sem_calcada": 0.0, "sem_arvore": 0.0, "muitas_arvores": 0.0, "vao": 100.0, "V05400": 1, "V05421": 1, "V05406": 1, "V05412": 1, "V05422": 0, "V05424": 0, "V05427": 0, "V05409": 1, "V05415": 0, "V05418": 0, "V05430": 0, "V05433": 0, "criancas_0a4": 0, "em_favela": false }, "geometry": { "type": "Polygon", "coordinates": [ [ [ -46.664919, -23.603594 ], [ -46.66508, -23.603465 ], [ -46.664796, -23.60317 ], [ -46.664695, -23.603251 ], [ -46.664643, -23.603196 ], [ -46.664583, -23.603247 ], [ -46.664919, -23.603594 ] ] ] } },
{ "type": "Feature", "properties": { "CD_SETOR": "355030832000207", "faces": 3, "pavimentada": 100.0, "bueiro": 100.0, "iluminacao": 100.0, "onibus": 33.33, "ciclovia": 0.0, "calcada": 100.0, "obstaculo": 33.33, "rampa": 100.0, "rampa_faces": 100.0, "sem_calcada": 0.0, "sem_arvore": 0.0, "muitas_arvores": 100.0, "vao": 0.0, "V05400": 3, "V05421": 3, "V05406": 3, "V05412": 3, "V05422": 0, "V05424": 1, "V05427": 3, "V05409": 3, "V05415": 1, "V05418": 0, "V05430": 0, "V05433": 3, "criancas_0a4": 16, "em_favela": false }, "geometry": { "type": "Polygon", "coordinates": [ [ [ -46.664705, -23.602379 ], [ -46.665451, -23.603169 ], [ -46.66622, -23.602552 ], [ -46.665943, -23.602264 ], [ -46.665826, -23.602338 ], [ -46.665387, -23.601833 ], [ -46.664705, -23.602379 ] ] ] } },
{ "type": "Feature", "properties": { "CD_SETOR": "355030832000208", "faces": 3, "pavimentada": 100.0, "bueiro": 100.0, "iluminacao": 100.0, "onibus": 33.33, "ciclovia": 0.0, "calcada": 100.0, "obstaculo": 0.0, "rampa": 100.0, "rampa_faces": 100.0, "sem_calcada": 0.0, "sem_arvore": 0.0, "muitas_arvores": 33.33, "vao": 0.0, "V05400": 3, "V05421": 3, "V05406": 3, "V05412": 3, "V05422": 0, "V05424": 0, "V05427": 3, "V05409": 3, "V05415": 1, "V05418": 0, "V05430": 0, "V05433": 1, "criancas_0a4": 7, "em_favela": false }, "geometry": { "type": "Polygon", "coordinates": [ [ [ -46.665387, -23.601833 ], [ -46.665826, -23.602338 ], [ -46.665943, -23.602264 ], [ -46.66622, -23.602552 ], [ -46.666452, -23.602366 ], [ -46.665707, -23.601583 ], [ -46.665387, -23.601833 ] ] ] } },
{ "type": "Feature", "properties": { "CD_SETOR": "355030832000209", "faces": 3, "pavimentada": 100.0, "bueiro": 66.67, "iluminacao": 100.0, "onibus": 0.0, "ciclovia": 0.0, "calcada": 100.0, "obstaculo": 33.33, "rampa": 100.0, "rampa_faces": 100.0, "sem_calcada": 0.0, "sem_arvore": 0.0, "muitas_arvores": 100.0, "vao": 0.0, "V05400": 3, "V05421": 3, "V05406": 3, "V05412": 3, "V05422": 0, "V05424": 1, "V05427": 3, "V05409": 2, "V05415": 0, "V05418": 0, "V05430": 0, "V05433": 3, "criancas_0a4": 13, "em_favela": false }, "geometry": { "type": "Polygon", "coordinates": [ [ [ -46.666452, -23.602366 ], [ -46.665451, -23.603169 ], [ -46.666025, -23.60378 ], [ -46.666356, -23.603526 ], [ -46.666244, -23.603406 ], [ -46.66631, -23.603358 ], [ -46.666247, -23.60329 ], [ -46.666496, -23.603086 ], [ -46.666559, -23.603157 ], [ -46.666799, -23.602969 ], [ -46.666901, -23.603082 ], [ -46.667026, -23.602974 ], [ -46.666452, -23.602366 ] ] ] } },
{ "type": "Feature", "properties": { "CD_SETOR": "355030832000210", "faces": 3, "pavimentada": 100.0, "bueiro": 33.33, "iluminacao": 100.0, "onibus": 0.0, "ciclovia": 0.0, "calcada": 100.0, "obstaculo": 0.0, "rampa": 66.67, "rampa_faces": 66.67, "sem_calcada": 0.0, "sem_arvore": 0.0, "muitas_arvores": 33.33, "vao": 33.33, "V05400": 3, "V05421": 3, "V05406": 3, "V05412": 3, "V05422": 0, "V05424": 0, "V05427": 2, "V05409": 1, "V05415": 0, "V05418": 0, "V05430": 0, "V05433": 1, "criancas_0a4": 5, "em_favela": false }, "geometry": { "type": "Polygon", "coordinates": [ [ [ -46.666025, -23.60378 ], [ -46.666193, -23.603959 ], [ -46.667197, -23.603156 ], [ -46.667026, -23.602974 ], [ -46.666901, -23.603082 ], [ -46.666799, -23.602969 ], [ -46.666559, -23.603157 ], [ -46.666496, -23.603086 ], [ -46.666247, -23.60329 ], [ -46.66631, -23.603358 ], [ -46.666244, -23.603406 ], [ -46.666356, -23.603526 ], [ -46.666025, -23.60378 ] ] ] } },
{ "type": "Feature", "properties": { "CD_SETOR": "355030832000211", "faces": 3, "pavimentada": 100.0, "bueiro": 100.0, "iluminacao": 100.0, "onibus": 0.0, "ciclovia": 0.0, "calcada": 100.0, "obstaculo": 0.0, "rampa": 100.0, "rampa_faces": 100.0, "sem_calcada": 0.0, "sem_arvore": 0.0, "muitas_arvores": 33.33, "vao": 0.0, "V05400": 3, "V05421": 3, "V05406": 3, "V05412": 3, "V05422": 0, "V05424": 0, "V05427": 3, "V05409": 3, "V05415": 0, "V05418": 0, "V05430": 0, "V05433": 1, "criancas_0a4": 13, "em_favela": false }, "geometry": { "type": "Polygon", "coordinates": [ [ [ -46.667297, -23.60169 ], [ -46.666452, -23.602366 ], [ -46.66692, -23.602862 ], [ -46.667764, -23.602188 ], [ -46.667297, -23.60169 ] ] ] } },
{ "type": "Feature", "properties": { "CD_SETOR": "355030832000212", "faces": 3, "pavimentada": 100.0, "bueiro": 66.67, "iluminacao": 100.0, "onibus": 0.0, "ciclovia": 0.0, "calcada": 100.0, "obstaculo": 33.33, "rampa": 100.0, "rampa_faces": 100.0, "sem_calcada": 0.0, "sem_arvore": 0.0, "muitas_arvores": 66.67, "vao": 0.0, "V05400": 3, "V05421": 3, "V05406": 3, "V05412": 3, "V05422": 0, "V05424": 1, "V05427": 3, "V05409": 2, "V05415": 0, "V05418": 0, "V05430": 0, "V05433": 2, "criancas_0a4": 9, "em_favela": false }, "geometry": { "type": "Polygon", "coordinates": [ [ [ -46.66692, -23.602862 ], [ -46.667197, -23.603156 ], [ -46.668039, -23.602479 ], [ -46.667764, -23.602188 ], [ -46.66692, -23.602862 ] ] ] } },
{ "type": "Feature", "properties": { "CD_SETOR": "355030832000213", "faces": 3, "pavimentada": 100.0, "bueiro": 66.67, "iluminacao": 100.0, "onibus": 33.33, "ciclovia": 33.33, "calcada": 100.0, "obstaculo": 0.0, "rampa": 100.0, "rampa_faces": 100.0, "sem_calcada": 0.0, "sem_arvore": 0.0, "muitas_arvores": 66.67, "vao": 0.0, "V05400": 3, "V05421": 3, "V05406": 3, "V05412": 3, "V05422": 0, "V05424": 0, "V05427": 3, "V05409": 2, "V05415": 1, "V05418": 1, "V05430": 0, "V05433": 2, "criancas_0a4": 18, "em_favela": false }, "geometry": { "type": "Polygon", "coordinates": [ [ [ -46.666546, -23.600898 ], [ -46.666995, -23.601378 ], [ -46.667869, -23.600724 ], [ -46.667393, -23.600219 ], [ -46.666546, -23.600898 ] ] ] } },
{ "type": "Feature", "properties": { "CD_SETOR": "355030832000214", "faces": 3, "pavimentada": 100.0, "bueiro": 33.33, "iluminacao": 100.0, "onibus": 0.0, "ciclovia": 33.33, "calcada": 100.0, "obstaculo": 0.0, "rampa": 66.67, "rampa_faces": 66.67, "sem_calcada": 0.0, "sem_arvore": 66.67, "muitas_arvores": 0.0, "vao": 33.33, "V05400": 3, "V05421": 3, "V05406": 3, "V05412": 3, "V05422": 0, "V05424": 0, "V05427": 2, "V05409": 1, "V05415": 0, "V05418": 1, "V05430": 2, "V05433": 0, "criancas_0a4": 6, "em_favela": false }, "geometry": { "type": "Polygon", "coordinates": [ [ [ -46.666995, -23.601378 ], [ -46.667297, -23.60169 ], [ -46.668138, -23.601008 ], [ -46.667869, -23.600724 ], [ -46.666995, -23.601378 ] ] ] } },
{ "type": "Feature", "properties": { "CD_SETOR": "355030832000215", "faces": 3, "pavimentada": 100.0, "bueiro": 33.33, "iluminacao": 100.0, "onibus": 0.0, "ciclovia": 33.33, "calcada": 100.0, "obstaculo": 33.33, "rampa": 66.67, "rampa_faces": 66.67, "sem_calcada": 0.0, "sem_arvore": 33.33, "muitas_arvores": 33.33, "vao": 33.33, "V05400": 3, "V05421": 3, "V05406": 3, "V05412": 3, "V05422": 0, "V05424": 1, "V05427": 2, "V05409": 1, "V05415": 0, "V05418": 1, "V05430": 1, "V05433": 1, "criancas_0a4": 10, "em_favela": false }, "geometry": { "type": "Polygon", "coordinates": [ [ [ -46.667488, -23.601901 ], [ -46.668039, -23.602479 ], [ -46.668886, -23.601798 ], [ -46.668671, -23.601571 ], [ -46.668352, -23.60183 ], [ -46.668225, -23.601691 ], [ -46.668009, -23.601843 ], [ -46.66787, -23.60169 ], [ -46.667803, -23.601742 ], [ -46.667755, -23.601685 ], [ -46.667488, -23.601901 ] ] ] } },
{ "type": "Feature", "properties": { "CD_SETOR": "355030832000216", "faces": 3, "pavimentada": 100.0, "bueiro": 33.33, "iluminacao": 100.0, "onibus": 0.0, "ciclovia": 33.33, "calcada": 100.0, "obstaculo": 33.33, "rampa": 66.67, "rampa_faces": 66.67, "sem_calcada": 0.0, "sem_arvore": 0.0, "muitas_arvores": 33.33, "vao": 33.33, "V05400": 3, "V05421": 3, "V05406": 3, "V05412": 3, "V05422": 0, "V05424": 1, "V05427": 2, "V05409": 1, "V05415": 0, "V05418": 1, "V05430": 0, "V05433": 1, "criancas_0a4": 25, "em_favela": false }, "geometry": { "type": "Polygon", "coordinates": [ [ [ -46.667297, -23.60169 ], [ -46.667488, -23.601901 ], [ -46.667755, -23.601685 ], [ -46.667803, -23.601742 ], [ -46.66787, -23.60169 ], [ -46.668009, -23.601843 ], [ -46.668225, -23.601691 ], [ -46.668352, -23.60183 ], [ -46.668671, -23.601571 ], [ -46.668138, -23.601008 ], [ -46.667297, -23.60169 ] ] ] } },
{ "type": "Feature", "properties": { "CD_SETOR": "355030832000217", "faces": 2, "pavimentada": 100.0, "bueiro": 0.0, "iluminacao": 100.0, "onibus": 0.0, "ciclovia": 0.0, "calcada": 100.0, "obstaculo": 0.0, "rampa": 100.0, "rampa_faces": 100.0, "sem_calcada": 0.0, "sem_arvore": 0.0, "muitas_arvores": 100.0, "vao": 0.0, "V05400": 2, "V05421": 2, "V05406": 2, "V05412": 2, "V05422": 0, "V05424": 0, "V05427": 2, "V05409": 0, "V05415": 0, "V05418": 0, "V05430": 0, "V05433": 2, "criancas_0a4": 3, "em_favela": false }, "geometry": { "type": "Polygon", "coordinates": [ [ [ -46.669214, -23.601534 ], [ -46.669725, -23.60112 ], [ -46.669155, -23.600511 ], [ -46.668891, -23.600716 ], [ -46.669055, -23.600909 ], [ -46.668911, -23.601013 ], [ -46.669046, -23.601148 ], [ -46.668946, -23.60122 ], [ -46.669214, -23.601534 ] ] ] } },
{ "type": "Feature", "properties": { "CD_SETOR": "355030832000218", "faces": 4, "pavimentada": 100.0, "bueiro": 0.0, "iluminacao": 100.0, "onibus": 0.0, "ciclovia": 25.0, "calcada": 100.0, "obstaculo": 50.0, "rampa": 50.0, "rampa_faces": 50.0, "sem_calcada": 0.0, "sem_arvore": 0.0, "muitas_arvores": 25.0, "vao": 50.0, "V05400": 4, "V05421": 4, "V05406": 4, "V05412": 4, "V05422": 0, "V05424": 2, "V05427": 2, "V05409": 0, "V05415": 0, "V05418": 1, "V05430": 0, "V05433": 1, "criancas_0a4": 24, "em_favela": false }, "geometry": { "type": "Polygon", "coordinates": [ [ [ -46.668986, -23.600333 ], [ -46.668138, -23.601008 ], [ -46.668886, -23.601798 ], [ -46.669214, -23.601534 ], [ -46.668946, -23.60122 ], [ -46.669046, -23.601148 ], [ -46.668911, -23.601013 ], [ -46.669055, -23.600909 ], [ -46.668891, -23.600716 ], [ -46.669155, -23.600511 ], [ -46.668986, -23.600333 ] ] ] } },
{ "type": "Feature", "properties": { "CD_SETOR": "355030832000219", "faces": 3, "pavimentada": 100.0, "bueiro": 66.67, "iluminacao": 100.0, "onibus": 33.33, "ciclovia": 0.0, "calcada": 100.0, "obstaculo": 0.0, "rampa": 66.67, "rampa_faces": 66.67, "sem_calcada": 0.0, "sem_arvore": 33.33, "muitas_arvores": 66.67, "vao": 33.33, "V05400": 3, "V05421": 3, "V05406": 3, "V05412": 3, "V05422": 0, "V05424": 0, "V05427": 2, "V05409": 2, "V05415": 1, "V05418": 0, "V05430": 1, "V05433": 2, "criancas_0a4": 3, "em_favela": false }, "geometry": { "type": "Polygon", "coordinates": [ [ [ -46.668055, -23.599692 ], [ -46.66822, -23.599863 ], [ -46.668153, -23.599912 ], [ -46.66837, -23.60018 ], [ -46.668185, -23.600328 ], [ -46.668501, -23.600723 ], [ -46.668986, -23.600333 ], [ -46.668241, -23.599541 ], [ -46.668055, -23.599692 ] ] ] } },
{ "type": "Feature", "properties": { "CD_SETOR": "355030832000220", "faces": 3, "pavimentada": 100.0, "bueiro": 33.33, "iluminacao": 100.0, "onibus": 33.33, "ciclovia": 33.33, "calcada": 100.0, "obstaculo": 33.33, "rampa": 66.67, "rampa_faces": 66.67, "sem_calcada": 0.0, "sem_arvore": 0.0, "muitas_arvores": 0.0, "vao": 33.33, "V05400": 3, "V05421": 3, "V05406": 3, "V05412": 3, "V05422": 0, "V05424": 1, "V05427": 2, "V05409": 1, "V05415": 1, "V05418": 1, "V05430": 0, "V05433": 0, "criancas_0a4": 11, "em_favela": false }, "geometry": { "type": "Polygon", "coordinates": [ [ [ -46.667393, -23.600219 ], [ -46.668138, -23.601008 ], [ -46.668501, -23.600723 ], [ -46.668185, -23.600328 ], [ -46.66837, -23.60018 ], [ -46.668153, -23.599912 ], [ -46.66822, -23.599863 ], [ -46.668055, -23.599692 ], [ -46.667393, -23.600219 ] ] ] } },
{ "type": "Feature", "properties": { "CD_SETOR": "355030832000221", "faces": 8, "pavimentada": 100.0, "bueiro": 37.5, "iluminacao": 100.0, "onibus": 25.0, "ciclovia": 0.0, "calcada": 100.0, "obstaculo": 50.0, "rampa": 37.5, "rampa_faces": 37.5, "sem_calcada": 0.0, "sem_arvore": 25.0, "muitas_arvores": 0.0, "vao": 62.5, "V05400": 8, "V05421": 8, "V05406": 8, "V05412": 8, "V05422": 0, "V05424": 4, "V05427": 3, "V05409": 3, "V05415": 2, "V05418": 0, "V05430": 2, "V05433": 0, "criancas_0a4": 22, "em_favela": false }, "geometry": { "type": "Polygon", "coordinates": [ [ [ -46.670656, -23.595223 ], [ -46.66822, -23.59552 ], [ -46.668349, -23.59647 ], [ -46.66877, -23.596475 ], [ -46.669013, -23.596391 ], [ -46.669505, -23.596369 ], [ -46.669489, -23.596059 ], [ -46.669859, -23.596045 ], [ -46.669845, -23.595936 ], [ -46.670755, -23.595868 ], [ -46.670656, -23.595223 ] ] ] } },
{ "type": "Feature", "properties": { "CD_SETOR": "355030832000222", "faces": 13, "pavimentada": 100.0, "bueiro": 53.85, "iluminacao": 100.0, "onibus": 0.0, "ciclovia": 0.0, "calcada": 100.0, "obstaculo": 46.15, "rampa": 30.77, "rampa_faces": 30.77, "sem_calcada": 0.0, "sem_arvore": 7.69, "muitas_arvores": 15.38, "vao": 69.23, "V05400": 13, "V05421": 13, "V05406": 13, "V05412": 13, "V05422": 0, "V05424": 6, "V05427": 4, "V05409": 7, "V05415": 0, "V05418": 0, "V05430": 1, "V05433": 2, "criancas_0a4": 19, "em_favela": false }, "geometry": { "type": "Polygon", "coordinates": [ [ [ -46.669899, -23.596356 ], [ -46.669013, -23.596391 ], [ -46.66877, -23.596475 ], [ -46.668349, -23.59647 ], [ -46.668236, -23.597421 ], [ -46.669279, -23.597608 ], [ -46.670093, -23.597942 ], [ -46.669899, -23.596356 ] ] ] } },
{ "type": "Feature", "properties": { "CD_SETOR": "355030832000223", "faces": 7, "pavimentada": 100.0, "bueiro": 42.86, "iluminacao": 100.0, "onibus": 0.0, "ciclovia": 14.29, "calcada": 100.0, "obstaculo": 57.14, "rampa": 71.43, "rampa_faces": 71.43, "sem_calcada": 0.0, "sem_arvore": 42.86, "muitas_arvores": 14.29, "vao": 28.57, "V05400": 7, "V05421": 7, "V05406": 7, "V05412": 7, "V05422": 0, "V05424": 4, "V05427": 5, "V05409": 3, "V05415": 0, "V05418": 1, "V05430": 3, "V05433": 1, "criancas_0a4": 7, "em_favela": false }, "geometry": { "type": "Polygon", "coordinates": [ [ [ -46.656017, -23.574347 ], [ -46.654931, -23.575342 ], [ -46.655553, -23.575943 ], [ -46.656651, -23.574932 ], [ -46.656017, -23.574347 ] ] ] } },
{ "type": "Feature", "properties": { "CD_SETOR": "355030832000224", "faces": 7, "pavimentada": 100.0, "bueiro": 42.86, "iluminacao": 100.0, "onibus": 42.86, "ciclovia": 14.29, "calcada": 85.71, "obstaculo": 50.0, "rampa": 66.67, "rampa_faces": 57.14, "sem_calcada": 14.29, "sem_arvore": 28.57, "muitas_arvores": 14.29, "vao": 42.86, "V05400": 7, "V05421": 6, "V05406": 7, "V05412": 7, "V05422": 1, "V05424": 3, "V05427": 4, "V05409": 3, "V05415": 3, "V05418": 1, "V05430": 2, "V05433": 1, "criancas_0a4": 17, "em_favela": false }, "geometry": { "type": "Polygon", "coordinates": [ [ [ -46.655553, -23.575943 ], [ -46.656655, -23.577058 ], [ -46.657766, -23.575935 ], [ -46.656651, -23.574932 ], [ -46.655553, -23.575943 ] ] ] } },
{ "type": "Feature", "properties": { "CD_SETOR": "355030832000225", "faces": 16, "pavimentada": 100.0, "bueiro": 62.5, "iluminacao": 100.0, "onibus": 12.5, "ciclovia": 12.5, "calcada": 100.0, "obstaculo": 50.0, "rampa": 37.5, "rampa_faces": 37.5, "sem_calcada": 0.0, "sem_arvore": 25.0, "muitas_arvores": 50.0, "vao": 62.5, "V05400": 16, "V05421": 16, "V05406": 16, "V05412": 16, "V05422": 0, "V05424": 8, "V05427": 6, "V05409": 10, "V05415": 2, "V05418": 2, "V05430": 4, "V05433": 8, "criancas_0a4": 35, "em_favela": false }, "geometry": { "type": "Polygon", "coordinates": [ [ [ -46.650633, -23.575219 ], [ -46.650743, -23.57696 ], [ -46.650867, -23.577358 ], [ -46.651345, -23.577687 ], [ -46.654905, -23.579621 ], [ -46.656446, -23.578891 ], [ -46.657323, -23.577578 ], [ -46.656581, -23.577145 ], [ -46.656655, -23.577058 ], [ -46.653567, -23.573982 ], [ -46.652845, -23.574508 ], [ -46.652751, -23.574629 ], [ -46.652831, -23.574807 ], [ -46.652281, -23.57524 ], [ -46.651767, -23.574501 ], [ -46.650633, -23.575219 ] ] ] } },
{ "type": "Feature", "properties": { "CD_SETOR": "355030832000226", "faces": 8, "pavimentada": 100.0, "bueiro": 87.5, "iluminacao": 100.0, "onibus": 0.0, "ciclovia": 0.0, "calcada": 100.0, "obstaculo": 25.0, "rampa": 87.5, "rampa_faces": 87.5, "sem_calcada": 0.0, "sem_arvore": 0.0, "muitas_arvores": 50.0, "vao": 12.5, "V05400": 8, "V05421": 8, "V05406": 8, "V05412": 8, "V05422": 0, "V05424": 2, "V05427": 7, "V05409": 7, "V05415": 0, "V05418": 0, "V05430": 0, "V05433": 4, "criancas_0a4": 6, "em_favela": false }, "geometry": { "type": "Polygon", "coordinates": [ [ [ -46.653011, -23.578595 ], [ -46.652421, -23.579502 ], [ -46.654258, -23.580504 ], [ -46.654805, -23.579675 ], [ -46.654905, -23.579621 ], [ -46.653011, -23.578595 ] ] ] } },
{ "type": "Feature", "properties": { "CD_SETOR": "355030832000227", "faces": 8, "pavimentada": 100.0, "bueiro": 100.0, "iluminacao": 100.0, "onibus": 0.0, "ciclovia": 0.0, "calcada": 100.0, "obstaculo": 12.5, "rampa": 75.0, "rampa_faces": 75.0, "sem_calcada": 0.0, "sem_arvore": 0.0, "muitas_arvores": 62.5, "vao": 25.0, "V05400": 8, "V05421": 8, "V05406": 8, "V05412": 8, "V05422": 0, "V05424": 1, "V05427": 6, "V05409": 8, "V05415": 0, "V05418": 0, "V05430": 0, "V05433": 5, "criancas_0a4": 7, "em_favela": false }, "geometry": { "type": "Polygon", "coordinates": [ [ [ -46.651875, -23.58163 ], [ -46.653021, -23.579829 ], [ -46.652421, -23.579502 ], [ -46.65127, -23.581296 ], [ -46.651875, -23.58163 ] ] ] } },
{ "type": "Feature", "properties": { "CD_SETOR": "355030832000228", "faces": 37, "pavimentada": 100.0, "bueiro": 83.78, "iluminacao": 100.0, "onibus": 16.22, "ciclovia": 13.51, "calcada": 100.0, "obstaculo": 16.22, "rampa": 75.68, "rampa_faces": 75.68, "sem_calcada": 0.0, "sem_arvore": 2.7, "muitas_arvores": 62.16, "vao": 24.32, "V05400": 37, "V05421": 37, "V05406": 37, "V05412": 37, "V05422": 0, "V05424": 6, "V05427": 28, "V05409": 31, "V05415": 6, "V05418": 5, "V05430": 1, "V05433": 23, "criancas_0a4": 3, "em_favela": false }, "geometry": { "type": "Polygon", "coordinates": [ [ [ -46.656446, -23.578891 ], [ -46.654805, -23.579675 ], [ -46.654258, -23.580504 ], [ -46.653614, -23.580153 ], [ -46.652477, -23.581963 ], [ -46.653099, -23.582299 ], [ -46.652617, -23.583035 ], [ -46.652597, -23.5833 ], [ -46.653056, -23.583948 ], [ -46.653359, -23.584641 ], [ -46.653663, -23.584205 ], [ -46.654085, -23.583757 ], [ -46.654233, -23.583611 ], [ -46.65467, -23.583332 ], [ -46.655782, -23.582718 ], [ -46.656116, -23.582589 ], [ -46.659901, -23.580706 ], [ -46.660123, -23.58049 ], [ -46.659981, -23.580256 ], [ -46.660243, -23.579833 ], [ -46.660255, -23.579517 ], [ -46.660188, -23.579311 ], [ -46.659917, -23.579061 ], [ -46.6594, -23.578738 ], [ -46.659124, -23.578712 ], [ -46.658877, -23.578393 ], [ -46.657323, -23.577578 ], [ -46.656446, -23.578891 ] ] ] } },
{ "type": "Feature", "properties": { "CD_SETOR": "355030832000229", "faces": 8, "pavimentada": 100.0, "bueiro": 62.5, "iluminacao": 100.0, "onibus": 25.0, "ciclovia": 0.0, "calcada": 100.0, "obstaculo": 50.0, "rampa": 75.0, "rampa_faces": 75.0, "sem_calcada": 0.0, "sem_arvore": 0.0, "muitas_arvores": 62.5, "vao": 25.0, "V05400": 8, "V05421": 8, "V05406": 8, "V05412": 8, "V05422": 0, "V05424": 4, "V05427": 6, "V05409": 5, "V05415": 2, "V05418": 0, "V05430": 0, "V05433": 5, "criancas_0a4": 12, "em_favela": false }, "geometry": { "type": "Polygon", "coordinates": [ [ [ -46.651875, -23.58163 ], [ -46.652477, -23.581963 ], [ -46.653614, -23.580153 ], [ -46.653021, -23.579829 ], [ -46.651875, -23.58163 ] ] ] } },
{ "type": "Feature", "properties": { "CD_SETOR": "355030832000231", "faces": 35, "pavimentada": 100.0, "bueiro": 34.29, "iluminacao": 100.0, "onibus": 11.43, "ciclovia": 8.57, "calcada": 100.0, "obstaculo": 25.71, "rampa": 71.43, "rampa_faces": 71.43, "sem_calcada": 0.0, "sem_arvore": 25.71, "muitas_arvores": 22.86, "vao": 28.57, "V05400": 35, "V05421": 35, "V05406": 35, "V05412": 35, "V05422": 0, "V05424": 9, "V05427": 25, "V05409": 12, "V05415": 4, "V05418": 3, "V05430": 9, "V05433": 8, "criancas_0a4": 0, "em_favela": false }, "geometry": { "type": "Polygon", "coordinates": [ [ [ -46.665955, -23.612482 ], [ -46.664245, -23.613861 ], [ -46.666112, -23.615857 ], [ -46.667322, -23.61546 ], [ -46.667883, -23.615108 ], [ -46.669056, -23.614181 ], [ -46.667554, -23.612592 ], [ -46.666702, -23.613284 ], [ -46.665955, -23.612482 ] ] ] } },
{ "type": "Feature", "properties": { "CD_SETOR": "355030832000232", "faces": 28, "pavimentada": 100.0, "bueiro": 82.14, "iluminacao": 100.0, "onibus": 10.71, "ciclovia": 7.14, "calcada": 100.0, "obstaculo": 89.29, "rampa": 46.43, "rampa_faces": 46.43, "sem_calcada": 0.0, "sem_arvore": 10.71, "muitas_arvores": 64.29, "vao": 53.57, "V05400": 28, "V05421": 28, "V05406": 28, "V05412": 28, "V05422": 0, "V05424": 25, "V05427": 13, "V05409": 23, "V05415": 3, "V05418": 2, "V05430": 3, "V05433": 18, "criancas_0a4": 9, "em_favela": false }, "geometry": { "type": "Polygon", "coordinates": [ [ [ -46.651142, -23.601329 ], [ -46.651595, -23.605967 ], [ -46.651706, -23.60636 ], [ -46.65193, -23.606855 ], [ -46.652234, -23.607313 ], [ -46.65266, -23.607789 ], [ -46.653484, -23.605798 ], [ -46.653566, -23.605737 ], [ -46.653463, -23.605664 ], [ -46.652391, -23.605292 ], [ -46.653307, -23.603077 ], [ -46.653707, -23.602704 ], [ -46.652337, -23.601252 ], [ -46.651956, -23.601321 ], [ -46.651142, -23.601329 ] ] ] } },
{ "type": "Feature", "properties": { "CD_SETOR": "355030832000233", "faces": 19, "pavimentada": 100.0, "bueiro": 100.0, "iluminacao": 100.0, "onibus": 10.53, "ciclovia": 0.0, "calcada": 100.0, "obstaculo": 73.68, "rampa": 84.21, "rampa_faces": 84.21, "sem_calcada": 0.0, "sem_arvore": 5.26, "muitas_arvores": 68.42, "vao": 15.79, "V05400": 19, "V05421": 19, "V05406": 19, "V05412": 19, "V05422": 0, "V05424": 14, "V05427": 16, "V05409": 19, "V05415": 2, "V05418": 0, "V05430": 1, "V05433": 13, "criancas_0a4": 8, "em_favela": false }, "geometry": { "type": "Polygon", "coordinates": [ [ [ -46.653566, -23.605737 ], [ -46.654441, -23.605062 ], [ -46.655175, -23.605856 ], [ -46.656037, -23.605169 ], [ -46.653707, -23.602704 ], [ -46.653307, -23.603077 ], [ -46.652391, -23.605292 ], [ -46.653463, -23.605664 ], [ -46.653566, -23.605737 ] ] ] } },
{ "type": "Feature", "properties": { "CD_SETOR": "355030832000234", "faces": 3, "pavimentada": 100.0, "bueiro": 100.0, "iluminacao": 100.0, "onibus": 0.0, "ciclovia": 0.0, "calcada": 100.0, "obstaculo": 33.33, "rampa": 66.67, "rampa_faces": 66.67, "sem_calcada": 0.0, "sem_arvore": 0.0, "muitas_arvores": 66.67, "vao": 33.33, "V05400": 3, "V05421": 3, "V05406": 3, "V05412": 3, "V05422": 0, "V05424": 1, "V05427": 2, "V05409": 3, "V05415": 0, "V05418": 0, "V05430": 0, "V05433": 2, "criancas_0a4": 8, "em_favela": false }, "geometry": { "type": "Polygon", "coordinates": [ [ [ -46.655175, -23.605856 ], [ -46.655923, -23.606647 ], [ -46.656306, -23.606339 ], [ -46.655848, -23.605836 ], [ -46.656141, -23.605585 ], [ -46.655878, -23.605298 ], [ -46.655175, -23.605856 ] ] ] } },
{ "type": "Feature", "properties": { "CD_SETOR": "355030832000235", "faces": 3, "pavimentada": 100.0, "bueiro": 100.0, "iluminacao": 100.0, "onibus": 0.0, "ciclovia": 0.0, "calcada": 100.0, "obstaculo": 0.0, "rampa": 66.67, "rampa_faces": 66.67, "sem_calcada": 0.0, "sem_arvore": 0.0, "muitas_arvores": 66.67, "vao": 33.33, "V05400": 3, "V05421": 3, "V05406": 3, "V05412": 3, "V05422": 0, "V05424": 0, "V05427": 2, "V05409": 3, "V05415": 0, "V05418": 0, "V05430": 0, "V05433": 2, "criancas_0a4": 3, "em_favela": false }, "geometry": { "type": "Polygon", "coordinates": [ [ [ -46.655878, -23.605298 ], [ -46.656141, -23.605585 ], [ -46.655848, -23.605836 ], [ -46.656306, -23.606339 ], [ -46.656778, -23.605959 ], [ -46.656037, -23.605169 ], [ -46.655878, -23.605298 ] ] ] } },
{ "type": "Feature", "properties": { "CD_SETOR": "355030832000236", "faces": 3, "pavimentada": 100.0, "bueiro": 66.67, "iluminacao": 100.0, "onibus": 0.0, "ciclovia": 33.33, "calcada": 100.0, "obstaculo": 0.0, "rampa": 100.0, "rampa_faces": 100.0, "sem_calcada": 0.0, "sem_arvore": 0.0, "muitas_arvores": 33.33, "vao": 0.0, "V05400": 3, "V05421": 3, "V05406": 3, "V05412": 3, "V05422": 0, "V05424": 0, "V05427": 3, "V05409": 2, "V05415": 0, "V05418": 1, "V05430": 0, "V05433": 1, "criancas_0a4": 11, "em_favela": false }, "geometry": { "type": "Polygon", "coordinates": [ [ [ -46.659639, -23.605051 ], [ -46.660087, -23.605546 ], [ -46.660325, -23.60537 ], [ -46.660595, -23.605673 ], [ -46.660846, -23.605473 ], [ -46.660097, -23.604684 ], [ -46.659639, -23.605051 ] ] ] } },
{ "type": "Feature", "properties": { "CD_SETOR": "355030832000237", "faces": 11, "pavimentada": 100.0, "bueiro": 100.0, "iluminacao": 100.0, "onibus": 36.36, "ciclovia": 0.0, "calcada": 100.0, "obstaculo": 18.18, "rampa": 100.0, "rampa_faces": 100.0, "sem_calcada": 0.0, "sem_arvore": 63.64, "muitas_arvores": 0.0, "vao": 0.0, "V05400": 11, "V05421": 11, "V05406": 11, "V05412": 11, "V05422": 0, "V05424": 2, "V05427": 11, "V05409": 11, "V05415": 4, "V05418": 0, "V05430": 7, "V05433": 0, "criancas_0a4": 12, "em_favela": false }, "geometry": { "type": "Polygon", "coordinates": [ [ [ -46.659639, -23.605051 ], [ -46.658381, -23.606059 ], [ -46.659127, -23.606848 ], [ -46.660595, -23.605673 ], [ -46.660325, -23.60537 ], [ -46.660087, -23.605546 ], [ -46.659639, -23.605051 ] ] ] } },
{ "type": "Feature", "properties": { "CD_SETOR": "355030832000238", "faces": 4, "pavimentada": 100.0, "bueiro": 75.0, "iluminacao": 100.0, "onibus": 0.0, "ciclovia": 25.0, "calcada": 100.0, "obstaculo": 25.0, "rampa": 100.0, "rampa_faces": 100.0, "sem_calcada": 0.0, "sem_arvore": 0.0, "muitas_arvores": 100.0, "vao": 0.0, "V05400": 4, "V05421": 4, "V05406": 4, "V05412": 4, "V05422": 0, "V05424": 1, "V05427": 4, "V05409": 3, "V05415": 0, "V05418": 1, "V05430": 0, "V05433": 4, "criancas_0a4": 17, "em_favela": false }, "geometry": { "type": "Polygon", "coordinates": [ [ [ -46.660846, -23.605473 ], [ -46.659985, -23.606163 ], [ -46.660731, -23.606953 ], [ -46.661583, -23.606269 ], [ -46.660846, -23.605473 ] ] ] } },
{ "type": "Feature", "properties": { "CD_SETOR": "355030832000239", "faces": 4, "pavimentada": 100.0, "bueiro": 25.0, "iluminacao": 100.0, "onibus": 25.0, "ciclovia": 25.0, "calcada": 100.0, "obstaculo": 0.0, "rampa": 100.0, "rampa_faces": 100.0, "sem_calcada": 0.0, "sem_arvore": 25.0, "muitas_arvores": 0.0, "vao": 0.0, "V05400": 4, "V05421": 4, "V05406": 4, "V05412": 4, "V05422": 0, "V05424": 0, "V05427": 4, "V05409": 1, "V05415": 1, "V05418": 1, "V05430": 1, "V05433": 0, "criancas_0a4": 0, "em_favela": false }, "geometry": { "type": "Polygon", "coordinates": [ [ [ -46.660932, -23.606793 ], [ -46.660731, -23.606953 ], [ -46.661476, -23.607743 ], [ -46.66233, -23.607056 ], [ -46.661906, -23.606609 ], [ -46.661506, -23.606934 ], [ -46.661562, -23.607 ], [ -46.661437, -23.607096 ], [ -46.661366, -23.607029 ], [ -46.661245, -23.607128 ], [ -46.660932, -23.606793 ] ] ] } },
{ "type": "Feature", "properties": { "CD_SETOR": "355030832000240", "faces": 2, "pavimentada": 100.0, "bueiro": 0.0, "iluminacao": 100.0, "onibus": 0.0, "ciclovia": 50.0, "calcada": 100.0, "obstaculo": 0.0, "rampa": 0.0, "rampa_faces": 0.0, "sem_calcada": 0.0, "sem_arvore": 0.0, "muitas_arvores": 0.0, "vao": 100.0, "V05400": 2, "V05421": 2, "V05406": 2, "V05412": 2, "V05422": 0, "V05424": 0, "V05427": 0, "V05409": 0, "V05415": 0, "V05418": 1, "V05430": 0, "V05433": 0, "criancas_0a4": 4, "em_favela": false }, "geometry": { "type": "Polygon", "coordinates": [ [ [ -46.660932, -23.606793 ], [ -46.661245, -23.607128 ], [ -46.661366, -23.607029 ], [ -46.661437, -23.607096 ], [ -46.661562, -23.607 ], [ -46.661506, -23.606934 ], [ -46.661906, -23.606609 ], [ -46.661583, -23.606269 ], [ -46.660932, -23.606793 ] ] ] } },
{ "type": "Feature", "properties": { "CD_SETOR": "355030832000241", "faces": 3, "pavimentada": 100.0, "bueiro": 100.0, "iluminacao": 100.0, "onibus": 0.0, "ciclovia": 0.0, "calcada": 100.0, "obstaculo": 0.0, "rampa": 100.0, "rampa_faces": 100.0, "sem_calcada": 0.0, "sem_arvore": 0.0, "muitas_arvores": 33.33, "vao": 0.0, "V05400": 3, "V05421": 3, "V05406": 3, "V05412": 3, "V05422": 0, "V05424": 0, "V05427": 3, "V05409": 3, "V05415": 0, "V05418": 0, "V05430": 0, "V05433": 1, "criancas_0a4": 15, "em_favela": false }, "geometry": { "type": "Polygon", "coordinates": [ [ [ -46.662621, -23.60405 ], [ -46.662218, -23.604373 ], [ -46.663048, -23.605249 ], [ -46.662971, -23.605309 ], [ -46.663606, -23.60603 ], [ -46.664099, -23.605641 ], [ -46.662621, -23.60405 ] ] ] } },
{ "type": "Feature", "properties": { "CD_SETOR": "355030832000242", "faces": 4, "pavimentada": 100.0, "bueiro": 100.0, "iluminacao": 100.0, "onibus": 0.0, "ciclovia": 50.0, "calcada": 100.0, "obstaculo": 50.0, "rampa": 100.0, "rampa_faces": 100.0, "sem_calcada": 0.0, "sem_arvore": 0.0, "muitas_arvores": 75.0, "vao": 0.0, "V05400": 4, "V05421": 4, "V05406": 4, "V05412": 4, "V05422": 0, "V05424": 2, "V05427": 4, "V05409": 4, "V05415": 0, "V05418": 2, "V05430": 0, "V05433": 3, "criancas_0a4": 3, "em_favela": false }, "geometry": { "type": "Polygon", "coordinates": [ [ [ -46.6695, -23.603187 ], [ -46.669043, -23.603552 ], [ -46.669523, -23.604064 ], [ -46.67038, -23.603385 ], [ -46.670038, -23.603023 ], [ -46.669642, -23.603341 ], [ -46.6695, -23.603187 ] ] ] } },
{ "type": "Feature", "properties": { "CD_SETOR": "355030832000243", "faces": 1, "pavimentada": 100.0, "bueiro": 0.0, "iluminacao": 100.0, "onibus": 0.0, "ciclovia": 0.0, "calcada": 100.0, "obstaculo": 0.0, "rampa": 0.0, "rampa_faces": 0.0, "sem_calcada": 0.0, "sem_arvore": 0.0, "muitas_arvores": 0.0, "vao": 100.0, "V05400": 1, "V05421": 1, "V05406": 1, "V05412": 1, "V05422": 0, "V05424": 0, "V05427": 0, "V05409": 0, "V05415": 0, "V05418": 0, "V05430": 0, "V05433": 0, "criancas_0a4": 6, "em_favela": false }, "geometry": { "type": "Polygon", "coordinates": [ [ [ -46.662253, -23.60618 ], [ -46.662751, -23.60672 ], [ -46.66327, -23.606303 ], [ -46.662791, -23.605772 ], [ -46.662253, -23.60618 ] ] ] } },
{ "type": "Feature", "properties": { "CD_SETOR": "355030832000244", "faces": 1, "pavimentada": 100.0, "bueiro": 100.0, "iluminacao": 100.0, "onibus": 0.0, "ciclovia": 100.0, "calcada": 100.0, "obstaculo": 0.0, "rampa": 0.0, "rampa_faces": 0.0, "sem_calcada": 0.0, "sem_arvore": 100.0, "muitas_arvores": 0.0, "vao": 100.0, "V05400": 1, "V05421": 1, "V05406": 1, "V05412": 1, "V05422": 0, "V05424": 0, "V05427": 0, "V05409": 1, "V05415": 0, "V05418": 1, "V05430": 1, "V05433": 0, "criancas_0a4": 21, "em_favela": false }, "geometry": { "type": "Polygon", "coordinates": [ [ [ -46.662305, -23.605253 ], [ -46.661379, -23.606045 ], [ -46.661583, -23.606269 ], [ -46.662545, -23.605507 ], [ -46.662305, -23.605253 ] ] ] } },
{ "type": "Feature", "properties": { "CD_SETOR": "355030832000245", "faces": 1, "pavimentada": 100.0, "bueiro": 0.0, "iluminacao": 100.0, "onibus": 0.0, "ciclovia": 100.0, "calcada": 100.0, "obstaculo": 0.0, "rampa": 0.0, "rampa_faces": 0.0, "sem_calcada": 0.0, "sem_arvore": 100.0, "muitas_arvores": 0.0, "vao": 100.0, "V05400": 1, "V05421": 1, "V05406": 1, "V05412": 1, "V05422": 0, "V05424": 0, "V05427": 0, "V05409": 0, "V05415": 0, "V05418": 1, "V05430": 1, "V05433": 0, "criancas_0a4": 24, "em_favela": false }, "geometry": { "type": "Polygon", "coordinates": [ [ [ -46.661583, -23.606269 ], [ -46.661814, -23.606512 ], [ -46.662791, -23.605772 ], [ -46.662545, -23.605507 ], [ -46.661583, -23.606269 ] ] ] } },
{ "type": "Feature", "properties": { "CD_SETOR": "355030832000246", "faces": 1, "pavimentada": 100.0, "bueiro": 100.0, "iluminacao": 100.0, "onibus": 0.0, "ciclovia": 0.0, "calcada": 100.0, "obstaculo": 0.0, "rampa": 0.0, "rampa_faces": 0.0, "sem_calcada": 0.0, "sem_arvore": 100.0, "muitas_arvores": 0.0, "vao": 100.0, "V05400": 1, "V05421": 1, "V05406": 1, "V05412": 1, "V05422": 0, "V05424": 0, "V05427": 0, "V05409": 1, "V05415": 0, "V05418": 0, "V05430": 1, "V05433": 0, "criancas_0a4": 27, "em_favela": false }, "geometry": { "type": "Polygon", "coordinates": [ [ [ -46.662123, -23.604447 ], [ -46.662584, -23.604994 ], [ -46.662305, -23.605253 ], [ -46.662609, -23.605572 ], [ -46.663048, -23.605249 ], [ -46.662218, -23.604373 ], [ -46.662123, -23.604447 ] ] ] } },
{ "type": "Feature", "properties": { "CD_SETOR": "355030832000247", "faces": 1, "pavimentada": 100.0, "bueiro": 100.0, "iluminacao": 100.0, "onibus": 0.0, "ciclovia": 0.0, "calcada": 100.0, "obstaculo": 0.0, "rampa": 0.0, "rampa_faces": 0.0, "sem_calcada": 0.0, "sem_arvore": 0.0, "muitas_arvores": 0.0, "vao": 100.0, "V05400": 1, "V05421": 1, "V05406": 1, "V05412": 1, "V05422": 0, "V05424": 0, "V05427": 0, "V05409": 1, "V05415": 0, "V05418": 0, "V05430": 0, "V05433": 0, "criancas_0a4": 33, "em_favela": false }, "geometry": { "type": "Polygon", "coordinates": [ [ [ -46.661817, -23.604695 ], [ -46.662305, -23.605253 ], [ -46.662584, -23.604994 ], [ -46.662123, -23.604447 ], [ -46.661817, -23.604695 ] ] ] } },
{ "type": "Feature", "properties": { "CD_SETOR": "355030832000248", "faces": 8, "pavimentada": 100.0, "bueiro": 100.0, "iluminacao": 100.0, "onibus": 12.5, "ciclovia": 37.5, "calcada": 100.0, "obstaculo": 25.0, "rampa": 87.5, "rampa_faces": 87.5, "sem_calcada": 0.0, "sem_arvore": 0.0, "muitas_arvores": 62.5, "vao": 12.5, "V05400": 8, "V05421": 8, "V05406": 8, "V05412": 8, "V05422": 0, "V05424": 2, "V05427": 7, "V05409": 8, "V05415": 1, "V05418": 3, "V05430": 0, "V05433": 5, "criancas_0a4": 21, "em_favela": false }, "geometry": { "type": "Polygon", "coordinates": [ [ [ -46.665492, -23.605907 ], [ -46.665868, -23.606316 ], [ -46.66529, -23.60681 ], [ -46.664895, -23.606386 ], [ -46.664844, -23.606427 ], [ -46.666318, -23.608017 ], [ -46.667425, -23.607134 ], [ -46.665935, -23.605549 ], [ -46.665492, -23.605907 ] ] ] } },
{ "type": "Feature", "properties": { "CD_SETOR": "355030832000249", "faces": 2, "pavimentada": 100.0, "bueiro": 100.0, "iluminacao": 100.0, "onibus": 50.0, "ciclovia": 0.0, "calcada": 100.0, "obstaculo": 0.0, "rampa": 50.0, "rampa_faces": 50.0, "sem_calcada": 0.0, "sem_arvore": 50.0, "muitas_arvores": 0.0, "vao": 50.0, "V05400": 2, "V05421": 2, "V05406": 2, "V05412": 2, "V05422": 0, "V05424": 0, "V05427": 1, "V05409": 2, "V05415": 1, "V05418": 0, "V05430": 1, "V05433": 0, "criancas_0a4": 0, "em_favela": false }, "geometry": { "type": "Polygon", "coordinates": [ [ [ -46.664895, -23.606386 ], [ -46.66529, -23.60681 ], [ -46.665868, -23.606316 ], [ -46.665492, -23.605907 ], [ -46.664895, -23.606386 ] ] ] } },
{ "type": "Feature", "properties": { "CD_SETOR": "355030832000250", "faces": 3, "pavimentada": 100.0, "bueiro": 33.33, "iluminacao": 100.0, "onibus": 0.0, "ciclovia": 0.0, "calcada": 100.0, "obstaculo": 0.0, "rampa": 100.0, "rampa_faces": 100.0, "sem_calcada": 0.0, "sem_arvore": 0.0, "muitas_arvores": 33.33, "vao": 0.0, "V05400": 3, "V05421": 3, "V05406": 3, "V05412": 3, "V05422": 0, "V05424": 0, "V05427": 3, "V05409": 1, "V05415": 0, "V05418": 0, "V05430": 0, "V05433": 1, "criancas_0a4": 8, "em_favela": false }, "geometry": { "type": "Polygon", "coordinates": [ [ [ -46.66508, -23.603465 ], [ -46.665444, -23.603896 ], [ -46.665312, -23.604 ], [ -46.665671, -23.604377 ], [ -46.666193, -23.603959 ], [ -46.665451, -23.603169 ], [ -46.66508, -23.603465 ] ] ] } },
{ "type": "Feature", "properties": { "CD_SETOR": "355030832000252", "faces": 1, "pavimentada": 100.0, "bueiro": 100.0, "iluminacao": 100.0, "onibus": 0.0, "ciclovia": 0.0, "calcada": 100.0, "obstaculo": 0.0, "rampa": 0.0, "rampa_faces": 0.0, "sem_calcada": 0.0, "sem_arvore": 0.0, "muitas_arvores": 0.0, "vao": 100.0, "V05400": 1, "V05421": 1, "V05406": 1, "V05412": 1, "V05422": 0, "V05424": 0, "V05427": 0, "V05409": 1, "V05415": 0, "V05418": 0, "V05430": 0, "V05433": 0, "criancas_0a4": 0, "em_favela": false }, "geometry": { "type": "Polygon", "coordinates": [ [ [ -46.665063, -23.603478 ], [ -46.66487, -23.603632 ], [ -46.665246, -23.604053 ], [ -46.665444, -23.603896 ], [ -46.665063, -23.603478 ] ] ] } },
{ "type": "Feature", "properties": { "CD_SETOR": "355030832000254", "faces": 4, "pavimentada": 100.0, "bueiro": 100.0, "iluminacao": 100.0, "onibus": 0.0, "ciclovia": 0.0, "calcada": 100.0, "obstaculo": 0.0, "rampa": 25.0, "rampa_faces": 25.0, "sem_calcada": 0.0, "sem_arvore": 25.0, "muitas_arvores": 50.0, "vao": 75.0, "V05400": 4, "V05421": 4, "V05406": 4, "V05412": 4, "V05422": 0, "V05424": 0, "V05427": 1, "V05409": 4, "V05415": 0, "V05418": 0, "V05430": 1, "V05433": 2, "criancas_0a4": 10, "em_favela": false }, "geometry": { "type": "Polygon", "coordinates": [ [ [ -46.665395, -23.604598 ], [ -46.665188, -23.604762 ], [ -46.665935, -23.605549 ], [ -46.666927, -23.604736 ], [ -46.666586, -23.604376 ], [ -46.665798, -23.605019 ], [ -46.665395, -23.604598 ] ] ] } },
{ "type": "Feature", "properties": { "CD_SETOR": "355030832000255", "faces": 2, "pavimentada": 100.0, "bueiro": 0.0, "iluminacao": 100.0, "onibus": 0.0, "ciclovia": 0.0, "calcada": 100.0, "obstaculo": 0.0, "rampa": 0.0, "rampa_faces": 0.0, "sem_calcada": 0.0, "sem_arvore": 50.0, "muitas_arvores": 50.0, "vao": 100.0, "V05400": 2, "V05421": 2, "V05406": 2, "V05412": 2, "V05422": 0, "V05424": 0, "V05427": 0, "V05409": 0, "V05415": 0, "V05418": 0, "V05430": 1, "V05433": 1, "criancas_0a4": 18, "em_favela": false }, "geometry": { "type": "Polygon", "coordinates": [ [ [ -46.666193, -23.603959 ], [ -46.665395, -23.604598 ], [ -46.665798, -23.605019 ], [ -46.666586, -23.604376 ], [ -46.666193, -23.603959 ] ] ] } },
{ "type": "Feature", "properties": { "CD_SETOR": "355030832000256", "faces": 2, "pavimentada": 100.0, "bueiro": 100.0, "iluminacao": 100.0, "onibus": 0.0, "ciclovia": 0.0, "calcada": 100.0, "obstaculo": 0.0, "rampa": 0.0, "rampa_faces": 0.0, "sem_calcada": 0.0, "sem_arvore": 50.0, "muitas_arvores": 0.0, "vao": 100.0, "V05400": 2, "V05421": 2, "V05406": 2, "V05412": 2, "V05422": 0, "V05424": 0, "V05427": 0, "V05409": 2, "V05415": 0, "V05418": 0, "V05430": 1, "V05433": 0, "criancas_0a4": 11, "em_favela": false }, "geometry": { "type": "Polygon", "coordinates": [ [ [ -46.666526, -23.604313 ], [ -46.666927, -23.604736 ], [ -46.667325, -23.604402 ], [ -46.666918, -23.603976 ], [ -46.666526, -23.604313 ] ] ] } },
{ "type": "Feature", "properties": { "CD_SETOR": "355030832000257", "faces": 2, "pavimentada": 100.0, "bueiro": 100.0, "iluminacao": 100.0, "onibus": 0.0, "ciclovia": 0.0, "calcada": 100.0, "obstaculo": 50.0, "rampa": 0.0, "rampa_faces": 0.0, "sem_calcada": 0.0, "sem_arvore": 50.0, "muitas_arvores": 0.0, "vao": 100.0, "V05400": 2, "V05421": 2, "V05406": 2, "V05412": 2, "V05422": 0, "V05424": 1, "V05427": 0, "V05409": 2, "V05415": 0, "V05418": 0, "V05430": 1, "V05433": 0, "criancas_0a4": 19, "em_favela": false }, "geometry": { "type": "Polygon", "coordinates": [ [ [ -46.667518, -23.603499 ], [ -46.666918, -23.603976 ], [ -46.667325, -23.604402 ], [ -46.667923, -23.603931 ], [ -46.667518, -23.603499 ] ] ] } },
{ "type": "Feature", "properties": { "CD_SETOR": "355030832000258", "faces": 2, "pavimentada": 100.0, "bueiro": 0.0, "iluminacao": 100.0, "onibus": 0.0, "ciclovia": 0.0, "calcada": 100.0, "obstaculo": 0.0, "rampa": 100.0, "rampa_faces": 100.0, "sem_calcada": 0.0, "sem_arvore": 0.0, "muitas_arvores": 50.0, "vao": 0.0, "V05400": 2, "V05421": 2, "V05406": 2, "V05412": 2, "V05422": 0, "V05424": 0, "V05427": 2, "V05409": 0, "V05415": 0, "V05418": 0, "V05430": 0, "V05433": 1, "criancas_0a4": 14, "em_favela": false }, "geometry": { "type": "Polygon", "coordinates": [ [ [ -46.666193, -23.603959 ], [ -46.666526, -23.604313 ], [ -46.66723, -23.603731 ], [ -46.666921, -23.603377 ], [ -46.666193, -23.603959 ] ] ] } },
{ "type": "Feature", "properties": { "CD_SETOR": "355030832000259", "faces": 2, "pavimentada": 100.0, "bueiro": 50.0, "iluminacao": 100.0, "onibus": 0.0, "ciclovia": 0.0, "calcada": 100.0, "obstaculo": 50.0, "rampa": 100.0, "rampa_faces": 100.0, "sem_calcada": 0.0, "sem_arvore": 0.0, "muitas_arvores": 50.0, "vao": 0.0, "V05400": 2, "V05421": 2, "V05406": 2, "V05412": 2, "V05422": 0, "V05424": 1, "V05427": 2, "V05409": 1, "V05415": 0, "V05418": 0, "V05430": 0, "V05433": 1, "criancas_0a4": 6, "em_favela": false }, "geometry": { "type": "Polygon", "coordinates": [ [ [ -46.666921, -23.603377 ], [ -46.66723, -23.603731 ], [ -46.667518, -23.603499 ], [ -46.667197, -23.603156 ], [ -46.666921, -23.603377 ] ] ] } },
{ "type": "Feature", "properties": { "CD_SETOR": "355030832000260", "faces": 6, "pavimentada": 100.0, "bueiro": 83.33, "iluminacao": 100.0, "onibus": 16.67, "ciclovia": 16.67, "calcada": 100.0, "obstaculo": 0.0, "rampa": 66.67, "rampa_faces": 66.67, "sem_calcada": 0.0, "sem_arvore": 50.0, "muitas_arvores": 33.33, "vao": 33.33, "V05400": 6, "V05421": 6, "V05406": 6, "V05412": 6, "V05422": 0, "V05424": 0, "V05427": 4, "V05409": 5, "V05415": 1, "V05418": 1, "V05430": 3, "V05433": 2, "criancas_0a4": 24, "em_favela": false }, "geometry": { "type": "Polygon", "coordinates": [ [ [ -46.667197, -23.603156 ], [ -46.668685, -23.604741 ], [ -46.669429, -23.604139 ], [ -46.669275, -23.603975 ], [ -46.669152, -23.604065 ], [ -46.669112, -23.60402 ], [ -46.668918, -23.604176 ], [ -46.667672, -23.602773 ], [ -46.667197, -23.603156 ] ] ] } },
{ "type": "Feature", "properties": { "CD_SETOR": "355030832000261", "faces": 1, "pavimentada": 100.0, "bueiro": 100.0, "iluminacao": 100.0, "onibus": 0.0, "ciclovia": 0.0, "calcada": 100.0, "obstaculo": 0.0, "rampa": 100.0, "rampa_faces": 100.0, "sem_calcada": 0.0, "sem_arvore": 0.0, "muitas_arvores": 0.0, "vao": 0.0, "V05400": 1, "V05421": 1, "V05406": 1, "V05412": 1, "V05422": 0, "V05424": 0, "V05427": 1, "V05409": 1, "V05415": 0, "V05418": 0, "V05430": 0, "V05433": 0, "criancas_0a4": 12, "em_favela": false }, "geometry": { "type": "Polygon", "coordinates": [ [ [ -46.667672, -23.602773 ], [ -46.668046, -23.60321 ], [ -46.668438, -23.602907 ], [ -46.668039, -23.602479 ], [ -46.667672, -23.602773 ] ] ] } },
{ "type": "Feature", "properties": { "CD_SETOR": "355030832000262", "faces": 7, "pavimentada": 100.0, "bueiro": 100.0, "iluminacao": 100.0, "onibus": 0.0, "ciclovia": 0.0, "calcada": 100.0, "obstaculo": 0.0, "rampa": 100.0, "rampa_faces": 100.0, "sem_calcada": 0.0, "sem_arvore": 0.0, "muitas_arvores": 71.43, "vao": 0.0, "V05400": 7, "V05421": 7, "V05406": 7, "V05412": 7, "V05422": 0, "V05424": 0, "V05427": 7, "V05409": 7, "V05415": 0, "V05418": 0, "V05430": 0, "V05433": 5, "criancas_0a4": 25, "em_favela": false }, "geometry": { "type": "Polygon", "coordinates": [ [ [ -46.662617, -23.60204 ], [ -46.663702, -23.603183 ], [ -46.664705, -23.602379 ], [ -46.663825, -23.601446 ], [ -46.663603, -23.601618 ], [ -46.663419, -23.601412 ], [ -46.662617, -23.60204 ] ] ] } },
{ "type": "Feature", "properties": { "CD_SETOR": "355030832000263", "faces": 3, "pavimentada": 100.0, "bueiro": 100.0, "iluminacao": 100.0, "onibus": 33.33, "ciclovia": 0.0, "calcada": 100.0, "obstaculo": 0.0, "rampa": 100.0, "rampa_faces": 100.0, "sem_calcada": 0.0, "sem_arvore": 0.0, "muitas_arvores": 100.0, "vao": 0.0, "V05400": 3, "V05421": 3, "V05406": 3, "V05412": 3, "V05422": 0, "V05424": 0, "V05427": 3, "V05409": 3, "V05415": 1, "V05418": 0, "V05430": 0, "V05433": 3, "criancas_0a4": 5, "em_favela": false }, "geometry": { "type": "Polygon", "coordinates": [ [ [ -46.662211, -23.601604 ], [ -46.662617, -23.60204 ], [ -46.663419, -23.601412 ], [ -46.663603, -23.601618 ], [ -46.663825, -23.601446 ], [ -46.663214, -23.600801 ], [ -46.662211, -23.601604 ] ] ] } },
{ "type": "Feature", "properties": { "CD_SETOR": "355030832000264", "faces": 3, "pavimentada": 100.0, "bueiro": 66.67, "iluminacao": 100.0, "onibus": 0.0, "ciclovia": 33.33, "calcada": 100.0, "obstaculo": 0.0, "rampa": 33.33, "rampa_faces": 33.33, "sem_calcada": 0.0, "sem_arvore": 33.33, "muitas_arvores": 33.33, "vao": 66.67, "V05400": 3, "V05421": 3, "V05406": 3, "V05412": 3, "V05422": 0, "V05424": 0, "V05427": 1, "V05409": 2, "V05415": 0, "V05418": 1, "V05430": 1, "V05433": 1, "criancas_0a4": 18, "em_favela": false }, "geometry": { "type": "Polygon", "coordinates": [ [ [ -46.669909, -23.602064 ], [ -46.670481, -23.602664 ], [ -46.670631, -23.602545 ], [ -46.670977, -23.602913 ], [ -46.671223, -23.602712 ], [ -46.670181, -23.601612 ], [ -46.669909, -23.602064 ] ] ] } },
{ "type": "Feature", "properties": { "CD_SETOR": "355030832000265", "faces": 2, "pavimentada": 100.0, "bueiro": 100.0, "iluminacao": 100.0, "onibus": 0.0, "ciclovia": 100.0, "calcada": 100.0, "obstaculo": 0.0, "rampa": 100.0, "rampa_faces": 100.0, "sem_calcada": 0.0, "sem_arvore": 0.0, "muitas_arvores": 50.0, "vao": 0.0, "V05400": 2, "V05421": 2, "V05406": 2, "V05412": 2, "V05422": 0, "V05424": 0, "V05427": 2, "V05409": 2, "V05415": 0, "V05418": 2, "V05430": 0, "V05433": 1, "criancas_0a4": 5, "em_favela": false }, "geometry": { "type": "Polygon", "coordinates": [ [ [ -46.670631, -23.602545 ], [ -46.670038, -23.603023 ], [ -46.67038, -23.603385 ], [ -46.670977, -23.602913 ], [ -46.670631, -23.602545 ] ] ] } },
{ "type": "Feature", "properties": { "CD_SETOR": "355030832000266", "faces": 4, "pavimentada": 100.0, "bueiro": 50.0, "iluminacao": 100.0, "onibus": 0.0, "ciclovia": 25.0, "calcada": 100.0, "obstaculo": 0.0, "rampa": 0.0, "rampa_faces": 0.0, "sem_calcada": 0.0, "sem_arvore": 0.0, "muitas_arvores": 50.0, "vao": 100.0, "V05400": 4, "V05421": 4, "V05406": 4, "V05412": 4, "V05422": 0, "V05424": 0, "V05427": 0, "V05409": 2, "V05415": 0, "V05418": 1, "V05430": 0, "V05433": 2, "criancas_0a4": 10, "em_favela": false }, "geometry": { "type": "Polygon", "coordinates": [ [ [ -46.669725, -23.60112 ], [ -46.668886, -23.601798 ], [ -46.669119, -23.602046 ], [ -46.669508, -23.601731 ], [ -46.669883, -23.602105 ], [ -46.670181, -23.601612 ], [ -46.669725, -23.60112 ] ] ] } },
{ "type": "Feature", "properties": { "CD_SETOR": "355030832000267", "faces": 2, "pavimentada": 100.0, "bueiro": 50.0, "iluminacao": 100.0, "onibus": 0.0, "ciclovia": 50.0, "calcada": 100.0, "obstaculo": 0.0, "rampa": 0.0, "rampa_faces": 0.0, "sem_calcada": 0.0, "sem_arvore": 0.0, "muitas_arvores": 50.0, "vao": 100.0, "V05400": 2, "V05421": 2, "V05406": 2, "V05412": 2, "V05422": 0, "V05424": 0, "V05427": 0, "V05409": 1, "V05415": 0, "V05418": 1, "V05430": 0, "V05433": 1, "criancas_0a4": 15, "em_favela": false }, "geometry": { "type": "Polygon", "coordinates": [ [ [ -46.669119, -23.602046 ], [ -46.669594, -23.602553 ], [ -46.669883, -23.602105 ], [ -46.669508, -23.601731 ], [ -46.669119, -23.602046 ] ] ] } },
{ "type": "Feature", "properties": { "CD_SETOR": "355030832000268", "faces": 2, "pavimentada": 100.0, "bueiro": 100.0, "iluminacao": 100.0, "onibus": 0.0, "ciclovia": 0.0, "calcada": 100.0, "obstaculo": 0.0, "rampa": 0.0, "rampa_faces": 0.0, "sem_calcada": 0.0, "sem_arvore": 0.0, "muitas_arvores": 50.0, "vao": 100.0, "V05400": 2, "V05421": 2, "V05406": 2, "V05412": 2, "V05422": 0, "V05424": 0, "V05427": 0, "V05409": 2, "V05415": 0, "V05418": 0, "V05430": 0, "V05433": 1, "criancas_0a4": 8, "em_favela": false }, "geometry": { "type": "Polygon", "coordinates": [ [ [ -46.670603, -23.601202 ], [ -46.670654, -23.601269 ], [ -46.67021, -23.601642 ], [ -46.670477, -23.601925 ], [ -46.671086, -23.601433 ], [ -46.670736, -23.601078 ], [ -46.670603, -23.601202 ] ] ] } },
{ "type": "Feature", "properties": { "CD_SETOR": "355030832000269", "faces": 3, "pavimentada": 100.0, "bueiro": 100.0, "iluminacao": 100.0, "onibus": 0.0, "ciclovia": 0.0, "calcada": 100.0, "obstaculo": 33.33, "rampa": 0.0, "rampa_faces": 0.0, "sem_calcada": 0.0, "sem_arvore": 33.33, "muitas_arvores": 33.33, "vao": 100.0, "V05400": 3, "V05421": 3, "V05406": 3, "V05412": 3, "V05422": 0, "V05424": 1, "V05427": 0, "V05409": 3, "V05415": 0, "V05418": 0, "V05430": 1, "V05433": 1, "criancas_0a4": 15, "em_favela": false }, "geometry": { "type": "Polygon", "coordinates": [ [ [ -46.67018, -23.600767 ], [ -46.670603, -23.601202 ], [ -46.670736, -23.601078 ], [ -46.671086, -23.601433 ], [ -46.671322, -23.601242 ], [ -46.670308, -23.600153 ], [ -46.670128, -23.600348 ], [ -46.670319, -23.600562 ], [ -46.67018, -23.600767 ] ] ] } },
{ "type": "Feature", "properties": { "CD_SETOR": "355030832000270", "faces": 4, "pavimentada": 100.0, "bueiro": 0.0, "iluminacao": 100.0, "onibus": 0.0, "ciclovia": 0.0, "calcada": 100.0, "obstaculo": 75.0, "rampa": 0.0, "rampa_faces": 0.0, "sem_calcada": 0.0, "sem_arvore": 25.0, "muitas_arvores": 25.0, "vao": 100.0, "V05400": 4, "V05421": 4, "V05406": 4, "V05412": 4, "V05422": 0, "V05424": 3, "V05427": 0, "V05409": 0, "V05415": 0, "V05418": 0, "V05430": 1, "V05433": 1, "criancas_0a4": 11, "em_favela": false }, "geometry": { "type": "Polygon", "coordinates": [ [ [ -46.669845, -23.595936 ], [ -46.669971, -23.596947 ], [ -46.67106, -23.596675 ], [ -46.670804, -23.59619 ], [ -46.670755, -23.595868 ], [ -46.669845, -23.595936 ] ] ] } },
{ "type": "Feature", "properties": { "CD_SETOR": "355030832000271", "faces": 8, "pavimentada": 100.0, "bueiro": 75.0, "iluminacao": 100.0, "onibus": 25.0, "ciclovia": 0.0, "calcada": 100.0, "obstaculo": 75.0, "rampa": 37.5, "rampa_faces": 37.5, "sem_calcada": 0.0, "sem_arvore": 0.0, "muitas_arvores": 37.5, "vao": 62.5, "V05400": 8, "V05421": 8, "V05406": 8, "V05412": 8, "V05422": 0, "V05424": 6, "V05427": 3, "V05409": 6, "V05415": 2, "V05418": 0, "V05430": 0, "V05433": 3, "criancas_0a4": 25, "em_favela": false }, "geometry": { "type": "Polygon", "coordinates": [ [ [ -46.669971, -23.596947 ], [ -46.670093, -23.597942 ], [ -46.671138, -23.59843 ], [ -46.671471, -23.598514 ], [ -46.671381, -23.59729 ], [ -46.67106, -23.596675 ], [ -46.669971, -23.596947 ] ] ] } },
{ "type": "Feature", "properties": { "CD_SETOR": "355030832000272", "faces": 8, "pavimentada": 100.0, "bueiro": 87.5, "iluminacao": 100.0, "onibus": 12.5, "ciclovia": 0.0, "calcada": 100.0, "obstaculo": 37.5, "rampa": 12.5, "rampa_faces": 12.5, "sem_calcada": 0.0, "sem_arvore": 50.0, "muitas_arvores": 12.5, "vao": 87.5, "V05400": 8, "V05421": 8, "V05406": 8, "V05412": 8, "V05422": 0, "V05424": 3, "V05427": 1, "V05409": 7, "V05415": 1, "V05418": 0, "V05430": 4, "V05433": 1, "criancas_0a4": 15, "em_favela": false }, "geometry": { "type": "Polygon", "coordinates": [ [ [ -46.671427, -23.597889 ], [ -46.671471, -23.598514 ], [ -46.672073, -23.598496 ], [ -46.673403, -23.597952 ], [ -46.673923, -23.597814 ], [ -46.673901, -23.597374 ], [ -46.673741, -23.59733 ], [ -46.671427, -23.597889 ] ] ] } },
{ "type": "Feature", "properties": { "CD_SETOR": "355030832000273", "faces": 1, "pavimentada": 100.0, "bueiro": 0.0, "iluminacao": 100.0, "onibus": 0.0, "ciclovia": 0.0, "calcada": 100.0, "obstaculo": 100.0, "rampa": 0.0, "rampa_faces": 0.0, "sem_calcada": 0.0, "sem_arvore": 0.0, "muitas_arvores": 100.0, "vao": 100.0, "V05400": 1, "V05421": 1, "V05406": 1, "V05412": 1, "V05422": 0, "V05424": 1, "V05427": 0, "V05409": 0, "V05415": 0, "V05418": 0, "V05430": 0, "V05433": 1, "criancas_0a4": 11, "em_favela": false }, "geometry": { "type": "Polygon", "coordinates": [ [ [ -46.671973, -23.600355 ], [ -46.67101, -23.599313 ], [ -46.670849, -23.599433 ], [ -46.671008, -23.599632 ], [ -46.670763, -23.599797 ], [ -46.671418, -23.600508 ], [ -46.671575, -23.600413 ], [ -46.671699, -23.600571 ], [ -46.671973, -23.600355 ] ] ] } },
{ "type": "Feature", "properties": { "CD_SETOR": "355030832000274", "faces": 22, "pavimentada": 100.0, "bueiro": 59.09, "iluminacao": 100.0, "onibus": 9.09, "ciclovia": 13.64, "calcada": 100.0, "obstaculo": 50.0, "rampa": 13.64, "rampa_faces": 13.64, "sem_calcada": 0.0, "sem_arvore": 22.73, "muitas_arvores": 50.0, "vao": 86.36, "V05400": 22, "V05421": 22, "V05406": 22, "V05412": 22, "V05422": 0, "V05424": 11, "V05427": 3, "V05409": 13, "V05415": 2, "V05418": 3, "V05430": 5, "V05433": 11, "criancas_0a4": 14, "em_favela": false }, "geometry": { "type": "Polygon", "coordinates": [ [ [ -46.672073, -23.598496 ], [ -46.671318, -23.598483 ], [ -46.670389, -23.599184 ], [ -46.670177, -23.599676 ], [ -46.670045, -23.599761 ], [ -46.67041, -23.60028 ], [ -46.671322, -23.601242 ], [ -46.672169, -23.600567 ], [ -46.671973, -23.600355 ], [ -46.671699, -23.600571 ], [ -46.671575, -23.600413 ], [ -46.671418, -23.600508 ], [ -46.670763, -23.599797 ], [ -46.671008, -23.599632 ], [ -46.670849, -23.599433 ], [ -46.67101, -23.599313 ], [ -46.671347, -23.598861 ], [ -46.671607, -23.599121 ], [ -46.671835, -23.598955 ], [ -46.672092, -23.599236 ], [ -46.67307, -23.598462 ], [ -46.673882, -23.59838 ], [ -46.673923, -23.597814 ], [ -46.673403, -23.597952 ], [ -46.672073, -23.598496 ] ] ] } },
{ "type": "Feature", "properties": { "CD_SETOR": "355030832000275", "faces": 12, "pavimentada": 100.0, "bueiro": 91.67, "iluminacao": 100.0, "onibus": 0.0, "ciclovia": 0.0, "calcada": 100.0, "obstaculo": 8.33, "rampa": 100.0, "rampa_faces": 100.0, "sem_calcada": 0.0, "sem_arvore": 0.0, "muitas_arvores": 100.0, "vao": 0.0, "V05400": 12, "V05421": 12, "V05406": 12, "V05412": 12, "V05422": 0, "V05424": 1, "V05427": 12, "V05409": 11, "V05415": 0, "V05418": 0, "V05430": 0, "V05433": 12, "criancas_0a4": 3, "em_favela": false }, "geometry": { "type": "Polygon", "coordinates": [ [ [ -46.670198, -23.592091 ], [ -46.668905, -23.59225 ], [ -46.669217, -23.594321 ], [ -46.670501, -23.594162 ], [ -46.670198, -23.592091 ] ] ] } },
{ "type": "Feature", "properties": { "CD_SETOR": "355030832000276", "faces": 8, "pavimentada": 100.0, "bueiro": 100.0, "iluminacao": 100.0, "onibus": 0.0, "ciclovia": 0.0, "calcada": 100.0, "obstaculo": 12.5, "rampa": 100.0, "rampa_faces": 100.0, "sem_calcada": 0.0, "sem_arvore": 0.0, "muitas_arvores": 100.0, "vao": 0.0, "V05400": 8, "V05421": 8, "V05406": 8, "V05412": 8, "V05422": 0, "V05424": 1, "V05427": 8, "V05409": 8, "V05415": 0, "V05418": 0, "V05430": 0, "V05433": 8, "criancas_0a4": 9, "em_favela": false }, "geometry": { "type": "Polygon", "coordinates": [ [ [ -46.667958, -23.592364 ], [ -46.668261, -23.594441 ], [ -46.669217, -23.594321 ], [ -46.668905, -23.59225 ], [ -46.667958, -23.592364 ] ] ] } },
{ "type": "Feature", "properties": { "CD_SETOR": "355030832000277", "faces": 4, "pavimentada": 100.0, "bueiro": 100.0, "iluminacao": 100.0, "onibus": 25.0, "ciclovia": 0.0, "calcada": 100.0, "obstaculo": 25.0, "rampa": 100.0, "rampa_faces": 100.0, "sem_calcada": 0.0, "sem_arvore": 0.0, "muitas_arvores": 75.0, "vao": 0.0, "V05400": 4, "V05421": 4, "V05406": 4, "V05412": 4, "V05422": 0, "V05424": 1, "V05427": 4, "V05409": 4, "V05415": 1, "V05418": 0, "V05430": 0, "V05433": 3, "criancas_0a4": 11, "em_favela": false }, "geometry": { "type": "Polygon", "coordinates": [ [ [ -46.66938, -23.5943 ], [ -46.669533, -23.59536 ], [ -46.670656, -23.595223 ], [ -46.670501, -23.594162 ], [ -46.66938, -23.5943 ] ] ] } },
{ "type": "Feature", "properties": { "CD_SETOR": "355030832000278", "faces": 1, "pavimentada": 100.0, "bueiro": 100.0, "iluminacao": 100.0, "onibus": 0.0, "ciclovia": 0.0, "calcada": 100.0, "obstaculo": 0.0, "rampa": 0.0, "rampa_faces": 0.0, "sem_calcada": 0.0, "sem_arvore": 0.0, "muitas_arvores": 0.0, "vao": 100.0, "V05400": 1, "V05421": 1, "V05406": 1, "V05412": 1, "V05422": 0, "V05424": 0, "V05427": 0, "V05409": 1, "V05415": 0, "V05418": 0, "V05430": 0, "V05433": 0, "criancas_0a4": 8, "em_favela": false }, "geometry": { "type": "Polygon", "coordinates": [ [ [ -46.673577, -23.603631 ], [ -46.673777, -23.603842 ], [ -46.674224, -23.603476 ], [ -46.674022, -23.603246 ], [ -46.673577, -23.603631 ] ] ] } },
{ "type": "Feature", "properties": { "CD_SETOR": "355030832000279", "faces": 8, "pavimentada": 100.0, "bueiro": 25.0, "iluminacao": 100.0, "onibus": 0.0, "ciclovia": 0.0, "calcada": 100.0, "obstaculo": 25.0, "rampa": 100.0, "rampa_faces": 100.0, "sem_calcada": 0.0, "sem_arvore": 0.0, "muitas_arvores": 100.0, "vao": 0.0, "V05400": 8, "V05421": 8, "V05406": 8, "V05412": 8, "V05422": 0, "V05424": 2, "V05427": 8, "V05409": 2, "V05415": 0, "V05418": 0, "V05430": 0, "V05433": 8, "criancas_0a4": 13, "em_favela": false }, "geometry": { "type": "Polygon", "coordinates": [ [ [ -46.668745, -23.591562 ], [ -46.669086, -23.592228 ], [ -46.671323, -23.59195 ], [ -46.670863, -23.590627 ], [ -46.668745, -23.591562 ] ] ] } },
{ "type": "Feature", "properties": { "CD_SETOR": "355030832000280", "faces": 9, "pavimentada": 100.0, "bueiro": 22.22, "iluminacao": 100.0, "onibus": 0.0, "ciclovia": 0.0, "calcada": 100.0, "obstaculo": 11.11, "rampa": 100.0, "rampa_faces": 100.0, "sem_calcada": 0.0, "sem_arvore": 0.0, "muitas_arvores": 100.0, "vao": 0.0, "V05400": 9, "V05421": 9, "V05406": 9, "V05412": 9, "V05422": 0, "V05424": 1, "V05427": 9, "V05409": 2, "V05415": 0, "V05418": 0, "V05430": 0, "V05433": 9, "criancas_0a4": 23, "em_favela": false }, "geometry": { "type": "Polygon", "coordinates": [ [ [ -46.668745, -23.591562 ], [ -46.670863, -23.590627 ], [ -46.670347, -23.5897 ], [ -46.668243, -23.590618 ], [ -46.668745, -23.591562 ] ] ] } },
{ "type": "Feature", "properties": { "CD_SETOR": "355030832000281", "faces": 4, "pavimentada": 100.0, "bueiro": 25.0, "iluminacao": 100.0, "onibus": 0.0, "ciclovia": 50.0, "calcada": 100.0, "obstaculo": 25.0, "rampa": 50.0, "rampa_faces": 50.0, "sem_calcada": 0.0, "sem_arvore": 0.0, "muitas_arvores": 50.0, "vao": 50.0, "V05400": 4, "V05421": 4, "V05406": 4, "V05412": 4, "V05422": 0, "V05424": 1, "V05427": 2, "V05409": 1, "V05415": 0, "V05418": 2, "V05430": 0, "V05433": 2, "criancas_0a4": 3, "em_favela": false }, "geometry": { "type": "Polygon", "coordinates": [ [ [ -46.67207, -23.60203 ], [ -46.671223, -23.602712 ], [ -46.671632, -23.603147 ], [ -46.672156, -23.602735 ], [ -46.672489, -23.603087 ], [ -46.672818, -23.602825 ], [ -46.67207, -23.60203 ] ] ] } },
{ "type": "Feature", "properties": { "CD_SETOR": "355030832000282", "faces": 2, "pavimentada": 100.0, "bueiro": 50.0, "iluminacao": 100.0, "onibus": 0.0, "ciclovia": 50.0, "calcada": 100.0, "obstaculo": 0.0, "rampa": 0.0, "rampa_faces": 0.0, "sem_calcada": 0.0, "sem_arvore": 0.0, "muitas_arvores": 0.0, "vao": 100.0, "V05400": 2, "V05421": 2, "V05406": 2, "V05412": 2, "V05422": 0, "V05424": 0, "V05427": 0, "V05409": 1, "V05415": 0, "V05418": 1, "V05430": 0, "V05433": 0, "criancas_0a4": 12, "em_favela": false }, "geometry": { "type": "Polygon", "coordinates": [ [ [ -46.671632, -23.603147 ], [ -46.671968, -23.603504 ], [ -46.672489, -23.603087 ], [ -46.672156, -23.602735 ], [ -46.671632, -23.603147 ] ] ] } },
{ "type": "Feature", "properties": { "CD_SETOR": "355030832000283", "faces": 15, "pavimentada": 100.0, "bueiro": 73.33, "iluminacao": 100.0, "onibus": 6.67, "ciclovia": 0.0, "calcada": 100.0, "obstaculo": 40.0, "rampa": 86.67, "rampa_faces": 86.67, "sem_calcada": 0.0, "sem_arvore": 13.33, "muitas_arvores": 80.0, "vao": 13.33, "V05400": 15, "V05421": 15, "V05406": 15, "V05412": 15, "V05422": 0, "V05424": 6, "V05427": 13, "V05409": 11, "V05415": 1, "V05418": 0, "V05430": 2, "V05433": 12, "criancas_0a4": 11, "em_favela": false }, "geometry": { "type": "Polygon", "coordinates": [ [ [ -46.66968, -23.585349 ], [ -46.670683, -23.587201 ], [ -46.668019, -23.588414 ], [ -46.666453, -23.589592 ], [ -46.666664, -23.589964 ], [ -46.671562, -23.587542 ], [ -46.671263, -23.586614 ], [ -46.670782, -23.585477 ], [ -46.670745, -23.58551 ], [ -46.670294, -23.585342 ], [ -46.66968, -23.585349 ] ] ] } },
{ "type": "Feature", "properties": { "CD_SETOR": "355030832000284", "faces": 12, "pavimentada": 100.0, "bueiro": 83.33, "iluminacao": 100.0, "onibus": 0.0, "ciclovia": 0.0, "calcada": 100.0, "obstaculo": 50.0, "rampa": 91.67, "rampa_faces": 91.67, "sem_calcada": 0.0, "sem_arvore": 8.33, "muitas_arvores": 83.33, "vao": 8.33, "V05400": 12, "V05421": 12, "V05406": 12, "V05412": 12, "V05422": 0, "V05424": 6, "V05427": 11, "V05409": 10, "V05415": 0, "V05418": 0, "V05430": 1, "V05433": 10, "criancas_0a4": 11, "em_favela": false }, "geometry": { "type": "Polygon", "coordinates": [ [ [ -46.668717, -23.585396 ], [ -46.668266, -23.585504 ], [ -46.668372, -23.585617 ], [ -46.669443, -23.587752 ], [ -46.670683, -23.587201 ], [ -46.66968, -23.585349 ], [ -46.668717, -23.585396 ] ] ] } },
{ "type": "Feature", "properties": { "CD_SETOR": "355030832000285", "faces": 3, "pavimentada": 100.0, "bueiro": 66.67, "iluminacao": 100.0, "onibus": 33.33, "ciclovia": 33.33, "calcada": 100.0, "obstaculo": 100.0, "rampa": 66.67, "rampa_faces": 66.67, "sem_calcada": 0.0, "sem_arvore": 33.33, "muitas_arvores": 66.67, "vao": 33.33, "V05400": 3, "V05421": 3, "V05406": 3, "V05412": 3, "V05422": 0, "V05424": 3, "V05427": 2, "V05409": 2, "V05415": 1, "V05418": 1, "V05430": 1, "V05433": 2, "criancas_0a4": 9, "em_favela": false }, "geometry": { "type": "Polygon", "coordinates": [ [ [ -46.6538, -23.574233 ], [ -46.654931, -23.575342 ], [ -46.655716, -23.574627 ], [ -46.655419, -23.57437 ], [ -46.655305, -23.574459 ], [ -46.654836, -23.574009 ], [ -46.654734, -23.574106 ], [ -46.654469, -23.573851 ], [ -46.65474, -23.573559 ], [ -46.654572, -23.573414 ], [ -46.6538, -23.574233 ] ] ] } },
{ "type": "Feature", "properties": { "CD_SETOR": "355030832000286", "faces": 7, "pavimentada": 100.0, "bueiro": 71.43, "iluminacao": 100.0, "onibus": 14.29, "ciclovia": 0.0, "calcada": 100.0, "obstaculo": 57.14, "rampa": 28.57, "rampa_faces": 28.57, "sem_calcada": 0.0, "sem_arvore": 42.86, "muitas_arvores": 42.86, "vao": 71.43, "V05400": 7, "V05421": 7, "V05406": 7, "V05412": 7, "V05422": 0, "V05424": 4, "V05427": 2, "V05409": 5, "V05415": 1, "V05418": 0, "V05430": 3, "V05433": 3, "criancas_0a4": 3, "em_favela": false }, "geometry": { "type": "Polygon", "coordinates": [ [ [ -46.652641, -23.572992 ], [ -46.6538, -23.574233 ], [ -46.654772, -23.573202 ], [ -46.653567, -23.572104 ], [ -46.652641, -23.572992 ] ] ] } },
{ "type": "Feature", "properties": { "CD_SETOR": "355030832000287", "faces": 15, "pavimentada": 100.0, "bueiro": 66.67, "iluminacao": 100.0, "onibus": 20.0, "ciclovia": 40.0, "calcada": 80.0, "obstaculo": 41.67, "rampa": 50.0, "rampa_faces": 40.0, "sem_calcada": 20.0, "sem_arvore": 13.33, "muitas_arvores": 33.33, "vao": 60.0, "V05400": 15, "V05421": 12, "V05406": 15, "V05412": 15, "V05422": 3, "V05424": 5, "V05427": 6, "V05409": 10, "V05415": 3, "V05418": 6, "V05430": 2, "V05433": 5, "criancas_0a4": 20, "em_favela": false }, "geometry": { "type": "Polygon", "coordinates": [ [ [ -46.652641, -23.572992 ], [ -46.650729, -23.573968 ], [ -46.650596, -23.574094 ], [ -46.650565, -23.574237 ], [ -46.650633, -23.575219 ], [ -46.651767, -23.574501 ], [ -46.652281, -23.57524 ], [ -46.652831, -23.574807 ], [ -46.652751, -23.574629 ], [ -46.652845, -23.574508 ], [ -46.653567, -23.573982 ], [ -46.653246, -23.573624 ], [ -46.652702, -23.573968 ], [ -46.652571, -23.57378 ], [ -46.652309, -23.573937 ], [ -46.652186, -23.573721 ], [ -46.652894, -23.573238 ], [ -46.652641, -23.572992 ] ] ] } },
{ "type": "Feature", "properties": { "CD_SETOR": "355030832000288", "faces": 1, "pavimentada": 100.0, "bueiro": 100.0, "iluminacao": 100.0, "onibus": 0.0, "ciclovia": 0.0, "calcada": 100.0, "obstaculo": 100.0, "rampa": 0.0, "rampa_faces": 0.0, "sem_calcada": 0.0, "sem_arvore": 0.0, "muitas_arvores": 0.0, "vao": 100.0, "V05400": 1, "V05421": 1, "V05406": 1, "V05412": 1, "V05422": 0, "V05424": 1, "V05427": 0, "V05409": 1, "V05415": 0, "V05418": 0, "V05430": 0, "V05433": 0, "criancas_0a4": 0, "em_favela": false }, "geometry": { "type": "Polygon", "coordinates": [ [ [ -46.653246, -23.573624 ], [ -46.652894, -23.573238 ], [ -46.652186, -23.573721 ], [ -46.652309, -23.573937 ], [ -46.652571, -23.57378 ], [ -46.652702, -23.573968 ], [ -46.653246, -23.573624 ] ] ] } },
{ "type": "Feature", "properties": { "CD_SETOR": "355030832000289", "faces": 24, "pavimentada": 100.0, "bueiro": 91.67, "iluminacao": 100.0, "onibus": 8.33, "ciclovia": 0.0, "calcada": 95.83, "obstaculo": 21.74, "rampa": 73.91, "rampa_faces": 70.83, "sem_calcada": 4.17, "sem_arvore": 12.5, "muitas_arvores": 33.33, "vao": 29.17, "V05400": 24, "V05421": 23, "V05406": 24, "V05412": 24, "V05422": 1, "V05424": 5, "V05427": 17, "V05409": 22, "V05415": 2, "V05418": 0, "V05430": 3, "V05433": 8, "criancas_0a4": 16, "em_favela": false }, "geometry": { "type": "Polygon", "coordinates": [ [ [ -46.650913, -23.579886 ], [ -46.650494, -23.580362 ], [ -46.649684, -23.581154 ], [ -46.652145, -23.582877 ], [ -46.652597, -23.5833 ], [ -46.652617, -23.583035 ], [ -46.653099, -23.582299 ], [ -46.65127, -23.581296 ], [ -46.652421, -23.579502 ], [ -46.652041, -23.579295 ], [ -46.651472, -23.580193 ], [ -46.650913, -23.579886 ] ] ] } },
{ "type": "Feature", "properties": { "CD_SETOR": "355030832000290", "faces": 4, "pavimentada": 100.0, "bueiro": 75.0, "iluminacao": 100.0, "onibus": 25.0, "ciclovia": 0.0, "calcada": 75.0, "obstaculo": 33.33, "rampa": 0.0, "rampa_faces": 0.0, "sem_calcada": 25.0, "sem_arvore": 0.0, "muitas_arvores": 0.0, "vao": 100.0, "V05400": 4, "V05421": 3, "V05406": 4, "V05412": 4, "V05422": 1, "V05424": 1, "V05427": 0, "V05409": 3, "V05415": 1, "V05418": 0, "V05430": 0, "V05433": 0, "criancas_0a4": 3, "em_favela": false }, "geometry": { "type": "Polygon", "coordinates": [ [ [ -46.650913, -23.579886 ], [ -46.651472, -23.580193 ], [ -46.652041, -23.579295 ], [ -46.651055, -23.578756 ], [ -46.651085, -23.579507 ], [ -46.650913, -23.579886 ] ] ] } },
{ "type": "Feature", "properties": { "CD_SETOR": "355030832000291", "faces": 4, "pavimentada": 100.0, "bueiro": 50.0, "iluminacao": 100.0, "onibus": 25.0, "ciclovia": 0.0, "calcada": 100.0, "obstaculo": 25.0, "rampa": 75.0, "rampa_faces": 75.0, "sem_calcada": 0.0, "sem_arvore": 50.0, "muitas_arvores": 25.0, "vao": 25.0, "V05400": 4, "V05421": 4, "V05406": 4, "V05412": 4, "V05422": 0, "V05424": 1, "V05427": 3, "V05409": 2, "V05415": 1, "V05418": 0, "V05430": 2, "V05433": 1, "criancas_0a4": 10, "em_favela": false }, "geometry": { "type": "Polygon", "coordinates": [ [ [ -46.657525, -23.606747 ], [ -46.657899, -23.607143 ], [ -46.658767, -23.606468 ], [ -46.658381, -23.606059 ], [ -46.657525, -23.606747 ] ] ] } },
{ "type": "Feature", "properties": { "CD_SETOR": "355030832000292", "faces": 3, "pavimentada": 100.0, "bueiro": 66.67, "iluminacao": 100.0, "onibus": 0.0, "ciclovia": 0.0, "calcada": 100.0, "obstaculo": 0.0, "rampa": 66.67, "rampa_faces": 66.67, "sem_calcada": 0.0, "sem_arvore": 0.0, "muitas_arvores": 33.33, "vao": 33.33, "V05400": 3, "V05421": 3, "V05406": 3, "V05412": 3, "V05422": 0, "V05424": 0, "V05427": 2, "V05409": 2, "V05415": 0, "V05418": 0, "V05430": 0, "V05433": 1, "criancas_0a4": 5, "em_favela": false }, "geometry": { "type": "Polygon", "coordinates": [ [ [ -46.656881, -23.60726 ], [ -46.657307, -23.607665 ], [ -46.657514, -23.607518 ], [ -46.657631, -23.607653 ], [ -46.657464, -23.607787 ], [ -46.657658, -23.608026 ], [ -46.658269, -23.607536 ], [ -46.657525, -23.606747 ], [ -46.656881, -23.60726 ] ] ] } },
{ "type": "Feature", "properties": { "CD_SETOR": "355030832000293", "faces": 7, "pavimentada": 100.0, "bueiro": 57.14, "iluminacao": 100.0, "onibus": 0.0, "ciclovia": 0.0, "calcada": 100.0, "obstaculo": 28.57, "rampa": 71.43, "rampa_faces": 71.43, "sem_calcada": 0.0, "sem_arvore": 14.29, "muitas_arvores": 57.14, "vao": 28.57, "V05400": 7, "V05421": 7, "V05406": 7, "V05412": 7, "V05422": 0, "V05424": 2, "V05427": 5, "V05409": 4, "V05415": 0, "V05418": 0, "V05430": 1, "V05433": 4, "criancas_0a4": 8, "em_favela": false }, "geometry": { "type": "Polygon", "coordinates": [ [ [ -46.656881, -23.60726 ], [ -46.655812, -23.608118 ], [ -46.656559, -23.608906 ], [ -46.657658, -23.608026 ], [ -46.657464, -23.607787 ], [ -46.657631, -23.607653 ], [ -46.657514, -23.607518 ], [ -46.657307, -23.607665 ], [ -46.656881, -23.60726 ] ] ] } },
{ "type": "Feature", "properties": { "CD_SETOR": "355030832000294", "faces": 4, "pavimentada": 100.0, "bueiro": 75.0, "iluminacao": 100.0, "onibus": 0.0, "ciclovia": 0.0, "calcada": 100.0, "obstaculo": 0.0, "rampa": 75.0, "rampa_faces": 75.0, "sem_calcada": 0.0, "sem_arvore": 0.0, "muitas_arvores": 75.0, "vao": 25.0, "V05400": 4, "V05421": 4, "V05406": 4, "V05412": 4, "V05422": 0, "V05424": 0, "V05427": 3, "V05409": 3, "V05415": 0, "V05418": 0, "V05430": 0, "V05433": 3, "criancas_0a4": 19, "em_favela": false }, "geometry": { "type": "Polygon", "coordinates": [ [ [ -46.658269, -23.607536 ], [ -46.65902, -23.608326 ], [ -46.659874, -23.60764 ], [ -46.659127, -23.606848 ], [ -46.658269, -23.607536 ] ] ] } },
{ "type": "Feature", "properties": { "CD_SETOR": "355030832000295", "faces": 4, "pavimentada": 100.0, "bueiro": 75.0, "iluminacao": 100.0, "onibus": 0.0, "ciclovia": 0.0, "calcada": 100.0, "obstaculo": 0.0, "rampa": 100.0, "rampa_faces": 100.0, "sem_calcada": 0.0, "sem_arvore": 25.0, "muitas_arvores": 0.0, "vao": 0.0, "V05400": 4, "V05421": 4, "V05406": 4, "V05412": 4, "V05422": 0, "V05424": 0, "V05427": 4, "V05409": 3, "V05415": 0, "V05418": 0, "V05430": 1, "V05433": 0, "criancas_0a4": 10, "em_favela": false }, "geometry": { "type": "Polygon", "coordinates": [ [ [ -46.659127, -23.606848 ], [ -46.659874, -23.60764 ], [ -46.660731, -23.606953 ], [ -46.659985, -23.606163 ], [ -46.659127, -23.606848 ] ] ] } },
{ "type": "Feature", "properties": { "CD_SETOR": "355030832000296", "faces": 4, "pavimentada": 100.0, "bueiro": 100.0, "iluminacao": 100.0, "onibus": 0.0, "ciclovia": 25.0, "calcada": 100.0, "obstaculo": 0.0, "rampa": 100.0, "rampa_faces": 100.0, "sem_calcada": 0.0, "sem_arvore": 0.0, "muitas_arvores": 75.0, "vao": 0.0, "V05400": 4, "V05421": 4, "V05406": 4, "V05412": 4, "V05422": 0, "V05424": 0, "V05427": 4, "V05409": 4, "V05415": 0, "V05418": 1, "V05430": 0, "V05433": 3, "criancas_0a4": 20, "em_favela": false }, "geometry": { "type": "Polygon", "coordinates": [ [ [ -46.662975, -23.606543 ], [ -46.66233, -23.607056 ], [ -46.663076, -23.607843 ], [ -46.663939, -23.607158 ], [ -46.663766, -23.606976 ], [ -46.663442, -23.607235 ], [ -46.66327, -23.607031 ], [ -46.66337, -23.606951 ], [ -46.662975, -23.606543 ] ] ] } },
{ "type": "Feature", "properties": { "CD_SETOR": "355030832000297", "faces": 4, "pavimentada": 100.0, "bueiro": 100.0, "iluminacao": 100.0, "onibus": 25.0, "ciclovia": 25.0, "calcada": 100.0, "obstaculo": 0.0, "rampa": 100.0, "rampa_faces": 100.0, "sem_calcada": 0.0, "sem_arvore": 0.0, "muitas_arvores": 75.0, "vao": 0.0, "V05400": 4, "V05421": 4, "V05406": 4, "V05412": 4, "V05422": 0, "V05424": 0, "V05427": 4, "V05409": 4, "V05415": 1, "V05418": 1, "V05430": 0, "V05433": 3, "criancas_0a4": 20, "em_favela": false }, "geometry": { "type": "Polygon", "coordinates": [ [ [ -46.661476, -23.607743 ], [ -46.662227, -23.608534 ], [ -46.663076, -23.607843 ], [ -46.66233, -23.607056 ], [ -46.661476, -23.607743 ] ] ] } },
{ "type": "Feature", "properties": { "CD_SETOR": "355030832000298", "faces": 4, "pavimentada": 100.0, "bueiro": 100.0, "iluminacao": 100.0, "onibus": 0.0, "ciclovia": 50.0, "calcada": 100.0, "obstaculo": 0.0, "rampa": 75.0, "rampa_faces": 75.0, "sem_calcada": 0.0, "sem_arvore": 25.0, "muitas_arvores": 75.0, "vao": 25.0, "V05400": 4, "V05421": 4, "V05406": 4, "V05412": 4, "V05422": 0, "V05424": 0, "V05427": 3, "V05409": 4, "V05415": 0, "V05418": 2, "V05430": 1, "V05433": 3, "criancas_0a4": 10, "em_favela": false }, "geometry": { "type": "Polygon", "coordinates": [ [ [ -46.663076, -23.607843 ], [ -46.663827, -23.608632 ], [ -46.664683, -23.607944 ], [ -46.663939, -23.607158 ], [ -46.663076, -23.607843 ] ] ] } },
{ "type": "Feature", "properties": { "CD_SETOR": "355030832000299", "faces": 4, "pavimentada": 100.0, "bueiro": 100.0, "iluminacao": 100.0, "onibus": 0.0, "ciclovia": 75.0, "calcada": 100.0, "obstaculo": 0.0, "rampa": 100.0, "rampa_faces": 100.0, "sem_calcada": 0.0, "sem_arvore": 0.0, "muitas_arvores": 25.0, "vao": 0.0, "V05400": 4, "V05421": 4, "V05406": 4, "V05412": 4, "V05422": 0, "V05424": 0, "V05427": 4, "V05409": 4, "V05415": 0, "V05418": 3, "V05430": 0, "V05433": 1, "criancas_0a4": 15, "em_favela": false }, "geometry": { "type": "Polygon", "coordinates": [ [ [ -46.663827, -23.608632 ], [ -46.66457, -23.609423 ], [ -46.665425, -23.60874 ], [ -46.664683, -23.607944 ], [ -46.663827, -23.608632 ] ] ] } },
{ "type": "Feature", "properties": { "CD_SETOR": "355030832000300", "faces": 2, "pavimentada": 100.0, "bueiro": 100.0, "iluminacao": 100.0, "onibus": 0.0, "ciclovia": 50.0, "calcada": 100.0, "obstaculo": 50.0, "rampa": 100.0, "rampa_faces": 100.0, "sem_calcada": 0.0, "sem_arvore": 0.0, "muitas_arvores": 0.0, "vao": 0.0, "V05400": 2, "V05421": 2, "V05406": 2, "V05412": 2, "V05422": 0, "V05424": 1, "V05427": 2, "V05409": 2, "V05415": 0, "V05418": 1, "V05430": 0, "V05433": 0, "criancas_0a4": 9, "em_favela": false }, "geometry": { "type": "Polygon", "coordinates": [ [ [ -46.672818, -23.602825 ], [ -46.673577, -23.603631 ], [ -46.674022, -23.603246 ], [ -46.673533, -23.602742 ], [ -46.673309, -23.602918 ], [ -46.67304, -23.602644 ], [ -46.672818, -23.602825 ] ] ] } },
{ "type": "Feature", "properties": { "CD_SETOR": "355030832000301", "faces": 2, "pavimentada": 100.0, "bueiro": 100.0, "iluminacao": 100.0, "onibus": 0.0, "ciclovia": 50.0, "calcada": 100.0, "obstaculo": 50.0, "rampa": 0.0, "rampa_faces": 0.0, "sem_calcada": 0.0, "sem_arvore": 0.0, "muitas_arvores": 50.0, "vao": 100.0, "V05400": 2, "V05421": 2, "V05406": 2, "V05412": 2, "V05422": 0, "V05424": 1, "V05427": 0, "V05409": 2, "V05415": 0, "V05418": 1, "V05430": 0, "V05433": 1, "criancas_0a4": 12, "em_favela": false }, "geometry": { "type": "Polygon", "coordinates": [ [ [ -46.667685, -23.605539 ], [ -46.667068, -23.606031 ], [ -46.667477, -23.606444 ], [ -46.667766, -23.606216 ], [ -46.667628, -23.606058 ], [ -46.667941, -23.605812 ], [ -46.667685, -23.605539 ] ] ] } },
{ "type": "Feature", "properties": { "CD_SETOR": "355030832000302", "faces": 3, "pavimentada": 100.0, "bueiro": 100.0, "iluminacao": 100.0, "onibus": 0.0, "ciclovia": 66.67, "calcada": 100.0, "obstaculo": 33.33, "rampa": 66.67, "rampa_faces": 66.67, "sem_calcada": 0.0, "sem_arvore": 0.0, "muitas_arvores": 0.0, "vao": 33.33, "V05400": 3, "V05421": 3, "V05406": 3, "V05412": 3, "V05422": 0, "V05424": 1, "V05427": 2, "V05409": 3, "V05415": 0, "V05418": 2, "V05430": 0, "V05433": 0, "criancas_0a4": 7, "em_favela": false }, "geometry": { "type": "Polygon", "coordinates": [ [ [ -46.666691, -23.606354 ], [ -46.667425, -23.607134 ], [ -46.668099, -23.606599 ], [ -46.667766, -23.606216 ], [ -46.667477, -23.606444 ], [ -46.667068, -23.606031 ], [ -46.666691, -23.606354 ] ] ] } },
{ "type": "Feature", "properties": { "CD_SETOR": "355030832000303", "faces": 5, "pavimentada": 100.0, "bueiro": 80.0, "iluminacao": 100.0, "onibus": 0.0, "ciclovia": 0.0, "calcada": 100.0, "obstaculo": 0.0, "rampa": 60.0, "rampa_faces": 60.0, "sem_calcada": 0.0, "sem_arvore": 20.0, "muitas_arvores": 20.0, "vao": 40.0, "V05400": 5, "V05421": 5, "V05406": 5, "V05412": 5, "V05422": 0, "V05424": 0, "V05427": 3, "V05409": 4, "V05415": 0, "V05418": 0, "V05430": 1, "V05433": 1, "criancas_0a4": 0, "em_favela": false }, "geometry": { "type": "Polygon", "coordinates": [ [ [ -46.657636, -23.605272 ], [ -46.658381, -23.606059 ], [ -46.65885, -23.60568 ], [ -46.658673, -23.605452 ], [ -46.658862, -23.605302 ], [ -46.659053, -23.60552 ], [ -46.659239, -23.60537 ], [ -46.658494, -23.604584 ], [ -46.657636, -23.605272 ] ] ] } },
{ "type": "Feature", "properties": { "CD_SETOR": "355030832000304", "faces": 7, "pavimentada": 100.0, "bueiro": 85.71, "iluminacao": 100.0, "onibus": 14.29, "ciclovia": 14.29, "calcada": 100.0, "obstaculo": 14.29, "rampa": 57.14, "rampa_faces": 57.14, "sem_calcada": 0.0, "sem_arvore": 14.29, "muitas_arvores": 28.57, "vao": 42.86, "V05400": 7, "V05421": 7, "V05406": 7, "V05412": 7, "V05422": 0, "V05424": 1, "V05427": 4, "V05409": 6, "V05415": 1, "V05418": 1, "V05430": 1, "V05433": 2, "criancas_0a4": 21, "em_favela": false }, "geometry": { "type": "Polygon", "coordinates": [ [ [ -46.667923, -23.603931 ], [ -46.666927, -23.604736 ], [ -46.667514, -23.605358 ], [ -46.667777, -23.605165 ], [ -46.667622, -23.604969 ], [ -46.668175, -23.604535 ], [ -46.668501, -23.60489 ], [ -46.668685, -23.604741 ], [ -46.667923, -23.603931 ] ] ] } },
{ "type": "Feature", "properties": { "CD_SETOR": "355030832000305", "faces": 2, "pavimentada": 100.0, "bueiro": 50.0, "iluminacao": 100.0, "onibus": 0.0, "ciclovia": 50.0, "calcada": 100.0, "obstaculo": 0.0, "rampa": 100.0, "rampa_faces": 100.0, "sem_calcada": 0.0, "sem_arvore": 50.0, "muitas_arvores": 50.0, "vao": 0.0, "V05400": 2, "V05421": 2, "V05406": 2, "V05412": 2, "V05422": 0, "V05424": 0, "V05427": 2, "V05409": 1, "V05415": 0, "V05418": 1, "V05430": 1, "V05433": 1, "criancas_0a4": 4, "em_favela": false }, "geometry": { "type": "Polygon", "coordinates": [ [ [ -46.667514, -23.605358 ], [ -46.667685, -23.605539 ], [ -46.668501, -23.60489 ], [ -46.668175, -23.604535 ], [ -46.667622, -23.604969 ], [ -46.667777, -23.605165 ], [ -46.667514, -23.605358 ] ] ] } },
{ "type": "Feature", "properties": { "CD_SETOR": "355030832000306", "faces": 3, "pavimentada": 100.0, "bueiro": 66.67, "iluminacao": 100.0, "onibus": 0.0, "ciclovia": 33.33, "calcada": 100.0, "obstaculo": 0.0, "rampa": 33.33, "rampa_faces": 33.33, "sem_calcada": 0.0, "sem_arvore": 33.33, "muitas_arvores": 33.33, "vao": 66.67, "V05400": 3, "V05421": 3, "V05406": 3, "V05412": 3, "V05422": 0, "V05424": 0, "V05427": 1, "V05409": 2, "V05415": 0, "V05418": 1, "V05430": 1, "V05433": 1, "criancas_0a4": 0, "em_favela": false }, "geometry": { "type": "Polygon", "coordinates": [ [ [ -46.668685, -23.604741 ], [ -46.667685, -23.605539 ], [ -46.66785, -23.605714 ], [ -46.668212, -23.605386 ], [ -46.668471, -23.605656 ], [ -46.668766, -23.605435 ], [ -46.668517, -23.605149 ], [ -46.668825, -23.60489 ], [ -46.668685, -23.604741 ] ] ] } },
{ "type": "Feature", "properties": { "CD_SETOR": "355030832000307", "faces": 1, "pavimentada": 100.0, "bueiro": 100.0, "iluminacao": 100.0, "onibus": 0.0, "ciclovia": 0.0, "calcada": 100.0, "obstaculo": 0.0, "rampa": 0.0, "rampa_faces": 0.0, "sem_calcada": 0.0, "sem_arvore": 0.0, "muitas_arvores": 100.0, "vao": 100.0, "V05400": 1, "V05421": 1, "V05406": 1, "V05412": 1, "V05422": 0, "V05424": 0, "V05427": 0, "V05409": 1, "V05415": 0, "V05418": 0, "V05430": 0, "V05433": 1, "criancas_0a4": 6, "em_favela": false }, "geometry": { "type": "Polygon", "coordinates": [ [ [ -46.668517, -23.605149 ], [ -46.668956, -23.60562 ], [ -46.669138, -23.605486 ], [ -46.669202, -23.605556 ], [ -46.669339, -23.605442 ], [ -46.668825, -23.60489 ], [ -46.668517, -23.605149 ] ] ] } },
{ "type": "Feature", "properties": { "CD_SETOR": "355030832000308", "faces": 4, "pavimentada": 100.0, "bueiro": 75.0, "iluminacao": 100.0, "onibus": 25.0, "ciclovia": 50.0, "calcada": 100.0, "obstaculo": 0.0, "rampa": 100.0, "rampa_faces": 100.0, "sem_calcada": 0.0, "sem_arvore": 25.0, "muitas_arvores": 25.0, "vao": 0.0, "V05400": 4, "V05421": 4, "V05406": 4, "V05412": 4, "V05422": 0, "V05424": 0, "V05427": 4, "V05409": 3, "V05415": 1, "V05418": 2, "V05430": 1, "V05433": 1, "criancas_0a4": 10, "em_favela": false }, "geometry": { "type": "Polygon", "coordinates": [ [ [ -46.668685, -23.604741 ], [ -46.669428, -23.605532 ], [ -46.670274, -23.604857 ], [ -46.6702, -23.604779 ], [ -46.670025, -23.604917 ], [ -46.669824, -23.604694 ], [ -46.669697, -23.604798 ], [ -46.669237, -23.604294 ], [ -46.668685, -23.604741 ] ] ] } },
{ "type": "Feature", "properties": { "CD_SETOR": "355030832000309", "faces": 2, "pavimentada": 100.0, "bueiro": 50.0, "iluminacao": 100.0, "onibus": 50.0, "ciclovia": 50.0, "calcada": 100.0, "obstaculo": 0.0, "rampa": 100.0, "rampa_faces": 100.0, "sem_calcada": 0.0, "sem_arvore": 0.0, "muitas_arvores": 50.0, "vao": 0.0, "V05400": 2, "V05421": 2, "V05406": 2, "V05412": 2, "V05422": 0, "V05424": 0, "V05427": 2, "V05409": 1, "V05415": 1, "V05418": 1, "V05430": 0, "V05433": 1, "criancas_0a4": 3, "em_favela": false }, "geometry": { "type": "Polygon", "coordinates": [ [ [ -46.669523, -23.604064 ], [ -46.669237, -23.604294 ], [ -46.669697, -23.604798 ], [ -46.669824, -23.604694 ], [ -46.670025, -23.604917 ], [ -46.6702, -23.604779 ], [ -46.669523, -23.604064 ] ] ] } },
{ "type": "Feature", "properties": { "CD_SETOR": "355030832000310", "faces": 5, "pavimentada": 100.0, "bueiro": 60.0, "iluminacao": 100.0, "onibus": 0.0, "ciclovia": 80.0, "calcada": 100.0, "obstaculo": 60.0, "rampa": 80.0, "rampa_faces": 80.0, "sem_calcada": 0.0, "sem_arvore": 20.0, "muitas_arvores": 60.0, "vao": 20.0, "V05400": 5, "V05421": 5, "V05406": 5, "V05412": 5, "V05422": 0, "V05424": 3, "V05427": 4, "V05409": 3, "V05415": 0, "V05418": 4, "V05430": 1, "V05433": 3, "criancas_0a4": 13, "em_favela": false }, "geometry": { "type": "Polygon", "coordinates": [ [ [ -46.671223, -23.602712 ], [ -46.67038, -23.603385 ], [ -46.670777, -23.603807 ], [ -46.67123, -23.603456 ], [ -46.671292, -23.603513 ], [ -46.671502, -23.60335 ], [ -46.671788, -23.603648 ], [ -46.671968, -23.603504 ], [ -46.671223, -23.602712 ] ] ] } },
{ "type": "Feature", "properties": { "CD_SETOR": "355030832000311", "faces": 2, "pavimentada": 100.0, "bueiro": 100.0, "iluminacao": 100.0, "onibus": 0.0, "ciclovia": 100.0, "calcada": 100.0, "obstaculo": 0.0, "rampa": 50.0, "rampa_faces": 50.0, "sem_calcada": 0.0, "sem_arvore": 0.0, "muitas_arvores": 50.0, "vao": 50.0, "V05400": 2, "V05421": 2, "V05406": 2, "V05412": 2, "V05422": 0, "V05424": 0, "V05427": 1, "V05409": 2, "V05415": 0, "V05418": 2, "V05430": 0, "V05433": 1, "criancas_0a4": 10, "em_favela": false }, "geometry": { "type": "Polygon", "coordinates": [ [ [ -46.670777, -23.603807 ], [ -46.671121, -23.604176 ], [ -46.671788, -23.603648 ], [ -46.671502, -23.60335 ], [ -46.671292, -23.603513 ], [ -46.67123, -23.603456 ], [ -46.670777, -23.603807 ] ] ] } },
{ "type": "Feature", "properties": { "CD_SETOR": "355030832000312", "faces": 4, "pavimentada": 100.0, "bueiro": 50.0, "iluminacao": 100.0, "onibus": 0.0, "ciclovia": 25.0, "calcada": 100.0, "obstaculo": 0.0, "rampa": 0.0, "rampa_faces": 0.0, "sem_calcada": 0.0, "sem_arvore": 0.0, "muitas_arvores": 75.0, "vao": 100.0, "V05400": 4, "V05421": 4, "V05406": 4, "V05412": 4, "V05422": 0, "V05424": 0, "V05427": 0, "V05409": 2, "V05415": 0, "V05418": 1, "V05430": 0, "V05433": 3, "criancas_0a4": 20, "em_favela": false }, "geometry": { "type": "Polygon", "coordinates": [ [ [ -46.671322, -23.601242 ], [ -46.670477, -23.601925 ], [ -46.671223, -23.602712 ], [ -46.671634, -23.602381 ], [ -46.671143, -23.601843 ], [ -46.671572, -23.601508 ], [ -46.671322, -23.601242 ] ] ] } },
{ "type": "Feature", "properties": { "CD_SETOR": "355030832000313", "faces": 2, "pavimentada": 100.0, "bueiro": 0.0, "iluminacao": 100.0, "onibus": 0.0, "ciclovia": 50.0, "calcada": 100.0, "obstaculo": 0.0, "rampa": 100.0, "rampa_faces": 100.0, "sem_calcada": 0.0, "sem_arvore": 0.0, "muitas_arvores": 50.0, "vao": 0.0, "V05400": 2, "V05421": 2, "V05406": 2, "V05412": 2, "V05422": 0, "V05424": 0, "V05427": 2, "V05409": 0, "V05415": 0, "V05418": 1, "V05430": 0, "V05433": 1, "criancas_0a4": 18, "em_favela": false }, "geometry": { "type": "Polygon", "coordinates": [ [ [ -46.671634, -23.602381 ], [ -46.67207, -23.60203 ], [ -46.671572, -23.601508 ], [ -46.671143, -23.601843 ], [ -46.671634, -23.602381 ] ] ] } },
{ "type": "Feature", "properties": { "CD_SETOR": "355030832000314", "faces": 3, "pavimentada": 100.0, "bueiro": 100.0, "iluminacao": 100.0, "onibus": 0.0, "ciclovia": 0.0, "calcada": 100.0, "obstaculo": 0.0, "rampa": 100.0, "rampa_faces": 100.0, "sem_calcada": 0.0, "sem_arvore": 0.0, "muitas_arvores": 66.67, "vao": 0.0, "V05400": 3, "V05421": 3, "V05406": 3, "V05412": 3, "V05422": 0, "V05424": 0, "V05427": 3, "V05409": 3, "V05415": 0, "V05418": 0, "V05430": 0, "V05433": 2, "criancas_0a4": 15, "em_favela": false }, "geometry": { "type": "Polygon", "coordinates": [ [ [ -46.670501, -23.594162 ], [ -46.670606, -23.594871 ], [ -46.670998, -23.594818 ], [ -46.670973, -23.594618 ], [ -46.671705, -23.59453 ], [ -46.671631, -23.594027 ], [ -46.670501, -23.594162 ] ] ] } },
{ "type": "Feature", "properties": { "CD_SETOR": "355030832000315", "faces": 3, "pavimentada": 100.0, "bueiro": 100.0, "iluminacao": 100.0, "onibus": 33.33, "ciclovia": 0.0, "calcada": 100.0, "obstaculo": 0.0, "rampa": 100.0, "rampa_faces": 100.0, "sem_calcada": 0.0, "sem_arvore": 0.0, "muitas_arvores": 66.67, "vao": 0.0, "V05400": 3, "V05421": 3, "V05406": 3, "V05412": 3, "V05422": 0, "V05424": 0, "V05427": 3, "V05409": 3, "V05415": 1, "V05418": 0, "V05430": 0, "V05433": 2, "criancas_0a4": 0, "em_favela": false }, "geometry": { "type": "Polygon", "coordinates": [ [ [ -46.670606, -23.594871 ], [ -46.670656, -23.595223 ], [ -46.67179, -23.595081 ], [ -46.671705, -23.59453 ], [ -46.670973, -23.594618 ], [ -46.670998, -23.594818 ], [ -46.670606, -23.594871 ] ] ] } },
{ "type": "Feature", "properties": { "CD_SETOR": "355030832000316", "faces": 3, "pavimentada": 100.0, "bueiro": 66.67, "iluminacao": 100.0, "onibus": 0.0, "ciclovia": 0.0, "calcada": 100.0, "obstaculo": 33.33, "rampa": 100.0, "rampa_faces": 100.0, "sem_calcada": 0.0, "sem_arvore": 0.0, "muitas_arvores": 66.67, "vao": 0.0, "V05400": 3, "V05421": 3, "V05406": 3, "V05412": 3, "V05422": 0, "V05424": 1, "V05427": 3, "V05409": 2, "V05415": 0, "V05418": 0, "V05430": 0, "V05433": 2, "criancas_0a4": 6, "em_favela": false }, "geometry": { "type": "Polygon", "coordinates": [ [ [ -46.670347, -23.5897 ], [ -46.670863, -23.590627 ], [ -46.671087, -23.590528 ], [ -46.670949, -23.590262 ], [ -46.671257, -23.590111 ], [ -46.671156, -23.589923 ], [ -46.67126, -23.589875 ], [ -46.671032, -23.589401 ], [ -46.670347, -23.5897 ] ] ] } },
{ "type": "Feature", "properties": { "CD_SETOR": "355030832000317", "faces": 5, "pavimentada": 100.0, "bueiro": 100.0, "iluminacao": 100.0, "onibus": 20.0, "ciclovia": 0.0, "calcada": 100.0, "obstaculo": 20.0, "rampa": 100.0, "rampa_faces": 100.0, "sem_calcada": 0.0, "sem_arvore": 0.0, "muitas_arvores": 60.0, "vao": 0.0, "V05400": 5, "V05421": 5, "V05406": 5, "V05412": 5, "V05422": 0, "V05424": 1, "V05427": 5, "V05409": 5, "V05415": 1, "V05418": 0, "V05430": 0, "V05433": 3, "criancas_0a4": 4, "em_favela": false }, "geometry": { "type": "Polygon", "coordinates": [ [ [ -46.67283, -23.592766 ], [ -46.671466, -23.5929 ], [ -46.671631, -23.594027 ], [ -46.671996, -23.593982 ], [ -46.671952, -23.593626 ], [ -46.672249, -23.593596 ], [ -46.672288, -23.593945 ], [ -46.672932, -23.593856 ], [ -46.67283, -23.592766 ] ] ] } },
{ "type": "Feature", "properties": { "CD_SETOR": "355030832000318", "faces": 1, "pavimentada": 100.0, "bueiro": 100.0, "iluminacao": 100.0, "onibus": 0.0, "ciclovia": 0.0, "calcada": 100.0, "obstaculo": 0.0, "rampa": 100.0, "rampa_faces": 100.0, "sem_calcada": 0.0, "sem_arvore": 0.0, "muitas_arvores": 100.0, "vao": 0.0, "V05400": 1, "V05421": 1, "V05406": 1, "V05412": 1, "V05422": 0, "V05424": 0, "V05427": 1, "V05409": 1, "V05415": 0, "V05418": 0, "V05430": 0, "V05433": 1, "criancas_0a4": 0, "em_favela": false }, "geometry": { "type": "Polygon", "coordinates": [ [ [ -46.671996, -23.593982 ], [ -46.672288, -23.593945 ], [ -46.672249, -23.593596 ], [ -46.671952, -23.593626 ], [ -46.671996, -23.593982 ] ] ] } },
{ "type": "Feature", "properties": { "CD_SETOR": "355030832000319", "faces": 1, "pavimentada": 100.0, "bueiro": 100.0, "iluminacao": 100.0, "onibus": 0.0, "ciclovia": 0.0, "calcada": 100.0, "obstaculo": 0.0, "rampa": 100.0, "rampa_faces": 100.0, "sem_calcada": 0.0, "sem_arvore": 0.0, "muitas_arvores": 100.0, "vao": 0.0, "V05400": 1, "V05421": 1, "V05406": 1, "V05412": 1, "V05422": 0, "V05424": 0, "V05427": 1, "V05409": 1, "V05415": 0, "V05418": 0, "V05430": 0, "V05433": 1, "criancas_0a4": 7, "em_favela": false }, "geometry": { "type": "Polygon", "coordinates": [ [ [ -46.671815, -23.592857 ], [ -46.672508, -23.592771 ], [ -46.672493, -23.592622 ], [ -46.672176, -23.592657 ], [ -46.672143, -23.592394 ], [ -46.671775, -23.592439 ], [ -46.671815, -23.592857 ] ] ] } },
{ "type": "Feature", "properties": { "CD_SETOR": "355030832000320", "faces": 8, "pavimentada": 100.0, "bueiro": 75.0, "iluminacao": 100.0, "onibus": 0.0, "ciclovia": 0.0, "calcada": 75.0, "obstaculo": 0.0, "rampa": 100.0, "rampa_faces": 75.0, "sem_calcada": 25.0, "sem_arvore": 50.0, "muitas_arvores": 50.0, "vao": 25.0, "V05400": 8, "V05421": 6, "V05406": 8, "V05412": 8, "V05422": 2, "V05424": 0, "V05427": 6, "V05409": 6, "V05415": 0, "V05418": 0, "V05430": 4, "V05433": 4, "criancas_0a4": 4, "em_favela": false }, "geometry": { "type": "Polygon", "coordinates": [ [ [ -46.672651, -23.591772 ], [ -46.671323, -23.59195 ], [ -46.671466, -23.5929 ], [ -46.671815, -23.592857 ], [ -46.671775, -23.592439 ], [ -46.672143, -23.592394 ], [ -46.672176, -23.592657 ], [ -46.672493, -23.592622 ], [ -46.672508, -23.592771 ], [ -46.67283, -23.592766 ], [ -46.672651, -23.591772 ] ] ] } },
{ "type": "Feature", "properties": { "CD_SETOR": "355030832000321", "faces": 9, "pavimentada": 100.0, "bueiro": 100.0, "iluminacao": 100.0, "onibus": 0.0, "ciclovia": 0.0, "calcada": 100.0, "obstaculo": 0.0, "rampa": 100.0, "rampa_faces": 100.0, "sem_calcada": 0.0, "sem_arvore": 0.0, "muitas_arvores": 100.0, "vao": 0.0, "V05400": 9, "V05421": 9, "V05406": 9, "V05412": 9, "V05422": 0, "V05424": 0, "V05427": 9, "V05409": 9, "V05415": 0, "V05418": 0, "V05430": 0, "V05433": 9, "criancas_0a4": 12, "em_favela": false }, "geometry": { "type": "Polygon", "coordinates": [ [ [ -46.670198, -23.592091 ], [ -46.670501, -23.594162 ], [ -46.671631, -23.594027 ], [ -46.671323, -23.59195 ], [ -46.670198, -23.592091 ] ] ] } },
{ "type": "Feature", "properties": { "CD_SETOR": "355030832000322", "faces": 2, "pavimentada": 100.0, "bueiro": 50.0, "iluminacao": 100.0, "onibus": 0.0, "ciclovia": 0.0, "calcada": 100.0, "obstaculo": 0.0, "rampa": 100.0, "rampa_faces": 100.0, "sem_calcada": 0.0, "sem_arvore": 0.0, "muitas_arvores": 50.0, "vao": 0.0, "V05400": 2, "V05421": 2, "V05406": 2, "V05412": 2, "V05422": 0, "V05424": 0, "V05427": 2, "V05409": 1, "V05415": 0, "V05418": 0, "V05430": 0, "V05433": 1, "criancas_0a4": 27, "em_favela": false }, "geometry": { "type": "Polygon", "coordinates": [ [ [ -46.672074, -23.591044 ], [ -46.671117, -23.591328 ], [ -46.671323, -23.59195 ], [ -46.672179, -23.59184 ], [ -46.672074, -23.591044 ] ] ] } },
{ "type": "Feature", "properties": { "CD_SETOR": "355030832000323", "faces": 2, "pavimentada": 100.0, "bueiro": 100.0, "iluminacao": 100.0, "onibus": 0.0, "ciclovia": 0.0, "calcada": 100.0, "obstaculo": 0.0, "rampa": 100.0, "rampa_faces": 100.0, "sem_calcada": 0.0, "sem_arvore": 0.0, "muitas_arvores": 100.0, "vao": 0.0, "V05400": 2, "V05421": 2, "V05406": 2, "V05412": 2, "V05422": 0, "V05424": 0, "V05427": 2, "V05409": 2, "V05415": 0, "V05418": 0, "V05430": 0, "V05433": 2, "criancas_0a4": 0, "em_favela": false }, "geometry": { "type": "Polygon", "coordinates": [ [ [ -46.671286, -23.59044 ], [ -46.670863, -23.590627 ], [ -46.671117, -23.591328 ], [ -46.671701, -23.591161 ], [ -46.671581, -23.590811 ], [ -46.671463, -23.590855 ], [ -46.671286, -23.59044 ] ] ] } },
{ "type": "Feature", "properties": { "CD_SETOR": "355030832000324", "faces": 28, "pavimentada": 100.0, "bueiro": 96.43, "iluminacao": 100.0, "onibus": 3.57, "ciclovia": 0.0, "calcada": 100.0, "obstaculo": 50.0, "rampa": 78.57, "rampa_faces": 78.57, "sem_calcada": 0.0, "sem_arvore": 3.57, "muitas_arvores": 78.57, "vao": 21.43, "V05400": 28, "V05421": 28, "V05406": 28, "V05412": 28, "V05422": 0, "V05424": 14, "V05427": 22, "V05409": 27, "V05415": 1, "V05418": 0, "V05430": 1, "V05433": 22, "criancas_0a4": 21, "em_favela": false }, "geometry": { "type": "Polygon", "coordinates": [ [ [ -46.657494, -23.595309 ], [ -46.661242, -23.596581 ], [ -46.662117, -23.594425 ], [ -46.658349, -23.593154 ], [ -46.657494, -23.595309 ] ] ] } },
{ "type": "Feature", "properties": { "CD_SETOR": "355030832000325", "faces": 51, "pavimentada": 100.0, "bueiro": 41.18, "iluminacao": 100.0, "onibus": 7.84, "ciclovia": 5.88, "calcada": 100.0, "obstaculo": 50.98, "rampa": 64.71, "rampa_faces": 64.71, "sem_calcada": 0.0, "sem_arvore": 1.96, "muitas_arvores": 80.39, "vao": 35.29, "V05400": 51, "V05421": 51, "V05406": 51, "V05412": 51, "V05422": 0, "V05424": 26, "V05427": 33, "V05409": 21, "V05415": 4, "V05418": 3, "V05430": 1, "V05433": 41, "criancas_0a4": 7, "em_favela": false }, "geometry": { "type": "Polygon", "coordinates": [ [ [ -46.657494, -23.595309 ], [ -46.657107, -23.596284 ], [ -46.656929, -23.59657 ], [ -46.656717, -23.596717 ], [ -46.656008, -23.597039 ], [ -46.656085, -23.597062 ], [ -46.658928, -23.600064 ], [ -46.663592, -23.596332 ], [ -46.664055, -23.595814 ], [ -46.664456, -23.59522 ], [ -46.662117, -23.594425 ], [ -46.661242, -23.596581 ], [ -46.657494, -23.595309 ] ] ] } },
{ "type": "Feature", "properties": { "CD_SETOR": "355030832000326", "faces": 4, "pavimentada": 100.0, "bueiro": 100.0, "iluminacao": 100.0, "onibus": 25.0, "ciclovia": 0.0, "calcada": 100.0, "obstaculo": 0.0, "rampa": 100.0, "rampa_faces": 100.0, "sem_calcada": 0.0, "sem_arvore": 0.0, "muitas_arvores": 75.0, "vao": 0.0, "V05400": 4, "V05421": 4, "V05406": 4, "V05412": 4, "V05422": 0, "V05424": 0, "V05427": 4, "V05409": 4, "V05415": 1, "V05418": 0, "V05430": 0, "V05433": 3, "criancas_0a4": 7, "em_favela": false }, "geometry": { "type": "Polygon", "coordinates": [ [ [ -46.660316, -23.601735 ], [ -46.661063, -23.602531 ], [ -46.662211, -23.601604 ], [ -46.661463, -23.600816 ], [ -46.660316, -23.601735 ] ] ] } },
{ "type": "Feature", "properties": { "CD_SETOR": "355030832000327", "faces": 4, "pavimentada": 100.0, "bueiro": 100.0, "iluminacao": 100.0, "onibus": 75.0, "ciclovia": 0.0, "calcada": 100.0, "obstaculo": 0.0, "rampa": 100.0, "rampa_faces": 100.0, "sem_calcada": 0.0, "sem_arvore": 0.0, "muitas_arvores": 100.0, "vao": 0.0, "V05400": 4, "V05421": 4, "V05406": 4, "V05412": 4, "V05422": 0, "V05424": 0, "V05427": 4, "V05409": 4, "V05415": 3, "V05418": 0, "V05430": 0, "V05433": 4, "criancas_0a4": 0, "em_favela": false }, "geometry": { "type": "Polygon", "coordinates": [ [ [ -46.661463, -23.600816 ], [ -46.662211, -23.601604 ], [ -46.663214, -23.600801 ], [ -46.662469, -23.60001 ], [ -46.661463, -23.600816 ] ] ] } },
{ "type": "Feature", "properties": { "CD_SETOR": "355030832000328", "faces": 4, "pavimentada": 100.0, "bueiro": 50.0, "iluminacao": 100.0, "onibus": 0.0, "ciclovia": 0.0, "calcada": 100.0, "obstaculo": 25.0, "rampa": 75.0, "rampa_faces": 75.0, "sem_calcada": 0.0, "sem_arvore": 25.0, "muitas_arvores": 0.0, "vao": 25.0, "V05400": 4, "V05421": 4, "V05406": 4, "V05412": 4, "V05422": 0, "V05424": 1, "V05427": 3, "V05409": 2, "V05415": 0, "V05418": 0, "V05430": 1, "V05433": 0, "criancas_0a4": 0, "em_favela": false }, "geometry": { "type": "Polygon", "coordinates": [ [ [ -46.658449, -23.606699 ], [ -46.657899, -23.607143 ], [ -46.658269, -23.607536 ], [ -46.659127, -23.606848 ], [ -46.65895, -23.606662 ], [ -46.658631, -23.606918 ], [ -46.658449, -23.606699 ] ] ] } },
{ "type": "Feature", "properties": { "CD_SETOR": "355030832000329", "faces": 2, "pavimentada": 100.0, "bueiro": 50.0, "iluminacao": 100.0, "onibus": 0.0, "ciclovia": 0.0, "calcada": 100.0, "obstaculo": 50.0, "rampa": 100.0, "rampa_faces": 100.0, "sem_calcada": 0.0, "sem_arvore": 50.0, "muitas_arvores": 0.0, "vao": 0.0, "V05400": 2, "V05421": 2, "V05406": 2, "V05412": 2, "V05422": 0, "V05424": 1, "V05427": 2, "V05409": 1, "V05415": 0, "V05418": 0, "V05430": 1, "V05433": 0, "criancas_0a4": 0, "em_favela": false }, "geometry": { "type": "Polygon", "coordinates": [ [ [ -46.658449, -23.606699 ], [ -46.658631, -23.606918 ], [ -46.65895, -23.606662 ], [ -46.658767, -23.606468 ], [ -46.658449, -23.606699 ] ] ] } },
{ "type": "Feature", "properties": { "CD_SETOR": "355030832000330", "faces": 4, "pavimentada": 100.0, "bueiro": 50.0, "iluminacao": 100.0, "onibus": 25.0, "ciclovia": 0.0, "calcada": 100.0, "obstaculo": 0.0, "rampa": 75.0, "rampa_faces": 75.0, "sem_calcada": 0.0, "sem_arvore": 0.0, "muitas_arvores": 25.0, "vao": 25.0, "V05400": 4, "V05421": 4, "V05406": 4, "V05412": 4, "V05422": 0, "V05424": 0, "V05427": 3, "V05409": 2, "V05415": 1, "V05418": 0, "V05430": 0, "V05433": 1, "criancas_0a4": 11, "em_favela": false }, "geometry": { "type": "Polygon", "coordinates": [ [ [ -46.65902, -23.608326 ], [ -46.659766, -23.609112 ], [ -46.660623, -23.608428 ], [ -46.659874, -23.60764 ], [ -46.65902, -23.608326 ] ] ] } },
{ "type": "Feature", "properties": { "CD_SETOR": "355030832000331", "faces": 4, "pavimentada": 100.0, "bueiro": 50.0, "iluminacao": 100.0, "onibus": 50.0, "ciclovia": 0.0, "calcada": 100.0, "obstaculo": 0.0, "rampa": 100.0, "rampa_faces": 100.0, "sem_calcada": 0.0, "sem_arvore": 0.0, "muitas_arvores": 75.0, "vao": 0.0, "V05400": 4, "V05421": 4, "V05406": 4, "V05412": 4, "V05422": 0, "V05424": 0, "V05427": 4, "V05409": 2, "V05415": 2, "V05418": 0, "V05430": 0, "V05433": 3, "criancas_0a4": 34, "em_favela": false }, "geometry": { "type": "Polygon", "coordinates": [ [ [ -46.659874, -23.60764 ], [ -46.660623, -23.608428 ], [ -46.661476, -23.607743 ], [ -46.660731, -23.606953 ], [ -46.659874, -23.60764 ] ] ] } },
{ "type": "Feature", "properties": { "CD_SETOR": "355030832000333", "faces": 3, "pavimentada": 100.0, "bueiro": 100.0, "iluminacao": 100.0, "onibus": 0.0, "ciclovia": 33.33, "calcada": 100.0, "obstaculo": 0.0, "rampa": 100.0, "rampa_faces": 100.0, "sem_calcada": 0.0, "sem_arvore": 0.0, "muitas_arvores": 100.0, "vao": 0.0, "V05400": 3, "V05421": 3, "V05406": 3, "V05412": 3, "V05422": 0, "V05424": 0, "V05427": 3, "V05409": 3, "V05415": 0, "V05418": 1, "V05430": 0, "V05433": 3, "criancas_0a4": 22, "em_favela": false }, "geometry": { "type": "Polygon", "coordinates": [ [ [ -46.663939, -23.607158 ], [ -46.664683, -23.607944 ], [ -46.665071, -23.607637 ], [ -46.664723, -23.607259 ], [ -46.664875, -23.607146 ], [ -46.664488, -23.606712 ], [ -46.663939, -23.607158 ] ] ] } },
{ "type": "Feature", "properties": { "CD_SETOR": "355030832000334", "faces": 3, "pavimentada": 100.0, "bueiro": 100.0, "iluminacao": 100.0, "onibus": 0.0, "ciclovia": 33.33, "calcada": 100.0, "obstaculo": 33.33, "rampa": 100.0, "rampa_faces": 100.0, "sem_calcada": 0.0, "sem_arvore": 33.33, "muitas_arvores": 33.33, "vao": 0.0, "V05400": 3, "V05421": 3, "V05406": 3, "V05412": 3, "V05422": 0, "V05424": 1, "V05427": 3, "V05409": 3, "V05415": 0, "V05418": 1, "V05430": 1, "V05433": 1, "criancas_0a4": 12, "em_favela": false }, "geometry": { "type": "Polygon", "coordinates": [ [ [ -46.665935, -23.605549 ], [ -46.666691, -23.606354 ], [ -46.667068, -23.606031 ], [ -46.666729, -23.605662 ], [ -46.666867, -23.605557 ], [ -46.666717, -23.605388 ], [ -46.66648, -23.605592 ], [ -46.66622, -23.605319 ], [ -46.665935, -23.605549 ] ] ] } },
{ "type": "Feature", "properties": { "CD_SETOR": "355030832000335", "faces": 1, "pavimentada": 100.0, "bueiro": 100.0, "iluminacao": 100.0, "onibus": 0.0, "ciclovia": 100.0, "calcada": 100.0, "obstaculo": 0.0, "rampa": 0.0, "rampa_faces": 0.0, "sem_calcada": 0.0, "sem_arvore": 0.0, "muitas_arvores": 0.0, "vao": 100.0, "V05400": 1, "V05421": 1, "V05406": 1, "V05412": 1, "V05422": 0, "V05424": 0, "V05427": 0, "V05409": 1, "V05415": 0, "V05418": 1, "V05430": 0, "V05433": 0, "criancas_0a4": 0, "em_favela": false }, "geometry": { "type": "Polygon", "coordinates": [ [ [ -46.667151, -23.605336 ], [ -46.666729, -23.605662 ], [ -46.667068, -23.606031 ], [ -46.667506, -23.605682 ], [ -46.667151, -23.605336 ] ] ] } },
{ "type": "Feature", "properties": { "CD_SETOR": "355030832000336", "faces": 5, "pavimentada": 100.0, "bueiro": 40.0, "iluminacao": 100.0, "onibus": 0.0, "ciclovia": 0.0, "calcada": 100.0, "obstaculo": 20.0, "rampa": 0.0, "rampa_faces": 0.0, "sem_calcada": 0.0, "sem_arvore": 20.0, "muitas_arvores": 40.0, "vao": 100.0, "V05400": 5, "V05421": 5, "V05406": 5, "V05412": 5, "V05422": 0, "V05424": 1, "V05427": 0, "V05409": 2, "V05415": 0, "V05418": 0, "V05430": 1, "V05433": 2, "criancas_0a4": 4, "em_favela": false }, "geometry": { "type": "Polygon", "coordinates": [ [ [ -46.672779, -23.598686 ], [ -46.673158, -23.599124 ], [ -46.67251, -23.599642 ], [ -46.672152, -23.599188 ], [ -46.671428, -23.599776 ], [ -46.672169, -23.600567 ], [ -46.67378, -23.599287 ], [ -46.673872, -23.599302 ], [ -46.673882, -23.59838 ], [ -46.67307, -23.598462 ], [ -46.672779, -23.598686 ] ] ] } },
{ "type": "Feature", "properties": { "CD_SETOR": "355030832000337", "faces": 1, "pavimentada": 100.0, "bueiro": 100.0, "iluminacao": 100.0, "onibus": 0.0, "ciclovia": 0.0, "calcada": 100.0, "obstaculo": 0.0, "rampa": 0.0, "rampa_faces": 0.0, "sem_calcada": 0.0, "sem_arvore": 0.0, "muitas_arvores": 100.0, "vao": 100.0, "V05400": 1, "V05421": 1, "V05406": 1, "V05412": 1, "V05422": 0, "V05424": 0, "V05427": 0, "V05409": 1, "V05415": 0, "V05418": 0, "V05430": 0, "V05433": 1, "criancas_0a4": 25, "em_favela": false }, "geometry": { "type": "Polygon", "coordinates": [ [ [ -46.672152, -23.599188 ], [ -46.67251, -23.599642 ], [ -46.673158, -23.599124 ], [ -46.672779, -23.598686 ], [ -46.672152, -23.599188 ] ] ] } },
{ "type": "Feature", "properties": { "CD_SETOR": "355030832000338", "faces": 5, "pavimentada": 100.0, "bueiro": 40.0, "iluminacao": 100.0, "onibus": 0.0, "ciclovia": 0.0, "calcada": 40.0, "obstaculo": 0.0, "rampa": 100.0, "rampa_faces": 40.0, "sem_calcada": 60.0, "sem_arvore": 60.0, "muitas_arvores": 40.0, "vao": 60.0, "V05400": 5, "V05421": 2, "V05406": 5, "V05412": 5, "V05422": 3, "V05424": 0, "V05427": 2, "V05409": 2, "V05415": 0, "V05418": 0, "V05430": 3, "V05433": 2, "criancas_0a4": 0, "em_favela": false }, "geometry": { "type": "Polygon", "coordinates": [ [ [ -46.671581, -23.590811 ], [ -46.671701, -23.591161 ], [ -46.672074, -23.591044 ], [ -46.672179, -23.59184 ], [ -46.672651, -23.591772 ], [ -46.672491, -23.590683 ], [ -46.671987, -23.590833 ], [ -46.671936, -23.590718 ], [ -46.671581, -23.590811 ] ] ] } },
{ "type": "Feature", "properties": { "CD_SETOR": "355030832000339", "faces": 5, "pavimentada": 100.0, "bueiro": 80.0, "iluminacao": 100.0, "onibus": 0.0, "ciclovia": 0.0, "calcada": 40.0, "obstaculo": 50.0, "rampa": 100.0, "rampa_faces": 40.0, "sem_calcada": 60.0, "sem_arvore": 20.0, "muitas_arvores": 80.0, "vao": 60.0, "V05400": 5, "V05421": 2, "V05406": 5, "V05412": 5, "V05422": 3, "V05424": 1, "V05427": 2, "V05409": 4, "V05415": 0, "V05418": 0, "V05430": 1, "V05433": 4, "criancas_0a4": 12, "em_favela": false }, "geometry": { "type": "Polygon", "coordinates": [ [ [ -46.671286, -23.59044 ], [ -46.671463, -23.590855 ], [ -46.671936, -23.590718 ], [ -46.671987, -23.590833 ], [ -46.672491, -23.590683 ], [ -46.672313, -23.590025 ], [ -46.671286, -23.59044 ] ] ] } },
{ "type": "Feature", "properties": { "CD_SETOR": "355030832000340", "faces": 4, "pavimentada": 100.0, "bueiro": 50.0, "iluminacao": 100.0, "onibus": 0.0, "ciclovia": 0.0, "calcada": 100.0, "obstaculo": 50.0, "rampa": 100.0, "rampa_faces": 100.0, "sem_calcada": 0.0, "sem_arvore": 25.0, "muitas_arvores": 75.0, "vao": 0.0, "V05400": 4, "V05421": 4, "V05406": 4, "V05412": 4, "V05422": 0, "V05424": 2, "V05427": 4, "V05409": 2, "V05415": 0, "V05418": 0, "V05430": 1, "V05433": 3, "criancas_0a4": 11, "em_favela": false }, "geometry": { "type": "Polygon", "coordinates": [ [ [ -46.671059, -23.588515 ], [ -46.671288, -23.589289 ], [ -46.672016, -23.589016 ], [ -46.671782, -23.588227 ], [ -46.671059, -23.588515 ] ] ] } },
{ "type": "Feature", "properties": { "CD_SETOR": "355030832000341", "faces": 4, "pavimentada": 100.0, "bueiro": 50.0, "iluminacao": 100.0, "onibus": 0.0, "ciclovia": 0.0, "calcada": 100.0, "obstaculo": 50.0, "rampa": 25.0, "rampa_faces": 25.0, "sem_calcada": 0.0, "sem_arvore": 0.0, "muitas_arvores": 100.0, "vao": 75.0, "V05400": 4, "V05421": 4, "V05406": 4, "V05412": 4, "V05422": 0, "V05424": 2, "V05427": 1, "V05409": 2, "V05415": 0, "V05418": 0, "V05430": 0, "V05433": 4, "criancas_0a4": 9, "em_favela": false }, "geometry": { "type": "Polygon", "coordinates": [ [ [ -46.656559, -23.608906 ], [ -46.657307, -23.609702 ], [ -46.658164, -23.609015 ], [ -46.657411, -23.608223 ], [ -46.656559, -23.608906 ] ] ] } },
{ "type": "Feature", "properties": { "CD_SETOR": "355030832000342", "faces": 8, "pavimentada": 100.0, "bueiro": 62.5, "iluminacao": 100.0, "onibus": 0.0, "ciclovia": 0.0, "calcada": 100.0, "obstaculo": 37.5, "rampa": 37.5, "rampa_faces": 37.5, "sem_calcada": 0.0, "sem_arvore": 0.0, "muitas_arvores": 75.0, "vao": 62.5, "V05400": 8, "V05421": 8, "V05406": 8, "V05412": 8, "V05422": 0, "V05424": 3, "V05427": 3, "V05409": 5, "V05415": 0, "V05418": 0, "V05430": 0, "V05433": 6, "criancas_0a4": 10, "em_favela": false }, "geometry": { "type": "Polygon", "coordinates": [ [ [ -46.654974, -23.610242 ], [ -46.655682, -23.610992 ], [ -46.657307, -23.609702 ], [ -46.656559, -23.608906 ], [ -46.655121, -23.610064 ], [ -46.654974, -23.610242 ] ] ] } },
{ "type": "Feature", "properties": { "CD_SETOR": "355030832000343", "faces": 3, "pavimentada": 100.0, "bueiro": 100.0, "iluminacao": 100.0, "onibus": 0.0, "ciclovia": 0.0, "calcada": 100.0, "obstaculo": 0.0, "rampa": 100.0, "rampa_faces": 100.0, "sem_calcada": 0.0, "sem_arvore": 0.0, "muitas_arvores": 33.33, "vao": 0.0, "V05400": 3, "V05421": 3, "V05406": 3, "V05412": 3, "V05422": 0, "V05424": 0, "V05427": 3, "V05409": 3, "V05415": 0, "V05418": 0, "V05430": 0, "V05433": 1, "criancas_0a4": 4, "em_favela": false }, "geometry": { "type": "Polygon", "coordinates": [ [ [ -46.658269, -23.607536 ], [ -46.657411, -23.608223 ], [ -46.657677, -23.608505 ], [ -46.657931, -23.608321 ], [ -46.657983, -23.608382 ], [ -46.658095, -23.608296 ], [ -46.658213, -23.608408 ], [ -46.658407, -23.608275 ], [ -46.658586, -23.608461 ], [ -46.658911, -23.608212 ], [ -46.658269, -23.607536 ] ] ] } },
{ "type": "Feature", "properties": { "CD_SETOR": "355030832000344", "faces": 3, "pavimentada": 100.0, "bueiro": 66.67, "iluminacao": 100.0, "onibus": 0.0, "ciclovia": 0.0, "calcada": 100.0, "obstaculo": 0.0, "rampa": 100.0, "rampa_faces": 100.0, "sem_calcada": 0.0, "sem_arvore": 0.0, "muitas_arvores": 66.67, "vao": 0.0, "V05400": 3, "V05421": 3, "V05406": 3, "V05412": 3, "V05422": 0, "V05424": 0, "V05427": 3, "V05409": 2, "V05415": 0, "V05418": 0, "V05430": 0, "V05433": 2, "criancas_0a4": 10, "em_favela": false }, "geometry": { "type": "Polygon", "coordinates": [ [ [ -46.657677, -23.608505 ], [ -46.658164, -23.609015 ], [ -46.65902, -23.608326 ], [ -46.658911, -23.608212 ], [ -46.658586, -23.608461 ], [ -46.658407, -23.608275 ], [ -46.658213, -23.608408 ], [ -46.658095, -23.608296 ], [ -46.657983, -23.608382 ], [ -46.657931, -23.608321 ], [ -46.657677, -23.608505 ] ] ] } },
{ "type": "Feature", "properties": { "CD_SETOR": "355030832000345", "faces": 2, "pavimentada": 100.0, "bueiro": 0.0, "iluminacao": 100.0, "onibus": 0.0, "ciclovia": 0.0, "calcada": 100.0, "obstaculo": 0.0, "rampa": 100.0, "rampa_faces": 100.0, "sem_calcada": 0.0, "sem_arvore": 0.0, "muitas_arvores": 50.0, "vao": 0.0, "V05400": 2, "V05421": 2, "V05406": 2, "V05412": 2, "V05422": 0, "V05424": 0, "V05427": 2, "V05409": 0, "V05415": 0, "V05418": 0, "V05430": 0, "V05433": 1, "criancas_0a4": 12, "em_favela": false }, "geometry": { "type": "Polygon", "coordinates": [ [ [ -46.658164, -23.609015 ], [ -46.658735, -23.609623 ], [ -46.659038, -23.609379 ], [ -46.658986, -23.609318 ], [ -46.659088, -23.609237 ], [ -46.65898, -23.609105 ], [ -46.659093, -23.609026 ], [ -46.658899, -23.608809 ], [ -46.65902, -23.60871 ], [ -46.658819, -23.608488 ], [ -46.658164, -23.609015 ] ] ] } },
{ "type": "Feature", "properties": { "CD_SETOR": "355030832000346", "faces": 4, "pavimentada": 100.0, "bueiro": 75.0, "iluminacao": 100.0, "onibus": 0.0, "ciclovia": 0.0, "calcada": 100.0, "obstaculo": 0.0, "rampa": 75.0, "rampa_faces": 75.0, "sem_calcada": 0.0, "sem_arvore": 0.0, "muitas_arvores": 25.0, "vao": 25.0, "V05400": 4, "V05421": 4, "V05406": 4, "V05412": 4, "V05422": 0, "V05424": 0, "V05427": 3, "V05409": 3, "V05415": 0, "V05418": 0, "V05430": 0, "V05433": 1, "criancas_0a4": 8, "em_favela": false }, "geometry": { "type": "Polygon", "coordinates": [ [ [ -46.658819, -23.608488 ], [ -46.65902, -23.60871 ], [ -46.658899, -23.608809 ], [ -46.659093, -23.609026 ], [ -46.65898, -23.609105 ], [ -46.659088, -23.609237 ], [ -46.658986, -23.609318 ], [ -46.659038, -23.609379 ], [ -46.658735, -23.609623 ], [ -46.658909, -23.609804 ], [ -46.659766, -23.609112 ], [ -46.65902, -23.608326 ], [ -46.658819, -23.608488 ] ] ] } },
{ "type": "Feature", "properties": { "CD_SETOR": "355030832000347", "faces": 4, "pavimentada": 100.0, "bueiro": 50.0, "iluminacao": 100.0, "onibus": 0.0, "ciclovia": 0.0, "calcada": 100.0, "obstaculo": 75.0, "rampa": 75.0, "rampa_faces": 75.0, "sem_calcada": 0.0, "sem_arvore": 0.0, "muitas_arvores": 100.0, "vao": 25.0, "V05400": 4, "V05421": 4, "V05406": 4, "V05412": 4, "V05422": 0, "V05424": 3, "V05427": 3, "V05409": 2, "V05415": 0, "V05418": 0, "V05430": 0, "V05433": 4, "criancas_0a4": 19, "em_favela": false }, "geometry": { "type": "Polygon", "coordinates": [ [ [ -46.657307, -23.609702 ], [ -46.658049, -23.610494 ], [ -46.658909, -23.609804 ], [ -46.658164, -23.609015 ], [ -46.657307, -23.609702 ] ] ] } },
{ "type": "Feature", "properties": { "CD_SETOR": "355030832000348", "faces": 12, "pavimentada": 100.0, "bueiro": 91.67, "iluminacao": 100.0, "onibus": 8.33, "ciclovia": 0.0, "calcada": 100.0, "obstaculo": 25.0, "rampa": 33.33, "rampa_faces": 33.33, "sem_calcada": 0.0, "sem_arvore": 16.67, "muitas_arvores": 58.33, "vao": 66.67, "V05400": 12, "V05421": 12, "V05406": 12, "V05412": 12, "V05422": 0, "V05424": 3, "V05427": 4, "V05409": 11, "V05415": 1, "V05418": 0, "V05430": 2, "V05433": 7, "criancas_0a4": 7, "em_favela": false }, "geometry": { "type": "Polygon", "coordinates": [ [ [ -46.655682, -23.610992 ], [ -46.657174, -23.612574 ], [ -46.65794, -23.611968 ], [ -46.657198, -23.611177 ], [ -46.658049, -23.610494 ], [ -46.657307, -23.609702 ], [ -46.655682, -23.610992 ] ] ] } },
{ "type": "Feature", "properties": { "CD_SETOR": "355030832000349", "faces": 4, "pavimentada": 100.0, "bueiro": 100.0, "iluminacao": 100.0, "onibus": 0.0, "ciclovia": 0.0, "calcada": 100.0, "obstaculo": 25.0, "rampa": 100.0, "rampa_faces": 100.0, "sem_calcada": 0.0, "sem_arvore": 0.0, "muitas_arvores": 100.0, "vao": 0.0, "V05400": 4, "V05421": 4, "V05406": 4, "V05412": 4, "V05422": 0, "V05424": 1, "V05427": 4, "V05409": 4, "V05415": 0, "V05418": 0, "V05430": 0, "V05433": 4, "criancas_0a4": 21, "em_favela": false }, "geometry": { "type": "Polygon", "coordinates": [ [ [ -46.658909, -23.609804 ], [ -46.659651, -23.610592 ], [ -46.660511, -23.609904 ], [ -46.659766, -23.609112 ], [ -46.658909, -23.609804 ] ] ] } },
{ "type": "Feature", "properties": { "CD_SETOR": "355030832000350", "faces": 8, "pavimentada": 100.0, "bueiro": 100.0, "iluminacao": 100.0, "onibus": 0.0, "ciclovia": 0.0, "calcada": 100.0, "obstaculo": 12.5, "rampa": 62.5, "rampa_faces": 62.5, "sem_calcada": 0.0, "sem_arvore": 0.0, "muitas_arvores": 87.5, "vao": 37.5, "V05400": 8, "V05421": 8, "V05406": 8, "V05412": 8, "V05422": 0, "V05424": 1, "V05427": 5, "V05409": 8, "V05415": 0, "V05418": 0, "V05430": 0, "V05433": 7, "criancas_0a4": 12, "em_favela": false }, "geometry": { "type": "Polygon", "coordinates": [ [ [ -46.658909, -23.609804 ], [ -46.657198, -23.611177 ], [ -46.65794, -23.611968 ], [ -46.659651, -23.610592 ], [ -46.658909, -23.609804 ] ] ] } },
{ "type": "Feature", "properties": { "CD_SETOR": "355030832000351", "faces": 4, "pavimentada": 100.0, "bueiro": 100.0, "iluminacao": 100.0, "onibus": 0.0, "ciclovia": 0.0, "calcada": 100.0, "obstaculo": 0.0, "rampa": 75.0, "rampa_faces": 75.0, "sem_calcada": 0.0, "sem_arvore": 0.0, "muitas_arvores": 75.0, "vao": 25.0, "V05400": 4, "V05421": 4, "V05406": 4, "V05412": 4, "V05422": 0, "V05424": 0, "V05427": 3, "V05409": 4, "V05415": 0, "V05418": 0, "V05430": 0, "V05433": 3, "criancas_0a4": 14, "em_favela": false }, "geometry": { "type": "Polygon", "coordinates": [ [ [ -46.658791, -23.61128 ], [ -46.65954, -23.612071 ], [ -46.660397, -23.611384 ], [ -46.659651, -23.610592 ], [ -46.658791, -23.61128 ] ] ] } },
{ "type": "Feature", "properties": { "CD_SETOR": "355030832000352", "faces": 4, "pavimentada": 100.0, "bueiro": 75.0, "iluminacao": 100.0, "onibus": 0.0, "ciclovia": 0.0, "calcada": 100.0, "obstaculo": 75.0, "rampa": 75.0, "rampa_faces": 75.0, "sem_calcada": 0.0, "sem_arvore": 0.0, "muitas_arvores": 75.0, "vao": 25.0, "V05400": 4, "V05421": 4, "V05406": 4, "V05412": 4, "V05422": 0, "V05424": 3, "V05427": 3, "V05409": 3, "V05415": 0, "V05418": 0, "V05430": 0, "V05433": 3, "criancas_0a4": 12, "em_favela": false }, "geometry": { "type": "Polygon", "coordinates": [ [ [ -46.65794, -23.611968 ], [ -46.65869, -23.612754 ], [ -46.65954, -23.612071 ], [ -46.658791, -23.61128 ], [ -46.65794, -23.611968 ] ] ] } },
{ "type": "Feature", "properties": { "CD_SETOR": "355030832000353", "faces": 5, "pavimentada": 100.0, "bueiro": 80.0, "iluminacao": 100.0, "onibus": 0.0, "ciclovia": 0.0, "calcada": 100.0, "obstaculo": 20.0, "rampa": 100.0, "rampa_faces": 100.0, "sem_calcada": 0.0, "sem_arvore": 0.0, "muitas_arvores": 40.0, "vao": 0.0, "V05400": 5, "V05421": 5, "V05406": 5, "V05412": 5, "V05422": 0, "V05424": 1, "V05427": 5, "V05409": 4, "V05415": 0, "V05418": 0, "V05430": 0, "V05433": 2, "criancas_0a4": 11, "em_favela": false }, "geometry": { "type": "Polygon", "coordinates": [ [ [ -46.659651, -23.610592 ], [ -46.659956, -23.610916 ], [ -46.660276, -23.610666 ], [ -46.660307, -23.610701 ], [ -46.660374, -23.610651 ], [ -46.660464, -23.61075 ], [ -46.660736, -23.610543 ], [ -46.661022, -23.610885 ], [ -46.661256, -23.610698 ], [ -46.660511, -23.609904 ], [ -46.659651, -23.610592 ] ] ] } },
{ "type": "Feature", "properties": { "CD_SETOR": "355030832000354", "faces": 2, "pavimentada": 100.0, "bueiro": 100.0, "iluminacao": 100.0, "onibus": 0.0, "ciclovia": 0.0, "calcada": 100.0, "obstaculo": 0.0, "rampa": 100.0, "rampa_faces": 100.0, "sem_calcada": 0.0, "sem_arvore": 0.0, "muitas_arvores": 0.0, "vao": 0.0, "V05400": 2, "V05421": 2, "V05406": 2, "V05412": 2, "V05422": 0, "V05424": 0, "V05427": 2, "V05409": 2, "V05415": 0, "V05418": 0, "V05430": 0, "V05433": 0, "criancas_0a4": 11, "em_favela": false }, "geometry": { "type": "Polygon", "coordinates": [ [ [ -46.659956, -23.610916 ], [ -46.660397, -23.611384 ], [ -46.661022, -23.610885 ], [ -46.660736, -23.610543 ], [ -46.660464, -23.61075 ], [ -46.660374, -23.610651 ], [ -46.660307, -23.610701 ], [ -46.660276, -23.610666 ], [ -46.659956, -23.610916 ] ] ] } },
{ "type": "Feature", "properties": { "CD_SETOR": "355030832000355", "faces": 3, "pavimentada": 100.0, "bueiro": 100.0, "iluminacao": 100.0, "onibus": 33.33, "ciclovia": 0.0, "calcada": 100.0, "obstaculo": 0.0, "rampa": 66.67, "rampa_faces": 66.67, "sem_calcada": 0.0, "sem_arvore": 0.0, "muitas_arvores": 33.33, "vao": 33.33, "V05400": 3, "V05421": 3, "V05406": 3, "V05412": 3, "V05422": 0, "V05424": 0, "V05427": 2, "V05409": 3, "V05415": 1, "V05418": 0, "V05430": 0, "V05433": 1, "criancas_0a4": 16, "em_favela": false }, "geometry": { "type": "Polygon", "coordinates": [ [ [ -46.661367, -23.609214 ], [ -46.660511, -23.609904 ], [ -46.660842, -23.610253 ], [ -46.661131, -23.610026 ], [ -46.661254, -23.610164 ], [ -46.661662, -23.609857 ], [ -46.661804, -23.610015 ], [ -46.661986, -23.609868 ], [ -46.661367, -23.609214 ] ] ] } },
{ "type": "Feature", "properties": { "CD_SETOR": "355030832000356", "faces": 3, "pavimentada": 100.0, "bueiro": 66.67, "iluminacao": 100.0, "onibus": 33.33, "ciclovia": 33.33, "calcada": 100.0, "obstaculo": 0.0, "rampa": 33.33, "rampa_faces": 33.33, "sem_calcada": 0.0, "sem_arvore": 33.33, "muitas_arvores": 66.67, "vao": 66.67, "V05400": 3, "V05421": 3, "V05406": 3, "V05412": 3, "V05422": 0, "V05424": 0, "V05427": 1, "V05409": 2, "V05415": 1, "V05418": 1, "V05430": 1, "V05433": 2, "criancas_0a4": 7, "em_favela": false }, "geometry": { "type": "Polygon", "coordinates": [ [ [ -46.660842, -23.610253 ], [ -46.661256, -23.610698 ], [ -46.662114, -23.610006 ], [ -46.661986, -23.609868 ], [ -46.661804, -23.610015 ], [ -46.661662, -23.609857 ], [ -46.661254, -23.610164 ], [ -46.661131, -23.610026 ], [ -46.660842, -23.610253 ] ] ] } },
{ "type": "Feature", "properties": { "CD_SETOR": "355030832000357", "faces": 1, "pavimentada": 100.0, "bueiro": 100.0, "iluminacao": 100.0, "onibus": 100.0, "ciclovia": 0.0, "calcada": 100.0, "obstaculo": 0.0, "rampa": 0.0, "rampa_faces": 0.0, "sem_calcada": 0.0, "sem_arvore": 0.0, "muitas_arvores": 100.0, "vao": 100.0, "V05400": 1, "V05421": 1, "V05406": 1, "V05412": 1, "V05422": 0, "V05424": 0, "V05427": 0, "V05409": 1, "V05415": 1, "V05418": 0, "V05430": 0, "V05433": 1, "criancas_0a4": 4, "em_favela": false }, "geometry": { "type": "Polygon", "coordinates": [ [ [ -46.662086, -23.608651 ], [ -46.662212, -23.608806 ], [ -46.66213, -23.608877 ], [ -46.662386, -23.609141 ], [ -46.662359, -23.609161 ], [ -46.662457, -23.609311 ], [ -46.662603, -23.609459 ], [ -46.662894, -23.609244 ], [ -46.662227, -23.608534 ], [ -46.662086, -23.608651 ] ] ] } },
{ "type": "Feature", "properties": { "CD_SETOR": "355030832000358", "faces": 4, "pavimentada": 100.0, "bueiro": 100.0, "iluminacao": 100.0, "onibus": 50.0, "ciclovia": 50.0, "calcada": 100.0, "obstaculo": 0.0, "rampa": 100.0, "rampa_faces": 100.0, "sem_calcada": 0.0, "sem_arvore": 25.0, "muitas_arvores": 75.0, "vao": 0.0, "V05400": 4, "V05421": 4, "V05406": 4, "V05412": 4, "V05422": 0, "V05424": 0, "V05427": 4, "V05409": 4, "V05415": 2, "V05418": 2, "V05430": 1, "V05433": 3, "criancas_0a4": 0, "em_favela": false }, "geometry": { "type": "Polygon", "coordinates": [ [ [ -46.661367, -23.609214 ], [ -46.662114, -23.610006 ], [ -46.662968, -23.609323 ], [ -46.662894, -23.609244 ], [ -46.662603, -23.609459 ], [ -46.662457, -23.609311 ], [ -46.662359, -23.609161 ], [ -46.662386, -23.609141 ], [ -46.66213, -23.608877 ], [ -46.662212, -23.608806 ], [ -46.662086, -23.608651 ], [ -46.661367, -23.609214 ] ] ] } },
{ "type": "Feature", "properties": { "CD_SETOR": "355030832000359", "faces": 8, "pavimentada": 100.0, "bueiro": 100.0, "iluminacao": 100.0, "onibus": 37.5, "ciclovia": 62.5, "calcada": 100.0, "obstaculo": 0.0, "rampa": 62.5, "rampa_faces": 62.5, "sem_calcada": 0.0, "sem_arvore": 0.0, "muitas_arvores": 37.5, "vao": 37.5, "V05400": 8, "V05421": 8, "V05406": 8, "V05412": 8, "V05422": 0, "V05424": 0, "V05427": 5, "V05409": 8, "V05415": 3, "V05418": 5, "V05430": 0, "V05433": 3, "criancas_0a4": 31, "em_favela": false }, "geometry": { "type": "Polygon", "coordinates": [ [ [ -46.662227, -23.608534 ], [ -46.663715, -23.610114 ], [ -46.66457, -23.609423 ], [ -46.663076, -23.607843 ], [ -46.662227, -23.608534 ] ] ] } },
{ "type": "Feature", "properties": { "CD_SETOR": "355030832000360", "faces": 8, "pavimentada": 100.0, "bueiro": 87.5, "iluminacao": 100.0, "onibus": 12.5, "ciclovia": 37.5, "calcada": 100.0, "obstaculo": 0.0, "rampa": 62.5, "rampa_faces": 62.5, "sem_calcada": 0.0, "sem_arvore": 0.0, "muitas_arvores": 25.0, "vao": 37.5, "V05400": 8, "V05421": 8, "V05406": 8, "V05412": 8, "V05422": 0, "V05424": 0, "V05427": 5, "V05409": 7, "V05415": 1, "V05418": 3, "V05430": 0, "V05433": 2, "criancas_0a4": 8, "em_favela": false }, "geometry": { "type": "Polygon", "coordinates": [ [ [ -46.662887, -23.60939 ], [ -46.663152, -23.609696 ], [ -46.662779, -23.610006 ], [ -46.662511, -23.609688 ], [ -46.662114, -23.610006 ], [ -46.663611, -23.611585 ], [ -46.664458, -23.6109 ], [ -46.662968, -23.609323 ], [ -46.662887, -23.60939 ] ] ] } },
{ "type": "Feature", "properties": { "CD_SETOR": "355030832000361", "faces": 1, "pavimentada": 100.0, "bueiro": 100.0, "iluminacao": 100.0, "onibus": 0.0, "ciclovia": 100.0, "calcada": 100.0, "obstaculo": 0.0, "rampa": 0.0, "rampa_faces": 0.0, "sem_calcada": 0.0, "sem_arvore": 0.0, "muitas_arvores": 0.0, "vao": 100.0, "V05400": 1, "V05421": 1, "V05406": 1, "V05412": 1, "V05422": 0, "V05424": 0, "V05427": 0, "V05409": 1, "V05415": 0, "V05418": 1, "V05430": 0, "V05433": 0, "criancas_0a4": 0, "em_favela": false }, "geometry": { "type": "Polygon", "coordinates": [ [ [ -46.662511, -23.609688 ], [ -46.662779, -23.610006 ], [ -46.663152, -23.609696 ], [ -46.662887, -23.60939 ], [ -46.662511, -23.609688 ] ] ] } },
{ "type": "Feature", "properties": { "CD_SETOR": "355030832000362", "faces": 4, "pavimentada": 100.0, "bueiro": 100.0, "iluminacao": 100.0, "onibus": 50.0, "ciclovia": 0.0, "calcada": 100.0, "obstaculo": 25.0, "rampa": 100.0, "rampa_faces": 100.0, "sem_calcada": 0.0, "sem_arvore": 25.0, "muitas_arvores": 25.0, "vao": 0.0, "V05400": 4, "V05421": 4, "V05406": 4, "V05412": 4, "V05422": 0, "V05424": 1, "V05427": 4, "V05409": 4, "V05415": 2, "V05418": 0, "V05430": 1, "V05433": 1, "criancas_0a4": 0, "em_favela": false }, "geometry": { "type": "Polygon", "coordinates": [ [ [ -46.667061, -23.608814 ], [ -46.667807, -23.609603 ], [ -46.668914, -23.60872 ], [ -46.668172, -23.607926 ], [ -46.667061, -23.608814 ] ] ] } },
{ "type": "Feature", "properties": { "CD_SETOR": "355030832000363", "faces": 16, "pavimentada": 100.0, "bueiro": 100.0, "iluminacao": 100.0, "onibus": 25.0, "ciclovia": 0.0, "calcada": 100.0, "obstaculo": 62.5, "rampa": 62.5, "rampa_faces": 62.5, "sem_calcada": 0.0, "sem_arvore": 0.0, "muitas_arvores": 56.25, "vao": 37.5, "V05400": 16, "V05421": 16, "V05406": 16, "V05412": 16, "V05422": 0, "V05424": 10, "V05427": 10, "V05409": 16, "V05415": 4, "V05418": 0, "V05430": 0, "V05433": 9, "criancas_0a4": 11, "em_favela": false }, "geometry": { "type": "Polygon", "coordinates": [ [ [ -46.67092, -23.607118 ], [ -46.667807, -23.609603 ], [ -46.668557, -23.610395 ], [ -46.671671, -23.607907 ], [ -46.67092, -23.607118 ] ] ] } },
{ "type": "Feature", "properties": { "CD_SETOR": "355030832000364", "faces": 9, "pavimentada": 100.0, "bueiro": 77.78, "iluminacao": 77.78, "onibus": 33.33, "ciclovia": 0.0, "calcada": 100.0, "obstaculo": 22.22, "rampa": 44.44, "rampa_faces": 44.44, "sem_calcada": 0.0, "sem_arvore": 0.0, "muitas_arvores": 55.56, "vao": 55.56, "V05400": 9, "V05421": 9, "V05406": 9, "V05412": 7, "V05422": 0, "V05424": 2, "V05427": 4, "V05409": 7, "V05415": 3, "V05418": 0, "V05430": 0, "V05433": 5, "criancas_0a4": 12, "em_favela": false }, "geometry": { "type": "Polygon", "coordinates": [ [ [ -46.662621, -23.60405 ], [ -46.664099, -23.605641 ], [ -46.665188, -23.604762 ], [ -46.664833, -23.604381 ], [ -46.664381, -23.604774 ], [ -46.664028, -23.604409 ], [ -46.664501, -23.604027 ], [ -46.663702, -23.603183 ], [ -46.662621, -23.60405 ] ] ] } },
{ "type": "Feature", "properties": { "CD_SETOR": "355030832000365", "faces": 1, "pavimentada": 100.0, "bueiro": 0.0, "iluminacao": 100.0, "onibus": 0.0, "ciclovia": 0.0, "calcada": 100.0, "obstaculo": 0.0, "rampa": 0.0, "rampa_faces": 0.0, "sem_calcada": 0.0, "sem_arvore": 0.0, "muitas_arvores": 0.0, "vao": 100.0, "V05400": 1, "V05421": 1, "V05406": 1, "V05412": 1, "V05422": 0, "V05424": 0, "V05427": 0, "V05409": 0, "V05415": 0, "V05418": 0, "V05430": 0, "V05433": 0, "criancas_0a4": 15, "em_favela": false }, "geometry": { "type": "Polygon", "coordinates": [ [ [ -46.664833, -23.604381 ], [ -46.664501, -23.604027 ], [ -46.664028, -23.604409 ], [ -46.664381, -23.604774 ], [ -46.664833, -23.604381 ] ] ] } },
{ "type": "Feature", "properties": { "CD_SETOR": "355030832000366", "faces": 5, "pavimentada": 100.0, "bueiro": 60.0, "iluminacao": 100.0, "onibus": 0.0, "ciclovia": 20.0, "calcada": 60.0, "obstaculo": 0.0, "rampa": 66.67, "rampa_faces": 40.0, "sem_calcada": 40.0, "sem_arvore": 40.0, "muitas_arvores": 60.0, "vao": 60.0, "V05400": 5, "V05421": 3, "V05406": 5, "V05412": 5, "V05422": 2, "V05424": 0, "V05427": 2, "V05409": 3, "V05415": 0, "V05418": 1, "V05430": 2, "V05433": 3, "criancas_0a4": 13, "em_favela": false }, "geometry": { "type": "Polygon", "coordinates": [ [ [ -46.672489, -23.603087 ], [ -46.672895, -23.603508 ], [ -46.672828, -23.603574 ], [ -46.672897, -23.603637 ], [ -46.672928, -23.603615 ], [ -46.673049, -23.603746 ], [ -46.673014, -23.603769 ], [ -46.673562, -23.604353 ], [ -46.673798, -23.604176 ], [ -46.674057, -23.604438 ], [ -46.674219, -23.604309 ], [ -46.672818, -23.602825 ], [ -46.672489, -23.603087 ] ] ] } },
{ "type": "Feature", "properties": { "CD_SETOR": "355030832000367", "faces": 11, "pavimentada": 100.0, "bueiro": 81.82, "iluminacao": 81.82, "onibus": 9.09, "ciclovia": 18.18, "calcada": 81.82, "obstaculo": 66.67, "rampa": 44.44, "rampa_faces": 36.36, "sem_calcada": 18.18, "sem_arvore": 27.27, "muitas_arvores": 45.45, "vao": 63.64, "V05400": 11, "V05421": 9, "V05406": 11, "V05412": 9, "V05422": 2, "V05424": 6, "V05427": 4, "V05409": 9, "V05415": 1, "V05418": 2, "V05430": 3, "V05433": 5, "criancas_0a4": 18, "em_favela": false }, "geometry": { "type": "Polygon", "coordinates": [ [ [ -46.671968, -23.603504 ], [ -46.672815, -23.604405 ], [ -46.671955, -23.605067 ], [ -46.672617, -23.605764 ], [ -46.674316, -23.60441 ], [ -46.674219, -23.604309 ], [ -46.674057, -23.604438 ], [ -46.673798, -23.604176 ], [ -46.673562, -23.604353 ], [ -46.673014, -23.603769 ], [ -46.673049, -23.603746 ], [ -46.672928, -23.603615 ], [ -46.672897, -23.603637 ], [ -46.672828, -23.603574 ], [ -46.672895, -23.603508 ], [ -46.672489, -23.603087 ], [ -46.671968, -23.603504 ] ] ] } },
{ "type": "Feature", "properties": { "CD_SETOR": "355030832000368", "faces": 11, "pavimentada": 100.0, "bueiro": 90.91, "iluminacao": 81.82, "onibus": 18.18, "ciclovia": 18.18, "calcada": 100.0, "obstaculo": 27.27, "rampa": 72.73, "rampa_faces": 72.73, "sem_calcada": 0.0, "sem_arvore": 36.36, "muitas_arvores": 36.36, "vao": 27.27, "V05400": 11, "V05421": 11, "V05406": 11, "V05412": 9, "V05422": 0, "V05424": 3, "V05427": 8, "V05409": 10, "V05415": 2, "V05418": 2, "V05430": 4, "V05433": 4, "criancas_0a4": 14, "em_favela": false }, "geometry": { "type": "Polygon", "coordinates": [ [ [ -46.667241, -23.597418 ], [ -46.667237, -23.597624 ], [ -46.667573, -23.59802 ], [ -46.667136, -23.598372 ], [ -46.667496, -23.598751 ], [ -46.668292, -23.598121 ], [ -46.668327, -23.598181 ], [ -46.668704, -23.598077 ], [ -46.668835, -23.598098 ], [ -46.670573, -23.59906 ], [ -46.671318, -23.598483 ], [ -46.669473, -23.597673 ], [ -46.669099, -23.597558 ], [ -46.667946, -23.597383 ], [ -46.667241, -23.597418 ] ] ] } },
{ "type": "Feature", "properties": { "CD_SETOR": "355030832000371", "faces": 3, "pavimentada": 100.0, "bueiro": 33.33, "iluminacao": 100.0, "onibus": 33.33, "ciclovia": 100.0, "calcada": 100.0, "obstaculo": 0.0, "rampa": 33.33, "rampa_faces": 33.33, "sem_calcada": 0.0, "sem_arvore": 0.0, "muitas_arvores": 100.0, "vao": 66.67, "V05400": 3, "V05421": 3, "V05406": 3, "V05412": 3, "V05422": 0, "V05424": 0, "V05427": 1, "V05409": 1, "V05415": 1, "V05418": 3, "V05430": 0, "V05433": 3, "criancas_0a4": 8, "em_favela": false }, "geometry": { "type": "Polygon", "coordinates": [ [ [ -46.672749, -23.601485 ], [ -46.673071, -23.601851 ], [ -46.67287, -23.602033 ], [ -46.672973, -23.602162 ], [ -46.673139, -23.602028 ], [ -46.673439, -23.602321 ], [ -46.673662, -23.602142 ], [ -46.672915, -23.601352 ], [ -46.672749, -23.601485 ] ] ] } },
{ "type": "Feature", "properties": { "CD_SETOR": "355030832000372", "faces": 2, "pavimentada": 100.0, "bueiro": 100.0, "iluminacao": 100.0, "onibus": 0.0, "ciclovia": 50.0, "calcada": 100.0, "obstaculo": 50.0, "rampa": 50.0, "rampa_faces": 50.0, "sem_calcada": 0.0, "sem_arvore": 0.0, "muitas_arvores": 100.0, "vao": 50.0, "V05400": 2, "V05421": 2, "V05406": 2, "V05412": 2, "V05422": 0, "V05424": 1, "V05427": 1, "V05409": 2, "V05415": 0, "V05418": 1, "V05430": 0, "V05433": 2, "criancas_0a4": 3, "em_favela": false }, "geometry": { "type": "Polygon", "coordinates": [ [ [ -46.673139, -23.602028 ], [ -46.672767, -23.602334 ], [ -46.672942, -23.602531 ], [ -46.672722, -23.602724 ], [ -46.672818, -23.602825 ], [ -46.673439, -23.602321 ], [ -46.673139, -23.602028 ] ] ] } },
{ "type": "Feature", "properties": { "CD_SETOR": "355030832000373", "faces": 8, "pavimentada": 100.0, "bueiro": 75.0, "iluminacao": 100.0, "onibus": 12.5, "ciclovia": 0.0, "calcada": 100.0, "obstaculo": 62.5, "rampa": 87.5, "rampa_faces": 87.5, "sem_calcada": 0.0, "sem_arvore": 25.0, "muitas_arvores": 25.0, "vao": 12.5, "V05400": 8, "V05421": 8, "V05406": 8, "V05412": 8, "V05422": 0, "V05424": 5, "V05427": 7, "V05409": 6, "V05415": 1, "V05418": 0, "V05430": 2, "V05433": 2, "criancas_0a4": 11, "em_favela": false }, "geometry": { "type": "Polygon", "coordinates": [ [ [ -46.657174, -23.612574 ], [ -46.65867, -23.61416 ], [ -46.659437, -23.613548 ], [ -46.65794, -23.611968 ], [ -46.657174, -23.612574 ] ] ] } },
{ "type": "Feature", "properties": { "CD_SETOR": "355030832000374", "faces": 8, "pavimentada": 100.0, "bueiro": 100.0, "iluminacao": 100.0, "onibus": 0.0, "ciclovia": 0.0, "calcada": 100.0, "obstaculo": 12.5, "rampa": 100.0, "rampa_faces": 100.0, "sem_calcada": 0.0, "sem_arvore": 0.0, "muitas_arvores": 75.0, "vao": 0.0, "V05400": 8, "V05421": 8, "V05406": 8, "V05412": 8, "V05422": 0, "V05424": 1, "V05427": 8, "V05409": 8, "V05415": 0, "V05418": 0, "V05430": 0, "V05433": 6, "criancas_0a4": 4, "em_favela": false }, "geometry": { "type": "Polygon", "coordinates": [ [ [ -46.660397, -23.611384 ], [ -46.65869, -23.612754 ], [ -46.659437, -23.613548 ], [ -46.661143, -23.612175 ], [ -46.660397, -23.611384 ] ] ] } },
{ "type": "Feature", "properties": { "CD_SETOR": "355030832000376", "faces": 2, "pavimentada": 100.0, "bueiro": 100.0, "iluminacao": 100.0, "onibus": 0.0, "ciclovia": 50.0, "calcada": 100.0, "obstaculo": 0.0, "rampa": 100.0, "rampa_faces": 100.0, "sem_calcada": 0.0, "sem_arvore": 0.0, "muitas_arvores": 50.0, "vao": 0.0, "V05400": 2, "V05421": 2, "V05406": 2, "V05412": 2, "V05422": 0, "V05424": 0, "V05427": 2, "V05409": 2, "V05415": 0, "V05418": 1, "V05430": 0, "V05433": 1, "criancas_0a4": 12, "em_favela": false }, "geometry": { "type": "Polygon", "coordinates": [ [ [ -46.665098, -23.608999 ], [ -46.665489, -23.609395 ], [ -46.6658, -23.609141 ], [ -46.665425, -23.60874 ], [ -46.665098, -23.608999 ] ] ] } },
{ "type": "Feature", "properties": { "CD_SETOR": "355030832000377", "faces": 3, "pavimentada": 100.0, "bueiro": 100.0, "iluminacao": 100.0, "onibus": 0.0, "ciclovia": 0.0, "calcada": 100.0, "obstaculo": 0.0, "rampa": 100.0, "rampa_faces": 100.0, "sem_calcada": 0.0, "sem_arvore": 33.33, "muitas_arvores": 66.67, "vao": 0.0, "V05400": 3, "V05421": 3, "V05406": 3, "V05412": 3, "V05422": 0, "V05424": 0, "V05427": 3, "V05409": 3, "V05415": 0, "V05418": 0, "V05430": 1, "V05433": 2, "criancas_0a4": 12, "em_favela": false }, "geometry": { "type": "Polygon", "coordinates": [ [ [ -46.661256, -23.610698 ], [ -46.660397, -23.611384 ], [ -46.660579, -23.611577 ], [ -46.660877, -23.611326 ], [ -46.661065, -23.611452 ], [ -46.661228, -23.611333 ], [ -46.661386, -23.611509 ], [ -46.661565, -23.611374 ], [ -46.661722, -23.611537 ], [ -46.661905, -23.611385 ], [ -46.661256, -23.610698 ] ] ] } },
{ "type": "Feature", "properties": { "CD_SETOR": "355030832000378", "faces": 3, "pavimentada": 100.0, "bueiro": 100.0, "iluminacao": 100.0, "onibus": 0.0, "ciclovia": 0.0, "calcada": 100.0, "obstaculo": 0.0, "rampa": 100.0, "rampa_faces": 100.0, "sem_calcada": 0.0, "sem_arvore": 0.0, "muitas_arvores": 33.33, "vao": 0.0, "V05400": 3, "V05421": 3, "V05406": 3, "V05412": 3, "V05422": 0, "V05424": 0, "V05427": 3, "V05409": 3, "V05415": 0, "V05418": 0, "V05430": 0, "V05433": 1, "criancas_0a4": 9, "em_favela": false }, "geometry": { "type": "Polygon", "coordinates": [ [ [ -46.660579, -23.611577 ], [ -46.661143, -23.612175 ], [ -46.662003, -23.611487 ], [ -46.661905, -23.611385 ], [ -46.661722, -23.611537 ], [ -46.661565, -23.611374 ], [ -46.661386, -23.611509 ], [ -46.661228, -23.611333 ], [ -46.661065, -23.611452 ], [ -46.660877, -23.611326 ], [ -46.660579, -23.611577 ] ] ] } },
{ "type": "Feature", "properties": { "CD_SETOR": "355030832000379", "faces": 4, "pavimentada": 100.0, "bueiro": 75.0, "iluminacao": 100.0, "onibus": 0.0, "ciclovia": 50.0, "calcada": 100.0, "obstaculo": 0.0, "rampa": 100.0, "rampa_faces": 100.0, "sem_calcada": 0.0, "sem_arvore": 0.0, "muitas_arvores": 50.0, "vao": 0.0, "V05400": 4, "V05421": 4, "V05406": 4, "V05412": 4, "V05422": 0, "V05424": 0, "V05427": 4, "V05409": 3, "V05415": 0, "V05418": 2, "V05430": 0, "V05433": 2, "criancas_0a4": 7, "em_favela": false }, "geometry": { "type": "Polygon", "coordinates": [ [ [ -46.661256, -23.610698 ], [ -46.662003, -23.611487 ], [ -46.66286, -23.610797 ], [ -46.662114, -23.610006 ], [ -46.661256, -23.610698 ] ] ] } },
{ "type": "Feature", "properties": { "CD_SETOR": "355030832000380", "faces": 4, "pavimentada": 100.0, "bueiro": 75.0, "iluminacao": 100.0, "onibus": 0.0, "ciclovia": 25.0, "calcada": 100.0, "obstaculo": 0.0, "rampa": 100.0, "rampa_faces": 100.0, "sem_calcada": 0.0, "sem_arvore": 0.0, "muitas_arvores": 75.0, "vao": 0.0, "V05400": 4, "V05421": 4, "V05406": 4, "V05412": 4, "V05422": 0, "V05424": 0, "V05427": 4, "V05409": 3, "V05415": 0, "V05418": 1, "V05430": 0, "V05433": 3, "criancas_0a4": 13, "em_favela": false }, "geometry": { "type": "Polygon", "coordinates": [ [ [ -46.662003, -23.611487 ], [ -46.662747, -23.612275 ], [ -46.663611, -23.611585 ], [ -46.66286, -23.610797 ], [ -46.662003, -23.611487 ] ] ] } },
{ "type": "Feature", "properties": { "CD_SETOR": "355030832000381", "faces": 4, "pavimentada": 100.0, "bueiro": 25.0, "iluminacao": 100.0, "onibus": 0.0, "ciclovia": 25.0, "calcada": 100.0, "obstaculo": 0.0, "rampa": 75.0, "rampa_faces": 75.0, "sem_calcada": 0.0, "sem_arvore": 25.0, "muitas_arvores": 50.0, "vao": 25.0, "V05400": 4, "V05421": 4, "V05406": 4, "V05412": 4, "V05422": 0, "V05424": 0, "V05427": 3, "V05409": 1, "V05415": 0, "V05418": 1, "V05430": 1, "V05433": 2, "criancas_0a4": 11, "em_favela": false }, "geometry": { "type": "Polygon", "coordinates": [ [ [ -46.662747, -23.612275 ], [ -46.663125, -23.612674 ], [ -46.663747, -23.612222 ], [ -46.663882, -23.612382 ], [ -46.663981, -23.612302 ], [ -46.664165, -23.612526 ], [ -46.664351, -23.612378 ], [ -46.663611, -23.611585 ], [ -46.662747, -23.612275 ] ] ] } },
{ "type": "Feature", "properties": { "CD_SETOR": "355030832000382", "faces": 2, "pavimentada": 100.0, "bueiro": 50.0, "iluminacao": 100.0, "onibus": 50.0, "ciclovia": 50.0, "calcada": 100.0, "obstaculo": 0.0, "rampa": 100.0, "rampa_faces": 100.0, "sem_calcada": 0.0, "sem_arvore": 0.0, "muitas_arvores": 50.0, "vao": 0.0, "V05400": 2, "V05421": 2, "V05406": 2, "V05412": 2, "V05422": 0, "V05424": 0, "V05427": 2, "V05409": 1, "V05415": 1, "V05418": 1, "V05430": 0, "V05433": 1, "criancas_0a4": 5, "em_favela": false }, "geometry": { "type": "Polygon", "coordinates": [ [ [ -46.663125, -23.612674 ], [ -46.663496, -23.613068 ], [ -46.664165, -23.612526 ], [ -46.663981, -23.612302 ], [ -46.663882, -23.612382 ], [ -46.663747, -23.612222 ], [ -46.663125, -23.612674 ] ] ] } },
{ "type": "Feature", "properties": { "CD_SETOR": "355030832000383", "faces": 3, "pavimentada": 100.0, "bueiro": 66.67, "iluminacao": 100.0, "onibus": 0.0, "ciclovia": 33.33, "calcada": 100.0, "obstaculo": 0.0, "rampa": 66.67, "rampa_faces": 66.67, "sem_calcada": 0.0, "sem_arvore": 0.0, "muitas_arvores": 33.33, "vao": 33.33, "V05400": 3, "V05421": 3, "V05406": 3, "V05412": 3, "V05422": 0, "V05424": 0, "V05427": 2, "V05409": 2, "V05415": 0, "V05418": 1, "V05430": 0, "V05433": 1, "criancas_0a4": 7, "em_favela": false }, "geometry": { "type": "Polygon", "coordinates": [ [ [ -46.664351, -23.612378 ], [ -46.663496, -23.613068 ], [ -46.663995, -23.613599 ], [ -46.664869, -23.61293 ], [ -46.664351, -23.612378 ] ] ] } },
{ "type": "Feature", "properties": { "CD_SETOR": "355030832000384", "faces": 3, "pavimentada": 100.0, "bueiro": 100.0, "iluminacao": 100.0, "onibus": 0.0, "ciclovia": 33.33, "calcada": 100.0, "obstaculo": 0.0, "rampa": 66.67, "rampa_faces": 66.67, "sem_calcada": 0.0, "sem_arvore": 0.0, "muitas_arvores": 33.33, "vao": 33.33, "V05400": 3, "V05421": 3, "V05406": 3, "V05412": 3, "V05422": 0, "V05424": 0, "V05427": 2, "V05409": 3, "V05415": 0, "V05418": 1, "V05430": 0, "V05433": 1, "criancas_0a4": 13, "em_favela": false }, "geometry": { "type": "Polygon", "coordinates": [ [ [ -46.663995, -23.613599 ], [ -46.664245, -23.613861 ], [ -46.665101, -23.613176 ], [ -46.664869, -23.61293 ], [ -46.663995, -23.613599 ] ] ] } },
{ "type": "Feature", "properties": { "CD_SETOR": "355030832000385", "faces": 21, "pavimentada": 100.0, "bueiro": 95.24, "iluminacao": 100.0, "onibus": 0.0, "ciclovia": 0.0, "calcada": 100.0, "obstaculo": 90.48, "rampa": 0.0, "rampa_faces": 0.0, "sem_calcada": 0.0, "sem_arvore": 0.0, "muitas_arvores": 76.19, "vao": 100.0, "V05400": 21, "V05421": 21, "V05406": 21, "V05412": 21, "V05422": 0, "V05424": 19, "V05427": 0, "V05409": 20, "V05415": 0, "V05418": 0, "V05430": 0, "V05433": 16, "criancas_0a4": 6, "em_favela": false }, "geometry": { "type": "Polygon", "coordinates": [ [ [ -46.671157, -23.611102 ], [ -46.672289, -23.612293 ], [ -46.673519, -23.611714 ], [ -46.674569, -23.610965 ], [ -46.673167, -23.609491 ], [ -46.671157, -23.611102 ] ] ] } },
{ "type": "Feature", "properties": { "CD_SETOR": "355030832000386", "faces": 22, "pavimentada": 100.0, "bueiro": 45.45, "iluminacao": 100.0, "onibus": 4.55, "ciclovia": 0.0, "calcada": 100.0, "obstaculo": 72.73, "rampa": 54.55, "rampa_faces": 54.55, "sem_calcada": 0.0, "sem_arvore": 0.0, "muitas_arvores": 77.27, "vao": 45.45, "V05400": 22, "V05421": 22, "V05406": 22, "V05412": 22, "V05422": 0, "V05424": 16, "V05427": 12, "V05409": 10, "V05415": 1, "V05418": 0, "V05430": 0, "V05433": 17, "criancas_0a4": 13, "em_favela": false }, "geometry": { "type": "Polygon", "coordinates": [ [ [ -46.669666, -23.609512 ], [ -46.671157, -23.611102 ], [ -46.673167, -23.609491 ], [ -46.671671, -23.607907 ], [ -46.669666, -23.609512 ] ] ] } },
{ "type": "Feature", "properties": { "CD_SETOR": "355030832000387", "faces": 36, "pavimentada": 100.0, "bueiro": 83.33, "iluminacao": 100.0, "onibus": 13.89, "ciclovia": 13.89, "calcada": 100.0, "obstaculo": 69.44, "rampa": 33.33, "rampa_faces": 33.33, "sem_calcada": 0.0, "sem_arvore": 5.56, "muitas_arvores": 41.67, "vao": 66.67, "V05400": 36, "V05421": 36, "V05406": 36, "V05412": 36, "V05422": 0, "V05424": 25, "V05427": 12, "V05409": 30, "V05415": 5, "V05418": 5, "V05430": 2, "V05433": 15, "criancas_0a4": 13, "em_favela": false }, "geometry": { "type": "Polygon", "coordinates": [ [ [ -46.672617, -23.605764 ], [ -46.67092, -23.607118 ], [ -46.672148, -23.608414 ], [ -46.672988, -23.607742 ], [ -46.674465, -23.609309 ], [ -46.675311, -23.60863 ], [ -46.672617, -23.605764 ] ] ] } },
{ "type": "Feature", "properties": { "CD_SETOR": "355030832000388", "faces": 21, "pavimentada": 100.0, "bueiro": 95.24, "iluminacao": 100.0, "onibus": 0.0, "ciclovia": 4.76, "calcada": 100.0, "obstaculo": 100.0, "rampa": 9.52, "rampa_faces": 9.52, "sem_calcada": 0.0, "sem_arvore": 0.0, "muitas_arvores": 80.95, "vao": 90.48, "V05400": 21, "V05421": 21, "V05406": 21, "V05412": 21, "V05422": 0, "V05424": 21, "V05427": 2, "V05409": 20, "V05415": 0, "V05418": 1, "V05430": 0, "V05433": 17, "criancas_0a4": 14, "em_favela": false }, "geometry": { "type": "Polygon", "coordinates": [ [ [ -46.672148, -23.608414 ], [ -46.674569, -23.610965 ], [ -46.675904, -23.609235 ], [ -46.675311, -23.60863 ], [ -46.674465, -23.609309 ], [ -46.672988, -23.607742 ], [ -46.672148, -23.608414 ] ] ] } },
{ "type": "Feature", "properties": { "CD_SETOR": "355030832000389", "faces": 2, "pavimentada": 100.0, "bueiro": 100.0, "iluminacao": 100.0, "onibus": 0.0, "ciclovia": 50.0, "calcada": 100.0, "obstaculo": 50.0, "rampa": 100.0, "rampa_faces": 100.0, "sem_calcada": 0.0, "sem_arvore": 50.0, "muitas_arvores": 50.0, "vao": 0.0, "V05400": 2, "V05421": 2, "V05406": 2, "V05412": 2, "V05422": 0, "V05424": 1, "V05427": 2, "V05409": 2, "V05415": 0, "V05418": 1, "V05430": 1, "V05433": 1, "criancas_0a4": 13, "em_favela": false }, "geometry": { "type": "Polygon", "coordinates": [ [ [ -46.672617, -23.605764 ], [ -46.67293, -23.606094 ], [ -46.673297, -23.605798 ], [ -46.673367, -23.60588 ], [ -46.673698, -23.605635 ], [ -46.673316, -23.605207 ], [ -46.672617, -23.605764 ] ] ] } },
{ "type": "Feature", "properties": { "CD_SETOR": "355030832000390", "faces": 2, "pavimentada": 100.0, "bueiro": 50.0, "iluminacao": 100.0, "onibus": 100.0, "ciclovia": 0.0, "calcada": 100.0, "obstaculo": 0.0, "rampa": 100.0, "rampa_faces": 100.0, "sem_calcada": 0.0, "sem_arvore": 0.0, "muitas_arvores": 50.0, "vao": 0.0, "V05400": 2, "V05421": 2, "V05406": 2, "V05412": 2, "V05422": 0, "V05424": 0, "V05427": 2, "V05409": 1, "V05415": 2, "V05418": 0, "V05430": 0, "V05433": 1, "criancas_0a4": 10, "em_favela": false }, "geometry": { "type": "Polygon", "coordinates": [ [ [ -46.675021, -23.604597 ], [ -46.673973, -23.605413 ], [ -46.67431, -23.605797 ], [ -46.675111, -23.605159 ], [ -46.675269, -23.605129 ], [ -46.675021, -23.604597 ] ] ] } },
{ "type": "Feature", "properties": { "CD_SETOR": "355030832000391", "faces": 2, "pavimentada": 100.0, "bueiro": 100.0, "iluminacao": 100.0, "onibus": 0.0, "ciclovia": 50.0, "calcada": 100.0, "obstaculo": 50.0, "rampa": 50.0, "rampa_faces": 50.0, "sem_calcada": 0.0, "sem_arvore": 50.0, "muitas_arvores": 50.0, "vao": 50.0, "V05400": 2, "V05421": 2, "V05406": 2, "V05412": 2, "V05422": 0, "V05424": 1, "V05427": 1, "V05409": 2, "V05415": 0, "V05418": 1, "V05430": 1, "V05433": 1, "criancas_0a4": 11, "em_favela": false }, "geometry": { "type": "Polygon", "coordinates": [ [ [ -46.67293, -23.606094 ], [ -46.673366, -23.606553 ], [ -46.674026, -23.606025 ], [ -46.673678, -23.605649 ], [ -46.673367, -23.60588 ], [ -46.673297, -23.605798 ], [ -46.67293, -23.606094 ] ] ] } },
{ "type": "Feature", "properties": { "CD_SETOR": "355030832000392", "faces": 1, "pavimentada": 100.0, "bueiro": 100.0, "iluminacao": 100.0, "onibus": 0.0, "ciclovia": 0.0, "calcada": 100.0, "obstaculo": 0.0, "rampa": 0.0, "rampa_faces": 0.0, "sem_calcada": 0.0, "sem_arvore": 0.0, "muitas_arvores": 0.0, "vao": 100.0, "V05400": 1, "V05421": 1, "V05406": 1, "V05412": 1, "V05422": 0, "V05424": 0, "V05427": 0, "V05409": 1, "V05415": 0, "V05418": 0, "V05430": 0, "V05433": 0, "criancas_0a4": 9, "em_favela": false }, "geometry": { "type": "Polygon", "coordinates": [ [ [ -46.673698, -23.605635 ], [ -46.674026, -23.606025 ], [ -46.67431, -23.605797 ], [ -46.673973, -23.605413 ], [ -46.673698, -23.605635 ] ] ] } },
{ "type": "Feature", "properties": { "CD_SETOR": "355030832000393", "faces": 2, "pavimentada": 100.0, "bueiro": 100.0, "iluminacao": 100.0, "onibus": 100.0, "ciclovia": 0.0, "calcada": 100.0, "obstaculo": 0.0, "rampa": 100.0, "rampa_faces": 100.0, "sem_calcada": 0.0, "sem_arvore": 0.0, "muitas_arvores": 100.0, "vao": 0.0, "V05400": 2, "V05421": 2, "V05406": 2, "V05412": 2, "V05422": 0, "V05424": 0, "V05427": 2, "V05409": 2, "V05415": 2, "V05418": 0, "V05430": 0, "V05433": 2, "criancas_0a4": 3, "em_favela": false }, "geometry": { "type": "Polygon", "coordinates": [ [ [ -46.67481, -23.604028 ], [ -46.673947, -23.604704 ], [ -46.674332, -23.605125 ], [ -46.675021, -23.604597 ], [ -46.67484, -23.603958 ], [ -46.67481, -23.604028 ] ] ] } },
{ "type": "Feature", "properties": { "CD_SETOR": "355030832000394", "faces": 1, "pavimentada": 100.0, "bueiro": 100.0, "iluminacao": 100.0, "onibus": 100.0, "ciclovia": 0.0, "calcada": 100.0, "obstaculo": 0.0, "rampa": 0.0, "rampa_faces": 0.0, "sem_calcada": 0.0, "sem_arvore": 0.0, "muitas_arvores": 0.0, "vao": 100.0, "V05400": 1, "V05421": 1, "V05406": 1, "V05412": 1, "V05422": 0, "V05424": 0, "V05427": 0, "V05409": 1, "V05415": 1, "V05418": 0, "V05430": 0, "V05433": 0, "criancas_0a4": 23, "em_favela": false }, "geometry": { "type": "Polygon", "coordinates": [ [ [ -46.673316, -23.605207 ], [ -46.673698, -23.605635 ], [ -46.674332, -23.605125 ], [ -46.673947, -23.604704 ], [ -46.673316, -23.605207 ] ] ] } },
{ "type": "Feature", "properties": { "CD_SETOR": "355030832000395", "faces": 12, "pavimentada": 100.0, "bueiro": 100.0, "iluminacao": 100.0, "onibus": 0.0, "ciclovia": 25.0, "calcada": 100.0, "obstaculo": 25.0, "rampa": 91.67, "rampa_faces": 91.67, "sem_calcada": 0.0, "sem_arvore": 0.0, "muitas_arvores": 50.0, "vao": 8.33, "V05400": 12, "V05421": 12, "V05406": 12, "V05412": 12, "V05422": 0, "V05424": 3, "V05427": 11, "V05409": 12, "V05415": 0, "V05418": 3, "V05430": 0, "V05433": 6, "criancas_0a4": 10, "em_favela": false }, "geometry": { "type": "Polygon", "coordinates": [ [ [ -46.659418, -23.614953 ], [ -46.660168, -23.615749 ], [ -46.662636, -23.613755 ], [ -46.661894, -23.612964 ], [ -46.659418, -23.614953 ] ] ] } },
{ "type": "Feature", "properties": { "CD_SETOR": "355030832000396", "faces": 20, "pavimentada": 100.0, "bueiro": 100.0, "iluminacao": 100.0, "onibus": 0.0, "ciclovia": 0.0, "calcada": 100.0, "obstaculo": 55.0, "rampa": 70.0, "rampa_faces": 70.0, "sem_calcada": 0.0, "sem_arvore": 15.0, "muitas_arvores": 25.0, "vao": 30.0, "V05400": 20, "V05421": 20, "V05406": 20, "V05412": 20, "V05422": 0, "V05424": 11, "V05427": 14, "V05409": 20, "V05415": 0, "V05418": 0, "V05430": 3, "V05433": 5, "criancas_0a4": 14, "em_favela": false }, "geometry": { "type": "Polygon", "coordinates": [ [ [ -46.661143, -23.612175 ], [ -46.65867, -23.61416 ], [ -46.659418, -23.614953 ], [ -46.661894, -23.612964 ], [ -46.661143, -23.612175 ] ] ] } },
{ "type": "Feature", "properties": { "CD_SETOR": "355030832000397", "faces": 12, "pavimentada": 100.0, "bueiro": 75.0, "iluminacao": 100.0, "onibus": 0.0, "ciclovia": 0.0, "calcada": 100.0, "obstaculo": 75.0, "rampa": 83.33, "rampa_faces": 83.33, "sem_calcada": 0.0, "sem_arvore": 8.33, "muitas_arvores": 58.33, "vao": 16.67, "V05400": 12, "V05421": 12, "V05406": 12, "V05412": 12, "V05422": 0, "V05424": 9, "V05427": 10, "V05409": 9, "V05415": 0, "V05418": 0, "V05430": 1, "V05433": 7, "criancas_0a4": 3, "em_favela": false }, "geometry": { "type": "Polygon", "coordinates": [ [ [ -46.654441, -23.605062 ], [ -46.653484, -23.605798 ], [ -46.652755, -23.607563 ], [ -46.65288, -23.607689 ], [ -46.655175, -23.605856 ], [ -46.654441, -23.605062 ] ] ] } },
{ "type": "Feature", "properties": { "CD_SETOR": "355030832000398", "faces": 8, "pavimentada": 100.0, "bueiro": 37.5, "iluminacao": 100.0, "onibus": 0.0, "ciclovia": 0.0, "calcada": 100.0, "obstaculo": 87.5, "rampa": 25.0, "rampa_faces": 25.0, "sem_calcada": 0.0, "sem_arvore": 12.5, "muitas_arvores": 75.0, "vao": 75.0, "V05400": 8, "V05421": 8, "V05406": 8, "V05412": 8, "V05422": 0, "V05424": 7, "V05427": 2, "V05409": 3, "V05415": 0, "V05418": 0, "V05430": 1, "V05433": 6, "criancas_0a4": 4, "em_favela": false }, "geometry": { "type": "Polygon", "coordinates": [ [ [ -46.652755, -23.607563 ], [ -46.65266, -23.607789 ], [ -46.653457, -23.60863 ], [ -46.655068, -23.60733 ], [ -46.654325, -23.606541 ], [ -46.65288, -23.607689 ], [ -46.652755, -23.607563 ] ] ] } },
{ "type": "Feature", "properties": { "CD_SETOR": "355030832000399", "faces": 1, "pavimentada": 100.0, "bueiro": 100.0, "iluminacao": 100.0, "onibus": 100.0, "ciclovia": 0.0, "calcada": 100.0, "obstaculo": 0.0, "rampa": 100.0, "rampa_faces": 100.0, "sem_calcada": 0.0, "sem_arvore": 0.0, "muitas_arvores": 0.0, "vao": 0.0, "V05400": 1, "V05421": 1, "V05406": 1, "V05412": 1, "V05422": 0, "V05424": 0, "V05427": 1, "V05409": 1, "V05415": 1, "V05418": 0, "V05430": 0, "V05433": 0, "criancas_0a4": 3, "em_favela": false }, "geometry": { "type": "Polygon", "coordinates": [ [ [ -46.654572, -23.573414 ], [ -46.65474, -23.573559 ], [ -46.654469, -23.573851 ], [ -46.654734, -23.574106 ], [ -46.654836, -23.574009 ], [ -46.65519, -23.57435 ], [ -46.655628, -23.573988 ], [ -46.654772, -23.573202 ], [ -46.654572, -23.573414 ] ] ] } },
{ "type": "Feature", "properties": { "CD_SETOR": "355030832000400", "faces": 2, "pavimentada": 100.0, "bueiro": 100.0, "iluminacao": 100.0, "onibus": 50.0, "ciclovia": 0.0, "calcada": 100.0, "obstaculo": 50.0, "rampa": 50.0, "rampa_faces": 50.0, "sem_calcada": 0.0, "sem_arvore": 100.0, "muitas_arvores": 0.0, "vao": 50.0, "V05400": 2, "V05421": 2, "V05406": 2, "V05412": 2, "V05422": 0, "V05424": 1, "V05427": 1, "V05409": 2, "V05415": 1, "V05418": 0, "V05430": 2, "V05433": 0, "criancas_0a4": 0, "em_favela": false }, "geometry": { "type": "Polygon", "coordinates": [ [ [ -46.65519, -23.57435 ], [ -46.655305, -23.574459 ], [ -46.655419, -23.57437 ], [ -46.655716, -23.574627 ], [ -46.656017, -23.574347 ], [ -46.655628, -23.573988 ], [ -46.65519, -23.57435 ] ] ] } },
{ "type": "Feature", "properties": { "CD_SETOR": "355030832000401", "faces": 2, "pavimentada": 100.0, "bueiro": 0.0, "iluminacao": 100.0, "onibus": 0.0, "ciclovia": 0.0, "calcada": 100.0, "obstaculo": 50.0, "rampa": 50.0, "rampa_faces": 50.0, "sem_calcada": 0.0, "sem_arvore": 50.0, "muitas_arvores": 0.0, "vao": 50.0, "V05400": 2, "V05421": 2, "V05406": 2, "V05412": 2, "V05422": 0, "V05424": 1, "V05427": 1, "V05409": 0, "V05415": 0, "V05418": 0, "V05430": 1, "V05433": 0, "criancas_0a4": 0, "em_favela": false }, "geometry": { "type": "Polygon", "coordinates": [ [ [ -46.673125, -23.600352 ], [ -46.673545, -23.60085 ], [ -46.673938, -23.600571 ], [ -46.673875, -23.600101 ], [ -46.673871, -23.599563 ], [ -46.673864, -23.599823 ], [ -46.6737, -23.599864 ], [ -46.673125, -23.600352 ] ] ] } },
{ "type": "Feature", "properties": { "CD_SETOR": "355030832000402", "faces": 3, "pavimentada": 100.0, "bueiro": 0.0, "iluminacao": 100.0, "onibus": 0.0, "ciclovia": 0.0, "calcada": 100.0, "obstaculo": 0.0, "rampa": 33.33, "rampa_faces": 33.33, "sem_calcada": 0.0, "sem_arvore": 33.33, "muitas_arvores": 66.67, "vao": 66.67, "V05400": 3, "V05421": 3, "V05406": 3, "V05412": 3, "V05422": 0, "V05424": 0, "V05427": 1, "V05409": 0, "V05415": 0, "V05418": 0, "V05430": 1, "V05433": 2, "criancas_0a4": 10, "em_favela": false }, "geometry": { "type": "Polygon", "coordinates": [ [ [ -46.672169, -23.600567 ], [ -46.672373, -23.600784 ], [ -46.672823, -23.600428 ], [ -46.673022, -23.60063 ], [ -46.673227, -23.600474 ], [ -46.673125, -23.600352 ], [ -46.6737, -23.599864 ], [ -46.673864, -23.599823 ], [ -46.673872, -23.599302 ], [ -46.67378, -23.599287 ], [ -46.672169, -23.600567 ] ] ] } },
{ "type": "Feature", "properties": { "CD_SETOR": "355030832000403", "faces": 6, "pavimentada": 100.0, "bueiro": 16.67, "iluminacao": 100.0, "onibus": 0.0, "ciclovia": 16.67, "calcada": 100.0, "obstaculo": 33.33, "rampa": 16.67, "rampa_faces": 16.67, "sem_calcada": 0.0, "sem_arvore": 16.67, "muitas_arvores": 0.0, "vao": 83.33, "V05400": 6, "V05421": 6, "V05406": 6, "V05412": 6, "V05422": 0, "V05424": 2, "V05427": 1, "V05409": 1, "V05415": 0, "V05418": 1, "V05430": 1, "V05433": 0, "criancas_0a4": 12, "em_favela": false }, "geometry": { "type": "Polygon", "coordinates": [ [ [ -46.672373, -23.600784 ], [ -46.673662, -23.602142 ], [ -46.674055, -23.601832 ], [ -46.674141, -23.601865 ], [ -46.673938, -23.600571 ], [ -46.673182, -23.601138 ], [ -46.672856, -23.60076 ], [ -46.673022, -23.60063 ], [ -46.672823, -23.600428 ], [ -46.672373, -23.600784 ] ] ] } },
{ "type": "Feature", "properties": { "CD_SETOR": "355030832000404", "faces": 1, "pavimentada": 100.0, "bueiro": 0.0, "iluminacao": 100.0, "onibus": 0.0, "ciclovia": 0.0, "calcada": 100.0, "obstaculo": 0.0, "rampa": 0.0, "rampa_faces": 0.0, "sem_calcada": 0.0, "sem_arvore": 0.0, "muitas_arvores": 0.0, "vao": 100.0, "V05400": 1, "V05421": 1, "V05406": 1, "V05412": 1, "V05422": 0, "V05424": 0, "V05427": 0, "V05409": 0, "V05415": 0, "V05418": 0, "V05430": 0, "V05433": 0, "criancas_0a4": 0, "em_favela": false }, "geometry": { "type": "Polygon", "coordinates": [ [ [ -46.673227, -23.600474 ], [ -46.672856, -23.60076 ], [ -46.673182, -23.601138 ], [ -46.673545, -23.60085 ], [ -46.673227, -23.600474 ] ] ] } },
{ "type": "Feature", "properties": { "CD_SETOR": "355030832000405", "faces": 36, "pavimentada": 100.0, "bueiro": 33.33, "iluminacao": 100.0, "onibus": 11.11, "ciclovia": 2.78, "calcada": 100.0, "obstaculo": 72.22, "rampa": 30.56, "rampa_faces": 30.56, "sem_calcada": 0.0, "sem_arvore": 11.11, "muitas_arvores": 72.22, "vao": 69.44, "V05400": 36, "V05421": 36, "V05406": 36, "V05412": 36, "V05422": 0, "V05424": 26, "V05427": 11, "V05409": 12, "V05415": 4, "V05418": 1, "V05430": 4, "V05433": 26, "criancas_0a4": 10, "em_favela": false }, "geometry": { "type": "Polygon", "coordinates": [ [ [ -46.650973, -23.591102 ], [ -46.651157, -23.591688 ], [ -46.651276, -23.591912 ], [ -46.652183, -23.592873 ], [ -46.652113, -23.592893 ], [ -46.652301, -23.593143 ], [ -46.656008, -23.597039 ], [ -46.656735, -23.596705 ], [ -46.6564, -23.596359 ], [ -46.65633, -23.596192 ], [ -46.656022, -23.595867 ], [ -46.655856, -23.595778 ], [ -46.655483, -23.595389 ], [ -46.655975, -23.594995 ], [ -46.655402, -23.594384 ], [ -46.655808, -23.593901 ], [ -46.656398, -23.5925 ], [ -46.653297, -23.591471 ], [ -46.652142, -23.591293 ], [ -46.651936, -23.591164 ], [ -46.651051, -23.590834 ], [ -46.650973, -23.591102 ] ] ] } },
{ "type": "Feature", "properties": { "CD_SETOR": "355030832000406", "faces": 20, "pavimentada": 100.0, "bueiro": 70.0, "iluminacao": 100.0, "onibus": 5.0, "ciclovia": 20.0, "calcada": 100.0, "obstaculo": 80.0, "rampa": 80.0, "rampa_faces": 80.0, "sem_calcada": 0.0, "sem_arvore": 5.0, "muitas_arvores": 85.0, "vao": 20.0, "V05400": 20, "V05421": 20, "V05406": 20, "V05412": 20, "V05422": 0, "V05424": 16, "V05427": 16, "V05409": 14, "V05415": 1, "V05418": 4, "V05430": 1, "V05433": 17, "criancas_0a4": 18, "em_favela": false }, "geometry": { "type": "Polygon", "coordinates": [ [ [ -46.656735, -23.596705 ], [ -46.656929, -23.59657 ], [ -46.657107, -23.596284 ], [ -46.658349, -23.593154 ], [ -46.656398, -23.5925 ], [ -46.655808, -23.593901 ], [ -46.655402, -23.594384 ], [ -46.655975, -23.594995 ], [ -46.655483, -23.595389 ], [ -46.655856, -23.595778 ], [ -46.656022, -23.595867 ], [ -46.65633, -23.596192 ], [ -46.6564, -23.596359 ], [ -46.656735, -23.596705 ] ] ] } },
{ "type": "Feature", "properties": { "CD_SETOR": "355030832000407", "faces": 2, "pavimentada": 100.0, "bueiro": 100.0, "iluminacao": 100.0, "onibus": 0.0, "ciclovia": 0.0, "calcada": 100.0, "obstaculo": 50.0, "rampa": 0.0, "rampa_faces": 0.0, "sem_calcada": 0.0, "sem_arvore": 50.0, "muitas_arvores": 0.0, "vao": 100.0, "V05400": 2, "V05421": 2, "V05406": 2, "V05412": 2, "V05422": 0, "V05424": 1, "V05427": 0, "V05409": 2, "V05415": 0, "V05418": 0, "V05430": 1, "V05433": 0, "criancas_0a4": 6, "em_favela": false }, "geometry": { "type": "Polygon", "coordinates": [ [ [ -46.669175, -23.599551 ], [ -46.669481, -23.600043 ], [ -46.670045, -23.599761 ], [ -46.669801, -23.599418 ], [ -46.66972, -23.59946 ], [ -46.669628, -23.599331 ], [ -46.669175, -23.599551 ] ] ] } },
{ "type": "Feature", "properties": { "CD_SETOR": "355030832000408", "faces": 6, "pavimentada": 100.0, "bueiro": 66.67, "iluminacao": 100.0, "onibus": 0.0, "ciclovia": 0.0, "calcada": 100.0, "obstaculo": 50.0, "rampa": 50.0, "rampa_faces": 50.0, "sem_calcada": 0.0, "sem_arvore": 33.33, "muitas_arvores": 16.67, "vao": 50.0, "V05400": 6, "V05421": 6, "V05406": 6, "V05412": 6, "V05422": 0, "V05424": 3, "V05427": 3, "V05409": 4, "V05415": 0, "V05418": 0, "V05430": 2, "V05433": 1, "criancas_0a4": 5, "em_favela": false }, "geometry": { "type": "Polygon", "coordinates": [ [ [ -46.669175, -23.599551 ], [ -46.669628, -23.599331 ], [ -46.66972, -23.59946 ], [ -46.669801, -23.599418 ], [ -46.670045, -23.599761 ], [ -46.670177, -23.599676 ], [ -46.670389, -23.599184 ], [ -46.670573, -23.59906 ], [ -46.670102, -23.598797 ], [ -46.669027, -23.599325 ], [ -46.669175, -23.599551 ] ] ] } },
{ "type": "Feature", "properties": { "CD_SETOR": "355030832000409", "faces": 3, "pavimentada": 100.0, "bueiro": 100.0, "iluminacao": 100.0, "onibus": 0.0, "ciclovia": 0.0, "calcada": 100.0, "obstaculo": 0.0, "rampa": 0.0, "rampa_faces": 0.0, "sem_calcada": 0.0, "sem_arvore": 0.0, "muitas_arvores": 0.0, "vao": 100.0, "V05400": 3, "V05421": 3, "V05406": 3, "V05412": 3, "V05422": 0, "V05424": 0, "V05427": 0, "V05409": 3, "V05415": 0, "V05418": 0, "V05430": 0, "V05433": 0, "criancas_0a4": 6, "em_favela": false }, "geometry": { "type": "Polygon", "coordinates": [ [ [ -46.659766, -23.609112 ], [ -46.660511, -23.609904 ], [ -46.660912, -23.609581 ], [ -46.660168, -23.60879 ], [ -46.659766, -23.609112 ] ] ] } },
{ "type": "Feature", "properties": { "CD_SETOR": "355030832000410", "faces": 3, "pavimentada": 100.0, "bueiro": 100.0, "iluminacao": 100.0, "onibus": 0.0, "ciclovia": 0.0, "calcada": 100.0, "obstaculo": 0.0, "rampa": 66.67, "rampa_faces": 66.67, "sem_calcada": 0.0, "sem_arvore": 0.0, "muitas_arvores": 33.33, "vao": 33.33, "V05400": 3, "V05421": 3, "V05406": 3, "V05412": 3, "V05422": 0, "V05424": 0, "V05427": 2, "V05409": 3, "V05415": 0, "V05418": 0, "V05430": 0, "V05433": 1, "criancas_0a4": 8, "em_favela": false }, "geometry": { "type": "Polygon", "coordinates": [ [ [ -46.660168, -23.60879 ], [ -46.660912, -23.609581 ], [ -46.661367, -23.609214 ], [ -46.660623, -23.608428 ], [ -46.660168, -23.60879 ] ] ] } },
{ "type": "Feature", "properties": { "CD_SETOR": "355030832000411", "faces": 15, "pavimentada": 100.0, "bueiro": 100.0, "iluminacao": 100.0, "onibus": 6.67, "ciclovia": 6.67, "calcada": 100.0, "obstaculo": 46.67, "rampa": 20.0, "rampa_faces": 20.0, "sem_calcada": 0.0, "sem_arvore": 0.0, "muitas_arvores": 66.67, "vao": 80.0, "V05400": 15, "V05421": 15, "V05406": 15, "V05412": 15, "V05422": 0, "V05424": 7, "V05427": 3, "V05409": 15, "V05415": 1, "V05418": 1, "V05430": 0, "V05433": 10, "criancas_0a4": 13, "em_favela": false }, "geometry": { "type": "Polygon", "coordinates": [ [ [ -46.662512, -23.597195 ], [ -46.66235, -23.597543 ], [ -46.662317, -23.597945 ], [ -46.663473, -23.599202 ], [ -46.665163, -23.597849 ], [ -46.664846, -23.597532 ], [ -46.664234, -23.598011 ], [ -46.663981, -23.598151 ], [ -46.662844, -23.596924 ], [ -46.662512, -23.597195 ] ] ] } },
{ "type": "Feature", "properties": { "CD_SETOR": "355030832000412", "faces": 4, "pavimentada": 100.0, "bueiro": 100.0, "iluminacao": 100.0, "onibus": 25.0, "ciclovia": 50.0, "calcada": 100.0, "obstaculo": 0.0, "rampa": 100.0, "rampa_faces": 100.0, "sem_calcada": 0.0, "sem_arvore": 0.0, "muitas_arvores": 100.0, "vao": 0.0, "V05400": 4, "V05421": 4, "V05406": 4, "V05412": 4, "V05422": 0, "V05424": 0, "V05427": 4, "V05409": 4, "V05415": 1, "V05418": 2, "V05430": 0, "V05433": 4, "criancas_0a4": 12, "em_favela": false }, "geometry": { "type": "Polygon", "coordinates": [ [ [ -46.662844, -23.596924 ], [ -46.663981, -23.598151 ], [ -46.664234, -23.598011 ], [ -46.665025, -23.597413 ], [ -46.664756, -23.59723 ], [ -46.663816, -23.59626 ], [ -46.6637, -23.596228 ], [ -46.662844, -23.596924 ] ] ] } },
{ "type": "Feature", "properties": { "CD_SETOR": "355030832000413", "faces": 3, "pavimentada": 100.0, "bueiro": 100.0, "iluminacao": 100.0, "onibus": 0.0, "ciclovia": 0.0, "calcada": 100.0, "obstaculo": 0.0, "rampa": 100.0, "rampa_faces": 100.0, "sem_calcada": 0.0, "sem_arvore": 0.0, "muitas_arvores": 33.33, "vao": 0.0, "V05400": 3, "V05421": 3, "V05406": 3, "V05412": 3, "V05422": 0, "V05424": 0, "V05427": 3, "V05409": 3, "V05415": 0, "V05418": 0, "V05430": 0, "V05433": 1, "criancas_0a4": 3, "em_favela": false }, "geometry": { "type": "Polygon", "coordinates": [ [ [ -46.665707, -23.601583 ], [ -46.666452, -23.602366 ], [ -46.666824, -23.602068 ], [ -46.666389, -23.601602 ], [ -46.666602, -23.60143 ], [ -46.666445, -23.601265 ], [ -46.666566, -23.601163 ], [ -46.666425, -23.600997 ], [ -46.665707, -23.601583 ] ] ] } },
{ "type": "Feature", "properties": { "CD_SETOR": "355030832000414", "faces": 3, "pavimentada": 100.0, "bueiro": 100.0, "iluminacao": 100.0, "onibus": 33.33, "ciclovia": 0.0, "calcada": 100.0, "obstaculo": 0.0, "rampa": 100.0, "rampa_faces": 100.0, "sem_calcada": 0.0, "sem_arvore": 33.33, "muitas_arvores": 33.33, "vao": 0.0, "V05400": 3, "V05421": 3, "V05406": 3, "V05412": 3, "V05422": 0, "V05424": 0, "V05427": 3, "V05409": 3, "V05415": 1, "V05418": 0, "V05430": 1, "V05433": 1, "criancas_0a4": 6, "em_favela": false }, "geometry": { "type": "Polygon", "coordinates": [ [ [ -46.666425, -23.600997 ], [ -46.666566, -23.601163 ], [ -46.666445, -23.601265 ], [ -46.666602, -23.60143 ], [ -46.666389, -23.601602 ], [ -46.666824, -23.602068 ], [ -46.667297, -23.60169 ], [ -46.666546, -23.600898 ], [ -46.666425, -23.600997 ] ] ] } },
{ "type": "Feature", "properties": { "CD_SETOR": "355030832000415", "faces": 6, "pavimentada": 100.0, "bueiro": 100.0, "iluminacao": 100.0, "onibus": 0.0, "ciclovia": 0.0, "calcada": 100.0, "obstaculo": 33.33, "rampa": 66.67, "rampa_faces": 66.67, "sem_calcada": 0.0, "sem_arvore": 33.33, "muitas_arvores": 50.0, "vao": 33.33, "V05400": 6, "V05421": 6, "V05406": 6, "V05412": 6, "V05422": 0, "V05424": 2, "V05427": 4, "V05409": 6, "V05415": 0, "V05418": 0, "V05430": 2, "V05433": 3, "criancas_0a4": 12, "em_favela": false }, "geometry": { "type": "Polygon", "coordinates": [ [ [ -46.656778, -23.605959 ], [ -46.655923, -23.606647 ], [ -46.656296, -23.60704 ], [ -46.656615, -23.606782 ], [ -46.656787, -23.606981 ], [ -46.657324, -23.606532 ], [ -46.656778, -23.605959 ] ] ] } },
{ "type": "Feature", "properties": { "CD_SETOR": "355030832000416", "faces": 4, "pavimentada": 100.0, "bueiro": 100.0, "iluminacao": 100.0, "onibus": 0.0, "ciclovia": 0.0, "calcada": 100.0, "obstaculo": 25.0, "rampa": 100.0, "rampa_faces": 100.0, "sem_calcada": 0.0, "sem_arvore": 25.0, "muitas_arvores": 50.0, "vao": 0.0, "V05400": 4, "V05421": 4, "V05406": 4, "V05412": 4, "V05422": 0, "V05424": 1, "V05427": 4, "V05409": 4, "V05415": 0, "V05418": 0, "V05430": 1, "V05433": 2, "criancas_0a4": 3, "em_favela": false }, "geometry": { "type": "Polygon", "coordinates": [ [ [ -46.656296, -23.60704 ], [ -46.65667, -23.607433 ], [ -46.657525, -23.606747 ], [ -46.657324, -23.606532 ], [ -46.656787, -23.606981 ], [ -46.656615, -23.606782 ], [ -46.656296, -23.60704 ] ] ] } },
{ "type": "Feature", "properties": { "CD_SETOR": "355030832000417", "faces": 7, "pavimentada": 100.0, "bueiro": 57.14, "iluminacao": 100.0, "onibus": 14.29, "ciclovia": 0.0, "calcada": 100.0, "obstaculo": 71.43, "rampa": 42.86, "rampa_faces": 42.86, "sem_calcada": 0.0, "sem_arvore": 0.0, "muitas_arvores": 57.14, "vao": 57.14, "V05400": 7, "V05421": 7, "V05406": 7, "V05412": 7, "V05422": 0, "V05424": 5, "V05427": 3, "V05409": 4, "V05415": 1, "V05418": 0, "V05430": 0, "V05433": 4, "criancas_0a4": 3, "em_favela": false }, "geometry": { "type": "Polygon", "coordinates": [ [ [ -46.663906, -23.595998 ], [ -46.664183, -23.596055 ], [ -46.665565, -23.595847 ], [ -46.665708, -23.596778 ], [ -46.666568, -23.596666 ], [ -46.666246, -23.595828 ], [ -46.666176, -23.595775 ], [ -46.664456, -23.59522 ], [ -46.663906, -23.595998 ] ] ] } },
{ "type": "Feature", "properties": { "CD_SETOR": "355030832000418", "faces": 9, "pavimentada": 100.0, "bueiro": 33.33, "iluminacao": 100.0, "onibus": 0.0, "ciclovia": 0.0, "calcada": 100.0, "obstaculo": 55.56, "rampa": 44.44, "rampa_faces": 44.44, "sem_calcada": 0.0, "sem_arvore": 11.11, "muitas_arvores": 77.78, "vao": 55.56, "V05400": 9, "V05421": 9, "V05406": 9, "V05412": 9, "V05422": 0, "V05424": 5, "V05427": 4, "V05409": 3, "V05415": 0, "V05418": 0, "V05430": 1, "V05433": 7, "criancas_0a4": 14, "em_favela": false }, "geometry": { "type": "Polygon", "coordinates": [ [ [ -46.663906, -23.595998 ], [ -46.6637, -23.596228 ], [ -46.663816, -23.59626 ], [ -46.664472, -23.596945 ], [ -46.665708, -23.596778 ], [ -46.665565, -23.595847 ], [ -46.664183, -23.596055 ], [ -46.663906, -23.595998 ] ] ] } },
{ "type": "Feature", "properties": { "CD_SETOR": "355030832000419", "faces": 1, "pavimentada": 100.0, "bueiro": 100.0, "iluminacao": 100.0, "onibus": 0.0, "ciclovia": 0.0, "calcada": 100.0, "obstaculo": 0.0, "rampa": 0.0, "rampa_faces": 0.0, "sem_calcada": 0.0, "sem_arvore": 0.0, "muitas_arvores": 0.0, "vao": 100.0, "V05400": 1, "V05421": 1, "V05406": 1, "V05412": 1, "V05422": 0, "V05424": 0, "V05427": 0, "V05409": 1, "V05415": 0, "V05418": 0, "V05430": 0, "V05433": 0, "criancas_0a4": 12, "em_favela": false }, "geometry": { "type": "Polygon", "coordinates": [ [ [ -46.67018, -23.600767 ], [ -46.669725, -23.60112 ], [ -46.67021, -23.601642 ], [ -46.670654, -23.601269 ], [ -46.67018, -23.600767 ] ] ] } },
{ "type": "Feature", "properties": { "CD_SETOR": "355030832000420", "faces": 3, "pavimentada": 100.0, "bueiro": 66.67, "iluminacao": 100.0, "onibus": 0.0, "ciclovia": 33.33, "calcada": 100.0, "obstaculo": 33.33, "rampa": 0.0, "rampa_faces": 0.0, "sem_calcada": 0.0, "sem_arvore": 0.0, "muitas_arvores": 66.67, "vao": 100.0, "V05400": 3, "V05421": 3, "V05406": 3, "V05412": 3, "V05422": 0, "V05424": 1, "V05427": 0, "V05409": 2, "V05415": 0, "V05418": 1, "V05430": 0, "V05433": 2, "criancas_0a4": 12, "em_favela": false }, "geometry": { "type": "Polygon", "coordinates": [ [ [ -46.668986, -23.600333 ], [ -46.669725, -23.60112 ], [ -46.670127, -23.600803 ], [ -46.669724, -23.600379 ], [ -46.669442, -23.599975 ], [ -46.668986, -23.600333 ] ] ] } },
{ "type": "Feature", "properties": { "CD_SETOR": "355030832000421", "faces": 3, "pavimentada": 100.0, "bueiro": 0.0, "iluminacao": 100.0, "onibus": 0.0, "ciclovia": 0.0, "calcada": 100.0, "obstaculo": 0.0, "rampa": 66.67, "rampa_faces": 66.67, "sem_calcada": 0.0, "sem_arvore": 0.0, "muitas_arvores": 100.0, "vao": 33.33, "V05400": 3, "V05421": 3, "V05406": 3, "V05412": 3, "V05422": 0, "V05424": 0, "V05427": 2, "V05409": 0, "V05415": 0, "V05418": 0, "V05430": 0, "V05433": 3, "criancas_0a4": 12, "em_favela": false }, "geometry": { "type": "Polygon", "coordinates": [ [ [ -46.669936, -23.588985 ], [ -46.670347, -23.5897 ], [ -46.671288, -23.589289 ], [ -46.671029, -23.588462 ], [ -46.669936, -23.588985 ] ] ] } },
{ "type": "Feature", "properties": { "CD_SETOR": "355030832000422", "faces": 2, "pavimentada": 50.0, "bueiro": 0.0, "iluminacao": 50.0, "onibus": 0.0, "ciclovia": 0.0, "calcada": 50.0, "obstaculo": 0.0, "rampa": 100.0, "rampa_faces": 50.0, "sem_calcada": 0.0, "sem_arvore": 0.0, "muitas_arvores": 50.0, "vao": 0.0, "V05400": 2, "V05421": 1, "V05406": 1, "V05412": 1, "V05422": 0, "V05424": 0, "V05427": 1, "V05409": 0, "V05415": 0, "V05418": 0, "V05430": 0, "V05433": 1, "criancas_0a4": 0, "em_favela": false }, "geometry": { "type": "Polygon", "coordinates": [ [ [ -46.652729, -23.579024 ], [ -46.653011, -23.578595 ], [ -46.652592, -23.578367 ], [ -46.652296, -23.578792 ], [ -46.652729, -23.579024 ] ] ] } },
{ "type": "Feature", "properties": { "CD_SETOR": "355030832000423", "faces": 4, "pavimentada": 100.0, "bueiro": 100.0, "iluminacao": 100.0, "onibus": 50.0, "ciclovia": 0.0, "calcada": 100.0, "obstaculo": 25.0, "rampa": 100.0, "rampa_faces": 100.0, "sem_calcada": 0.0, "sem_arvore": 0.0, "muitas_arvores": 50.0, "vao": 0.0, "V05400": 4, "V05421": 4, "V05406": 4, "V05412": 4, "V05422": 0, "V05424": 1, "V05427": 4, "V05409": 4, "V05415": 2, "V05418": 0, "V05430": 0, "V05433": 2, "criancas_0a4": 0, "em_favela": false }, "geometry": { "type": "Polygon", "coordinates": [ [ [ -46.650931, -23.577509 ], [ -46.651055, -23.578756 ], [ -46.652421, -23.579502 ], [ -46.652729, -23.579024 ], [ -46.652296, -23.578792 ], [ -46.652592, -23.578367 ], [ -46.651345, -23.577687 ], [ -46.650867, -23.577358 ], [ -46.650931, -23.577509 ] ] ] } },
{ "type": "Feature", "properties": { "CD_SETOR": "355030832000424", "faces": 1, "pavimentada": 100.0, "bueiro": 100.0, "iluminacao": 100.0, "onibus": 0.0, "ciclovia": 0.0, "calcada": 100.0, "obstaculo": 0.0, "rampa": 0.0, "rampa_faces": 0.0, "sem_calcada": 0.0, "sem_arvore": 0.0, "muitas_arvores": 0.0, "vao": 100.0, "V05400": 1, "V05421": 1, "V05406": 1, "V05412": 1, "V05422": 0, "V05424": 0, "V05427": 0, "V05409": 1, "V05415": 0, "V05418": 0, "V05430": 0, "V05433": 0, "criancas_0a4": 0, "em_favela": false }, "geometry": { "type": "Polygon", "coordinates": [ [ [ -46.65885, -23.60568 ], [ -46.659053, -23.60552 ], [ -46.658862, -23.605302 ], [ -46.658673, -23.605452 ], [ -46.65885, -23.60568 ] ] ] } },
{ "type": "Feature", "properties": { "CD_SETOR": "355030832000425", "faces": 2, "pavimentada": 100.0, "bueiro": 100.0, "iluminacao": 100.0, "onibus": 0.0, "ciclovia": 0.0, "calcada": 100.0, "obstaculo": 50.0, "rampa": 100.0, "rampa_faces": 100.0, "sem_calcada": 0.0, "sem_arvore": 50.0, "muitas_arvores": 50.0, "vao": 0.0, "V05400": 2, "V05421": 2, "V05406": 2, "V05412": 2, "V05422": 0, "V05424": 1, "V05427": 2, "V05409": 2, "V05415": 0, "V05418": 0, "V05430": 1, "V05433": 1, "criancas_0a4": 10, "em_favela": false }, "geometry": { "type": "Polygon", "coordinates": [ [ [ -46.671936, -23.589022 ], [ -46.671032, -23.589401 ], [ -46.67126, -23.589875 ], [ -46.671769, -23.589654 ], [ -46.67165, -23.589382 ], [ -46.672065, -23.589192 ], [ -46.672016, -23.589016 ], [ -46.671936, -23.589022 ] ] ] } },
{ "type": "Feature", "properties": { "CD_SETOR": "355030832000426", "faces": 1, "pavimentada": 100.0, "bueiro": 100.0, "iluminacao": 100.0, "onibus": 0.0, "ciclovia": 0.0, "calcada": 100.0, "obstaculo": 0.0, "rampa": 0.0, "rampa_faces": 0.0, "sem_calcada": 0.0, "sem_arvore": 0.0, "muitas_arvores": 0.0, "vao": 100.0, "V05400": 1, "V05421": 1, "V05406": 1, "V05412": 1, "V05422": 0, "V05424": 0, "V05427": 0, "V05409": 1, "V05415": 0, "V05418": 0, "V05430": 0, "V05433": 0, "criancas_0a4": 0, "em_favela": false }, "geometry": { "type": "Polygon", "coordinates": [ [ [ -46.661817, -23.604695 ], [ -46.661239, -23.605158 ], [ -46.661766, -23.605708 ], [ -46.662305, -23.605253 ], [ -46.661817, -23.604695 ] ] ] } },
{ "type": "Feature", "properties": { "CD_SETOR": "355030832000427", "faces": 2, "pavimentada": 100.0, "bueiro": 0.0, "iluminacao": 100.0, "onibus": 50.0, "ciclovia": 0.0, "calcada": 100.0, "obstaculo": 0.0, "rampa": 100.0, "rampa_faces": 100.0, "sem_calcada": 0.0, "sem_arvore": 50.0, "muitas_arvores": 50.0, "vao": 0.0, "V05400": 2, "V05421": 2, "V05406": 2, "V05412": 2, "V05422": 0, "V05424": 0, "V05427": 2, "V05409": 0, "V05415": 1, "V05418": 0, "V05430": 1, "V05433": 1, "criancas_0a4": 5, "em_favela": false }, "geometry": { "type": "Polygon", "coordinates": [ [ [ -46.668039, -23.602479 ], [ -46.668438, -23.602907 ], [ -46.668876, -23.602553 ], [ -46.66854, -23.602218 ], [ -46.668633, -23.602139 ], [ -46.668705, -23.602219 ], [ -46.669035, -23.601957 ], [ -46.668886, -23.601798 ], [ -46.668039, -23.602479 ] ] ] } },
{ "type": "Feature", "properties": { "CD_SETOR": "355030832000428", "faces": 3, "pavimentada": 100.0, "bueiro": 100.0, "iluminacao": 100.0, "onibus": 0.0, "ciclovia": 33.33, "calcada": 100.0, "obstaculo": 100.0, "rampa": 0.0, "rampa_faces": 0.0, "sem_calcada": 0.0, "sem_arvore": 33.33, "muitas_arvores": 33.33, "vao": 100.0, "V05400": 3, "V05421": 3, "V05406": 3, "V05412": 3, "V05422": 0, "V05424": 3, "V05427": 0, "V05409": 3, "V05415": 0, "V05418": 1, "V05430": 1, "V05433": 1, "criancas_0a4": 10, "em_favela": false }, "geometry": { "type": "Polygon", "coordinates": [ [ [ -46.669481, -23.600043 ], [ -46.669724, -23.600379 ], [ -46.670127, -23.600803 ], [ -46.67018, -23.600767 ], [ -46.670319, -23.600562 ], [ -46.670128, -23.600348 ], [ -46.670308, -23.600153 ], [ -46.670045, -23.599761 ], [ -46.669481, -23.600043 ] ] ] } },
{ "type": "Feature", "properties": { "CD_SETOR": "355030832000429", "faces": 2, "pavimentada": 100.0, "bueiro": 100.0, "iluminacao": 100.0, "onibus": 50.0, "ciclovia": 0.0, "calcada": 100.0, "obstaculo": 100.0, "rampa": 50.0, "rampa_faces": 50.0, "sem_calcada": 0.0, "sem_arvore": 0.0, "muitas_arvores": 0.0, "vao": 50.0, "V05400": 2, "V05421": 2, "V05406": 2, "V05412": 2, "V05422": 0, "V05424": 2, "V05427": 1, "V05409": 2, "V05415": 1, "V05418": 0, "V05430": 0, "V05433": 0, "criancas_0a4": 0, "em_favela": false }, "geometry": { "type": "Polygon", "coordinates": [ [ [ -46.673959, -23.604032 ], [ -46.674316, -23.60441 ], [ -46.674481, -23.604283 ], [ -46.674292, -23.604066 ], [ -46.674438, -23.603959 ], [ -46.674279, -23.603787 ], [ -46.673959, -23.604032 ] ] ] } },
{ "type": "Feature", "properties": { "CD_SETOR": "355030832000436", "faces": 40, "pavimentada": 100.0, "bueiro": 65.0, "iluminacao": 100.0, "onibus": 12.5, "ciclovia": 15.0, "calcada": 100.0, "obstaculo": 10.0, "rampa": 80.0, "rampa_faces": 80.0, "sem_calcada": 0.0, "sem_arvore": 7.5, "muitas_arvores": 47.5, "vao": 20.0, "V05400": 40, "V05421": 40, "V05406": 40, "V05412": 40, "V05422": 0, "V05424": 4, "V05427": 32, "V05409": 26, "V05415": 5, "V05418": 6, "V05430": 3, "V05433": 19, "criancas_0a4": 25, "em_favela": false }, "geometry": { "type": "Polygon", "coordinates": [ [ [ -46.667061, -23.608814 ], [ -46.666169, -23.60953 ], [ -46.6658, -23.609141 ], [ -46.665489, -23.609395 ], [ -46.665098, -23.608999 ], [ -46.663715, -23.610114 ], [ -46.664458, -23.6109 ], [ -46.665316, -23.610214 ], [ -46.669056, -23.614181 ], [ -46.670116, -23.613339 ], [ -46.670938, -23.612924 ], [ -46.667061, -23.608814 ] ] ] } },
{ "type": "Feature", "properties": { "CD_SETOR": "355030832000437", "faces": 39, "pavimentada": 94.87, "bueiro": 25.64, "iluminacao": 94.87, "onibus": 5.13, "ciclovia": 28.21, "calcada": 94.87, "obstaculo": 24.32, "rampa": 54.05, "rampa_faces": 51.28, "sem_calcada": 0.0, "sem_arvore": 41.03, "muitas_arvores": 15.38, "vao": 43.59, "V05400": 39, "V05421": 37, "V05406": 37, "V05412": 37, "V05422": 0, "V05424": 9, "V05427": 20, "V05409": 10, "V05415": 2, "V05418": 11, "V05430": 16, "V05433": 6, "criancas_0a4": 3, "em_favela": false }, "geometry": { "type": "Polygon", "coordinates": [ [ [ -46.667016, -23.613027 ], [ -46.666683, -23.612665 ], [ -46.666936, -23.61248 ], [ -46.667081, -23.612632 ], [ -46.667027, -23.612674 ], [ -46.667213, -23.612865 ], [ -46.667554, -23.612592 ], [ -46.665316, -23.610214 ], [ -46.663611, -23.611585 ], [ -46.665101, -23.613176 ], [ -46.665955, -23.612482 ], [ -46.666702, -23.613284 ], [ -46.667016, -23.613027 ] ] ] } },
{ "type": "Feature", "properties": { "CD_SETOR": "355030832000438", "faces": 1, "pavimentada": 100.0, "bueiro": 0.0, "iluminacao": 100.0, "onibus": 0.0, "ciclovia": 0.0, "calcada": 100.0, "obstaculo": 0.0, "rampa": 100.0, "rampa_faces": 100.0, "sem_calcada": 0.0, "sem_arvore": 0.0, "muitas_arvores": 100.0, "vao": 0.0, "V05400": 1, "V05421": 1, "V05406": 1, "V05412": 1, "V05422": 0, "V05424": 0, "V05427": 1, "V05409": 0, "V05415": 0, "V05418": 0, "V05430": 0, "V05433": 1, "criancas_0a4": 0, "em_favela": false }, "geometry": { "type": "Polygon", "coordinates": [ [ [ -46.667213, -23.612865 ], [ -46.667027, -23.612674 ], [ -46.667081, -23.612632 ], [ -46.666936, -23.61248 ], [ -46.666683, -23.612665 ], [ -46.667016, -23.613027 ], [ -46.667213, -23.612865 ] ] ] } },
{ "type": "Feature", "properties": { "CD_SETOR": "355030832000439", "faces": 15, "pavimentada": 100.0, "bueiro": 80.0, "iluminacao": 100.0, "onibus": 20.0, "ciclovia": 20.0, "calcada": 100.0, "obstaculo": 20.0, "rampa": 73.33, "rampa_faces": 73.33, "sem_calcada": 0.0, "sem_arvore": 20.0, "muitas_arvores": 26.67, "vao": 26.67, "V05400": 15, "V05421": 15, "V05406": 15, "V05412": 15, "V05422": 0, "V05424": 3, "V05427": 11, "V05409": 12, "V05415": 3, "V05418": 3, "V05430": 3, "V05433": 4, "criancas_0a4": 13, "em_favela": false }, "geometry": { "type": "Polygon", "coordinates": [ [ [ -46.662747, -23.612275 ], [ -46.661894, -23.612964 ], [ -46.663387, -23.614548 ], [ -46.664245, -23.613861 ], [ -46.662747, -23.612275 ] ], [ [ -46.662785, -23.613322 ], [ -46.663196, -23.612997 ], [ -46.66336, -23.613177 ], [ -46.662938, -23.613514 ], [ -46.662785, -23.613322 ] ] ] } },
{ "type": "Feature", "properties": { "CD_SETOR": "355030832000440", "faces": 4, "pavimentada": 100.0, "bueiro": 100.0, "iluminacao": 100.0, "onibus": 50.0, "ciclovia": 50.0, "calcada": 100.0, "obstaculo": 25.0, "rampa": 50.0, "rampa_faces": 50.0, "sem_calcada": 0.0, "sem_arvore": 25.0, "muitas_arvores": 25.0, "vao": 50.0, "V05400": 4, "V05421": 4, "V05406": 4, "V05412": 4, "V05422": 0, "V05424": 1, "V05427": 2, "V05409": 4, "V05415": 2, "V05418": 2, "V05430": 1, "V05433": 1, "criancas_0a4": 3, "em_favela": false }, "geometry": { "type": "Polygon", "coordinates": [ [ [ -46.666747, -23.597964 ], [ -46.667136, -23.598372 ], [ -46.667573, -23.59802 ], [ -46.667237, -23.597624 ], [ -46.667241, -23.597418 ], [ -46.666954, -23.597453 ], [ -46.66697, -23.597664 ], [ -46.666877, -23.597851 ], [ -46.666747, -23.597964 ] ] ] } },
{ "type": "Feature", "properties": { "CD_SETOR": "355030832000441", "faces": 4, "pavimentada": 100.0, "bueiro": 75.0, "iluminacao": 100.0, "onibus": 0.0, "ciclovia": 0.0, "calcada": 100.0, "obstaculo": 0.0, "rampa": 50.0, "rampa_faces": 50.0, "sem_calcada": 0.0, "sem_arvore": 75.0, "muitas_arvores": 25.0, "vao": 50.0, "V05400": 4, "V05421": 4, "V05406": 4, "V05412": 4, "V05422": 0, "V05424": 0, "V05427": 2, "V05409": 3, "V05415": 0, "V05418": 0, "V05430": 3, "V05433": 1, "criancas_0a4": 0, "em_favela": false }, "geometry": { "type": "Polygon", "coordinates": [ [ [ -46.665188, -23.604762 ], [ -46.665671, -23.604377 ], [ -46.665312, -23.604 ], [ -46.665246, -23.604053 ], [ -46.66487, -23.603632 ], [ -46.664448, -23.60397 ], [ -46.665188, -23.604762 ] ] ] } },
{ "type": "Feature", "properties": { "CD_SETOR": "355030832000442", "faces": 8, "pavimentada": 100.0, "bueiro": 75.0, "iluminacao": 100.0, "onibus": 12.5, "ciclovia": 0.0, "calcada": 100.0, "obstaculo": 12.5, "rampa": 62.5, "rampa_faces": 62.5, "sem_calcada": 0.0, "sem_arvore": 12.5, "muitas_arvores": 37.5, "vao": 37.5, "V05400": 8, "V05421": 8, "V05406": 8, "V05412": 8, "V05422": 0, "V05424": 1, "V05427": 5, "V05409": 6, "V05415": 1, "V05418": 0, "V05430": 1, "V05433": 3, "criancas_0a4": 0, "em_favela": false }, "geometry": { "type": "Polygon", "coordinates": [ [ [ -46.664844, -23.606427 ], [ -46.664099, -23.605641 ], [ -46.662975, -23.606543 ], [ -46.66337, -23.606951 ], [ -46.66327, -23.607031 ], [ -46.663442, -23.607235 ], [ -46.663766, -23.606976 ], [ -46.663939, -23.607158 ], [ -46.664844, -23.606427 ] ] ] } },
{ "type": "Feature", "properties": { "CD_SETOR": "355030832000443", "faces": 14, "pavimentada": 100.0, "bueiro": 100.0, "iluminacao": 100.0, "onibus": 7.14, "ciclovia": 35.71, "calcada": 100.0, "obstaculo": 0.0, "rampa": 78.57, "rampa_faces": 78.57, "sem_calcada": 0.0, "sem_arvore": 35.71, "muitas_arvores": 42.86, "vao": 21.43, "V05400": 14, "V05421": 14, "V05406": 14, "V05412": 14, "V05422": 0, "V05424": 0, "V05427": 11, "V05409": 14, "V05415": 1, "V05418": 5, "V05430": 5, "V05433": 6, "criancas_0a4": 0, "em_favela": false }, "geometry": { "type": "Polygon", "coordinates": [ [ [ -46.664683, -23.607944 ], [ -46.666169, -23.60953 ], [ -46.667061, -23.608814 ], [ -46.664844, -23.606427 ], [ -46.664488, -23.606712 ], [ -46.664875, -23.607146 ], [ -46.664723, -23.607259 ], [ -46.665071, -23.607637 ], [ -46.664683, -23.607944 ] ] ] } }
]
}
