{
"type": "FeatureCollection",
"name": "parelheiros",
"crs": { "type": "name", "properties": { "name": "urn:ogc:def:crs:OGC:1.3:CRS84" } },
"xy_coordinate_resolution": 1e-06,
"features": [
{ "type": "Feature", "properties": { "CD_SETOR": "355030855000001", "faces": 14, "pavimentada": 100.0, "bueiro": 78.57, "iluminacao": 100.0, "onibus": 21.43, "ciclovia": 0.0, "calcada": 71.43, "obstaculo": 60.0, "rampa": 0.0, "rampa_faces": 0.0, "sem_calcada": 28.57, "sem_arvore": 7.14, "muitas_arvores": 78.57, "vao": 100.0, "V05400": 14, "V05421": 10, "V05406": 14, "V05412": 14, "V05422": 4, "V05424": 6, "V05427": 0, "V05409": 11, "V05415": 3, "V05418": 0, "V05430": 1, "V05433": 11, "criancas_0a4": 20, "em_favela": false }, "geometry": { "type": "Polygon", "coordinates": [ [ [ -46.717615, -23.776086 ], [ -46.718058, -23.776521 ], [ -46.718354, -23.776926 ], [ -46.718888, -23.776683 ], [ -46.719066, -23.776851 ], [ -46.719681, -23.777209 ], [ -46.720144, -23.777558 ], [ -46.720517, -23.777735 ], [ -46.720758, -23.777762 ], [ -46.72112, -23.777676 ], [ -46.721733, -23.77741 ], [ -46.722791, -23.777397 ], [ -46.722954, -23.777325 ], [ -46.722987, -23.776096 ], [ -46.722956, -23.775809 ], [ -46.722837, -23.775552 ], [ -46.722679, -23.775354 ], [ -46.721899, -23.774776 ], [ -46.720955, -23.773905 ], [ -46.719322, -23.776046 ], [ -46.719003, -23.776574 ], [ -46.718115, -23.775636 ], [ -46.717615, -23.776086 ] ] ] } },
{ "type": "Feature", "properties": { "CD_SETOR": "355030855000003", "faces": 5, "pavimentada": 60.0, "bueiro": 60.0, "iluminacao": 100.0, "onibus": 0.0, "ciclovia": 0.0, "calcada": 60.0, "obstaculo": 100.0, "rampa": 0.0, "rampa_faces": 0.0, "sem_calcada": 40.0, "sem_arvore": 40.0, "muitas_arvores": 0.0, "vao": 60.0, "V05400": 5, "V05421": 3, "V05406": 3, "V05412": 5, "V05422": 2, "V05424": 3, "V05427": 0, "V05409": 3, "V05415": 0, "V05418": 0, "V05430": 2, "V05433": 0, "criancas_0a4": 0, "em_favela": false }, "geometry": { "type": "Polygon", "coordinates": [ [ [ -46.717441, -23.773531 ], [ -46.717827, -23.773122 ], [ -46.717438, -23.772894 ], [ -46.717454, -23.77272 ], [ -46.717708, -23.772442 ], [ -46.717498, -23.772278 ], [ -46.717004, -23.772754 ], [ -46.717081, -23.772812 ], [ -46.717087, -23.772996 ], [ -46.717154, -23.773056 ], [ -46.717035, -23.773188 ], [ -46.717441, -23.773531 ] ] ] } },
{ "type": "Feature", "properties": { "CD_SETOR": "355030855000007", "faces": 9, "pavimentada": 100.0, "bueiro": 100.0, "iluminacao": 100.0, "onibus": 22.22, "ciclovia": 0.0, "calcada": 77.78, "obstaculo": 85.71, "rampa": 0.0, "rampa_faces": 0.0, "sem_calcada": 22.22, "sem_arvore": 55.56, "muitas_arvores": 22.22, "vao": 100.0, "V05400": 9, "V05421": 7, "V05406": 9, "V05412": 9, "V05422": 2, "V05424": 6, "V05427": 0, "V05409": 9, "V05415": 2, "V05418": 0, "V05430": 5, "V05433": 2, "criancas_0a4": 26, "em_favela": false }, "geometry": { "type": "Polygon", "coordinates": [ [ [ -46.695768, -23.850806 ], [ -46.695004, -23.851971 ], [ -46.695001, -23.852111 ], [ -46.695473, -23.853306 ], [ -46.696613, -23.853414 ], [ -46.696743, -23.852766 ], [ -46.696029, -23.852672 ], [ -46.695909, -23.85251 ], [ -46.695676, -23.851936 ], [ -46.695798, -23.851892 ], [ -46.696422, -23.85097 ], [ -46.695768, -23.850806 ] ] ] } },
{ "type": "Feature", "properties": { "CD_SETOR": "355030855000008", "faces": 18, "pavimentada": 100.0, "bueiro": 88.89, "iluminacao": 100.0, "onibus": 22.22, "ciclovia": 11.11, "calcada": 100.0, "obstaculo": 77.78, "rampa": 5.56, "rampa_faces": 5.56, "sem_calcada": 0.0, "sem_arvore": 61.11, "muitas_arvores": 0.0, "vao": 94.44, "V05400": 18, "V05421": 18, "V05406": 18, "V05412": 18, "V05422": 0, "V05424": 14, "V05427": 1, "V05409": 16, "V05415": 4, "V05418": 2, "V05430": 11, "V05433": 0, "criancas_0a4": 36, "em_favela": false }, "geometry": { "type": "Polygon", "coordinates": [ [ [ -46.695473, -23.853306 ], [ -46.695397, -23.853358 ], [ -46.695552, -23.853491 ], [ -46.695488, -23.853647 ], [ -46.69596, -23.853992 ], [ -46.696635, -23.854332 ], [ -46.697355, -23.852549 ], [ -46.698201, -23.852083 ], [ -46.698526, -23.851744 ], [ -46.698571, -23.851592 ], [ -46.698204, -23.851554 ], [ -46.697179, -23.851221 ], [ -46.697181, -23.851693 ], [ -46.697818, -23.85192 ], [ -46.697279, -23.852283 ], [ -46.696308, -23.852172 ], [ -46.696995, -23.851162 ], [ -46.696422, -23.85097 ], [ -46.695798, -23.851892 ], [ -46.695676, -23.851936 ], [ -46.695909, -23.85251 ], [ -46.696029, -23.852672 ], [ -46.696743, -23.852766 ], [ -46.696613, -23.853414 ], [ -46.695473, -23.853306 ] ] ] } },
{ "type": "Feature", "properties": { "CD_SETOR": "355030855000009", "faces": 22, "pavimentada": 90.91, "bueiro": 36.36, "iluminacao": 100.0, "onibus": 36.36, "ciclovia": 0.0, "calcada": 81.82, "obstaculo": 66.67, "rampa": 44.44, "rampa_faces": 36.36, "sem_calcada": 18.18, "sem_arvore": 72.73, "muitas_arvores": 0.0, "vao": 54.55, "V05400": 22, "V05421": 18, "V05406": 20, "V05412": 22, "V05422": 4, "V05424": 12, "V05427": 8, "V05409": 8, "V05415": 8, "V05418": 0, "V05430": 16, "V05433": 0, "criancas_0a4": 3, "em_favela": false }, "geometry": { "type": "Polygon", "coordinates": [ [ [ -46.696834, -23.848432 ], [ -46.699568, -23.848955 ], [ -46.700673, -23.848848 ], [ -46.701104, -23.848703 ], [ -46.699753, -23.84782 ], [ -46.698305, -23.847619 ], [ -46.697335, -23.847388 ], [ -46.697183, -23.847989 ], [ -46.696834, -23.848432 ] ] ] } },
{ "type": "Feature", "properties": { "CD_SETOR": "355030855000010", "faces": 16, "pavimentada": 100.0, "bueiro": 62.5, "iluminacao": 100.0, "onibus": 31.25, "ciclovia": 6.25, "calcada": 100.0, "obstaculo": 81.25, "rampa": 6.25, "rampa_faces": 6.25, "sem_calcada": 0.0, "sem_arvore": 50.0, "muitas_arvores": 6.25, "vao": 93.75, "V05400": 16, "V05421": 16, "V05406": 16, "V05412": 16, "V05422": 0, "V05424": 13, "V05427": 1, "V05409": 10, "V05415": 5, "V05418": 1, "V05430": 8, "V05433": 1, "criancas_0a4": 29, "em_favela": false }, "geometry": { "type": "Polygon", "coordinates": [ [ [ -46.722776, -23.770357 ], [ -46.723544, -23.771154 ], [ -46.724155, -23.770669 ], [ -46.724577, -23.771186 ], [ -46.726539, -23.771083 ], [ -46.726378, -23.770759 ], [ -46.724787, -23.76868 ], [ -46.722776, -23.770357 ] ] ] } },
{ "type": "Feature", "properties": { "CD_SETOR": "355030855000011", "faces": 23, "pavimentada": 100.0, "bueiro": 30.43, "iluminacao": 100.0, "onibus": 30.43, "ciclovia": 0.0, "calcada": 95.65, "obstaculo": 54.55, "rampa": 9.09, "rampa_faces": 8.7, "sem_calcada": 4.35, "sem_arvore": 43.48, "muitas_arvores": 13.04, "vao": 91.3, "V05400": 23, "V05421": 22, "V05406": 23, "V05412": 23, "V05422": 1, "V05424": 12, "V05427": 2, "V05409": 7, "V05415": 7, "V05418": 0, "V05430": 10, "V05433": 3, "criancas_0a4": 59, "em_favela": false }, "geometry": { "type": "Polygon", "coordinates": [ [ [ -46.721678, -23.77123 ], [ -46.722653, -23.771903 ], [ -46.723404, -23.773144 ], [ -46.723598, -23.773068 ], [ -46.723876, -23.772599 ], [ -46.726373, -23.772096 ], [ -46.726628, -23.771252 ], [ -46.726539, -23.771083 ], [ -46.724577, -23.771186 ], [ -46.724155, -23.770669 ], [ -46.723544, -23.771154 ], [ -46.722776, -23.770357 ], [ -46.721678, -23.77123 ] ] ] } },
{ "type": "Feature", "properties": { "CD_SETOR": "355030855000013", "faces": 16, "pavimentada": 100.0, "bueiro": 75.0, "iluminacao": 100.0, "onibus": 6.25, "ciclovia": 0.0, "calcada": 100.0, "obstaculo": 81.25, "rampa": 0.0, "rampa_faces": 0.0, "sem_calcada": 0.0, "sem_arvore": 37.5, "muitas_arvores": 6.25, "vao": 100.0, "V05400": 16, "V05421": 16, "V05406": 16, "V05412": 16, "V05422": 0, "V05424": 13, "V05427": 0, "V05409": 12, "V05415": 1, "V05418": 0, "V05430": 6, "V05433": 1, "criancas_0a4": 57, "em_favela": false }, "geometry": { "type": "Polygon", "coordinates": [ [ [ -46.722837, -23.767587 ], [ -46.722749, -23.767793 ], [ -46.72167, -23.768679 ], [ -46.72258, -23.76973 ], [ -46.724347, -23.768293 ], [ -46.723442, -23.767374 ], [ -46.722918, -23.767114 ], [ -46.722837, -23.767587 ] ] ] } },
{ "type": "Feature", "properties": { "CD_SETOR": "355030855000016", "faces": 16, "pavimentada": 100.0, "bueiro": 12.5, "iluminacao": 100.0, "onibus": 0.0, "ciclovia": 0.0, "calcada": 12.5, "obstaculo": 100.0, "rampa": 0.0, "rampa_faces": 0.0, "sem_calcada": 87.5, "sem_arvore": 87.5, "muitas_arvores": 12.5, "vao": 100.0, "V05400": 16, "V05421": 2, "V05406": 16, "V05412": 16, "V05422": 14, "V05424": 2, "V05427": 0, "V05409": 2, "V05415": 0, "V05418": 0, "V05430": 14, "V05433": 2, "criancas_0a4": 33, "em_favela": true }, "geometry": { "type": "Polygon", "coordinates": [ [ [ -46.715614, -23.768894 ], [ -46.715666, -23.769025 ], [ -46.71547, -23.769382 ], [ -46.715634, -23.769322 ], [ -46.715792, -23.770084 ], [ -46.716008, -23.770078 ], [ -46.716023, -23.770127 ], [ -46.716239, -23.77008 ], [ -46.716056, -23.769377 ], [ -46.71669, -23.769148 ], [ -46.716785, -23.769057 ], [ -46.716452, -23.768837 ], [ -46.716188, -23.768797 ], [ -46.715976, -23.768798 ], [ -46.715614, -23.768894 ] ] ] } },
{ "type": "Feature", "properties": { "CD_SETOR": "355030855000018", "faces": 19, "pavimentada": 100.0, "bueiro": 26.32, "iluminacao": 100.0, "onibus": 5.26, "ciclovia": 0.0, "calcada": 78.95, "obstaculo": 100.0, "rampa": 0.0, "rampa_faces": 0.0, "sem_calcada": 21.05, "sem_arvore": 73.68, "muitas_arvores": 0.0, "vao": 100.0, "V05400": 19, "V05421": 15, "V05406": 19, "V05412": 19, "V05422": 4, "V05424": 15, "V05427": 0, "V05409": 5, "V05415": 1, "V05418": 0, "V05430": 14, "V05433": 0, "criancas_0a4": 53, "em_favela": false }, "geometry": { "type": "Polygon", "coordinates": [ [ [ -46.729308, -23.824423 ], [ -46.729343, -23.826082 ], [ -46.729041, -23.826101 ], [ -46.728398, -23.82598 ], [ -46.728291, -23.826773 ], [ -46.729458, -23.82687 ], [ -46.730465, -23.826454 ], [ -46.731093, -23.82645 ], [ -46.731792, -23.8257 ], [ -46.732093, -23.825292 ], [ -46.731816, -23.824893 ], [ -46.731228, -23.824658 ], [ -46.730065, -23.82445 ], [ -46.730044, -23.824363 ], [ -46.729308, -23.824423 ] ] ] } },
{ "type": "Feature", "properties": { "CD_SETOR": "355030855000022", "faces": 19, "pavimentada": 100.0, "bueiro": 52.63, "iluminacao": 100.0, "onibus": 36.84, "ciclovia": 0.0, "calcada": 84.21, "obstaculo": 81.25, "rampa": 31.25, "rampa_faces": 26.32, "sem_calcada": 15.79, "sem_arvore": 52.63, "muitas_arvores": 31.58, "vao": 73.68, "V05400": 19, "V05421": 16, "V05406": 19, "V05412": 19, "V05422": 3, "V05424": 13, "V05427": 5, "V05409": 10, "V05415": 7, "V05418": 0, "V05430": 10, "V05433": 6, "criancas_0a4": 24, "em_favela": false }, "geometry": { "type": "Polygon", "coordinates": [ [ [ -46.724037, -23.82922 ], [ -46.723413, -23.830067 ], [ -46.723952, -23.830169 ], [ -46.724853, -23.830669 ], [ -46.725952, -23.830689 ], [ -46.72622, -23.83046 ], [ -46.727425, -23.830401 ], [ -46.727435, -23.831063 ], [ -46.727732, -23.830993 ], [ -46.727895, -23.830812 ], [ -46.728041, -23.830138 ], [ -46.727787, -23.83009 ], [ -46.727426, -23.830105 ], [ -46.727246, -23.827986 ], [ -46.725028, -23.828605 ], [ -46.724579, -23.828818 ], [ -46.724037, -23.82922 ] ] ] } },
{ "type": "Feature", "properties": { "CD_SETOR": "355030855000023", "faces": 38, "pavimentada": 94.74, "bueiro": 68.42, "iluminacao": 84.21, "onibus": 47.37, "ciclovia": 0.0, "calcada": 68.42, "obstaculo": 61.54, "rampa": 3.85, "rampa_faces": 2.63, "sem_calcada": 31.58, "sem_arvore": 73.68, "muitas_arvores": 0.0, "vao": 92.11, "V05400": 38, "V05421": 26, "V05406": 36, "V05412": 32, "V05422": 12, "V05424": 16, "V05427": 1, "V05409": 26, "V05415": 18, "V05418": 0, "V05430": 28, "V05433": 0, "criancas_0a4": 22, "em_favela": false }, "geometry": { "type": "Polygon", "coordinates": [ [ [ -46.728291, -23.826773 ], [ -46.727626, -23.826926 ], [ -46.726934, -23.826845 ], [ -46.727248, -23.827293 ], [ -46.727246, -23.827986 ], [ -46.727426, -23.830105 ], [ -46.727787, -23.83009 ], [ -46.728041, -23.830138 ], [ -46.728138, -23.829523 ], [ -46.728122, -23.829343 ], [ -46.729341, -23.829969 ], [ -46.729499, -23.829688 ], [ -46.731015, -23.828091 ], [ -46.731757, -23.826932 ], [ -46.731337, -23.826586 ], [ -46.731093, -23.82645 ], [ -46.730465, -23.826454 ], [ -46.729458, -23.82687 ], [ -46.728291, -23.826773 ] ] ] } },
{ "type": "Feature", "properties": { "CD_SETOR": "355030855000024", "faces": 4, "pavimentada": 100.0, "bueiro": 100.0, "iluminacao": 100.0, "onibus": 25.0, "ciclovia": 0.0, "calcada": 100.0, "obstaculo": 100.0, "rampa": 0.0, "rampa_faces": 0.0, "sem_calcada": 0.0, "sem_arvore": 25.0, "muitas_arvores": 0.0, "vao": 100.0, "V05400": 4, "V05421": 4, "V05406": 4, "V05412": 4, "V05422": 0, "V05424": 4, "V05427": 0, "V05409": 4, "V05415": 1, "V05418": 0, "V05430": 1, "V05433": 0, "criancas_0a4": 23, "em_favela": false }, "geometry": { "type": "Polygon", "coordinates": [ [ [ -46.728802, -23.819568 ], [ -46.730065, -23.82445 ], [ -46.731228, -23.824658 ], [ -46.731628, -23.824804 ], [ -46.731875, -23.82494 ], [ -46.73208, -23.825249 ], [ -46.732061, -23.825351 ], [ -46.731792, -23.8257 ], [ -46.731093, -23.82645 ], [ -46.731337, -23.826586 ], [ -46.731757, -23.826932 ], [ -46.733185, -23.82566 ], [ -46.731679, -23.824171 ], [ -46.730926, -23.822774 ], [ -46.729891, -23.819313 ], [ -46.728802, -23.819568 ] ] ] } },
{ "type": "Feature", "properties": { "CD_SETOR": "355030855000025", "faces": 16, "pavimentada": 100.0, "bueiro": 62.5, "iluminacao": 100.0, "onibus": 25.0, "ciclovia": 0.0, "calcada": 100.0, "obstaculo": 93.75, "rampa": 0.0, "rampa_faces": 0.0, "sem_calcada": 0.0, "sem_arvore": 31.25, "muitas_arvores": 18.75, "vao": 100.0, "V05400": 16, "V05421": 16, "V05406": 16, "V05412": 16, "V05422": 0, "V05424": 15, "V05427": 0, "V05409": 10, "V05415": 4, "V05418": 0, "V05430": 5, "V05433": 3, "criancas_0a4": 35, "em_favela": false }, "geometry": { "type": "Polygon", "coordinates": [ [ [ -46.733416, -23.82546 ], [ -46.733611, -23.825634 ], [ -46.733569, -23.825969 ], [ -46.733699, -23.826233 ], [ -46.735237, -23.827422 ], [ -46.73619, -23.826491 ], [ -46.734349, -23.824935 ], [ -46.734207, -23.824769 ], [ -46.733794, -23.825085 ], [ -46.733416, -23.82546 ] ] ] } },
{ "type": "Feature", "properties": { "CD_SETOR": "355030855000026", "faces": 12, "pavimentada": 100.0, "bueiro": 100.0, "iluminacao": 100.0, "onibus": 0.0, "ciclovia": 0.0, "calcada": 83.33, "obstaculo": 80.0, "rampa": 40.0, "rampa_faces": 33.33, "sem_calcada": 16.67, "sem_arvore": 33.33, "muitas_arvores": 8.33, "vao": 66.67, "V05400": 12, "V05421": 10, "V05406": 12, "V05412": 12, "V05422": 2, "V05424": 8, "V05427": 4, "V05409": 12, "V05415": 0, "V05418": 0, "V05430": 4, "V05433": 1, "criancas_0a4": 29, "em_favela": false }, "geometry": { "type": "Polygon", "coordinates": [ [ [ -46.716955, -23.826264 ], [ -46.716858, -23.826971 ], [ -46.716933, -23.827111 ], [ -46.718009, -23.827245 ], [ -46.718376, -23.827341 ], [ -46.719032, -23.827743 ], [ -46.71964, -23.828313 ], [ -46.720265, -23.828685 ], [ -46.721067, -23.828292 ], [ -46.720918, -23.828164 ], [ -46.722125, -23.827676 ], [ -46.721524, -23.827166 ], [ -46.720397, -23.825812 ], [ -46.720044, -23.82545 ], [ -46.719793, -23.825068 ], [ -46.719637, -23.825089 ], [ -46.719512, -23.825218 ], [ -46.719444, -23.825387 ], [ -46.719456, -23.82559 ], [ -46.719518, -23.825774 ], [ -46.71994, -23.826288 ], [ -46.719512, -23.826583 ], [ -46.719202, -23.82702 ], [ -46.718188, -23.826474 ], [ -46.716955, -23.826264 ] ] ] } },
{ "type": "Feature", "properties": { "CD_SETOR": "355030855000028", "faces": 7, "pavimentada": 100.0, "bueiro": 85.71, "iluminacao": 100.0, "onibus": 28.57, "ciclovia": 0.0, "calcada": 57.14, "obstaculo": 75.0, "rampa": 0.0, "rampa_faces": 0.0, "sem_calcada": 42.86, "sem_arvore": 71.43, "muitas_arvores": 0.0, "vao": 100.0, "V05400": 7, "V05421": 4, "V05406": 7, "V05412": 7, "V05422": 3, "V05424": 3, "V05427": 0, "V05409": 6, "V05415": 2, "V05418": 0, "V05430": 5, "V05433": 0, "criancas_0a4": 4, "em_favela": false }, "geometry": { "type": "Polygon", "coordinates": [ [ [ -46.717418, -23.830275 ], [ -46.717639, -23.831127 ], [ -46.717711, -23.831197 ], [ -46.718261, -23.831105 ], [ -46.718513, -23.831114 ], [ -46.719693, -23.831394 ], [ -46.720023, -23.831404 ], [ -46.720213, -23.831281 ], [ -46.720263, -23.831166 ], [ -46.720268, -23.830916 ], [ -46.720204, -23.83082 ], [ -46.719945, -23.830658 ], [ -46.719625, -23.830297 ], [ -46.717418, -23.830275 ] ] ] } },
{ "type": "Feature", "properties": { "CD_SETOR": "355030855000029", "faces": 27, "pavimentada": 77.78, "bueiro": 74.07, "iluminacao": 81.48, "onibus": 22.22, "ciclovia": 0.0, "calcada": 59.26, "obstaculo": 37.5, "rampa": 25.0, "rampa_faces": 14.81, "sem_calcada": 40.74, "sem_arvore": 55.56, "muitas_arvores": 0.0, "vao": 62.96, "V05400": 27, "V05421": 16, "V05406": 21, "V05412": 22, "V05422": 11, "V05424": 6, "V05427": 4, "V05409": 20, "V05415": 6, "V05418": 0, "V05430": 15, "V05433": 0, "criancas_0a4": 46, "em_favela": false }, "geometry": { "type": "Polygon", "coordinates": [ [ [ -46.720998, -23.829337 ], [ -46.720318, -23.829986 ], [ -46.71993, -23.830276 ], [ -46.719772, -23.830334 ], [ -46.719625, -23.830297 ], [ -46.719945, -23.830658 ], [ -46.720781, -23.831114 ], [ -46.720729, -23.831271 ], [ -46.720868, -23.831527 ], [ -46.72131, -23.831311 ], [ -46.721497, -23.831271 ], [ -46.721595, -23.831299 ], [ -46.721, -23.832096 ], [ -46.721617, -23.832037 ], [ -46.721653, -23.832313 ], [ -46.7228, -23.832412 ], [ -46.723279, -23.83039 ], [ -46.723449, -23.829999 ], [ -46.724037, -23.82922 ], [ -46.72312, -23.828544 ], [ -46.720998, -23.829337 ] ] ] } },
{ "type": "Feature", "properties": { "CD_SETOR": "355030855000030", "faces": 19, "pavimentada": 100.0, "bueiro": 36.84, "iluminacao": 100.0, "onibus": 0.0, "ciclovia": 0.0, "calcada": 63.16, "obstaculo": 100.0, "rampa": 0.0, "rampa_faces": 0.0, "sem_calcada": 36.84, "sem_arvore": 47.37, "muitas_arvores": 21.05, "vao": 100.0, "V05400": 19, "V05421": 12, "V05406": 19, "V05412": 19, "V05422": 7, "V05424": 12, "V05427": 0, "V05409": 7, "V05415": 0, "V05418": 0, "V05430": 9, "V05433": 4, "criancas_0a4": 48, "em_favela": false }, "geometry": { "type": "Polygon", "coordinates": [ [ [ -46.728138, -23.829523 ], [ -46.727952, -23.830611 ], [ -46.72782, -23.830934 ], [ -46.727435, -23.831063 ], [ -46.727425, -23.830401 ], [ -46.72622, -23.83046 ], [ -46.725952, -23.830689 ], [ -46.72487, -23.830666 ], [ -46.724922, -23.83083 ], [ -46.724557, -23.832315 ], [ -46.726188, -23.832351 ], [ -46.727031, -23.832181 ], [ -46.727995, -23.831915 ], [ -46.728591, -23.830722 ], [ -46.729341, -23.829969 ], [ -46.728122, -23.829343 ], [ -46.728138, -23.829523 ] ] ] } },
{ "type": "Feature", "properties": { "CD_SETOR": "355030855000031", "faces": 21, "pavimentada": 100.0, "bueiro": 19.05, "iluminacao": 66.67, "onibus": 0.0, "ciclovia": 0.0, "calcada": 47.62, "obstaculo": 100.0, "rampa": 0.0, "rampa_faces": 0.0, "sem_calcada": 52.38, "sem_arvore": 33.33, "muitas_arvores": 14.29, "vao": 100.0, "V05400": 21, "V05421": 10, "V05406": 21, "V05412": 14, "V05422": 11, "V05424": 10, "V05427": 0, "V05409": 4, "V05415": 0, "V05418": 0, "V05430": 7, "V05433": 3, "criancas_0a4": 47, "em_favela": true }, "geometry": { "type": "Polygon", "coordinates": [ [ [ -46.724853, -23.830669 ], [ -46.724385, -23.830765 ], [ -46.724232, -23.830866 ], [ -46.723956, -23.831904 ], [ -46.723851, -23.832118 ], [ -46.723704, -23.832265 ], [ -46.723218, -23.832453 ], [ -46.722827, -23.832456 ], [ -46.7228, -23.832412 ], [ -46.722572, -23.833347 ], [ -46.723813, -23.833458 ], [ -46.723926, -23.834129 ], [ -46.72392, -23.834794 ], [ -46.725423, -23.834518 ], [ -46.725525, -23.834476 ], [ -46.725559, -23.834405 ], [ -46.725481, -23.834259 ], [ -46.724802, -23.83385 ], [ -46.72556, -23.833599 ], [ -46.725682, -23.833501 ], [ -46.725451, -23.833021 ], [ -46.725282, -23.832343 ], [ -46.724557, -23.832315 ], [ -46.724922, -23.83083 ], [ -46.724853, -23.830669 ] ] ] } },
{ "type": "Feature", "properties": { "CD_SETOR": "355030855000033", "faces": 9, "pavimentada": 100.0, "bueiro": 44.44, "iluminacao": 66.67, "onibus": 0.0, "ciclovia": 0.0, "calcada": 44.44, "obstaculo": 100.0, "rampa": 0.0, "rampa_faces": 0.0, "sem_calcada": 55.56, "sem_arvore": 100.0, "muitas_arvores": 0.0, "vao": 100.0, "V05400": 9, "V05421": 4, "V05406": 9, "V05412": 6, "V05422": 5, "V05424": 4, "V05427": 0, "V05409": 4, "V05415": 0, "V05418": 0, "V05430": 9, "V05433": 0, "criancas_0a4": 57, "em_favela": true }, "geometry": { "type": "Polygon", "coordinates": [ [ [ -46.725245, -23.834542 ], [ -46.725088, -23.834781 ], [ -46.72567, -23.834864 ], [ -46.726245, -23.83487 ], [ -46.726456, -23.834931 ], [ -46.726923, -23.835178 ], [ -46.728379, -23.834671 ], [ -46.729193, -23.834684 ], [ -46.729204, -23.834213 ], [ -46.72817, -23.834313 ], [ -46.727538, -23.834465 ], [ -46.726828, -23.834471 ], [ -46.726426, -23.83432 ], [ -46.726059, -23.834109 ], [ -46.725901, -23.833964 ], [ -46.725745, -23.833704 ], [ -46.72556, -23.833599 ], [ -46.724802, -23.83385 ], [ -46.725481, -23.834259 ], [ -46.725556, -23.834353 ], [ -46.72555, -23.83444 ], [ -46.725489, -23.834502 ], [ -46.725245, -23.834542 ] ] ] } },
{ "type": "Feature", "properties": { "CD_SETOR": "355030855000034", "faces": 17, "pavimentada": 100.0, "bueiro": 47.06, "iluminacao": 100.0, "onibus": 0.0, "ciclovia": 0.0, "calcada": 100.0, "obstaculo": 94.12, "rampa": 5.88, "rampa_faces": 5.88, "sem_calcada": 0.0, "sem_arvore": 35.29, "muitas_arvores": 11.76, "vao": 94.12, "V05400": 17, "V05421": 17, "V05406": 17, "V05412": 17, "V05422": 0, "V05424": 16, "V05427": 1, "V05409": 8, "V05415": 0, "V05418": 0, "V05430": 6, "V05433": 2, "criancas_0a4": 34, "em_favela": false }, "geometry": { "type": "Polygon", "coordinates": [ [ [ -46.738915, -23.811203 ], [ -46.737803, -23.8115 ], [ -46.737171, -23.81179 ], [ -46.737553, -23.812068 ], [ -46.737354, -23.813299 ], [ -46.738447, -23.813326 ], [ -46.738569, -23.813426 ], [ -46.738568, -23.813507 ], [ -46.738863, -23.814065 ], [ -46.739429, -23.814032 ], [ -46.740389, -23.813601 ], [ -46.739642, -23.812884 ], [ -46.73869, -23.81175 ], [ -46.738915, -23.811203 ] ] ] } },
{ "type": "Feature", "properties": { "CD_SETOR": "355030855000035", "faces": 10, "pavimentada": 80.0, "bueiro": 20.0, "iluminacao": 20.0, "onibus": 0.0, "ciclovia": 0.0, "calcada": 10.0, "obstaculo": 100.0, "rampa": 0.0, "rampa_faces": 0.0, "sem_calcada": 80.0, "sem_arvore": 90.0, "muitas_arvores": 0.0, "vao": 80.0, "V05400": 10, "V05421": 1, "V05406": 8, "V05412": 2, "V05422": 8, "V05424": 1, "V05427": 0, "V05409": 2, "V05415": 0, "V05418": 0, "V05430": 9, "V05433": 0, "criancas_0a4": 72, "em_favela": true }, "geometry": { "type": "Polygon", "coordinates": [ [ [ -46.7407, -23.813471 ], [ -46.739533, -23.814 ], [ -46.739052, -23.81406 ], [ -46.73871, -23.815404 ], [ -46.740424, -23.815318 ], [ -46.740709, -23.814314 ], [ -46.740774, -23.813549 ], [ -46.7407, -23.813471 ] ] ] } },
{ "type": "Feature", "properties": { "CD_SETOR": "355030855000037", "faces": 34, "pavimentada": 100.0, "bueiro": 55.88, "iluminacao": 100.0, "onibus": 23.53, "ciclovia": 0.0, "calcada": 91.18, "obstaculo": 32.26, "rampa": 19.35, "rampa_faces": 17.65, "sem_calcada": 8.82, "sem_arvore": 32.35, "muitas_arvores": 41.18, "vao": 82.35, "V05400": 34, "V05421": 31, "V05406": 34, "V05412": 34, "V05422": 3, "V05424": 10, "V05427": 6, "V05409": 19, "V05415": 8, "V05418": 0, "V05430": 11, "V05433": 14, "criancas_0a4": 30, "em_favela": false }, "geometry": { "type": "Polygon", "coordinates": [ [ [ -46.733811, -23.810581 ], [ -46.734508, -23.811273 ], [ -46.73468, -23.811601 ], [ -46.734914, -23.812355 ], [ -46.734954, -23.812621 ], [ -46.734895, -23.812872 ], [ -46.734735, -23.813207 ], [ -46.73473, -23.813499 ], [ -46.734781, -23.81372 ], [ -46.73499, -23.813865 ], [ -46.735202, -23.814099 ], [ -46.735282, -23.814124 ], [ -46.735946, -23.812018 ], [ -46.736112, -23.81164 ], [ -46.736882, -23.810666 ], [ -46.737026, -23.810275 ], [ -46.737195, -23.809558 ], [ -46.737168, -23.809328 ], [ -46.736878, -23.808745 ], [ -46.736786, -23.808443 ], [ -46.736771, -23.807849 ], [ -46.736653, -23.807418 ], [ -46.736549, -23.80743 ], [ -46.736564, -23.807219 ], [ -46.736507, -23.80699 ], [ -46.735982, -23.805735 ], [ -46.735138, -23.806175 ], [ -46.734927, -23.806157 ], [ -46.734059, -23.806363 ], [ -46.734174, -23.806611 ], [ -46.734256, -23.807399 ], [ -46.734619, -23.808422 ], [ -46.734776, -23.80852 ], [ -46.735994, -23.808478 ], [ -46.736146, -23.809065 ], [ -46.735135, -23.809517 ], [ -46.734767, -23.810381 ], [ -46.73467, -23.81047 ], [ -46.734472, -23.810439 ], [ -46.733811, -23.810581 ] ] ] } },
{ "type": "Feature", "properties": { "CD_SETOR": "355030855000040", "faces": 18, "pavimentada": 100.0, "bueiro": 61.11, "iluminacao": 100.0, "onibus": 16.67, "ciclovia": 16.67, "calcada": 77.78, "obstaculo": 92.86, "rampa": 7.14, "rampa_faces": 5.56, "sem_calcada": 22.22, "sem_arvore": 72.22, "muitas_arvores": 16.67, "vao": 94.44, "V05400": 18, "V05421": 14, "V05406": 18, "V05412": 18, "V05422": 4, "V05424": 13, "V05427": 1, "V05409": 11, "V05415": 3, "V05418": 3, "V05430": 13, "V05433": 3, "criancas_0a4": 29, "em_favela": false }, "geometry": { "type": "Polygon", "coordinates": [ [ [ -46.732401, -23.839904 ], [ -46.73345, -23.840534 ], [ -46.734522, -23.840884 ], [ -46.735372, -23.840755 ], [ -46.73575, -23.840754 ], [ -46.736178, -23.840834 ], [ -46.736837, -23.841419 ], [ -46.73728, -23.841051 ], [ -46.737139, -23.840809 ], [ -46.736767, -23.840413 ], [ -46.736067, -23.840257 ], [ -46.73595, -23.840169 ], [ -46.737988, -23.839299 ], [ -46.738154, -23.839189 ], [ -46.737728, -23.839022 ], [ -46.737388, -23.838978 ], [ -46.734546, -23.839033 ], [ -46.733653, -23.838598 ], [ -46.733072, -23.838421 ], [ -46.732629, -23.839204 ], [ -46.732401, -23.839904 ] ] ] } },
{ "type": "Feature", "properties": { "CD_SETOR": "355030855000042", "faces": 17, "pavimentada": 100.0, "bueiro": 11.76, "iluminacao": 100.0, "onibus": 11.76, "ciclovia": 11.76, "calcada": 100.0, "obstaculo": 88.24, "rampa": 0.0, "rampa_faces": 0.0, "sem_calcada": 0.0, "sem_arvore": 58.82, "muitas_arvores": 11.76, "vao": 100.0, "V05400": 17, "V05421": 17, "V05406": 17, "V05412": 17, "V05422": 0, "V05424": 15, "V05427": 0, "V05409": 2, "V05415": 2, "V05418": 2, "V05430": 10, "V05433": 2, "criancas_0a4": 43, "em_favela": false }, "geometry": { "type": "Polygon", "coordinates": [ [ [ -46.737061, -23.84071 ], [ -46.737354, -23.841133 ], [ -46.738274, -23.841436 ], [ -46.738831, -23.841091 ], [ -46.739272, -23.840719 ], [ -46.738505, -23.839515 ], [ -46.738154, -23.839189 ], [ -46.737988, -23.839299 ], [ -46.73595, -23.840169 ], [ -46.736067, -23.840257 ], [ -46.736767, -23.840413 ], [ -46.737061, -23.84071 ] ] ] } },
{ "type": "Feature", "properties": { "CD_SETOR": "355030855000043", "faces": 22, "pavimentada": 100.0, "bueiro": 54.55, "iluminacao": 100.0, "onibus": 0.0, "ciclovia": 0.0, "calcada": 100.0, "obstaculo": 86.36, "rampa": 0.0, "rampa_faces": 0.0, "sem_calcada": 0.0, "sem_arvore": 40.91, "muitas_arvores": 4.55, "vao": 100.0, "V05400": 22, "V05421": 22, "V05406": 22, "V05412": 22, "V05422": 0, "V05424": 19, "V05427": 0, "V05409": 12, "V05415": 0, "V05418": 0, "V05430": 9, "V05433": 1, "criancas_0a4": 68, "em_favela": false }, "geometry": { "type": "Polygon", "coordinates": [ [ [ -46.738705, -23.807771 ], [ -46.738631, -23.808341 ], [ -46.738414, -23.808829 ], [ -46.738424, -23.808969 ], [ -46.738748, -23.809886 ], [ -46.739151, -23.810472 ], [ -46.739177, -23.810662 ], [ -46.739095, -23.810984 ], [ -46.738868, -23.811277 ], [ -46.73869, -23.81175 ], [ -46.739642, -23.812884 ], [ -46.739607, -23.812212 ], [ -46.739998, -23.810691 ], [ -46.739323, -23.808471 ], [ -46.739157, -23.807238 ], [ -46.738598, -23.80732 ], [ -46.738705, -23.807771 ] ] ] } },
{ "type": "Feature", "properties": { "CD_SETOR": "355030855000045", "faces": 12, "pavimentada": 100.0, "bueiro": 100.0, "iluminacao": 100.0, "onibus": 8.33, "ciclovia": 0.0, "calcada": 91.67, "obstaculo": 90.91, "rampa": 0.0, "rampa_faces": 0.0, "sem_calcada": 8.33, "sem_arvore": 33.33, "muitas_arvores": 25.0, "vao": 100.0, "V05400": 12, "V05421": 11, "V05406": 12, "V05412": 12, "V05422": 1, "V05424": 10, "V05427": 0, "V05409": 12, "V05415": 1, "V05418": 0, "V05430": 4, "V05433": 3, "criancas_0a4": 10, "em_favela": false }, "geometry": { "type": "Polygon", "coordinates": [ [ [ -46.725919, -23.785362 ], [ -46.726058, -23.786293 ], [ -46.726253, -23.786289 ], [ -46.727593, -23.786567 ], [ -46.72803, -23.78642 ], [ -46.727895, -23.78527 ], [ -46.727183, -23.785572 ], [ -46.726799, -23.78545 ], [ -46.725919, -23.785362 ] ] ] } },
{ "type": "Feature", "properties": { "CD_SETOR": "355030855000049", "faces": 3, "pavimentada": 100.0, "bueiro": 0.0, "iluminacao": 33.33, "onibus": 0.0, "ciclovia": 0.0, "calcada": 33.33, "obstaculo": 100.0, "rampa": 0.0, "rampa_faces": 0.0, "sem_calcada": 66.67, "sem_arvore": 100.0, "muitas_arvores": 0.0, "vao": 100.0, "V05400": 3, "V05421": 1, "V05406": 3, "V05412": 1, "V05422": 2, "V05424": 1, "V05427": 0, "V05409": 0, "V05415": 0, "V05418": 0, "V05430": 3, "V05433": 0, "criancas_0a4": 11, "em_favela": true }, "geometry": { "type": "Polygon", "coordinates": [ [ [ -46.708756, -23.786192 ], [ -46.708933, -23.786214 ], [ -46.709674, -23.786568 ], [ -46.709688, -23.786351 ], [ -46.709644, -23.786296 ], [ -46.709966, -23.785893 ], [ -46.709884, -23.785736 ], [ -46.709655, -23.786044 ], [ -46.709243, -23.786131 ], [ -46.708783, -23.785919 ], [ -46.708742, -23.785981 ], [ -46.708756, -23.786192 ] ] ] } },
{ "type": "Feature", "properties": { "CD_SETOR": "355030855000050", "faces": 7, "pavimentada": 42.86, "bueiro": 28.57, "iluminacao": 42.86, "onibus": 14.29, "ciclovia": 0.0, "calcada": 42.86, "obstaculo": 66.67, "rampa": 0.0, "rampa_faces": 0.0, "sem_calcada": 14.29, "sem_arvore": 28.57, "muitas_arvores": 0.0, "vao": 42.86, "V05400": 7, "V05421": 3, "V05406": 3, "V05412": 3, "V05422": 1, "V05424": 2, "V05427": 0, "V05409": 2, "V05415": 1, "V05418": 0, "V05430": 2, "V05433": 0, "criancas_0a4": 25, "em_favela": true }, "geometry": { "type": "Polygon", "coordinates": [ [ [ -46.712786, -23.783111 ], [ -46.71256, -23.783647 ], [ -46.712569, -23.783921 ], [ -46.712657, -23.784271 ], [ -46.713011, -23.784478 ], [ -46.713356, -23.784802 ], [ -46.713453, -23.784815 ], [ -46.714157, -23.785309 ], [ -46.714136, -23.784897 ], [ -46.713743, -23.784247 ], [ -46.7135, -23.783698 ], [ -46.713431, -23.78336 ], [ -46.713437, -23.783098 ], [ -46.712786, -23.783111 ] ] ] } },
{ "type": "Feature", "properties": { "CD_SETOR": "355030855000053", "faces": 24, "pavimentada": 100.0, "bueiro": 62.5, "iluminacao": 100.0, "onibus": 8.33, "ciclovia": 0.0, "calcada": 83.33, "obstaculo": 100.0, "rampa": 0.0, "rampa_faces": 0.0, "sem_calcada": 16.67, "sem_arvore": 37.5, "muitas_arvores": 8.33, "vao": 100.0, "V05400": 24, "V05421": 20, "V05406": 24, "V05412": 24, "V05422": 4, "V05424": 20, "V05427": 0, "V05409": 15, "V05415": 2, "V05418": 0, "V05430": 9, "V05433": 2, "criancas_0a4": 62, "em_favela": false }, "geometry": { "type": "Polygon", "coordinates": [ [ [ -46.737523, -23.84351 ], [ -46.737302, -23.843673 ], [ -46.736492, -23.844054 ], [ -46.737161, -23.844693 ], [ -46.737945, -23.845319 ], [ -46.738997, -23.845798 ], [ -46.741359, -23.847481 ], [ -46.741443, -23.847804 ], [ -46.741227, -23.848152 ], [ -46.741227, -23.84825 ], [ -46.74257, -23.848291 ], [ -46.74342, -23.848487 ], [ -46.743632, -23.848414 ], [ -46.743685, -23.848332 ], [ -46.744007, -23.848182 ], [ -46.743901, -23.84792 ], [ -46.743792, -23.847911 ], [ -46.743624, -23.847771 ], [ -46.743526, -23.847593 ], [ -46.74345, -23.847585 ], [ -46.74349, -23.847494 ], [ -46.743189, -23.847453 ], [ -46.743214, -23.847364 ], [ -46.742902, -23.847361 ], [ -46.742917, -23.847237 ], [ -46.742397, -23.846846 ], [ -46.742077, -23.846766 ], [ -46.741252, -23.846308 ], [ -46.73969, -23.845339 ], [ -46.740001, -23.845047 ], [ -46.738402, -23.844215 ], [ -46.737523, -23.84351 ] ] ] } },
{ "type": "Feature", "properties": { "CD_SETOR": "355030855000055", "faces": 17, "pavimentada": 100.0, "bueiro": 70.59, "iluminacao": 94.12, "onibus": 29.41, "ciclovia": 0.0, "calcada": 94.12, "obstaculo": 93.75, "rampa": 6.25, "rampa_faces": 5.88, "sem_calcada": 5.88, "sem_arvore": 58.82, "muitas_arvores": 5.88, "vao": 94.12, "V05400": 17, "V05421": 16, "V05406": 17, "V05412": 16, "V05422": 1, "V05424": 15, "V05427": 1, "V05409": 12, "V05415": 5, "V05418": 0, "V05430": 10, "V05433": 1, "criancas_0a4": 57, "em_favela": false }, "geometry": { "type": "Polygon", "coordinates": [ [ [ -46.713131, -23.851542 ], [ -46.713327, -23.851863 ], [ -46.713957, -23.852643 ], [ -46.715318, -23.854171 ], [ -46.715111, -23.854498 ], [ -46.715079, -23.854688 ], [ -46.714865, -23.854747 ], [ -46.714973, -23.85487 ], [ -46.714667, -23.855457 ], [ -46.715018, -23.855843 ], [ -46.715428, -23.85475 ], [ -46.71591, -23.854417 ], [ -46.715681, -23.852899 ], [ -46.71585, -23.852901 ], [ -46.715165, -23.851483 ], [ -46.714742, -23.851667 ], [ -46.714328, -23.851075 ], [ -46.713314, -23.851528 ], [ -46.713131, -23.851542 ] ] ] } },
{ "type": "Feature", "properties": { "CD_SETOR": "355030855000066", "faces": 15, "pavimentada": 100.0, "bueiro": 20.0, "iluminacao": 33.33, "onibus": 0.0, "ciclovia": 0.0, "calcada": 33.33, "obstaculo": 100.0, "rampa": 0.0, "rampa_faces": 0.0, "sem_calcada": 66.67, "sem_arvore": 100.0, "muitas_arvores": 0.0, "vao": 100.0, "V05400": 15, "V05421": 5, "V05406": 15, "V05412": 5, "V05422": 10, "V05424": 5, "V05427": 0, "V05409": 3, "V05415": 0, "V05418": 0, "V05430": 15, "V05433": 0, "criancas_0a4": 11, "em_favela": true }, "geometry": { "type": "Polygon", "coordinates": [ [ [ -46.709674, -23.786568 ], [ -46.710556, -23.786918 ], [ -46.710572, -23.786815 ], [ -46.710681, -23.786824 ], [ -46.710789, -23.78629 ], [ -46.710308, -23.786148 ], [ -46.709966, -23.785893 ], [ -46.709644, -23.786296 ], [ -46.709688, -23.786351 ], [ -46.709674, -23.786568 ] ] ] } },
{ "type": "Feature", "properties": { "CD_SETOR": "355030855000068", "faces": 12, "pavimentada": 100.0, "bueiro": 100.0, "iluminacao": 100.0, "onibus": 58.33, "ciclovia": 16.67, "calcada": 83.33, "obstaculo": 100.0, "rampa": 0.0, "rampa_faces": 0.0, "sem_calcada": 16.67, "sem_arvore": 66.67, "muitas_arvores": 8.33, "vao": 100.0, "V05400": 12, "V05421": 10, "V05406": 12, "V05412": 12, "V05422": 2, "V05424": 10, "V05427": 0, "V05409": 12, "V05415": 7, "V05418": 2, "V05430": 8, "V05433": 1, "criancas_0a4": 35, "em_favela": false }, "geometry": { "type": "Polygon", "coordinates": [ [ [ -46.703368, -23.820004 ], [ -46.703064, -23.820347 ], [ -46.70274, -23.820854 ], [ -46.702658, -23.821084 ], [ -46.702632, -23.821354 ], [ -46.703096, -23.821706 ], [ -46.703242, -23.821699 ], [ -46.703436, -23.821763 ], [ -46.704179, -23.822164 ], [ -46.704918, -23.822379 ], [ -46.705162, -23.822334 ], [ -46.705328, -23.822158 ], [ -46.705398, -23.821908 ], [ -46.704427, -23.821653 ], [ -46.704193, -23.821552 ], [ -46.703863, -23.821033 ], [ -46.703798, -23.820831 ], [ -46.703821, -23.82073 ], [ -46.704159, -23.819922 ], [ -46.703368, -23.820004 ] ] ] } },
{ "type": "Feature", "properties": { "CD_SETOR": "355030855000069", "faces": 13, "pavimentada": 30.77, "bueiro": 38.46, "iluminacao": 76.92, "onibus": 0.0, "ciclovia": 0.0, "calcada": 7.69, "obstaculo": 100.0, "rampa": 0.0, "rampa_faces": 0.0, "sem_calcada": 92.31, "sem_arvore": 92.31, "muitas_arvores": 0.0, "vao": 30.77, "V05400": 13, "V05421": 1, "V05406": 4, "V05412": 10, "V05422": 12, "V05424": 1, "V05427": 0, "V05409": 5, "V05415": 0, "V05418": 0, "V05430": 12, "V05433": 0, "criancas_0a4": 28, "em_favela": true }, "geometry": { "type": "Polygon", "coordinates": [ [ [ -46.70403, -23.817401 ], [ -46.704795, -23.81775 ], [ -46.705171, -23.817141 ], [ -46.705383, -23.816453 ], [ -46.705112, -23.81618 ], [ -46.704743, -23.816021 ], [ -46.704896, -23.815712 ], [ -46.704586, -23.815654 ], [ -46.704394, -23.816274 ], [ -46.704318, -23.81674 ], [ -46.704017, -23.816858 ], [ -46.704114, -23.816987 ], [ -46.704131, -23.817115 ], [ -46.70403, -23.817401 ] ] ] } },
{ "type": "Feature", "properties": { "CD_SETOR": "355030855000072", "faces": 8, "pavimentada": 25.0, "bueiro": 0.0, "iluminacao": 62.5, "onibus": 12.5, "ciclovia": 0.0, "calcada": 25.0, "obstaculo": 100.0, "rampa": 0.0, "rampa_faces": 0.0, "sem_calcada": 75.0, "sem_arvore": 100.0, "muitas_arvores": 0.0, "vao": 25.0, "V05400": 8, "V05421": 2, "V05406": 2, "V05412": 5, "V05422": 6, "V05424": 2, "V05427": 0, "V05409": 0, "V05415": 1, "V05418": 0, "V05430": 8, "V05433": 0, "criancas_0a4": 9, "em_favela": true }, "geometry": { "type": "Polygon", "coordinates": [ [ [ -46.70404, -23.824612 ], [ -46.704133, -23.824965 ], [ -46.704061, -23.826137 ], [ -46.705081, -23.825791 ], [ -46.705077, -23.825018 ], [ -46.704591, -23.825135 ], [ -46.704712, -23.824709 ], [ -46.704393, -23.824588 ], [ -46.70404, -23.824612 ] ] ] } },
{ "type": "Feature", "properties": { "CD_SETOR": "355030855000075", "faces": 2, "pavimentada": 100.0, "bueiro": 50.0, "iluminacao": 100.0, "onibus": 50.0, "ciclovia": 0.0, "calcada": 100.0, "obstaculo": 100.0, "rampa": 0.0, "rampa_faces": 0.0, "sem_calcada": 0.0, "sem_arvore": 100.0, "muitas_arvores": 0.0, "vao": 100.0, "V05400": 2, "V05421": 2, "V05406": 2, "V05412": 2, "V05422": 0, "V05424": 2, "V05427": 0, "V05409": 1, "V05415": 1, "V05418": 0, "V05430": 2, "V05433": 0, "criancas_0a4": 20, "em_favela": false }, "geometry": { "type": "Polygon", "coordinates": [ [ [ -46.738183, -23.798568 ], [ -46.739633, -23.799114 ], [ -46.739456, -23.798926 ], [ -46.738937, -23.798158 ], [ -46.738054, -23.797619 ], [ -46.737725, -23.797355 ], [ -46.736422, -23.795689 ], [ -46.736382, -23.795771 ], [ -46.736068, -23.795741 ], [ -46.73545, -23.795594 ], [ -46.737162, -23.797589 ], [ -46.737944, -23.79819 ], [ -46.738183, -23.798568 ] ] ] } },
{ "type": "Feature", "properties": { "CD_SETOR": "355030855000082", "faces": 19, "pavimentada": 89.47, "bueiro": 0.0, "iluminacao": 89.47, "onibus": 0.0, "ciclovia": 0.0, "calcada": 89.47, "obstaculo": 94.12, "rampa": 0.0, "rampa_faces": 0.0, "sem_calcada": 10.53, "sem_arvore": 26.32, "muitas_arvores": 47.37, "vao": 89.47, "V05400": 19, "V05421": 17, "V05406": 17, "V05412": 17, "V05422": 2, "V05424": 16, "V05427": 0, "V05409": 0, "V05415": 0, "V05418": 0, "V05430": 5, "V05433": 9, "criancas_0a4": 37, "em_favela": false }, "geometry": { "type": "Polygon", "coordinates": [ [ [ -46.709218, -23.851845 ], [ -46.709325, -23.852924 ], [ -46.70916, -23.853277 ], [ -46.708325, -23.853219 ], [ -46.7084, -23.853431 ], [ -46.708301, -23.854469 ], [ -46.708239, -23.854724 ], [ -46.709817, -23.854808 ], [ -46.710663, -23.854773 ], [ -46.710906, -23.853958 ], [ -46.710895, -23.853657 ], [ -46.710587, -23.853274 ], [ -46.710354, -23.853274 ], [ -46.710164, -23.853018 ], [ -46.709862, -23.852891 ], [ -46.709617, -23.852035 ], [ -46.70967, -23.851898 ], [ -46.709492, -23.851833 ], [ -46.709218, -23.851845 ] ] ] } },
{ "type": "Feature", "properties": { "CD_SETOR": "355030855000089", "faces": 28, "pavimentada": 100.0, "bueiro": 3.57, "iluminacao": 75.0, "onibus": 0.0, "ciclovia": 0.0, "calcada": 85.71, "obstaculo": 100.0, "rampa": 0.0, "rampa_faces": 0.0, "sem_calcada": 14.29, "sem_arvore": 60.71, "muitas_arvores": 7.14, "vao": 100.0, "V05400": 28, "V05421": 24, "V05406": 28, "V05412": 21, "V05422": 4, "V05424": 24, "V05427": 0, "V05409": 1, "V05415": 0, "V05418": 0, "V05430": 17, "V05433": 2, "criancas_0a4": 42, "em_favela": false }, "geometry": { "type": "Polygon", "coordinates": [ [ [ -46.714672, -23.861054 ], [ -46.714333, -23.864249 ], [ -46.714829, -23.864307 ], [ -46.715189, -23.86408 ], [ -46.715165, -23.86391 ], [ -46.715272, -23.863844 ], [ -46.715568, -23.86341 ], [ -46.715635, -23.863017 ], [ -46.716562, -23.862415 ], [ -46.717134, -23.862263 ], [ -46.716287, -23.861185 ], [ -46.714672, -23.861054 ] ] ] } },
{ "type": "Feature", "properties": { "CD_SETOR": "355030855000090", "faces": 14, "pavimentada": 78.57, "bueiro": 35.71, "iluminacao": 92.86, "onibus": 7.14, "ciclovia": 0.0, "calcada": 64.29, "obstaculo": 88.89, "rampa": 22.22, "rampa_faces": 14.29, "sem_calcada": 35.71, "sem_arvore": 57.14, "muitas_arvores": 0.0, "vao": 64.29, "V05400": 14, "V05421": 9, "V05406": 11, "V05412": 13, "V05422": 5, "V05424": 8, "V05427": 2, "V05409": 5, "V05415": 1, "V05418": 0, "V05430": 8, "V05433": 0, "criancas_0a4": 37, "em_favela": false }, "geometry": { "type": "Polygon", "coordinates": [ [ [ -46.713976, -23.848572 ], [ -46.715331, -23.849825 ], [ -46.714822, -23.85094 ], [ -46.715165, -23.851483 ], [ -46.71585, -23.852901 ], [ -46.717397, -23.852896 ], [ -46.717934, -23.853726 ], [ -46.718287, -23.853499 ], [ -46.717712, -23.852767 ], [ -46.716585, -23.851172 ], [ -46.71483, -23.848003 ], [ -46.713976, -23.848572 ] ] ] } },
{ "type": "Feature", "properties": { "CD_SETOR": "355030855000091", "faces": 18, "pavimentada": 22.22, "bueiro": 0.0, "iluminacao": 83.33, "onibus": 22.22, "ciclovia": 0.0, "calcada": 22.22, "obstaculo": 75.0, "rampa": 0.0, "rampa_faces": 0.0, "sem_calcada": 77.78, "sem_arvore": 0.0, "muitas_arvores": 50.0, "vao": 22.22, "V05400": 18, "V05421": 4, "V05406": 4, "V05412": 15, "V05422": 14, "V05424": 3, "V05427": 0, "V05409": 0, "V05415": 4, "V05418": 0, "V05430": 0, "V05433": 9, "criancas_0a4": 19, "em_favela": false }, "geometry": { "type": "Polygon", "coordinates": [ [ [ -46.757124, -23.806106 ], [ -46.758488, -23.807203 ], [ -46.758675, -23.807006 ], [ -46.759215, -23.8074 ], [ -46.759047, -23.807711 ], [ -46.76004, -23.808071 ], [ -46.760492, -23.808015 ], [ -46.761153, -23.807482 ], [ -46.761625, -23.807013 ], [ -46.761994, -23.807359 ], [ -46.762063, -23.807656 ], [ -46.76222, -23.807578 ], [ -46.763428, -23.8089 ], [ -46.763771, -23.809603 ], [ -46.764337, -23.810246 ], [ -46.764852, -23.810285 ], [ -46.765303, -23.810406 ], [ -46.765726, -23.810148 ], [ -46.765759, -23.809909 ], [ -46.765565, -23.809454 ], [ -46.765693, -23.808592 ], [ -46.765665, -23.808506 ], [ -46.765115, -23.807801 ], [ -46.764084, -23.806821 ], [ -46.762765, -23.805218 ], [ -46.762635, -23.804878 ], [ -46.762569, -23.804164 ], [ -46.762233, -23.803453 ], [ -46.762059, -23.802953 ], [ -46.76185, -23.803027 ], [ -46.761999, -23.803437 ], [ -46.761425, -23.803896 ], [ -46.760484, -23.803782 ], [ -46.759189, -23.803473 ], [ -46.758124, -23.803151 ], [ -46.757654, -23.80396 ], [ -46.75764, -23.804545 ], [ -46.757209, -23.805547 ], [ -46.757124, -23.806106 ] ] ] } },
{ "type": "Feature", "properties": { "CD_SETOR": "355030855000101", "faces": 13, "pavimentada": 100.0, "bueiro": 23.08, "iluminacao": 84.62, "onibus": 23.08, "ciclovia": 0.0, "calcada": 61.54, "obstaculo": 62.5, "rampa": 12.5, "rampa_faces": 7.69, "sem_calcada": 38.46, "sem_arvore": 30.77, "muitas_arvores": 7.69, "vao": 92.31, "V05400": 13, "V05421": 8, "V05406": 13, "V05412": 11, "V05422": 5, "V05424": 5, "V05427": 1, "V05409": 3, "V05415": 3, "V05418": 0, "V05430": 4, "V05433": 1, "criancas_0a4": 0, "em_favela": false }, "geometry": { "type": "Polygon", "coordinates": [ [ [ -46.734518, -23.814143 ], [ -46.734125, -23.814201 ], [ -46.734094, -23.814364 ], [ -46.733903, -23.814335 ], [ -46.733896, -23.814553 ], [ -46.733769, -23.814755 ], [ -46.733382, -23.815004 ], [ -46.733123, -23.815306 ], [ -46.733101, -23.815389 ], [ -46.733246, -23.815573 ], [ -46.733272, -23.815704 ], [ -46.733059, -23.816 ], [ -46.733011, -23.816197 ], [ -46.732878, -23.816295 ], [ -46.732757, -23.816553 ], [ -46.732763, -23.817172 ], [ -46.73268, -23.817402 ], [ -46.732837, -23.817995 ], [ -46.733021, -23.818259 ], [ -46.733042, -23.818452 ], [ -46.73312, -23.818597 ], [ -46.73311, -23.818896 ], [ -46.733057, -23.819017 ], [ -46.732892, -23.819127 ], [ -46.732765, -23.819101 ], [ -46.732616, -23.819172 ], [ -46.732407, -23.819182 ], [ -46.732279, -23.819329 ], [ -46.731759, -23.819215 ], [ -46.731529, -23.819268 ], [ -46.730684, -23.819008 ], [ -46.730278, -23.819003 ], [ -46.730178, -23.819033 ], [ -46.729891, -23.819313 ], [ -46.730926, -23.822774 ], [ -46.731679, -23.824171 ], [ -46.733185, -23.82566 ], [ -46.73406, -23.824867 ], [ -46.734707, -23.824435 ], [ -46.734796, -23.824298 ], [ -46.73497, -23.823396 ], [ -46.735032, -23.823278 ], [ -46.73624, -23.821579 ], [ -46.736382, -23.821269 ], [ -46.736026, -23.820702 ], [ -46.735284, -23.81985 ], [ -46.734776, -23.819081 ], [ -46.734238, -23.818862 ], [ -46.734103, -23.818733 ], [ -46.734013, -23.8185 ], [ -46.734028, -23.818188 ], [ -46.735123, -23.815721 ], [ -46.735176, -23.815496 ], [ -46.735282, -23.814124 ], [ -46.735202, -23.814099 ], [ -46.73499, -23.813865 ], [ -46.734781, -23.81372 ], [ -46.734721, -23.814041 ], [ -46.734518, -23.814143 ] ] ] } },
{ "type": "Feature", "properties": { "CD_SETOR": "355030855000103", "faces": 23, "pavimentada": 91.3, "bueiro": 52.17, "iluminacao": 82.61, "onibus": 17.39, "ciclovia": 0.0, "calcada": 60.87, "obstaculo": 85.71, "rampa": 0.0, "rampa_faces": 0.0, "sem_calcada": 39.13, "sem_arvore": 52.17, "muitas_arvores": 0.0, "vao": 91.3, "V05400": 23, "V05421": 14, "V05406": 21, "V05412": 19, "V05422": 9, "V05424": 12, "V05427": 0, "V05409": 12, "V05415": 4, "V05418": 0, "V05430": 12, "V05433": 0, "criancas_0a4": 64, "em_favela": false }, "geometry": { "type": "Polygon", "coordinates": [ [ [ -46.713905, -23.826163 ], [ -46.7132, -23.827889 ], [ -46.713117, -23.82833 ], [ -46.712467, -23.828958 ], [ -46.713273, -23.829116 ], [ -46.71434, -23.829172 ], [ -46.715053, -23.829163 ], [ -46.715462, -23.829121 ], [ -46.715465, -23.829086 ], [ -46.716097, -23.829056 ], [ -46.716243, -23.829092 ], [ -46.716451, -23.829189 ], [ -46.716851, -23.829747 ], [ -46.717411, -23.830203 ], [ -46.71726, -23.829319 ], [ -46.716998, -23.827132 ], [ -46.716882, -23.827064 ], [ -46.716858, -23.826971 ], [ -46.71695, -23.826028 ], [ -46.71734, -23.825645 ], [ -46.717269, -23.825589 ], [ -46.716679, -23.826058 ], [ -46.716538, -23.8259 ], [ -46.716416, -23.825973 ], [ -46.715771, -23.82593 ], [ -46.715304, -23.825574 ], [ -46.714239, -23.825984 ], [ -46.713905, -23.826163 ] ] ] } },
{ "type": "Feature", "properties": { "CD_SETOR": "355030855000106", "faces": 16, "pavimentada": 0.0, "bueiro": 0.0, "iluminacao": 93.75, "onibus": 0.0, "ciclovia": 0.0, "calcada": 0.0, "obstaculo": null, "rampa": null, "rampa_faces": 0.0, "sem_calcada": 100.0, "sem_arvore": 25.0, "muitas_arvores": 68.75, "vao": 0.0, "V05400": 16, "V05421": 0, "V05406": 0, "V05412": 15, "V05422": 16, "V05424": 0, "V05427": 0, "V05409": 0, "V05415": 0, "V05418": 0, "V05430": 4, "V05433": 11, "criancas_0a4": 6, "em_favela": false }, "geometry": { "type": "Polygon", "coordinates": [ [ [ -46.653084, -23.866273 ], [ -46.653141, -23.866322 ], [ -46.654804, -23.866763 ], [ -46.655067, -23.866771 ], [ -46.65665, -23.86714 ], [ -46.658765, -23.867535 ], [ -46.658784, -23.867351 ], [ -46.658708, -23.867192 ], [ -46.658742, -23.86715 ], [ -46.659221, -23.86726 ], [ -46.659587, -23.867225 ], [ -46.659868, -23.866642 ], [ -46.659012, -23.866367 ], [ -46.65854, -23.866288 ], [ -46.657479, -23.86598 ], [ -46.656811, -23.865864 ], [ -46.656759, -23.865798 ], [ -46.656536, -23.865708 ], [ -46.655928, -23.865568 ], [ -46.655735, -23.865546 ], [ -46.655568, -23.86559 ], [ -46.655296, -23.865421 ], [ -46.653384, -23.864969 ], [ -46.653339, -23.865691 ], [ -46.653084, -23.866273 ] ] ] } },
{ "type": "Feature", "properties": { "CD_SETOR": "355030855000108", "faces": 29, "pavimentada": 0.0, "bueiro": 0.0, "iluminacao": 100.0, "onibus": 0.0, "ciclovia": 0.0, "calcada": 37.93, "obstaculo": 100.0, "rampa": 0.0, "rampa_faces": 0.0, "sem_calcada": 62.07, "sem_arvore": 20.69, "muitas_arvores": 13.79, "vao": 0.0, "V05400": 29, "V05421": 11, "V05406": 0, "V05412": 29, "V05422": 18, "V05424": 11, "V05427": 0, "V05409": 0, "V05415": 0, "V05418": 0, "V05430": 6, "V05433": 4, "criancas_0a4": 23, "em_favela": false }, "geometry": { "type": "Polygon", "coordinates": [ [ [ -46.639734, -23.865651 ], [ -46.639738, -23.865872 ], [ -46.640018, -23.866905 ], [ -46.640201, -23.86714 ], [ -46.640688, -23.867438 ], [ -46.641616, -23.86763 ], [ -46.642958, -23.868143 ], [ -46.643254, -23.868417 ], [ -46.644307, -23.868058 ], [ -46.644505, -23.867847 ], [ -46.644593, -23.867657 ], [ -46.644598, -23.867122 ], [ -46.644511, -23.866904 ], [ -46.644488, -23.866656 ], [ -46.644266, -23.866103 ], [ -46.644126, -23.865932 ], [ -46.644592, -23.865785 ], [ -46.644657, -23.865666 ], [ -46.644702, -23.865302 ], [ -46.642503, -23.865661 ], [ -46.639926, -23.865173 ], [ -46.639734, -23.865651 ] ] ] } },
{ "type": "Feature", "properties": { "CD_SETOR": "355030855000115", "faces": 16, "pavimentada": 93.75, "bueiro": 50.0, "iluminacao": 100.0, "onibus": 25.0, "ciclovia": 0.0, "calcada": 81.25, "obstaculo": 100.0, "rampa": 23.08, "rampa_faces": 18.75, "sem_calcada": 18.75, "sem_arvore": 50.0, "muitas_arvores": 12.5, "vao": 75.0, "V05400": 16, "V05421": 13, "V05406": 15, "V05412": 16, "V05422": 3, "V05424": 13, "V05427": 3, "V05409": 8, "V05415": 4, "V05418": 0, "V05430": 8, "V05433": 2, "criancas_0a4": 45, "em_favela": false }, "geometry": { "type": "Polygon", "coordinates": [ [ [ -46.678468, -23.8684 ], [ -46.678073, -23.868655 ], [ -46.67705, -23.869173 ], [ -46.675846, -23.869696 ], [ -46.674501, -23.870379 ], [ -46.674704, -23.870959 ], [ -46.675193, -23.871771 ], [ -46.676133, -23.871254 ], [ -46.677911, -23.869685 ], [ -46.678734, -23.869055 ], [ -46.679096, -23.869429 ], [ -46.679201, -23.869708 ], [ -46.678736, -23.86979 ], [ -46.678323, -23.869944 ], [ -46.67729, -23.870834 ], [ -46.676619, -23.871509 ], [ -46.675846, -23.872027 ], [ -46.677336, -23.871399 ], [ -46.678646, -23.870657 ], [ -46.679294, -23.870463 ], [ -46.6801, -23.870478 ], [ -46.680068, -23.87016 ], [ -46.680122, -23.870043 ], [ -46.68006, -23.869986 ], [ -46.679935, -23.869388 ], [ -46.679883, -23.869276 ], [ -46.67919, -23.868483 ], [ -46.678933, -23.868299 ], [ -46.678468, -23.8684 ] ] ] } },
{ "type": "Feature", "properties": { "CD_SETOR": "355030855000120", "faces": 6, "pavimentada": 50.0, "bueiro": 16.67, "iluminacao": 83.33, "onibus": 33.33, "ciclovia": 0.0, "calcada": 50.0, "obstaculo": 66.67, "rampa": 0.0, "rampa_faces": 0.0, "sem_calcada": 50.0, "sem_arvore": 16.67, "muitas_arvores": 0.0, "vao": 50.0, "V05400": 6, "V05421": 3, "V05406": 3, "V05412": 5, "V05422": 3, "V05424": 2, "V05427": 0, "V05409": 1, "V05415": 2, "V05418": 0, "V05430": 1, "V05433": 0, "criancas_0a4": 8, "em_favela": false }, "geometry": { "type": "Polygon", "coordinates": [ [ [ -46.751791, -23.868917 ], [ -46.751516, -23.869724 ], [ -46.751351, -23.870797 ], [ -46.752003, -23.870609 ], [ -46.752169, -23.870128 ], [ -46.7522, -23.86981 ], [ -46.753373, -23.869938 ], [ -46.753458, -23.869261 ], [ -46.755505, -23.868824 ], [ -46.755506, -23.868697 ], [ -46.755375, -23.868585 ], [ -46.752187, -23.869 ], [ -46.751961, -23.869016 ], [ -46.751791, -23.868917 ] ] ] } },
{ "type": "Feature", "properties": { "CD_SETOR": "355030855000122", "faces": 25, "pavimentada": 28.0, "bueiro": 0.0, "iluminacao": 76.0, "onibus": 20.0, "ciclovia": 0.0, "calcada": 0.0, "obstaculo": null, "rampa": null, "rampa_faces": 0.0, "sem_calcada": 100.0, "sem_arvore": 28.0, "muitas_arvores": 48.0, "vao": 28.0, "V05400": 25, "V05421": 0, "V05406": 7, "V05412": 19, "V05422": 25, "V05424": 0, "V05427": 0, "V05409": 0, "V05415": 5, "V05418": 0, "V05430": 7, "V05433": 12, "criancas_0a4": 13, "em_favela": false }, "geometry": { "type": "Polygon", "coordinates": [ [ [ -46.767179, -23.807784 ], [ -46.76775, -23.807814 ], [ -46.767542, -23.807131 ], [ -46.767302, -23.806713 ], [ -46.767068, -23.806588 ], [ -46.766453, -23.806441 ], [ -46.765955, -23.806098 ], [ -46.765814, -23.805595 ], [ -46.76571, -23.805429 ], [ -46.764754, -23.804232 ], [ -46.765033, -23.803682 ], [ -46.765552, -23.803483 ], [ -46.76536, -23.802829 ], [ -46.764984, -23.802388 ], [ -46.763921, -23.802549 ], [ -46.763514, -23.802661 ], [ -46.762509, -23.802792 ], [ -46.762059, -23.802953 ], [ -46.762233, -23.803453 ], [ -46.762569, -23.804164 ], [ -46.762635, -23.804878 ], [ -46.762765, -23.805218 ], [ -46.764084, -23.806821 ], [ -46.765115, -23.807801 ], [ -46.765665, -23.808506 ], [ -46.765693, -23.808592 ], [ -46.765565, -23.809454 ], [ -46.765743, -23.809856 ], [ -46.765759, -23.809993 ], [ -46.76602, -23.810048 ], [ -46.766238, -23.809719 ], [ -46.766322, -23.809442 ], [ -46.766318, -23.809154 ], [ -46.766242, -23.808819 ], [ -46.766778, -23.80803 ], [ -46.767179, -23.807784 ] ] ] } },
{ "type": "Feature", "properties": { "CD_SETOR": "355030855000123", "faces": 64, "pavimentada": 29.69, "bueiro": 0.0, "iluminacao": 100.0, "onibus": 1.56, "ciclovia": 0.0, "calcada": 28.12, "obstaculo": 83.33, "rampa": 0.0, "rampa_faces": 0.0, "sem_calcada": 71.88, "sem_arvore": 3.12, "muitas_arvores": 73.44, "vao": 29.69, "V05400": 64, "V05421": 18, "V05406": 19, "V05412": 64, "V05422": 46, "V05424": 15, "V05427": 0, "V05409": 0, "V05415": 1, "V05418": 0, "V05430": 2, "V05433": 47, "criancas_0a4": 8, "em_favela": false }, "geometry": { "type": "Polygon", "coordinates": [ [ [ -46.756079, -23.752151 ], [ -46.761949, -23.750642 ], [ -46.762291, -23.750384 ], [ -46.762576, -23.750842 ], [ -46.76287, -23.750695 ], [ -46.762905, -23.750538 ], [ -46.763028, -23.750455 ], [ -46.76318, -23.750246 ], [ -46.763182, -23.749324 ], [ -46.763146, -23.749137 ], [ -46.762995, -23.748885 ], [ -46.76299, -23.74875 ], [ -46.763045, -23.748049 ], [ -46.763143, -23.747593 ], [ -46.763087, -23.747311 ], [ -46.762965, -23.747169 ], [ -46.76246, -23.747027 ], [ -46.762045, -23.74685 ], [ -46.761309, -23.746256 ], [ -46.760737, -23.745651 ], [ -46.759199, -23.745257 ], [ -46.758687, -23.745038 ], [ -46.757957, -23.744612 ], [ -46.757747, -23.744645 ], [ -46.757441, -23.745013 ], [ -46.75732, -23.745065 ], [ -46.757147, -23.745056 ], [ -46.756962, -23.744979 ], [ -46.756661, -23.744753 ], [ -46.756127, -23.744677 ], [ -46.755805, -23.744688 ], [ -46.755181, -23.744944 ], [ -46.755025, -23.744946 ], [ -46.754969, -23.745559 ], [ -46.75479, -23.753352 ], [ -46.754765, -23.753748 ], [ -46.754601, -23.754245 ], [ -46.75589, -23.754077 ], [ -46.756025, -23.753771 ], [ -46.756011, -23.752566 ], [ -46.756079, -23.752151 ] ] ] } },
{ "type": "Feature", "properties": { "CD_SETOR": "355030855000127", "faces": 3, "pavimentada": 33.33, "bueiro": 33.33, "iluminacao": 100.0, "onibus": 0.0, "ciclovia": 0.0, "calcada": 66.67, "obstaculo": 100.0, "rampa": 0.0, "rampa_faces": 0.0, "sem_calcada": 33.33, "sem_arvore": 66.67, "muitas_arvores": 0.0, "vao": 33.33, "V05400": 3, "V05421": 2, "V05406": 1, "V05412": 3, "V05422": 1, "V05424": 2, "V05427": 0, "V05409": 1, "V05415": 0, "V05418": 0, "V05430": 2, "V05433": 0, "criancas_0a4": 15, "em_favela": true }, "geometry": { "type": "Polygon", "coordinates": [ [ [ -46.702959, -23.818725 ], [ -46.703277, -23.818789 ], [ -46.703586, -23.818764 ], [ -46.703904, -23.818938 ], [ -46.704368, -23.818421 ], [ -46.704795, -23.81775 ], [ -46.70403, -23.817401 ], [ -46.703595, -23.818187 ], [ -46.703372, -23.818407 ], [ -46.70321, -23.818343 ], [ -46.702959, -23.818725 ] ] ] } },
{ "type": "Feature", "properties": { "CD_SETOR": "355030855000128", "faces": 17, "pavimentada": 29.41, "bueiro": 29.41, "iluminacao": 88.24, "onibus": 0.0, "ciclovia": 0.0, "calcada": 23.53, "obstaculo": 100.0, "rampa": 0.0, "rampa_faces": 0.0, "sem_calcada": 64.71, "sem_arvore": 58.82, "muitas_arvores": 5.88, "vao": 29.41, "V05400": 17, "V05421": 4, "V05406": 5, "V05412": 15, "V05422": 11, "V05424": 4, "V05427": 0, "V05409": 5, "V05415": 0, "V05418": 0, "V05430": 10, "V05433": 1, "criancas_0a4": 30, "em_favela": true }, "geometry": { "type": "Polygon", "coordinates": [ [ [ -46.702779, -23.818757 ], [ -46.702032, -23.821288 ], [ -46.702161, -23.821293 ], [ -46.702476, -23.821487 ], [ -46.702531, -23.821482 ], [ -46.702632, -23.821354 ], [ -46.702658, -23.821084 ], [ -46.70274, -23.820854 ], [ -46.703064, -23.820347 ], [ -46.703386, -23.819985 ], [ -46.703697, -23.819223 ], [ -46.703904, -23.818938 ], [ -46.703586, -23.818764 ], [ -46.703277, -23.818789 ], [ -46.702959, -23.818725 ], [ -46.702779, -23.818757 ] ] ] } },
{ "type": "Feature", "properties": { "CD_SETOR": "355030855000130", "faces": 13, "pavimentada": 100.0, "bueiro": 69.23, "iluminacao": 100.0, "onibus": 0.0, "ciclovia": 0.0, "calcada": 76.92, "obstaculo": 100.0, "rampa": 0.0, "rampa_faces": 0.0, "sem_calcada": 23.08, "sem_arvore": 53.85, "muitas_arvores": 7.69, "vao": 100.0, "V05400": 13, "V05421": 10, "V05406": 13, "V05412": 13, "V05422": 3, "V05424": 10, "V05427": 0, "V05409": 9, "V05415": 0, "V05418": 0, "V05430": 7, "V05433": 1, "criancas_0a4": 41, "em_favela": false }, "geometry": { "type": "Polygon", "coordinates": [ [ [ -46.717889, -23.771396 ], [ -46.71642, -23.773023 ], [ -46.716856, -23.773384 ], [ -46.716119, -23.774077 ], [ -46.716824, -23.774139 ], [ -46.716982, -23.774061 ], [ -46.717441, -23.773531 ], [ -46.717035, -23.773188 ], [ -46.717154, -23.773056 ], [ -46.717087, -23.772996 ], [ -46.717081, -23.772812 ], [ -46.717004, -23.772754 ], [ -46.717376, -23.772374 ], [ -46.717498, -23.772278 ], [ -46.717708, -23.772442 ], [ -46.717454, -23.77272 ], [ -46.717438, -23.772894 ], [ -46.717827, -23.773122 ], [ -46.718925, -23.771855 ], [ -46.717999, -23.771348 ], [ -46.717889, -23.771396 ] ] ] } },
{ "type": "Feature", "properties": { "CD_SETOR": "355030855000131", "faces": 6, "pavimentada": 100.0, "bueiro": 50.0, "iluminacao": 66.67, "onibus": 16.67, "ciclovia": 0.0, "calcada": 33.33, "obstaculo": 100.0, "rampa": 0.0, "rampa_faces": 0.0, "sem_calcada": 66.67, "sem_arvore": 83.33, "muitas_arvores": 0.0, "vao": 100.0, "V05400": 6, "V05421": 2, "V05406": 6, "V05412": 4, "V05422": 4, "V05424": 2, "V05427": 0, "V05409": 3, "V05415": 1, "V05418": 0, "V05430": 5, "V05433": 0, "criancas_0a4": 22, "em_favela": true }, "geometry": { "type": "Polygon", "coordinates": [ [ [ -46.715365, -23.768947 ], [ -46.715017, -23.769318 ], [ -46.715108, -23.769403 ], [ -46.715212, -23.769627 ], [ -46.715329, -23.77002 ], [ -46.715365, -23.771446 ], [ -46.71544, -23.771564 ], [ -46.715584, -23.771574 ], [ -46.715987, -23.77112 ], [ -46.715845, -23.771053 ], [ -46.715914, -23.770269 ], [ -46.716023, -23.770127 ], [ -46.716008, -23.770078 ], [ -46.715792, -23.770084 ], [ -46.715634, -23.769322 ], [ -46.71547, -23.769382 ], [ -46.715666, -23.769025 ], [ -46.715614, -23.768894 ], [ -46.715365, -23.768947 ] ] ] } },
{ "type": "Feature", "properties": { "CD_SETOR": "355030855000132", "faces": 25, "pavimentada": 84.0, "bueiro": 20.0, "iluminacao": 92.0, "onibus": 0.0, "ciclovia": 0.0, "calcada": 16.0, "obstaculo": 100.0, "rampa": 0.0, "rampa_faces": 0.0, "sem_calcada": 84.0, "sem_arvore": 92.0, "muitas_arvores": 0.0, "vao": 84.0, "V05400": 25, "V05421": 4, "V05406": 21, "V05412": 23, "V05422": 21, "V05424": 4, "V05427": 0, "V05409": 5, "V05415": 0, "V05418": 0, "V05430": 23, "V05433": 0, "criancas_0a4": 48, "em_favela": true }, "geometry": { "type": "Polygon", "coordinates": [ [ [ -46.72152, -23.789043 ], [ -46.721947, -23.789413 ], [ -46.722155, -23.789666 ], [ -46.722622, -23.789761 ], [ -46.72245, -23.790272 ], [ -46.722928, -23.790439 ], [ -46.723044, -23.790302 ], [ -46.723633, -23.790835 ], [ -46.723735, -23.791169 ], [ -46.724313, -23.791968 ], [ -46.724483, -23.792433 ], [ -46.724622, -23.7926 ], [ -46.725046, -23.79223 ], [ -46.724649, -23.791851 ], [ -46.724276, -23.790955 ], [ -46.724286, -23.790862 ], [ -46.724054, -23.790505 ], [ -46.723705, -23.790108 ], [ -46.723625, -23.790129 ], [ -46.722975, -23.789672 ], [ -46.722718, -23.789604 ], [ -46.722798, -23.789446 ], [ -46.722193, -23.789332 ], [ -46.722308, -23.789041 ], [ -46.722295, -23.788977 ], [ -46.721674, -23.788882 ], [ -46.72152, -23.789043 ] ] ] } },
{ "type": "Feature", "properties": { "CD_SETOR": "355030855000134", "faces": 25, "pavimentada": 100.0, "bueiro": 56.0, "iluminacao": 100.0, "onibus": 32.0, "ciclovia": 0.0, "calcada": 96.0, "obstaculo": 66.67, "rampa": 25.0, "rampa_faces": 24.0, "sem_calcada": 4.0, "sem_arvore": 40.0, "muitas_arvores": 28.0, "vao": 76.0, "V05400": 25, "V05421": 24, "V05406": 25, "V05412": 25, "V05422": 1, "V05424": 16, "V05427": 6, "V05409": 14, "V05415": 8, "V05418": 0, "V05430": 10, "V05433": 7, "criancas_0a4": 33, "em_favela": false }, "geometry": { "type": "Polygon", "coordinates": [ [ [ -46.735282, -23.814124 ], [ -46.735205, -23.814904 ], [ -46.736159, -23.815286 ], [ -46.736323, -23.814948 ], [ -46.736893, -23.815078 ], [ -46.737476, -23.815123 ], [ -46.737633, -23.81517 ], [ -46.737763, -23.815294 ], [ -46.73871, -23.815404 ], [ -46.739052, -23.81406 ], [ -46.738863, -23.814065 ], [ -46.738568, -23.813507 ], [ -46.738569, -23.813426 ], [ -46.738447, -23.813326 ], [ -46.737354, -23.813299 ], [ -46.737553, -23.812068 ], [ -46.737027, -23.811699 ], [ -46.736316, -23.811364 ], [ -46.736112, -23.81164 ], [ -46.735946, -23.812018 ], [ -46.735282, -23.814124 ] ] ] } },
{ "type": "Feature", "properties": { "CD_SETOR": "355030855000141", "faces": 50, "pavimentada": 36.0, "bueiro": 22.0, "iluminacao": 98.0, "onibus": 8.0, "ciclovia": 0.0, "calcada": 30.0, "obstaculo": 93.33, "rampa": 0.0, "rampa_faces": 0.0, "sem_calcada": 70.0, "sem_arvore": 24.0, "muitas_arvores": 42.0, "vao": 36.0, "V05400": 50, "V05421": 15, "V05406": 18, "V05412": 49, "V05422": 35, "V05424": 14, "V05427": 0, "V05409": 11, "V05415": 4, "V05418": 0, "V05430": 12, "V05433": 21, "criancas_0a4": 41, "em_favela": false }, "geometry": { "type": "Polygon", "coordinates": [ [ [ -46.762783, -23.762516 ], [ -46.762253, -23.762533 ], [ -46.761991, -23.762588 ], [ -46.761091, -23.762915 ], [ -46.760511, -23.763027 ], [ -46.760361, -23.763026 ], [ -46.760086, -23.762936 ], [ -46.759839, -23.763174 ], [ -46.759098, -23.764311 ], [ -46.758865, -23.76447 ], [ -46.75944, -23.765087 ], [ -46.758823, -23.765851 ], [ -46.759559, -23.766029 ], [ -46.761265, -23.766199 ], [ -46.76164, -23.765537 ], [ -46.761856, -23.765603 ], [ -46.762882, -23.765631 ], [ -46.765045, -23.764233 ], [ -46.765999, -23.763544 ], [ -46.765503, -23.762237 ], [ -46.765348, -23.761878 ], [ -46.765259, -23.761795 ], [ -46.764249, -23.762568 ], [ -46.763617, -23.762802 ], [ -46.76349, -23.762683 ], [ -46.763237, -23.762563 ], [ -46.762783, -23.762516 ] ] ] } },
{ "type": "Feature", "properties": { "CD_SETOR": "355030855000163", "faces": 16, "pavimentada": 100.0, "bueiro": 37.5, "iluminacao": 100.0, "onibus": 0.0, "ciclovia": 0.0, "calcada": 87.5, "obstaculo": 100.0, "rampa": 0.0, "rampa_faces": 0.0, "sem_calcada": 12.5, "sem_arvore": 50.0, "muitas_arvores": 0.0, "vao": 100.0, "V05400": 16, "V05421": 14, "V05406": 16, "V05412": 16, "V05422": 2, "V05424": 14, "V05427": 0, "V05409": 6, "V05415": 0, "V05418": 0, "V05430": 8, "V05433": 0, "criancas_0a4": 28, "em_favela": false }, "geometry": { "type": "Polygon", "coordinates": [ [ [ -46.710029, -23.784573 ], [ -46.710888, -23.784609 ], [ -46.712958, -23.784732 ], [ -46.71276, -23.784489 ], [ -46.712639, -23.784217 ], [ -46.710205, -23.782653 ], [ -46.709931, -23.783496 ], [ -46.709943, -23.784065 ], [ -46.710029, -23.784573 ] ] ] } },
{ "type": "Feature", "properties": { "CD_SETOR": "355030855000186", "faces": 12, "pavimentada": 100.0, "bueiro": 100.0, "iluminacao": 100.0, "onibus": 8.33, "ciclovia": 0.0, "calcada": 100.0, "obstaculo": 100.0, "rampa": 0.0, "rampa_faces": 0.0, "sem_calcada": 0.0, "sem_arvore": 33.33, "muitas_arvores": 0.0, "vao": 100.0, "V05400": 12, "V05421": 12, "V05406": 12, "V05412": 12, "V05422": 0, "V05424": 12, "V05427": 0, "V05409": 12, "V05415": 1, "V05418": 0, "V05430": 4, "V05433": 0, "criancas_0a4": 18, "em_favela": false }, "geometry": { "type": "Polygon", "coordinates": [ [ [ -46.705836, -23.818605 ], [ -46.705411, -23.819214 ], [ -46.705595, -23.819665 ], [ -46.705893, -23.820145 ], [ -46.705989, -23.820524 ], [ -46.706018, -23.820879 ], [ -46.706191, -23.821027 ], [ -46.706289, -23.82087 ], [ -46.706374, -23.820252 ], [ -46.706999, -23.819621 ], [ -46.708136, -23.818876 ], [ -46.708276, -23.818665 ], [ -46.708076, -23.818554 ], [ -46.708015, -23.818342 ], [ -46.707802, -23.818021 ], [ -46.706795, -23.817444 ], [ -46.706318, -23.817029 ], [ -46.705852, -23.816889 ], [ -46.705703, -23.817168 ], [ -46.706792, -23.818345 ], [ -46.706703, -23.818417 ], [ -46.705836, -23.818605 ] ] ] } },
{ "type": "Feature", "properties": { "CD_SETOR": "355030855000187", "faces": 5, "pavimentada": 60.0, "bueiro": 80.0, "iluminacao": 100.0, "onibus": 20.0, "ciclovia": 0.0, "calcada": 40.0, "obstaculo": 0.0, "rampa": 0.0, "rampa_faces": 0.0, "sem_calcada": 60.0, "sem_arvore": 0.0, "muitas_arvores": 60.0, "vao": 60.0, "V05400": 5, "V05421": 2, "V05406": 3, "V05412": 5, "V05422": 3, "V05424": 0, "V05427": 0, "V05409": 4, "V05415": 1, "V05418": 0, "V05430": 0, "V05433": 3, "criancas_0a4": 10, "em_favela": false }, "geometry": { "type": "Polygon", "coordinates": [ [ [ -46.725257, -23.82035 ], [ -46.725429, -23.820378 ], [ -46.724985, -23.822563 ], [ -46.725075, -23.82286 ], [ -46.724852, -23.823038 ], [ -46.724945, -23.823042 ], [ -46.725464, -23.822624 ], [ -46.726393, -23.822259 ], [ -46.726511, -23.821874 ], [ -46.72707, -23.821122 ], [ -46.727396, -23.820306 ], [ -46.727719, -23.819915 ], [ -46.728803, -23.819295 ], [ -46.727669, -23.819284 ], [ -46.727298, -23.819191 ], [ -46.726493, -23.819791 ], [ -46.725575, -23.819667 ], [ -46.725557, -23.819747 ], [ -46.725413, -23.819726 ], [ -46.725257, -23.82035 ] ] ] } },
{ "type": "Feature", "properties": { "CD_SETOR": "355030855000188", "faces": 13, "pavimentada": 100.0, "bueiro": 69.23, "iluminacao": 100.0, "onibus": 0.0, "ciclovia": 0.0, "calcada": 100.0, "obstaculo": 76.92, "rampa": 30.77, "rampa_faces": 30.77, "sem_calcada": 0.0, "sem_arvore": 46.15, "muitas_arvores": 15.38, "vao": 69.23, "V05400": 13, "V05421": 13, "V05406": 13, "V05412": 13, "V05422": 0, "V05424": 10, "V05427": 4, "V05409": 9, "V05415": 0, "V05418": 0, "V05430": 6, "V05433": 2, "criancas_0a4": 15, "em_favela": false }, "geometry": { "type": "Polygon", "coordinates": [ [ [ -46.707997, -23.851724 ], [ -46.709218, -23.851845 ], [ -46.709492, -23.851833 ], [ -46.709257, -23.849885 ], [ -46.708837, -23.849852 ], [ -46.708247, -23.849674 ], [ -46.707997, -23.851724 ] ] ] } },
{ "type": "Feature", "properties": { "CD_SETOR": "355030855000192", "faces": 16, "pavimentada": 100.0, "bueiro": 81.25, "iluminacao": 75.0, "onibus": 6.25, "ciclovia": 0.0, "calcada": 93.75, "obstaculo": 100.0, "rampa": 0.0, "rampa_faces": 0.0, "sem_calcada": 6.25, "sem_arvore": 93.75, "muitas_arvores": 0.0, "vao": 100.0, "V05400": 16, "V05421": 15, "V05406": 16, "V05412": 12, "V05422": 1, "V05424": 15, "V05427": 0, "V05409": 13, "V05415": 1, "V05418": 0, "V05430": 15, "V05433": 0, "criancas_0a4": 65, "em_favela": true }, "geometry": { "type": "Polygon", "coordinates": [ [ [ -46.702531, -23.821482 ], [ -46.702046, -23.822767 ], [ -46.702296, -23.822795 ], [ -46.702445, -23.822863 ], [ -46.7026, -23.823184 ], [ -46.703223, -23.823717 ], [ -46.703419, -23.824027 ], [ -46.703751, -23.824722 ], [ -46.70404, -23.824612 ], [ -46.704393, -23.824588 ], [ -46.704608, -23.824156 ], [ -46.704394, -23.824042 ], [ -46.704331, -23.824097 ], [ -46.704247, -23.824027 ], [ -46.70434, -23.823892 ], [ -46.704267, -23.823826 ], [ -46.704393, -23.823734 ], [ -46.704283, -23.823636 ], [ -46.704165, -23.823018 ], [ -46.70395, -23.822628 ], [ -46.70364, -23.822187 ], [ -46.703096, -23.821706 ], [ -46.702632, -23.821354 ], [ -46.702531, -23.821482 ] ] ] } },
{ "type": "Feature", "properties": { "CD_SETOR": "355030855000217", "faces": 5, "pavimentada": 40.0, "bueiro": 0.0, "iluminacao": 80.0, "onibus": 0.0, "ciclovia": 0.0, "calcada": 0.0, "obstaculo": null, "rampa": null, "rampa_faces": 0.0, "sem_calcada": 100.0, "sem_arvore": 0.0, "muitas_arvores": 80.0, "vao": 40.0, "V05400": 5, "V05421": 0, "V05406": 2, "V05412": 4, "V05422": 5, "V05424": 0, "V05427": 0, "V05409": 0, "V05415": 0, "V05418": 0, "V05430": 0, "V05433": 4, "criancas_0a4": 20, "em_favela": false }, "geometry": { "type": "Polygon", "coordinates": [ [ [ -46.733653, -23.780286 ], [ -46.73403, -23.780992 ], [ -46.734034, -23.781471 ], [ -46.733923, -23.782045 ], [ -46.733823, -23.782274 ], [ -46.732842, -23.783603 ], [ -46.73278, -23.7838 ], [ -46.73273, -23.784141 ], [ -46.732869, -23.785422 ], [ -46.733181, -23.785841 ], [ -46.733607, -23.785852 ], [ -46.734219, -23.786071 ], [ -46.734451, -23.7862 ], [ -46.734841, -23.786325 ], [ -46.736488, -23.787183 ], [ -46.736335, -23.787597 ], [ -46.736051, -23.788059 ], [ -46.735751, -23.788923 ], [ -46.735735, -23.789286 ], [ -46.735761, -23.789725 ], [ -46.735869, -23.79003 ], [ -46.7359, -23.790794 ], [ -46.735988, -23.791156 ], [ -46.736302, -23.79157 ], [ -46.737442, -23.791645 ], [ -46.738266, -23.791434 ], [ -46.739186, -23.791023 ], [ -46.740254, -23.790969 ], [ -46.741421, -23.790778 ], [ -46.741623, -23.790778 ], [ -46.74185, -23.790853 ], [ -46.742278, -23.790758 ], [ -46.742596, -23.790665 ], [ -46.743779, -23.790029 ], [ -46.744729, -23.789423 ], [ -46.74483, -23.789615 ], [ -46.74439, -23.789879 ], [ -46.744031, -23.790217 ], [ -46.743175, -23.790752 ], [ -46.742777, -23.791553 ], [ -46.743179, -23.79161 ], [ -46.743466, -23.791751 ], [ -46.743823, -23.791565 ], [ -46.744051, -23.791 ], [ -46.744225, -23.790906 ], [ -46.744514, -23.790961 ], [ -46.744766, -23.790512 ], [ -46.745395, -23.790171 ], [ -46.74597, -23.790307 ], [ -46.746009, -23.789467 ], [ -46.746258, -23.789444 ], [ -46.746283, -23.788874 ], [ -46.746186, -23.788614 ], [ -46.746006, -23.787688 ], [ -46.745797, -23.787181 ], [ -46.745434, -23.786692 ], [ -46.745054, -23.786368 ], [ -46.744739, -23.786115 ], [ -46.744043, -23.785742 ], [ -46.743333, -23.785242 ], [ -46.742912, -23.784803 ], [ -46.743208, -23.784733 ], [ -46.743577, -23.784322 ], [ -46.743695, -23.784261 ], [ -46.74479, -23.783868 ], [ -46.745046, -23.783906 ], [ -46.745652, -23.784399 ], [ -46.74571, -23.784369 ], [ -46.745715, -23.783839 ], [ -46.745835, -23.783485 ], [ -46.743913, -23.782851 ], [ -46.743598, -23.782652 ], [ -46.743295, -23.782342 ], [ -46.74259, -23.783396 ], [ -46.742121, -23.783727 ], [ -46.741844, -23.783705 ], [ -46.741205, -23.783197 ], [ -46.740427, -23.782845 ], [ -46.739882, -23.782692 ], [ -46.739657, -23.783006 ], [ -46.739617, -23.783188 ], [ -46.739831, -23.783666 ], [ -46.738848, -23.784132 ], [ -46.737765, -23.783813 ], [ -46.737447, -23.783486 ], [ -46.737657, -23.782409 ], [ -46.737565, -23.781795 ], [ -46.73688, -23.781062 ], [ -46.736278, -23.780632 ], [ -46.735421, -23.780501 ], [ -46.734497, -23.780191 ], [ -46.734226, -23.780156 ], [ -46.733653, -23.780286 ] ] ] } },
{ "type": "Feature", "properties": { "CD_SETOR": "355030855000219", "faces": 6, "pavimentada": 83.33, "bueiro": 33.33, "iluminacao": 83.33, "onibus": 33.33, "ciclovia": 0.0, "calcada": 33.33, "obstaculo": 0.0, "rampa": 50.0, "rampa_faces": 16.67, "sem_calcada": 66.67, "sem_arvore": 16.67, "muitas_arvores": 33.33, "vao": 66.67, "V05400": 6, "V05421": 2, "V05406": 5, "V05412": 5, "V05422": 4, "V05424": 0, "V05427": 1, "V05409": 2, "V05415": 2, "V05418": 0, "V05430": 1, "V05433": 2, "criancas_0a4": 6, "em_favela": false }, "geometry": { "type": "Polygon", "coordinates": [ [ [ -46.737604, -23.815506 ], [ -46.737763, -23.815294 ], [ -46.737633, -23.81517 ], [ -46.737476, -23.815123 ], [ -46.736893, -23.815078 ], [ -46.736323, -23.814948 ], [ -46.736159, -23.815286 ], [ -46.735205, -23.814904 ], [ -46.735176, -23.815496 ], [ -46.735123, -23.815721 ], [ -46.734028, -23.818188 ], [ -46.734013, -23.8185 ], [ -46.734103, -23.818733 ], [ -46.734238, -23.818862 ], [ -46.734776, -23.819081 ], [ -46.735284, -23.81985 ], [ -46.736026, -23.820702 ], [ -46.736389, -23.821281 ], [ -46.736579, -23.820939 ], [ -46.736735, -23.820836 ], [ -46.737025, -23.820768 ], [ -46.736891, -23.820329 ], [ -46.735962, -23.819626 ], [ -46.735876, -23.818579 ], [ -46.735915, -23.817869 ], [ -46.736218, -23.817318 ], [ -46.736815, -23.817431 ], [ -46.737208, -23.817438 ], [ -46.737604, -23.815506 ] ] ] } },
{ "type": "Feature", "properties": { "CD_SETOR": "355030855000220", "faces": 7, "pavimentada": 100.0, "bueiro": 14.29, "iluminacao": 28.57, "onibus": 0.0, "ciclovia": 0.0, "calcada": 42.86, "obstaculo": 100.0, "rampa": 0.0, "rampa_faces": 0.0, "sem_calcada": 57.14, "sem_arvore": 71.43, "muitas_arvores": 14.29, "vao": 100.0, "V05400": 7, "V05421": 3, "V05406": 7, "V05412": 2, "V05422": 4, "V05424": 3, "V05427": 0, "V05409": 1, "V05415": 0, "V05418": 0, "V05430": 5, "V05433": 1, "criancas_0a4": 29, "em_favela": false }, "geometry": { "type": "Polygon", "coordinates": [ [ [ -46.739157, -23.807238 ], [ -46.739323, -23.808471 ], [ -46.739998, -23.810691 ], [ -46.739607, -23.812212 ], [ -46.739642, -23.812884 ], [ -46.740389, -23.813601 ], [ -46.740189, -23.813308 ], [ -46.739938, -23.812206 ], [ -46.739977, -23.812087 ], [ -46.740185, -23.811881 ], [ -46.740271, -23.81158 ], [ -46.740736, -23.811667 ], [ -46.740996, -23.811802 ], [ -46.74116, -23.811477 ], [ -46.741185, -23.811107 ], [ -46.741007, -23.810617 ], [ -46.740351, -23.81069 ], [ -46.740261, -23.810251 ], [ -46.739642, -23.808246 ], [ -46.73956, -23.807217 ], [ -46.739157, -23.807238 ] ] ] } },
{ "type": "Feature", "properties": { "CD_SETOR": "355030855000226", "faces": 3, "pavimentada": 66.67, "bueiro": 66.67, "iluminacao": 100.0, "onibus": 0.0, "ciclovia": 0.0, "calcada": 66.67, "obstaculo": 100.0, "rampa": 0.0, "rampa_faces": 0.0, "sem_calcada": 33.33, "sem_arvore": 100.0, "muitas_arvores": 0.0, "vao": 66.67, "V05400": 3, "V05421": 2, "V05406": 2, "V05412": 3, "V05422": 1, "V05424": 2, "V05427": 0, "V05409": 2, "V05415": 0, "V05418": 0, "V05430": 3, "V05433": 0, "criancas_0a4": 25, "em_favela": true }, "geometry": { "type": "Polygon", "coordinates": [ [ [ -46.703183, -23.82575 ], [ -46.703921, -23.826188 ], [ -46.704061, -23.826137 ], [ -46.704133, -23.824965 ], [ -46.70404, -23.824612 ], [ -46.703751, -23.824722 ], [ -46.703419, -23.824027 ], [ -46.703223, -23.823717 ], [ -46.7026, -23.823184 ], [ -46.702445, -23.822863 ], [ -46.702296, -23.822795 ], [ -46.702046, -23.822767 ], [ -46.701828, -23.82322 ], [ -46.701839, -23.823452 ], [ -46.701661, -23.823783 ], [ -46.701634, -23.824018 ], [ -46.701788, -23.824296 ], [ -46.702481, -23.824847 ], [ -46.703183, -23.82575 ] ] ] } },
{ "type": "Feature", "properties": { "CD_SETOR": "355030855000229", "faces": 6, "pavimentada": 100.0, "bueiro": 66.67, "iluminacao": 100.0, "onibus": 0.0, "ciclovia": 0.0, "calcada": 50.0, "obstaculo": 100.0, "rampa": 0.0, "rampa_faces": 0.0, "sem_calcada": 50.0, "sem_arvore": 33.33, "muitas_arvores": 16.67, "vao": 100.0, "V05400": 6, "V05421": 3, "V05406": 6, "V05412": 6, "V05422": 3, "V05424": 3, "V05427": 0, "V05409": 4, "V05415": 0, "V05418": 0, "V05430": 2, "V05433": 1, "criancas_0a4": 4, "em_favela": false }, "geometry": { "type": "Polygon", "coordinates": [ [ [ -46.698712, -23.849651 ], [ -46.698991, -23.849713 ], [ -46.699071, -23.849824 ], [ -46.699287, -23.850464 ], [ -46.699556, -23.850382 ], [ -46.700144, -23.850303 ], [ -46.701018, -23.850391 ], [ -46.700555, -23.849507 ], [ -46.700582, -23.848858 ], [ -46.699568, -23.848955 ], [ -46.698247, -23.848731 ], [ -46.698712, -23.849651 ] ] ] } },
{ "type": "Feature", "properties": { "CD_SETOR": "355030855000237", "faces": 4, "pavimentada": 100.0, "bueiro": 100.0, "iluminacao": 50.0, "onibus": 0.0, "ciclovia": 0.0, "calcada": 100.0, "obstaculo": 100.0, "rampa": 0.0, "rampa_faces": 0.0, "sem_calcada": 0.0, "sem_arvore": 25.0, "muitas_arvores": 25.0, "vao": 100.0, "V05400": 4, "V05421": 4, "V05406": 4, "V05412": 2, "V05422": 0, "V05424": 4, "V05427": 0, "V05409": 4, "V05415": 0, "V05418": 0, "V05430": 1, "V05433": 1, "criancas_0a4": 22, "em_favela": false }, "geometry": { "type": "Polygon", "coordinates": [ [ [ -46.736472, -23.846853 ], [ -46.736526, -23.846942 ], [ -46.737054, -23.847234 ], [ -46.738013, -23.848125 ], [ -46.739132, -23.848979 ], [ -46.739647, -23.849035 ], [ -46.742089, -23.848881 ], [ -46.74342, -23.848487 ], [ -46.74257, -23.848291 ], [ -46.739873, -23.848229 ], [ -46.739923, -23.847986 ], [ -46.740197, -23.847729 ], [ -46.740193, -23.84762 ], [ -46.740111, -23.84752 ], [ -46.739982, -23.847467 ], [ -46.738579, -23.847511 ], [ -46.738334, -23.84748 ], [ -46.737877, -23.847123 ], [ -46.737789, -23.84694 ], [ -46.737823, -23.846728 ], [ -46.738063, -23.84645 ], [ -46.738582, -23.846387 ], [ -46.738654, -23.846202 ], [ -46.738534, -23.846077 ], [ -46.73736, -23.845733 ], [ -46.737147, -23.845742 ], [ -46.736812, -23.846007 ], [ -46.736472, -23.846853 ] ] ] } },
{ "type": "Feature", "properties": { "CD_SETOR": "355030855000250", "faces": 5, "pavimentada": 20.0, "bueiro": 60.0, "iluminacao": 60.0, "onibus": 20.0, "ciclovia": 0.0, "calcada": 0.0, "obstaculo": null, "rampa": null, "rampa_faces": 0.0, "sem_calcada": 100.0, "sem_arvore": 40.0, "muitas_arvores": 40.0, "vao": 20.0, "V05400": 5, "V05421": 0, "V05406": 1, "V05412": 3, "V05422": 5, "V05424": 0, "V05427": 0, "V05409": 3, "V05415": 1, "V05418": 0, "V05430": 2, "V05433": 2, "criancas_0a4": 3, "em_favela": false }, "geometry": { "type": "Polygon", "coordinates": [ [ [ -46.726393, -23.822259 ], [ -46.727109, -23.821478 ], [ -46.727254, -23.821233 ], [ -46.727551, -23.820978 ], [ -46.727939, -23.820419 ], [ -46.728419, -23.82014 ], [ -46.728802, -23.819568 ], [ -46.728803, -23.819295 ], [ -46.727719, -23.819915 ], [ -46.727396, -23.820306 ], [ -46.72707, -23.821122 ], [ -46.726511, -23.821874 ], [ -46.726393, -23.822259 ] ] ] } },
{ "type": "Feature", "properties": { "CD_SETOR": "355030855000264", "faces": 7, "pavimentada": 71.43, "bueiro": 71.43, "iluminacao": 100.0, "onibus": 28.57, "ciclovia": 42.86, "calcada": 71.43, "obstaculo": 40.0, "rampa": 60.0, "rampa_faces": 42.86, "sem_calcada": 28.57, "sem_arvore": 85.71, "muitas_arvores": 0.0, "vao": 28.57, "V05400": 7, "V05421": 5, "V05406": 5, "V05412": 7, "V05422": 2, "V05424": 2, "V05427": 3, "V05409": 5, "V05415": 2, "V05418": 3, "V05430": 6, "V05433": 0, "criancas_0a4": 26, "em_favela": false }, "geometry": { "type": "Polygon", "coordinates": [ [ [ -46.733072, -23.838421 ], [ -46.733196, -23.838365 ], [ -46.733443, -23.837948 ], [ -46.73294, -23.837647 ], [ -46.732511, -23.83715 ], [ -46.732758, -23.83698 ], [ -46.732538, -23.836601 ], [ -46.732334, -23.83668 ], [ -46.732219, -23.836538 ], [ -46.732916, -23.836359 ], [ -46.732894, -23.836258 ], [ -46.733451, -23.836137 ], [ -46.733435, -23.836069 ], [ -46.733538, -23.836049 ], [ -46.733541, -23.836004 ], [ -46.733958, -23.835905 ], [ -46.733695, -23.835542 ], [ -46.733317, -23.835622 ], [ -46.73326, -23.835677 ], [ -46.732473, -23.835812 ], [ -46.731313, -23.835685 ], [ -46.730508, -23.835308 ], [ -46.730842, -23.836454 ], [ -46.730945, -23.836594 ], [ -46.733072, -23.838421 ] ] ] } },
{ "type": "Feature", "properties": { "CD_SETOR": "355030855000268", "faces": 6, "pavimentada": 100.0, "bueiro": 50.0, "iluminacao": 50.0, "onibus": 0.0, "ciclovia": 0.0, "calcada": 100.0, "obstaculo": 50.0, "rampa": 0.0, "rampa_faces": 0.0, "sem_calcada": 0.0, "sem_arvore": 50.0, "muitas_arvores": 50.0, "vao": 100.0, "V05400": 6, "V05421": 6, "V05406": 6, "V05412": 3, "V05422": 0, "V05424": 3, "V05427": 0, "V05409": 3, "V05415": 0, "V05418": 0, "V05430": 3, "V05433": 3, "criancas_0a4": 16, "em_favela": false }, "geometry": { "type": "Polygon", "coordinates": [ [ [ -46.744032, -23.824547 ], [ -46.744173, -23.82553 ], [ -46.744076, -23.826259 ], [ -46.744251, -23.826465 ], [ -46.744864, -23.827471 ], [ -46.745028, -23.827788 ], [ -46.745163, -23.828204 ], [ -46.745918, -23.827944 ], [ -46.745773, -23.82748 ], [ -46.745667, -23.827331 ], [ -46.745726, -23.82719 ], [ -46.745644, -23.826947 ], [ -46.745479, -23.826688 ], [ -46.745468, -23.8264 ], [ -46.745291, -23.825929 ], [ -46.745039, -23.825713 ], [ -46.745037, -23.825224 ], [ -46.744802, -23.824808 ], [ -46.744652, -23.82433 ], [ -46.744032, -23.824547 ] ] ] } },
{ "type": "Feature", "properties": { "CD_SETOR": "355030855000273", "faces": 14, "pavimentada": 92.86, "bueiro": 78.57, "iluminacao": 92.86, "onibus": 7.14, "ciclovia": 0.0, "calcada": 92.86, "obstaculo": 92.31, "rampa": 0.0, "rampa_faces": 0.0, "sem_calcada": 7.14, "sem_arvore": 42.86, "muitas_arvores": 14.29, "vao": 92.86, "V05400": 14, "V05421": 13, "V05406": 13, "V05412": 13, "V05422": 1, "V05424": 12, "V05427": 0, "V05409": 11, "V05415": 1, "V05418": 0, "V05430": 6, "V05433": 2, "criancas_0a4": 42, "em_favela": false }, "geometry": { "type": "Polygon", "coordinates": [ [ [ -46.675244, -23.866204 ], [ -46.674138, -23.866532 ], [ -46.674405, -23.866924 ], [ -46.674811, -23.867241 ], [ -46.675652, -23.86766 ], [ -46.677722, -23.868514 ], [ -46.678294, -23.868497 ], [ -46.678468, -23.8684 ], [ -46.678933, -23.868299 ], [ -46.678877, -23.868227 ], [ -46.678791, -23.867088 ], [ -46.678745, -23.866944 ], [ -46.678462, -23.866687 ], [ -46.678315, -23.866655 ], [ -46.678167, -23.866439 ], [ -46.677794, -23.866386 ], [ -46.677585, -23.866258 ], [ -46.677016, -23.866077 ], [ -46.676269, -23.866191 ], [ -46.67613, -23.866258 ], [ -46.67526, -23.866248 ], [ -46.675244, -23.866204 ] ] ] } },
{ "type": "Feature", "properties": { "CD_SETOR": "355030855000291", "faces": 4, "pavimentada": 100.0, "bueiro": 75.0, "iluminacao": 75.0, "onibus": 50.0, "ciclovia": 0.0, "calcada": 75.0, "obstaculo": 66.67, "rampa": 0.0, "rampa_faces": 0.0, "sem_calcada": 25.0, "sem_arvore": 75.0, "muitas_arvores": 0.0, "vao": 100.0, "V05400": 4, "V05421": 3, "V05406": 4, "V05412": 3, "V05422": 1, "V05424": 2, "V05427": 0, "V05409": 3, "V05415": 2, "V05418": 0, "V05430": 3, "V05433": 0, "criancas_0a4": 8, "em_favela": false }, "geometry": { "type": "Polygon", "coordinates": [ [ [ -46.713668, -23.84878 ], [ -46.714556, -23.850602 ], [ -46.714532, -23.850885 ], [ -46.714328, -23.851075 ], [ -46.714742, -23.851667 ], [ -46.715165, -23.851483 ], [ -46.714822, -23.85094 ], [ -46.715331, -23.849825 ], [ -46.713976, -23.848572 ], [ -46.713668, -23.84878 ] ] ] } },
{ "type": "Feature", "properties": { "CD_SETOR": "355030855000293", "faces": 4, "pavimentada": 100.0, "bueiro": 0.0, "iluminacao": 100.0, "onibus": 0.0, "ciclovia": 0.0, "calcada": 100.0, "obstaculo": 100.0, "rampa": 0.0, "rampa_faces": 0.0, "sem_calcada": 0.0, "sem_arvore": 0.0, "muitas_arvores": 25.0, "vao": 100.0, "V05400": 4, "V05421": 4, "V05406": 4, "V05412": 4, "V05422": 0, "V05424": 4, "V05427": 0, "V05409": 0, "V05415": 0, "V05418": 0, "V05430": 0, "V05433": 1, "criancas_0a4": 23, "em_favela": false }, "geometry": { "type": "Polygon", "coordinates": [ [ [ -46.718287, -23.853499 ], [ -46.717301, -23.854232 ], [ -46.716866, -23.855159 ], [ -46.716168, -23.855714 ], [ -46.715672, -23.855998 ], [ -46.715598, -23.856204 ], [ -46.715694, -23.856403 ], [ -46.716079, -23.856061 ], [ -46.716763, -23.855972 ], [ -46.717069, -23.85587 ], [ -46.718296, -23.855255 ], [ -46.718179, -23.855111 ], [ -46.718158, -23.854894 ], [ -46.718357, -23.854316 ], [ -46.718399, -23.853987 ], [ -46.718374, -23.85368 ], [ -46.718287, -23.853499 ] ] ] } },
{ "type": "Feature", "properties": { "CD_SETOR": "355030855000295", "faces": 14, "pavimentada": 100.0, "bueiro": 21.43, "iluminacao": 100.0, "onibus": 0.0, "ciclovia": 0.0, "calcada": 57.14, "obstaculo": 100.0, "rampa": 0.0, "rampa_faces": 0.0, "sem_calcada": 42.86, "sem_arvore": 42.86, "muitas_arvores": 0.0, "vao": 100.0, "V05400": 14, "V05421": 8, "V05406": 14, "V05412": 14, "V05422": 6, "V05424": 8, "V05427": 0, "V05409": 3, "V05415": 0, "V05418": 0, "V05430": 6, "V05433": 0, "criancas_0a4": 42, "em_favela": false }, "geometry": { "type": "Polygon", "coordinates": [ [ [ -46.709949, -23.854781 ], [ -46.710049, -23.854929 ], [ -46.709744, -23.85772 ], [ -46.711597, -23.857885 ], [ -46.711797, -23.858636 ], [ -46.712025, -23.858518 ], [ -46.711801, -23.857398 ], [ -46.7112, -23.855212 ], [ -46.710762, -23.855385 ], [ -46.710548, -23.855388 ], [ -46.710663, -23.854773 ], [ -46.710296, -23.854814 ], [ -46.709949, -23.854781 ] ] ] } },
{ "type": "Feature", "properties": { "CD_SETOR": "355030855000312", "faces": 64, "pavimentada": 9.38, "bueiro": 9.38, "iluminacao": 29.69, "onibus": 1.56, "ciclovia": 0.0, "calcada": 4.69, "obstaculo": 100.0, "rampa": 0.0, "rampa_faces": 0.0, "sem_calcada": 95.31, "sem_arvore": 40.62, "muitas_arvores": 18.75, "vao": 9.38, "V05400": 64, "V05421": 3, "V05406": 6, "V05412": 19, "V05422": 61, "V05424": 3, "V05427": 0, "V05409": 6, "V05415": 1, "V05418": 0, "V05430": 26, "V05433": 12, "criancas_0a4": 46, "em_favela": false }, "geometry": { "type": "Polygon", "coordinates": [ [ [ -46.649934, -23.871416 ], [ -46.649922, -23.872316 ], [ -46.650332, -23.872277 ], [ -46.650662, -23.872168 ], [ -46.650777, -23.872307 ], [ -46.650906, -23.873677 ], [ -46.650786, -23.873875 ], [ -46.651066, -23.873992 ], [ -46.651629, -23.874467 ], [ -46.65197, -23.874613 ], [ -46.652278, -23.874668 ], [ -46.653654, -23.874712 ], [ -46.65443, -23.874689 ], [ -46.654341, -23.874383 ], [ -46.65431, -23.873863 ], [ -46.65434, -23.872878 ], [ -46.654211, -23.87265 ], [ -46.653857, -23.872243 ], [ -46.653514, -23.871464 ], [ -46.652956, -23.87098 ], [ -46.652647, -23.870624 ], [ -46.649934, -23.871416 ] ] ] } },
{ "type": "Feature", "properties": { "CD_SETOR": "355030855000320", "faces": 6, "pavimentada": 100.0, "bueiro": 66.67, "iluminacao": 100.0, "onibus": 0.0, "ciclovia": 0.0, "calcada": 66.67, "obstaculo": 100.0, "rampa": 0.0, "rampa_faces": 0.0, "sem_calcada": 33.33, "sem_arvore": 50.0, "muitas_arvores": 0.0, "vao": 100.0, "V05400": 6, "V05421": 4, "V05406": 6, "V05412": 6, "V05422": 2, "V05424": 4, "V05427": 0, "V05409": 4, "V05415": 0, "V05418": 0, "V05430": 3, "V05433": 0, "criancas_0a4": 14, "em_favela": true }, "geometry": { "type": "Polygon", "coordinates": [ [ [ -46.697179, -23.851221 ], [ -46.696995, -23.851162 ], [ -46.696308, -23.852172 ], [ -46.697279, -23.852283 ], [ -46.697818, -23.85192 ], [ -46.697181, -23.851693 ], [ -46.697179, -23.851221 ] ] ] } },
{ "type": "Feature", "properties": { "CD_SETOR": "355030855000322", "faces": 3, "pavimentada": 100.0, "bueiro": 100.0, "iluminacao": 66.67, "onibus": 0.0, "ciclovia": 0.0, "calcada": 33.33, "obstaculo": 100.0, "rampa": 0.0, "rampa_faces": 0.0, "sem_calcada": 66.67, "sem_arvore": 33.33, "muitas_arvores": 0.0, "vao": 100.0, "V05400": 3, "V05421": 1, "V05406": 3, "V05412": 2, "V05422": 2, "V05424": 1, "V05427": 0, "V05409": 3, "V05415": 0, "V05418": 0, "V05430": 1, "V05433": 0, "criancas_0a4": 14, "em_favela": true }, "geometry": { "type": "Polygon", "coordinates": [ [ [ -46.719586, -23.831369 ], [ -46.719671, -23.831674 ], [ -46.719778, -23.831856 ], [ -46.719857, -23.831902 ], [ -46.720126, -23.831884 ], [ -46.720868, -23.831527 ], [ -46.720729, -23.831271 ], [ -46.720781, -23.831114 ], [ -46.720204, -23.83082 ], [ -46.720268, -23.830916 ], [ -46.720263, -23.831166 ], [ -46.720118, -23.831367 ], [ -46.720023, -23.831404 ], [ -46.719586, -23.831369 ] ] ] } },
{ "type": "Feature", "properties": { "CD_SETOR": "355030855000323", "faces": 8, "pavimentada": 87.5, "bueiro": 37.5, "iluminacao": 37.5, "onibus": 12.5, "ciclovia": 0.0, "calcada": 25.0, "obstaculo": 100.0, "rampa": 0.0, "rampa_faces": 0.0, "sem_calcada": 62.5, "sem_arvore": 62.5, "muitas_arvores": 12.5, "vao": 87.5, "V05400": 8, "V05421": 2, "V05406": 7, "V05412": 3, "V05422": 5, "V05424": 2, "V05427": 0, "V05409": 3, "V05415": 1, "V05418": 0, "V05430": 5, "V05433": 1, "criancas_0a4": 22, "em_favela": true }, "geometry": { "type": "Polygon", "coordinates": [ [ [ -46.7228, -23.832412 ], [ -46.722827, -23.832456 ], [ -46.723218, -23.832453 ], [ -46.723704, -23.832265 ], [ -46.723851, -23.832118 ], [ -46.723956, -23.831904 ], [ -46.724232, -23.830866 ], [ -46.724385, -23.830765 ], [ -46.724853, -23.830669 ], [ -46.723952, -23.830169 ], [ -46.723413, -23.830067 ], [ -46.72319, -23.83069 ], [ -46.7228, -23.832412 ] ] ] } },
{ "type": "Feature", "properties": { "CD_SETOR": "355030855000324", "faces": 10, "pavimentada": 100.0, "bueiro": 60.0, "iluminacao": 60.0, "onibus": 0.0, "ciclovia": 0.0, "calcada": 40.0, "obstaculo": 100.0, "rampa": 0.0, "rampa_faces": 0.0, "sem_calcada": 60.0, "sem_arvore": 80.0, "muitas_arvores": 0.0, "vao": 100.0, "V05400": 10, "V05421": 4, "V05406": 10, "V05412": 6, "V05422": 6, "V05424": 4, "V05427": 0, "V05409": 6, "V05415": 0, "V05418": 0, "V05430": 8, "V05433": 0, "criancas_0a4": 22, "em_favela": true }, "geometry": { "type": "Polygon", "coordinates": [ [ [ -46.734573, -23.840874 ], [ -46.734471, -23.841358 ], [ -46.734745, -23.842104 ], [ -46.735404, -23.841888 ], [ -46.735503, -23.842098 ], [ -46.735917, -23.841986 ], [ -46.735403, -23.841541 ], [ -46.735044, -23.840788 ], [ -46.734573, -23.840874 ] ] ] } },
{ "type": "Feature", "properties": { "CD_SETOR": "355030855000329", "faces": 7, "pavimentada": 100.0, "bueiro": 71.43, "iluminacao": 100.0, "onibus": 14.29, "ciclovia": 0.0, "calcada": 100.0, "obstaculo": 85.71, "rampa": 0.0, "rampa_faces": 0.0, "sem_calcada": 0.0, "sem_arvore": 57.14, "muitas_arvores": 14.29, "vao": 100.0, "V05400": 7, "V05421": 7, "V05406": 7, "V05412": 7, "V05422": 0, "V05424": 6, "V05427": 0, "V05409": 5, "V05415": 1, "V05418": 0, "V05430": 4, "V05433": 1, "criancas_0a4": 38, "em_favela": true }, "geometry": { "type": "Polygon", "coordinates": [ [ [ -46.738689, -23.797975 ], [ -46.738937, -23.798158 ], [ -46.739456, -23.798926 ], [ -46.739633, -23.799114 ], [ -46.740327, -23.799355 ], [ -46.740693, -23.799728 ], [ -46.740976, -23.799782 ], [ -46.741637, -23.799511 ], [ -46.741819, -23.799276 ], [ -46.741574, -23.798823 ], [ -46.741045, -23.798516 ], [ -46.740936, -23.798693 ], [ -46.740344, -23.798324 ], [ -46.739338, -23.79765 ], [ -46.739041, -23.797176 ], [ -46.738914, -23.797465 ], [ -46.738842, -23.797831 ], [ -46.738689, -23.797975 ] ] ] } },
{ "type": "Feature", "properties": { "CD_SETOR": "355030855000331", "faces": 4, "pavimentada": 50.0, "bueiro": 25.0, "iluminacao": 100.0, "onibus": 25.0, "ciclovia": 0.0, "calcada": 50.0, "obstaculo": 100.0, "rampa": 0.0, "rampa_faces": 0.0, "sem_calcada": 50.0, "sem_arvore": 25.0, "muitas_arvores": 25.0, "vao": 50.0, "V05400": 4, "V05421": 2, "V05406": 2, "V05412": 4, "V05422": 2, "V05424": 2, "V05427": 0, "V05409": 1, "V05415": 1, "V05418": 0, "V05430": 1, "V05433": 1, "criancas_0a4": 11, "em_favela": true }, "geometry": { "type": "Polygon", "coordinates": [ [ [ -46.743138, -23.795733 ], [ -46.743497, -23.796401 ], [ -46.74382, -23.796709 ], [ -46.743863, -23.796681 ], [ -46.744003, -23.796409 ], [ -46.744081, -23.796119 ], [ -46.743957, -23.79485 ], [ -46.743579, -23.794416 ], [ -46.743416, -23.794336 ], [ -46.742951, -23.794237 ], [ -46.742976, -23.795123 ], [ -46.743033, -23.795325 ], [ -46.743204, -23.795619 ], [ -46.743138, -23.795733 ] ] ] } },
{ "type": "Feature", "properties": { "CD_SETOR": "355030855000332", "faces": 9, "pavimentada": 55.56, "bueiro": 55.56, "iluminacao": 100.0, "onibus": 11.11, "ciclovia": 0.0, "calcada": 11.11, "obstaculo": 100.0, "rampa": 0.0, "rampa_faces": 0.0, "sem_calcada": 88.89, "sem_arvore": 55.56, "muitas_arvores": 11.11, "vao": 55.56, "V05400": 9, "V05421": 1, "V05406": 5, "V05412": 9, "V05422": 8, "V05424": 1, "V05427": 0, "V05409": 5, "V05415": 1, "V05418": 0, "V05430": 5, "V05433": 1, "criancas_0a4": 26, "em_favela": true }, "geometry": { "type": "Polygon", "coordinates": [ [ [ -46.754183, -23.866792 ], [ -46.754445, -23.867012 ], [ -46.754832, -23.867508 ], [ -46.754836, -23.867724 ], [ -46.75471, -23.867884 ], [ -46.75437, -23.868166 ], [ -46.753592, -23.868452 ], [ -46.752187, -23.868692 ], [ -46.752197, -23.868748 ], [ -46.751846, -23.86875 ], [ -46.751791, -23.868917 ], [ -46.751961, -23.869016 ], [ -46.752187, -23.869 ], [ -46.755375, -23.868585 ], [ -46.755506, -23.868697 ], [ -46.755505, -23.868824 ], [ -46.756408, -23.868717 ], [ -46.756567, -23.868598 ], [ -46.756537, -23.868256 ], [ -46.756302, -23.86813 ], [ -46.755967, -23.867813 ], [ -46.755655, -23.868028 ], [ -46.754999, -23.86742 ], [ -46.755317, -23.867186 ], [ -46.754915, -23.866828 ], [ -46.754183, -23.866792 ] ] ] } },
{ "type": "Feature", "properties": { "CD_SETOR": "355030855000333", "faces": 3, "pavimentada": 66.67, "bueiro": 33.33, "iluminacao": 66.67, "onibus": 0.0, "ciclovia": 0.0, "calcada": 66.67, "obstaculo": 100.0, "rampa": 0.0, "rampa_faces": 0.0, "sem_calcada": 33.33, "sem_arvore": 33.33, "muitas_arvores": 66.67, "vao": 66.67, "V05400": 3, "V05421": 2, "V05406": 2, "V05412": 2, "V05422": 1, "V05424": 2, "V05427": 0, "V05409": 1, "V05415": 0, "V05418": 0, "V05430": 1, "V05433": 2, "criancas_0a4": 8, "em_favela": true }, "geometry": { "type": "Polygon", "coordinates": [ [ [ -46.726378, -23.770759 ], [ -46.726628, -23.771252 ], [ -46.726373, -23.772096 ], [ -46.72714, -23.771923 ], [ -46.727072, -23.771404 ], [ -46.726677, -23.770713 ], [ -46.726378, -23.770759 ] ] ] } },
{ "type": "Feature", "properties": { "CD_SETOR": "355030855000334", "faces": 6, "pavimentada": 100.0, "bueiro": 33.33, "iluminacao": 50.0, "onibus": 0.0, "ciclovia": 0.0, "calcada": 50.0, "obstaculo": 66.67, "rampa": 0.0, "rampa_faces": 0.0, "sem_calcada": 50.0, "sem_arvore": 100.0, "muitas_arvores": 0.0, "vao": 100.0, "V05400": 6, "V05421": 3, "V05406": 6, "V05412": 3, "V05422": 3, "V05424": 2, "V05427": 0, "V05409": 2, "V05415": 0, "V05418": 0, "V05430": 6, "V05433": 0, "criancas_0a4": 37, "em_favela": true }, "geometry": { "type": "Polygon", "coordinates": [ [ [ -46.733416, -23.82546 ], [ -46.73301, -23.825817 ], [ -46.733479, -23.826357 ], [ -46.733769, -23.826591 ], [ -46.734067, -23.826757 ], [ -46.734395, -23.827105 ], [ -46.734511, -23.827254 ], [ -46.734675, -23.827697 ], [ -46.734938, -23.828195 ], [ -46.735595, -23.827772 ], [ -46.735316, -23.827417 ], [ -46.735087, -23.827342 ], [ -46.733699, -23.826233 ], [ -46.733569, -23.825969 ], [ -46.733611, -23.825634 ], [ -46.733416, -23.82546 ] ] ] } },
{ "type": "Feature", "properties": { "CD_SETOR": "355030855000335", "faces": 1, "pavimentada": 100.0, "bueiro": 100.0, "iluminacao": 100.0, "onibus": 0.0, "ciclovia": 100.0, "calcada": 100.0, "obstaculo": 100.0, "rampa": 0.0, "rampa_faces": 0.0, "sem_calcada": 0.0, "sem_arvore": 0.0, "muitas_arvores": 0.0, "vao": 100.0, "V05400": 1, "V05421": 1, "V05406": 1, "V05412": 1, "V05422": 0, "V05424": 1, "V05427": 0, "V05409": 1, "V05415": 0, "V05418": 1, "V05430": 0, "V05433": 0, "criancas_0a4": 20, "em_favela": true }, "geometry": { "type": "Polygon", "coordinates": [ [ [ -46.724474, -23.768352 ], [ -46.724787, -23.76868 ], [ -46.726378, -23.770759 ], [ -46.726677, -23.770713 ], [ -46.726444, -23.770112 ], [ -46.72556, -23.768756 ], [ -46.725014, -23.768113 ], [ -46.724598, -23.768042 ], [ -46.724474, -23.768352 ] ] ] } },
{ "type": "Feature", "properties": { "CD_SETOR": "355030855000336", "faces": 5, "pavimentada": 80.0, "bueiro": 100.0, "iluminacao": 80.0, "onibus": 0.0, "ciclovia": 0.0, "calcada": 40.0, "obstaculo": 100.0, "rampa": 0.0, "rampa_faces": 0.0, "sem_calcada": 60.0, "sem_arvore": 60.0, "muitas_arvores": 0.0, "vao": 80.0, "V05400": 5, "V05421": 2, "V05406": 4, "V05412": 4, "V05422": 3, "V05424": 2, "V05427": 0, "V05409": 5, "V05415": 0, "V05418": 0, "V05430": 3, "V05433": 0, "criancas_0a4": 18, "em_favela": true }, "geometry": { "type": "Polygon", "coordinates": [ [ [ -46.710418, -23.780281 ], [ -46.710812, -23.780326 ], [ -46.711062, -23.780635 ], [ -46.711457, -23.780261 ], [ -46.711577, -23.780225 ], [ -46.711712, -23.780265 ], [ -46.711977, -23.779767 ], [ -46.711736, -23.779655 ], [ -46.711301, -23.77991 ], [ -46.711157, -23.779859 ], [ -46.711194, -23.779658 ], [ -46.710982, -23.779568 ], [ -46.710958, -23.779498 ], [ -46.710751, -23.779379 ], [ -46.710418, -23.780281 ] ] ] } },
{ "type": "Feature", "properties": { "CD_SETOR": "355030855000344", "faces": 4, "pavimentada": 100.0, "bueiro": 100.0, "iluminacao": 100.0, "onibus": 25.0, "ciclovia": 0.0, "calcada": 100.0, "obstaculo": 100.0, "rampa": 50.0, "rampa_faces": 50.0, "sem_calcada": 0.0, "sem_arvore": 50.0, "muitas_arvores": 25.0, "vao": 50.0, "V05400": 4, "V05421": 4, "V05406": 4, "V05412": 4, "V05422": 0, "V05424": 4, "V05427": 2, "V05409": 4, "V05415": 1, "V05418": 0, "V05430": 2, "V05433": 1, "criancas_0a4": 6, "em_favela": false }, "geometry": { "type": "Polygon", "coordinates": [ [ [ -46.714611, -23.779688 ], [ -46.714013, -23.780612 ], [ -46.713906, -23.781326 ], [ -46.717084, -23.782449 ], [ -46.718504, -23.782898 ], [ -46.718638, -23.782611 ], [ -46.71865, -23.782405 ], [ -46.718588, -23.782329 ], [ -46.717851, -23.782034 ], [ -46.717236, -23.781587 ], [ -46.715569, -23.780882 ], [ -46.715482, -23.780823 ], [ -46.715334, -23.780385 ], [ -46.715207, -23.779796 ], [ -46.714611, -23.779688 ] ] ] } },
{ "type": "Feature", "properties": { "CD_SETOR": "355030855000348", "faces": 50, "pavimentada": 8.0, "bueiro": 0.0, "iluminacao": 100.0, "onibus": 2.0, "ciclovia": 0.0, "calcada": 2.0, "obstaculo": 100.0, "rampa": 0.0, "rampa_faces": 0.0, "sem_calcada": 98.0, "sem_arvore": 78.0, "muitas_arvores": 12.0, "vao": 8.0, "V05400": 50, "V05421": 1, "V05406": 4, "V05412": 50, "V05422": 49, "V05424": 1, "V05427": 0, "V05409": 0, "V05415": 1, "V05418": 0, "V05430": 39, "V05433": 6, "criancas_0a4": 13, "em_favela": false }, "geometry": { "type": "Polygon", "coordinates": [ [ [ -46.733181, -23.785841 ], [ -46.732273, -23.786613 ], [ -46.732127, -23.786796 ], [ -46.732056, -23.787382 ], [ -46.732101, -23.787562 ], [ -46.732636, -23.78863 ], [ -46.733072, -23.788616 ], [ -46.733567, -23.788719 ], [ -46.733438, -23.78951 ], [ -46.734276, -23.789733 ], [ -46.73449, -23.790351 ], [ -46.734726, -23.790814 ], [ -46.732773, -23.791165 ], [ -46.732283, -23.792197 ], [ -46.733003, -23.79216 ], [ -46.734464, -23.791843 ], [ -46.734776, -23.791823 ], [ -46.735632, -23.79221 ], [ -46.735944, -23.791946 ], [ -46.736284, -23.791748 ], [ -46.736701, -23.791598 ], [ -46.736302, -23.79157 ], [ -46.735988, -23.791156 ], [ -46.7359, -23.790794 ], [ -46.735869, -23.79003 ], [ -46.735761, -23.789725 ], [ -46.735735, -23.789286 ], [ -46.735751, -23.788923 ], [ -46.736051, -23.788059 ], [ -46.736335, -23.787597 ], [ -46.736488, -23.787183 ], [ -46.734841, -23.786325 ], [ -46.734451, -23.7862 ], [ -46.734219, -23.786071 ], [ -46.733607, -23.785852 ], [ -46.733181, -23.785841 ] ] ] } },
{ "type": "Feature", "properties": { "CD_SETOR": "355030855000350", "faces": 25, "pavimentada": 4.0, "bueiro": 0.0, "iluminacao": 16.0, "onibus": 0.0, "ciclovia": 0.0, "calcada": 0.0, "obstaculo": null, "rampa": null, "rampa_faces": 0.0, "sem_calcada": 100.0, "sem_arvore": 0.0, "muitas_arvores": 88.0, "vao": 4.0, "V05400": 25, "V05421": 0, "V05406": 1, "V05412": 4, "V05422": 25, "V05424": 0, "V05427": 0, "V05409": 0, "V05415": 0, "V05418": 0, "V05430": 0, "V05433": 22, "criancas_0a4": 0, "em_favela": false }, "geometry": { "type": "Polygon", "coordinates": [ [ [ -46.733523, -23.751521 ], [ -46.732537, -23.749963 ], [ -46.732972, -23.749548 ], [ -46.736503, -23.750568 ], [ -46.739043, -23.750775 ], [ -46.739973, -23.748925 ], [ -46.740124, -23.748278 ], [ -46.74018, -23.74766 ], [ -46.739924, -23.747289 ], [ -46.739635, -23.747147 ], [ -46.739442, -23.746958 ], [ -46.738837, -23.746818 ], [ -46.738564, -23.746709 ], [ -46.738105, -23.746186 ], [ -46.737578, -23.745831 ], [ -46.737291, -23.745834 ], [ -46.736878, -23.746074 ], [ -46.7368, -23.746175 ], [ -46.73675, -23.746455 ], [ -46.736532, -23.746477 ], [ -46.736357, -23.746424 ], [ -46.736294, -23.74628 ], [ -46.736449, -23.746024 ], [ -46.736507, -23.745825 ], [ -46.736513, -23.745142 ], [ -46.736193, -23.74441 ], [ -46.736094, -23.744386 ], [ -46.735461, -23.74459 ], [ -46.735321, -23.744783 ], [ -46.735241, -23.745004 ], [ -46.735051, -23.74529 ], [ -46.734945, -23.745703 ], [ -46.734975, -23.745936 ], [ -46.735254, -23.746365 ], [ -46.735239, -23.746432 ], [ -46.735083, -23.746487 ], [ -46.73465, -23.746454 ], [ -46.734354, -23.746321 ], [ -46.733193, -23.746007 ], [ -46.732973, -23.745866 ], [ -46.732817, -23.74563 ], [ -46.73189, -23.74517 ], [ -46.731658, -23.745177 ], [ -46.731602, -23.745288 ], [ -46.731619, -23.745431 ], [ -46.731825, -23.745911 ], [ -46.731742, -23.746069 ], [ -46.731369, -23.746118 ], [ -46.731018, -23.745965 ], [ -46.730765, -23.745971 ], [ -46.730407, -23.746149 ], [ -46.73017, -23.746442 ], [ -46.729995, -23.746963 ], [ -46.729967, -23.748062 ], [ -46.730004, -23.748921 ], [ -46.729858, -23.749658 ], [ -46.729698, -23.750218 ], [ -46.729589, -23.750416 ], [ -46.729355, -23.751125 ], [ -46.729072, -23.751527 ], [ -46.728843, -23.752723 ], [ -46.728658, -23.753213 ], [ -46.728092, -23.753809 ], [ -46.728028, -23.753947 ], [ -46.728081, -23.754096 ], [ -46.728579, -23.754226 ], [ -46.728688, -23.754283 ], [ -46.728763, -23.754391 ], [ -46.728778, -23.754674 ], [ -46.728894, -23.754953 ], [ -46.729005, -23.755441 ], [ -46.728959, -23.755685 ], [ -46.728866, -23.755678 ], [ -46.728888, -23.755758 ], [ -46.728821, -23.755869 ], [ -46.728699, -23.755911 ], [ -46.728746, -23.755962 ], [ -46.728709, -23.756402 ], [ -46.729045, -23.756471 ], [ -46.729371, -23.756486 ], [ -46.729847, -23.756418 ], [ -46.730182, -23.75647 ], [ -46.73077, -23.756765 ], [ -46.731861, -23.757559 ], [ -46.732341, -23.756188 ], [ -46.732952, -23.753712 ], [ -46.73373, -23.755283 ], [ -46.735055, -23.754489 ], [ -46.733523, -23.751521 ] ] ] } },
{ "type": "Feature", "properties": { "CD_SETOR": "355030855000357", "faces": 29, "pavimentada": 0.0, "bueiro": 0.0, "iluminacao": 0.0, "onibus": 0.0, "ciclovia": 0.0, "calcada": 0.0, "obstaculo": null, "rampa": null, "rampa_faces": 0.0, "sem_calcada": 0.0, "sem_arvore": 0.0, "muitas_arvores": 0.0, "vao": 0.0, "V05400": 29, "V05421": 0, "V05406": 0, "V05412": 0, "V05422": 0, "V05424": 0, "V05427": 0, "V05409": 0, "V05415": 0, "V05418": 0, "V05430": 0, "V05433": 0, "criancas_0a4": 11, "em_favela": false }, "geometry": { "type": "Polygon", "coordinates": [ [ [ -46.718354, -23.793711 ], [ -46.718509, -23.793874 ], [ -46.718587, -23.794056 ], [ -46.71869, -23.794761 ], [ -46.718782, -23.794977 ], [ -46.719211, -23.795509 ], [ -46.719424, -23.795851 ], [ -46.720029, -23.796283 ], [ -46.72001, -23.796555 ], [ -46.720069, -23.797166 ], [ -46.720033, -23.797827 ], [ -46.72047, -23.79957 ], [ -46.720528, -23.799914 ], [ -46.720529, -23.800347 ], [ -46.720897, -23.800571 ], [ -46.721365, -23.800335 ], [ -46.721874, -23.800459 ], [ -46.721895, -23.800717 ], [ -46.722611, -23.800666 ], [ -46.722917, -23.800512 ], [ -46.723128, -23.800498 ], [ -46.722701, -23.799094 ], [ -46.722385, -23.798835 ], [ -46.722241, -23.79864 ], [ -46.722156, -23.797638 ], [ -46.72281, -23.797306 ], [ -46.72301, -23.797051 ], [ -46.723165, -23.796955 ], [ -46.723328, -23.796921 ], [ -46.723625, -23.796657 ], [ -46.723744, -23.796359 ], [ -46.723835, -23.795895 ], [ -46.723187, -23.794512 ], [ -46.723326, -23.793569 ], [ -46.722365, -23.793678 ], [ -46.720461, -23.793526 ], [ -46.719459, -23.793734 ], [ -46.718354, -23.793711 ] ] ] } },
{ "type": "Feature", "properties": { "CD_SETOR": "355030855000359", "faces": 3, "pavimentada": 0.0, "bueiro": 0.0, "iluminacao": 100.0, "onibus": 0.0, "ciclovia": 0.0, "calcada": 0.0, "obstaculo": null, "rampa": null, "rampa_faces": 0.0, "sem_calcada": 100.0, "sem_arvore": 66.67, "muitas_arvores": 0.0, "vao": 0.0, "V05400": 3, "V05421": 0, "V05406": 0, "V05412": 3, "V05422": 3, "V05424": 0, "V05427": 0, "V05409": 0, "V05415": 0, "V05418": 0, "V05430": 2, "V05433": 0, "criancas_0a4": 15, "em_favela": false }, "geometry": { "type": "Polygon", "coordinates": [ [ [ -46.672237, -23.865461 ], [ -46.672966, -23.865571 ], [ -46.673663, -23.865359 ], [ -46.673929, -23.865879 ], [ -46.673974, -23.866131 ], [ -46.674174, -23.866519 ], [ -46.675244, -23.866204 ], [ -46.675132, -23.865891 ], [ -46.674901, -23.865722 ], [ -46.674584, -23.865305 ], [ -46.673957, -23.864184 ], [ -46.673521, -23.864236 ], [ -46.672969, -23.864166 ], [ -46.672901, -23.864549 ], [ -46.672613, -23.864753 ], [ -46.672652, -23.865083 ], [ -46.67232, -23.865038 ], [ -46.672237, -23.865461 ] ] ] } },
{ "type": "Feature", "properties": { "CD_SETOR": "355030855000362", "faces": 5, "pavimentada": 0.0, "bueiro": 0.0, "iluminacao": 20.0, "onibus": 0.0, "ciclovia": 0.0, "calcada": 0.0, "obstaculo": null, "rampa": null, "rampa_faces": 0.0, "sem_calcada": 100.0, "sem_arvore": 20.0, "muitas_arvores": 80.0, "vao": 0.0, "V05400": 5, "V05421": 0, "V05406": 0, "V05412": 1, "V05422": 5, "V05424": 0, "V05427": 0, "V05409": 0, "V05415": 0, "V05418": 0, "V05430": 1, "V05433": 4, "criancas_0a4": 8, "em_favela": false }, "geometry": { "type": "Polygon", "coordinates": [ [ [ -46.63979, -23.875021 ], [ -46.64038, -23.875186 ], [ -46.640864, -23.875225 ], [ -46.641499, -23.875428 ], [ -46.642805, -23.875145 ], [ -46.642635, -23.874451 ], [ -46.642095, -23.874588 ], [ -46.642092, -23.873604 ], [ -46.642392, -23.873509 ], [ -46.642325, -23.873035 ], [ -46.640452, -23.873003 ], [ -46.640267, -23.872953 ], [ -46.640054, -23.873252 ], [ -46.63991, -23.87377 ], [ -46.639999, -23.874598 ], [ -46.63979, -23.875021 ] ] ] } },
{ "type": "Feature", "properties": { "CD_SETOR": "355030855000366", "faces": 1, "pavimentada": 100.0, "bueiro": 100.0, "iluminacao": 100.0, "onibus": 0.0, "ciclovia": 100.0, "calcada": 100.0, "obstaculo": 100.0, "rampa": 0.0, "rampa_faces": 0.0, "sem_calcada": 0.0, "sem_arvore": 100.0, "muitas_arvores": 0.0, "vao": 100.0, "V05400": 1, "V05421": 1, "V05406": 1, "V05412": 1, "V05422": 0, "V05424": 1, "V05427": 0, "V05409": 1, "V05415": 0, "V05418": 1, "V05430": 1, "V05433": 0, "criancas_0a4": 0, "em_favela": true }, "geometry": { "type": "Polygon", "coordinates": [ [ [ -46.706777, -23.8138 ], [ -46.706904, -23.814015 ], [ -46.707129, -23.813883 ], [ -46.707664, -23.813755 ], [ -46.707352, -23.813513 ], [ -46.707147, -23.81355 ], [ -46.706789, -23.813507 ], [ -46.706144, -23.81363 ], [ -46.705996, -23.813769 ], [ -46.706011, -23.813844 ], [ -46.706065, -23.813794 ], [ -46.706283, -23.813777 ], [ -46.706363, -23.81396 ], [ -46.706777, -23.8138 ] ] ] } },
{ "type": "Feature", "properties": { "CD_SETOR": "355030855000367", "faces": 13, "pavimentada": 0.0, "bueiro": 0.0, "iluminacao": 61.54, "onibus": 7.69, "ciclovia": 0.0, "calcada": 0.0, "obstaculo": null, "rampa": null, "rampa_faces": 0.0, "sem_calcada": 100.0, "sem_arvore": 7.69, "muitas_arvores": 69.23, "vao": 0.0, "V05400": 13, "V05421": 0, "V05406": 0, "V05412": 8, "V05422": 13, "V05424": 0, "V05427": 0, "V05409": 0, "V05415": 1, "V05418": 0, "V05430": 1, "V05433": 9, "criancas_0a4": 21, "em_favela": false }, "geometry": { "type": "Polygon", "coordinates": [ [ [ -46.771202, -23.809896 ], [ -46.77059, -23.81072 ], [ -46.772198, -23.811181 ], [ -46.773419, -23.811091 ], [ -46.773747, -23.811013 ], [ -46.774432, -23.810687 ], [ -46.774621, -23.810422 ], [ -46.773705, -23.809511 ], [ -46.772438, -23.80971 ], [ -46.771565, -23.809531 ], [ -46.771202, -23.809896 ] ] ] } },
{ "type": "Feature", "properties": { "CD_SETOR": "355030855000369", "faces": 6, "pavimentada": 66.67, "bueiro": 50.0, "iluminacao": 66.67, "onibus": 16.67, "ciclovia": 0.0, "calcada": 33.33, "obstaculo": 100.0, "rampa": 0.0, "rampa_faces": 0.0, "sem_calcada": 66.67, "sem_arvore": 50.0, "muitas_arvores": 16.67, "vao": 66.67, "V05400": 6, "V05421": 2, "V05406": 4, "V05412": 4, "V05422": 4, "V05424": 2, "V05427": 0, "V05409": 3, "V05415": 1, "V05418": 0, "V05430": 3, "V05433": 1, "criancas_0a4": 4, "em_favela": false }, "geometry": { "type": "Polygon", "coordinates": [ [ [ -46.750131, -23.867193 ], [ -46.750265, -23.868157 ], [ -46.750257, -23.868321 ], [ -46.750193, -23.868456 ], [ -46.750688, -23.868547 ], [ -46.751791, -23.868917 ], [ -46.752045, -23.868279 ], [ -46.752286, -23.868026 ], [ -46.750752, -23.86789 ], [ -46.750652, -23.867471 ], [ -46.750806, -23.867141 ], [ -46.750652, -23.867047 ], [ -46.750406, -23.867047 ], [ -46.750217, -23.867081 ], [ -46.750131, -23.867193 ] ] ] } },
{ "type": "Feature", "properties": { "CD_SETOR": "355030855000376", "faces": 5, "pavimentada": 0.0, "bueiro": 0.0, "iluminacao": 40.0, "onibus": 20.0, "ciclovia": 0.0, "calcada": 0.0, "obstaculo": null, "rampa": null, "rampa_faces": 0.0, "sem_calcada": 100.0, "sem_arvore": 20.0, "muitas_arvores": 40.0, "vao": 0.0, "V05400": 5, "V05421": 0, "V05406": 0, "V05412": 2, "V05422": 5, "V05424": 0, "V05427": 0, "V05409": 0, "V05415": 1, "V05418": 0, "V05430": 1, "V05433": 2, "criancas_0a4": 0, "em_favela": false }, "geometry": { "type": "Polygon", "coordinates": [ [ [ -46.755162, -23.822162 ], [ -46.755333, -23.822196 ], [ -46.755803, -23.822508 ], [ -46.756294, -23.822714 ], [ -46.757142, -23.822876 ], [ -46.757906, -23.822889 ], [ -46.758475, -23.82309 ], [ -46.758982, -23.823134 ], [ -46.759215, -23.823089 ], [ -46.759393, -23.82304 ], [ -46.75978, -23.822822 ], [ -46.759816, -23.822725 ], [ -46.759532, -23.82236 ], [ -46.758004, -23.820787 ], [ -46.756364, -23.822079 ], [ -46.75537, -23.821662 ], [ -46.755208, -23.821798 ], [ -46.75529, -23.821975 ], [ -46.755162, -23.822162 ] ] ] } },
{ "type": "Feature", "properties": { "CD_SETOR": "355030855000386", "faces": 22, "pavimentada": 0.0, "bueiro": 0.0, "iluminacao": 68.18, "onibus": 0.0, "ciclovia": 0.0, "calcada": 0.0, "obstaculo": null, "rampa": null, "rampa_faces": 0.0, "sem_calcada": 100.0, "sem_arvore": 4.55, "muitas_arvores": 54.55, "vao": 0.0, "V05400": 22, "V05421": 0, "V05406": 0, "V05412": 15, "V05422": 22, "V05424": 0, "V05427": 0, "V05409": 0, "V05415": 0, "V05418": 0, "V05430": 1, "V05433": 12, "criancas_0a4": 4, "em_favela": false }, "geometry": { "type": "Polygon", "coordinates": [ [ [ -46.756948, -23.839755 ], [ -46.756156, -23.839707 ], [ -46.75491, -23.839785 ], [ -46.7543, -23.839995 ], [ -46.753819, -23.839973 ], [ -46.753077, -23.840158 ], [ -46.752818, -23.840779 ], [ -46.752816, -23.840896 ], [ -46.752901, -23.841287 ], [ -46.753449, -23.840929 ], [ -46.754269, -23.840645 ], [ -46.755011, -23.840487 ], [ -46.755351, -23.840467 ], [ -46.755997, -23.840575 ], [ -46.75641, -23.841383 ], [ -46.755607, -23.843437 ], [ -46.75506, -23.844476 ], [ -46.755463, -23.845121 ], [ -46.755592, -23.845463 ], [ -46.755787, -23.84567 ], [ -46.755531, -23.846041 ], [ -46.755524, -23.846593 ], [ -46.75547, -23.846784 ], [ -46.755146, -23.847051 ], [ -46.75506, -23.847197 ], [ -46.75505, -23.84755 ], [ -46.755174, -23.847697 ], [ -46.75541, -23.847718 ], [ -46.755629, -23.847807 ], [ -46.755974, -23.848128 ], [ -46.756112, -23.848144 ], [ -46.756455, -23.848 ], [ -46.756658, -23.847985 ], [ -46.757817, -23.84848 ], [ -46.758291, -23.848194 ], [ -46.758346, -23.848122 ], [ -46.758431, -23.847652 ], [ -46.75859, -23.847441 ], [ -46.758881, -23.84725 ], [ -46.759378, -23.847078 ], [ -46.759684, -23.847018 ], [ -46.760303, -23.847002 ], [ -46.760811, -23.846843 ], [ -46.762184, -23.845304 ], [ -46.76232, -23.844904 ], [ -46.762397, -23.844901 ], [ -46.762509, -23.844756 ], [ -46.763366, -23.844108 ], [ -46.763229, -23.843908 ], [ -46.762742, -23.843573 ], [ -46.762146, -23.843017 ], [ -46.763195, -23.842231 ], [ -46.762777, -23.841808 ], [ -46.761823, -23.842568 ], [ -46.761553, -23.842477 ], [ -46.76113, -23.8422 ], [ -46.761361, -23.842029 ], [ -46.761244, -23.841689 ], [ -46.761053, -23.84145 ], [ -46.760723, -23.841475 ], [ -46.760397, -23.841946 ], [ -46.759732, -23.841544 ], [ -46.759687, -23.841219 ], [ -46.759739, -23.840968 ], [ -46.75948, -23.84096 ], [ -46.759104, -23.840855 ], [ -46.759117, -23.840282 ], [ -46.759298, -23.839802 ], [ -46.759225, -23.839038 ], [ -46.759384, -23.838463 ], [ -46.758453, -23.83878 ], [ -46.758071, -23.839701 ], [ -46.75766, -23.840107 ], [ -46.756929, -23.840135 ], [ -46.756948, -23.839755 ] ] ] } },
{ "type": "Feature", "properties": { "CD_SETOR": "355030855000387", "faces": 32, "pavimentada": 0.0, "bueiro": 0.0, "iluminacao": 37.5, "onibus": 0.0, "ciclovia": 0.0, "calcada": 3.12, "obstaculo": 100.0, "rampa": 0.0, "rampa_faces": 0.0, "sem_calcada": 96.88, "sem_arvore": 0.0, "muitas_arvores": 59.38, "vao": 0.0, "V05400": 32, "V05421": 1, "V05406": 0, "V05412": 12, "V05422": 31, "V05424": 1, "V05427": 0, "V05409": 0, "V05415": 0, "V05418": 0, "V05430": 0, "V05433": 19, "criancas_0a4": 4, "em_favela": false }, "geometry": { "type": "Polygon", "coordinates": [ [ [ -46.772733, -23.846511 ], [ -46.772712, -23.846621 ], [ -46.772897, -23.848402 ], [ -46.772445, -23.84835 ], [ -46.771901, -23.848485 ], [ -46.771781, -23.848845 ], [ -46.771801, -23.84916 ], [ -46.772328, -23.8501 ], [ -46.773134, -23.850879 ], [ -46.773239, -23.851724 ], [ -46.772773, -23.851829 ], [ -46.772426, -23.852708 ], [ -46.772722, -23.85269 ], [ -46.773388, -23.852396 ], [ -46.773714, -23.852334 ], [ -46.774116, -23.852086 ], [ -46.774411, -23.851997 ], [ -46.77494, -23.852126 ], [ -46.775158, -23.851795 ], [ -46.775471, -23.851632 ], [ -46.776094, -23.851702 ], [ -46.776298, -23.85164 ], [ -46.776705, -23.85126 ], [ -46.777613, -23.850245 ], [ -46.778574, -23.847989 ], [ -46.778763, -23.847582 ], [ -46.778847, -23.847493 ], [ -46.778613, -23.846464 ], [ -46.77862, -23.845844 ], [ -46.778316, -23.845103 ], [ -46.778193, -23.844922 ], [ -46.777984, -23.844749 ], [ -46.777814, -23.84469 ], [ -46.776864, -23.844733 ], [ -46.774523, -23.84602 ], [ -46.772733, -23.846511 ] ] ] } },
{ "type": "Feature", "properties": { "CD_SETOR": "355030855000388", "faces": 5, "pavimentada": 60.0, "bueiro": 20.0, "iluminacao": 80.0, "onibus": 40.0, "ciclovia": 20.0, "calcada": 40.0, "obstaculo": 100.0, "rampa": 0.0, "rampa_faces": 0.0, "sem_calcada": 60.0, "sem_arvore": 60.0, "muitas_arvores": 0.0, "vao": 60.0, "V05400": 5, "V05421": 2, "V05406": 3, "V05412": 4, "V05422": 3, "V05424": 2, "V05427": 0, "V05409": 1, "V05415": 2, "V05418": 1, "V05430": 3, "V05433": 0, "criancas_0a4": 0, "em_favela": false }, "geometry": { "type": "Polygon", "coordinates": [ [ [ -46.755284, -23.85337 ], [ -46.755698, -23.853914 ], [ -46.756065, -23.854161 ], [ -46.756289, -23.854379 ], [ -46.756485, -23.854481 ], [ -46.758912, -23.85473 ], [ -46.758442, -23.853708 ], [ -46.758043, -23.853426 ], [ -46.757294, -23.853339 ], [ -46.758048, -23.852222 ], [ -46.756743, -23.850761 ], [ -46.75626, -23.851972 ], [ -46.755721, -23.8528 ], [ -46.755651, -23.853148 ], [ -46.755284, -23.85337 ] ] ] } },
{ "type": "Feature", "properties": { "CD_SETOR": "355030855000390", "faces": 105, "pavimentada": 0.0, "bueiro": 0.0, "iluminacao": 99.05, "onibus": 0.0, "ciclovia": 0.0, "calcada": 0.0, "obstaculo": null, "rampa": null, "rampa_faces": 0.0, "sem_calcada": 100.0, "sem_arvore": 1.9, "muitas_arvores": 0.0, "vao": 0.0, "V05400": 105, "V05421": 0, "V05406": 0, "V05412": 104, "V05422": 105, "V05424": 0, "V05427": 0, "V05409": 0, "V05415": 0, "V05418": 0, "V05430": 2, "V05433": 0, "criancas_0a4": 0, "em_favela": false }, "geometry": { "type": "Polygon", "coordinates": [ [ [ -46.656455, -23.880517 ], [ -46.657015, -23.88129 ], [ -46.656575, -23.883637 ], [ -46.657447, -23.884175 ], [ -46.661786, -23.882325 ], [ -46.664105, -23.881021 ], [ -46.666139, -23.879092 ], [ -46.665501, -23.873761 ], [ -46.664537, -23.873725 ], [ -46.664547, -23.87409 ], [ -46.661452, -23.873996 ], [ -46.660993, -23.874107 ], [ -46.660731, -23.874289 ], [ -46.66086, -23.875355 ], [ -46.659158, -23.875598 ], [ -46.658872, -23.87548 ], [ -46.658614, -23.875259 ], [ -46.658266, -23.874641 ], [ -46.657793, -23.874085 ], [ -46.655468, -23.875189 ], [ -46.654297, -23.87595 ], [ -46.653509, -23.876602 ], [ -46.655886, -23.87684 ], [ -46.656349, -23.877224 ], [ -46.656481, -23.877284 ], [ -46.656576, -23.877471 ], [ -46.657015, -23.877918 ], [ -46.656455, -23.880517 ] ] ] } },
{ "type": "Feature", "properties": { "CD_SETOR": "355030855000391", "faces": 7, "pavimentada": 28.57, "bueiro": 0.0, "iluminacao": 100.0, "onibus": 0.0, "ciclovia": 0.0, "calcada": 28.57, "obstaculo": 100.0, "rampa": 0.0, "rampa_faces": 0.0, "sem_calcada": 71.43, "sem_arvore": 14.29, "muitas_arvores": 42.86, "vao": 28.57, "V05400": 7, "V05421": 2, "V05406": 2, "V05412": 7, "V05422": 5, "V05424": 2, "V05427": 0, "V05409": 0, "V05415": 0, "V05418": 0, "V05430": 1, "V05433": 3, "criancas_0a4": 31, "em_favela": false }, "geometry": { "type": "Polygon", "coordinates": [ [ [ -46.692692, -23.857507 ], [ -46.693012, -23.857501 ], [ -46.692968, -23.857341 ], [ -46.693036, -23.856846 ], [ -46.692963, -23.856714 ], [ -46.693162, -23.85516 ], [ -46.692456, -23.855568 ], [ -46.692099, -23.855463 ], [ -46.691472, -23.855806 ], [ -46.691097, -23.855953 ], [ -46.689698, -23.856267 ], [ -46.689348, -23.856307 ], [ -46.689129, -23.856453 ], [ -46.688886, -23.856754 ], [ -46.688583, -23.857293 ], [ -46.688333, -23.857445 ], [ -46.688222, -23.857655 ], [ -46.688187, -23.857873 ], [ -46.688371, -23.85805 ], [ -46.6884, -23.858288 ], [ -46.688694, -23.858918 ], [ -46.689286, -23.859196 ], [ -46.68971, -23.85922 ], [ -46.690271, -23.859033 ], [ -46.690712, -23.8588 ], [ -46.691105, -23.858666 ], [ -46.691474, -23.8586 ], [ -46.69189, -23.858659 ], [ -46.692032, -23.858137 ], [ -46.692134, -23.858018 ], [ -46.692194, -23.857839 ], [ -46.692692, -23.857507 ] ] ] } },
{ "type": "Feature", "properties": { "CD_SETOR": "355030855000398", "faces": 2, "pavimentada": 0.0, "bueiro": 0.0, "iluminacao": 50.0, "onibus": 0.0, "ciclovia": 0.0, "calcada": 0.0, "obstaculo": null, "rampa": null, "rampa_faces": 0.0, "sem_calcada": 100.0, "sem_arvore": 100.0, "muitas_arvores": 0.0, "vao": 0.0, "V05400": 2, "V05421": 0, "V05406": 0, "V05412": 1, "V05422": 2, "V05424": 0, "V05427": 0, "V05409": 0, "V05415": 0, "V05418": 0, "V05430": 2, "V05433": 0, "criancas_0a4": 20, "em_favela": false }, "geometry": { "type": "Polygon", "coordinates": [ [ [ -46.737604, -23.815506 ], [ -46.738951, -23.81572 ], [ -46.740404, -23.815537 ], [ -46.740424, -23.815318 ], [ -46.738834, -23.815409 ], [ -46.737763, -23.815294 ], [ -46.737604, -23.815506 ] ] ] } },
{ "type": "Feature", "properties": { "CD_SETOR": "355030855000403", "faces": 25, "pavimentada": 0.0, "bueiro": 0.0, "iluminacao": 64.0, "onibus": 8.0, "ciclovia": 0.0, "calcada": 0.0, "obstaculo": null, "rampa": null, "rampa_faces": 0.0, "sem_calcada": 100.0, "sem_arvore": 8.0, "muitas_arvores": 40.0, "vao": 0.0, "V05400": 25, "V05421": 0, "V05406": 0, "V05412": 16, "V05422": 25, "V05424": 0, "V05427": 0, "V05409": 0, "V05415": 2, "V05418": 0, "V05430": 2, "V05433": 10, "criancas_0a4": 30, "em_favela": false }, "geometry": { "type": "Polygon", "coordinates": [ [ [ -46.755162, -23.822162 ], [ -46.754467, -23.822432 ], [ -46.755015, -23.822801 ], [ -46.755409, -23.823207 ], [ -46.753923, -23.823619 ], [ -46.752887, -23.823689 ], [ -46.751612, -23.823896 ], [ -46.751857, -23.824747 ], [ -46.752177, -23.825272 ], [ -46.752635, -23.825854 ], [ -46.755316, -23.825225 ], [ -46.755259, -23.823861 ], [ -46.755392, -23.823808 ], [ -46.755491, -23.823697 ], [ -46.755489, -23.82339 ], [ -46.756357, -23.823446 ], [ -46.756867, -23.823051 ], [ -46.757182, -23.823495 ], [ -46.757103, -23.824632 ], [ -46.757146, -23.825155 ], [ -46.758026, -23.827112 ], [ -46.758091, -23.827223 ], [ -46.759218, -23.827515 ], [ -46.759522, -23.826441 ], [ -46.759591, -23.825891 ], [ -46.760099, -23.824937 ], [ -46.760137, -23.823777 ], [ -46.759727, -23.822955 ], [ -46.75978, -23.822822 ], [ -46.759393, -23.82304 ], [ -46.759104, -23.823118 ], [ -46.758475, -23.82309 ], [ -46.757906, -23.822889 ], [ -46.757142, -23.822876 ], [ -46.756294, -23.822714 ], [ -46.755803, -23.822508 ], [ -46.755333, -23.822196 ], [ -46.755162, -23.822162 ] ] ] } },
{ "type": "Feature", "properties": { "CD_SETOR": "355030855000405", "faces": 7, "pavimentada": 14.29, "bueiro": 0.0, "iluminacao": 71.43, "onibus": 14.29, "ciclovia": 0.0, "calcada": 0.0, "obstaculo": null, "rampa": null, "rampa_faces": 0.0, "sem_calcada": 100.0, "sem_arvore": 28.57, "muitas_arvores": 42.86, "vao": 14.29, "V05400": 7, "V05421": 0, "V05406": 1, "V05412": 5, "V05422": 7, "V05424": 0, "V05427": 0, "V05409": 0, "V05415": 1, "V05418": 0, "V05430": 2, "V05433": 3, "criancas_0a4": 15, "em_favela": false }, "geometry": { "type": "Polygon", "coordinates": [ [ [ -46.661248, -23.867341 ], [ -46.660866, -23.867879 ], [ -46.662465, -23.868307 ], [ -46.662422, -23.868853 ], [ -46.66285, -23.86915 ], [ -46.662565, -23.869594 ], [ -46.662553, -23.869701 ], [ -46.662708, -23.869748 ], [ -46.663172, -23.869744 ], [ -46.664284, -23.869706 ], [ -46.664336, -23.869669 ], [ -46.66418, -23.869302 ], [ -46.663678, -23.868967 ], [ -46.663662, -23.868904 ], [ -46.663956, -23.868484 ], [ -46.663956, -23.868418 ], [ -46.663831, -23.868247 ], [ -46.663508, -23.867351 ], [ -46.663235, -23.866362 ], [ -46.663078, -23.866253 ], [ -46.663072, -23.866103 ], [ -46.662839, -23.866311 ], [ -46.662307, -23.86649 ], [ -46.66197, -23.866716 ], [ -46.661638, -23.867046 ], [ -46.661248, -23.867341 ] ] ] } },
{ "type": "Feature", "properties": { "CD_SETOR": "355030855000437", "faces": 11, "pavimentada": 9.09, "bueiro": 45.45, "iluminacao": 90.91, "onibus": 9.09, "ciclovia": 0.0, "calcada": 9.09, "obstaculo": 0.0, "rampa": 0.0, "rampa_faces": 0.0, "sem_calcada": 90.91, "sem_arvore": 100.0, "muitas_arvores": 0.0, "vao": 9.09, "V05400": 11, "V05421": 1, "V05406": 1, "V05412": 10, "V05422": 10, "V05424": 0, "V05427": 0, "V05409": 5, "V05415": 1, "V05418": 0, "V05430": 11, "V05433": 0, "criancas_0a4": 12, "em_favela": false }, "geometry": { "type": "Polygon", "coordinates": [ [ [ -46.713906, -23.781326 ], [ -46.713784, -23.781869 ], [ -46.713599, -23.782325 ], [ -46.713437, -23.783098 ], [ -46.713456, -23.78352 ], [ -46.713568, -23.783907 ], [ -46.713832, -23.783897 ], [ -46.714159, -23.784157 ], [ -46.714381, -23.784418 ], [ -46.714447, -23.784685 ], [ -46.715162, -23.784494 ], [ -46.715131, -23.784956 ], [ -46.715447, -23.784869 ], [ -46.715444, -23.784607 ], [ -46.716641, -23.784256 ], [ -46.716606, -23.784117 ], [ -46.716443, -23.784154 ], [ -46.716356, -23.783604 ], [ -46.716404, -23.783429 ], [ -46.716393, -23.782732 ], [ -46.715234, -23.782461 ], [ -46.714163, -23.781405 ], [ -46.713906, -23.781326 ] ] ] } },
{ "type": "Feature", "properties": { "CD_SETOR": "355030855000450", "faces": 11, "pavimentada": 100.0, "bueiro": 63.64, "iluminacao": 100.0, "onibus": 0.0, "ciclovia": 0.0, "calcada": 81.82, "obstaculo": 100.0, "rampa": 0.0, "rampa_faces": 0.0, "sem_calcada": 18.18, "sem_arvore": 45.45, "muitas_arvores": 0.0, "vao": 100.0, "V05400": 11, "V05421": 9, "V05406": 11, "V05412": 11, "V05422": 2, "V05424": 9, "V05427": 0, "V05409": 7, "V05415": 0, "V05418": 0, "V05430": 5, "V05433": 0, "criancas_0a4": 21, "em_favela": false }, "geometry": { "type": "Polygon", "coordinates": [ [ [ -46.713371, -23.771397 ], [ -46.713431, -23.771496 ], [ -46.713554, -23.771451 ], [ -46.715368, -23.771299 ], [ -46.715305, -23.769897 ], [ -46.714675, -23.770574 ], [ -46.713371, -23.771397 ] ] ] } },
{ "type": "Feature", "properties": { "CD_SETOR": "355030855000451", "faces": 12, "pavimentada": 100.0, "bueiro": 66.67, "iluminacao": 100.0, "onibus": 8.33, "ciclovia": 0.0, "calcada": 100.0, "obstaculo": 100.0, "rampa": 8.33, "rampa_faces": 8.33, "sem_calcada": 0.0, "sem_arvore": 33.33, "muitas_arvores": 0.0, "vao": 91.67, "V05400": 12, "V05421": 12, "V05406": 12, "V05412": 12, "V05422": 0, "V05424": 12, "V05427": 1, "V05409": 8, "V05415": 1, "V05418": 0, "V05430": 4, "V05433": 0, "criancas_0a4": 37, "em_favela": false }, "geometry": { "type": "Polygon", "coordinates": [ [ [ -46.712522, -23.771225 ], [ -46.713041, -23.772011 ], [ -46.713117, -23.772254 ], [ -46.713856, -23.77193 ], [ -46.714177, -23.771897 ], [ -46.714619, -23.77194 ], [ -46.714583, -23.772459 ], [ -46.714892, -23.772777 ], [ -46.716469, -23.773765 ], [ -46.716856, -23.773384 ], [ -46.71642, -23.773023 ], [ -46.716841, -23.772558 ], [ -46.715584, -23.771574 ], [ -46.71544, -23.771564 ], [ -46.715365, -23.771446 ], [ -46.715368, -23.771299 ], [ -46.713554, -23.771451 ], [ -46.713431, -23.771496 ], [ -46.71304, -23.77092 ], [ -46.712522, -23.771225 ] ] ] } },
{ "type": "Feature", "properties": { "CD_SETOR": "355030855000452", "faces": 12, "pavimentada": 100.0, "bueiro": 100.0, "iluminacao": 100.0, "onibus": 8.33, "ciclovia": 0.0, "calcada": 83.33, "obstaculo": 60.0, "rampa": 50.0, "rampa_faces": 41.67, "sem_calcada": 16.67, "sem_arvore": 50.0, "muitas_arvores": 16.67, "vao": 58.33, "V05400": 12, "V05421": 10, "V05406": 12, "V05412": 12, "V05422": 2, "V05424": 6, "V05427": 5, "V05409": 12, "V05415": 1, "V05418": 0, "V05430": 6, "V05433": 2, "criancas_0a4": 45, "em_favela": false }, "geometry": { "type": "Polygon", "coordinates": [ [ [ -46.71193, -23.768437 ], [ -46.711988, -23.774506 ], [ -46.711963, -23.775241 ], [ -46.711883, -23.775864 ], [ -46.712893, -23.776238 ], [ -46.714047, -23.776324 ], [ -46.713726, -23.77523 ], [ -46.71401, -23.77191 ], [ -46.713804, -23.771947 ], [ -46.713117, -23.772254 ], [ -46.713041, -23.772011 ], [ -46.712522, -23.771225 ], [ -46.712355, -23.771313 ], [ -46.712193, -23.771061 ], [ -46.712361, -23.769205 ], [ -46.712238, -23.769097 ], [ -46.712279, -23.768559 ], [ -46.71193, -23.768437 ] ] ] } },
{ "type": "Feature", "properties": { "CD_SETOR": "355030855000453", "faces": 8, "pavimentada": 100.0, "bueiro": 75.0, "iluminacao": 100.0, "onibus": 0.0, "ciclovia": 0.0, "calcada": 62.5, "obstaculo": 100.0, "rampa": 0.0, "rampa_faces": 0.0, "sem_calcada": 37.5, "sem_arvore": 75.0, "muitas_arvores": 0.0, "vao": 100.0, "V05400": 8, "V05421": 5, "V05406": 8, "V05412": 8, "V05422": 3, "V05424": 5, "V05427": 0, "V05409": 6, "V05415": 0, "V05418": 0, "V05430": 6, "V05433": 0, "criancas_0a4": 20, "em_favela": false }, "geometry": { "type": "Polygon", "coordinates": [ [ [ -46.71401, -23.77191 ], [ -46.713726, -23.77523 ], [ -46.713755, -23.775309 ], [ -46.713844, -23.77536 ], [ -46.714352, -23.775054 ], [ -46.714624, -23.772005 ], [ -46.71458, -23.771931 ], [ -46.71401, -23.77191 ] ] ] } },
{ "type": "Feature", "properties": { "CD_SETOR": "355030855000454", "faces": 7, "pavimentada": 100.0, "bueiro": 100.0, "iluminacao": 100.0, "onibus": 0.0, "ciclovia": 0.0, "calcada": 100.0, "obstaculo": 100.0, "rampa": 0.0, "rampa_faces": 0.0, "sem_calcada": 0.0, "sem_arvore": 42.86, "muitas_arvores": 42.86, "vao": 100.0, "V05400": 7, "V05421": 7, "V05406": 7, "V05412": 7, "V05422": 0, "V05424": 7, "V05427": 0, "V05409": 7, "V05415": 0, "V05418": 0, "V05430": 3, "V05433": 3, "criancas_0a4": 24, "em_favela": false }, "geometry": { "type": "Polygon", "coordinates": [ [ [ -46.713786, -23.775339 ], [ -46.714047, -23.776324 ], [ -46.714162, -23.776339 ], [ -46.714944, -23.775784 ], [ -46.71493, -23.775301 ], [ -46.715488, -23.774785 ], [ -46.715721, -23.774649 ], [ -46.716168, -23.774602 ], [ -46.716237, -23.774554 ], [ -46.716273, -23.774355 ], [ -46.716119, -23.774077 ], [ -46.716147, -23.77401 ], [ -46.716469, -23.773765 ], [ -46.714892, -23.772777 ], [ -46.714583, -23.772459 ], [ -46.714352, -23.775054 ], [ -46.713942, -23.775332 ], [ -46.713786, -23.775339 ] ] ] } },
{ "type": "Feature", "properties": { "CD_SETOR": "355030855000455", "faces": 3, "pavimentada": 100.0, "bueiro": 100.0, "iluminacao": 100.0, "onibus": 33.33, "ciclovia": 33.33, "calcada": 100.0, "obstaculo": 100.0, "rampa": 0.0, "rampa_faces": 0.0, "sem_calcada": 0.0, "sem_arvore": 33.33, "muitas_arvores": 33.33, "vao": 100.0, "V05400": 3, "V05421": 3, "V05406": 3, "V05412": 3, "V05422": 0, "V05424": 3, "V05427": 0, "V05409": 3, "V05415": 1, "V05418": 1, "V05430": 1, "V05433": 1, "criancas_0a4": 41, "em_favela": false }, "geometry": { "type": "Polygon", "coordinates": [ [ [ -46.724347, -23.768293 ], [ -46.721293, -23.7708 ], [ -46.721215, -23.770797 ], [ -46.721368, -23.770993 ], [ -46.721678, -23.77123 ], [ -46.724787, -23.76868 ], [ -46.724474, -23.768352 ], [ -46.724347, -23.768293 ] ] ] } },
{ "type": "Feature", "properties": { "CD_SETOR": "355030855000456", "faces": 9, "pavimentada": 100.0, "bueiro": 44.44, "iluminacao": 100.0, "onibus": 0.0, "ciclovia": 0.0, "calcada": 100.0, "obstaculo": 100.0, "rampa": 0.0, "rampa_faces": 0.0, "sem_calcada": 0.0, "sem_arvore": 33.33, "muitas_arvores": 11.11, "vao": 100.0, "V05400": 9, "V05421": 9, "V05406": 9, "V05412": 9, "V05422": 0, "V05424": 9, "V05427": 0, "V05409": 4, "V05415": 0, "V05418": 0, "V05430": 3, "V05433": 1, "criancas_0a4": 27, "em_favela": false }, "geometry": { "type": "Polygon", "coordinates": [ [ [ -46.718225, -23.768785 ], [ -46.718414, -23.769163 ], [ -46.719101, -23.770114 ], [ -46.719912, -23.771056 ], [ -46.720043, -23.77139 ], [ -46.721368, -23.770993 ], [ -46.72113, -23.770742 ], [ -46.72052, -23.770914 ], [ -46.719712, -23.769958 ], [ -46.718812, -23.768681 ], [ -46.718225, -23.768785 ] ] ] } },
{ "type": "Feature", "properties": { "CD_SETOR": "355030855000457", "faces": 6, "pavimentada": 100.0, "bueiro": 66.67, "iluminacao": 100.0, "onibus": 33.33, "ciclovia": 0.0, "calcada": 100.0, "obstaculo": 50.0, "rampa": 0.0, "rampa_faces": 0.0, "sem_calcada": 0.0, "sem_arvore": 50.0, "muitas_arvores": 16.67, "vao": 100.0, "V05400": 6, "V05421": 6, "V05406": 6, "V05412": 6, "V05422": 0, "V05424": 3, "V05427": 0, "V05409": 4, "V05415": 2, "V05418": 0, "V05430": 3, "V05433": 1, "criancas_0a4": 26, "em_favela": false }, "geometry": { "type": "Polygon", "coordinates": [ [ [ -46.71811, -23.768547 ], [ -46.718188, -23.7688 ], [ -46.719429, -23.768584 ], [ -46.719941, -23.768111 ], [ -46.720516, -23.767339 ], [ -46.721265, -23.767606 ], [ -46.722837, -23.767587 ], [ -46.722918, -23.767114 ], [ -46.722479, -23.767031 ], [ -46.721702, -23.767085 ], [ -46.7213, -23.767052 ], [ -46.720487, -23.766824 ], [ -46.719664, -23.767981 ], [ -46.7193, -23.768271 ], [ -46.71811, -23.768547 ] ] ] } },
{ "type": "Feature", "properties": { "CD_SETOR": "355030855000458", "faces": 11, "pavimentada": 100.0, "bueiro": 54.55, "iluminacao": 100.0, "onibus": 0.0, "ciclovia": 0.0, "calcada": 100.0, "obstaculo": 81.82, "rampa": 0.0, "rampa_faces": 0.0, "sem_calcada": 0.0, "sem_arvore": 36.36, "muitas_arvores": 0.0, "vao": 100.0, "V05400": 11, "V05421": 11, "V05406": 11, "V05412": 11, "V05422": 0, "V05424": 9, "V05427": 0, "V05409": 6, "V05415": 0, "V05418": 0, "V05430": 4, "V05433": 0, "criancas_0a4": 19, "em_favela": false }, "geometry": { "type": "Polygon", "coordinates": [ [ [ -46.720162, -23.767816 ], [ -46.721055, -23.768797 ], [ -46.721476, -23.768467 ], [ -46.72167, -23.768679 ], [ -46.722749, -23.767793 ], [ -46.722837, -23.767587 ], [ -46.721265, -23.767606 ], [ -46.720516, -23.767339 ], [ -46.720162, -23.767816 ] ] ] } },
{ "type": "Feature", "properties": { "CD_SETOR": "355030855000459", "faces": 12, "pavimentada": 100.0, "bueiro": 50.0, "iluminacao": 100.0, "onibus": 0.0, "ciclovia": 0.0, "calcada": 100.0, "obstaculo": 66.67, "rampa": 0.0, "rampa_faces": 0.0, "sem_calcada": 0.0, "sem_arvore": 58.33, "muitas_arvores": 0.0, "vao": 100.0, "V05400": 12, "V05421": 12, "V05406": 12, "V05412": 12, "V05422": 0, "V05424": 8, "V05427": 0, "V05409": 6, "V05415": 0, "V05418": 0, "V05430": 7, "V05433": 0, "criancas_0a4": 33, "em_favela": false }, "geometry": { "type": "Polygon", "coordinates": [ [ [ -46.718812, -23.768681 ], [ -46.719712, -23.769958 ], [ -46.720297, -23.769776 ], [ -46.720142, -23.76957 ], [ -46.721055, -23.768797 ], [ -46.720162, -23.767816 ], [ -46.719941, -23.768111 ], [ -46.719429, -23.768584 ], [ -46.718812, -23.768681 ] ] ] } },
{ "type": "Feature", "properties": { "CD_SETOR": "355030855000460", "faces": 18, "pavimentada": 100.0, "bueiro": 72.22, "iluminacao": 100.0, "onibus": 38.89, "ciclovia": 0.0, "calcada": 88.89, "obstaculo": 50.0, "rampa": 31.25, "rampa_faces": 27.78, "sem_calcada": 11.11, "sem_arvore": 5.56, "muitas_arvores": 83.33, "vao": 72.22, "V05400": 18, "V05421": 16, "V05406": 18, "V05412": 18, "V05422": 2, "V05424": 8, "V05427": 5, "V05409": 13, "V05415": 7, "V05418": 0, "V05430": 1, "V05433": 15, "criancas_0a4": 8, "em_favela": false }, "geometry": { "type": "Polygon", "coordinates": [ [ [ -46.715365, -23.768947 ], [ -46.715976, -23.768798 ], [ -46.716188, -23.768797 ], [ -46.716452, -23.768837 ], [ -46.716785, -23.769057 ], [ -46.71669, -23.769148 ], [ -46.716056, -23.769377 ], [ -46.716239, -23.77008 ], [ -46.715954, -23.77017 ], [ -46.715845, -23.771053 ], [ -46.715987, -23.77112 ], [ -46.717154, -23.770437 ], [ -46.717195, -23.770594 ], [ -46.717371, -23.770795 ], [ -46.717637, -23.77104 ], [ -46.718094, -23.771313 ], [ -46.717999, -23.771348 ], [ -46.718024, -23.77137 ], [ -46.718925, -23.771855 ], [ -46.718993, -23.771757 ], [ -46.71983, -23.772441 ], [ -46.719666, -23.772077 ], [ -46.718299, -23.770407 ], [ -46.717956, -23.769833 ], [ -46.717612, -23.768858 ], [ -46.717358, -23.767524 ], [ -46.717174, -23.767494 ], [ -46.716785, -23.767663 ], [ -46.716545, -23.767925 ], [ -46.715365, -23.768947 ] ] ] } },
{ "type": "Feature", "properties": { "CD_SETOR": "355030855000461", "faces": 12, "pavimentada": 100.0, "bueiro": 58.33, "iluminacao": 100.0, "onibus": 0.0, "ciclovia": 0.0, "calcada": 100.0, "obstaculo": 100.0, "rampa": 0.0, "rampa_faces": 0.0, "sem_calcada": 0.0, "sem_arvore": 16.67, "muitas_arvores": 41.67, "vao": 100.0, "V05400": 12, "V05421": 12, "V05406": 12, "V05412": 12, "V05422": 0, "V05424": 12, "V05427": 0, "V05409": 7, "V05415": 0, "V05418": 0, "V05430": 2, "V05433": 5, "criancas_0a4": 22, "em_favela": false }, "geometry": { "type": "Polygon", "coordinates": [ [ [ -46.715987, -23.77112 ], [ -46.715584, -23.771574 ], [ -46.716841, -23.772558 ], [ -46.717889, -23.771396 ], [ -46.718094, -23.771313 ], [ -46.717637, -23.77104 ], [ -46.717371, -23.770795 ], [ -46.717195, -23.770594 ], [ -46.717154, -23.770437 ], [ -46.715987, -23.77112 ] ] ] } },
{ "type": "Feature", "properties": { "CD_SETOR": "355030855000462", "faces": 12, "pavimentada": 100.0, "bueiro": 66.67, "iluminacao": 100.0, "onibus": 0.0, "ciclovia": 0.0, "calcada": 75.0, "obstaculo": 100.0, "rampa": 0.0, "rampa_faces": 0.0, "sem_calcada": 25.0, "sem_arvore": 41.67, "muitas_arvores": 0.0, "vao": 100.0, "V05400": 12, "V05421": 9, "V05406": 12, "V05412": 12, "V05422": 3, "V05424": 9, "V05427": 0, "V05409": 8, "V05415": 0, "V05418": 0, "V05430": 5, "V05433": 0, "criancas_0a4": 23, "em_favela": false }, "geometry": { "type": "Polygon", "coordinates": [ [ [ -46.722535, -23.825776 ], [ -46.723844, -23.826331 ], [ -46.72503, -23.826743 ], [ -46.725402, -23.826326 ], [ -46.723309, -23.824808 ], [ -46.722916, -23.825351 ], [ -46.722535, -23.825776 ] ] ] } },
{ "type": "Feature", "properties": { "CD_SETOR": "355030855000463", "faces": 18, "pavimentada": 77.78, "bueiro": 33.33, "iluminacao": 83.33, "onibus": 0.0, "ciclovia": 0.0, "calcada": 61.11, "obstaculo": 72.73, "rampa": 0.0, "rampa_faces": 0.0, "sem_calcada": 22.22, "sem_arvore": 27.78, "muitas_arvores": 16.67, "vao": 77.78, "V05400": 18, "V05421": 11, "V05406": 14, "V05412": 15, "V05422": 4, "V05424": 8, "V05427": 0, "V05409": 6, "V05415": 0, "V05418": 0, "V05430": 5, "V05433": 3, "criancas_0a4": 42, "em_favela": false }, "geometry": { "type": "Polygon", "coordinates": [ [ [ -46.723309, -23.824808 ], [ -46.724453, -23.825602 ], [ -46.726073, -23.82684 ], [ -46.726287, -23.826898 ], [ -46.727141, -23.826867 ], [ -46.727022, -23.826594 ], [ -46.726137, -23.825608 ], [ -46.723948, -23.824074 ], [ -46.723309, -23.824808 ] ] ] } },
{ "type": "Feature", "properties": { "CD_SETOR": "355030855000464", "faces": 8, "pavimentada": 100.0, "bueiro": 62.5, "iluminacao": 100.0, "onibus": 0.0, "ciclovia": 0.0, "calcada": 100.0, "obstaculo": 100.0, "rampa": 0.0, "rampa_faces": 0.0, "sem_calcada": 0.0, "sem_arvore": 25.0, "muitas_arvores": 25.0, "vao": 100.0, "V05400": 8, "V05421": 8, "V05406": 8, "V05412": 8, "V05422": 0, "V05424": 8, "V05427": 0, "V05409": 5, "V05415": 0, "V05418": 0, "V05430": 2, "V05433": 2, "criancas_0a4": 24, "em_favela": false }, "geometry": { "type": "Polygon", "coordinates": [ [ [ -46.738248, -23.811357 ], [ -46.738915, -23.811203 ], [ -46.739095, -23.810984 ], [ -46.739177, -23.810662 ], [ -46.739151, -23.810472 ], [ -46.738748, -23.809886 ], [ -46.73867, -23.809648 ], [ -46.737895, -23.809474 ], [ -46.73787, -23.80991 ], [ -46.738248, -23.811357 ] ] ] } },
{ "type": "Feature", "properties": { "CD_SETOR": "355030855000465", "faces": 17, "pavimentada": 100.0, "bueiro": 88.24, "iluminacao": 100.0, "onibus": 47.06, "ciclovia": 0.0, "calcada": 100.0, "obstaculo": 41.18, "rampa": 23.53, "rampa_faces": 23.53, "sem_calcada": 0.0, "sem_arvore": 17.65, "muitas_arvores": 23.53, "vao": 76.47, "V05400": 17, "V05421": 17, "V05406": 17, "V05412": 17, "V05422": 0, "V05424": 7, "V05427": 4, "V05409": 15, "V05415": 8, "V05418": 0, "V05430": 3, "V05433": 4, "criancas_0a4": 13, "em_favela": false }, "geometry": { "type": "Polygon", "coordinates": [ [ [ -46.736316, -23.811364 ], [ -46.737171, -23.81179 ], [ -46.737803, -23.8115 ], [ -46.738248, -23.811357 ], [ -46.73787, -23.80991 ], [ -46.737895, -23.809474 ], [ -46.737168, -23.809328 ], [ -46.737195, -23.809558 ], [ -46.737106, -23.809975 ], [ -46.736882, -23.810666 ], [ -46.736316, -23.811364 ] ] ] } },
{ "type": "Feature", "properties": { "CD_SETOR": "355030855000467", "faces": 12, "pavimentada": 100.0, "bueiro": 66.67, "iluminacao": 100.0, "onibus": 8.33, "ciclovia": 0.0, "calcada": 100.0, "obstaculo": 100.0, "rampa": 0.0, "rampa_faces": 0.0, "sem_calcada": 0.0, "sem_arvore": 50.0, "muitas_arvores": 8.33, "vao": 100.0, "V05400": 12, "V05421": 12, "V05406": 12, "V05412": 12, "V05422": 0, "V05424": 12, "V05427": 0, "V05409": 8, "V05415": 1, "V05418": 0, "V05430": 6, "V05433": 1, "criancas_0a4": 31, "em_favela": false }, "geometry": { "type": "Polygon", "coordinates": [ [ [ -46.714385, -23.79099 ], [ -46.713964, -23.791659 ], [ -46.713923, -23.792052 ], [ -46.714346, -23.7924 ], [ -46.715312, -23.792158 ], [ -46.716491, -23.790616 ], [ -46.716664, -23.790288 ], [ -46.715936, -23.789735 ], [ -46.714771, -23.791198 ], [ -46.714385, -23.79099 ] ] ] } },
{ "type": "Feature", "properties": { "CD_SETOR": "355030855000468", "faces": 9, "pavimentada": 100.0, "bueiro": 88.89, "iluminacao": 88.89, "onibus": 11.11, "ciclovia": 0.0, "calcada": 88.89, "obstaculo": 37.5, "rampa": 25.0, "rampa_faces": 22.22, "sem_calcada": 11.11, "sem_arvore": 33.33, "muitas_arvores": 44.44, "vao": 77.78, "V05400": 9, "V05421": 8, "V05406": 9, "V05412": 8, "V05422": 1, "V05424": 3, "V05427": 2, "V05409": 8, "V05415": 1, "V05418": 0, "V05430": 3, "V05433": 4, "criancas_0a4": 40, "em_favela": false }, "geometry": { "type": "Polygon", "coordinates": [ [ [ -46.73561, -23.80516 ], [ -46.736149, -23.806066 ], [ -46.736507, -23.80699 ], [ -46.736564, -23.807219 ], [ -46.736549, -23.80743 ], [ -46.737101, -23.807418 ], [ -46.737647, -23.807632 ], [ -46.737637, -23.806368 ], [ -46.737791, -23.806381 ], [ -46.73865, -23.806235 ], [ -46.738733, -23.80587 ], [ -46.738999, -23.805967 ], [ -46.739057, -23.806045 ], [ -46.739157, -23.807238 ], [ -46.73956, -23.807217 ], [ -46.739317, -23.805393 ], [ -46.736978, -23.804466 ], [ -46.73561, -23.80516 ] ] ] } },
{ "type": "Feature", "properties": { "CD_SETOR": "355030855000469", "faces": 10, "pavimentada": 100.0, "bueiro": 90.0, "iluminacao": 90.0, "onibus": 0.0, "ciclovia": 0.0, "calcada": 90.0, "obstaculo": 55.56, "rampa": 0.0, "rampa_faces": 0.0, "sem_calcada": 10.0, "sem_arvore": 10.0, "muitas_arvores": 20.0, "vao": 100.0, "V05400": 10, "V05421": 9, "V05406": 10, "V05412": 9, "V05422": 1, "V05424": 5, "V05427": 0, "V05409": 9, "V05415": 0, "V05418": 0, "V05430": 1, "V05433": 2, "criancas_0a4": 14, "em_favela": false }, "geometry": { "type": "Polygon", "coordinates": [ [ [ -46.737647, -23.807632 ], [ -46.738116, -23.807867 ], [ -46.738693, -23.808065 ], [ -46.738705, -23.807771 ], [ -46.738598, -23.80732 ], [ -46.739157, -23.807238 ], [ -46.739033, -23.805992 ], [ -46.738733, -23.80587 ], [ -46.73865, -23.806235 ], [ -46.737791, -23.806381 ], [ -46.737637, -23.806368 ], [ -46.737647, -23.807632 ] ] ] } },
{ "type": "Feature", "properties": { "CD_SETOR": "355030855000470", "faces": 16, "pavimentada": 93.75, "bueiro": 50.0, "iluminacao": 93.75, "onibus": 25.0, "ciclovia": 0.0, "calcada": 93.75, "obstaculo": 53.33, "rampa": 20.0, "rampa_faces": 18.75, "sem_calcada": 0.0, "sem_arvore": 12.5, "muitas_arvores": 31.25, "vao": 75.0, "V05400": 16, "V05421": 15, "V05406": 15, "V05412": 15, "V05422": 0, "V05424": 8, "V05427": 3, "V05409": 8, "V05415": 4, "V05418": 0, "V05430": 2, "V05433": 5, "criancas_0a4": 41, "em_favela": false }, "geometry": { "type": "Polygon", "coordinates": [ [ [ -46.736653, -23.807418 ], [ -46.736771, -23.807849 ], [ -46.736786, -23.808443 ], [ -46.736878, -23.808745 ], [ -46.737168, -23.809328 ], [ -46.73867, -23.809648 ], [ -46.738482, -23.809155 ], [ -46.738414, -23.808829 ], [ -46.738631, -23.808341 ], [ -46.738693, -23.808065 ], [ -46.738116, -23.807867 ], [ -46.73725, -23.807449 ], [ -46.736653, -23.807418 ] ] ] } },
{ "type": "Feature", "properties": { "CD_SETOR": "355030855000471", "faces": 21, "pavimentada": 95.24, "bueiro": 42.86, "iluminacao": 90.48, "onibus": 9.52, "ciclovia": 0.0, "calcada": 66.67, "obstaculo": 100.0, "rampa": 0.0, "rampa_faces": 0.0, "sem_calcada": 33.33, "sem_arvore": 47.62, "muitas_arvores": 9.52, "vao": 95.24, "V05400": 21, "V05421": 14, "V05406": 20, "V05412": 19, "V05422": 7, "V05424": 14, "V05427": 0, "V05409": 9, "V05415": 2, "V05418": 0, "V05430": 10, "V05433": 2, "criancas_0a4": 48, "em_favela": false }, "geometry": { "type": "Polygon", "coordinates": [ [ [ -46.736492, -23.844054 ], [ -46.736006, -23.84431 ], [ -46.735191, -23.844619 ], [ -46.734347, -23.844846 ], [ -46.733636, -23.844965 ], [ -46.733663, -23.845134 ], [ -46.734044, -23.845444 ], [ -46.734405, -23.845629 ], [ -46.735409, -23.846428 ], [ -46.735738, -23.847011 ], [ -46.735917, -23.847079 ], [ -46.736048, -23.847072 ], [ -46.736472, -23.846853 ], [ -46.736812, -23.846007 ], [ -46.737206, -23.84573 ], [ -46.736601, -23.845461 ], [ -46.736618, -23.845356 ], [ -46.737161, -23.844693 ], [ -46.736492, -23.844054 ] ] ] } },
{ "type": "Feature", "properties": { "CD_SETOR": "355030855000472", "faces": 20, "pavimentada": 100.0, "bueiro": 35.0, "iluminacao": 80.0, "onibus": 0.0, "ciclovia": 0.0, "calcada": 60.0, "obstaculo": 100.0, "rampa": 0.0, "rampa_faces": 0.0, "sem_calcada": 40.0, "sem_arvore": 55.0, "muitas_arvores": 10.0, "vao": 100.0, "V05400": 20, "V05421": 12, "V05406": 20, "V05412": 16, "V05422": 8, "V05424": 12, "V05427": 0, "V05409": 7, "V05415": 0, "V05418": 0, "V05430": 11, "V05433": 2, "criancas_0a4": 32, "em_favela": false }, "geometry": { "type": "Polygon", "coordinates": [ [ [ -46.737206, -23.84573 ], [ -46.73736, -23.845733 ], [ -46.738534, -23.846077 ], [ -46.738654, -23.846202 ], [ -46.738582, -23.846387 ], [ -46.738063, -23.84645 ], [ -46.737823, -23.846728 ], [ -46.737789, -23.84694 ], [ -46.737877, -23.847123 ], [ -46.738334, -23.84748 ], [ -46.738579, -23.847511 ], [ -46.739982, -23.847467 ], [ -46.740111, -23.84752 ], [ -46.740193, -23.84762 ], [ -46.740197, -23.847729 ], [ -46.739923, -23.847986 ], [ -46.739873, -23.848229 ], [ -46.741227, -23.84825 ], [ -46.741227, -23.848152 ], [ -46.741443, -23.847804 ], [ -46.741359, -23.847481 ], [ -46.738997, -23.845798 ], [ -46.737945, -23.845319 ], [ -46.737161, -23.844693 ], [ -46.736618, -23.845356 ], [ -46.736601, -23.845461 ], [ -46.737206, -23.84573 ] ] ] } },
{ "type": "Feature", "properties": { "CD_SETOR": "355030855000473", "faces": 12, "pavimentada": 100.0, "bueiro": 75.0, "iluminacao": 100.0, "onibus": 25.0, "ciclovia": 0.0, "calcada": 91.67, "obstaculo": 81.82, "rampa": 18.18, "rampa_faces": 16.67, "sem_calcada": 8.33, "sem_arvore": 50.0, "muitas_arvores": 8.33, "vao": 83.33, "V05400": 12, "V05421": 11, "V05406": 12, "V05412": 12, "V05422": 1, "V05424": 9, "V05427": 2, "V05409": 9, "V05415": 3, "V05418": 0, "V05430": 6, "V05433": 1, "criancas_0a4": 29, "em_favela": false }, "geometry": { "type": "Polygon", "coordinates": [ [ [ -46.713083, -23.849059 ], [ -46.71315, -23.849172 ], [ -46.713048, -23.850364 ], [ -46.713092, -23.850645 ], [ -46.713123, -23.850742 ], [ -46.713505, -23.85082 ], [ -46.712457, -23.851252 ], [ -46.712523, -23.851335 ], [ -46.713131, -23.851542 ], [ -46.713314, -23.851528 ], [ -46.714328, -23.851075 ], [ -46.714455, -23.850997 ], [ -46.714566, -23.850741 ], [ -46.714556, -23.850602 ], [ -46.713668, -23.84878 ], [ -46.713083, -23.849059 ] ] ] } },
{ "type": "Feature", "properties": { "CD_SETOR": "355030855000474", "faces": 13, "pavimentada": 100.0, "bueiro": 69.23, "iluminacao": 100.0, "onibus": 15.38, "ciclovia": 0.0, "calcada": 100.0, "obstaculo": 92.31, "rampa": 30.77, "rampa_faces": 30.77, "sem_calcada": 0.0, "sem_arvore": 46.15, "muitas_arvores": 15.38, "vao": 69.23, "V05400": 13, "V05421": 13, "V05406": 13, "V05412": 13, "V05422": 0, "V05424": 12, "V05427": 4, "V05409": 9, "V05415": 2, "V05418": 0, "V05430": 6, "V05433": 2, "criancas_0a4": 27, "em_favela": false }, "geometry": { "type": "Polygon", "coordinates": [ [ [ -46.712457, -23.851252 ], [ -46.713505, -23.85082 ], [ -46.713123, -23.850742 ], [ -46.71306, -23.850511 ], [ -46.713145, -23.849122 ], [ -46.713083, -23.849059 ], [ -46.712507, -23.849125 ], [ -46.711275, -23.848973 ], [ -46.711325, -23.849331 ], [ -46.711601, -23.8502 ], [ -46.712058, -23.850678 ], [ -46.712201, -23.851024 ], [ -46.712457, -23.851252 ] ] ] } },
{ "type": "Feature", "properties": { "CD_SETOR": "355030855000475", "faces": 9, "pavimentada": 100.0, "bueiro": 77.78, "iluminacao": 100.0, "onibus": 33.33, "ciclovia": 0.0, "calcada": 100.0, "obstaculo": 100.0, "rampa": 0.0, "rampa_faces": 0.0, "sem_calcada": 0.0, "sem_arvore": 55.56, "muitas_arvores": 0.0, "vao": 100.0, "V05400": 9, "V05421": 9, "V05406": 9, "V05412": 9, "V05422": 0, "V05424": 9, "V05427": 0, "V05409": 7, "V05415": 3, "V05418": 0, "V05430": 5, "V05433": 0, "criancas_0a4": 27, "em_favela": false }, "geometry": { "type": "Polygon", "coordinates": [ [ [ -46.735237, -23.827422 ], [ -46.735316, -23.827417 ], [ -46.735458, -23.827556 ], [ -46.736126, -23.828484 ], [ -46.736366, -23.82893 ], [ -46.736537, -23.828716 ], [ -46.736724, -23.828656 ], [ -46.7369, -23.828786 ], [ -46.73708, -23.829059 ], [ -46.73729, -23.828626 ], [ -46.737381, -23.828545 ], [ -46.736756, -23.827103 ], [ -46.736469, -23.826713 ], [ -46.73619, -23.826491 ], [ -46.735237, -23.827422 ] ] ] } },
{ "type": "Feature", "properties": { "CD_SETOR": "355030855000476", "faces": 9, "pavimentada": 77.78, "bueiro": 11.11, "iluminacao": 44.44, "onibus": 0.0, "ciclovia": 0.0, "calcada": 100.0, "obstaculo": 100.0, "rampa": 0.0, "rampa_faces": 0.0, "sem_calcada": 0.0, "sem_arvore": 77.78, "muitas_arvores": 0.0, "vao": 77.78, "V05400": 9, "V05421": 9, "V05406": 7, "V05412": 4, "V05422": 0, "V05424": 9, "V05427": 0, "V05409": 1, "V05415": 0, "V05418": 0, "V05430": 7, "V05433": 0, "criancas_0a4": 56, "em_favela": false }, "geometry": { "type": "Polygon", "coordinates": [ [ [ -46.734938, -23.828195 ], [ -46.735473, -23.828953 ], [ -46.735785, -23.829513 ], [ -46.735902, -23.829936 ], [ -46.736277, -23.830666 ], [ -46.736406, -23.831136 ], [ -46.736368, -23.831317 ], [ -46.736451, -23.831647 ], [ -46.737479, -23.833082 ], [ -46.737627, -23.83246 ], [ -46.737724, -23.831641 ], [ -46.738453, -23.830263 ], [ -46.738934, -23.830031 ], [ -46.739019, -23.82994 ], [ -46.738577, -23.829779 ], [ -46.738126, -23.829749 ], [ -46.737559, -23.830108 ], [ -46.737472, -23.830117 ], [ -46.737299, -23.829551 ], [ -46.73708, -23.829059 ], [ -46.7369, -23.828786 ], [ -46.736787, -23.828679 ], [ -46.736669, -23.828657 ], [ -46.736537, -23.828716 ], [ -46.736366, -23.82893 ], [ -46.736126, -23.828484 ], [ -46.735595, -23.827772 ], [ -46.734938, -23.828195 ] ] ] } },
{ "type": "Feature", "properties": { "CD_SETOR": "355030855000477", "faces": 10, "pavimentada": 80.0, "bueiro": 50.0, "iluminacao": 100.0, "onibus": 30.0, "ciclovia": 0.0, "calcada": 60.0, "obstaculo": 100.0, "rampa": 0.0, "rampa_faces": 0.0, "sem_calcada": 40.0, "sem_arvore": 10.0, "muitas_arvores": 50.0, "vao": 80.0, "V05400": 10, "V05421": 6, "V05406": 8, "V05412": 10, "V05422": 4, "V05424": 6, "V05427": 0, "V05409": 5, "V05415": 3, "V05418": 0, "V05430": 1, "V05433": 5, "criancas_0a4": 34, "em_favela": false }, "geometry": { "type": "Polygon", "coordinates": [ [ [ -46.740365, -23.827744 ], [ -46.740282, -23.827939 ], [ -46.740062, -23.829025 ], [ -46.739955, -23.829233 ], [ -46.739762, -23.829406 ], [ -46.737639, -23.82878 ], [ -46.737381, -23.828545 ], [ -46.737228, -23.828746 ], [ -46.73708, -23.829096 ], [ -46.737299, -23.829551 ], [ -46.737472, -23.830117 ], [ -46.737559, -23.830108 ], [ -46.738126, -23.829749 ], [ -46.738577, -23.829779 ], [ -46.739019, -23.82994 ], [ -46.738934, -23.830031 ], [ -46.738453, -23.830263 ], [ -46.737724, -23.831641 ], [ -46.737627, -23.83246 ], [ -46.737479, -23.833082 ], [ -46.737703, -23.833265 ], [ -46.738676, -23.833522 ], [ -46.738669, -23.833031 ], [ -46.73814, -23.832016 ], [ -46.738273, -23.8316 ], [ -46.73866, -23.831057 ], [ -46.738875, -23.831085 ], [ -46.739008, -23.831303 ], [ -46.739512, -23.831418 ], [ -46.739909, -23.83138 ], [ -46.740437, -23.831184 ], [ -46.740817, -23.830645 ], [ -46.740733, -23.827972 ], [ -46.741117, -23.8277 ], [ -46.741832, -23.827455 ], [ -46.742503, -23.82883 ], [ -46.742767, -23.828689 ], [ -46.742002, -23.827045 ], [ -46.740594, -23.827592 ], [ -46.740365, -23.827744 ] ] ] } },
{ "type": "Feature", "properties": { "CD_SETOR": "355030855000478", "faces": 23, "pavimentada": 95.65, "bueiro": 69.57, "iluminacao": 100.0, "onibus": 26.09, "ciclovia": 0.0, "calcada": 95.65, "obstaculo": 100.0, "rampa": 0.0, "rampa_faces": 0.0, "sem_calcada": 4.35, "sem_arvore": 43.48, "muitas_arvores": 26.09, "vao": 95.65, "V05400": 23, "V05421": 22, "V05406": 22, "V05412": 23, "V05422": 1, "V05424": 22, "V05427": 0, "V05409": 16, "V05415": 6, "V05418": 0, "V05430": 10, "V05433": 6, "criancas_0a4": 64, "em_favela": false }, "geometry": { "type": "Polygon", "coordinates": [ [ [ -46.739171, -23.824985 ], [ -46.739245, -23.825168 ], [ -46.739666, -23.825713 ], [ -46.739812, -23.826176 ], [ -46.740282, -23.826877 ], [ -46.740365, -23.827744 ], [ -46.740594, -23.827592 ], [ -46.742002, -23.827045 ], [ -46.742767, -23.828689 ], [ -46.743519, -23.828312 ], [ -46.744375, -23.827975 ], [ -46.745028, -23.827788 ], [ -46.744251, -23.826465 ], [ -46.744076, -23.826259 ], [ -46.744173, -23.82553 ], [ -46.743949, -23.824017 ], [ -46.74336, -23.824414 ], [ -46.74181, -23.824573 ], [ -46.741078, -23.824561 ], [ -46.740259, -23.824804 ], [ -46.739171, -23.824985 ] ] ] } },
{ "type": "Feature", "properties": { "CD_SETOR": "355030855000479", "faces": 12, "pavimentada": 91.67, "bueiro": 41.67, "iluminacao": 100.0, "onibus": 16.67, "ciclovia": 16.67, "calcada": 91.67, "obstaculo": 100.0, "rampa": 0.0, "rampa_faces": 0.0, "sem_calcada": 8.33, "sem_arvore": 41.67, "muitas_arvores": 41.67, "vao": 91.67, "V05400": 12, "V05421": 11, "V05406": 11, "V05412": 12, "V05422": 1, "V05424": 11, "V05427": 0, "V05409": 5, "V05415": 2, "V05418": 2, "V05430": 5, "V05433": 5, "criancas_0a4": 53, "em_favela": false }, "geometry": { "type": "Polygon", "coordinates": [ [ [ -46.728515, -23.834647 ], [ -46.726618, -23.835306 ], [ -46.726429, -23.835503 ], [ -46.726643, -23.836603 ], [ -46.726314, -23.836794 ], [ -46.725941, -23.836824 ], [ -46.725738, -23.836789 ], [ -46.725601, -23.836655 ], [ -46.725405, -23.835672 ], [ -46.725309, -23.835411 ], [ -46.724396, -23.834755 ], [ -46.724411, -23.834701 ], [ -46.72392, -23.834794 ], [ -46.723908, -23.834869 ], [ -46.724359, -23.835288 ], [ -46.724887, -23.835679 ], [ -46.724966, -23.835969 ], [ -46.724948, -23.836664 ], [ -46.725142, -23.837119 ], [ -46.725298, -23.837326 ], [ -46.72533, -23.837522 ], [ -46.72674, -23.837663 ], [ -46.727364, -23.837293 ], [ -46.727111, -23.837002 ], [ -46.727255, -23.836387 ], [ -46.727594, -23.836099 ], [ -46.72851, -23.835792 ], [ -46.728519, -23.835682 ], [ -46.728954, -23.835526 ], [ -46.729857, -23.837789 ], [ -46.732359, -23.840085 ], [ -46.73252, -23.839451 ], [ -46.733072, -23.838421 ], [ -46.730945, -23.836594 ], [ -46.730842, -23.836454 ], [ -46.730706, -23.836042 ], [ -46.730508, -23.835308 ], [ -46.730446, -23.834887 ], [ -46.729193, -23.834684 ], [ -46.728515, -23.834647 ] ] ] } },
{ "type": "Feature", "properties": { "CD_SETOR": "355030855000480", "faces": 4, "pavimentada": 100.0, "bueiro": 75.0, "iluminacao": 100.0, "onibus": 0.0, "ciclovia": 0.0, "calcada": 75.0, "obstaculo": 100.0, "rampa": 0.0, "rampa_faces": 0.0, "sem_calcada": 25.0, "sem_arvore": 50.0, "muitas_arvores": 25.0, "vao": 100.0, "V05400": 4, "V05421": 3, "V05406": 4, "V05412": 4, "V05422": 1, "V05424": 3, "V05427": 0, "V05409": 3, "V05415": 0, "V05418": 0, "V05430": 2, "V05433": 1, "criancas_0a4": 26, "em_favela": false }, "geometry": { "type": "Polygon", "coordinates": [ [ [ -46.724411, -23.834701 ], [ -46.724396, -23.834755 ], [ -46.725309, -23.835411 ], [ -46.725405, -23.835672 ], [ -46.725572, -23.836575 ], [ -46.725671, -23.836744 ], [ -46.725805, -23.836808 ], [ -46.726217, -23.836814 ], [ -46.726442, -23.836753 ], [ -46.726643, -23.836603 ], [ -46.726429, -23.835503 ], [ -46.726618, -23.835306 ], [ -46.726923, -23.835178 ], [ -46.726456, -23.834931 ], [ -46.726245, -23.83487 ], [ -46.72567, -23.834864 ], [ -46.725088, -23.834781 ], [ -46.725245, -23.834542 ], [ -46.724411, -23.834701 ] ] ] } },
{ "type": "Feature", "properties": { "CD_SETOR": "355030855000481", "faces": 12, "pavimentada": 100.0, "bueiro": 25.0, "iluminacao": 83.33, "onibus": 0.0, "ciclovia": 0.0, "calcada": 100.0, "obstaculo": 100.0, "rampa": 0.0, "rampa_faces": 0.0, "sem_calcada": 0.0, "sem_arvore": 25.0, "muitas_arvores": 8.33, "vao": 100.0, "V05400": 12, "V05421": 12, "V05406": 12, "V05412": 10, "V05422": 0, "V05424": 12, "V05427": 0, "V05409": 3, "V05415": 0, "V05418": 0, "V05430": 3, "V05433": 1, "criancas_0a4": 35, "em_favela": false }, "geometry": { "type": "Polygon", "coordinates": [ [ [ -46.730771, -23.800593 ], [ -46.731012, -23.8011 ], [ -46.729073, -23.801902 ], [ -46.728874, -23.80217 ], [ -46.728747, -23.803502 ], [ -46.729057, -23.803504 ], [ -46.729099, -23.803419 ], [ -46.729275, -23.802197 ], [ -46.732458, -23.800809 ], [ -46.731815, -23.800114 ], [ -46.730771, -23.800593 ] ] ] } },
{ "type": "Feature", "properties": { "CD_SETOR": "355030855000482", "faces": 12, "pavimentada": 100.0, "bueiro": 58.33, "iluminacao": 100.0, "onibus": 0.0, "ciclovia": 0.0, "calcada": 100.0, "obstaculo": 100.0, "rampa": 0.0, "rampa_faces": 0.0, "sem_calcada": 0.0, "sem_arvore": 25.0, "muitas_arvores": 16.67, "vao": 100.0, "V05400": 12, "V05421": 12, "V05406": 12, "V05412": 12, "V05422": 0, "V05424": 12, "V05427": 0, "V05409": 7, "V05415": 0, "V05418": 0, "V05430": 3, "V05433": 2, "criancas_0a4": 11, "em_favela": false }, "geometry": { "type": "Polygon", "coordinates": [ [ [ -46.729206, -23.800486 ], [ -46.729176, -23.800774 ], [ -46.729363, -23.800624 ], [ -46.730494, -23.800719 ], [ -46.731815, -23.800114 ], [ -46.731314, -23.799476 ], [ -46.731358, -23.799388 ], [ -46.731347, -23.799259 ], [ -46.729894, -23.799661 ], [ -46.729667, -23.799823 ], [ -46.729206, -23.800486 ] ] ] } },
{ "type": "Feature", "properties": { "CD_SETOR": "355030855000483", "faces": 14, "pavimentada": 92.86, "bueiro": 57.14, "iluminacao": 100.0, "onibus": 0.0, "ciclovia": 0.0, "calcada": 57.14, "obstaculo": 100.0, "rampa": 0.0, "rampa_faces": 0.0, "sem_calcada": 42.86, "sem_arvore": 78.57, "muitas_arvores": 0.0, "vao": 92.86, "V05400": 14, "V05421": 8, "V05406": 13, "V05412": 14, "V05422": 6, "V05424": 8, "V05427": 0, "V05409": 8, "V05415": 0, "V05418": 0, "V05430": 11, "V05433": 0, "criancas_0a4": 27, "em_favela": true }, "geometry": { "type": "Polygon", "coordinates": [ [ [ -46.72454, -23.792684 ], [ -46.724622, -23.7926 ], [ -46.724483, -23.792433 ], [ -46.724313, -23.791968 ], [ -46.723735, -23.791169 ], [ -46.723633, -23.790835 ], [ -46.723044, -23.790302 ], [ -46.722928, -23.790439 ], [ -46.72245, -23.790272 ], [ -46.722197, -23.790757 ], [ -46.722624, -23.790894 ], [ -46.7229, -23.791067 ], [ -46.723879, -23.792082 ], [ -46.723918, -23.792328 ], [ -46.72454, -23.792684 ] ] ] } },
{ "type": "Feature", "properties": { "CD_SETOR": "355030855000484", "faces": 28, "pavimentada": 67.86, "bueiro": 39.29, "iluminacao": 89.29, "onibus": 0.0, "ciclovia": 0.0, "calcada": 35.71, "obstaculo": 100.0, "rampa": 0.0, "rampa_faces": 0.0, "sem_calcada": 64.29, "sem_arvore": 75.0, "muitas_arvores": 3.57, "vao": 67.86, "V05400": 28, "V05421": 10, "V05406": 19, "V05412": 25, "V05422": 18, "V05424": 10, "V05427": 0, "V05409": 11, "V05415": 0, "V05418": 0, "V05430": 21, "V05433": 1, "criancas_0a4": 49, "em_favela": true }, "geometry": { "type": "Polygon", "coordinates": [ [ [ -46.720412, -23.790366 ], [ -46.720574, -23.790567 ], [ -46.722215, -23.791835 ], [ -46.724181, -23.793062 ], [ -46.72454, -23.792684 ], [ -46.723918, -23.792328 ], [ -46.723879, -23.792082 ], [ -46.7229, -23.791067 ], [ -46.722624, -23.790894 ], [ -46.722197, -23.790757 ], [ -46.72245, -23.790272 ], [ -46.722622, -23.789761 ], [ -46.722155, -23.789666 ], [ -46.721947, -23.789413 ], [ -46.72152, -23.789043 ], [ -46.720728, -23.790129 ], [ -46.720575, -23.790291 ], [ -46.720412, -23.790366 ] ] ] } },
{ "type": "Feature", "properties": { "CD_SETOR": "355030855000485", "faces": 13, "pavimentada": 100.0, "bueiro": 100.0, "iluminacao": 100.0, "onibus": 23.08, "ciclovia": 0.0, "calcada": 100.0, "obstaculo": 100.0, "rampa": 0.0, "rampa_faces": 0.0, "sem_calcada": 0.0, "sem_arvore": 53.85, "muitas_arvores": 7.69, "vao": 100.0, "V05400": 13, "V05421": 13, "V05406": 13, "V05412": 13, "V05422": 0, "V05424": 13, "V05427": 0, "V05409": 13, "V05415": 3, "V05418": 0, "V05430": 7, "V05433": 1, "criancas_0a4": 28, "em_favela": false }, "geometry": { "type": "Polygon", "coordinates": [ [ [ -46.703863, -23.821033 ], [ -46.704193, -23.821552 ], [ -46.704427, -23.821653 ], [ -46.705398, -23.821908 ], [ -46.706171, -23.822205 ], [ -46.706277, -23.822413 ], [ -46.706132, -23.822945 ], [ -46.706202, -23.823005 ], [ -46.706673, -23.822697 ], [ -46.706679, -23.822316 ], [ -46.706624, -23.822021 ], [ -46.70646, -23.821638 ], [ -46.706261, -23.821383 ], [ -46.706191, -23.821027 ], [ -46.706018, -23.820879 ], [ -46.705989, -23.820524 ], [ -46.705893, -23.820145 ], [ -46.705708, -23.819858 ], [ -46.70569, -23.820488 ], [ -46.705583, -23.820663 ], [ -46.705391, -23.820751 ], [ -46.704708, -23.820745 ], [ -46.703863, -23.821033 ] ] ] } },
{ "type": "Feature", "properties": { "CD_SETOR": "355030855000486", "faces": 12, "pavimentada": 100.0, "bueiro": 91.67, "iluminacao": 100.0, "onibus": 8.33, "ciclovia": 0.0, "calcada": 100.0, "obstaculo": 100.0, "rampa": 0.0, "rampa_faces": 0.0, "sem_calcada": 0.0, "sem_arvore": 66.67, "muitas_arvores": 0.0, "vao": 100.0, "V05400": 12, "V05421": 12, "V05406": 12, "V05412": 12, "V05422": 0, "V05424": 12, "V05427": 0, "V05409": 11, "V05415": 1, "V05418": 0, "V05430": 8, "V05433": 0, "criancas_0a4": 34, "em_favela": false }, "geometry": { "type": "Polygon", "coordinates": [ [ [ -46.705483, -23.822872 ], [ -46.704904, -23.822939 ], [ -46.70464, -23.823131 ], [ -46.704544, -23.823326 ], [ -46.704552, -23.823518 ], [ -46.704587, -23.823675 ], [ -46.70471, -23.823868 ], [ -46.705229, -23.823979 ], [ -46.705752, -23.824025 ], [ -46.706072, -23.824143 ], [ -46.707682, -23.824366 ], [ -46.707506, -23.823855 ], [ -46.706797, -23.823194 ], [ -46.706692, -23.822992 ], [ -46.706673, -23.822697 ], [ -46.706202, -23.823005 ], [ -46.706132, -23.822945 ], [ -46.706278, -23.82246 ], [ -46.706252, -23.822315 ], [ -46.706171, -23.822205 ], [ -46.706021, -23.822126 ], [ -46.705852, -23.8226 ], [ -46.705635, -23.822806 ], [ -46.705483, -23.822872 ] ] ] } },
{ "type": "Feature", "properties": { "CD_SETOR": "355030855000487", "faces": 22, "pavimentada": 68.18, "bueiro": 50.0, "iluminacao": 100.0, "onibus": 31.82, "ciclovia": 4.55, "calcada": 68.18, "obstaculo": 100.0, "rampa": 0.0, "rampa_faces": 0.0, "sem_calcada": 31.82, "sem_arvore": 45.45, "muitas_arvores": 0.0, "vao": 68.18, "V05400": 22, "V05421": 15, "V05406": 15, "V05412": 22, "V05422": 7, "V05424": 15, "V05427": 0, "V05409": 11, "V05415": 7, "V05418": 1, "V05430": 10, "V05433": 0, "criancas_0a4": 50, "em_favela": true }, "geometry": { "type": "Polygon", "coordinates": [ [ [ -46.699711, -23.826917 ], [ -46.699785, -23.827042 ], [ -46.70019, -23.826829 ], [ -46.700202, -23.826709 ], [ -46.700687, -23.826657 ], [ -46.702329, -23.826921 ], [ -46.702479, -23.827023 ], [ -46.702954, -23.827192 ], [ -46.702987, -23.827136 ], [ -46.703832, -23.827507 ], [ -46.703754, -23.827017 ], [ -46.703921, -23.826188 ], [ -46.703183, -23.82575 ], [ -46.702791, -23.826249 ], [ -46.702215, -23.825883 ], [ -46.702044, -23.825727 ], [ -46.701986, -23.825586 ], [ -46.701245, -23.825839 ], [ -46.701452, -23.826096 ], [ -46.701393, -23.826126 ], [ -46.700847, -23.826118 ], [ -46.700266, -23.826356 ], [ -46.699975, -23.826606 ], [ -46.699711, -23.826917 ] ] ] } },
{ "type": "Feature", "properties": { "CD_SETOR": "355030855000488", "faces": 20, "pavimentada": 80.0, "bueiro": 45.0, "iluminacao": 100.0, "onibus": 35.0, "ciclovia": 5.0, "calcada": 75.0, "obstaculo": 93.33, "rampa": 0.0, "rampa_faces": 0.0, "sem_calcada": 25.0, "sem_arvore": 70.0, "muitas_arvores": 0.0, "vao": 80.0, "V05400": 20, "V05421": 15, "V05406": 16, "V05412": 20, "V05422": 5, "V05424": 14, "V05427": 0, "V05409": 9, "V05415": 7, "V05418": 1, "V05430": 14, "V05433": 0, "criancas_0a4": 80, "em_favela": true }, "geometry": { "type": "Polygon", "coordinates": [ [ [ -46.701632, -23.822529 ], [ -46.699865, -23.82584 ], [ -46.699247, -23.827061 ], [ -46.699711, -23.826917 ], [ -46.700167, -23.826422 ], [ -46.700505, -23.826233 ], [ -46.700847, -23.826118 ], [ -46.701452, -23.826096 ], [ -46.701245, -23.825839 ], [ -46.701526, -23.825722 ], [ -46.701986, -23.825586 ], [ -46.702044, -23.825727 ], [ -46.702215, -23.825883 ], [ -46.702791, -23.826249 ], [ -46.703183, -23.82575 ], [ -46.702481, -23.824847 ], [ -46.701788, -23.824296 ], [ -46.701634, -23.824018 ], [ -46.701661, -23.823783 ], [ -46.701839, -23.823452 ], [ -46.701828, -23.82322 ], [ -46.702088, -23.822671 ], [ -46.702531, -23.821482 ], [ -46.702161, -23.821293 ], [ -46.702032, -23.821288 ], [ -46.701632, -23.822529 ] ] ] } },
{ "type": "Feature", "properties": { "CD_SETOR": "355030855000489", "faces": 17, "pavimentada": 94.12, "bueiro": 64.71, "iluminacao": 82.35, "onibus": 17.65, "ciclovia": 0.0, "calcada": 70.59, "obstaculo": 83.33, "rampa": 0.0, "rampa_faces": 0.0, "sem_calcada": 29.41, "sem_arvore": 70.59, "muitas_arvores": 0.0, "vao": 94.12, "V05400": 17, "V05421": 12, "V05406": 16, "V05412": 14, "V05422": 5, "V05424": 10, "V05427": 0, "V05409": 11, "V05415": 3, "V05418": 0, "V05430": 12, "V05433": 0, "criancas_0a4": 62, "em_favela": false }, "geometry": { "type": "Polygon", "coordinates": [ [ [ -46.713351, -23.833975 ], [ -46.714036, -23.832751 ], [ -46.713209, -23.832355 ], [ -46.710501, -23.83183 ], [ -46.710455, -23.83111 ], [ -46.710786, -23.830803 ], [ -46.711653, -23.830514 ], [ -46.711964, -23.829664 ], [ -46.712274, -23.829193 ], [ -46.713117, -23.82833 ], [ -46.7132, -23.827889 ], [ -46.713403, -23.827351 ], [ -46.711429, -23.826931 ], [ -46.711319, -23.826871 ], [ -46.710942, -23.830092 ], [ -46.710506, -23.830011 ], [ -46.710253, -23.830024 ], [ -46.709972, -23.830143 ], [ -46.709439, -23.830251 ], [ -46.708899, -23.830146 ], [ -46.708631, -23.829954 ], [ -46.707974, -23.829933 ], [ -46.70756, -23.830024 ], [ -46.707498, -23.830126 ], [ -46.707534, -23.830315 ], [ -46.70765, -23.83053 ], [ -46.707303, -23.830904 ], [ -46.707261, -23.831077 ], [ -46.707315, -23.83137 ], [ -46.7069, -23.831588 ], [ -46.706675, -23.831943 ], [ -46.708792, -23.83181 ], [ -46.709551, -23.832063 ], [ -46.709487, -23.832353 ], [ -46.709518, -23.832928 ], [ -46.709639, -23.833132 ], [ -46.709856, -23.834233 ], [ -46.710475, -23.834248 ], [ -46.71064, -23.834148 ], [ -46.711147, -23.834192 ], [ -46.711144, -23.834136 ], [ -46.711338, -23.834086 ], [ -46.711622, -23.833875 ], [ -46.711705, -23.833608 ], [ -46.712006, -23.833177 ], [ -46.712357, -23.833329 ], [ -46.712981, -23.833852 ], [ -46.713351, -23.833975 ] ] ] } },
{ "type": "Feature", "properties": { "CD_SETOR": "355030855000491", "faces": 16, "pavimentada": 100.0, "bueiro": 87.5, "iluminacao": 100.0, "onibus": 37.5, "ciclovia": 0.0, "calcada": 93.75, "obstaculo": 93.33, "rampa": 0.0, "rampa_faces": 0.0, "sem_calcada": 6.25, "sem_arvore": 50.0, "muitas_arvores": 0.0, "vao": 100.0, "V05400": 16, "V05421": 15, "V05406": 16, "V05412": 16, "V05422": 1, "V05424": 14, "V05427": 0, "V05409": 14, "V05415": 6, "V05418": 0, "V05430": 8, "V05433": 0, "criancas_0a4": 47, "em_favela": false }, "geometry": { "type": "Polygon", "coordinates": [ [ [ -46.710455, -23.83111 ], [ -46.714138, -23.831755 ], [ -46.716247, -23.831257 ], [ -46.716833, -23.830837 ], [ -46.717422, -23.830319 ], [ -46.717411, -23.830203 ], [ -46.716851, -23.829747 ], [ -46.716451, -23.829189 ], [ -46.716243, -23.829092 ], [ -46.716097, -23.829056 ], [ -46.715465, -23.829086 ], [ -46.715462, -23.829121 ], [ -46.715053, -23.829163 ], [ -46.71434, -23.829172 ], [ -46.713273, -23.829116 ], [ -46.712467, -23.828958 ], [ -46.711964, -23.829664 ], [ -46.711653, -23.830514 ], [ -46.710786, -23.830803 ], [ -46.710455, -23.83111 ] ] ] } },
{ "type": "Feature", "properties": { "CD_SETOR": "355030855000492", "faces": 16, "pavimentada": 87.5, "bueiro": 56.25, "iluminacao": 100.0, "onibus": 25.0, "ciclovia": 0.0, "calcada": 75.0, "obstaculo": 75.0, "rampa": 0.0, "rampa_faces": 0.0, "sem_calcada": 25.0, "sem_arvore": 68.75, "muitas_arvores": 0.0, "vao": 87.5, "V05400": 16, "V05421": 12, "V05406": 14, "V05412": 16, "V05422": 4, "V05424": 9, "V05427": 0, "V05409": 9, "V05415": 4, "V05418": 0, "V05430": 11, "V05433": 0, "criancas_0a4": 25, "em_favela": false }, "geometry": { "type": "Polygon", "coordinates": [ [ [ -46.713209, -23.832355 ], [ -46.714175, -23.832814 ], [ -46.714329, -23.832808 ], [ -46.71552, -23.832467 ], [ -46.715625, -23.832479 ], [ -46.715915, -23.832619 ], [ -46.716414, -23.833021 ], [ -46.716738, -23.833213 ], [ -46.717108, -23.833653 ], [ -46.717399, -23.834322 ], [ -46.71705, -23.834806 ], [ -46.717572, -23.834973 ], [ -46.717777, -23.834728 ], [ -46.718067, -23.834668 ], [ -46.718209, -23.834726 ], [ -46.718446, -23.834669 ], [ -46.718566, -23.83455 ], [ -46.718567, -23.834354 ], [ -46.718449, -23.83418 ], [ -46.71825, -23.834028 ], [ -46.717945, -23.833666 ], [ -46.717433, -23.833185 ], [ -46.716697, -23.832349 ], [ -46.716476, -23.831974 ], [ -46.716298, -23.831228 ], [ -46.714138, -23.831755 ], [ -46.710455, -23.83111 ], [ -46.710501, -23.83183 ], [ -46.713209, -23.832355 ] ] ] } },
{ "type": "Feature", "properties": { "CD_SETOR": "355030855000493", "faces": 16, "pavimentada": 100.0, "bueiro": 6.25, "iluminacao": 100.0, "onibus": 6.25, "ciclovia": 0.0, "calcada": 100.0, "obstaculo": 87.5, "rampa": 0.0, "rampa_faces": 0.0, "sem_calcada": 0.0, "sem_arvore": 31.25, "muitas_arvores": 6.25, "vao": 100.0, "V05400": 16, "V05421": 16, "V05406": 16, "V05412": 16, "V05422": 0, "V05424": 14, "V05427": 0, "V05409": 1, "V05415": 1, "V05418": 0, "V05430": 5, "V05433": 1, "criancas_0a4": 26, "em_favela": false }, "geometry": { "type": "Polygon", "coordinates": [ [ [ -46.704266, -23.855731 ], [ -46.706616, -23.85596 ], [ -46.706781, -23.854547 ], [ -46.704425, -23.854298 ], [ -46.704266, -23.855731 ] ] ] } },
{ "type": "Feature", "properties": { "CD_SETOR": "355030855000494", "faces": 12, "pavimentada": 100.0, "bueiro": 41.67, "iluminacao": 100.0, "onibus": 0.0, "ciclovia": 0.0, "calcada": 100.0, "obstaculo": 100.0, "rampa": 0.0, "rampa_faces": 0.0, "sem_calcada": 0.0, "sem_arvore": 16.67, "muitas_arvores": 41.67, "vao": 100.0, "V05400": 12, "V05421": 12, "V05406": 12, "V05412": 12, "V05422": 0, "V05424": 12, "V05427": 0, "V05409": 5, "V05415": 0, "V05418": 0, "V05430": 2, "V05433": 5, "criancas_0a4": 25, "em_favela": false }, "geometry": { "type": "Polygon", "coordinates": [ [ [ -46.703524, -23.857085 ], [ -46.704692, -23.857228 ], [ -46.704852, -23.855789 ], [ -46.704266, -23.855731 ], [ -46.704425, -23.854298 ], [ -46.703837, -23.854234 ], [ -46.703524, -23.857085 ] ] ] } },
{ "type": "Feature", "properties": { "CD_SETOR": "355030855000495", "faces": 12, "pavimentada": 100.0, "bueiro": 66.67, "iluminacao": 100.0, "onibus": 25.0, "ciclovia": 0.0, "calcada": 100.0, "obstaculo": 91.67, "rampa": 0.0, "rampa_faces": 0.0, "sem_calcada": 0.0, "sem_arvore": 50.0, "muitas_arvores": 25.0, "vao": 100.0, "V05400": 12, "V05421": 12, "V05406": 12, "V05412": 12, "V05422": 0, "V05424": 11, "V05427": 0, "V05409": 8, "V05415": 3, "V05418": 0, "V05430": 6, "V05433": 3, "criancas_0a4": 12, "em_favela": false }, "geometry": { "type": "Polygon", "coordinates": [ [ [ -46.704692, -23.857228 ], [ -46.706446, -23.857395 ], [ -46.706616, -23.85596 ], [ -46.704852, -23.855789 ], [ -46.704692, -23.857228 ] ] ] } },
{ "type": "Feature", "properties": { "CD_SETOR": "355030855000496", "faces": 12, "pavimentada": 100.0, "bueiro": 75.0, "iluminacao": 100.0, "onibus": 25.0, "ciclovia": 0.0, "calcada": 100.0, "obstaculo": 91.67, "rampa": 0.0, "rampa_faces": 0.0, "sem_calcada": 0.0, "sem_arvore": 33.33, "muitas_arvores": 0.0, "vao": 100.0, "V05400": 12, "V05421": 12, "V05406": 12, "V05412": 12, "V05422": 0, "V05424": 11, "V05427": 0, "V05409": 9, "V05415": 3, "V05418": 0, "V05430": 4, "V05433": 0, "criancas_0a4": 19, "em_favela": false }, "geometry": { "type": "Polygon", "coordinates": [ [ [ -46.704544, -23.858675 ], [ -46.706289, -23.85884 ], [ -46.706446, -23.857395 ], [ -46.704692, -23.857228 ], [ -46.704544, -23.858675 ] ] ] } },
{ "type": "Feature", "properties": { "CD_SETOR": "355030855000497", "faces": 16, "pavimentada": 100.0, "bueiro": 75.0, "iluminacao": 100.0, "onibus": 25.0, "ciclovia": 0.0, "calcada": 100.0, "obstaculo": 93.75, "rampa": 0.0, "rampa_faces": 0.0, "sem_calcada": 0.0, "sem_arvore": 43.75, "muitas_arvores": 18.75, "vao": 100.0, "V05400": 16, "V05421": 16, "V05406": 16, "V05412": 16, "V05422": 0, "V05424": 15, "V05427": 0, "V05409": 12, "V05415": 4, "V05418": 0, "V05430": 7, "V05433": 3, "criancas_0a4": 38, "em_favela": false }, "geometry": { "type": "Polygon", "coordinates": [ [ [ -46.703184, -23.860249 ], [ -46.704371, -23.860206 ], [ -46.704692, -23.857228 ], [ -46.703524, -23.857085 ], [ -46.703184, -23.860249 ] ] ] } },
{ "type": "Feature", "properties": { "CD_SETOR": "355030855000498", "faces": 12, "pavimentada": 100.0, "bueiro": 83.33, "iluminacao": 100.0, "onibus": 0.0, "ciclovia": 0.0, "calcada": 91.67, "obstaculo": 90.91, "rampa": 0.0, "rampa_faces": 0.0, "sem_calcada": 8.33, "sem_arvore": 33.33, "muitas_arvores": 16.67, "vao": 100.0, "V05400": 12, "V05421": 11, "V05406": 12, "V05412": 12, "V05422": 1, "V05424": 10, "V05427": 0, "V05409": 10, "V05415": 0, "V05418": 0, "V05430": 4, "V05433": 2, "criancas_0a4": 34, "em_favela": false }, "geometry": { "type": "Polygon", "coordinates": [ [ [ -46.704371, -23.860206 ], [ -46.706121, -23.860332 ], [ -46.706289, -23.85884 ], [ -46.704544, -23.858675 ], [ -46.704371, -23.860206 ] ] ] } },
{ "type": "Feature", "properties": { "CD_SETOR": "355030855000499", "faces": 17, "pavimentada": 100.0, "bueiro": 58.82, "iluminacao": 100.0, "onibus": 11.76, "ciclovia": 0.0, "calcada": 100.0, "obstaculo": 100.0, "rampa": 0.0, "rampa_faces": 0.0, "sem_calcada": 0.0, "sem_arvore": 35.29, "muitas_arvores": 23.53, "vao": 100.0, "V05400": 17, "V05421": 17, "V05406": 17, "V05412": 17, "V05422": 0, "V05424": 17, "V05427": 0, "V05409": 10, "V05415": 2, "V05418": 0, "V05430": 6, "V05433": 4, "criancas_0a4": 24, "em_favela": false }, "geometry": { "type": "Polygon", "coordinates": [ [ [ -46.706874, -23.85889 ], [ -46.709544, -23.859136 ], [ -46.709713, -23.857718 ], [ -46.707038, -23.857453 ], [ -46.706874, -23.85889 ] ] ] } },
{ "type": "Feature", "properties": { "CD_SETOR": "355030855000500", "faces": 12, "pavimentada": 100.0, "bueiro": 58.33, "iluminacao": 91.67, "onibus": 8.33, "ciclovia": 0.0, "calcada": 83.33, "obstaculo": 90.0, "rampa": 0.0, "rampa_faces": 0.0, "sem_calcada": 16.67, "sem_arvore": 50.0, "muitas_arvores": 16.67, "vao": 100.0, "V05400": 12, "V05421": 10, "V05406": 12, "V05412": 11, "V05422": 2, "V05424": 9, "V05427": 0, "V05409": 7, "V05415": 1, "V05418": 0, "V05430": 6, "V05433": 2, "criancas_0a4": 31, "em_favela": false }, "geometry": { "type": "Polygon", "coordinates": [ [ [ -46.706446, -23.857395 ], [ -46.706121, -23.860332 ], [ -46.706695, -23.860417 ], [ -46.707251, -23.860596 ], [ -46.707477, -23.85894 ], [ -46.706874, -23.85889 ], [ -46.707038, -23.857453 ], [ -46.706446, -23.857395 ] ] ] } },
{ "type": "Feature", "properties": { "CD_SETOR": "355030855000501", "faces": 21, "pavimentada": 100.0, "bueiro": 9.52, "iluminacao": 80.95, "onibus": 0.0, "ciclovia": 0.0, "calcada": 71.43, "obstaculo": 100.0, "rampa": 0.0, "rampa_faces": 0.0, "sem_calcada": 28.57, "sem_arvore": 42.86, "muitas_arvores": 4.76, "vao": 100.0, "V05400": 21, "V05421": 15, "V05406": 21, "V05412": 17, "V05422": 6, "V05424": 15, "V05427": 0, "V05409": 2, "V05415": 0, "V05418": 0, "V05430": 9, "V05433": 1, "criancas_0a4": 44, "em_favela": false }, "geometry": { "type": "Polygon", "coordinates": [ [ [ -46.709179, -23.857665 ], [ -46.709744, -23.85772 ], [ -46.710016, -23.855357 ], [ -46.710033, -23.854852 ], [ -46.709949, -23.854781 ], [ -46.709817, -23.854808 ], [ -46.707953, -23.854681 ], [ -46.707804, -23.855853 ], [ -46.7088, -23.856154 ], [ -46.70932, -23.856212 ], [ -46.709179, -23.857665 ] ] ] } },
{ "type": "Feature", "properties": { "CD_SETOR": "355030855000502", "faces": 26, "pavimentada": 100.0, "bueiro": 26.92, "iluminacao": 92.31, "onibus": 7.69, "ciclovia": 0.0, "calcada": 84.62, "obstaculo": 100.0, "rampa": 0.0, "rampa_faces": 0.0, "sem_calcada": 15.38, "sem_arvore": 38.46, "muitas_arvores": 19.23, "vao": 100.0, "V05400": 26, "V05421": 22, "V05406": 26, "V05412": 24, "V05422": 4, "V05424": 22, "V05427": 0, "V05409": 7, "V05415": 2, "V05418": 0, "V05430": 10, "V05433": 5, "criancas_0a4": 43, "em_favela": false }, "geometry": { "type": "Polygon", "coordinates": [ [ [ -46.706781, -23.854547 ], [ -46.706446, -23.857395 ], [ -46.709179, -23.857665 ], [ -46.70932, -23.856212 ], [ -46.7088, -23.856154 ], [ -46.707804, -23.855853 ], [ -46.707953, -23.854681 ], [ -46.706781, -23.854547 ] ] ] } },
{ "type": "Feature", "properties": { "CD_SETOR": "355030855000503", "faces": 13, "pavimentada": 100.0, "bueiro": 61.54, "iluminacao": 100.0, "onibus": 7.69, "ciclovia": 0.0, "calcada": 100.0, "obstaculo": 100.0, "rampa": 0.0, "rampa_faces": 0.0, "sem_calcada": 0.0, "sem_arvore": 76.92, "muitas_arvores": 0.0, "vao": 100.0, "V05400": 13, "V05421": 13, "V05406": 13, "V05412": 13, "V05422": 0, "V05424": 13, "V05427": 0, "V05409": 8, "V05415": 1, "V05418": 0, "V05430": 10, "V05433": 0, "criancas_0a4": 34, "em_favela": false }, "geometry": { "type": "Polygon", "coordinates": [ [ [ -46.712526, -23.858591 ], [ -46.712559, -23.859412 ], [ -46.714752, -23.859623 ], [ -46.71502, -23.85607 ], [ -46.715079, -23.855903 ], [ -46.714667, -23.855457 ], [ -46.714606, -23.855632 ], [ -46.714534, -23.856433 ], [ -46.714304, -23.857159 ], [ -46.714247, -23.858061 ], [ -46.713761, -23.858068 ], [ -46.713603, -23.858307 ], [ -46.713189, -23.85829 ], [ -46.713042, -23.858434 ], [ -46.712699, -23.85841 ], [ -46.71263, -23.858615 ], [ -46.712526, -23.858591 ] ] ] } },
{ "type": "Feature", "properties": { "CD_SETOR": "355030855000504", "faces": 12, "pavimentada": 100.0, "bueiro": 8.33, "iluminacao": 100.0, "onibus": 8.33, "ciclovia": 0.0, "calcada": 91.67, "obstaculo": 100.0, "rampa": 0.0, "rampa_faces": 0.0, "sem_calcada": 8.33, "sem_arvore": 58.33, "muitas_arvores": 0.0, "vao": 100.0, "V05400": 12, "V05421": 11, "V05406": 12, "V05412": 12, "V05422": 1, "V05424": 11, "V05427": 0, "V05409": 1, "V05415": 1, "V05418": 0, "V05430": 7, "V05433": 0, "criancas_0a4": 26, "em_favela": false }, "geometry": { "type": "Polygon", "coordinates": [ [ [ -46.710745, -23.859245 ], [ -46.712559, -23.859412 ], [ -46.712526, -23.858591 ], [ -46.712025, -23.858518 ], [ -46.711797, -23.858636 ], [ -46.711597, -23.857885 ], [ -46.710408, -23.857774 ], [ -46.710328, -23.858207 ], [ -46.710511, -23.858399 ], [ -46.710687, -23.858916 ], [ -46.710745, -23.859245 ] ] ] } },
{ "type": "Feature", "properties": { "CD_SETOR": "355030855000505", "faces": 14, "pavimentada": 100.0, "bueiro": 50.0, "iluminacao": 100.0, "onibus": 7.14, "ciclovia": 0.0, "calcada": 92.86, "obstaculo": 92.31, "rampa": 0.0, "rampa_faces": 0.0, "sem_calcada": 7.14, "sem_arvore": 35.71, "muitas_arvores": 0.0, "vao": 100.0, "V05400": 14, "V05421": 13, "V05406": 14, "V05412": 14, "V05422": 1, "V05424": 12, "V05427": 0, "V05409": 7, "V05415": 1, "V05418": 0, "V05430": 5, "V05433": 0, "criancas_0a4": 22, "em_favela": false }, "geometry": { "type": "Polygon", "coordinates": [ [ [ -46.714781, -23.859084 ], [ -46.71536, -23.859116 ], [ -46.716435, -23.859278 ], [ -46.716875, -23.858826 ], [ -46.717059, -23.858465 ], [ -46.71706, -23.858354 ], [ -46.716965, -23.858177 ], [ -46.716223, -23.857893 ], [ -46.715516, -23.857285 ], [ -46.715436, -23.857101 ], [ -46.715408, -23.856396 ], [ -46.715308, -23.856165 ], [ -46.715079, -23.855903 ], [ -46.71502, -23.85607 ], [ -46.714781, -23.859084 ] ] ] } },
{ "type": "Feature", "properties": { "CD_SETOR": "355030855000506", "faces": 16, "pavimentada": 100.0, "bueiro": 43.75, "iluminacao": 100.0, "onibus": 18.75, "ciclovia": 0.0, "calcada": 93.75, "obstaculo": 86.67, "rampa": 0.0, "rampa_faces": 0.0, "sem_calcada": 6.25, "sem_arvore": 75.0, "muitas_arvores": 6.25, "vao": 100.0, "V05400": 16, "V05421": 15, "V05406": 16, "V05412": 16, "V05422": 1, "V05424": 13, "V05427": 0, "V05409": 7, "V05415": 3, "V05418": 0, "V05430": 12, "V05433": 1, "criancas_0a4": 12, "em_favela": false }, "geometry": { "type": "Polygon", "coordinates": [ [ [ -46.714781, -23.859084 ], [ -46.714752, -23.859623 ], [ -46.714843, -23.859631 ], [ -46.714672, -23.861054 ], [ -46.716287, -23.861185 ], [ -46.716077, -23.860635 ], [ -46.716041, -23.860021 ], [ -46.71618, -23.859634 ], [ -46.716435, -23.859278 ], [ -46.71536, -23.859116 ], [ -46.714781, -23.859084 ] ] ] } },
{ "type": "Feature", "properties": { "CD_SETOR": "355030855000507", "faces": 16, "pavimentada": 100.0, "bueiro": 25.0, "iluminacao": 100.0, "onibus": 12.5, "ciclovia": 0.0, "calcada": 100.0, "obstaculo": 81.25, "rampa": 12.5, "rampa_faces": 12.5, "sem_calcada": 0.0, "sem_arvore": 68.75, "muitas_arvores": 0.0, "vao": 87.5, "V05400": 16, "V05421": 16, "V05406": 16, "V05412": 16, "V05422": 0, "V05424": 13, "V05427": 2, "V05409": 4, "V05415": 2, "V05418": 0, "V05430": 11, "V05433": 0, "criancas_0a4": 40, "em_favela": false }, "geometry": { "type": "Polygon", "coordinates": [ [ [ -46.71, -23.860646 ], [ -46.712344, -23.860848 ], [ -46.712502, -23.859407 ], [ -46.71015, -23.859199 ], [ -46.71, -23.860646 ] ] ] } },
{ "type": "Feature", "properties": { "CD_SETOR": "355030855000508", "faces": 17, "pavimentada": 94.12, "bueiro": 47.06, "iluminacao": 94.12, "onibus": 17.65, "ciclovia": 0.0, "calcada": 94.12, "obstaculo": 93.75, "rampa": 6.25, "rampa_faces": 5.88, "sem_calcada": 0.0, "sem_arvore": 70.59, "muitas_arvores": 0.0, "vao": 88.24, "V05400": 17, "V05421": 16, "V05406": 16, "V05412": 16, "V05422": 0, "V05424": 15, "V05427": 1, "V05409": 8, "V05415": 3, "V05418": 0, "V05430": 12, "V05433": 0, "criancas_0a4": 33, "em_favela": false }, "geometry": { "type": "Polygon", "coordinates": [ [ [ -46.709837, -23.86208 ], [ -46.712197, -23.862275 ], [ -46.712344, -23.860848 ], [ -46.71, -23.860646 ], [ -46.709837, -23.86208 ] ] ] } },
{ "type": "Feature", "properties": { "CD_SETOR": "355030855000509", "faces": 14, "pavimentada": 100.0, "bueiro": 42.86, "iluminacao": 100.0, "onibus": 14.29, "ciclovia": 0.0, "calcada": 85.71, "obstaculo": 83.33, "rampa": 0.0, "rampa_faces": 0.0, "sem_calcada": 14.29, "sem_arvore": 64.29, "muitas_arvores": 0.0, "vao": 100.0, "V05400": 14, "V05421": 12, "V05406": 14, "V05412": 14, "V05422": 2, "V05424": 10, "V05427": 0, "V05409": 6, "V05415": 2, "V05418": 0, "V05430": 9, "V05433": 0, "criancas_0a4": 25, "em_favela": false }, "geometry": { "type": "Polygon", "coordinates": [ [ [ -46.708986, -23.859083 ], [ -46.708832, -23.860525 ], [ -46.71, -23.860646 ], [ -46.71015, -23.859199 ], [ -46.710745, -23.859245 ], [ -46.710687, -23.858916 ], [ -46.710511, -23.858399 ], [ -46.710328, -23.858207 ], [ -46.710408, -23.857774 ], [ -46.709713, -23.857718 ], [ -46.709544, -23.859136 ], [ -46.708986, -23.859083 ] ] ] } },
{ "type": "Feature", "properties": { "CD_SETOR": "355030855000510", "faces": 16, "pavimentada": 100.0, "bueiro": 62.5, "iluminacao": 100.0, "onibus": 18.75, "ciclovia": 0.0, "calcada": 100.0, "obstaculo": 50.0, "rampa": 12.5, "rampa_faces": 12.5, "sem_calcada": 0.0, "sem_arvore": 37.5, "muitas_arvores": 0.0, "vao": 87.5, "V05400": 16, "V05421": 16, "V05406": 16, "V05412": 16, "V05422": 0, "V05424": 8, "V05427": 2, "V05409": 10, "V05415": 3, "V05418": 0, "V05430": 6, "V05433": 0, "criancas_0a4": 26, "em_favela": false }, "geometry": { "type": "Polygon", "coordinates": [ [ [ -46.707251, -23.860596 ], [ -46.707698, -23.860711 ], [ -46.707727, -23.86045 ], [ -46.708241, -23.86048 ], [ -46.708079, -23.861915 ], [ -46.708664, -23.861972 ], [ -46.708986, -23.859083 ], [ -46.707477, -23.85894 ], [ -46.707251, -23.860596 ] ] ] } },
{ "type": "Feature", "properties": { "CD_SETOR": "355030855000511", "faces": 20, "pavimentada": 100.0, "bueiro": 50.0, "iluminacao": 100.0, "onibus": 0.0, "ciclovia": 0.0, "calcada": 100.0, "obstaculo": 95.0, "rampa": 0.0, "rampa_faces": 0.0, "sem_calcada": 0.0, "sem_arvore": 50.0, "muitas_arvores": 5.0, "vao": 100.0, "V05400": 20, "V05421": 20, "V05406": 20, "V05412": 20, "V05422": 0, "V05424": 19, "V05427": 0, "V05409": 10, "V05415": 0, "V05418": 0, "V05430": 10, "V05433": 1, "criancas_0a4": 59, "em_favela": false }, "geometry": { "type": "Polygon", "coordinates": [ [ [ -46.708079, -23.861915 ], [ -46.707933, -23.863354 ], [ -46.709689, -23.863521 ], [ -46.71, -23.860646 ], [ -46.708832, -23.860525 ], [ -46.708664, -23.861972 ], [ -46.708079, -23.861915 ] ] ] } },
{ "type": "Feature", "properties": { "CD_SETOR": "355030855000512", "faces": 16, "pavimentada": 100.0, "bueiro": 62.5, "iluminacao": 100.0, "onibus": 12.5, "ciclovia": 0.0, "calcada": 100.0, "obstaculo": 93.75, "rampa": 0.0, "rampa_faces": 0.0, "sem_calcada": 0.0, "sem_arvore": 75.0, "muitas_arvores": 0.0, "vao": 100.0, "V05400": 16, "V05421": 16, "V05406": 16, "V05412": 16, "V05422": 0, "V05424": 15, "V05427": 0, "V05409": 10, "V05415": 2, "V05418": 0, "V05430": 12, "V05433": 0, "criancas_0a4": 35, "em_favela": false }, "geometry": { "type": "Polygon", "coordinates": [ [ [ -46.709689, -23.863521 ], [ -46.712027, -23.86372 ], [ -46.712197, -23.862275 ], [ -46.709837, -23.86208 ], [ -46.709689, -23.863521 ] ] ] } },
{ "type": "Feature", "properties": { "CD_SETOR": "355030855000513", "faces": 16, "pavimentada": 100.0, "bueiro": 81.25, "iluminacao": 100.0, "onibus": 0.0, "ciclovia": 0.0, "calcada": 100.0, "obstaculo": 81.25, "rampa": 0.0, "rampa_faces": 0.0, "sem_calcada": 0.0, "sem_arvore": 50.0, "muitas_arvores": 0.0, "vao": 100.0, "V05400": 16, "V05421": 16, "V05406": 16, "V05412": 16, "V05422": 0, "V05424": 13, "V05427": 0, "V05409": 13, "V05415": 0, "V05418": 0, "V05430": 8, "V05433": 0, "criancas_0a4": 43, "em_favela": false }, "geometry": { "type": "Polygon", "coordinates": [ [ [ -46.709506, -23.865077 ], [ -46.711864, -23.865306 ], [ -46.712027, -23.86372 ], [ -46.709689, -23.863521 ], [ -46.709506, -23.865077 ] ] ] } },
{ "type": "Feature", "properties": { "CD_SETOR": "355030855000514", "faces": 16, "pavimentada": 100.0, "bueiro": 62.5, "iluminacao": 100.0, "onibus": 6.25, "ciclovia": 0.0, "calcada": 100.0, "obstaculo": 93.75, "rampa": 0.0, "rampa_faces": 0.0, "sem_calcada": 0.0, "sem_arvore": 50.0, "muitas_arvores": 0.0, "vao": 100.0, "V05400": 16, "V05421": 16, "V05406": 16, "V05412": 16, "V05422": 0, "V05424": 15, "V05427": 0, "V05409": 10, "V05415": 1, "V05418": 0, "V05430": 8, "V05433": 0, "criancas_0a4": 32, "em_favela": false }, "geometry": { "type": "Polygon", "coordinates": [ [ [ -46.712344, -23.860848 ], [ -46.714672, -23.861054 ], [ -46.714843, -23.859631 ], [ -46.712502, -23.859407 ], [ -46.712344, -23.860848 ] ] ] } },
{ "type": "Feature", "properties": { "CD_SETOR": "355030855000515", "faces": 24, "pavimentada": 100.0, "bueiro": 41.67, "iluminacao": 79.17, "onibus": 16.67, "ciclovia": 0.0, "calcada": 100.0, "obstaculo": 83.33, "rampa": 16.67, "rampa_faces": 16.67, "sem_calcada": 0.0, "sem_arvore": 50.0, "muitas_arvores": 0.0, "vao": 83.33, "V05400": 24, "V05421": 24, "V05406": 24, "V05412": 19, "V05422": 0, "V05424": 20, "V05427": 4, "V05409": 10, "V05415": 4, "V05418": 0, "V05430": 12, "V05433": 0, "criancas_0a4": 36, "em_favela": false }, "geometry": { "type": "Polygon", "coordinates": [ [ [ -46.712197, -23.862275 ], [ -46.713363, -23.862392 ], [ -46.71321, -23.863835 ], [ -46.714355, -23.863938 ], [ -46.714672, -23.861054 ], [ -46.712344, -23.860848 ], [ -46.712197, -23.862275 ] ] ] } },
{ "type": "Feature", "properties": { "CD_SETOR": "355030855000516", "faces": 24, "pavimentada": 100.0, "bueiro": 25.0, "iluminacao": 95.83, "onibus": 4.17, "ciclovia": 0.0, "calcada": 100.0, "obstaculo": 91.67, "rampa": 12.5, "rampa_faces": 12.5, "sem_calcada": 0.0, "sem_arvore": 45.83, "muitas_arvores": 16.67, "vao": 87.5, "V05400": 24, "V05421": 24, "V05406": 24, "V05412": 23, "V05422": 0, "V05424": 22, "V05427": 3, "V05409": 6, "V05415": 1, "V05418": 0, "V05430": 11, "V05433": 4, "criancas_0a4": 49, "em_favela": false }, "geometry": { "type": "Polygon", "coordinates": [ [ [ -46.712197, -23.862275 ], [ -46.711864, -23.865306 ], [ -46.714207, -23.865495 ], [ -46.714355, -23.863938 ], [ -46.71321, -23.863835 ], [ -46.713363, -23.862392 ], [ -46.712197, -23.862275 ] ] ] } },
{ "type": "Feature", "properties": { "CD_SETOR": "355030855000517", "faces": 5, "pavimentada": 100.0, "bueiro": 0.0, "iluminacao": 100.0, "onibus": 0.0, "ciclovia": 0.0, "calcada": 100.0, "obstaculo": 60.0, "rampa": 0.0, "rampa_faces": 0.0, "sem_calcada": 0.0, "sem_arvore": 20.0, "muitas_arvores": 0.0, "vao": 100.0, "V05400": 5, "V05421": 5, "V05406": 5, "V05412": 5, "V05422": 0, "V05424": 3, "V05427": 0, "V05409": 0, "V05415": 0, "V05418": 0, "V05430": 1, "V05433": 0, "criancas_0a4": 31, "em_favela": false }, "geometry": { "type": "Polygon", "coordinates": [ [ [ -46.738834, -23.796777 ], [ -46.739338, -23.79765 ], [ -46.740936, -23.798693 ], [ -46.741216, -23.79822 ], [ -46.741227, -23.798059 ], [ -46.741161, -23.797977 ], [ -46.741355, -23.797781 ], [ -46.74021, -23.796719 ], [ -46.739646, -23.795892 ], [ -46.7394, -23.795624 ], [ -46.73881, -23.795143 ], [ -46.738555, -23.795046 ], [ -46.738406, -23.795226 ], [ -46.738023, -23.795091 ], [ -46.73704, -23.794582 ], [ -46.738834, -23.796777 ] ] ] } },
{ "type": "Feature", "properties": { "CD_SETOR": "355030855000518", "faces": 12, "pavimentada": 100.0, "bueiro": 0.0, "iluminacao": 100.0, "onibus": 0.0, "ciclovia": 0.0, "calcada": 100.0, "obstaculo": 91.67, "rampa": 0.0, "rampa_faces": 0.0, "sem_calcada": 0.0, "sem_arvore": 33.33, "muitas_arvores": 0.0, "vao": 100.0, "V05400": 12, "V05421": 12, "V05406": 12, "V05412": 12, "V05422": 0, "V05424": 11, "V05427": 0, "V05409": 0, "V05415": 0, "V05418": 0, "V05430": 4, "V05433": 0, "criancas_0a4": 61, "em_favela": false }, "geometry": { "type": "Polygon", "coordinates": [ [ [ -46.738555, -23.795046 ], [ -46.738991, -23.795266 ], [ -46.7394, -23.795624 ], [ -46.739646, -23.795892 ], [ -46.74021, -23.796719 ], [ -46.741355, -23.797781 ], [ -46.741161, -23.797977 ], [ -46.741233, -23.798148 ], [ -46.741045, -23.798516 ], [ -46.741574, -23.798823 ], [ -46.741997, -23.799655 ], [ -46.743149, -23.799178 ], [ -46.742438, -23.798181 ], [ -46.74178, -23.797692 ], [ -46.741179, -23.79714 ], [ -46.741063, -23.796959 ], [ -46.740992, -23.796942 ], [ -46.740446, -23.796393 ], [ -46.739872, -23.795539 ], [ -46.739071, -23.794786 ], [ -46.738908, -23.794657 ], [ -46.738555, -23.795046 ] ] ] } },
{ "type": "Feature", "properties": { "CD_SETOR": "355030855000519", "faces": 9, "pavimentada": 100.0, "bueiro": 77.78, "iluminacao": 100.0, "onibus": 0.0, "ciclovia": 0.0, "calcada": 100.0, "obstaculo": 100.0, "rampa": 0.0, "rampa_faces": 0.0, "sem_calcada": 0.0, "sem_arvore": 11.11, "muitas_arvores": 11.11, "vao": 100.0, "V05400": 9, "V05421": 9, "V05406": 9, "V05412": 9, "V05422": 0, "V05424": 9, "V05427": 0, "V05409": 7, "V05415": 0, "V05418": 0, "V05430": 1, "V05433": 1, "criancas_0a4": 37, "em_favela": false }, "geometry": { "type": "Polygon", "coordinates": [ [ [ -46.741063, -23.796959 ], [ -46.741179, -23.79714 ], [ -46.741528, -23.797482 ], [ -46.742412, -23.798158 ], [ -46.742638, -23.798421 ], [ -46.74317, -23.798214 ], [ -46.742759, -23.797466 ], [ -46.742276, -23.796831 ], [ -46.741744, -23.795952 ], [ -46.741469, -23.795836 ], [ -46.741259, -23.795824 ], [ -46.741099, -23.796306 ], [ -46.741046, -23.796631 ], [ -46.741063, -23.796959 ] ] ] } },
{ "type": "Feature", "properties": { "CD_SETOR": "355030855000520", "faces": 15, "pavimentada": 100.0, "bueiro": 40.0, "iluminacao": 100.0, "onibus": 40.0, "ciclovia": 0.0, "calcada": 100.0, "obstaculo": 100.0, "rampa": 0.0, "rampa_faces": 0.0, "sem_calcada": 0.0, "sem_arvore": 66.67, "muitas_arvores": 0.0, "vao": 100.0, "V05400": 15, "V05421": 15, "V05406": 15, "V05412": 15, "V05422": 0, "V05424": 15, "V05427": 0, "V05409": 6, "V05415": 6, "V05418": 0, "V05430": 10, "V05433": 0, "criancas_0a4": 32, "em_favela": false }, "geometry": { "type": "Polygon", "coordinates": [ [ [ -46.738908, -23.794657 ], [ -46.739872, -23.795539 ], [ -46.740446, -23.796393 ], [ -46.740992, -23.796942 ], [ -46.741063, -23.796959 ], [ -46.741046, -23.796631 ], [ -46.741099, -23.796306 ], [ -46.741259, -23.795824 ], [ -46.740833, -23.79565 ], [ -46.74049, -23.795346 ], [ -46.739984, -23.794771 ], [ -46.739128, -23.794424 ], [ -46.738908, -23.794657 ] ] ] } },
{ "type": "Feature", "properties": { "CD_SETOR": "355030855000521", "faces": 11, "pavimentada": 100.0, "bueiro": 36.36, "iluminacao": 100.0, "onibus": 27.27, "ciclovia": 0.0, "calcada": 100.0, "obstaculo": 90.91, "rampa": 0.0, "rampa_faces": 0.0, "sem_calcada": 0.0, "sem_arvore": 63.64, "muitas_arvores": 9.09, "vao": 100.0, "V05400": 11, "V05421": 11, "V05406": 11, "V05412": 11, "V05422": 0, "V05424": 10, "V05427": 0, "V05409": 4, "V05415": 3, "V05418": 0, "V05430": 7, "V05433": 1, "criancas_0a4": 39, "em_favela": false }, "geometry": { "type": "Polygon", "coordinates": [ [ [ -46.734464, -23.791843 ], [ -46.735591, -23.792897 ], [ -46.735673, -23.793094 ], [ -46.735618, -23.794142 ], [ -46.735714, -23.79429 ], [ -46.736077, -23.794258 ], [ -46.736427, -23.794316 ], [ -46.73644, -23.794227 ], [ -46.737078, -23.793873 ], [ -46.737628, -23.793468 ], [ -46.737845, -23.793387 ], [ -46.738102, -23.793372 ], [ -46.738614, -23.793144 ], [ -46.738852, -23.793115 ], [ -46.738973, -23.793057 ], [ -46.739058, -23.792918 ], [ -46.739018, -23.792843 ], [ -46.738807, -23.792719 ], [ -46.736729, -23.792636 ], [ -46.736269, -23.792484 ], [ -46.734776, -23.791823 ], [ -46.734464, -23.791843 ] ] ] } },
{ "type": "Feature", "properties": { "CD_SETOR": "355030855000522", "faces": 7, "pavimentada": 100.0, "bueiro": 71.43, "iluminacao": 100.0, "onibus": 14.29, "ciclovia": 0.0, "calcada": 100.0, "obstaculo": 100.0, "rampa": 0.0, "rampa_faces": 0.0, "sem_calcada": 0.0, "sem_arvore": 42.86, "muitas_arvores": 42.86, "vao": 100.0, "V05400": 7, "V05421": 7, "V05406": 7, "V05412": 7, "V05422": 0, "V05424": 7, "V05427": 0, "V05409": 5, "V05415": 1, "V05418": 0, "V05430": 3, "V05433": 3, "criancas_0a4": 41, "em_favela": false }, "geometry": { "type": "Polygon", "coordinates": [ [ [ -46.735714, -23.79429 ], [ -46.735838, -23.794674 ], [ -46.736482, -23.795806 ], [ -46.737725, -23.797355 ], [ -46.738054, -23.797619 ], [ -46.738689, -23.797975 ], [ -46.738842, -23.797831 ], [ -46.738914, -23.797465 ], [ -46.739041, -23.797176 ], [ -46.738834, -23.796777 ], [ -46.73704, -23.794582 ], [ -46.736427, -23.794316 ], [ -46.736077, -23.794258 ], [ -46.735714, -23.79429 ] ] ] } },
{ "type": "Feature", "properties": { "CD_SETOR": "355030855000523", "faces": 4, "pavimentada": 100.0, "bueiro": 25.0, "iluminacao": 100.0, "onibus": 0.0, "ciclovia": 0.0, "calcada": 100.0, "obstaculo": 100.0, "rampa": 0.0, "rampa_faces": 0.0, "sem_calcada": 0.0, "sem_arvore": 25.0, "muitas_arvores": 0.0, "vao": 100.0, "V05400": 4, "V05421": 4, "V05406": 4, "V05412": 4, "V05422": 0, "V05424": 4, "V05427": 0, "V05409": 1, "V05415": 0, "V05418": 0, "V05430": 1, "V05433": 0, "criancas_0a4": 21, "em_favela": false }, "geometry": { "type": "Polygon", "coordinates": [ [ [ -46.736756, -23.794429 ], [ -46.738023, -23.795091 ], [ -46.738406, -23.795226 ], [ -46.738908, -23.794657 ], [ -46.738612, -23.794581 ], [ -46.737664, -23.794008 ], [ -46.737304, -23.794272 ], [ -46.737197, -23.794224 ], [ -46.73699, -23.794276 ], [ -46.736756, -23.794429 ] ] ] } },
{ "type": "Feature", "properties": { "CD_SETOR": "355030855000524", "faces": 17, "pavimentada": 100.0, "bueiro": 52.94, "iluminacao": 88.24, "onibus": 17.65, "ciclovia": 0.0, "calcada": 88.24, "obstaculo": 86.67, "rampa": 0.0, "rampa_faces": 0.0, "sem_calcada": 11.76, "sem_arvore": 35.29, "muitas_arvores": 17.65, "vao": 100.0, "V05400": 17, "V05421": 15, "V05406": 17, "V05412": 15, "V05422": 2, "V05424": 13, "V05427": 0, "V05409": 9, "V05415": 3, "V05418": 0, "V05430": 6, "V05433": 3, "criancas_0a4": 25, "em_favela": false }, "geometry": { "type": "Polygon", "coordinates": [ [ [ -46.736427, -23.794316 ], [ -46.736756, -23.794429 ], [ -46.73699, -23.794276 ], [ -46.737197, -23.794224 ], [ -46.737304, -23.794272 ], [ -46.737664, -23.794008 ], [ -46.738612, -23.794581 ], [ -46.738908, -23.794657 ], [ -46.739128, -23.794424 ], [ -46.738814, -23.794237 ], [ -46.739064, -23.793972 ], [ -46.739195, -23.793961 ], [ -46.740193, -23.794169 ], [ -46.740539, -23.794416 ], [ -46.740663, -23.794398 ], [ -46.740731, -23.794286 ], [ -46.740803, -23.79369 ], [ -46.739018, -23.792843 ], [ -46.739058, -23.792918 ], [ -46.738973, -23.793057 ], [ -46.738614, -23.793144 ], [ -46.738102, -23.793372 ], [ -46.737845, -23.793387 ], [ -46.737628, -23.793468 ], [ -46.737078, -23.793873 ], [ -46.73644, -23.794227 ], [ -46.736427, -23.794316 ] ] ] } },
{ "type": "Feature", "properties": { "CD_SETOR": "355030855000525", "faces": 6, "pavimentada": 100.0, "bueiro": 66.67, "iluminacao": 100.0, "onibus": 33.33, "ciclovia": 0.0, "calcada": 100.0, "obstaculo": 100.0, "rampa": 0.0, "rampa_faces": 0.0, "sem_calcada": 0.0, "sem_arvore": 16.67, "muitas_arvores": 0.0, "vao": 100.0, "V05400": 6, "V05421": 6, "V05406": 6, "V05412": 6, "V05422": 0, "V05424": 6, "V05427": 0, "V05409": 4, "V05415": 2, "V05418": 0, "V05430": 1, "V05433": 0, "criancas_0a4": 41, "em_favela": false }, "geometry": { "type": "Polygon", "coordinates": [ [ [ -46.730805, -23.793038 ], [ -46.735137, -23.794682 ], [ -46.734971, -23.795448 ], [ -46.736068, -23.795741 ], [ -46.736382, -23.795771 ], [ -46.736422, -23.795689 ], [ -46.735838, -23.794674 ], [ -46.735714, -23.79429 ], [ -46.735625, -23.794172 ], [ -46.734554, -23.794094 ], [ -46.734384, -23.793922 ], [ -46.734207, -23.793838 ], [ -46.733843, -23.793872 ], [ -46.733187, -23.79328 ], [ -46.733103, -23.793532 ], [ -46.732989, -23.793533 ], [ -46.731034, -23.792798 ], [ -46.730805, -23.793038 ] ] ] } },
{ "type": "Feature", "properties": { "CD_SETOR": "355030855000526", "faces": 12, "pavimentada": 100.0, "bueiro": 8.33, "iluminacao": 100.0, "onibus": 8.33, "ciclovia": 0.0, "calcada": 66.67, "obstaculo": 100.0, "rampa": 0.0, "rampa_faces": 0.0, "sem_calcada": 33.33, "sem_arvore": 33.33, "muitas_arvores": 0.0, "vao": 100.0, "V05400": 12, "V05421": 8, "V05406": 12, "V05412": 12, "V05422": 4, "V05424": 8, "V05427": 0, "V05409": 1, "V05415": 1, "V05418": 0, "V05430": 4, "V05433": 0, "criancas_0a4": 22, "em_favela": false }, "geometry": { "type": "Polygon", "coordinates": [ [ [ -46.733187, -23.79328 ], [ -46.733843, -23.793872 ], [ -46.734207, -23.793838 ], [ -46.734384, -23.793922 ], [ -46.734554, -23.794094 ], [ -46.735625, -23.794172 ], [ -46.735673, -23.793094 ], [ -46.735591, -23.792897 ], [ -46.734712, -23.792071 ], [ -46.73453, -23.792259 ], [ -46.734465, -23.792398 ], [ -46.733177, -23.792692 ], [ -46.733231, -23.793094 ], [ -46.733187, -23.79328 ] ] ] } },
{ "type": "Feature", "properties": { "CD_SETOR": "355030855000527", "faces": 29, "pavimentada": 72.41, "bueiro": 41.38, "iluminacao": 100.0, "onibus": 17.24, "ciclovia": 0.0, "calcada": 58.62, "obstaculo": 94.12, "rampa": 0.0, "rampa_faces": 0.0, "sem_calcada": 41.38, "sem_arvore": 31.03, "muitas_arvores": 3.45, "vao": 72.41, "V05400": 29, "V05421": 17, "V05406": 21, "V05412": 29, "V05422": 12, "V05424": 16, "V05427": 0, "V05409": 12, "V05415": 5, "V05418": 0, "V05430": 9, "V05433": 1, "criancas_0a4": 28, "em_favela": false }, "geometry": { "type": "Polygon", "coordinates": [ [ [ -46.732636, -23.78863 ], [ -46.732758, -23.788891 ], [ -46.732812, -23.789184 ], [ -46.732822, -23.789964 ], [ -46.732765, -23.790167 ], [ -46.732223, -23.79089 ], [ -46.731871, -23.791645 ], [ -46.731667, -23.791971 ], [ -46.731034, -23.792798 ], [ -46.732848, -23.793485 ], [ -46.733103, -23.793532 ], [ -46.733231, -23.793094 ], [ -46.733177, -23.792692 ], [ -46.734465, -23.792398 ], [ -46.73453, -23.792259 ], [ -46.734712, -23.792071 ], [ -46.734464, -23.791843 ], [ -46.733003, -23.79216 ], [ -46.732283, -23.792197 ], [ -46.732773, -23.791165 ], [ -46.734726, -23.790814 ], [ -46.73449, -23.790351 ], [ -46.734276, -23.789733 ], [ -46.733438, -23.78951 ], [ -46.733567, -23.788719 ], [ -46.733072, -23.788616 ], [ -46.732636, -23.78863 ] ] ] } },
{ "type": "Feature", "properties": { "CD_SETOR": "355030855000528", "faces": 22, "pavimentada": 100.0, "bueiro": 59.09, "iluminacao": 100.0, "onibus": 0.0, "ciclovia": 0.0, "calcada": 95.45, "obstaculo": 85.71, "rampa": 0.0, "rampa_faces": 0.0, "sem_calcada": 4.55, "sem_arvore": 40.91, "muitas_arvores": 13.64, "vao": 100.0, "V05400": 22, "V05421": 21, "V05406": 22, "V05412": 22, "V05422": 1, "V05424": 18, "V05427": 0, "V05409": 13, "V05415": 0, "V05418": 0, "V05430": 9, "V05433": 3, "criancas_0a4": 46, "em_favela": false }, "geometry": { "type": "Polygon", "coordinates": [ [ [ -46.704209, -23.861829 ], [ -46.708033, -23.862179 ], [ -46.708241, -23.86048 ], [ -46.707727, -23.86045 ], [ -46.707698, -23.860711 ], [ -46.706695, -23.860417 ], [ -46.706121, -23.860332 ], [ -46.704371, -23.860206 ], [ -46.70431, -23.860952 ], [ -46.704257, -23.861028 ], [ -46.704234, -23.861252 ], [ -46.704209, -23.861829 ] ] ] } },
{ "type": "Feature", "properties": { "CD_SETOR": "355030855000529", "faces": 2, "pavimentada": 100.0, "bueiro": 50.0, "iluminacao": 100.0, "onibus": 0.0, "ciclovia": 0.0, "calcada": 100.0, "obstaculo": 50.0, "rampa": 100.0, "rampa_faces": 100.0, "sem_calcada": 0.0, "sem_arvore": 50.0, "muitas_arvores": 50.0, "vao": 0.0, "V05400": 2, "V05421": 2, "V05406": 2, "V05412": 2, "V05422": 0, "V05424": 1, "V05427": 2, "V05409": 1, "V05415": 0, "V05418": 0, "V05430": 1, "V05433": 1, "criancas_0a4": 50, "em_favela": false }, "geometry": { "type": "Polygon", "coordinates": [ [ [ -46.703959, -23.850368 ], [ -46.702767, -23.861119 ], [ -46.702583, -23.863123 ], [ -46.702901, -23.863137 ], [ -46.702867, -23.863021 ], [ -46.702959, -23.862019 ], [ -46.704235, -23.850821 ], [ -46.704249, -23.850371 ], [ -46.704345, -23.849888 ], [ -46.704139, -23.849641 ], [ -46.703959, -23.850368 ] ] ] } },
{ "type": "Feature", "properties": { "CD_SETOR": "355030855000530", "faces": 28, "pavimentada": 46.43, "bueiro": 21.43, "iluminacao": 96.43, "onibus": 7.14, "ciclovia": 0.0, "calcada": 50.0, "obstaculo": 85.71, "rampa": 0.0, "rampa_faces": 0.0, "sem_calcada": 50.0, "sem_arvore": 75.0, "muitas_arvores": 3.57, "vao": 46.43, "V05400": 28, "V05421": 14, "V05406": 13, "V05412": 27, "V05422": 14, "V05424": 12, "V05427": 0, "V05409": 6, "V05415": 2, "V05418": 0, "V05430": 21, "V05433": 1, "criancas_0a4": 76, "em_favela": false }, "geometry": { "type": "Polygon", "coordinates": [ [ [ -46.703184, -23.860249 ], [ -46.702959, -23.862019 ], [ -46.702878, -23.863113 ], [ -46.703163, -23.863204 ], [ -46.70425, -23.863304 ], [ -46.704263, -23.86325 ], [ -46.70457, -23.863261 ], [ -46.70458, -23.863131 ], [ -46.704679, -23.863141 ], [ -46.704663, -23.863276 ], [ -46.705255, -23.863322 ], [ -46.705239, -23.863429 ], [ -46.705784, -23.863457 ], [ -46.705937, -23.86198 ], [ -46.704209, -23.861829 ], [ -46.704234, -23.861252 ], [ -46.704257, -23.861028 ], [ -46.70431, -23.860952 ], [ -46.704371, -23.860206 ], [ -46.703184, -23.860249 ] ] ] } },
{ "type": "Feature", "properties": { "CD_SETOR": "355030855000531", "faces": 30, "pavimentada": 63.33, "bueiro": 53.33, "iluminacao": 100.0, "onibus": 6.67, "ciclovia": 0.0, "calcada": 66.67, "obstaculo": 95.0, "rampa": 0.0, "rampa_faces": 0.0, "sem_calcada": 33.33, "sem_arvore": 60.0, "muitas_arvores": 6.67, "vao": 63.33, "V05400": 30, "V05421": 20, "V05406": 19, "V05412": 30, "V05422": 10, "V05424": 19, "V05427": 0, "V05409": 16, "V05415": 2, "V05418": 0, "V05430": 18, "V05433": 2, "criancas_0a4": 77, "em_favela": false }, "geometry": { "type": "Polygon", "coordinates": [ [ [ -46.705784, -23.863457 ], [ -46.706312, -23.863514 ], [ -46.70632, -23.863441 ], [ -46.707007, -23.8635 ], [ -46.706999, -23.863754 ], [ -46.707921, -23.863829 ], [ -46.707855, -23.864628 ], [ -46.708325, -23.864665 ], [ -46.70832, -23.86473 ], [ -46.708433, -23.864738 ], [ -46.708416, -23.864936 ], [ -46.708865, -23.864982 ], [ -46.708926, -23.865028 ], [ -46.708813, -23.866144 ], [ -46.709416, -23.86617 ], [ -46.709689, -23.863521 ], [ -46.707933, -23.863354 ], [ -46.708033, -23.862179 ], [ -46.705937, -23.86198 ], [ -46.705784, -23.863457 ] ] ] } },
{ "type": "Feature", "properties": { "CD_SETOR": "355030855000532", "faces": 34, "pavimentada": 100.0, "bueiro": 55.88, "iluminacao": 100.0, "onibus": 2.94, "ciclovia": 0.0, "calcada": 100.0, "obstaculo": 82.35, "rampa": 29.41, "rampa_faces": 29.41, "sem_calcada": 0.0, "sem_arvore": 47.06, "muitas_arvores": 23.53, "vao": 70.59, "V05400": 34, "V05421": 34, "V05406": 34, "V05412": 34, "V05422": 0, "V05424": 28, "V05427": 10, "V05409": 19, "V05415": 1, "V05418": 0, "V05430": 16, "V05433": 8, "criancas_0a4": 47, "em_favela": false }, "geometry": { "type": "Polygon", "coordinates": [ [ [ -46.704345, -23.849888 ], [ -46.704249, -23.850371 ], [ -46.704173, -23.851373 ], [ -46.707997, -23.851724 ], [ -46.708247, -23.849674 ], [ -46.707947, -23.849737 ], [ -46.707351, -23.850034 ], [ -46.70699, -23.850112 ], [ -46.706039, -23.849978 ], [ -46.704832, -23.850095 ], [ -46.70454, -23.850017 ], [ -46.704345, -23.849888 ] ] ] } },
{ "type": "Feature", "properties": { "CD_SETOR": "355030855000533", "faces": 15, "pavimentada": 100.0, "bueiro": 20.0, "iluminacao": 100.0, "onibus": 6.67, "ciclovia": 0.0, "calcada": 100.0, "obstaculo": 100.0, "rampa": 0.0, "rampa_faces": 0.0, "sem_calcada": 0.0, "sem_arvore": 40.0, "muitas_arvores": 6.67, "vao": 100.0, "V05400": 15, "V05421": 15, "V05406": 15, "V05412": 15, "V05422": 0, "V05424": 15, "V05427": 0, "V05409": 3, "V05415": 1, "V05418": 0, "V05430": 6, "V05433": 1, "criancas_0a4": 14, "em_favela": false }, "geometry": { "type": "Polygon", "coordinates": [ [ [ -46.706879, -23.852168 ], [ -46.707938, -23.852267 ], [ -46.707907, -23.853057 ], [ -46.707998, -23.853185 ], [ -46.70916, -23.853277 ], [ -46.709325, -23.852924 ], [ -46.709218, -23.851845 ], [ -46.706898, -23.851623 ], [ -46.706879, -23.852168 ] ] ] } },
{ "type": "Feature", "properties": { "CD_SETOR": "355030855000534", "faces": 16, "pavimentada": 100.0, "bueiro": 18.75, "iluminacao": 100.0, "onibus": 12.5, "ciclovia": 0.0, "calcada": 87.5, "obstaculo": 100.0, "rampa": 0.0, "rampa_faces": 0.0, "sem_calcada": 12.5, "sem_arvore": 31.25, "muitas_arvores": 18.75, "vao": 100.0, "V05400": 16, "V05421": 14, "V05406": 16, "V05412": 16, "V05422": 2, "V05424": 14, "V05427": 0, "V05409": 3, "V05415": 2, "V05418": 0, "V05430": 5, "V05433": 3, "criancas_0a4": 28, "em_favela": false }, "geometry": { "type": "Polygon", "coordinates": [ [ [ -46.706933, -23.852663 ], [ -46.706781, -23.854547 ], [ -46.708239, -23.854724 ], [ -46.708301, -23.854469 ], [ -46.7084, -23.853431 ], [ -46.708325, -23.853219 ], [ -46.707998, -23.853185 ], [ -46.707907, -23.853057 ], [ -46.707938, -23.852267 ], [ -46.706879, -23.852168 ], [ -46.706933, -23.852663 ] ] ] } },
{ "type": "Feature", "properties": { "CD_SETOR": "355030855000535", "faces": 14, "pavimentada": 100.0, "bueiro": 78.57, "iluminacao": 100.0, "onibus": 7.14, "ciclovia": 0.0, "calcada": 100.0, "obstaculo": 100.0, "rampa": 0.0, "rampa_faces": 0.0, "sem_calcada": 0.0, "sem_arvore": 14.29, "muitas_arvores": 35.71, "vao": 100.0, "V05400": 14, "V05421": 14, "V05406": 14, "V05412": 14, "V05422": 0, "V05424": 14, "V05427": 0, "V05409": 11, "V05415": 1, "V05418": 0, "V05430": 2, "V05433": 5, "criancas_0a4": 41, "em_favela": false }, "geometry": { "type": "Polygon", "coordinates": [ [ [ -46.704425, -23.854298 ], [ -46.705008, -23.854374 ], [ -46.705068, -23.853867 ], [ -46.705141, -23.853794 ], [ -46.706287, -23.853307 ], [ -46.706916, -23.853168 ], [ -46.706898, -23.851623 ], [ -46.705341, -23.851474 ], [ -46.705147, -23.852903 ], [ -46.704574, -23.852879 ], [ -46.704425, -23.854298 ] ] ] } },
{ "type": "Feature", "properties": { "CD_SETOR": "355030855000536", "faces": 12, "pavimentada": 100.0, "bueiro": 75.0, "iluminacao": 100.0, "onibus": 0.0, "ciclovia": 0.0, "calcada": 100.0, "obstaculo": 100.0, "rampa": 0.0, "rampa_faces": 0.0, "sem_calcada": 0.0, "sem_arvore": 33.33, "muitas_arvores": 33.33, "vao": 100.0, "V05400": 12, "V05421": 12, "V05406": 12, "V05412": 12, "V05422": 0, "V05424": 12, "V05427": 0, "V05409": 9, "V05415": 0, "V05418": 0, "V05430": 4, "V05433": 4, "criancas_0a4": 28, "em_favela": false }, "geometry": { "type": "Polygon", "coordinates": [ [ [ -46.703837, -23.854234 ], [ -46.704425, -23.854298 ], [ -46.704574, -23.852879 ], [ -46.705147, -23.852903 ], [ -46.705341, -23.851474 ], [ -46.704173, -23.851373 ], [ -46.703837, -23.854234 ] ] ] } },
{ "type": "Feature", "properties": { "CD_SETOR": "355030855000537", "faces": 11, "pavimentada": 100.0, "bueiro": 45.45, "iluminacao": 100.0, "onibus": 0.0, "ciclovia": 0.0, "calcada": 100.0, "obstaculo": 100.0, "rampa": 0.0, "rampa_faces": 0.0, "sem_calcada": 0.0, "sem_arvore": 9.09, "muitas_arvores": 18.18, "vao": 100.0, "V05400": 11, "V05421": 11, "V05406": 11, "V05412": 11, "V05422": 0, "V05424": 11, "V05427": 0, "V05409": 5, "V05415": 0, "V05418": 0, "V05430": 1, "V05433": 2, "criancas_0a4": 18, "em_favela": false }, "geometry": { "type": "Polygon", "coordinates": [ [ [ -46.705008, -23.854374 ], [ -46.706781, -23.854547 ], [ -46.706916, -23.853168 ], [ -46.706287, -23.853307 ], [ -46.705141, -23.853794 ], [ -46.705068, -23.853867 ], [ -46.705008, -23.854374 ] ] ] } },
{ "type": "Feature", "properties": { "CD_SETOR": "355030855000538", "faces": 26, "pavimentada": 80.77, "bueiro": 76.92, "iluminacao": 100.0, "onibus": 15.38, "ciclovia": 0.0, "calcada": 80.77, "obstaculo": 100.0, "rampa": 0.0, "rampa_faces": 0.0, "sem_calcada": 19.23, "sem_arvore": 50.0, "muitas_arvores": 7.69, "vao": 80.77, "V05400": 26, "V05421": 21, "V05406": 21, "V05412": 26, "V05422": 5, "V05424": 21, "V05427": 0, "V05409": 20, "V05415": 4, "V05418": 0, "V05430": 13, "V05433": 2, "criancas_0a4": 49, "em_favela": false }, "geometry": { "type": "Polygon", "coordinates": [ [ [ -46.710942, -23.825498 ], [ -46.710453, -23.825978 ], [ -46.711319, -23.826871 ], [ -46.711429, -23.826931 ], [ -46.713403, -23.827351 ], [ -46.713905, -23.826163 ], [ -46.714239, -23.825984 ], [ -46.715304, -23.825574 ], [ -46.715075, -23.8254 ], [ -46.714868, -23.825086 ], [ -46.714966, -23.824451 ], [ -46.714608, -23.824553 ], [ -46.714328, -23.824718 ], [ -46.713892, -23.824808 ], [ -46.713833, -23.824307 ], [ -46.711719, -23.825408 ], [ -46.711215, -23.82572 ], [ -46.710942, -23.825498 ] ] ] } },
{ "type": "Feature", "properties": { "CD_SETOR": "355030855000539", "faces": 15, "pavimentada": 26.67, "bueiro": 26.67, "iluminacao": 100.0, "onibus": 6.67, "ciclovia": 0.0, "calcada": 13.33, "obstaculo": 100.0, "rampa": 0.0, "rampa_faces": 0.0, "sem_calcada": 86.67, "sem_arvore": 0.0, "muitas_arvores": 26.67, "vao": 26.67, "V05400": 15, "V05421": 2, "V05406": 4, "V05412": 15, "V05422": 13, "V05424": 2, "V05427": 0, "V05409": 4, "V05415": 1, "V05418": 0, "V05430": 0, "V05433": 4, "criancas_0a4": 41, "em_favela": false }, "geometry": { "type": "Polygon", "coordinates": [ [ [ -46.707604, -23.82405 ], [ -46.707754, -23.824547 ], [ -46.708289, -23.825014 ], [ -46.708416, -23.825071 ], [ -46.708535, -23.825065 ], [ -46.708909, -23.824903 ], [ -46.709136, -23.824902 ], [ -46.709471, -23.824993 ], [ -46.710453, -23.825978 ], [ -46.710942, -23.825498 ], [ -46.710797, -23.825277 ], [ -46.710649, -23.824849 ], [ -46.712001, -23.824171 ], [ -46.713299, -23.82339 ], [ -46.713902, -23.822596 ], [ -46.713565, -23.822297 ], [ -46.713356, -23.822355 ], [ -46.713052, -23.821981 ], [ -46.712591, -23.822223 ], [ -46.712081, -23.822394 ], [ -46.710099, -23.822785 ], [ -46.708344, -23.824056 ], [ -46.707761, -23.823929 ], [ -46.707604, -23.82405 ] ] ] } },
{ "type": "Feature", "properties": { "CD_SETOR": "355030855000540", "faces": 48, "pavimentada": 8.33, "bueiro": 0.0, "iluminacao": 95.83, "onibus": 0.0, "ciclovia": 0.0, "calcada": 0.0, "obstaculo": null, "rampa": null, "rampa_faces": 0.0, "sem_calcada": 100.0, "sem_arvore": 16.67, "muitas_arvores": 66.67, "vao": 8.33, "V05400": 48, "V05421": 0, "V05406": 4, "V05412": 46, "V05422": 48, "V05424": 0, "V05427": 0, "V05409": 0, "V05415": 0, "V05418": 0, "V05430": 8, "V05433": 32, "criancas_0a4": 52, "em_favela": false }, "geometry": { "type": "Polygon", "coordinates": [ [ [ -46.636356, -23.880221 ], [ -46.636881, -23.880207 ], [ -46.637584, -23.880021 ], [ -46.638033, -23.879807 ], [ -46.638883, -23.87988 ], [ -46.63917, -23.879845 ], [ -46.639376, -23.879715 ], [ -46.639876, -23.879644 ], [ -46.6403, -23.879744 ], [ -46.640549, -23.879879 ], [ -46.641156, -23.880072 ], [ -46.641448, -23.880075 ], [ -46.641672, -23.880003 ], [ -46.641543, -23.880233 ], [ -46.642389, -23.879992 ], [ -46.642559, -23.879837 ], [ -46.642841, -23.87925 ], [ -46.643506, -23.878736 ], [ -46.643664, -23.878705 ], [ -46.64373, -23.878632 ], [ -46.643915, -23.878342 ], [ -46.643969, -23.878131 ], [ -46.643652, -23.877996 ], [ -46.643493, -23.877532 ], [ -46.6432, -23.877451 ], [ -46.643183, -23.876979 ], [ -46.643524, -23.876808 ], [ -46.643401, -23.876637 ], [ -46.643515, -23.876578 ], [ -46.6434, -23.876457 ], [ -46.64313, -23.876668 ], [ -46.642777, -23.876441 ], [ -46.642477, -23.876379 ], [ -46.641685, -23.876367 ], [ -46.641682, -23.876147 ], [ -46.642107, -23.876047 ], [ -46.642104, -23.875789 ], [ -46.642292, -23.875844 ], [ -46.64253, -23.875823 ], [ -46.642622, -23.875669 ], [ -46.643105, -23.875664 ], [ -46.643103, -23.87507 ], [ -46.641499, -23.875428 ], [ -46.640864, -23.875225 ], [ -46.64038, -23.875186 ], [ -46.63979, -23.875021 ], [ -46.639654, -23.875165 ], [ -46.638888, -23.875644 ], [ -46.638379, -23.876136 ], [ -46.638017, -23.876916 ], [ -46.63777, -23.877728 ], [ -46.637413, -23.878637 ], [ -46.637118, -23.878937 ], [ -46.636675, -23.879747 ], [ -46.636356, -23.880221 ] ] ] } },
{ "type": "Feature", "properties": { "CD_SETOR": "355030855000542", "faces": 25, "pavimentada": 100.0, "bueiro": 40.0, "iluminacao": 96.0, "onibus": 0.0, "ciclovia": 0.0, "calcada": 92.0, "obstaculo": 100.0, "rampa": 0.0, "rampa_faces": 0.0, "sem_calcada": 8.0, "sem_arvore": 24.0, "muitas_arvores": 8.0, "vao": 100.0, "V05400": 25, "V05421": 23, "V05406": 25, "V05412": 24, "V05422": 2, "V05424": 23, "V05427": 0, "V05409": 10, "V05415": 0, "V05418": 0, "V05430": 6, "V05433": 2, "criancas_0a4": 58, "em_favela": false }, "geometry": { "type": "Polygon", "coordinates": [ [ [ -46.714333, -23.864249 ], [ -46.714207, -23.865495 ], [ -46.713032, -23.865398 ], [ -46.712893, -23.866842 ], [ -46.71514, -23.867073 ], [ -46.7152, -23.866985 ], [ -46.715253, -23.866693 ], [ -46.715225, -23.864507 ], [ -46.715268, -23.864208 ], [ -46.715189, -23.86408 ], [ -46.714829, -23.864307 ], [ -46.714333, -23.864249 ] ] ] } },
{ "type": "Feature", "properties": { "CD_SETOR": "355030855000543", "faces": 25, "pavimentada": 88.0, "bueiro": 56.0, "iluminacao": 96.0, "onibus": 0.0, "ciclovia": 0.0, "calcada": 88.0, "obstaculo": 95.45, "rampa": 0.0, "rampa_faces": 0.0, "sem_calcada": 12.0, "sem_arvore": 40.0, "muitas_arvores": 4.0, "vao": 88.0, "V05400": 25, "V05421": 22, "V05406": 22, "V05412": 24, "V05422": 3, "V05424": 21, "V05427": 0, "V05409": 14, "V05415": 0, "V05418": 0, "V05430": 10, "V05433": 1, "criancas_0a4": 47, "em_favela": false }, "geometry": { "type": "Polygon", "coordinates": [ [ [ -46.709506, -23.865077 ], [ -46.709355, -23.866538 ], [ -46.712893, -23.866842 ], [ -46.713032, -23.865398 ], [ -46.709506, -23.865077 ] ] ] } },
{ "type": "Feature", "properties": { "CD_SETOR": "355030855000544", "faces": 23, "pavimentada": 30.43, "bueiro": 26.09, "iluminacao": 100.0, "onibus": 0.0, "ciclovia": 0.0, "calcada": 56.52, "obstaculo": 100.0, "rampa": 0.0, "rampa_faces": 0.0, "sem_calcada": 43.48, "sem_arvore": 69.57, "muitas_arvores": 4.35, "vao": 30.43, "V05400": 23, "V05421": 13, "V05406": 7, "V05412": 23, "V05422": 10, "V05424": 13, "V05427": 0, "V05409": 6, "V05415": 0, "V05418": 0, "V05430": 16, "V05433": 1, "criancas_0a4": 61, "em_favela": false }, "geometry": { "type": "Polygon", "coordinates": [ [ [ -46.71514, -23.867073 ], [ -46.714046, -23.866937 ], [ -46.709355, -23.866538 ], [ -46.709318, -23.867695 ], [ -46.709859, -23.867661 ], [ -46.711623, -23.867761 ], [ -46.712756, -23.867912 ], [ -46.714781, -23.868303 ], [ -46.714855, -23.867505 ], [ -46.71514, -23.867073 ] ] ] } },
{ "type": "Feature", "properties": { "CD_SETOR": "355030855000545", "faces": 11, "pavimentada": 100.0, "bueiro": 45.45, "iluminacao": 100.0, "onibus": 27.27, "ciclovia": 0.0, "calcada": 72.73, "obstaculo": 100.0, "rampa": 0.0, "rampa_faces": 0.0, "sem_calcada": 27.27, "sem_arvore": 54.55, "muitas_arvores": 0.0, "vao": 100.0, "V05400": 11, "V05421": 8, "V05406": 11, "V05412": 11, "V05422": 3, "V05424": 8, "V05427": 0, "V05409": 5, "V05415": 3, "V05418": 0, "V05430": 6, "V05433": 0, "criancas_0a4": 14, "em_favela": false }, "geometry": { "type": "Polygon", "coordinates": [ [ [ -46.752581, -23.866451 ], [ -46.752556, -23.866581 ], [ -46.752372, -23.866918 ], [ -46.75239, -23.867153 ], [ -46.753696, -23.866802 ], [ -46.75447, -23.866787 ], [ -46.754915, -23.866828 ], [ -46.755317, -23.867186 ], [ -46.754999, -23.86742 ], [ -46.755655, -23.868028 ], [ -46.755967, -23.867813 ], [ -46.756302, -23.86813 ], [ -46.757267, -23.868564 ], [ -46.75696, -23.867892 ], [ -46.755946, -23.866967 ], [ -46.755972, -23.866895 ], [ -46.755899, -23.866337 ], [ -46.753717, -23.86607 ], [ -46.752581, -23.866451 ] ] ] } },
{ "type": "Feature", "properties": { "CD_SETOR": "355030855000546", "faces": 11, "pavimentada": 100.0, "bueiro": 36.36, "iluminacao": 100.0, "onibus": 9.09, "ciclovia": 0.0, "calcada": 90.91, "obstaculo": 100.0, "rampa": 0.0, "rampa_faces": 0.0, "sem_calcada": 9.09, "sem_arvore": 63.64, "muitas_arvores": 0.0, "vao": 100.0, "V05400": 11, "V05421": 10, "V05406": 11, "V05412": 11, "V05422": 1, "V05424": 10, "V05427": 0, "V05409": 4, "V05415": 1, "V05418": 0, "V05430": 7, "V05433": 0, "criancas_0a4": 42, "em_favela": false }, "geometry": { "type": "Polygon", "coordinates": [ [ [ -46.75239, -23.867153 ], [ -46.752556, -23.867636 ], [ -46.75244, -23.867865 ], [ -46.752045, -23.868279 ], [ -46.751846, -23.86875 ], [ -46.752197, -23.868748 ], [ -46.752187, -23.868692 ], [ -46.753592, -23.868452 ], [ -46.754263, -23.868213 ], [ -46.75471, -23.867884 ], [ -46.754859, -23.867652 ], [ -46.754763, -23.867394 ], [ -46.754445, -23.867012 ], [ -46.754183, -23.866792 ], [ -46.753696, -23.866802 ], [ -46.75239, -23.867153 ] ] ] } },
{ "type": "Feature", "properties": { "CD_SETOR": "355030855000548", "faces": 18, "pavimentada": 61.11, "bueiro": 16.67, "iluminacao": 38.89, "onibus": 16.67, "ciclovia": 0.0, "calcada": 11.11, "obstaculo": 100.0, "rampa": 0.0, "rampa_faces": 0.0, "sem_calcada": 88.89, "sem_arvore": 61.11, "muitas_arvores": 5.56, "vao": 61.11, "V05400": 18, "V05421": 2, "V05406": 11, "V05412": 7, "V05422": 16, "V05424": 2, "V05427": 0, "V05409": 3, "V05415": 3, "V05418": 0, "V05430": 11, "V05433": 1, "criancas_0a4": 17, "em_favela": false }, "geometry": { "type": "Polygon", "coordinates": [ [ [ -46.756384, -23.865044 ], [ -46.7558, -23.865183 ], [ -46.754053, -23.865193 ], [ -46.753465, -23.865238 ], [ -46.752224, -23.865443 ], [ -46.752149, -23.865688 ], [ -46.752176, -23.865838 ], [ -46.752581, -23.866451 ], [ -46.753717, -23.86607 ], [ -46.755751, -23.866344 ], [ -46.756806, -23.866245 ], [ -46.757224, -23.866139 ], [ -46.757458, -23.866027 ], [ -46.757779, -23.865684 ], [ -46.757791, -23.865581 ], [ -46.757676, -23.865215 ], [ -46.757684, -23.86478 ], [ -46.757399, -23.864901 ], [ -46.757078, -23.865222 ], [ -46.757042, -23.865395 ], [ -46.75677, -23.865563 ], [ -46.756384, -23.865044 ] ] ] } },
{ "type": "Feature", "properties": { "CD_SETOR": "355030855000549", "faces": 16, "pavimentada": 81.25, "bueiro": 81.25, "iluminacao": 81.25, "onibus": 31.25, "ciclovia": 12.5, "calcada": 68.75, "obstaculo": 100.0, "rampa": 0.0, "rampa_faces": 0.0, "sem_calcada": 31.25, "sem_arvore": 37.5, "muitas_arvores": 0.0, "vao": 81.25, "V05400": 16, "V05421": 11, "V05406": 13, "V05412": 13, "V05422": 5, "V05424": 11, "V05427": 0, "V05409": 13, "V05415": 5, "V05418": 2, "V05430": 6, "V05433": 0, "criancas_0a4": 28, "em_favela": false }, "geometry": { "type": "Polygon", "coordinates": [ [ [ -46.705227, -23.817029 ], [ -46.704368, -23.818421 ], [ -46.704317, -23.818969 ], [ -46.704332, -23.819213 ], [ -46.704413, -23.819358 ], [ -46.704699, -23.818779 ], [ -46.706243, -23.818532 ], [ -46.706703, -23.818417 ], [ -46.706792, -23.818345 ], [ -46.705703, -23.817168 ], [ -46.705887, -23.816773 ], [ -46.705724, -23.816735 ], [ -46.705383, -23.816453 ], [ -46.705227, -23.817029 ] ] ] } },
{ "type": "Feature", "properties": { "CD_SETOR": "355030855000550", "faces": 22, "pavimentada": 100.0, "bueiro": 95.45, "iluminacao": 100.0, "onibus": 50.0, "ciclovia": 27.27, "calcada": 100.0, "obstaculo": 100.0, "rampa": 0.0, "rampa_faces": 0.0, "sem_calcada": 0.0, "sem_arvore": 31.82, "muitas_arvores": 0.0, "vao": 100.0, "V05400": 22, "V05421": 22, "V05406": 22, "V05412": 22, "V05422": 0, "V05424": 22, "V05427": 0, "V05409": 21, "V05415": 11, "V05418": 6, "V05430": 7, "V05433": 0, "criancas_0a4": 40, "em_favela": false }, "geometry": { "type": "Polygon", "coordinates": [ [ [ -46.704368, -23.818421 ], [ -46.703697, -23.819223 ], [ -46.703368, -23.820004 ], [ -46.704159, -23.819922 ], [ -46.703821, -23.82073 ], [ -46.703798, -23.820831 ], [ -46.703863, -23.821033 ], [ -46.704708, -23.820745 ], [ -46.705391, -23.820751 ], [ -46.705583, -23.820663 ], [ -46.70569, -23.820488 ], [ -46.705708, -23.819858 ], [ -46.705411, -23.819214 ], [ -46.705836, -23.818605 ], [ -46.704699, -23.818779 ], [ -46.704413, -23.819358 ], [ -46.704332, -23.819213 ], [ -46.704317, -23.818969 ], [ -46.704368, -23.818421 ] ] ] } },
{ "type": "Feature", "properties": { "CD_SETOR": "355030855000551", "faces": 16, "pavimentada": 100.0, "bueiro": 75.0, "iluminacao": 100.0, "onibus": 0.0, "ciclovia": 0.0, "calcada": 100.0, "obstaculo": 62.5, "rampa": 0.0, "rampa_faces": 0.0, "sem_calcada": 0.0, "sem_arvore": 62.5, "muitas_arvores": 6.25, "vao": 100.0, "V05400": 16, "V05421": 16, "V05406": 16, "V05412": 16, "V05422": 0, "V05424": 10, "V05427": 0, "V05409": 12, "V05415": 0, "V05418": 0, "V05430": 10, "V05433": 1, "criancas_0a4": 33, "em_favela": false }, "geometry": { "type": "Polygon", "coordinates": [ [ [ -46.721476, -23.768467 ], [ -46.720769, -23.76905 ], [ -46.72152, -23.769888 ], [ -46.720876, -23.770426 ], [ -46.72113, -23.770742 ], [ -46.721245, -23.770807 ], [ -46.72258, -23.76973 ], [ -46.721476, -23.768467 ] ] ] } },
{ "type": "Feature", "properties": { "CD_SETOR": "355030855000552", "faces": 12, "pavimentada": 100.0, "bueiro": 75.0, "iluminacao": 100.0, "onibus": 0.0, "ciclovia": 0.0, "calcada": 91.67, "obstaculo": 81.82, "rampa": 0.0, "rampa_faces": 0.0, "sem_calcada": 8.33, "sem_arvore": 16.67, "muitas_arvores": 16.67, "vao": 100.0, "V05400": 12, "V05421": 11, "V05406": 12, "V05412": 12, "V05422": 1, "V05424": 9, "V05427": 0, "V05409": 9, "V05415": 0, "V05418": 0, "V05430": 2, "V05433": 2, "criancas_0a4": 36, "em_favela": false }, "geometry": { "type": "Polygon", "coordinates": [ [ [ -46.719712, -23.769958 ], [ -46.72052, -23.770914 ], [ -46.72113, -23.770742 ], [ -46.720876, -23.770426 ], [ -46.72152, -23.769888 ], [ -46.720769, -23.76905 ], [ -46.720142, -23.76957 ], [ -46.720297, -23.769776 ], [ -46.719712, -23.769958 ] ] ] } },
{ "type": "Feature", "properties": { "CD_SETOR": "355030855000553", "faces": 8, "pavimentada": 100.0, "bueiro": 75.0, "iluminacao": 100.0, "onibus": 0.0, "ciclovia": 0.0, "calcada": 100.0, "obstaculo": 100.0, "rampa": 0.0, "rampa_faces": 0.0, "sem_calcada": 0.0, "sem_arvore": 50.0, "muitas_arvores": 0.0, "vao": 100.0, "V05400": 8, "V05421": 8, "V05406": 8, "V05412": 8, "V05422": 0, "V05424": 8, "V05427": 0, "V05409": 6, "V05415": 0, "V05418": 0, "V05430": 4, "V05433": 0, "criancas_0a4": 30, "em_favela": false }, "geometry": { "type": "Polygon", "coordinates": [ [ [ -46.728413, -23.823875 ], [ -46.728638, -23.823781 ], [ -46.729255, -23.823909 ], [ -46.729308, -23.824423 ], [ -46.730044, -23.824363 ], [ -46.729747, -23.823107 ], [ -46.72923, -23.821295 ], [ -46.727942, -23.821152 ], [ -46.72751, -23.822116 ], [ -46.728133, -23.82315 ], [ -46.728413, -23.823875 ] ] ] } },
{ "type": "Feature", "properties": { "CD_SETOR": "355030855000554", "faces": 4, "pavimentada": 100.0, "bueiro": 25.0, "iluminacao": 100.0, "onibus": 25.0, "ciclovia": 0.0, "calcada": 100.0, "obstaculo": 100.0, "rampa": 0.0, "rampa_faces": 0.0, "sem_calcada": 0.0, "sem_arvore": 0.0, "muitas_arvores": 0.0, "vao": 100.0, "V05400": 4, "V05421": 4, "V05406": 4, "V05412": 4, "V05422": 0, "V05424": 4, "V05427": 0, "V05409": 1, "V05415": 1, "V05418": 0, "V05430": 0, "V05433": 0, "criancas_0a4": 10, "em_favela": false }, "geometry": { "type": "Polygon", "coordinates": [ [ [ -46.728413, -23.823875 ], [ -46.728398, -23.824316 ], [ -46.727946, -23.824737 ], [ -46.728453, -23.825515 ], [ -46.728478, -23.825673 ], [ -46.728398, -23.82598 ], [ -46.729041, -23.826101 ], [ -46.729343, -23.826082 ], [ -46.729334, -23.824652 ], [ -46.729255, -23.823909 ], [ -46.728638, -23.823781 ], [ -46.728413, -23.823875 ] ] ] } },
{ "type": "Feature", "properties": { "CD_SETOR": "355030855000555", "faces": 39, "pavimentada": 35.9, "bueiro": 0.0, "iluminacao": 100.0, "onibus": 0.0, "ciclovia": 0.0, "calcada": 82.05, "obstaculo": 87.5, "rampa": 0.0, "rampa_faces": 0.0, "sem_calcada": 17.95, "sem_arvore": 5.13, "muitas_arvores": 76.92, "vao": 35.9, "V05400": 39, "V05421": 32, "V05406": 14, "V05412": 39, "V05422": 7, "V05424": 28, "V05427": 0, "V05409": 0, "V05415": 0, "V05418": 0, "V05430": 2, "V05433": 30, "criancas_0a4": 19, "em_favela": false }, "geometry": { "type": "Polygon", "coordinates": [ [ [ -46.748261, -23.747387 ], [ -46.74852, -23.747424 ], [ -46.749044, -23.747804 ], [ -46.751232, -23.747865 ], [ -46.751179, -23.749428 ], [ -46.754858, -23.749546 ], [ -46.754969, -23.745559 ], [ -46.755025, -23.744946 ], [ -46.754311, -23.744633 ], [ -46.753894, -23.744515 ], [ -46.753507, -23.744131 ], [ -46.753104, -23.743979 ], [ -46.751974, -23.743802 ], [ -46.751463, -23.743804 ], [ -46.751027, -23.743892 ], [ -46.750424, -23.744178 ], [ -46.750246, -23.74443 ], [ -46.749419, -23.745233 ], [ -46.749184, -23.745523 ], [ -46.748885, -23.745746 ], [ -46.748799, -23.745858 ], [ -46.748808, -23.746198 ], [ -46.748691, -23.74635 ], [ -46.748337, -23.74708 ], [ -46.748261, -23.747387 ] ] ] } },
{ "type": "Feature", "properties": { "CD_SETOR": "355030855000556", "faces": 37, "pavimentada": 48.65, "bueiro": 29.73, "iluminacao": 78.38, "onibus": 0.0, "ciclovia": 0.0, "calcada": 83.78, "obstaculo": 83.87, "rampa": 3.23, "rampa_faces": 2.7, "sem_calcada": 16.22, "sem_arvore": 5.41, "muitas_arvores": 70.27, "vao": 45.95, "V05400": 37, "V05421": 31, "V05406": 18, "V05412": 29, "V05422": 6, "V05424": 26, "V05427": 1, "V05409": 11, "V05415": 0, "V05418": 0, "V05430": 2, "V05433": 26, "criancas_0a4": 21, "em_favela": false }, "geometry": { "type": "Polygon", "coordinates": [ [ [ -46.748713, -23.749103 ], [ -46.750564, -23.751008 ], [ -46.751056, -23.75229 ], [ -46.751082, -23.752545 ], [ -46.751335, -23.753294 ], [ -46.751399, -23.753687 ], [ -46.751416, -23.754423 ], [ -46.751362, -23.754605 ], [ -46.751833, -23.754387 ], [ -46.752161, -23.754338 ], [ -46.754601, -23.754245 ], [ -46.754765, -23.753748 ], [ -46.75479, -23.753352 ], [ -46.754858, -23.749546 ], [ -46.751179, -23.749428 ], [ -46.751232, -23.747865 ], [ -46.749044, -23.747804 ], [ -46.74852, -23.747424 ], [ -46.748261, -23.747387 ], [ -46.748261, -23.747876 ], [ -46.748457, -23.748381 ], [ -46.748657, -23.748711 ], [ -46.748713, -23.749103 ] ] ] } },
{ "type": "Feature", "properties": { "CD_SETOR": "355030855000557", "faces": 7, "pavimentada": 100.0, "bueiro": 57.14, "iluminacao": 85.71, "onibus": 14.29, "ciclovia": 0.0, "calcada": 71.43, "obstaculo": 80.0, "rampa": 20.0, "rampa_faces": 14.29, "sem_calcada": 28.57, "sem_arvore": 57.14, "muitas_arvores": 0.0, "vao": 85.71, "V05400": 7, "V05421": 5, "V05406": 7, "V05412": 6, "V05422": 2, "V05424": 4, "V05427": 1, "V05409": 4, "V05415": 1, "V05418": 0, "V05430": 4, "V05433": 0, "criancas_0a4": 9, "em_favela": false }, "geometry": { "type": "Polygon", "coordinates": [ [ [ -46.715009, -23.776412 ], [ -46.714682, -23.776825 ], [ -46.714564, -23.776909 ], [ -46.716058, -23.777057 ], [ -46.716579, -23.777152 ], [ -46.716877, -23.777328 ], [ -46.717491, -23.777235 ], [ -46.716432, -23.776275 ], [ -46.715633, -23.77654 ], [ -46.715009, -23.776412 ] ] ] } },
{ "type": "Feature", "properties": { "CD_SETOR": "355030855000558", "faces": 28, "pavimentada": 28.57, "bueiro": 67.86, "iluminacao": 85.71, "onibus": 0.0, "ciclovia": 0.0, "calcada": 28.57, "obstaculo": 100.0, "rampa": 0.0, "rampa_faces": 0.0, "sem_calcada": 71.43, "sem_arvore": 89.29, "muitas_arvores": 0.0, "vao": 28.57, "V05400": 28, "V05421": 8, "V05406": 8, "V05412": 24, "V05422": 20, "V05424": 8, "V05427": 0, "V05409": 19, "V05415": 0, "V05418": 0, "V05430": 25, "V05433": 0, "criancas_0a4": 50, "em_favela": false }, "geometry": { "type": "Polygon", "coordinates": [ [ [ -46.714162, -23.776339 ], [ -46.712893, -23.776238 ], [ -46.711883, -23.775864 ], [ -46.711639, -23.776968 ], [ -46.710751, -23.779379 ], [ -46.710958, -23.779498 ], [ -46.710982, -23.779568 ], [ -46.711194, -23.779658 ], [ -46.711157, -23.779859 ], [ -46.711301, -23.77991 ], [ -46.711736, -23.779655 ], [ -46.712075, -23.779309 ], [ -46.712551, -23.779058 ], [ -46.713516, -23.778146 ], [ -46.713969, -23.777791 ], [ -46.714099, -23.777572 ], [ -46.714164, -23.777276 ], [ -46.714128, -23.777085 ], [ -46.714329, -23.777042 ], [ -46.714682, -23.776825 ], [ -46.715009, -23.776412 ], [ -46.714944, -23.775784 ], [ -46.714162, -23.776339 ] ] ] } },
{ "type": "Feature", "properties": { "CD_SETOR": "355030855000562", "faces": 10, "pavimentada": 80.0, "bueiro": 20.0, "iluminacao": 90.0, "onibus": 0.0, "ciclovia": 0.0, "calcada": 80.0, "obstaculo": 100.0, "rampa": 0.0, "rampa_faces": 0.0, "sem_calcada": 20.0, "sem_arvore": 40.0, "muitas_arvores": 10.0, "vao": 80.0, "V05400": 10, "V05421": 8, "V05406": 8, "V05412": 9, "V05422": 2, "V05424": 8, "V05427": 0, "V05409": 2, "V05415": 0, "V05418": 0, "V05430": 4, "V05433": 1, "criancas_0a4": 29, "em_favela": false }, "geometry": { "type": "Polygon", "coordinates": [ [ [ -46.740753, -23.790877 ], [ -46.741251, -23.790991 ], [ -46.740894, -23.791954 ], [ -46.741394, -23.792141 ], [ -46.742081, -23.792493 ], [ -46.742556, -23.79212 ], [ -46.74285, -23.792277 ], [ -46.743118, -23.791963 ], [ -46.743445, -23.791827 ], [ -46.743466, -23.791751 ], [ -46.743179, -23.79161 ], [ -46.742777, -23.791553 ], [ -46.743175, -23.790752 ], [ -46.744031, -23.790217 ], [ -46.74439, -23.789879 ], [ -46.74483, -23.789615 ], [ -46.744729, -23.789423 ], [ -46.743779, -23.790029 ], [ -46.742596, -23.790665 ], [ -46.74185, -23.790853 ], [ -46.741561, -23.790772 ], [ -46.740753, -23.790877 ] ] ] } },
{ "type": "Feature", "properties": { "CD_SETOR": "355030855000563", "faces": 12, "pavimentada": 91.67, "bueiro": 16.67, "iluminacao": 91.67, "onibus": 0.0, "ciclovia": 8.33, "calcada": 91.67, "obstaculo": 100.0, "rampa": 0.0, "rampa_faces": 0.0, "sem_calcada": 8.33, "sem_arvore": 41.67, "muitas_arvores": 16.67, "vao": 91.67, "V05400": 12, "V05421": 11, "V05406": 11, "V05412": 11, "V05422": 1, "V05424": 11, "V05427": 0, "V05409": 2, "V05415": 0, "V05418": 1, "V05430": 5, "V05433": 2, "criancas_0a4": 48, "em_favela": false }, "geometry": { "type": "Polygon", "coordinates": [ [ [ -46.738266, -23.791434 ], [ -46.738515, -23.791931 ], [ -46.7396, -23.791966 ], [ -46.739615, -23.79229 ], [ -46.740398, -23.792253 ], [ -46.740769, -23.792315 ], [ -46.741183, -23.792494 ], [ -46.741394, -23.792141 ], [ -46.740894, -23.791954 ], [ -46.741251, -23.790991 ], [ -46.740753, -23.790877 ], [ -46.740031, -23.790992 ], [ -46.739186, -23.791023 ], [ -46.738266, -23.791434 ] ] ] } },
{ "type": "Feature", "properties": { "CD_SETOR": "355030855000564", "faces": 20, "pavimentada": 90.0, "bueiro": 30.0, "iluminacao": 85.0, "onibus": 15.0, "ciclovia": 5.0, "calcada": 80.0, "obstaculo": 93.75, "rampa": 0.0, "rampa_faces": 0.0, "sem_calcada": 20.0, "sem_arvore": 50.0, "muitas_arvores": 5.0, "vao": 90.0, "V05400": 20, "V05421": 16, "V05406": 18, "V05412": 17, "V05422": 4, "V05424": 15, "V05427": 0, "V05409": 6, "V05415": 3, "V05418": 1, "V05430": 10, "V05433": 1, "criancas_0a4": 16, "em_favela": false }, "geometry": { "type": "Polygon", "coordinates": [ [ [ -46.736701, -23.791598 ], [ -46.736284, -23.791748 ], [ -46.735944, -23.791946 ], [ -46.735632, -23.79221 ], [ -46.736481, -23.792572 ], [ -46.736729, -23.792636 ], [ -46.738787, -23.792722 ], [ -46.739363, -23.792616 ], [ -46.740195, -23.792809 ], [ -46.740354, -23.792902 ], [ -46.740443, -23.792709 ], [ -46.741101, -23.792755 ], [ -46.741183, -23.792494 ], [ -46.740769, -23.792315 ], [ -46.740398, -23.792253 ], [ -46.739615, -23.79229 ], [ -46.7396, -23.791966 ], [ -46.738515, -23.791931 ], [ -46.738266, -23.791434 ], [ -46.737442, -23.791645 ], [ -46.736701, -23.791598 ] ] ] } },
{ "type": "Feature", "properties": { "CD_SETOR": "355030855000568", "faces": 22, "pavimentada": 13.64, "bueiro": 4.55, "iluminacao": 45.45, "onibus": 0.0, "ciclovia": 0.0, "calcada": 13.64, "obstaculo": 66.67, "rampa": 0.0, "rampa_faces": 0.0, "sem_calcada": 86.36, "sem_arvore": 81.82, "muitas_arvores": 4.55, "vao": 13.64, "V05400": 22, "V05421": 3, "V05406": 3, "V05412": 10, "V05422": 19, "V05424": 2, "V05427": 0, "V05409": 1, "V05415": 0, "V05418": 0, "V05430": 18, "V05433": 1, "criancas_0a4": 30, "em_favela": true }, "geometry": { "type": "Polygon", "coordinates": [ [ [ -46.702371, -23.829893 ], [ -46.702322, -23.830095 ], [ -46.702125, -23.830278 ], [ -46.701894, -23.830357 ], [ -46.702218, -23.831448 ], [ -46.702704, -23.831566 ], [ -46.702775, -23.831397 ], [ -46.703231, -23.830834 ], [ -46.703657, -23.830452 ], [ -46.703848, -23.83001 ], [ -46.7039, -23.82982 ], [ -46.703937, -23.828855 ], [ -46.7041, -23.828461 ], [ -46.704092, -23.828211 ], [ -46.70393, -23.827912 ], [ -46.703832, -23.827507 ], [ -46.702987, -23.827136 ], [ -46.702954, -23.827192 ], [ -46.702479, -23.827023 ], [ -46.702329, -23.826921 ], [ -46.701471, -23.826798 ], [ -46.701318, -23.827559 ], [ -46.700929, -23.827506 ], [ -46.700438, -23.828909 ], [ -46.70025, -23.829326 ], [ -46.702371, -23.829893 ] ] ] } },
{ "type": "Feature", "properties": { "CD_SETOR": "355030855000569", "faces": 14, "pavimentada": 50.0, "bueiro": 28.57, "iluminacao": 85.71, "onibus": 21.43, "ciclovia": 0.0, "calcada": 35.71, "obstaculo": 100.0, "rampa": 0.0, "rampa_faces": 0.0, "sem_calcada": 57.14, "sem_arvore": 0.0, "muitas_arvores": 64.29, "vao": 50.0, "V05400": 14, "V05421": 5, "V05406": 7, "V05412": 12, "V05422": 8, "V05424": 5, "V05427": 0, "V05409": 4, "V05415": 3, "V05418": 0, "V05430": 0, "V05433": 9, "criancas_0a4": 34, "em_favela": false }, "geometry": { "type": "Polygon", "coordinates": [ [ [ -46.743878, -23.809121 ], [ -46.74449, -23.811184 ], [ -46.744653, -23.811293 ], [ -46.744502, -23.811501 ], [ -46.744636, -23.811583 ], [ -46.744352, -23.811942 ], [ -46.744298, -23.811905 ], [ -46.744227, -23.811993 ], [ -46.745263, -23.812673 ], [ -46.744952, -23.813106 ], [ -46.745065, -23.813908 ], [ -46.745224, -23.814025 ], [ -46.745001, -23.814473 ], [ -46.745179, -23.814651 ], [ -46.745274, -23.815025 ], [ -46.746147, -23.815595 ], [ -46.745979, -23.815778 ], [ -46.745878, -23.815973 ], [ -46.745855, -23.816295 ], [ -46.745964, -23.816537 ], [ -46.746248, -23.816697 ], [ -46.746263, -23.816559 ], [ -46.746448, -23.816215 ], [ -46.747236, -23.815586 ], [ -46.747743, -23.815109 ], [ -46.747921, -23.814702 ], [ -46.747912, -23.814262 ], [ -46.748027, -23.81363 ], [ -46.748194, -23.813153 ], [ -46.748286, -23.8126 ], [ -46.748237, -23.81226 ], [ -46.747086, -23.81079 ], [ -46.746033, -23.808973 ], [ -46.745236, -23.808781 ], [ -46.74487, -23.808585 ], [ -46.744505, -23.80894 ], [ -46.743878, -23.809121 ] ] ] } },
{ "type": "Feature", "properties": { "CD_SETOR": "355030855000571", "faces": 3, "pavimentada": 100.0, "bueiro": 66.67, "iluminacao": 100.0, "onibus": 0.0, "ciclovia": 0.0, "calcada": 66.67, "obstaculo": 100.0, "rampa": 0.0, "rampa_faces": 0.0, "sem_calcada": 33.33, "sem_arvore": 66.67, "muitas_arvores": 0.0, "vao": 100.0, "V05400": 3, "V05421": 2, "V05406": 3, "V05412": 3, "V05422": 1, "V05424": 2, "V05427": 0, "V05409": 2, "V05415": 0, "V05418": 0, "V05430": 2, "V05433": 0, "criancas_0a4": 21, "em_favela": true }, "geometry": { "type": "Polygon", "coordinates": [ [ [ -46.716168, -23.774602 ], [ -46.716673, -23.775099 ], [ -46.717029, -23.774875 ], [ -46.71718, -23.774909 ], [ -46.717665, -23.774843 ], [ -46.717945, -23.774687 ], [ -46.717217, -23.774392 ], [ -46.717101, -23.774229 ], [ -46.716824, -23.774139 ], [ -46.716119, -23.774077 ], [ -46.716281, -23.774412 ], [ -46.716237, -23.774554 ], [ -46.716168, -23.774602 ] ] ] } },
{ "type": "Feature", "properties": { "CD_SETOR": "355030855000573", "faces": 7, "pavimentada": 100.0, "bueiro": 85.71, "iluminacao": 100.0, "onibus": 42.86, "ciclovia": 0.0, "calcada": 85.71, "obstaculo": 33.33, "rampa": 66.67, "rampa_faces": 57.14, "sem_calcada": 14.29, "sem_arvore": 14.29, "muitas_arvores": 71.43, "vao": 42.86, "V05400": 7, "V05421": 6, "V05406": 7, "V05412": 7, "V05422": 1, "V05424": 2, "V05427": 4, "V05409": 6, "V05415": 3, "V05418": 0, "V05430": 1, "V05433": 5, "criancas_0a4": 0, "em_favela": false }, "geometry": { "type": "Polygon", "coordinates": [ [ [ -46.715694, -23.766032 ], [ -46.714759, -23.766226 ], [ -46.714105, -23.766246 ], [ -46.713919, -23.766333 ], [ -46.713197, -23.766893 ], [ -46.712797, -23.767257 ], [ -46.7127, -23.767404 ], [ -46.712586, -23.767771 ], [ -46.71251, -23.768304 ], [ -46.713036, -23.7689 ], [ -46.713155, -23.769161 ], [ -46.713942, -23.770355 ], [ -46.714302, -23.770094 ], [ -46.715365, -23.768947 ], [ -46.716545, -23.767925 ], [ -46.716785, -23.767663 ], [ -46.717174, -23.767494 ], [ -46.717358, -23.767524 ], [ -46.717047, -23.765851 ], [ -46.715694, -23.766032 ] ] ] } },
{ "type": "Feature", "properties": { "CD_SETOR": "355030855000574", "faces": 21, "pavimentada": 100.0, "bueiro": 42.86, "iluminacao": 100.0, "onibus": 9.52, "ciclovia": 0.0, "calcada": 85.71, "obstaculo": 94.44, "rampa": 0.0, "rampa_faces": 0.0, "sem_calcada": 14.29, "sem_arvore": 33.33, "muitas_arvores": 9.52, "vao": 100.0, "V05400": 21, "V05421": 18, "V05406": 21, "V05412": 21, "V05422": 3, "V05424": 17, "V05427": 0, "V05409": 9, "V05415": 2, "V05418": 0, "V05430": 7, "V05433": 2, "criancas_0a4": 23, "em_favela": false }, "geometry": { "type": "Polygon", "coordinates": [ [ [ -46.712361, -23.769205 ], [ -46.712193, -23.771061 ], [ -46.712355, -23.771313 ], [ -46.71304, -23.77092 ], [ -46.713371, -23.771397 ], [ -46.714675, -23.770574 ], [ -46.715305, -23.769897 ], [ -46.715108, -23.769403 ], [ -46.715017, -23.769318 ], [ -46.714302, -23.770094 ], [ -46.713942, -23.770355 ], [ -46.713155, -23.769161 ], [ -46.713036, -23.7689 ], [ -46.712361, -23.769205 ] ] ] } },
{ "type": "Feature", "properties": { "CD_SETOR": "355030855000575", "faces": 20, "pavimentada": 100.0, "bueiro": 80.0, "iluminacao": 100.0, "onibus": 5.0, "ciclovia": 0.0, "calcada": 65.0, "obstaculo": 100.0, "rampa": 0.0, "rampa_faces": 0.0, "sem_calcada": 35.0, "sem_arvore": 50.0, "muitas_arvores": 10.0, "vao": 100.0, "V05400": 20, "V05421": 13, "V05406": 20, "V05412": 20, "V05422": 7, "V05424": 13, "V05427": 0, "V05409": 16, "V05415": 1, "V05418": 0, "V05430": 10, "V05433": 2, "criancas_0a4": 29, "em_favela": false }, "geometry": { "type": "Polygon", "coordinates": [ [ [ -46.710029, -23.784573 ], [ -46.710204, -23.785144 ], [ -46.71112, -23.785193 ], [ -46.711087, -23.785753 ], [ -46.713391, -23.785893 ], [ -46.713389, -23.785539 ], [ -46.713317, -23.7853 ], [ -46.713163, -23.784988 ], [ -46.712958, -23.784732 ], [ -46.710029, -23.784573 ] ] ] } },
{ "type": "Feature", "properties": { "CD_SETOR": "355030855000576", "faces": 16, "pavimentada": 87.5, "bueiro": 37.5, "iluminacao": 50.0, "onibus": 18.75, "ciclovia": 0.0, "calcada": 37.5, "obstaculo": 100.0, "rampa": 0.0, "rampa_faces": 0.0, "sem_calcada": 62.5, "sem_arvore": 100.0, "muitas_arvores": 0.0, "vao": 87.5, "V05400": 16, "V05421": 6, "V05406": 14, "V05412": 8, "V05422": 10, "V05424": 6, "V05427": 0, "V05409": 6, "V05415": 3, "V05418": 0, "V05430": 16, "V05433": 0, "criancas_0a4": 25, "em_favela": true }, "geometry": { "type": "Polygon", "coordinates": [ [ [ -46.713389, -23.785539 ], [ -46.713361, -23.786457 ], [ -46.713308, -23.786454 ], [ -46.713276, -23.787231 ], [ -46.713451, -23.787258 ], [ -46.713535, -23.787367 ], [ -46.71361, -23.787657 ], [ -46.713993, -23.787935 ], [ -46.714461, -23.788048 ], [ -46.714601, -23.788035 ], [ -46.714639, -23.788089 ], [ -46.714985, -23.788038 ], [ -46.714586, -23.787475 ], [ -46.714172, -23.786474 ], [ -46.714093, -23.786021 ], [ -46.714113, -23.785785 ], [ -46.713888, -23.785771 ], [ -46.713795, -23.785737 ], [ -46.713699, -23.785589 ], [ -46.713389, -23.785539 ] ] ] } },
{ "type": "Feature", "properties": { "CD_SETOR": "355030855000577", "faces": 14, "pavimentada": 92.86, "bueiro": 85.71, "iluminacao": 100.0, "onibus": 21.43, "ciclovia": 0.0, "calcada": 57.14, "obstaculo": 100.0, "rampa": 0.0, "rampa_faces": 0.0, "sem_calcada": 42.86, "sem_arvore": 64.29, "muitas_arvores": 7.14, "vao": 92.86, "V05400": 14, "V05421": 8, "V05406": 13, "V05412": 14, "V05422": 6, "V05424": 8, "V05427": 0, "V05409": 12, "V05415": 3, "V05418": 0, "V05430": 9, "V05433": 1, "criancas_0a4": 39, "em_favela": false }, "geometry": { "type": "Polygon", "coordinates": [ [ [ -46.710116, -23.784932 ], [ -46.709906, -23.785396 ], [ -46.709884, -23.785736 ], [ -46.709966, -23.785893 ], [ -46.710308, -23.786148 ], [ -46.710789, -23.78629 ], [ -46.713361, -23.786457 ], [ -46.713391, -23.785893 ], [ -46.711087, -23.785753 ], [ -46.71112, -23.785193 ], [ -46.710204, -23.785144 ], [ -46.710116, -23.784932 ] ] ] } },
{ "type": "Feature", "properties": { "CD_SETOR": "355030855000578", "faces": 10, "pavimentada": 50.0, "bueiro": 0.0, "iluminacao": 90.0, "onibus": 0.0, "ciclovia": 0.0, "calcada": 50.0, "obstaculo": 100.0, "rampa": 0.0, "rampa_faces": 0.0, "sem_calcada": 50.0, "sem_arvore": 20.0, "muitas_arvores": 0.0, "vao": 50.0, "V05400": 10, "V05421": 5, "V05406": 5, "V05412": 9, "V05422": 5, "V05424": 5, "V05427": 0, "V05409": 0, "V05415": 0, "V05418": 0, "V05430": 2, "V05433": 0, "criancas_0a4": 33, "em_favela": true }, "geometry": { "type": "Polygon", "coordinates": [ [ [ -46.744225, -23.790906 ], [ -46.744084, -23.79188 ], [ -46.744733, -23.791505 ], [ -46.744865, -23.791766 ], [ -46.745552, -23.79137 ], [ -46.745965, -23.791582 ], [ -46.745974, -23.79173 ], [ -46.7462, -23.792064 ], [ -46.746222, -23.792372 ], [ -46.746659, -23.792303 ], [ -46.747086, -23.792368 ], [ -46.747262, -23.792543 ], [ -46.747218, -23.792751 ], [ -46.747786, -23.792261 ], [ -46.747397, -23.792055 ], [ -46.747062, -23.791746 ], [ -46.74648, -23.791478 ], [ -46.746213, -23.791204 ], [ -46.746329, -23.790818 ], [ -46.746489, -23.790509 ], [ -46.746616, -23.788897 ], [ -46.746283, -23.788874 ], [ -46.746258, -23.789444 ], [ -46.746009, -23.789467 ], [ -46.74597, -23.790307 ], [ -46.745395, -23.790171 ], [ -46.744766, -23.790512 ], [ -46.744514, -23.790961 ], [ -46.744225, -23.790906 ] ] ] } },
{ "type": "Feature", "properties": { "CD_SETOR": "355030855000580", "faces": 17, "pavimentada": 76.47, "bueiro": 35.29, "iluminacao": 76.47, "onibus": 0.0, "ciclovia": 0.0, "calcada": 76.47, "obstaculo": 92.31, "rampa": 0.0, "rampa_faces": 0.0, "sem_calcada": 23.53, "sem_arvore": 35.29, "muitas_arvores": 5.88, "vao": 76.47, "V05400": 17, "V05421": 13, "V05406": 13, "V05412": 13, "V05422": 4, "V05424": 12, "V05427": 0, "V05409": 6, "V05415": 0, "V05418": 0, "V05430": 6, "V05433": 1, "criancas_0a4": 69, "em_favela": true }, "geometry": { "type": "Polygon", "coordinates": [ [ [ -46.743466, -23.791751 ], [ -46.743445, -23.791827 ], [ -46.743118, -23.791963 ], [ -46.74285, -23.792277 ], [ -46.742556, -23.79212 ], [ -46.742081, -23.792493 ], [ -46.742145, -23.792667 ], [ -46.742399, -23.792793 ], [ -46.742849, -23.79288 ], [ -46.743432, -23.793234 ], [ -46.744187, -23.793503 ], [ -46.74429, -23.794247 ], [ -46.744441, -23.794283 ], [ -46.744574, -23.794263 ], [ -46.745408, -23.793773 ], [ -46.745842, -23.79341 ], [ -46.745482, -23.792891 ], [ -46.745754, -23.792814 ], [ -46.746235, -23.792514 ], [ -46.7462, -23.792064 ], [ -46.745974, -23.79173 ], [ -46.745982, -23.791626 ], [ -46.74593, -23.791549 ], [ -46.745552, -23.79137 ], [ -46.744865, -23.791766 ], [ -46.744733, -23.791505 ], [ -46.744084, -23.79188 ], [ -46.744225, -23.790906 ], [ -46.744051, -23.791 ], [ -46.743823, -23.791565 ], [ -46.743466, -23.791751 ] ] ] } },
{ "type": "Feature", "properties": { "CD_SETOR": "355030855000581", "faces": 7, "pavimentada": 100.0, "bueiro": 42.86, "iluminacao": 100.0, "onibus": 0.0, "ciclovia": 14.29, "calcada": 85.71, "obstaculo": 83.33, "rampa": 0.0, "rampa_faces": 0.0, "sem_calcada": 14.29, "sem_arvore": 42.86, "muitas_arvores": 14.29, "vao": 100.0, "V05400": 7, "V05421": 6, "V05406": 7, "V05412": 7, "V05422": 1, "V05424": 5, "V05427": 0, "V05409": 3, "V05415": 0, "V05418": 1, "V05430": 3, "V05433": 1, "criancas_0a4": 46, "em_favela": true }, "geometry": { "type": "Polygon", "coordinates": [ [ [ -46.741183, -23.792494 ], [ -46.741101, -23.792755 ], [ -46.740443, -23.792709 ], [ -46.740354, -23.792902 ], [ -46.740755, -23.793162 ], [ -46.741738, -23.793436 ], [ -46.742405, -23.793807 ], [ -46.742951, -23.794237 ], [ -46.743558, -23.794016 ], [ -46.74429, -23.794247 ], [ -46.744187, -23.793503 ], [ -46.743432, -23.793234 ], [ -46.742849, -23.79288 ], [ -46.742311, -23.792762 ], [ -46.742145, -23.792667 ], [ -46.742081, -23.792493 ], [ -46.741394, -23.792141 ], [ -46.741183, -23.792494 ] ] ] } },
{ "type": "Feature", "properties": { "CD_SETOR": "355030855000582", "faces": 25, "pavimentada": 52.0, "bueiro": 44.0, "iluminacao": 92.0, "onibus": 20.0, "ciclovia": 4.0, "calcada": 32.0, "obstaculo": 87.5, "rampa": 0.0, "rampa_faces": 0.0, "sem_calcada": 68.0, "sem_arvore": 96.0, "muitas_arvores": 0.0, "vao": 52.0, "V05400": 25, "V05421": 8, "V05406": 13, "V05412": 23, "V05422": 17, "V05424": 7, "V05427": 0, "V05409": 11, "V05415": 5, "V05418": 1, "V05430": 24, "V05433": 0, "criancas_0a4": 57, "em_favela": true }, "geometry": { "type": "Polygon", "coordinates": [ [ [ -46.706042, -23.814186 ], [ -46.70575, -23.81417 ], [ -46.70549, -23.814061 ], [ -46.705083, -23.814067 ], [ -46.704978, -23.814076 ], [ -46.704566, -23.814279 ], [ -46.70468, -23.815292 ], [ -46.704586, -23.815654 ], [ -46.704896, -23.815712 ], [ -46.704743, -23.816021 ], [ -46.705112, -23.81618 ], [ -46.705628, -23.816665 ], [ -46.705887, -23.816773 ], [ -46.705918, -23.816325 ], [ -46.706319, -23.815656 ], [ -46.706281, -23.815054 ], [ -46.706329, -23.814782 ], [ -46.706495, -23.814447 ], [ -46.706904, -23.814015 ], [ -46.706777, -23.8138 ], [ -46.706363, -23.81396 ], [ -46.706283, -23.813777 ], [ -46.706065, -23.813794 ], [ -46.706011, -23.813844 ], [ -46.706042, -23.814186 ] ] ] } },
{ "type": "Feature", "properties": { "CD_SETOR": "355030855000583", "faces": 24, "pavimentada": 0.0, "bueiro": 0.0, "iluminacao": 95.83, "onibus": 4.17, "ciclovia": 0.0, "calcada": 8.33, "obstaculo": 0.0, "rampa": 0.0, "rampa_faces": 0.0, "sem_calcada": 87.5, "sem_arvore": 83.33, "muitas_arvores": 0.0, "vao": 0.0, "V05400": 24, "V05421": 2, "V05406": 0, "V05412": 23, "V05422": 21, "V05424": 0, "V05427": 0, "V05409": 0, "V05415": 1, "V05418": 0, "V05430": 20, "V05433": 0, "criancas_0a4": 51, "em_favela": true }, "geometry": { "type": "Polygon", "coordinates": [ [ [ -46.702515, -23.814192 ], [ -46.702884, -23.815532 ], [ -46.703045, -23.816484 ], [ -46.703022, -23.817607 ], [ -46.702779, -23.818757 ], [ -46.702947, -23.818757 ], [ -46.70321, -23.818343 ], [ -46.703372, -23.818407 ], [ -46.703595, -23.818187 ], [ -46.704104, -23.817272 ], [ -46.704114, -23.816987 ], [ -46.704017, -23.816858 ], [ -46.704318, -23.81674 ], [ -46.704678, -23.815167 ], [ -46.704566, -23.814279 ], [ -46.704016, -23.814008 ], [ -46.703788, -23.814022 ], [ -46.703294, -23.814215 ], [ -46.702885, -23.81426 ], [ -46.702515, -23.814192 ] ] ] } },
{ "type": "Feature", "properties": { "CD_SETOR": "355030855000584", "faces": 9, "pavimentada": 100.0, "bueiro": 55.56, "iluminacao": 77.78, "onibus": 11.11, "ciclovia": 0.0, "calcada": 55.56, "obstaculo": 80.0, "rampa": 0.0, "rampa_faces": 0.0, "sem_calcada": 44.44, "sem_arvore": 77.78, "muitas_arvores": 11.11, "vao": 100.0, "V05400": 9, "V05421": 5, "V05406": 9, "V05412": 7, "V05422": 4, "V05424": 4, "V05427": 0, "V05409": 5, "V05415": 1, "V05418": 0, "V05430": 7, "V05433": 1, "criancas_0a4": 48, "em_favela": true }, "geometry": { "type": "Polygon", "coordinates": [ [ [ -46.676133, -23.871254 ], [ -46.674459, -23.872152 ], [ -46.674292, -23.872299 ], [ -46.674589, -23.872571 ], [ -46.675109, -23.872434 ], [ -46.675846, -23.872027 ], [ -46.676619, -23.871509 ], [ -46.67729, -23.870834 ], [ -46.678323, -23.869944 ], [ -46.678736, -23.86979 ], [ -46.679201, -23.869708 ], [ -46.679096, -23.869429 ], [ -46.678734, -23.869055 ], [ -46.677911, -23.869685 ], [ -46.676133, -23.871254 ] ] ] } },
{ "type": "Feature", "properties": { "CD_SETOR": "355030855000586", "faces": 21, "pavimentada": 95.24, "bueiro": 47.62, "iluminacao": 100.0, "onibus": 4.76, "ciclovia": 0.0, "calcada": 66.67, "obstaculo": 92.86, "rampa": 14.29, "rampa_faces": 9.52, "sem_calcada": 33.33, "sem_arvore": 80.95, "muitas_arvores": 0.0, "vao": 85.71, "V05400": 21, "V05421": 14, "V05406": 20, "V05412": 21, "V05422": 7, "V05424": 13, "V05427": 2, "V05409": 10, "V05415": 1, "V05418": 0, "V05430": 17, "V05433": 0, "criancas_0a4": 32, "em_favela": false }, "geometry": { "type": "Polygon", "coordinates": [ [ [ -46.710669, -23.781377 ], [ -46.710489, -23.781892 ], [ -46.713709, -23.782015 ], [ -46.713824, -23.78173 ], [ -46.713928, -23.781166 ], [ -46.713216, -23.780878 ], [ -46.713216, -23.780938 ], [ -46.711436, -23.780884 ], [ -46.711423, -23.781413 ], [ -46.710669, -23.781377 ] ] ] } },
{ "type": "Feature", "properties": { "CD_SETOR": "355030855000587", "faces": 12, "pavimentada": 91.67, "bueiro": 75.0, "iluminacao": 83.33, "onibus": 0.0, "ciclovia": 0.0, "calcada": 75.0, "obstaculo": 88.89, "rampa": 22.22, "rampa_faces": 16.67, "sem_calcada": 25.0, "sem_arvore": 58.33, "muitas_arvores": 0.0, "vao": 75.0, "V05400": 12, "V05421": 9, "V05406": 11, "V05412": 10, "V05422": 3, "V05424": 8, "V05427": 2, "V05409": 9, "V05415": 0, "V05418": 0, "V05430": 7, "V05433": 0, "criancas_0a4": 15, "em_favela": false }, "geometry": { "type": "Polygon", "coordinates": [ [ [ -46.711408, -23.780295 ], [ -46.710839, -23.780913 ], [ -46.710669, -23.781377 ], [ -46.711423, -23.781413 ], [ -46.711436, -23.780884 ], [ -46.713216, -23.780938 ], [ -46.713216, -23.780878 ], [ -46.713046, -23.780797 ], [ -46.711634, -23.780226 ], [ -46.711408, -23.780295 ] ] ] } },
{ "type": "Feature", "properties": { "CD_SETOR": "355030855000589", "faces": 8, "pavimentada": 37.5, "bueiro": 0.0, "iluminacao": 37.5, "onibus": 25.0, "ciclovia": 0.0, "calcada": 12.5, "obstaculo": 100.0, "rampa": 0.0, "rampa_faces": 0.0, "sem_calcada": 87.5, "sem_arvore": 12.5, "muitas_arvores": 50.0, "vao": 37.5, "V05400": 8, "V05421": 1, "V05406": 3, "V05412": 3, "V05422": 7, "V05424": 1, "V05427": 0, "V05409": 0, "V05415": 2, "V05418": 0, "V05430": 1, "V05433": 4, "criancas_0a4": 31, "em_favela": true }, "geometry": { "type": "Polygon", "coordinates": [ [ [ -46.660924, -23.867054 ], [ -46.661248, -23.867341 ], [ -46.661638, -23.867046 ], [ -46.66197, -23.866716 ], [ -46.662307, -23.86649 ], [ -46.662839, -23.866311 ], [ -46.663041, -23.866149 ], [ -46.663107, -23.866012 ], [ -46.66306, -23.865518 ], [ -46.663163, -23.86536 ], [ -46.663281, -23.865327 ], [ -46.663825, -23.865426 ], [ -46.664275, -23.865325 ], [ -46.664463, -23.865345 ], [ -46.66446, -23.865134 ], [ -46.664538, -23.86485 ], [ -46.664318, -23.864777 ], [ -46.664154, -23.864539 ], [ -46.663756, -23.86441 ], [ -46.663135, -23.863916 ], [ -46.662596, -23.863889 ], [ -46.662429, -23.863822 ], [ -46.662143, -23.863792 ], [ -46.661921, -23.863815 ], [ -46.661824, -23.863899 ], [ -46.661745, -23.864474 ], [ -46.661776, -23.864874 ], [ -46.66173, -23.866115 ], [ -46.660924, -23.867054 ] ] ] } },
{ "type": "Feature", "properties": { "CD_SETOR": "355030855000590", "faces": 21, "pavimentada": 90.48, "bueiro": 66.67, "iluminacao": 76.19, "onibus": 0.0, "ciclovia": 4.76, "calcada": 71.43, "obstaculo": 66.67, "rampa": 20.0, "rampa_faces": 14.29, "sem_calcada": 28.57, "sem_arvore": 71.43, "muitas_arvores": 0.0, "vao": 76.19, "V05400": 21, "V05421": 15, "V05406": 19, "V05412": 16, "V05422": 6, "V05424": 10, "V05427": 3, "V05409": 14, "V05415": 0, "V05418": 1, "V05430": 15, "V05433": 0, "criancas_0a4": 55, "em_favela": false }, "geometry": { "type": "Polygon", "coordinates": [ [ [ -46.722147, -23.826033 ], [ -46.722322, -23.826648 ], [ -46.7223, -23.826704 ], [ -46.722245, -23.826728 ], [ -46.721771, -23.826632 ], [ -46.722152, -23.827074 ], [ -46.722714, -23.827611 ], [ -46.723243, -23.827818 ], [ -46.72395, -23.828212 ], [ -46.724241, -23.828321 ], [ -46.724597, -23.828319 ], [ -46.725247, -23.828053 ], [ -46.726856, -23.827202 ], [ -46.727241, -23.827274 ], [ -46.726951, -23.826867 ], [ -46.726178, -23.82689 ], [ -46.725402, -23.826326 ], [ -46.72503, -23.826743 ], [ -46.723844, -23.826331 ], [ -46.722535, -23.825776 ], [ -46.722147, -23.826033 ] ] ] } },
{ "type": "Feature", "properties": { "CD_SETOR": "355030855000591", "faces": 11, "pavimentada": 100.0, "bueiro": 81.82, "iluminacao": 81.82, "onibus": 0.0, "ciclovia": 0.0, "calcada": 63.64, "obstaculo": 71.43, "rampa": 14.29, "rampa_faces": 9.09, "sem_calcada": 36.36, "sem_arvore": 36.36, "muitas_arvores": 18.18, "vao": 90.91, "V05400": 11, "V05421": 7, "V05406": 11, "V05412": 9, "V05422": 4, "V05424": 5, "V05427": 1, "V05409": 9, "V05415": 0, "V05418": 0, "V05430": 4, "V05433": 2, "criancas_0a4": 32, "em_favela": true }, "geometry": { "type": "Polygon", "coordinates": [ [ [ -46.71734, -23.825645 ], [ -46.716971, -23.825984 ], [ -46.71692, -23.826259 ], [ -46.718188, -23.826474 ], [ -46.719202, -23.82702 ], [ -46.719512, -23.826583 ], [ -46.71994, -23.826288 ], [ -46.719518, -23.825774 ], [ -46.719444, -23.825387 ], [ -46.719512, -23.825218 ], [ -46.719637, -23.825089 ], [ -46.719973, -23.825073 ], [ -46.72044, -23.825191 ], [ -46.720687, -23.825352 ], [ -46.721771, -23.826632 ], [ -46.722245, -23.826728 ], [ -46.722322, -23.826648 ], [ -46.722161, -23.826053 ], [ -46.721961, -23.825724 ], [ -46.721733, -23.82515 ], [ -46.721458, -23.824729 ], [ -46.72106, -23.824399 ], [ -46.719877, -23.823742 ], [ -46.719563, -23.823812 ], [ -46.718378, -23.824366 ], [ -46.717987, -23.824767 ], [ -46.71734, -23.825645 ] ] ] } },
{ "type": "Feature", "properties": { "CD_SETOR": "355030855000592", "faces": 11, "pavimentada": 100.0, "bueiro": 27.27, "iluminacao": 100.0, "onibus": 0.0, "ciclovia": 0.0, "calcada": 72.73, "obstaculo": 100.0, "rampa": 0.0, "rampa_faces": 0.0, "sem_calcada": 27.27, "sem_arvore": 45.45, "muitas_arvores": 18.18, "vao": 100.0, "V05400": 11, "V05421": 8, "V05406": 11, "V05412": 11, "V05422": 3, "V05424": 8, "V05427": 0, "V05409": 3, "V05415": 0, "V05418": 0, "V05430": 5, "V05433": 2, "criancas_0a4": 36, "em_favela": false }, "geometry": { "type": "Polygon", "coordinates": [ [ [ -46.722992, -23.789203 ], [ -46.722718, -23.789604 ], [ -46.722975, -23.789672 ], [ -46.723625, -23.790129 ], [ -46.723705, -23.790108 ], [ -46.724054, -23.790505 ], [ -46.724286, -23.790862 ], [ -46.724276, -23.790955 ], [ -46.724649, -23.791851 ], [ -46.725046, -23.79223 ], [ -46.725261, -23.792049 ], [ -46.725598, -23.791876 ], [ -46.726392, -23.791757 ], [ -46.726166, -23.791675 ], [ -46.726025, -23.791568 ], [ -46.724968, -23.790419 ], [ -46.7245, -23.790766 ], [ -46.72294, -23.788997 ], [ -46.722992, -23.789203 ] ] ] } },
{ "type": "Feature", "properties": { "CD_SETOR": "355030855000593", "faces": 15, "pavimentada": 93.33, "bueiro": 20.0, "iluminacao": 100.0, "onibus": 0.0, "ciclovia": 0.0, "calcada": 73.33, "obstaculo": 81.82, "rampa": 0.0, "rampa_faces": 0.0, "sem_calcada": 26.67, "sem_arvore": 53.33, "muitas_arvores": 20.0, "vao": 93.33, "V05400": 15, "V05421": 11, "V05406": 14, "V05412": 15, "V05422": 4, "V05424": 9, "V05427": 0, "V05409": 3, "V05415": 0, "V05418": 0, "V05430": 8, "V05433": 3, "criancas_0a4": 17, "em_favela": false }, "geometry": { "type": "Polygon", "coordinates": [ [ [ -46.721993, -23.788922 ], [ -46.72207, -23.788969 ], [ -46.722295, -23.788977 ], [ -46.722308, -23.789041 ], [ -46.722193, -23.789332 ], [ -46.722798, -23.789446 ], [ -46.722992, -23.789203 ], [ -46.72294, -23.788997 ], [ -46.7245, -23.790766 ], [ -46.724968, -23.790419 ], [ -46.72355, -23.788796 ], [ -46.72333, -23.788329 ], [ -46.723116, -23.788131 ], [ -46.722838, -23.787989 ], [ -46.722017, -23.787884 ], [ -46.721944, -23.788418 ], [ -46.721989, -23.788696 ], [ -46.722041, -23.788751 ], [ -46.721993, -23.788922 ] ] ] } },
{ "type": "Feature", "properties": { "CD_SETOR": "355030855000594", "faces": 18, "pavimentada": 100.0, "bueiro": 72.22, "iluminacao": 100.0, "onibus": 27.78, "ciclovia": 5.56, "calcada": 94.44, "obstaculo": 88.24, "rampa": 17.65, "rampa_faces": 16.67, "sem_calcada": 5.56, "sem_arvore": 33.33, "muitas_arvores": 22.22, "vao": 83.33, "V05400": 18, "V05421": 17, "V05406": 18, "V05412": 18, "V05422": 1, "V05424": 15, "V05427": 3, "V05409": 13, "V05415": 5, "V05418": 1, "V05430": 6, "V05433": 4, "criancas_0a4": 45, "em_favela": false }, "geometry": { "type": "Polygon", "coordinates": [ [ [ -46.729341, -23.829969 ], [ -46.728591, -23.830722 ], [ -46.727995, -23.831915 ], [ -46.728658, -23.832453 ], [ -46.729215, -23.834153 ], [ -46.729149, -23.834218 ], [ -46.729204, -23.834213 ], [ -46.729193, -23.834684 ], [ -46.730446, -23.834887 ], [ -46.730463, -23.834407 ], [ -46.730964, -23.831399 ], [ -46.730959, -23.829158 ], [ -46.731049, -23.828842 ], [ -46.731122, -23.827918 ], [ -46.731015, -23.828091 ], [ -46.729499, -23.829688 ], [ -46.729341, -23.829969 ] ] ] } },
{ "type": "Feature", "properties": { "CD_SETOR": "355030855000595", "faces": 12, "pavimentada": 100.0, "bueiro": 50.0, "iluminacao": 100.0, "onibus": 0.0, "ciclovia": 0.0, "calcada": 83.33, "obstaculo": 100.0, "rampa": 0.0, "rampa_faces": 0.0, "sem_calcada": 16.67, "sem_arvore": 66.67, "muitas_arvores": 16.67, "vao": 100.0, "V05400": 12, "V05421": 10, "V05406": 12, "V05412": 12, "V05422": 2, "V05424": 10, "V05427": 0, "V05409": 6, "V05415": 0, "V05418": 0, "V05430": 8, "V05433": 2, "criancas_0a4": 43, "em_favela": false }, "geometry": { "type": "Polygon", "coordinates": [ [ [ -46.725282, -23.832343 ], [ -46.725451, -23.833021 ], [ -46.725681, -23.833476 ], [ -46.725671, -23.833539 ], [ -46.72556, -23.833599 ], [ -46.725745, -23.833704 ], [ -46.725901, -23.833964 ], [ -46.726059, -23.834109 ], [ -46.726426, -23.83432 ], [ -46.726828, -23.834471 ], [ -46.727462, -23.834472 ], [ -46.72817, -23.834313 ], [ -46.729149, -23.834218 ], [ -46.729215, -23.834153 ], [ -46.728658, -23.832453 ], [ -46.727995, -23.831915 ], [ -46.727031, -23.832181 ], [ -46.726188, -23.832351 ], [ -46.725282, -23.832343 ] ] ] } },
{ "type": "Feature", "properties": { "CD_SETOR": "355030855000597", "faces": 30, "pavimentada": 70.0, "bueiro": 46.67, "iluminacao": 76.67, "onibus": 3.33, "ciclovia": 0.0, "calcada": 46.67, "obstaculo": 100.0, "rampa": 0.0, "rampa_faces": 0.0, "sem_calcada": 53.33, "sem_arvore": 13.33, "muitas_arvores": 56.67, "vao": 70.0, "V05400": 30, "V05421": 14, "V05406": 21, "V05412": 23, "V05422": 16, "V05424": 14, "V05427": 0, "V05409": 14, "V05415": 1, "V05418": 0, "V05430": 4, "V05433": 17, "criancas_0a4": 41, "em_favela": false }, "geometry": { "type": "Polygon", "coordinates": [ [ [ -46.732401, -23.839904 ], [ -46.732023, -23.841272 ], [ -46.731602, -23.842147 ], [ -46.730918, -23.842725 ], [ -46.730736, -23.842969 ], [ -46.730591, -23.843339 ], [ -46.730233, -23.843808 ], [ -46.729618, -23.844189 ], [ -46.729389, -23.84444 ], [ -46.730103, -23.844583 ], [ -46.731572, -23.844413 ], [ -46.732566, -23.844859 ], [ -46.733141, -23.844961 ], [ -46.733291, -23.845169 ], [ -46.733663, -23.845134 ], [ -46.733643, -23.844955 ], [ -46.734347, -23.844846 ], [ -46.735191, -23.844619 ], [ -46.736006, -23.84431 ], [ -46.736305, -23.844145 ], [ -46.736085, -23.843674 ], [ -46.735968, -23.843727 ], [ -46.735793, -23.843588 ], [ -46.735531, -23.843262 ], [ -46.735462, -23.843034 ], [ -46.735003, -23.842734 ], [ -46.734471, -23.841358 ], [ -46.734573, -23.840874 ], [ -46.73345, -23.840534 ], [ -46.732401, -23.839904 ] ] ] } },
{ "type": "Feature", "properties": { "CD_SETOR": "355030855000598", "faces": 6, "pavimentada": 100.0, "bueiro": 100.0, "iluminacao": 100.0, "onibus": 0.0, "ciclovia": 0.0, "calcada": 83.33, "obstaculo": 100.0, "rampa": 20.0, "rampa_faces": 16.67, "sem_calcada": 16.67, "sem_arvore": 0.0, "muitas_arvores": 33.33, "vao": 83.33, "V05400": 6, "V05421": 5, "V05406": 6, "V05412": 6, "V05422": 1, "V05424": 5, "V05427": 1, "V05409": 6, "V05415": 0, "V05418": 0, "V05430": 0, "V05433": 2, "criancas_0a4": 30, "em_favela": false }, "geometry": { "type": "Polygon", "coordinates": [ [ [ -46.717318, -23.784257 ], [ -46.715131, -23.784956 ], [ -46.715085, -23.786351 ], [ -46.714876, -23.786479 ], [ -46.714994, -23.786496 ], [ -46.717996, -23.784981 ], [ -46.71821, -23.784921 ], [ -46.718163, -23.784731 ], [ -46.718048, -23.784664 ], [ -46.717626, -23.784827 ], [ -46.717318, -23.784257 ] ] ] } },
{ "type": "Feature", "properties": { "CD_SETOR": "355030855000600", "faces": 6, "pavimentada": 100.0, "bueiro": 83.33, "iluminacao": 100.0, "onibus": 0.0, "ciclovia": 0.0, "calcada": 100.0, "obstaculo": 100.0, "rampa": 0.0, "rampa_faces": 0.0, "sem_calcada": 0.0, "sem_arvore": 16.67, "muitas_arvores": 50.0, "vao": 100.0, "V05400": 6, "V05421": 6, "V05406": 6, "V05412": 6, "V05422": 0, "V05424": 6, "V05427": 0, "V05409": 5, "V05415": 0, "V05418": 0, "V05430": 1, "V05433": 3, "criancas_0a4": 12, "em_favela": false }, "geometry": { "type": "Polygon", "coordinates": [ [ [ -46.729176, -23.800774 ], [ -46.728357, -23.801905 ], [ -46.728874, -23.80217 ], [ -46.729073, -23.801902 ], [ -46.731012, -23.8011 ], [ -46.730771, -23.800593 ], [ -46.730494, -23.800719 ], [ -46.729363, -23.800624 ], [ -46.729176, -23.800774 ] ] ] } },
{ "type": "Feature", "properties": { "CD_SETOR": "355030855000602", "faces": 11, "pavimentada": 0.0, "bueiro": 0.0, "iluminacao": 100.0, "onibus": 0.0, "ciclovia": 0.0, "calcada": 0.0, "obstaculo": null, "rampa": null, "rampa_faces": 0.0, "sem_calcada": 100.0, "sem_arvore": 45.45, "muitas_arvores": 0.0, "vao": 0.0, "V05400": 11, "V05421": 0, "V05406": 0, "V05412": 11, "V05422": 11, "V05424": 0, "V05427": 0, "V05409": 0, "V05415": 0, "V05418": 0, "V05430": 5, "V05433": 0, "criancas_0a4": 24, "em_favela": true }, "geometry": { "type": "Polygon", "coordinates": [ [ [ -46.684417, -23.870152 ], [ -46.683962, -23.870437 ], [ -46.683383, -23.870483 ], [ -46.682883, -23.870337 ], [ -46.6808, -23.870705 ], [ -46.680408, -23.870624 ], [ -46.680473, -23.870899 ], [ -46.680529, -23.871667 ], [ -46.680792, -23.872156 ], [ -46.681043, -23.872902 ], [ -46.681419, -23.872873 ], [ -46.681639, -23.872727 ], [ -46.681652, -23.872397 ], [ -46.681533, -23.871758 ], [ -46.681552, -23.871336 ], [ -46.681184, -23.870888 ], [ -46.681897, -23.870804 ], [ -46.682223, -23.871367 ], [ -46.68258, -23.871252 ], [ -46.682861, -23.87184 ], [ -46.683339, -23.871761 ], [ -46.683663, -23.871337 ], [ -46.684158, -23.871452 ], [ -46.684421, -23.871371 ], [ -46.684188, -23.870646 ], [ -46.684528, -23.870389 ], [ -46.684417, -23.870152 ] ] ] } },
{ "type": "Feature", "properties": { "CD_SETOR": "355030855000604", "faces": 18, "pavimentada": 77.78, "bueiro": 22.22, "iluminacao": 77.78, "onibus": 16.67, "ciclovia": 0.0, "calcada": 77.78, "obstaculo": 100.0, "rampa": 0.0, "rampa_faces": 0.0, "sem_calcada": 22.22, "sem_arvore": 83.33, "muitas_arvores": 0.0, "vao": 77.78, "V05400": 18, "V05421": 14, "V05406": 14, "V05412": 14, "V05422": 4, "V05424": 14, "V05427": 0, "V05409": 4, "V05415": 3, "V05418": 0, "V05430": 15, "V05433": 0, "criancas_0a4": 33, "em_favela": true }, "geometry": { "type": "Polygon", "coordinates": [ [ [ -46.710088, -23.795179 ], [ -46.709677, -23.795386 ], [ -46.709536, -23.795982 ], [ -46.709617, -23.796994 ], [ -46.710056, -23.796575 ], [ -46.710303, -23.796408 ], [ -46.71131, -23.795991 ], [ -46.713062, -23.79719 ], [ -46.713645, -23.796332 ], [ -46.712018, -23.795101 ], [ -46.711528, -23.794856 ], [ -46.711228, -23.79541 ], [ -46.711034, -23.795619 ], [ -46.710481, -23.79522 ], [ -46.710088, -23.795179 ] ] ] } },
{ "type": "Feature", "properties": { "CD_SETOR": "355030855000606", "faces": 14, "pavimentada": 28.57, "bueiro": 14.29, "iluminacao": 35.71, "onibus": 0.0, "ciclovia": 0.0, "calcada": 21.43, "obstaculo": 100.0, "rampa": 0.0, "rampa_faces": 0.0, "sem_calcada": 78.57, "sem_arvore": 71.43, "muitas_arvores": 0.0, "vao": 28.57, "V05400": 14, "V05421": 3, "V05406": 4, "V05412": 5, "V05422": 11, "V05424": 3, "V05427": 0, "V05409": 2, "V05415": 0, "V05418": 0, "V05430": 10, "V05433": 0, "criancas_0a4": 32, "em_favela": true }, "geometry": { "type": "Polygon", "coordinates": [ [ [ -46.72131, -23.831311 ], [ -46.720126, -23.831884 ], [ -46.719857, -23.831902 ], [ -46.72049, -23.83415 ], [ -46.720455, -23.834609 ], [ -46.720112, -23.834848 ], [ -46.720148, -23.83511 ], [ -46.720455, -23.835095 ], [ -46.721039, -23.834516 ], [ -46.721171, -23.833893 ], [ -46.72133, -23.833741 ], [ -46.721356, -23.833503 ], [ -46.721033, -23.83347 ], [ -46.720911, -23.832968 ], [ -46.721367, -23.832982 ], [ -46.721641, -23.83325 ], [ -46.722012, -23.83318 ], [ -46.72194, -23.832802 ], [ -46.721653, -23.832313 ], [ -46.721617, -23.832037 ], [ -46.721, -23.832096 ], [ -46.721595, -23.831299 ], [ -46.721497, -23.831271 ], [ -46.72131, -23.831311 ] ] ] } },
{ "type": "Feature", "properties": { "CD_SETOR": "355030855000608", "faces": 39, "pavimentada": 5.13, "bueiro": 0.0, "iluminacao": 79.49, "onibus": 2.56, "ciclovia": 0.0, "calcada": 2.56, "obstaculo": 100.0, "rampa": 0.0, "rampa_faces": 0.0, "sem_calcada": 97.44, "sem_arvore": 97.44, "muitas_arvores": 0.0, "vao": 5.13, "V05400": 39, "V05421": 1, "V05406": 2, "V05412": 31, "V05422": 38, "V05424": 1, "V05427": 0, "V05409": 0, "V05415": 1, "V05418": 0, "V05430": 38, "V05433": 0, "criancas_0a4": 66, "em_favela": true }, "geometry": { "type": "Polygon", "coordinates": [ [ [ -46.727555, -23.771803 ], [ -46.726864, -23.771991 ], [ -46.726899, -23.772473 ], [ -46.725118, -23.772834 ], [ -46.724634, -23.773168 ], [ -46.724743, -23.773503 ], [ -46.725237, -23.773123 ], [ -46.725407, -23.773033 ], [ -46.725651, -23.772988 ], [ -46.726123, -23.775566 ], [ -46.727091, -23.775644 ], [ -46.728098, -23.775874 ], [ -46.728196, -23.77526 ], [ -46.728229, -23.773118 ], [ -46.727769, -23.771957 ], [ -46.727555, -23.771803 ] ] ] } },
{ "type": "Feature", "properties": { "CD_SETOR": "355030855000609", "faces": 4, "pavimentada": 25.0, "bueiro": 0.0, "iluminacao": 100.0, "onibus": 0.0, "ciclovia": 0.0, "calcada": 50.0, "obstaculo": 100.0, "rampa": 0.0, "rampa_faces": 0.0, "sem_calcada": 50.0, "sem_arvore": 75.0, "muitas_arvores": 0.0, "vao": 25.0, "V05400": 4, "V05421": 2, "V05406": 1, "V05412": 4, "V05422": 2, "V05424": 2, "V05427": 0, "V05409": 0, "V05415": 0, "V05418": 0, "V05430": 3, "V05433": 0, "criancas_0a4": 19, "em_favela": true }, "geometry": { "type": "Polygon", "coordinates": [ [ [ -46.679761, -23.869141 ], [ -46.679935, -23.869388 ], [ -46.68006, -23.869986 ], [ -46.680122, -23.870043 ], [ -46.680684, -23.870213 ], [ -46.681037, -23.870232 ], [ -46.68126, -23.870191 ], [ -46.682364, -23.869828 ], [ -46.682202, -23.869473 ], [ -46.682111, -23.86942 ], [ -46.681545, -23.869331 ], [ -46.681321, -23.869162 ], [ -46.681135, -23.869237 ], [ -46.680911, -23.869049 ], [ -46.680677, -23.868935 ], [ -46.680169, -23.868799 ], [ -46.679761, -23.869141 ] ] ] } },
{ "type": "Feature", "properties": { "CD_SETOR": "355030855000610", "faces": 3, "pavimentada": 0.0, "bueiro": 0.0, "iluminacao": 100.0, "onibus": 0.0, "ciclovia": 0.0, "calcada": 66.67, "obstaculo": 100.0, "rampa": 0.0, "rampa_faces": 0.0, "sem_calcada": 33.33, "sem_arvore": 33.33, "muitas_arvores": 0.0, "vao": 0.0, "V05400": 3, "V05421": 2, "V05406": 0, "V05412": 3, "V05422": 1, "V05424": 2, "V05427": 0, "V05409": 0, "V05415": 0, "V05418": 0, "V05430": 1, "V05433": 0, "criancas_0a4": 26, "em_favela": true }, "geometry": { "type": "Polygon", "coordinates": [ [ [ -46.684417, -23.870152 ], [ -46.684336, -23.869978 ], [ -46.684175, -23.870053 ], [ -46.683727, -23.869732 ], [ -46.683242, -23.869468 ], [ -46.682855, -23.869574 ], [ -46.682364, -23.869828 ], [ -46.681814, -23.870039 ], [ -46.68126, -23.870191 ], [ -46.681037, -23.870232 ], [ -46.680684, -23.870213 ], [ -46.680122, -23.870043 ], [ -46.680068, -23.87016 ], [ -46.680102, -23.870433 ], [ -46.680507, -23.870663 ], [ -46.6808, -23.870705 ], [ -46.682883, -23.870337 ], [ -46.683383, -23.870483 ], [ -46.683962, -23.870437 ], [ -46.684417, -23.870152 ] ] ] } },
{ "type": "Feature", "properties": { "CD_SETOR": "355030855000616", "faces": 2, "pavimentada": 100.0, "bueiro": 100.0, "iluminacao": 100.0, "onibus": 100.0, "ciclovia": 0.0, "calcada": 100.0, "obstaculo": 100.0, "rampa": 0.0, "rampa_faces": 0.0, "sem_calcada": 0.0, "sem_arvore": 0.0, "muitas_arvores": 50.0, "vao": 100.0, "V05400": 2, "V05421": 2, "V05406": 2, "V05412": 2, "V05422": 0, "V05424": 2, "V05427": 0, "V05409": 2, "V05415": 2, "V05418": 0, "V05430": 0, "V05433": 1, "criancas_0a4": 12, "em_favela": true }, "geometry": { "type": "Polygon", "coordinates": [ [ [ -46.720546, -23.766841 ], [ -46.7213, -23.767052 ], [ -46.721702, -23.767085 ], [ -46.722479, -23.767031 ], [ -46.722918, -23.767114 ], [ -46.723442, -23.767374 ], [ -46.723568, -23.76749 ], [ -46.723902, -23.767066 ], [ -46.72355, -23.766897 ], [ -46.722907, -23.766699 ], [ -46.721423, -23.766452 ], [ -46.720703, -23.766266 ], [ -46.720546, -23.766841 ] ] ] } },
{ "type": "Feature", "properties": { "CD_SETOR": "355030855000620", "faces": 8, "pavimentada": 100.0, "bueiro": 100.0, "iluminacao": 100.0, "onibus": 25.0, "ciclovia": 12.5, "calcada": 87.5, "obstaculo": 100.0, "rampa": 0.0, "rampa_faces": 0.0, "sem_calcada": 12.5, "sem_arvore": 0.0, "muitas_arvores": 25.0, "vao": 100.0, "V05400": 8, "V05421": 7, "V05406": 8, "V05412": 8, "V05422": 1, "V05424": 7, "V05427": 0, "V05409": 8, "V05415": 2, "V05418": 1, "V05430": 0, "V05433": 2, "criancas_0a4": 6, "em_favela": false }, "geometry": { "type": "Polygon", "coordinates": [ [ [ -46.706419, -23.825705 ], [ -46.70708, -23.825441 ], [ -46.707466, -23.825176 ], [ -46.707626, -23.824952 ], [ -46.707754, -23.824547 ], [ -46.707682, -23.824366 ], [ -46.706244, -23.824163 ], [ -46.706685, -23.824712 ], [ -46.70676, -23.824978 ], [ -46.706419, -23.825705 ] ] ] } },
{ "type": "Feature", "properties": { "CD_SETOR": "355030855000621", "faces": 15, "pavimentada": 40.0, "bueiro": 40.0, "iluminacao": 100.0, "onibus": 20.0, "ciclovia": 0.0, "calcada": 40.0, "obstaculo": 100.0, "rampa": 0.0, "rampa_faces": 0.0, "sem_calcada": 60.0, "sem_arvore": 40.0, "muitas_arvores": 0.0, "vao": 40.0, "V05400": 15, "V05421": 6, "V05406": 6, "V05412": 15, "V05422": 9, "V05424": 6, "V05427": 0, "V05409": 6, "V05415": 3, "V05418": 0, "V05430": 6, "V05433": 0, "criancas_0a4": 55, "em_favela": true }, "geometry": { "type": "Polygon", "coordinates": [ [ [ -46.704393, -23.824588 ], [ -46.704712, -23.824709 ], [ -46.704591, -23.825135 ], [ -46.705077, -23.825018 ], [ -46.705081, -23.825791 ], [ -46.705997, -23.825807 ], [ -46.706419, -23.825705 ], [ -46.706757, -23.825015 ], [ -46.706685, -23.824712 ], [ -46.706244, -23.824163 ], [ -46.705752, -23.824025 ], [ -46.704809, -23.823902 ], [ -46.704393, -23.823734 ], [ -46.704267, -23.823826 ], [ -46.70434, -23.823892 ], [ -46.704247, -23.824027 ], [ -46.704331, -23.824097 ], [ -46.704394, -23.824042 ], [ -46.704608, -23.824156 ], [ -46.704393, -23.824588 ] ] ] } },
{ "type": "Feature", "properties": { "CD_SETOR": "355030855000622", "faces": 4, "pavimentada": 100.0, "bueiro": 50.0, "iluminacao": 100.0, "onibus": 0.0, "ciclovia": 0.0, "calcada": 100.0, "obstaculo": 100.0, "rampa": 0.0, "rampa_faces": 0.0, "sem_calcada": 0.0, "sem_arvore": 75.0, "muitas_arvores": 0.0, "vao": 100.0, "V05400": 4, "V05421": 4, "V05406": 4, "V05412": 4, "V05422": 0, "V05424": 4, "V05427": 0, "V05409": 2, "V05415": 0, "V05418": 0, "V05430": 3, "V05433": 0, "criancas_0a4": 28, "em_favela": true }, "geometry": { "type": "Polygon", "coordinates": [ [ [ -46.735044, -23.840788 ], [ -46.735247, -23.841261 ], [ -46.735577, -23.841248 ], [ -46.73581, -23.841322 ], [ -46.736233, -23.841962 ], [ -46.736544, -23.842043 ], [ -46.736696, -23.84204 ], [ -46.736775, -23.841969 ], [ -46.737264, -23.842178 ], [ -46.737512, -23.842445 ], [ -46.737692, -23.84226 ], [ -46.736306, -23.840911 ], [ -46.736178, -23.840834 ], [ -46.73575, -23.840754 ], [ -46.735044, -23.840788 ] ] ] } },
{ "type": "Feature", "properties": { "CD_SETOR": "355030855000623", "faces": 3, "pavimentada": 0.0, "bueiro": 0.0, "iluminacao": 0.0, "onibus": 0.0, "ciclovia": 0.0, "calcada": 0.0, "obstaculo": null, "rampa": null, "rampa_faces": 0.0, "sem_calcada": 100.0, "sem_arvore": 100.0, "muitas_arvores": 0.0, "vao": 0.0, "V05400": 3, "V05421": 0, "V05406": 0, "V05412": 0, "V05422": 3, "V05424": 0, "V05427": 0, "V05409": 0, "V05415": 0, "V05418": 0, "V05430": 3, "V05433": 0, "criancas_0a4": 15, "em_favela": true }, "geometry": { "type": "Polygon", "coordinates": [ [ [ -46.70833, -23.786059 ], [ -46.707574, -23.788179 ], [ -46.707606, -23.788238 ], [ -46.707745, -23.788167 ], [ -46.707972, -23.787834 ], [ -46.708469, -23.787416 ], [ -46.708357, -23.787315 ], [ -46.708756, -23.786192 ], [ -46.70833, -23.786059 ] ] ] } },
{ "type": "Feature", "properties": { "CD_SETOR": "355030855000624", "faces": 3, "pavimentada": 66.67, "bueiro": 66.67, "iluminacao": 100.0, "onibus": 0.0, "ciclovia": 0.0, "calcada": 33.33, "obstaculo": 100.0, "rampa": 0.0, "rampa_faces": 0.0, "sem_calcada": 66.67, "sem_arvore": 100.0, "muitas_arvores": 0.0, "vao": 66.67, "V05400": 3, "V05421": 1, "V05406": 2, "V05412": 3, "V05422": 2, "V05424": 1, "V05427": 0, "V05409": 2, "V05415": 0, "V05418": 0, "V05430": 3, "V05433": 0, "criancas_0a4": 21, "em_favela": true }, "geometry": { "type": "Polygon", "coordinates": [ [ [ -46.710418, -23.780281 ], [ -46.709676, -23.782304 ], [ -46.710205, -23.782653 ], [ -46.710839, -23.780913 ], [ -46.711062, -23.780635 ], [ -46.710812, -23.780326 ], [ -46.710418, -23.780281 ] ] ] } },
{ "type": "Feature", "properties": { "CD_SETOR": "355030855000625", "faces": 19, "pavimentada": 100.0, "bueiro": 15.79, "iluminacao": 31.58, "onibus": 0.0, "ciclovia": 0.0, "calcada": 21.05, "obstaculo": 100.0, "rampa": 0.0, "rampa_faces": 0.0, "sem_calcada": 78.95, "sem_arvore": 84.21, "muitas_arvores": 5.26, "vao": 100.0, "V05400": 19, "V05421": 4, "V05406": 19, "V05412": 6, "V05422": 15, "V05424": 4, "V05427": 0, "V05409": 3, "V05415": 0, "V05418": 0, "V05430": 16, "V05433": 1, "criancas_0a4": 19, "em_favela": true }, "geometry": { "type": "Polygon", "coordinates": [ [ [ -46.712377, -23.787027 ], [ -46.712855, -23.787063 ], [ -46.713277, -23.787164 ], [ -46.713308, -23.786454 ], [ -46.71244, -23.786398 ], [ -46.712377, -23.787027 ] ] ] } },
{ "type": "Feature", "properties": { "CD_SETOR": "355030855000626", "faces": 21, "pavimentada": 100.0, "bueiro": 0.0, "iluminacao": 28.57, "onibus": 0.0, "ciclovia": 0.0, "calcada": 33.33, "obstaculo": 100.0, "rampa": 0.0, "rampa_faces": 0.0, "sem_calcada": 66.67, "sem_arvore": 90.48, "muitas_arvores": 0.0, "vao": 100.0, "V05400": 21, "V05421": 7, "V05406": 21, "V05412": 6, "V05422": 14, "V05424": 7, "V05427": 0, "V05409": 0, "V05415": 0, "V05418": 0, "V05430": 19, "V05433": 0, "criancas_0a4": 47, "em_favela": true }, "geometry": { "type": "Polygon", "coordinates": [ [ [ -46.710556, -23.786918 ], [ -46.71097, -23.787025 ], [ -46.710978, -23.786973 ], [ -46.712377, -23.787027 ], [ -46.71244, -23.786398 ], [ -46.710789, -23.78629 ], [ -46.710681, -23.786824 ], [ -46.710572, -23.786815 ], [ -46.710556, -23.786918 ] ] ] } },
{ "type": "Feature", "properties": { "CD_SETOR": "355030855000627", "faces": 11, "pavimentada": 81.82, "bueiro": 0.0, "iluminacao": 36.36, "onibus": 0.0, "ciclovia": 0.0, "calcada": 18.18, "obstaculo": 100.0, "rampa": 0.0, "rampa_faces": 0.0, "sem_calcada": 81.82, "sem_arvore": 90.91, "muitas_arvores": 0.0, "vao": 81.82, "V05400": 11, "V05421": 2, "V05406": 9, "V05412": 4, "V05422": 9, "V05424": 2, "V05427": 0, "V05409": 0, "V05415": 0, "V05418": 0, "V05430": 10, "V05433": 0, "criancas_0a4": 37, "em_favela": true }, "geometry": { "type": "Polygon", "coordinates": [ [ [ -46.708987, -23.784211 ], [ -46.709203, -23.784288 ], [ -46.70928, -23.784206 ], [ -46.709351, -23.784212 ], [ -46.70941, -23.784057 ], [ -46.709622, -23.784169 ], [ -46.709511, -23.784615 ], [ -46.709489, -23.785008 ], [ -46.710045, -23.785068 ], [ -46.710116, -23.784932 ], [ -46.709943, -23.784065 ], [ -46.709924, -23.783577 ], [ -46.710205, -23.782653 ], [ -46.709676, -23.782304 ], [ -46.708987, -23.784211 ] ] ] } },
{ "type": "Feature", "properties": { "CD_SETOR": "355030855000628", "faces": 14, "pavimentada": 92.86, "bueiro": 0.0, "iluminacao": 7.14, "onibus": 0.0, "ciclovia": 0.0, "calcada": 7.14, "obstaculo": 100.0, "rampa": 0.0, "rampa_faces": 0.0, "sem_calcada": 92.86, "sem_arvore": 92.86, "muitas_arvores": 0.0, "vao": 92.86, "V05400": 14, "V05421": 1, "V05406": 13, "V05412": 1, "V05422": 13, "V05424": 1, "V05427": 0, "V05409": 0, "V05415": 0, "V05418": 0, "V05430": 13, "V05433": 0, "criancas_0a4": 48, "em_favela": true }, "geometry": { "type": "Polygon", "coordinates": [ [ [ -46.708987, -23.784211 ], [ -46.70833, -23.786059 ], [ -46.708756, -23.786192 ], [ -46.708742, -23.785981 ], [ -46.708783, -23.785919 ], [ -46.709169, -23.786129 ], [ -46.709655, -23.786044 ], [ -46.709884, -23.785736 ], [ -46.709906, -23.785396 ], [ -46.710045, -23.785068 ], [ -46.709489, -23.785008 ], [ -46.709511, -23.784615 ], [ -46.709622, -23.784169 ], [ -46.70941, -23.784057 ], [ -46.709351, -23.784212 ], [ -46.70928, -23.784206 ], [ -46.709203, -23.784288 ], [ -46.708987, -23.784211 ] ] ] } },
{ "type": "Feature", "properties": { "CD_SETOR": "355030855000631", "faces": 24, "pavimentada": 25.0, "bueiro": 0.0, "iluminacao": 70.83, "onibus": 4.17, "ciclovia": 0.0, "calcada": 8.33, "obstaculo": 100.0, "rampa": 0.0, "rampa_faces": 0.0, "sem_calcada": 91.67, "sem_arvore": 87.5, "muitas_arvores": 0.0, "vao": 25.0, "V05400": 24, "V05421": 2, "V05406": 6, "V05412": 17, "V05422": 22, "V05424": 2, "V05427": 0, "V05409": 0, "V05415": 1, "V05418": 0, "V05430": 21, "V05433": 0, "criancas_0a4": 24, "em_favela": true }, "geometry": { "type": "Polygon", "coordinates": [ [ [ -46.698472, -23.830191 ], [ -46.699052, -23.830278 ], [ -46.699212, -23.829338 ], [ -46.70025, -23.829326 ], [ -46.700438, -23.828909 ], [ -46.700929, -23.827506 ], [ -46.701318, -23.827559 ], [ -46.701471, -23.826798 ], [ -46.700614, -23.826647 ], [ -46.700321, -23.826673 ], [ -46.700202, -23.826709 ], [ -46.70019, -23.826829 ], [ -46.699785, -23.827042 ], [ -46.699711, -23.826917 ], [ -46.699247, -23.827061 ], [ -46.698636, -23.828474 ], [ -46.698045, -23.830223 ], [ -46.698472, -23.830191 ] ] ] } },
{ "type": "Feature", "properties": { "CD_SETOR": "355030855000646", "faces": 3, "pavimentada": 66.67, "bueiro": 66.67, "iluminacao": 66.67, "onibus": 0.0, "ciclovia": 0.0, "calcada": 0.0, "obstaculo": null, "rampa": null, "rampa_faces": 0.0, "sem_calcada": 100.0, "sem_arvore": 66.67, "muitas_arvores": 0.0, "vao": 66.67, "V05400": 3, "V05421": 0, "V05406": 2, "V05412": 2, "V05422": 3, "V05424": 0, "V05427": 0, "V05409": 2, "V05415": 0, "V05418": 0, "V05430": 2, "V05433": 0, "criancas_0a4": 26, "em_favela": false }, "geometry": { "type": "Polygon", "coordinates": [ [ [ -46.714994, -23.786496 ], [ -46.715775, -23.786547 ], [ -46.71605, -23.786696 ], [ -46.71716, -23.785927 ], [ -46.717821, -23.785734 ], [ -46.718098, -23.785776 ], [ -46.718315, -23.785672 ], [ -46.718442, -23.785484 ], [ -46.71821, -23.784921 ], [ -46.717996, -23.784981 ], [ -46.714994, -23.786496 ] ] ] } },
{ "type": "Feature", "properties": { "CD_SETOR": "355030855000647", "faces": 4, "pavimentada": 100.0, "bueiro": 25.0, "iluminacao": 75.0, "onibus": 0.0, "ciclovia": 0.0, "calcada": 25.0, "obstaculo": 100.0, "rampa": 0.0, "rampa_faces": 0.0, "sem_calcada": 75.0, "sem_arvore": 75.0, "muitas_arvores": 25.0, "vao": 100.0, "V05400": 4, "V05421": 1, "V05406": 4, "V05412": 3, "V05422": 3, "V05424": 1, "V05427": 0, "V05409": 1, "V05415": 0, "V05418": 0, "V05430": 3, "V05433": 1, "criancas_0a4": 3, "em_favela": true }, "geometry": { "type": "Polygon", "coordinates": [ [ [ -46.712279, -23.768559 ], [ -46.712238, -23.769097 ], [ -46.712361, -23.769205 ], [ -46.713036, -23.7689 ], [ -46.71251, -23.768304 ], [ -46.712441, -23.768477 ], [ -46.712279, -23.768559 ] ] ] } },
{ "type": "Feature", "properties": { "CD_SETOR": "355030855000650", "faces": 13, "pavimentada": 100.0, "bueiro": 7.69, "iluminacao": 69.23, "onibus": 0.0, "ciclovia": 0.0, "calcada": 92.31, "obstaculo": 100.0, "rampa": 0.0, "rampa_faces": 0.0, "sem_calcada": 7.69, "sem_arvore": 15.38, "muitas_arvores": 7.69, "vao": 100.0, "V05400": 13, "V05421": 12, "V05406": 13, "V05412": 9, "V05422": 1, "V05424": 12, "V05427": 0, "V05409": 1, "V05415": 0, "V05418": 0, "V05430": 2, "V05433": 1, "criancas_0a4": 48, "em_favela": false }, "geometry": { "type": "Polygon", "coordinates": [ [ [ -46.725026, -23.803333 ], [ -46.726969, -23.803466 ], [ -46.727227, -23.80341 ], [ -46.729176, -23.800774 ], [ -46.72856, -23.800617 ], [ -46.727865, -23.801582 ], [ -46.727282, -23.801404 ], [ -46.726564, -23.802348 ], [ -46.726248, -23.802233 ], [ -46.726061, -23.802076 ], [ -46.725026, -23.803333 ] ] ] } },
{ "type": "Feature", "properties": { "CD_SETOR": "355030855000651", "faces": 20, "pavimentada": 95.0, "bueiro": 40.0, "iluminacao": 95.0, "onibus": 0.0, "ciclovia": 0.0, "calcada": 95.0, "obstaculo": 100.0, "rampa": 0.0, "rampa_faces": 0.0, "sem_calcada": 0.0, "sem_arvore": 20.0, "muitas_arvores": 10.0, "vao": 95.0, "V05400": 20, "V05421": 19, "V05406": 19, "V05412": 19, "V05422": 0, "V05424": 19, "V05427": 0, "V05409": 8, "V05415": 0, "V05418": 0, "V05430": 4, "V05433": 2, "criancas_0a4": 53, "em_favela": false }, "geometry": { "type": "Polygon", "coordinates": [ [ [ -46.726524, -23.800944 ], [ -46.726052, -23.801604 ], [ -46.725555, -23.802085 ], [ -46.725199, -23.802676 ], [ -46.725215, -23.802742 ], [ -46.724955, -23.80305 ], [ -46.724789, -23.803057 ], [ -46.724567, -23.803349 ], [ -46.725026, -23.803333 ], [ -46.726061, -23.802076 ], [ -46.726248, -23.802233 ], [ -46.726564, -23.802348 ], [ -46.727282, -23.801404 ], [ -46.727865, -23.801582 ], [ -46.72856, -23.800617 ], [ -46.729176, -23.800774 ], [ -46.729206, -23.800486 ], [ -46.726765, -23.799837 ], [ -46.726584, -23.800254 ], [ -46.726757, -23.800304 ], [ -46.726524, -23.800944 ] ] ] } },
{ "type": "Feature", "properties": { "CD_SETOR": "355030855000652", "faces": 8, "pavimentada": 100.0, "bueiro": 0.0, "iluminacao": 87.5, "onibus": 0.0, "ciclovia": 0.0, "calcada": 100.0, "obstaculo": 100.0, "rampa": 0.0, "rampa_faces": 0.0, "sem_calcada": 0.0, "sem_arvore": 25.0, "muitas_arvores": 25.0, "vao": 100.0, "V05400": 8, "V05421": 8, "V05406": 8, "V05412": 7, "V05422": 0, "V05424": 8, "V05427": 0, "V05409": 0, "V05415": 0, "V05418": 0, "V05430": 2, "V05433": 2, "criancas_0a4": 22, "em_favela": false }, "geometry": { "type": "Polygon", "coordinates": [ [ [ -46.727329, -23.803303 ], [ -46.72742, -23.803373 ], [ -46.727522, -23.803564 ], [ -46.727658, -23.80366 ], [ -46.727875, -23.803488 ], [ -46.728747, -23.803502 ], [ -46.728874, -23.80217 ], [ -46.728357, -23.801905 ], [ -46.727329, -23.803303 ] ] ] } },
{ "type": "Feature", "properties": { "CD_SETOR": "355030855000653", "faces": 16, "pavimentada": 100.0, "bueiro": 93.75, "iluminacao": 100.0, "onibus": 0.0, "ciclovia": 0.0, "calcada": 100.0, "obstaculo": 100.0, "rampa": 0.0, "rampa_faces": 0.0, "sem_calcada": 0.0, "sem_arvore": 50.0, "muitas_arvores": 0.0, "vao": 100.0, "V05400": 16, "V05421": 16, "V05406": 16, "V05412": 16, "V05422": 0, "V05424": 16, "V05427": 0, "V05409": 15, "V05415": 0, "V05418": 0, "V05430": 8, "V05433": 0, "criancas_0a4": 63, "em_favela": false }, "geometry": { "type": "Polygon", "coordinates": [ [ [ -46.732201, -23.799089 ], [ -46.733022, -23.798887 ], [ -46.733707, -23.798776 ], [ -46.733866, -23.798692 ], [ -46.73545, -23.795594 ], [ -46.735034, -23.795451 ], [ -46.734918, -23.795486 ], [ -46.734417, -23.796369 ], [ -46.734015, -23.797325 ], [ -46.733227, -23.79703 ], [ -46.733179, -23.79693 ], [ -46.732757, -23.796929 ], [ -46.732469, -23.797036 ], [ -46.732582, -23.797917 ], [ -46.731495, -23.798183 ], [ -46.731523, -23.79837 ], [ -46.731739, -23.798473 ], [ -46.731788, -23.798594 ], [ -46.732201, -23.799089 ] ] ] } },
{ "type": "Feature", "properties": { "CD_SETOR": "355030855000656", "faces": 9, "pavimentada": 100.0, "bueiro": 88.89, "iluminacao": 66.67, "onibus": 11.11, "ciclovia": 0.0, "calcada": 100.0, "obstaculo": 77.78, "rampa": 11.11, "rampa_faces": 11.11, "sem_calcada": 0.0, "sem_arvore": 88.89, "muitas_arvores": 0.0, "vao": 88.89, "V05400": 9, "V05421": 9, "V05406": 9, "V05412": 6, "V05422": 0, "V05424": 7, "V05427": 1, "V05409": 8, "V05415": 1, "V05418": 0, "V05430": 8, "V05433": 0, "criancas_0a4": 18, "em_favela": false }, "geometry": { "type": "Polygon", "coordinates": [ [ [ -46.711736, -23.779655 ], [ -46.711977, -23.779767 ], [ -46.711712, -23.780265 ], [ -46.713928, -23.781166 ], [ -46.713968, -23.780737 ], [ -46.712257, -23.779213 ], [ -46.712075, -23.779309 ], [ -46.711736, -23.779655 ] ] ] } },
{ "type": "Feature", "properties": { "CD_SETOR": "355030855000657", "faces": 36, "pavimentada": 63.89, "bueiro": 25.0, "iluminacao": 77.78, "onibus": 0.0, "ciclovia": 0.0, "calcada": 61.11, "obstaculo": 100.0, "rampa": 0.0, "rampa_faces": 0.0, "sem_calcada": 38.89, "sem_arvore": 50.0, "muitas_arvores": 13.89, "vao": 63.89, "V05400": 36, "V05421": 22, "V05406": 23, "V05412": 28, "V05422": 14, "V05424": 22, "V05427": 0, "V05409": 9, "V05415": 0, "V05418": 0, "V05430": 18, "V05433": 5, "criancas_0a4": 53, "em_favela": false }, "geometry": { "type": "Polygon", "coordinates": [ [ [ -46.707467, -23.79397 ], [ -46.706917, -23.797356 ], [ -46.708406, -23.797509 ], [ -46.708565, -23.797267 ], [ -46.70926, -23.797078 ], [ -46.709545, -23.797099 ], [ -46.709617, -23.796994 ], [ -46.709536, -23.795982 ], [ -46.709677, -23.795386 ], [ -46.710088, -23.795179 ], [ -46.710191, -23.794403 ], [ -46.709043, -23.793742 ], [ -46.708278, -23.793689 ], [ -46.708148, -23.794016 ], [ -46.707467, -23.79397 ] ] ] } },
{ "type": "Feature", "properties": { "CD_SETOR": "355030855000658", "faces": 30, "pavimentada": 10.0, "bueiro": 10.0, "iluminacao": 93.33, "onibus": 0.0, "ciclovia": 0.0, "calcada": 10.0, "obstaculo": 100.0, "rampa": 0.0, "rampa_faces": 0.0, "sem_calcada": 90.0, "sem_arvore": 46.67, "muitas_arvores": 10.0, "vao": 10.0, "V05400": 30, "V05421": 3, "V05406": 3, "V05412": 28, "V05422": 27, "V05424": 3, "V05427": 0, "V05409": 3, "V05415": 0, "V05418": 0, "V05430": 14, "V05433": 3, "criancas_0a4": 38, "em_favela": false }, "geometry": { "type": "Polygon", "coordinates": [ [ [ -46.705072, -23.795075 ], [ -46.704586, -23.796351 ], [ -46.705836, -23.797288 ], [ -46.706917, -23.797356 ], [ -46.707467, -23.79397 ], [ -46.707019, -23.79394 ], [ -46.706653, -23.794162 ], [ -46.706512, -23.795253 ], [ -46.705072, -23.795075 ] ] ] } },
{ "type": "Feature", "properties": { "CD_SETOR": "355030855000659", "faces": 13, "pavimentada": 84.62, "bueiro": 38.46, "iluminacao": 61.54, "onibus": 7.69, "ciclovia": 0.0, "calcada": 53.85, "obstaculo": 85.71, "rampa": 0.0, "rampa_faces": 0.0, "sem_calcada": 46.15, "sem_arvore": 69.23, "muitas_arvores": 7.69, "vao": 84.62, "V05400": 13, "V05421": 7, "V05406": 11, "V05412": 8, "V05422": 6, "V05424": 6, "V05427": 0, "V05409": 5, "V05415": 1, "V05418": 0, "V05430": 9, "V05433": 1, "criancas_0a4": 26, "em_favela": false }, "geometry": { "type": "Polygon", "coordinates": [ [ [ -46.726393, -23.822259 ], [ -46.72676, -23.822608 ], [ -46.727489, -23.824066 ], [ -46.727946, -23.824737 ], [ -46.728398, -23.824316 ], [ -46.728413, -23.823875 ], [ -46.728133, -23.82315 ], [ -46.727509, -23.82209 ], [ -46.727942, -23.821152 ], [ -46.72923, -23.821295 ], [ -46.728802, -23.819568 ], [ -46.728419, -23.82014 ], [ -46.727939, -23.820419 ], [ -46.727551, -23.820978 ], [ -46.727254, -23.821233 ], [ -46.727109, -23.821478 ], [ -46.726393, -23.822259 ] ] ] } },
{ "type": "Feature", "properties": { "CD_SETOR": "355030855000661", "faces": 2, "pavimentada": 100.0, "bueiro": 100.0, "iluminacao": 100.0, "onibus": 0.0, "ciclovia": 0.0, "calcada": 50.0, "obstaculo": 0.0, "rampa": 0.0, "rampa_faces": 0.0, "sem_calcada": 50.0, "sem_arvore": 50.0, "muitas_arvores": 50.0, "vao": 100.0, "V05400": 2, "V05421": 1, "V05406": 2, "V05412": 2, "V05422": 1, "V05424": 0, "V05427": 0, "V05409": 2, "V05415": 0, "V05418": 0, "V05430": 1, "V05433": 1, "criancas_0a4": 10, "em_favela": false }, "geometry": { "type": "Polygon", "coordinates": [ [ [ -46.723948, -23.824074 ], [ -46.725801, -23.82534 ], [ -46.72635, -23.825828 ], [ -46.726439, -23.825703 ], [ -46.726427, -23.825469 ], [ -46.724515, -23.823999 ], [ -46.724235, -23.823825 ], [ -46.724133, -23.823811 ], [ -46.723948, -23.824074 ] ] ] } },
{ "type": "Feature", "properties": { "CD_SETOR": "355030855000664", "faces": 4, "pavimentada": 75.0, "bueiro": 75.0, "iluminacao": 75.0, "onibus": 0.0, "ciclovia": 0.0, "calcada": 75.0, "obstaculo": 100.0, "rampa": 0.0, "rampa_faces": 0.0, "sem_calcada": 25.0, "sem_arvore": 100.0, "muitas_arvores": 0.0, "vao": 75.0, "V05400": 4, "V05421": 3, "V05406": 3, "V05412": 3, "V05422": 1, "V05424": 3, "V05427": 0, "V05409": 3, "V05415": 0, "V05418": 0, "V05430": 4, "V05433": 0, "criancas_0a4": 20, "em_favela": true }, "geometry": { "type": "Polygon", "coordinates": [ [ [ -46.716129, -23.788247 ], [ -46.717258, -23.789268 ], [ -46.717308, -23.789283 ], [ -46.717989, -23.788834 ], [ -46.717238, -23.788163 ], [ -46.716262, -23.787613 ], [ -46.716237, -23.787988 ], [ -46.716129, -23.788247 ] ] ] } },
{ "type": "Feature", "properties": { "CD_SETOR": "355030855000671", "faces": 6, "pavimentada": 100.0, "bueiro": 100.0, "iluminacao": 100.0, "onibus": 16.67, "ciclovia": 0.0, "calcada": 100.0, "obstaculo": 50.0, "rampa": 0.0, "rampa_faces": 0.0, "sem_calcada": 0.0, "sem_arvore": 0.0, "muitas_arvores": 66.67, "vao": 100.0, "V05400": 6, "V05421": 6, "V05406": 6, "V05412": 6, "V05422": 0, "V05424": 3, "V05427": 0, "V05409": 6, "V05415": 1, "V05418": 0, "V05430": 0, "V05433": 4, "criancas_0a4": 19, "em_favela": false }, "geometry": { "type": "Polygon", "coordinates": [ [ [ -46.731622, -23.803623 ], [ -46.731468, -23.803808 ], [ -46.731351, -23.804083 ], [ -46.731342, -23.804363 ], [ -46.731815, -23.805184 ], [ -46.732382, -23.805576 ], [ -46.732433, -23.805811 ], [ -46.732377, -23.806073 ], [ -46.731996, -23.806977 ], [ -46.731742, -23.807826 ], [ -46.733463, -23.808887 ], [ -46.733988, -23.809124 ], [ -46.734385, -23.809145 ], [ -46.734531, -23.809385 ], [ -46.734509, -23.809627 ], [ -46.734305, -23.809895 ], [ -46.733823, -23.810294 ], [ -46.73378, -23.810468 ], [ -46.733811, -23.810581 ], [ -46.734472, -23.810439 ], [ -46.73467, -23.81047 ], [ -46.734767, -23.810381 ], [ -46.735135, -23.809517 ], [ -46.736146, -23.809065 ], [ -46.735994, -23.808478 ], [ -46.734776, -23.80852 ], [ -46.734619, -23.808422 ], [ -46.734256, -23.807399 ], [ -46.734174, -23.806611 ], [ -46.734059, -23.806363 ], [ -46.734927, -23.806157 ], [ -46.735138, -23.806175 ], [ -46.735982, -23.805735 ], [ -46.735531, -23.805012 ], [ -46.735255, -23.804165 ], [ -46.734509, -23.803364 ], [ -46.734216, -23.802674 ], [ -46.732262, -23.803423 ], [ -46.731622, -23.803623 ] ] ] } },
{ "type": "Feature", "properties": { "CD_SETOR": "355030855000675", "faces": 51, "pavimentada": 0.0, "bueiro": 0.0, "iluminacao": 17.65, "onibus": 0.0, "ciclovia": 0.0, "calcada": 0.0, "obstaculo": null, "rampa": null, "rampa_faces": 0.0, "sem_calcada": 52.94, "sem_arvore": 19.61, "muitas_arvores": 21.57, "vao": 0.0, "V05400": 51, "V05421": 0, "V05406": 0, "V05412": 9, "V05422": 27, "V05424": 0, "V05427": 0, "V05409": 0, "V05415": 0, "V05418": 0, "V05430": 10, "V05433": 11, "criancas_0a4": 17, "em_favela": false }, "geometry": { "type": "Polygon", "coordinates": [ [ [ -46.731742, -23.807826 ], [ -46.730773, -23.809222 ], [ -46.730285, -23.809695 ], [ -46.729816, -23.809725 ], [ -46.729367, -23.809858 ], [ -46.72926, -23.8098 ], [ -46.729142, -23.809567 ], [ -46.728835, -23.80938 ], [ -46.728666, -23.809397 ], [ -46.728514, -23.809333 ], [ -46.728017, -23.809026 ], [ -46.727935, -23.808898 ], [ -46.727675, -23.807937 ], [ -46.72745, -23.807834 ], [ -46.726711, -23.808473 ], [ -46.725539, -23.809346 ], [ -46.725164, -23.809293 ], [ -46.724573, -23.808274 ], [ -46.723373, -23.808496 ], [ -46.723546, -23.809483 ], [ -46.723306, -23.810173 ], [ -46.72275, -23.810524 ], [ -46.722184, -23.810186 ], [ -46.721816, -23.810591 ], [ -46.721515, -23.811455 ], [ -46.721815, -23.812038 ], [ -46.723449, -23.811422 ], [ -46.724012, -23.81135 ], [ -46.724463, -23.811423 ], [ -46.725261, -23.811684 ], [ -46.72576, -23.812133 ], [ -46.725913, -23.812186 ], [ -46.729978, -23.81171 ], [ -46.731454, -23.811488 ], [ -46.731785, -23.811662 ], [ -46.732273, -23.812323 ], [ -46.732705, -23.812721 ], [ -46.733519, -23.813205 ], [ -46.734518, -23.814143 ], [ -46.734721, -23.814041 ], [ -46.734776, -23.813888 ], [ -46.734735, -23.813207 ], [ -46.734895, -23.812872 ], [ -46.734954, -23.812621 ], [ -46.734914, -23.812355 ], [ -46.73468, -23.811601 ], [ -46.734508, -23.811273 ], [ -46.733811, -23.810581 ], [ -46.73378, -23.810468 ], [ -46.733823, -23.810294 ], [ -46.734305, -23.809895 ], [ -46.734509, -23.809627 ], [ -46.734531, -23.809385 ], [ -46.734481, -23.809272 ], [ -46.734385, -23.809145 ], [ -46.733988, -23.809124 ], [ -46.733463, -23.808887 ], [ -46.731742, -23.807826 ] ] ] } },
{ "type": "Feature", "properties": { "CD_SETOR": "355030855000694", "faces": 18, "pavimentada": 88.89, "bueiro": 22.22, "iluminacao": 100.0, "onibus": 38.89, "ciclovia": 0.0, "calcada": 44.44, "obstaculo": 87.5, "rampa": 0.0, "rampa_faces": 0.0, "sem_calcada": 55.56, "sem_arvore": 11.11, "muitas_arvores": 61.11, "vao": 88.89, "V05400": 18, "V05421": 8, "V05406": 16, "V05412": 18, "V05422": 10, "V05424": 7, "V05427": 0, "V05409": 4, "V05415": 7, "V05418": 0, "V05430": 2, "V05433": 11, "criancas_0a4": 24, "em_favela": false }, "geometry": { "type": "Polygon", "coordinates": [ [ [ -46.729332, -23.790956 ], [ -46.727683, -23.790975 ], [ -46.727195, -23.791078 ], [ -46.727027, -23.791335 ], [ -46.727471, -23.792146 ], [ -46.727707, -23.792404 ], [ -46.728416, -23.79291 ], [ -46.730073, -23.793751 ], [ -46.73043, -23.793308 ], [ -46.730805, -23.793038 ], [ -46.731034, -23.792798 ], [ -46.731553, -23.792129 ], [ -46.731871, -23.791645 ], [ -46.732149, -23.791034 ], [ -46.730698, -23.791197 ], [ -46.73014, -23.791203 ], [ -46.73011, -23.791125 ], [ -46.729332, -23.790956 ] ] ] } },
{ "type": "Feature", "properties": { "CD_SETOR": "355030855000696", "faces": 8, "pavimentada": 12.5, "bueiro": 0.0, "iluminacao": 100.0, "onibus": 0.0, "ciclovia": 0.0, "calcada": 0.0, "obstaculo": null, "rampa": null, "rampa_faces": 0.0, "sem_calcada": 100.0, "sem_arvore": 0.0, "muitas_arvores": 100.0, "vao": 12.5, "V05400": 8, "V05421": 0, "V05406": 1, "V05412": 8, "V05422": 8, "V05424": 0, "V05427": 0, "V05409": 0, "V05415": 0, "V05418": 0, "V05430": 0, "V05433": 8, "criancas_0a4": 12, "em_favela": false }, "geometry": { "type": "Polygon", "coordinates": [ [ [ -46.648789, -23.879338 ], [ -46.648754, -23.879785 ], [ -46.649311, -23.882945 ], [ -46.651176, -23.882942 ], [ -46.651106, -23.881738 ], [ -46.651151, -23.881226 ], [ -46.651301, -23.880343 ], [ -46.651456, -23.879751 ], [ -46.651637, -23.879292 ], [ -46.650454, -23.879129 ], [ -46.649177, -23.879159 ], [ -46.64896, -23.879213 ], [ -46.648789, -23.879338 ] ] ] } },
{ "type": "Feature", "properties": { "CD_SETOR": "355030855000698", "faces": 13, "pavimentada": 100.0, "bueiro": 53.85, "iluminacao": 53.85, "onibus": 15.38, "ciclovia": 0.0, "calcada": 100.0, "obstaculo": 100.0, "rampa": 0.0, "rampa_faces": 0.0, "sem_calcada": 0.0, "sem_arvore": 84.62, "muitas_arvores": 0.0, "vao": 100.0, "V05400": 13, "V05421": 13, "V05406": 13, "V05412": 7, "V05422": 0, "V05424": 13, "V05427": 0, "V05409": 7, "V05415": 2, "V05418": 0, "V05430": 11, "V05433": 0, "criancas_0a4": 42, "em_favela": false }, "geometry": { "type": "Polygon", "coordinates": [ [ [ -46.738108, -23.825703 ], [ -46.737845, -23.826342 ], [ -46.737834, -23.826518 ], [ -46.738995, -23.827882 ], [ -46.739481, -23.828875 ], [ -46.739566, -23.828943 ], [ -46.739537, -23.829348 ], [ -46.739762, -23.829406 ], [ -46.739955, -23.829233 ], [ -46.740062, -23.829025 ], [ -46.740282, -23.827939 ], [ -46.740365, -23.827744 ], [ -46.740282, -23.826877 ], [ -46.739812, -23.826176 ], [ -46.739666, -23.825713 ], [ -46.739245, -23.825168 ], [ -46.739163, -23.824966 ], [ -46.738108, -23.825703 ] ] ] } },
{ "type": "Feature", "properties": { "CD_SETOR": "355030855000705", "faces": 9, "pavimentada": 100.0, "bueiro": 44.44, "iluminacao": 100.0, "onibus": 11.11, "ciclovia": 0.0, "calcada": 100.0, "obstaculo": 77.78, "rampa": 33.33, "rampa_faces": 33.33, "sem_calcada": 0.0, "sem_arvore": 77.78, "muitas_arvores": 0.0, "vao": 66.67, "V05400": 9, "V05421": 9, "V05406": 9, "V05412": 9, "V05422": 0, "V05424": 7, "V05427": 3, "V05409": 4, "V05415": 1, "V05418": 0, "V05430": 7, "V05433": 0, "criancas_0a4": 31, "em_favela": true }, "geometry": { "type": "Polygon", "coordinates": [ [ [ -46.71051, -23.849156 ], [ -46.710204, -23.849438 ], [ -46.709804, -23.849689 ], [ -46.709997, -23.849989 ], [ -46.710462, -23.850353 ], [ -46.711221, -23.85124 ], [ -46.711532, -23.851454 ], [ -46.711566, -23.851608 ], [ -46.712238, -23.851822 ], [ -46.712412, -23.851732 ], [ -46.712783, -23.851735 ], [ -46.713094, -23.851892 ], [ -46.713327, -23.851863 ], [ -46.713131, -23.851542 ], [ -46.712523, -23.851335 ], [ -46.712201, -23.851024 ], [ -46.712058, -23.850678 ], [ -46.711601, -23.8502 ], [ -46.711325, -23.849331 ], [ -46.711275, -23.848973 ], [ -46.710849, -23.848996 ], [ -46.71051, -23.849156 ] ] ] } },
{ "type": "Feature", "properties": { "CD_SETOR": "355030855000711", "faces": 5, "pavimentada": 100.0, "bueiro": 60.0, "iluminacao": 100.0, "onibus": 0.0, "ciclovia": 0.0, "calcada": 60.0, "obstaculo": 100.0, "rampa": 0.0, "rampa_faces": 0.0, "sem_calcada": 40.0, "sem_arvore": 40.0, "muitas_arvores": 0.0, "vao": 100.0, "V05400": 5, "V05421": 3, "V05406": 5, "V05412": 5, "V05422": 2, "V05424": 3, "V05427": 0, "V05409": 3, "V05415": 0, "V05418": 0, "V05430": 2, "V05433": 0, "criancas_0a4": 19, "em_favela": false }, "geometry": { "type": "Polygon", "coordinates": [ [ [ -46.719877, -23.823742 ], [ -46.72106, -23.824399 ], [ -46.721417, -23.824684 ], [ -46.721733, -23.82515 ], [ -46.721914, -23.825624 ], [ -46.722147, -23.826033 ], [ -46.722475, -23.825824 ], [ -46.722695, -23.825604 ], [ -46.723377, -23.824703 ], [ -46.723921, -23.82411 ], [ -46.724133, -23.823811 ], [ -46.723403, -23.824002 ], [ -46.722273, -23.824124 ], [ -46.721313, -23.823565 ], [ -46.720895, -23.823503 ], [ -46.719877, -23.823742 ] ] ] } },
{ "type": "Feature", "properties": { "CD_SETOR": "355030855000713", "faces": 8, "pavimentada": 75.0, "bueiro": 25.0, "iluminacao": 75.0, "onibus": 0.0, "ciclovia": 0.0, "calcada": 25.0, "obstaculo": 100.0, "rampa": 0.0, "rampa_faces": 0.0, "sem_calcada": 75.0, "sem_arvore": 12.5, "muitas_arvores": 62.5, "vao": 75.0, "V05400": 8, "V05421": 2, "V05406": 6, "V05412": 6, "V05422": 6, "V05424": 2, "V05427": 0, "V05409": 2, "V05415": 0, "V05418": 0, "V05430": 1, "V05433": 5, "criancas_0a4": 21, "em_favela": false }, "geometry": { "type": "Polygon", "coordinates": [ [ [ -46.72533, -23.837522 ], [ -46.725375, -23.837857 ], [ -46.725234, -23.837987 ], [ -46.725487, -23.838738 ], [ -46.727892, -23.840397 ], [ -46.728091, -23.840972 ], [ -46.728123, -23.841455 ], [ -46.728056, -23.843177 ], [ -46.728132, -23.844025 ], [ -46.728365, -23.844223 ], [ -46.729389, -23.84444 ], [ -46.729618, -23.844189 ], [ -46.730233, -23.843808 ], [ -46.730591, -23.843339 ], [ -46.730736, -23.842969 ], [ -46.730918, -23.842725 ], [ -46.731602, -23.842147 ], [ -46.732023, -23.841272 ], [ -46.732359, -23.840085 ], [ -46.729857, -23.837789 ], [ -46.728954, -23.835526 ], [ -46.728519, -23.835682 ], [ -46.72851, -23.835792 ], [ -46.727594, -23.836099 ], [ -46.727255, -23.836387 ], [ -46.727111, -23.837002 ], [ -46.727364, -23.837293 ], [ -46.72674, -23.837663 ], [ -46.72533, -23.837522 ] ] ] } },
{ "type": "Feature", "properties": { "CD_SETOR": "355030855000714", "faces": 6, "pavimentada": 100.0, "bueiro": 66.67, "iluminacao": 100.0, "onibus": 66.67, "ciclovia": 0.0, "calcada": 66.67, "obstaculo": 100.0, "rampa": 0.0, "rampa_faces": 0.0, "sem_calcada": 33.33, "sem_arvore": 50.0, "muitas_arvores": 0.0, "vao": 100.0, "V05400": 6, "V05421": 4, "V05406": 6, "V05412": 6, "V05422": 2, "V05424": 4, "V05427": 0, "V05409": 4, "V05415": 4, "V05418": 0, "V05430": 3, "V05433": 0, "criancas_0a4": 17, "em_favela": false }, "geometry": { "type": "Polygon", "coordinates": [ [ [ -46.695307, -23.847134 ], [ -46.695372, -23.847144 ], [ -46.695198, -23.847323 ], [ -46.695231, -23.847963 ], [ -46.695056, -23.848633 ], [ -46.694738, -23.849213 ], [ -46.694596, -23.849721 ], [ -46.694569, -23.850606 ], [ -46.694364, -23.851407 ], [ -46.694291, -23.851994 ], [ -46.694126, -23.852247 ], [ -46.693962, -23.852356 ], [ -46.69387, -23.852554 ], [ -46.694217, -23.852644 ], [ -46.694982, -23.850652 ], [ -46.695449, -23.850417 ], [ -46.695699, -23.850357 ], [ -46.696435, -23.850379 ], [ -46.696841, -23.850315 ], [ -46.697045, -23.8501 ], [ -46.697051, -23.849923 ], [ -46.696892, -23.84929 ], [ -46.696874, -23.848456 ], [ -46.696834, -23.848432 ], [ -46.697183, -23.847989 ], [ -46.69752, -23.846743 ], [ -46.696826, -23.846574 ], [ -46.696452, -23.846534 ], [ -46.695644, -23.846748 ], [ -46.695307, -23.847134 ] ] ] } },
{ "type": "Feature", "properties": { "CD_SETOR": "355030855000715", "faces": 12, "pavimentada": 100.0, "bueiro": 58.33, "iluminacao": 100.0, "onibus": 0.0, "ciclovia": 0.0, "calcada": 50.0, "obstaculo": 100.0, "rampa": 0.0, "rampa_faces": 0.0, "sem_calcada": 50.0, "sem_arvore": 66.67, "muitas_arvores": 8.33, "vao": 100.0, "V05400": 12, "V05421": 6, "V05406": 12, "V05412": 12, "V05422": 6, "V05424": 6, "V05427": 0, "V05409": 7, "V05415": 0, "V05418": 0, "V05430": 8, "V05433": 1, "criancas_0a4": 15, "em_favela": false }, "geometry": { "type": "Polygon", "coordinates": [ [ [ -46.717385, -23.829902 ], [ -46.720118, -23.828893 ], [ -46.720239, -23.828818 ], [ -46.720265, -23.828685 ], [ -46.71964, -23.828313 ], [ -46.719032, -23.827743 ], [ -46.718376, -23.827341 ], [ -46.718009, -23.827245 ], [ -46.716998, -23.827132 ], [ -46.71726, -23.829319 ], [ -46.717385, -23.829902 ] ] ] } },
{ "type": "Feature", "properties": { "CD_SETOR": "355030855000716", "faces": 7, "pavimentada": 100.0, "bueiro": 57.14, "iluminacao": 100.0, "onibus": 28.57, "ciclovia": 0.0, "calcada": 42.86, "obstaculo": 100.0, "rampa": 0.0, "rampa_faces": 0.0, "sem_calcada": 57.14, "sem_arvore": 85.71, "muitas_arvores": 0.0, "vao": 100.0, "V05400": 7, "V05421": 3, "V05406": 7, "V05412": 7, "V05422": 4, "V05424": 3, "V05427": 0, "V05409": 4, "V05415": 2, "V05418": 0, "V05430": 6, "V05433": 0, "criancas_0a4": 0, "em_favela": false }, "geometry": { "type": "Polygon", "coordinates": [ [ [ -46.717385, -23.829902 ], [ -46.717418, -23.830275 ], [ -46.719363, -23.830283 ], [ -46.719772, -23.830334 ], [ -46.720119, -23.830147 ], [ -46.720637, -23.829676 ], [ -46.718518, -23.829613 ], [ -46.718466, -23.829607 ], [ -46.718475, -23.829495 ], [ -46.717385, -23.829902 ] ] ] } },
{ "type": "Feature", "properties": { "CD_SETOR": "355030855000717", "faces": 13, "pavimentada": 100.0, "bueiro": 61.54, "iluminacao": 100.0, "onibus": 7.69, "ciclovia": 0.0, "calcada": 100.0, "obstaculo": 76.92, "rampa": 7.69, "rampa_faces": 7.69, "sem_calcada": 0.0, "sem_arvore": 46.15, "muitas_arvores": 0.0, "vao": 92.31, "V05400": 13, "V05421": 13, "V05406": 13, "V05412": 13, "V05422": 0, "V05424": 10, "V05427": 1, "V05409": 8, "V05415": 1, "V05418": 0, "V05430": 6, "V05433": 0, "criancas_0a4": 30, "em_favela": false }, "geometry": { "type": "Polygon", "coordinates": [ [ [ -46.720265, -23.828685 ], [ -46.720273, -23.828768 ], [ -46.720199, -23.828856 ], [ -46.718592, -23.829439 ], [ -46.718475, -23.829495 ], [ -46.718466, -23.829607 ], [ -46.720637, -23.829676 ], [ -46.720998, -23.829337 ], [ -46.72312, -23.828544 ], [ -46.722125, -23.827676 ], [ -46.720918, -23.828164 ], [ -46.721067, -23.828292 ], [ -46.720265, -23.828685 ] ] ] } },
{ "type": "Feature", "properties": { "CD_SETOR": "355030855000718", "faces": 3, "pavimentada": 100.0, "bueiro": 100.0, "iluminacao": 100.0, "onibus": 33.33, "ciclovia": 33.33, "calcada": 100.0, "obstaculo": 100.0, "rampa": 33.33, "rampa_faces": 33.33, "sem_calcada": 0.0, "sem_arvore": 66.67, "muitas_arvores": 0.0, "vao": 66.67, "V05400": 3, "V05421": 3, "V05406": 3, "V05412": 3, "V05422": 0, "V05424": 3, "V05427": 1, "V05409": 3, "V05415": 1, "V05418": 1, "V05430": 2, "V05433": 0, "criancas_0a4": 13, "em_favela": true }, "geometry": { "type": "Polygon", "coordinates": [ [ [ -46.703096, -23.821706 ], [ -46.70364, -23.822187 ], [ -46.70395, -23.822628 ], [ -46.704179, -23.823071 ], [ -46.704472, -23.822849 ], [ -46.704691, -23.822519 ], [ -46.704687, -23.82242 ], [ -46.704822, -23.822336 ], [ -46.704179, -23.822164 ], [ -46.703335, -23.821725 ], [ -46.703096, -23.821706 ] ] ] } },
{ "type": "Feature", "properties": { "CD_SETOR": "355030855000719", "faces": 5, "pavimentada": 80.0, "bueiro": 100.0, "iluminacao": 100.0, "onibus": 20.0, "ciclovia": 0.0, "calcada": 60.0, "obstaculo": 100.0, "rampa": 0.0, "rampa_faces": 0.0, "sem_calcada": 40.0, "sem_arvore": 100.0, "muitas_arvores": 0.0, "vao": 80.0, "V05400": 5, "V05421": 3, "V05406": 4, "V05412": 5, "V05422": 2, "V05424": 3, "V05427": 0, "V05409": 5, "V05415": 1, "V05418": 0, "V05430": 5, "V05433": 0, "criancas_0a4": 15, "em_favela": true }, "geometry": { "type": "Polygon", "coordinates": [ [ [ -46.704822, -23.822336 ], [ -46.704687, -23.82242 ], [ -46.704691, -23.822519 ], [ -46.704472, -23.822849 ], [ -46.704179, -23.823071 ], [ -46.704283, -23.823636 ], [ -46.70436, -23.82372 ], [ -46.70471, -23.823868 ], [ -46.704587, -23.823675 ], [ -46.704552, -23.823518 ], [ -46.704544, -23.823326 ], [ -46.70464, -23.823131 ], [ -46.704904, -23.822939 ], [ -46.705483, -23.822872 ], [ -46.705458, -23.822645 ], [ -46.705335, -23.822382 ], [ -46.705211, -23.822287 ], [ -46.705079, -23.822375 ], [ -46.704822, -23.822336 ] ] ] } },
{ "type": "Feature", "properties": { "CD_SETOR": "355030855000720", "faces": 4, "pavimentada": 75.0, "bueiro": 100.0, "iluminacao": 100.0, "onibus": 25.0, "ciclovia": 0.0, "calcada": 50.0, "obstaculo": 100.0, "rampa": 0.0, "rampa_faces": 0.0, "sem_calcada": 50.0, "sem_arvore": 100.0, "muitas_arvores": 0.0, "vao": 75.0, "V05400": 4, "V05421": 2, "V05406": 3, "V05412": 4, "V05422": 2, "V05424": 2, "V05427": 0, "V05409": 4, "V05415": 1, "V05418": 0, "V05430": 4, "V05433": 0, "criancas_0a4": 7, "em_favela": true }, "geometry": { "type": "Polygon", "coordinates": [ [ [ -46.705211, -23.822287 ], [ -46.705399, -23.822495 ], [ -46.705481, -23.822721 ], [ -46.705483, -23.822872 ], [ -46.705635, -23.822806 ], [ -46.705852, -23.8226 ], [ -46.706021, -23.822126 ], [ -46.705398, -23.821908 ], [ -46.705328, -23.822158 ], [ -46.705211, -23.822287 ] ] ] } },
{ "type": "Feature", "properties": { "CD_SETOR": "355030855000721", "faces": 2, "pavimentada": 100.0, "bueiro": 50.0, "iluminacao": 100.0, "onibus": 50.0, "ciclovia": 0.0, "calcada": 100.0, "obstaculo": 100.0, "rampa": 0.0, "rampa_faces": 0.0, "sem_calcada": 0.0, "sem_arvore": 50.0, "muitas_arvores": 0.0, "vao": 100.0, "V05400": 2, "V05421": 2, "V05406": 2, "V05412": 2, "V05422": 0, "V05424": 2, "V05427": 0, "V05409": 1, "V05415": 1, "V05418": 0, "V05430": 1, "V05433": 0, "criancas_0a4": 8, "em_favela": false }, "geometry": { "type": "Polygon", "coordinates": [ [ [ -46.699352, -23.846837 ], [ -46.69941, -23.846904 ], [ -46.699573, -23.846809 ], [ -46.699955, -23.847267 ], [ -46.699891, -23.847392 ], [ -46.699518, -23.847758 ], [ -46.699891, -23.847893 ], [ -46.701104, -23.848703 ], [ -46.701942, -23.848402 ], [ -46.702682, -23.848334 ], [ -46.702629, -23.848271 ], [ -46.702688, -23.848043 ], [ -46.70263, -23.847907 ], [ -46.702724, -23.847854 ], [ -46.702631, -23.847687 ], [ -46.702623, -23.847526 ], [ -46.702346, -23.847332 ], [ -46.702356, -23.847168 ], [ -46.702316, -23.84711 ], [ -46.702017, -23.846938 ], [ -46.701855, -23.84691 ], [ -46.701878, -23.846735 ], [ -46.701552, -23.846577 ], [ -46.701598, -23.846447 ], [ -46.701497, -23.846384 ], [ -46.70163, -23.846196 ], [ -46.701515, -23.845957 ], [ -46.701444, -23.845944 ], [ -46.701343, -23.846061 ], [ -46.701132, -23.846112 ], [ -46.700832, -23.846009 ], [ -46.700483, -23.846027 ], [ -46.700282, -23.846158 ], [ -46.699743, -23.846306 ], [ -46.699633, -23.846421 ], [ -46.699412, -23.846829 ], [ -46.699352, -23.846837 ] ] ] } },
{ "type": "Feature", "properties": { "CD_SETOR": "355030855000723", "faces": 3, "pavimentada": 100.0, "bueiro": 66.67, "iluminacao": 100.0, "onibus": 0.0, "ciclovia": 0.0, "calcada": 100.0, "obstaculo": 66.67, "rampa": 0.0, "rampa_faces": 0.0, "sem_calcada": 0.0, "sem_arvore": 33.33, "muitas_arvores": 0.0, "vao": 100.0, "V05400": 3, "V05421": 3, "V05406": 3, "V05412": 3, "V05422": 0, "V05424": 2, "V05427": 0, "V05409": 2, "V05415": 0, "V05418": 0, "V05430": 1, "V05433": 0, "criancas_0a4": 12, "em_favela": false }, "geometry": { "type": "Polygon", "coordinates": [ [ [ -46.734279, -23.797882 ], [ -46.736135, -23.798681 ], [ -46.736162, -23.798407 ], [ -46.736109, -23.798301 ], [ -46.735215, -23.797939 ], [ -46.734681, -23.797689 ], [ -46.734544, -23.79758 ], [ -46.734452, -23.797541 ], [ -46.734279, -23.797882 ] ] ] } },
{ "type": "Feature", "properties": { "CD_SETOR": "355030855000725", "faces": 7, "pavimentada": 100.0, "bueiro": 71.43, "iluminacao": 100.0, "onibus": 0.0, "ciclovia": 0.0, "calcada": 85.71, "obstaculo": 100.0, "rampa": 0.0, "rampa_faces": 0.0, "sem_calcada": 14.29, "sem_arvore": 14.29, "muitas_arvores": 14.29, "vao": 100.0, "V05400": 7, "V05421": 6, "V05406": 7, "V05412": 7, "V05422": 1, "V05424": 6, "V05427": 0, "V05409": 5, "V05415": 0, "V05418": 0, "V05430": 1, "V05433": 1, "criancas_0a4": 24, "em_favela": false }, "geometry": { "type": "Polygon", "coordinates": [ [ [ -46.733707, -23.798776 ], [ -46.733818, -23.799105 ], [ -46.734087, -23.799139 ], [ -46.734421, -23.799016 ], [ -46.734801, -23.799179 ], [ -46.734915, -23.799405 ], [ -46.735255, -23.799541 ], [ -46.736053, -23.799331 ], [ -46.736214, -23.799237 ], [ -46.7363, -23.798942 ], [ -46.736094, -23.7989 ], [ -46.736135, -23.798681 ], [ -46.734279, -23.797882 ], [ -46.733866, -23.798692 ], [ -46.733707, -23.798776 ] ] ] } },
{ "type": "Feature", "properties": { "CD_SETOR": "355030855000729", "faces": 13, "pavimentada": 100.0, "bueiro": 76.92, "iluminacao": 92.31, "onibus": 0.0, "ciclovia": 0.0, "calcada": 100.0, "obstaculo": 69.23, "rampa": 15.38, "rampa_faces": 15.38, "sem_calcada": 0.0, "sem_arvore": 61.54, "muitas_arvores": 0.0, "vao": 84.62, "V05400": 13, "V05421": 13, "V05406": 13, "V05412": 12, "V05422": 0, "V05424": 9, "V05427": 2, "V05409": 10, "V05415": 0, "V05418": 0, "V05430": 8, "V05433": 0, "criancas_0a4": 13, "em_favela": false }, "geometry": { "type": "Polygon", "coordinates": [ [ [ -46.710205, -23.782653 ], [ -46.712529, -23.78418 ], [ -46.712639, -23.784217 ], [ -46.71256, -23.783647 ], [ -46.712786, -23.783111 ], [ -46.711764, -23.783126 ], [ -46.7118, -23.781943 ], [ -46.710489, -23.781892 ], [ -46.710205, -23.782653 ] ] ] } },
{ "type": "Feature", "properties": { "CD_SETOR": "355030855000732", "faces": 2, "pavimentada": 100.0, "bueiro": 100.0, "iluminacao": 100.0, "onibus": 100.0, "ciclovia": 0.0, "calcada": 100.0, "obstaculo": 50.0, "rampa": 50.0, "rampa_faces": 50.0, "sem_calcada": 0.0, "sem_arvore": 0.0, "muitas_arvores": 100.0, "vao": 50.0, "V05400": 2, "V05421": 2, "V05406": 2, "V05412": 2, "V05422": 0, "V05424": 1, "V05427": 1, "V05409": 2, "V05415": 2, "V05418": 0, "V05430": 0, "V05433": 2, "criancas_0a4": 6, "em_favela": false }, "geometry": { "type": "Polygon", "coordinates": [ [ [ -46.734216, -23.802674 ], [ -46.734509, -23.803364 ], [ -46.735255, -23.804165 ], [ -46.73561, -23.80516 ], [ -46.736978, -23.804466 ], [ -46.737273, -23.804583 ], [ -46.737145, -23.802801 ], [ -46.73639, -23.802656 ], [ -46.735906, -23.802836 ], [ -46.735636, -23.802126 ], [ -46.734216, -23.802674 ] ] ] } },
{ "type": "Feature", "properties": { "CD_SETOR": "355030855000735", "faces": 2, "pavimentada": 100.0, "bueiro": 0.0, "iluminacao": 100.0, "onibus": 50.0, "ciclovia": 0.0, "calcada": 50.0, "obstaculo": 100.0, "rampa": 0.0, "rampa_faces": 0.0, "sem_calcada": 50.0, "sem_arvore": 0.0, "muitas_arvores": 100.0, "vao": 100.0, "V05400": 2, "V05421": 1, "V05406": 2, "V05412": 2, "V05422": 1, "V05424": 1, "V05427": 0, "V05409": 0, "V05415": 1, "V05418": 0, "V05430": 0, "V05433": 2, "criancas_0a4": 21, "em_favela": false }, "geometry": { "type": "Polygon", "coordinates": [ [ [ -46.738807, -23.792719 ], [ -46.741624, -23.794092 ], [ -46.741815, -23.794239 ], [ -46.742721, -23.795332 ], [ -46.743138, -23.795733 ], [ -46.743193, -23.79569 ], [ -46.743204, -23.795619 ], [ -46.743033, -23.795325 ], [ -46.742976, -23.795123 ], [ -46.742951, -23.794237 ], [ -46.742405, -23.793807 ], [ -46.741738, -23.793436 ], [ -46.740755, -23.793162 ], [ -46.740195, -23.792809 ], [ -46.739363, -23.792616 ], [ -46.738807, -23.792719 ] ] ] } },
{ "type": "Feature", "properties": { "CD_SETOR": "355030855000736", "faces": 8, "pavimentada": 100.0, "bueiro": 37.5, "iluminacao": 100.0, "onibus": 75.0, "ciclovia": 0.0, "calcada": 87.5, "obstaculo": 100.0, "rampa": 0.0, "rampa_faces": 0.0, "sem_calcada": 12.5, "sem_arvore": 25.0, "muitas_arvores": 0.0, "vao": 100.0, "V05400": 8, "V05421": 7, "V05406": 8, "V05412": 8, "V05422": 1, "V05424": 7, "V05427": 0, "V05409": 3, "V05415": 6, "V05418": 0, "V05430": 2, "V05433": 0, "criancas_0a4": 51, "em_favela": false }, "geometry": { "type": "Polygon", "coordinates": [ [ [ -46.739128, -23.794424 ], [ -46.739984, -23.794771 ], [ -46.74049, -23.795346 ], [ -46.740833, -23.79565 ], [ -46.741259, -23.795824 ], [ -46.741469, -23.795836 ], [ -46.741744, -23.795952 ], [ -46.742276, -23.796831 ], [ -46.742759, -23.797466 ], [ -46.74317, -23.798214 ], [ -46.743459, -23.798062 ], [ -46.743271, -23.797484 ], [ -46.743448, -23.797034 ], [ -46.743685, -23.796929 ], [ -46.74382, -23.796709 ], [ -46.743497, -23.796401 ], [ -46.743111, -23.795695 ], [ -46.742573, -23.795174 ], [ -46.741758, -23.794183 ], [ -46.741404, -23.793956 ], [ -46.740803, -23.79369 ], [ -46.740731, -23.794286 ], [ -46.740663, -23.794398 ], [ -46.740539, -23.794416 ], [ -46.740193, -23.794169 ], [ -46.739195, -23.793961 ], [ -46.739064, -23.793972 ], [ -46.738814, -23.794237 ], [ -46.739128, -23.794424 ] ] ] } },
{ "type": "Feature", "properties": { "CD_SETOR": "355030855000750", "faces": 17, "pavimentada": 88.24, "bueiro": 17.65, "iluminacao": 94.12, "onibus": 0.0, "ciclovia": 0.0, "calcada": 64.71, "obstaculo": 100.0, "rampa": 0.0, "rampa_faces": 0.0, "sem_calcada": 35.29, "sem_arvore": 23.53, "muitas_arvores": 17.65, "vao": 88.24, "V05400": 17, "V05421": 11, "V05406": 15, "V05412": 16, "V05422": 6, "V05424": 11, "V05427": 0, "V05409": 3, "V05415": 0, "V05418": 0, "V05430": 4, "V05433": 3, "criancas_0a4": 36, "em_favela": false }, "geometry": { "type": "Polygon", "coordinates": [ [ [ -46.720777, -23.787998 ], [ -46.72027, -23.788977 ], [ -46.720106, -23.789133 ], [ -46.719604, -23.79001 ], [ -46.720037, -23.79015 ], [ -46.720412, -23.790366 ], [ -46.720575, -23.790291 ], [ -46.720728, -23.790129 ], [ -46.721674, -23.788882 ], [ -46.721993, -23.788922 ], [ -46.722041, -23.788751 ], [ -46.721989, -23.788696 ], [ -46.721944, -23.788418 ], [ -46.722017, -23.787884 ], [ -46.721719, -23.787872 ], [ -46.721262, -23.787678 ], [ -46.720926, -23.787959 ], [ -46.720777, -23.787998 ] ] ] } },
{ "type": "Feature", "properties": { "CD_SETOR": "355030855000752", "faces": 6, "pavimentada": 100.0, "bueiro": 33.33, "iluminacao": 66.67, "onibus": 0.0, "ciclovia": 0.0, "calcada": 33.33, "obstaculo": 50.0, "rampa": 0.0, "rampa_faces": 0.0, "sem_calcada": 66.67, "sem_arvore": 100.0, "muitas_arvores": 0.0, "vao": 100.0, "V05400": 6, "V05421": 2, "V05406": 6, "V05412": 4, "V05422": 4, "V05424": 1, "V05427": 0, "V05409": 2, "V05415": 0, "V05418": 0, "V05430": 6, "V05433": 0, "criancas_0a4": 14, "em_favela": true }, "geometry": { "type": "Polygon", "coordinates": [ [ [ -46.714793, -23.834259 ], [ -46.715868, -23.833605 ], [ -46.715735, -23.833379 ], [ -46.715603, -23.833414 ], [ -46.715572, -23.833351 ], [ -46.715449, -23.833402 ], [ -46.715471, -23.833456 ], [ -46.714645, -23.833692 ], [ -46.714793, -23.834259 ] ] ] } },
{ "type": "Feature", "properties": { "CD_SETOR": "355030855000754", "faces": 3, "pavimentada": 100.0, "bueiro": 100.0, "iluminacao": 100.0, "onibus": 66.67, "ciclovia": 0.0, "calcada": 100.0, "obstaculo": 100.0, "rampa": 0.0, "rampa_faces": 0.0, "sem_calcada": 0.0, "sem_arvore": 66.67, "muitas_arvores": 0.0, "vao": 100.0, "V05400": 3, "V05421": 3, "V05406": 3, "V05412": 3, "V05422": 0, "V05424": 3, "V05427": 0, "V05409": 3, "V05415": 2, "V05418": 0, "V05430": 2, "V05433": 0, "criancas_0a4": 8, "em_favela": false }, "geometry": { "type": "Polygon", "coordinates": [ [ [ -46.694376, -23.852237 ], [ -46.694793, -23.852401 ], [ -46.694896, -23.852183 ], [ -46.694944, -23.851847 ], [ -46.695053, -23.851896 ], [ -46.695868, -23.850629 ], [ -46.696186, -23.850372 ], [ -46.695699, -23.850357 ], [ -46.695449, -23.850417 ], [ -46.694982, -23.850652 ], [ -46.694376, -23.852237 ] ] ] } },
{ "type": "Feature", "properties": { "CD_SETOR": "355030855000755", "faces": 7, "pavimentada": 100.0, "bueiro": 71.43, "iluminacao": 100.0, "onibus": 0.0, "ciclovia": 0.0, "calcada": 42.86, "obstaculo": 66.67, "rampa": 0.0, "rampa_faces": 0.0, "sem_calcada": 57.14, "sem_arvore": 100.0, "muitas_arvores": 0.0, "vao": 100.0, "V05400": 7, "V05421": 3, "V05406": 7, "V05412": 7, "V05422": 4, "V05424": 2, "V05427": 0, "V05409": 5, "V05415": 0, "V05418": 0, "V05430": 7, "V05433": 0, "criancas_0a4": 21, "em_favela": true }, "geometry": { "type": "Polygon", "coordinates": [ [ [ -46.694376, -23.852237 ], [ -46.694094, -23.852944 ], [ -46.694617, -23.85291 ], [ -46.695272, -23.853442 ], [ -46.695473, -23.853306 ], [ -46.695001, -23.852111 ], [ -46.695004, -23.851971 ], [ -46.695053, -23.851896 ], [ -46.694944, -23.851847 ], [ -46.694896, -23.852183 ], [ -46.694793, -23.852401 ], [ -46.694376, -23.852237 ] ] ] } },
{ "type": "Feature", "properties": { "CD_SETOR": "355030855000775", "faces": 9, "pavimentada": 55.56, "bueiro": 44.44, "iluminacao": 100.0, "onibus": 55.56, "ciclovia": 0.0, "calcada": 55.56, "obstaculo": 100.0, "rampa": 0.0, "rampa_faces": 0.0, "sem_calcada": 44.44, "sem_arvore": 0.0, "muitas_arvores": 11.11, "vao": 55.56, "V05400": 9, "V05421": 5, "V05406": 5, "V05412": 9, "V05422": 4, "V05424": 5, "V05427": 0, "V05409": 4, "V05415": 5, "V05418": 0, "V05430": 0, "V05433": 1, "criancas_0a4": 23, "em_favela": false }, "geometry": { "type": "Polygon", "coordinates": [ [ [ -46.748198, -23.812186 ], [ -46.749565, -23.810624 ], [ -46.749733, -23.810651 ], [ -46.751285, -23.810472 ], [ -46.751285, -23.809445 ], [ -46.751007, -23.808897 ], [ -46.74943, -23.807992 ], [ -46.748966, -23.807422 ], [ -46.748084, -23.807473 ], [ -46.746253, -23.808706 ], [ -46.74524, -23.808171 ], [ -46.744652, -23.808327 ], [ -46.74487, -23.808585 ], [ -46.745236, -23.808781 ], [ -46.746033, -23.808973 ], [ -46.747086, -23.81079 ], [ -46.748198, -23.812186 ] ] ] } },
{ "type": "Feature", "properties": { "CD_SETOR": "355030855000780", "faces": 5, "pavimentada": 20.0, "bueiro": 20.0, "iluminacao": 40.0, "onibus": 0.0, "ciclovia": 0.0, "calcada": 40.0, "obstaculo": 100.0, "rampa": 0.0, "rampa_faces": 0.0, "sem_calcada": 0.0, "sem_arvore": 0.0, "muitas_arvores": 40.0, "vao": 20.0, "V05400": 5, "V05421": 2, "V05406": 1, "V05412": 2, "V05422": 0, "V05424": 2, "V05427": 0, "V05409": 1, "V05415": 0, "V05418": 0, "V05430": 0, "V05433": 2, "criancas_0a4": 10, "em_favela": false }, "geometry": { "type": "Polygon", "coordinates": [ [ [ -46.740112, -23.801317 ], [ -46.738986, -23.801742 ], [ -46.738682, -23.801996 ], [ -46.738371, -23.802385 ], [ -46.738288, -23.802563 ], [ -46.738237, -23.802892 ], [ -46.73876, -23.802765 ], [ -46.739123, -23.802828 ], [ -46.740931, -23.803581 ], [ -46.74117, -23.803761 ], [ -46.741246, -23.803879 ], [ -46.74132, -23.804242 ], [ -46.742085, -23.804447 ], [ -46.742159, -23.803836 ], [ -46.741367, -23.803056 ], [ -46.741456, -23.802903 ], [ -46.740991, -23.802395 ], [ -46.741136, -23.801912 ], [ -46.740112, -23.801317 ] ] ] } },
{ "type": "Feature", "properties": { "CD_SETOR": "355030855000787", "faces": 17, "pavimentada": 5.88, "bueiro": 0.0, "iluminacao": 23.53, "onibus": 0.0, "ciclovia": 0.0, "calcada": 0.0, "obstaculo": null, "rampa": null, "rampa_faces": 0.0, "sem_calcada": 52.94, "sem_arvore": 52.94, "muitas_arvores": 0.0, "vao": 5.88, "V05400": 17, "V05421": 0, "V05406": 1, "V05412": 4, "V05422": 9, "V05424": 0, "V05427": 0, "V05409": 0, "V05415": 0, "V05418": 0, "V05430": 9, "V05433": 0, "criancas_0a4": 38, "em_favela": false }, "geometry": { "type": "Polygon", "coordinates": [ [ [ -46.731607, -23.770546 ], [ -46.731527, -23.77066 ], [ -46.731485, -23.770852 ], [ -46.731455, -23.771282 ], [ -46.731504, -23.771986 ], [ -46.731456, -23.772194 ], [ -46.731403, -23.772268 ], [ -46.73121, -23.772349 ], [ -46.730362, -23.772328 ], [ -46.730169, -23.772413 ], [ -46.73005, -23.772564 ], [ -46.729918, -23.773007 ], [ -46.730077, -23.773844 ], [ -46.729753, -23.77433 ], [ -46.729338, -23.775607 ], [ -46.729017, -23.775963 ], [ -46.729197, -23.776047 ], [ -46.729318, -23.776165 ], [ -46.729429, -23.776676 ], [ -46.729779, -23.777203 ], [ -46.729938, -23.777335 ], [ -46.730175, -23.777387 ], [ -46.730194, -23.778469 ], [ -46.732328, -23.77999 ], [ -46.732721, -23.780392 ], [ -46.732984, -23.780555 ], [ -46.733653, -23.780286 ], [ -46.734226, -23.780156 ], [ -46.734497, -23.780191 ], [ -46.735421, -23.780501 ], [ -46.736278, -23.780632 ], [ -46.73688, -23.781062 ], [ -46.737565, -23.781795 ], [ -46.737657, -23.782409 ], [ -46.737447, -23.783486 ], [ -46.737765, -23.783813 ], [ -46.738848, -23.784132 ], [ -46.739831, -23.783666 ], [ -46.739617, -23.783188 ], [ -46.739634, -23.783111 ], [ -46.738841, -23.782836 ], [ -46.738157, -23.781615 ], [ -46.738122, -23.780656 ], [ -46.737983, -23.779815 ], [ -46.738029, -23.779662 ], [ -46.73852, -23.779013 ], [ -46.738108, -23.779031 ], [ -46.73797, -23.778719 ], [ -46.737645, -23.778454 ], [ -46.737362, -23.778072 ], [ -46.737099, -23.777957 ], [ -46.737042, -23.777804 ], [ -46.736226, -23.776779 ], [ -46.735945, -23.776349 ], [ -46.736335, -23.776001 ], [ -46.737495, -23.775527 ], [ -46.737586, -23.774583 ], [ -46.735181, -23.774075 ], [ -46.735014, -23.774356 ], [ -46.735678, -23.774808 ], [ -46.735048, -23.775849 ], [ -46.734713, -23.776017 ], [ -46.734481, -23.775947 ], [ -46.734373, -23.775826 ], [ -46.734049, -23.775635 ], [ -46.733816, -23.775329 ], [ -46.734373, -23.774566 ], [ -46.733714, -23.774203 ], [ -46.733561, -23.773834 ], [ -46.73332, -23.773723 ], [ -46.733258, -23.773539 ], [ -46.732748, -23.773363 ], [ -46.732509, -23.773764 ], [ -46.732471, -23.773942 ], [ -46.732154, -23.773853 ], [ -46.732105, -23.77388 ], [ -46.732575, -23.772273 ], [ -46.732561, -23.772048 ], [ -46.732454, -23.771789 ], [ -46.731721, -23.770647 ], [ -46.731607, -23.770546 ] ] ] } },
{ "type": "Feature", "properties": { "CD_SETOR": "355030855000793", "faces": 15, "pavimentada": 60.0, "bueiro": 0.0, "iluminacao": 60.0, "onibus": 0.0, "ciclovia": 6.67, "calcada": 13.33, "obstaculo": 100.0, "rampa": 0.0, "rampa_faces": 0.0, "sem_calcada": 80.0, "sem_arvore": 60.0, "muitas_arvores": 6.67, "vao": 60.0, "V05400": 15, "V05421": 2, "V05406": 9, "V05412": 9, "V05422": 12, "V05424": 2, "V05427": 0, "V05409": 0, "V05415": 0, "V05418": 1, "V05430": 9, "V05433": 1, "criancas_0a4": 13, "em_favela": false }, "geometry": { "type": "Polygon", "coordinates": [ [ [ -46.713645, -23.796332 ], [ -46.71489, -23.797009 ], [ -46.71564, -23.797315 ], [ -46.716151, -23.797094 ], [ -46.71606, -23.796629 ], [ -46.716222, -23.796499 ], [ -46.715166, -23.795943 ], [ -46.715419, -23.795739 ], [ -46.713161, -23.794378 ], [ -46.712821, -23.794671 ], [ -46.712018, -23.795101 ], [ -46.713645, -23.796332 ] ] ] } },
{ "type": "Feature", "properties": { "CD_SETOR": "355030855000795", "faces": 8, "pavimentada": 12.5, "bueiro": 0.0, "iluminacao": 12.5, "onibus": 0.0, "ciclovia": 0.0, "calcada": 0.0, "obstaculo": null, "rampa": null, "rampa_faces": 0.0, "sem_calcada": 12.5, "sem_arvore": 12.5, "muitas_arvores": 0.0, "vao": 12.5, "V05400": 8, "V05421": 0, "V05406": 1, "V05412": 1, "V05422": 1, "V05424": 0, "V05427": 0, "V05409": 0, "V05415": 0, "V05418": 0, "V05430": 1, "V05433": 0, "criancas_0a4": 8, "em_favela": true }, "geometry": { "type": "Polygon", "coordinates": [ [ [ -46.711842, -23.800729 ], [ -46.711899, -23.800792 ], [ -46.713228, -23.799674 ], [ -46.712802, -23.799196 ], [ -46.71283, -23.799175 ], [ -46.712682, -23.79896 ], [ -46.711861, -23.799478 ], [ -46.711842, -23.800729 ] ] ] } },
{ "type": "Feature", "properties": { "CD_SETOR": "355030855000798", "faces": 1, "pavimentada": 0.0, "bueiro": 0.0, "iluminacao": 0.0, "onibus": 0.0, "ciclovia": 0.0, "calcada": 0.0, "obstaculo": null, "rampa": null, "rampa_faces": 0.0, "sem_calcada": 0.0, "sem_arvore": 0.0, "muitas_arvores": 0.0, "vao": 0.0, "V05400": 1, "V05421": 0, "V05406": 0, "V05412": 0, "V05422": 0, "V05424": 0, "V05427": 0, "V05409": 0, "V05415": 0, "V05418": 0, "V05430": 0, "V05433": 0, "criancas_0a4": 10, "em_favela": false }, "geometry": { "type": "Polygon", "coordinates": [ [ [ -46.743514, -23.775573 ], [ -46.743659, -23.775994 ], [ -46.743659, -23.776535 ], [ -46.743407, -23.776737 ], [ -46.743854, -23.776938 ], [ -46.744115, -23.776995 ], [ -46.74465, -23.776948 ], [ -46.745416, -23.778228 ], [ -46.745345, -23.778393 ], [ -46.744287, -23.778251 ], [ -46.743952, -23.779204 ], [ -46.743477, -23.779503 ], [ -46.742708, -23.778325 ], [ -46.742309, -23.77858 ], [ -46.741532, -23.777729 ], [ -46.740956, -23.778446 ], [ -46.738397, -23.779935 ], [ -46.738624, -23.781481 ], [ -46.738143, -23.78123 ], [ -46.738157, -23.781615 ], [ -46.738841, -23.782836 ], [ -46.739634, -23.783111 ], [ -46.739751, -23.782847 ], [ -46.739882, -23.782692 ], [ -46.740109, -23.782731 ], [ -46.741205, -23.783197 ], [ -46.741705, -23.783617 ], [ -46.741989, -23.783735 ], [ -46.742241, -23.783674 ], [ -46.74259, -23.783396 ], [ -46.743295, -23.782342 ], [ -46.743598, -23.782652 ], [ -46.743913, -23.782851 ], [ -46.745835, -23.783485 ], [ -46.746786, -23.782767 ], [ -46.747567, -23.782809 ], [ -46.747721, -23.783376 ], [ -46.748596, -23.784077 ], [ -46.748964, -23.783626 ], [ -46.749134, -23.782951 ], [ -46.748652, -23.782651 ], [ -46.74842, -23.782433 ], [ -46.747707, -23.781193 ], [ -46.746845, -23.780386 ], [ -46.746682, -23.780169 ], [ -46.74638, -23.779255 ], [ -46.746268, -23.779044 ], [ -46.746051, -23.778808 ], [ -46.746054, -23.778632 ], [ -46.746136, -23.778558 ], [ -46.746846, -23.778362 ], [ -46.747381, -23.777731 ], [ -46.747887, -23.777507 ], [ -46.749822, -23.777516 ], [ -46.750333, -23.777636 ], [ -46.751224, -23.77825 ], [ -46.751351, -23.777593 ], [ -46.751655, -23.777464 ], [ -46.751924, -23.777274 ], [ -46.752055, -23.776929 ], [ -46.751882, -23.776712 ], [ -46.751166, -23.776439 ], [ -46.750591, -23.775668 ], [ -46.750169, -23.775207 ], [ -46.749956, -23.774792 ], [ -46.749588, -23.774461 ], [ -46.749157, -23.774275 ], [ -46.748689, -23.774221 ], [ -46.748316, -23.774066 ], [ -46.748002, -23.774252 ], [ -46.747541, -23.774712 ], [ -46.747313, -23.77512 ], [ -46.746836, -23.775377 ], [ -46.746563, -23.774991 ], [ -46.746456, -23.774555 ], [ -46.747043, -23.774125 ], [ -46.747648, -23.773477 ], [ -46.747509, -23.77269 ], [ -46.747348, -23.772467 ], [ -46.745922, -23.771861 ], [ -46.745154, -23.771798 ], [ -46.744401, -23.772862 ], [ -46.742831, -23.772497 ], [ -46.742027, -23.772593 ], [ -46.741995, -23.772545 ], [ -46.742068, -23.772387 ], [ -46.741762, -23.772444 ], [ -46.74083, -23.772823 ], [ -46.740459, -23.773208 ], [ -46.740524, -23.773754 ], [ -46.74098, -23.773565 ], [ -46.741735, -23.774118 ], [ -46.741933, -23.774329 ], [ -46.74239, -23.774451 ], [ -46.742643, -23.774742 ], [ -46.743227, -23.775191 ], [ -46.743514, -23.775573 ] ] ] } },
{ "type": "Feature", "properties": { "CD_SETOR": "355030855000799", "faces": 1, "pavimentada": 0.0, "bueiro": 0.0, "iluminacao": 0.0, "onibus": 0.0, "ciclovia": 0.0, "calcada": 0.0, "obstaculo": null, "rampa": null, "rampa_faces": 0.0, "sem_calcada": 0.0, "sem_arvore": 0.0, "muitas_arvores": 0.0, "vao": 0.0, "V05400": 1, "V05421": 0, "V05406": 0, "V05412": 0, "V05422": 0, "V05424": 0, "V05427": 0, "V05409": 0, "V05415": 0, "V05418": 0, "V05430": 0, "V05433": 0, "criancas_0a4": 13, "em_favela": false }, "geometry": { "type": "Polygon", "coordinates": [ [ [ -46.738143, -23.78123 ], [ -46.738624, -23.781481 ], [ -46.738397, -23.779935 ], [ -46.740956, -23.778446 ], [ -46.741532, -23.777729 ], [ -46.742309, -23.77858 ], [ -46.742708, -23.778325 ], [ -46.743477, -23.779503 ], [ -46.743952, -23.779204 ], [ -46.744287, -23.778251 ], [ -46.745345, -23.778393 ], [ -46.745416, -23.778228 ], [ -46.74465, -23.776948 ], [ -46.744115, -23.776995 ], [ -46.743854, -23.776938 ], [ -46.743407, -23.776737 ], [ -46.743659, -23.776535 ], [ -46.743659, -23.775994 ], [ -46.743514, -23.775573 ], [ -46.742844, -23.775894 ], [ -46.742638, -23.776053 ], [ -46.742323, -23.775695 ], [ -46.741917, -23.77605 ], [ -46.741616, -23.775751 ], [ -46.741175, -23.775087 ], [ -46.738917, -23.776604 ], [ -46.738264, -23.777086 ], [ -46.737953, -23.777389 ], [ -46.738711, -23.778312 ], [ -46.73852, -23.779013 ], [ -46.738029, -23.779662 ], [ -46.737983, -23.779815 ], [ -46.738122, -23.780656 ], [ -46.738143, -23.78123 ] ] ] } },
{ "type": "Feature", "properties": { "CD_SETOR": "355030855000801", "faces": 19, "pavimentada": 100.0, "bueiro": 10.53, "iluminacao": 89.47, "onibus": 15.79, "ciclovia": 0.0, "calcada": 15.79, "obstaculo": 100.0, "rampa": 0.0, "rampa_faces": 0.0, "sem_calcada": 84.21, "sem_arvore": 31.58, "muitas_arvores": 15.79, "vao": 100.0, "V05400": 19, "V05421": 3, "V05406": 19, "V05412": 17, "V05422": 16, "V05424": 3, "V05427": 0, "V05409": 2, "V05415": 3, "V05418": 0, "V05430": 6, "V05433": 3, "criancas_0a4": 15, "em_favela": false }, "geometry": { "type": "Polygon", "coordinates": [ [ [ -46.734275, -23.82997 ], [ -46.734254, -23.82973 ], [ -46.734025, -23.829417 ], [ -46.733947, -23.829191 ], [ -46.733538, -23.828648 ], [ -46.732514, -23.828153 ], [ -46.732157, -23.828045 ], [ -46.732173, -23.827799 ], [ -46.732498, -23.827632 ], [ -46.733177, -23.827725 ], [ -46.733539, -23.827674 ], [ -46.734261, -23.827741 ], [ -46.734675, -23.827697 ], [ -46.734511, -23.827254 ], [ -46.734395, -23.827105 ], [ -46.734067, -23.826757 ], [ -46.733769, -23.826591 ], [ -46.733479, -23.826357 ], [ -46.73301, -23.825817 ], [ -46.731757, -23.826932 ], [ -46.731231, -23.827734 ], [ -46.731122, -23.827918 ], [ -46.731049, -23.828842 ], [ -46.730959, -23.829158 ], [ -46.731346, -23.829403 ], [ -46.731614, -23.829274 ], [ -46.732149, -23.829508 ], [ -46.733277, -23.830362 ], [ -46.733964, -23.830472 ], [ -46.734275, -23.82997 ] ] ] } },
{ "type": "Feature", "properties": { "CD_SETOR": "355030855000802", "faces": 20, "pavimentada": 35.0, "bueiro": 15.0, "iluminacao": 90.0, "onibus": 5.0, "ciclovia": 0.0, "calcada": 5.0, "obstaculo": 100.0, "rampa": 0.0, "rampa_faces": 0.0, "sem_calcada": 95.0, "sem_arvore": 15.0, "muitas_arvores": 75.0, "vao": 35.0, "V05400": 20, "V05421": 1, "V05406": 7, "V05412": 18, "V05422": 19, "V05424": 1, "V05427": 0, "V05409": 3, "V05415": 1, "V05418": 0, "V05430": 3, "V05433": 15, "criancas_0a4": 9, "em_favela": false }, "geometry": { "type": "Polygon", "coordinates": [ [ [ -46.747287, -23.871971 ], [ -46.751351, -23.870797 ], [ -46.751516, -23.869724 ], [ -46.751791, -23.868917 ], [ -46.750401, -23.868481 ], [ -46.750193, -23.868456 ], [ -46.750106, -23.868593 ], [ -46.748461, -23.867934 ], [ -46.747843, -23.869388 ], [ -46.747836, -23.869924 ], [ -46.747518, -23.87083 ], [ -46.747622, -23.870855 ], [ -46.747518, -23.871207 ], [ -46.747465, -23.871305 ], [ -46.747212, -23.871401 ], [ -46.747375, -23.871715 ], [ -46.747287, -23.871971 ] ] ] } },
{ "type": "Feature", "properties": { "CD_SETOR": "355030855000803", "faces": 15, "pavimentada": 46.67, "bueiro": 6.67, "iluminacao": 66.67, "onibus": 0.0, "ciclovia": 0.0, "calcada": 26.67, "obstaculo": 25.0, "rampa": 25.0, "rampa_faces": 6.67, "sem_calcada": 73.33, "sem_arvore": 46.67, "muitas_arvores": 26.67, "vao": 40.0, "V05400": 15, "V05421": 4, "V05406": 7, "V05412": 10, "V05422": 11, "V05424": 1, "V05427": 1, "V05409": 1, "V05415": 0, "V05418": 0, "V05430": 7, "V05433": 4, "criancas_0a4": 5, "em_favela": false }, "geometry": { "type": "Polygon", "coordinates": [ [ [ -46.730589, -23.817728 ], [ -46.730413, -23.817536 ], [ -46.730148, -23.817083 ], [ -46.729022, -23.817744 ], [ -46.727516, -23.818933 ], [ -46.727567, -23.818981 ], [ -46.727298, -23.819191 ], [ -46.727669, -23.819284 ], [ -46.728803, -23.819295 ], [ -46.728802, -23.819568 ], [ -46.729891, -23.819313 ], [ -46.730178, -23.819033 ], [ -46.730278, -23.819003 ], [ -46.730684, -23.819008 ], [ -46.731529, -23.819268 ], [ -46.731759, -23.819215 ], [ -46.732279, -23.819329 ], [ -46.732407, -23.819182 ], [ -46.732616, -23.819172 ], [ -46.732765, -23.819101 ], [ -46.732892, -23.819127 ], [ -46.733057, -23.819017 ], [ -46.73311, -23.818896 ], [ -46.73312, -23.818597 ], [ -46.733042, -23.818452 ], [ -46.733021, -23.818259 ], [ -46.732837, -23.817995 ], [ -46.73268, -23.817506 ], [ -46.732763, -23.817172 ], [ -46.732757, -23.816553 ], [ -46.732153, -23.816591 ], [ -46.732221, -23.816894 ], [ -46.732108, -23.81731 ], [ -46.730589, -23.817728 ] ] ] } },
{ "type": "Feature", "properties": { "CD_SETOR": "355030855000804", "faces": 8, "pavimentada": 25.0, "bueiro": 0.0, "iluminacao": 87.5, "onibus": 0.0, "ciclovia": 0.0, "calcada": 0.0, "obstaculo": null, "rampa": null, "rampa_faces": 0.0, "sem_calcada": 100.0, "sem_arvore": 0.0, "muitas_arvores": 25.0, "vao": 25.0, "V05400": 8, "V05421": 0, "V05406": 2, "V05412": 7, "V05422": 8, "V05424": 0, "V05427": 0, "V05409": 0, "V05415": 0, "V05418": 0, "V05430": 0, "V05433": 2, "criancas_0a4": 0, "em_favela": false }, "geometry": { "type": "Polygon", "coordinates": [ [ [ -46.736218, -23.817318 ], [ -46.735915, -23.817869 ], [ -46.735876, -23.818579 ], [ -46.735962, -23.819626 ], [ -46.736891, -23.820329 ], [ -46.737025, -23.820768 ], [ -46.738076, -23.820581 ], [ -46.739899, -23.820463 ], [ -46.740416, -23.82047 ], [ -46.741354, -23.820526 ], [ -46.74265, -23.820956 ], [ -46.743074, -23.820946 ], [ -46.743639, -23.820904 ], [ -46.744006, -23.820815 ], [ -46.744496, -23.820622 ], [ -46.744821, -23.820565 ], [ -46.746493, -23.820526 ], [ -46.748694, -23.820896 ], [ -46.748154, -23.820037 ], [ -46.74765, -23.818389 ], [ -46.747277, -23.817782 ], [ -46.74672, -23.81705 ], [ -46.746473, -23.816814 ], [ -46.745964, -23.816537 ], [ -46.745886, -23.816407 ], [ -46.745852, -23.816195 ], [ -46.745878, -23.815973 ], [ -46.745979, -23.815778 ], [ -46.746147, -23.815595 ], [ -46.745274, -23.815025 ], [ -46.745179, -23.814651 ], [ -46.745001, -23.814473 ], [ -46.745224, -23.814025 ], [ -46.745065, -23.813908 ], [ -46.744952, -23.813106 ], [ -46.745263, -23.812673 ], [ -46.744227, -23.811993 ], [ -46.744298, -23.811905 ], [ -46.744352, -23.811942 ], [ -46.744636, -23.811583 ], [ -46.744502, -23.811501 ], [ -46.744653, -23.811293 ], [ -46.74449, -23.811184 ], [ -46.743878, -23.809121 ], [ -46.743159, -23.809653 ], [ -46.742607, -23.810329 ], [ -46.742271, -23.810575 ], [ -46.741893, -23.810735 ], [ -46.74153, -23.811447 ], [ -46.741502, -23.811792 ], [ -46.740995, -23.812317 ], [ -46.741055, -23.812392 ], [ -46.741039, -23.812696 ], [ -46.740912, -23.81308 ], [ -46.740709, -23.813095 ], [ -46.7407, -23.813471 ], [ -46.740774, -23.813549 ], [ -46.740709, -23.814314 ], [ -46.740444, -23.815166 ], [ -46.740404, -23.815537 ], [ -46.738951, -23.81572 ], [ -46.737604, -23.815506 ], [ -46.737208, -23.817438 ], [ -46.736815, -23.817431 ], [ -46.736218, -23.817318 ] ] ] } },
{ "type": "Feature", "properties": { "CD_SETOR": "355030855000805", "faces": 1, "pavimentada": 100.0, "bueiro": 0.0, "iluminacao": 100.0, "onibus": 0.0, "ciclovia": 0.0, "calcada": 0.0, "obstaculo": null, "rampa": null, "rampa_faces": 0.0, "sem_calcada": 100.0, "sem_arvore": 0.0, "muitas_arvores": 0.0, "vao": 100.0, "V05400": 1, "V05421": 0, "V05406": 1, "V05412": 1, "V05422": 1, "V05424": 0, "V05427": 0, "V05409": 0, "V05415": 0, "V05418": 0, "V05430": 0, "V05433": 0, "criancas_0a4": 0, "em_favela": false }, "geometry": { "type": "Polygon", "coordinates": [ [ [ -46.750829, -23.866611 ], [ -46.750062, -23.866855 ], [ -46.750131, -23.867193 ], [ -46.750217, -23.867081 ], [ -46.750406, -23.867047 ], [ -46.750652, -23.867047 ], [ -46.750806, -23.867141 ], [ -46.750652, -23.867471 ], [ -46.750752, -23.86789 ], [ -46.752286, -23.868026 ], [ -46.75244, -23.867865 ], [ -46.752556, -23.867636 ], [ -46.752362, -23.867003 ], [ -46.752581, -23.866451 ], [ -46.752176, -23.865838 ], [ -46.752125, -23.865624 ], [ -46.752041, -23.865662 ], [ -46.750988, -23.866923 ], [ -46.750829, -23.866611 ] ] ] } },
{ "type": "Feature", "properties": { "CD_SETOR": "355030855000806", "faces": 49, "pavimentada": 18.37, "bueiro": 8.16, "iluminacao": 83.67, "onibus": 10.2, "ciclovia": 0.0, "calcada": 14.29, "obstaculo": 100.0, "rampa": 0.0, "rampa_faces": 0.0, "sem_calcada": 85.71, "sem_arvore": 4.08, "muitas_arvores": 75.51, "vao": 18.37, "V05400": 49, "V05421": 7, "V05406": 9, "V05412": 41, "V05422": 42, "V05424": 7, "V05427": 0, "V05409": 4, "V05415": 5, "V05418": 0, "V05430": 2, "V05433": 37, "criancas_0a4": 29, "em_favela": false }, "geometry": { "type": "Polygon", "coordinates": [ [ [ -46.750541, -23.860693 ], [ -46.750428, -23.860834 ], [ -46.749617, -23.861283 ], [ -46.749354, -23.861562 ], [ -46.749094, -23.86215 ], [ -46.750248, -23.863091 ], [ -46.751222, -23.863449 ], [ -46.752372, -23.86338 ], [ -46.752791, -23.863291 ], [ -46.752912, -23.862916 ], [ -46.753571, -23.862686 ], [ -46.753601, -23.862635 ], [ -46.755053, -23.863811 ], [ -46.755212, -23.864091 ], [ -46.755432, -23.864239 ], [ -46.755619, -23.864112 ], [ -46.755671, -23.864266 ], [ -46.75619, -23.864784 ], [ -46.75677, -23.865563 ], [ -46.757042, -23.865395 ], [ -46.757078, -23.865222 ], [ -46.757399, -23.864901 ], [ -46.757684, -23.86478 ], [ -46.757642, -23.864366 ], [ -46.757697, -23.864081 ], [ -46.757829, -23.863803 ], [ -46.758293, -23.863423 ], [ -46.759011, -23.862266 ], [ -46.759027, -23.861505 ], [ -46.758885, -23.860251 ], [ -46.758579, -23.859896 ], [ -46.758204, -23.859695 ], [ -46.757898, -23.859405 ], [ -46.757389, -23.857486 ], [ -46.757442, -23.857071 ], [ -46.757403, -23.856757 ], [ -46.757101, -23.855943 ], [ -46.756695, -23.855387 ], [ -46.756393, -23.85473 ], [ -46.756216, -23.854556 ], [ -46.756101, -23.854334 ], [ -46.756065, -23.854161 ], [ -46.755698, -23.853914 ], [ -46.755538, -23.854225 ], [ -46.754602, -23.854738 ], [ -46.754177, -23.854911 ], [ -46.754565, -23.855419 ], [ -46.75458, -23.856508 ], [ -46.754884, -23.85766 ], [ -46.754968, -23.858247 ], [ -46.7549, -23.858683 ], [ -46.755052, -23.859212 ], [ -46.754967, -23.859446 ], [ -46.754675, -23.859763 ], [ -46.754123, -23.860162 ], [ -46.754072, -23.860343 ], [ -46.753925, -23.860336 ], [ -46.753892, -23.860561 ], [ -46.753287, -23.860423 ], [ -46.753029, -23.860495 ], [ -46.753109, -23.86096 ], [ -46.752811, -23.860987 ], [ -46.752153, -23.860863 ], [ -46.751665, -23.860599 ], [ -46.751454, -23.860415 ], [ -46.750818, -23.860089 ], [ -46.750541, -23.860693 ] ] ] } },
{ "type": "Feature", "properties": { "CD_SETOR": "355030855000809", "faces": 3, "pavimentada": 100.0, "bueiro": 0.0, "iluminacao": 66.67, "onibus": 0.0, "ciclovia": 0.0, "calcada": 66.67, "obstaculo": 100.0, "rampa": 0.0, "rampa_faces": 0.0, "sem_calcada": 33.33, "sem_arvore": 33.33, "muitas_arvores": 0.0, "vao": 100.0, "V05400": 3, "V05421": 2, "V05406": 3, "V05412": 2, "V05422": 1, "V05424": 2, "V05427": 0, "V05409": 0, "V05415": 0, "V05418": 0, "V05430": 1, "V05433": 0, "criancas_0a4": 6, "em_favela": false }, "geometry": { "type": "Polygon", "coordinates": [ [ [ -46.740736, -23.811667 ], [ -46.740271, -23.81158 ], [ -46.740185, -23.811881 ], [ -46.739977, -23.812087 ], [ -46.739938, -23.812206 ], [ -46.740189, -23.813308 ], [ -46.740389, -23.813601 ], [ -46.7407, -23.813471 ], [ -46.740709, -23.813095 ], [ -46.740912, -23.81308 ], [ -46.741039, -23.812696 ], [ -46.741055, -23.812392 ], [ -46.740995, -23.812317 ], [ -46.741502, -23.811792 ], [ -46.74153, -23.811447 ], [ -46.741923, -23.810718 ], [ -46.741752, -23.810602 ], [ -46.741007, -23.810617 ], [ -46.741185, -23.811107 ], [ -46.74116, -23.811477 ], [ -46.740996, -23.811802 ], [ -46.740736, -23.811667 ] ] ] } },
{ "type": "Feature", "properties": { "CD_SETOR": "355030855000811", "faces": 17, "pavimentada": 35.29, "bueiro": 17.65, "iluminacao": 88.24, "onibus": 0.0, "ciclovia": 0.0, "calcada": 0.0, "obstaculo": null, "rampa": null, "rampa_faces": 0.0, "sem_calcada": 100.0, "sem_arvore": 35.29, "muitas_arvores": 41.18, "vao": 35.29, "V05400": 17, "V05421": 0, "V05406": 6, "V05412": 15, "V05422": 17, "V05424": 0, "V05427": 0, "V05409": 3, "V05415": 0, "V05418": 0, "V05430": 6, "V05433": 7, "criancas_0a4": 11, "em_favela": false }, "geometry": { "type": "Polygon", "coordinates": [ [ [ -46.755212, -23.864091 ], [ -46.755053, -23.863811 ], [ -46.753601, -23.862635 ], [ -46.753571, -23.862686 ], [ -46.752912, -23.862916 ], [ -46.752867, -23.86314 ], [ -46.752456, -23.863837 ], [ -46.752453, -23.864322 ], [ -46.752342, -23.865118 ], [ -46.752224, -23.865443 ], [ -46.753465, -23.865238 ], [ -46.754053, -23.865193 ], [ -46.7558, -23.865183 ], [ -46.756384, -23.865044 ], [ -46.75619, -23.864784 ], [ -46.755671, -23.864266 ], [ -46.755619, -23.864112 ], [ -46.755432, -23.864239 ], [ -46.755212, -23.864091 ] ] ] } },
{ "type": "Feature", "properties": { "CD_SETOR": "355030855000812", "faces": 1, "pavimentada": 100.0, "bueiro": 100.0, "iluminacao": 100.0, "onibus": 100.0, "ciclovia": 100.0, "calcada": 100.0, "obstaculo": 100.0, "rampa": 0.0, "rampa_faces": 0.0, "sem_calcada": 0.0, "sem_arvore": 100.0, "muitas_arvores": 0.0, "vao": 100.0, "V05400": 1, "V05421": 1, "V05406": 1, "V05412": 1, "V05422": 0, "V05424": 1, "V05427": 0, "V05409": 1, "V05415": 1, "V05418": 1, "V05430": 1, "V05433": 0, "criancas_0a4": 4, "em_favela": false }, "geometry": { "type": "Polygon", "coordinates": [ [ [ -46.745679, -23.844283 ], [ -46.746549, -23.843641 ], [ -46.74698, -23.843464 ], [ -46.747884, -23.842722 ], [ -46.748282, -23.842128 ], [ -46.748423, -23.842029 ], [ -46.748579, -23.84199 ], [ -46.748722, -23.842011 ], [ -46.749154, -23.842284 ], [ -46.750157, -23.843021 ], [ -46.750527, -23.843114 ], [ -46.750899, -23.843099 ], [ -46.751322, -23.842904 ], [ -46.752789, -23.841987 ], [ -46.752901, -23.841287 ], [ -46.752435, -23.841631 ], [ -46.75191, -23.841904 ], [ -46.751258, -23.84211 ], [ -46.750311, -23.841691 ], [ -46.749857, -23.840465 ], [ -46.748365, -23.83952 ], [ -46.74825, -23.839379 ], [ -46.748282, -23.839136 ], [ -46.748472, -23.83891 ], [ -46.748792, -23.838647 ], [ -46.749177, -23.838638 ], [ -46.75004, -23.838489 ], [ -46.749636, -23.838081 ], [ -46.749237, -23.8378 ], [ -46.749128, -23.837778 ], [ -46.748637, -23.83786 ], [ -46.748419, -23.837719 ], [ -46.748061, -23.837202 ], [ -46.747814, -23.83695 ], [ -46.746483, -23.834525 ], [ -46.746444, -23.833814 ], [ -46.746481, -23.833352 ], [ -46.746202, -23.833039 ], [ -46.746135, -23.832896 ], [ -46.746166, -23.832259 ], [ -46.746122, -23.831934 ], [ -46.745874, -23.831445 ], [ -46.745313, -23.830807 ], [ -46.745108, -23.830494 ], [ -46.745095, -23.829999 ], [ -46.744933, -23.829603 ], [ -46.744909, -23.829372 ], [ -46.745179, -23.828305 ], [ -46.745028, -23.827788 ], [ -46.744375, -23.827975 ], [ -46.743519, -23.828312 ], [ -46.742503, -23.82883 ], [ -46.741832, -23.827455 ], [ -46.741117, -23.8277 ], [ -46.740733, -23.827972 ], [ -46.740817, -23.830645 ], [ -46.740437, -23.831184 ], [ -46.739909, -23.83138 ], [ -46.739512, -23.831418 ], [ -46.739008, -23.831303 ], [ -46.738875, -23.831085 ], [ -46.73866, -23.831057 ], [ -46.738273, -23.8316 ], [ -46.73814, -23.832016 ], [ -46.738669, -23.833031 ], [ -46.738676, -23.833522 ], [ -46.737703, -23.833265 ], [ -46.737479, -23.833082 ], [ -46.736504, -23.831728 ], [ -46.736368, -23.831317 ], [ -46.736406, -23.831136 ], [ -46.736277, -23.830666 ], [ -46.735902, -23.829936 ], [ -46.735785, -23.829513 ], [ -46.735473, -23.828953 ], [ -46.734938, -23.828195 ], [ -46.734675, -23.827697 ], [ -46.734261, -23.827741 ], [ -46.733539, -23.827674 ], [ -46.733177, -23.827725 ], [ -46.732498, -23.827632 ], [ -46.732173, -23.827799 ], [ -46.732157, -23.828045 ], [ -46.732514, -23.828153 ], [ -46.733538, -23.828648 ], [ -46.733947, -23.829191 ], [ -46.734025, -23.829417 ], [ -46.734254, -23.82973 ], [ -46.734275, -23.82997 ], [ -46.733964, -23.830472 ], [ -46.733277, -23.830362 ], [ -46.732149, -23.829508 ], [ -46.731614, -23.829274 ], [ -46.731346, -23.829403 ], [ -46.730959, -23.829158 ], [ -46.730964, -23.831399 ], [ -46.730463, -23.834407 ], [ -46.730446, -23.834887 ], [ -46.730508, -23.835308 ], [ -46.731313, -23.835685 ], [ -46.732473, -23.835812 ], [ -46.73326, -23.835677 ], [ -46.733317, -23.835622 ], [ -46.733695, -23.835542 ], [ -46.733958, -23.835905 ], [ -46.733541, -23.836004 ], [ -46.733538, -23.836049 ], [ -46.733435, -23.836069 ], [ -46.733451, -23.836137 ], [ -46.732894, -23.836258 ], [ -46.732916, -23.836359 ], [ -46.732219, -23.836538 ], [ -46.732334, -23.83668 ], [ -46.732538, -23.836601 ], [ -46.732758, -23.83698 ], [ -46.732511, -23.83715 ], [ -46.73294, -23.837647 ], [ -46.733443, -23.837948 ], [ -46.733196, -23.838365 ], [ -46.733072, -23.838421 ], [ -46.733653, -23.838598 ], [ -46.734546, -23.839033 ], [ -46.737226, -23.838972 ], [ -46.737728, -23.839022 ], [ -46.738035, -23.839126 ], [ -46.738304, -23.839308 ], [ -46.738505, -23.839515 ], [ -46.739602, -23.841224 ], [ -46.739744, -23.841516 ], [ -46.739865, -23.841638 ], [ -46.742165, -23.843168 ], [ -46.743493, -23.843887 ], [ -46.74384, -23.843962 ], [ -46.744548, -23.844218 ], [ -46.745069, -23.844325 ], [ -46.745519, -23.844346 ], [ -46.745679, -23.844283 ] ] ] } },
{ "type": "Feature", "properties": { "CD_SETOR": "355030855000814", "faces": 28, "pavimentada": 17.86, "bueiro": 0.0, "iluminacao": 89.29, "onibus": 0.0, "ciclovia": 0.0, "calcada": 0.0, "obstaculo": null, "rampa": null, "rampa_faces": 0.0, "sem_calcada": 96.43, "sem_arvore": 0.0, "muitas_arvores": 71.43, "vao": 17.86, "V05400": 28, "V05421": 0, "V05406": 5, "V05412": 25, "V05422": 27, "V05424": 0, "V05427": 0, "V05409": 0, "V05415": 0, "V05418": 0, "V05430": 0, "V05433": 20, "criancas_0a4": 11, "em_favela": false }, "geometry": { "type": "Polygon", "coordinates": [ [ [ -46.76281, -23.835368 ], [ -46.763236, -23.834563 ], [ -46.763552, -23.83433 ], [ -46.763069, -23.833534 ], [ -46.76297, -23.832434 ], [ -46.762727, -23.831587 ], [ -46.762678, -23.831041 ], [ -46.762438, -23.830649 ], [ -46.762118, -23.830424 ], [ -46.760468, -23.830454 ], [ -46.760282, -23.830672 ], [ -46.759354, -23.830748 ], [ -46.758943, -23.831578 ], [ -46.757917, -23.83082 ], [ -46.757414, -23.830513 ], [ -46.756892, -23.830358 ], [ -46.756661, -23.830552 ], [ -46.756287, -23.831297 ], [ -46.756466, -23.832024 ], [ -46.755643, -23.833624 ], [ -46.755638, -23.833744 ], [ -46.75608, -23.833727 ], [ -46.756549, -23.833811 ], [ -46.756525, -23.833967 ], [ -46.756568, -23.834295 ], [ -46.756098, -23.83555 ], [ -46.756719, -23.83594 ], [ -46.757056, -23.836084 ], [ -46.758025, -23.83574 ], [ -46.758268, -23.83547 ], [ -46.758551, -23.83501 ], [ -46.7586, -23.834352 ], [ -46.759084, -23.833765 ], [ -46.759224, -23.833753 ], [ -46.759689, -23.833954 ], [ -46.760176, -23.834027 ], [ -46.760973, -23.834339 ], [ -46.761858, -23.835098 ], [ -46.762033, -23.835184 ], [ -46.76281, -23.835368 ] ] ] } },
{ "type": "Feature", "properties": { "CD_SETOR": "355030855000818", "faces": 12, "pavimentada": 0.0, "bueiro": 0.0, "iluminacao": 100.0, "onibus": 0.0, "ciclovia": 0.0, "calcada": 66.67, "obstaculo": 100.0, "rampa": 0.0, "rampa_faces": 0.0, "sem_calcada": 33.33, "sem_arvore": 33.33, "muitas_arvores": 41.67, "vao": 0.0, "V05400": 12, "V05421": 8, "V05406": 0, "V05412": 12, "V05422": 4, "V05424": 8, "V05427": 0, "V05409": 0, "V05415": 0, "V05418": 0, "V05430": 4, "V05433": 5, "criancas_0a4": 26, "em_favela": false }, "geometry": { "type": "Polygon", "coordinates": [ [ [ -46.646295, -23.87907 ], [ -46.645994, -23.8793 ], [ -46.645902, -23.879438 ], [ -46.645724, -23.879506 ], [ -46.64292, -23.882551 ], [ -46.641444, -23.883204 ], [ -46.641254, -23.883366 ], [ -46.640005, -23.885493 ], [ -46.639938, -23.885713 ], [ -46.640607, -23.886529 ], [ -46.640874, -23.886537 ], [ -46.641, -23.886486 ], [ -46.642149, -23.885509 ], [ -46.643165, -23.884405 ], [ -46.64402, -23.88381 ], [ -46.645877, -23.883006 ], [ -46.646126, -23.882858 ], [ -46.646308, -23.882624 ], [ -46.646411, -23.882593 ], [ -46.646517, -23.882576 ], [ -46.646871, -23.882903 ], [ -46.647245, -23.88285 ], [ -46.646709, -23.878532 ], [ -46.646295, -23.87907 ] ] ] } },
{ "type": "Feature", "properties": { "CD_SETOR": "355030855000819", "faces": 23, "pavimentada": 73.91, "bueiro": 26.09, "iluminacao": 73.91, "onibus": 17.39, "ciclovia": 4.35, "calcada": 56.52, "obstaculo": 100.0, "rampa": 0.0, "rampa_faces": 0.0, "sem_calcada": 43.48, "sem_arvore": 69.57, "muitas_arvores": 0.0, "vao": 73.91, "V05400": 23, "V05421": 13, "V05406": 17, "V05412": 17, "V05422": 10, "V05424": 13, "V05427": 0, "V05409": 6, "V05415": 4, "V05418": 1, "V05430": 16, "V05433": 0, "criancas_0a4": 43, "em_favela": false }, "geometry": { "type": "Polygon", "coordinates": [ [ [ -46.693926, -23.853468 ], [ -46.693661, -23.853655 ], [ -46.693391, -23.853626 ], [ -46.693358, -23.853745 ], [ -46.692963, -23.856714 ], [ -46.693036, -23.856846 ], [ -46.692968, -23.857341 ], [ -46.693012, -23.857501 ], [ -46.693282, -23.8574 ], [ -46.693464, -23.857048 ], [ -46.693638, -23.856914 ], [ -46.694764, -23.856417 ], [ -46.694987, -23.856232 ], [ -46.695072, -23.856045 ], [ -46.694945, -23.855751 ], [ -46.694586, -23.855214 ], [ -46.69498, -23.854421 ], [ -46.69544, -23.85375 ], [ -46.695552, -23.853491 ], [ -46.695397, -23.853358 ], [ -46.695272, -23.853442 ], [ -46.694617, -23.85291 ], [ -46.694094, -23.852944 ], [ -46.693926, -23.853468 ] ] ] } },
{ "type": "Feature", "properties": { "CD_SETOR": "355030855000820", "faces": 32, "pavimentada": 65.62, "bueiro": 43.75, "iluminacao": 93.75, "onibus": 15.62, "ciclovia": 0.0, "calcada": 81.25, "obstaculo": 88.46, "rampa": 11.54, "rampa_faces": 9.38, "sem_calcada": 15.62, "sem_arvore": 28.12, "muitas_arvores": 9.38, "vao": 56.25, "V05400": 32, "V05421": 26, "V05406": 21, "V05412": 30, "V05422": 5, "V05424": 23, "V05427": 3, "V05409": 14, "V05415": 5, "V05418": 0, "V05430": 9, "V05433": 3, "criancas_0a4": 50, "em_favela": false }, "geometry": { "type": "Polygon", "coordinates": [ [ [ -46.672981, -23.872998 ], [ -46.674589, -23.872571 ], [ -46.674292, -23.872299 ], [ -46.674459, -23.872152 ], [ -46.675193, -23.871771 ], [ -46.674704, -23.870959 ], [ -46.674501, -23.870379 ], [ -46.675846, -23.869696 ], [ -46.67705, -23.869173 ], [ -46.678073, -23.868655 ], [ -46.678294, -23.868497 ], [ -46.677722, -23.868514 ], [ -46.675652, -23.86766 ], [ -46.674644, -23.867145 ], [ -46.674303, -23.866801 ], [ -46.67413, -23.866731 ], [ -46.673827, -23.866774 ], [ -46.673313, -23.867022 ], [ -46.673268, -23.867242 ], [ -46.673334, -23.86748 ], [ -46.673715, -23.867756 ], [ -46.674395, -23.867593 ], [ -46.674803, -23.867863 ], [ -46.674792, -23.868061 ], [ -46.67472, -23.868149 ], [ -46.674734, -23.868273 ], [ -46.674244, -23.868607 ], [ -46.673386, -23.869037 ], [ -46.674114, -23.870139 ], [ -46.674363, -23.870773 ], [ -46.673991, -23.871092 ], [ -46.673777, -23.871063 ], [ -46.673672, -23.870872 ], [ -46.673662, -23.870583 ], [ -46.673307, -23.870409 ], [ -46.673053, -23.870503 ], [ -46.672954, -23.870608 ], [ -46.67283, -23.870652 ], [ -46.672587, -23.870652 ], [ -46.672269, -23.870879 ], [ -46.67191, -23.870883 ], [ -46.671868, -23.870989 ], [ -46.672139, -23.870995 ], [ -46.672812, -23.871211 ], [ -46.672814, -23.871342 ], [ -46.671999, -23.871917 ], [ -46.671621, -23.8719 ], [ -46.671649, -23.87286 ], [ -46.67192, -23.873071 ], [ -46.672981, -23.872998 ] ] ] } },
{ "type": "Feature", "properties": { "CD_SETOR": "355030855000822", "faces": 20, "pavimentada": 10.0, "bueiro": 0.0, "iluminacao": 75.0, "onibus": 5.0, "ciclovia": 0.0, "calcada": 10.0, "obstaculo": 100.0, "rampa": 0.0, "rampa_faces": 0.0, "sem_calcada": 80.0, "sem_arvore": 40.0, "muitas_arvores": 40.0, "vao": 10.0, "V05400": 20, "V05421": 2, "V05406": 2, "V05412": 15, "V05422": 16, "V05424": 2, "V05427": 0, "V05409": 0, "V05415": 1, "V05418": 0, "V05430": 8, "V05433": 8, "criancas_0a4": 34, "em_favela": false }, "geometry": { "type": "Polygon", "coordinates": [ [ [ -46.664711, -23.869728 ], [ -46.664992, -23.870587 ], [ -46.66528, -23.870458 ], [ -46.665393, -23.870357 ], [ -46.665323, -23.870034 ], [ -46.665419, -23.869957 ], [ -46.665309, -23.869626 ], [ -46.665882, -23.869482 ], [ -46.665409, -23.868422 ], [ -46.665024, -23.867369 ], [ -46.665279, -23.867266 ], [ -46.665147, -23.86696 ], [ -46.665209, -23.866934 ], [ -46.665091, -23.866327 ], [ -46.665179, -23.865697 ], [ -46.664913, -23.865471 ], [ -46.664463, -23.865345 ], [ -46.664275, -23.865325 ], [ -46.663825, -23.865426 ], [ -46.663281, -23.865327 ], [ -46.663163, -23.86536 ], [ -46.66306, -23.865518 ], [ -46.663107, -23.866012 ], [ -46.663078, -23.866253 ], [ -46.663235, -23.866362 ], [ -46.663508, -23.867351 ], [ -46.663831, -23.868247 ], [ -46.663956, -23.868418 ], [ -46.663956, -23.868484 ], [ -46.663662, -23.868904 ], [ -46.663678, -23.868967 ], [ -46.66418, -23.869302 ], [ -46.664332, -23.869597 ], [ -46.664336, -23.869669 ], [ -46.664284, -23.869706 ], [ -46.664711, -23.869728 ] ] ] } },
{ "type": "Feature", "properties": { "CD_SETOR": "355030855000823", "faces": 40, "pavimentada": 0.0, "bueiro": 0.0, "iluminacao": 50.0, "onibus": 0.0, "ciclovia": 0.0, "calcada": 0.0, "obstaculo": null, "rampa": null, "rampa_faces": 0.0, "sem_calcada": 100.0, "sem_arvore": 17.5, "muitas_arvores": 65.0, "vao": 0.0, "V05400": 40, "V05421": 0, "V05406": 0, "V05412": 20, "V05422": 40, "V05424": 0, "V05427": 0, "V05409": 0, "V05415": 0, "V05418": 0, "V05430": 7, "V05433": 26, "criancas_0a4": 53, "em_favela": false }, "geometry": { "type": "Polygon", "coordinates": [ [ [ -46.643969, -23.878131 ], [ -46.643915, -23.878342 ], [ -46.64373, -23.878632 ], [ -46.643664, -23.878705 ], [ -46.643506, -23.878736 ], [ -46.642841, -23.87925 ], [ -46.642559, -23.879837 ], [ -46.642389, -23.879992 ], [ -46.641543, -23.880233 ], [ -46.641512, -23.880941 ], [ -46.641438, -23.881161 ], [ -46.640692, -23.881827 ], [ -46.640184, -23.882121 ], [ -46.639739, -23.88251 ], [ -46.639301, -23.882994 ], [ -46.638788, -23.883998 ], [ -46.637631, -23.883885 ], [ -46.63634, -23.884074 ], [ -46.635961, -23.884316 ], [ -46.635913, -23.884522 ], [ -46.635944, -23.885325 ], [ -46.637432, -23.885306 ], [ -46.637246, -23.885948 ], [ -46.638829, -23.887363 ], [ -46.639983, -23.886029 ], [ -46.64028, -23.886415 ], [ -46.640378, -23.887989 ], [ -46.640526, -23.888006 ], [ -46.640461, -23.887724 ], [ -46.640481, -23.886981 ], [ -46.640427, -23.886834 ], [ -46.640425, -23.886504 ], [ -46.640485, -23.886403 ], [ -46.639938, -23.885713 ], [ -46.640005, -23.885493 ], [ -46.641254, -23.883366 ], [ -46.641444, -23.883204 ], [ -46.64292, -23.882551 ], [ -46.645724, -23.879506 ], [ -46.645902, -23.879438 ], [ -46.645994, -23.8793 ], [ -46.646369, -23.879009 ], [ -46.645543, -23.878358 ], [ -46.645179, -23.878338 ], [ -46.644271, -23.878433 ], [ -46.643969, -23.878131 ] ] ] } },
{ "type": "Feature", "properties": { "CD_SETOR": "355030855000833", "faces": 4, "pavimentada": 75.0, "bueiro": 0.0, "iluminacao": 100.0, "onibus": 50.0, "ciclovia": 0.0, "calcada": 25.0, "obstaculo": 0.0, "rampa": 0.0, "rampa_faces": 0.0, "sem_calcada": 75.0, "sem_arvore": 25.0, "muitas_arvores": 0.0, "vao": 75.0, "V05400": 4, "V05421": 1, "V05406": 3, "V05412": 4, "V05422": 3, "V05424": 0, "V05427": 0, "V05409": 0, "V05415": 2, "V05418": 0, "V05430": 1, "V05433": 0, "criancas_0a4": 0, "em_favela": false }, "geometry": { "type": "Polygon", "coordinates": [ [ [ -46.705132, -23.813621 ], [ -46.704132, -23.813457 ], [ -46.702759, -23.813059 ], [ -46.702204, -23.813104 ], [ -46.702515, -23.814192 ], [ -46.702885, -23.81426 ], [ -46.703294, -23.814215 ], [ -46.703788, -23.814022 ], [ -46.704016, -23.814008 ], [ -46.704566, -23.814279 ], [ -46.704978, -23.814076 ], [ -46.705083, -23.814067 ], [ -46.70549, -23.814061 ], [ -46.70575, -23.81417 ], [ -46.706042, -23.814186 ], [ -46.705996, -23.813769 ], [ -46.706144, -23.81363 ], [ -46.706789, -23.813507 ], [ -46.707147, -23.81355 ], [ -46.707352, -23.813513 ], [ -46.707664, -23.813755 ], [ -46.708028, -23.81363 ], [ -46.708548, -23.813368 ], [ -46.70928, -23.813257 ], [ -46.709944, -23.81305 ], [ -46.710147, -23.813035 ], [ -46.709876, -23.812616 ], [ -46.707077, -23.812609 ], [ -46.706504, -23.812084 ], [ -46.706283, -23.812441 ], [ -46.706119, -23.813183 ], [ -46.705684, -23.813279 ], [ -46.705432, -23.813401 ], [ -46.705291, -23.813561 ], [ -46.705132, -23.813621 ] ] ] } },
{ "type": "Feature", "properties": { "CD_SETOR": "355030855000834", "faces": 31, "pavimentada": 0.0, "bueiro": 3.23, "iluminacao": 100.0, "onibus": 0.0, "ciclovia": 0.0, "calcada": 51.61, "obstaculo": 100.0, "rampa": 0.0, "rampa_faces": 0.0, "sem_calcada": 48.39, "sem_arvore": 19.35, "muitas_arvores": 16.13, "vao": 0.0, "V05400": 31, "V05421": 16, "V05406": 0, "V05412": 31, "V05422": 15, "V05424": 16, "V05427": 0, "V05409": 1, "V05415": 0, "V05418": 0, "V05430": 6, "V05433": 5, "criancas_0a4": 14, "em_favela": false }, "geometry": { "type": "Polygon", "coordinates": [ [ [ -46.646517, -23.882576 ], [ -46.646308, -23.882624 ], [ -46.646126, -23.882858 ], [ -46.645877, -23.883006 ], [ -46.64418, -23.883722 ], [ -46.643453, -23.884198 ], [ -46.643031, -23.884526 ], [ -46.642149, -23.885509 ], [ -46.641, -23.886486 ], [ -46.640874, -23.886537 ], [ -46.640635, -23.88654 ], [ -46.640485, -23.886403 ], [ -46.640425, -23.886504 ], [ -46.640427, -23.886834 ], [ -46.640481, -23.886981 ], [ -46.640461, -23.887724 ], [ -46.640526, -23.888006 ], [ -46.640979, -23.888092 ], [ -46.641515, -23.88846 ], [ -46.642659, -23.888461 ], [ -46.644204, -23.888557 ], [ -46.64501, -23.888538 ], [ -46.645137, -23.888479 ], [ -46.645485, -23.888173 ], [ -46.64569, -23.888094 ], [ -46.646303, -23.887989 ], [ -46.64683, -23.887981 ], [ -46.64701, -23.88808 ], [ -46.647102, -23.888234 ], [ -46.647188, -23.888943 ], [ -46.648337, -23.888872 ], [ -46.648828, -23.888432 ], [ -46.649527, -23.888956 ], [ -46.649001, -23.888199 ], [ -46.648179, -23.88717 ], [ -46.647619, -23.88659 ], [ -46.647522, -23.886331 ], [ -46.647284, -23.886087 ], [ -46.647393, -23.883979 ], [ -46.647245, -23.88285 ], [ -46.646871, -23.882903 ], [ -46.646517, -23.882576 ] ] ] } },
{ "type": "Feature", "properties": { "CD_SETOR": "355030855000836", "faces": 17, "pavimentada": 88.24, "bueiro": 35.29, "iluminacao": 100.0, "onibus": 17.65, "ciclovia": 0.0, "calcada": 76.47, "obstaculo": 100.0, "rampa": 0.0, "rampa_faces": 0.0, "sem_calcada": 23.53, "sem_arvore": 17.65, "muitas_arvores": 29.41, "vao": 88.24, "V05400": 17, "V05421": 13, "V05406": 15, "V05412": 17, "V05422": 4, "V05424": 13, "V05427": 0, "V05409": 6, "V05415": 3, "V05418": 0, "V05430": 3, "V05433": 5, "criancas_0a4": 31, "em_favela": false }, "geometry": { "type": "Polygon", "coordinates": [ [ [ -46.698571, -23.851592 ], [ -46.698891, -23.851478 ], [ -46.699132, -23.851187 ], [ -46.699441, -23.850953 ], [ -46.699071, -23.849824 ], [ -46.698991, -23.849713 ], [ -46.698712, -23.849651 ], [ -46.698247, -23.848731 ], [ -46.696874, -23.848456 ], [ -46.696892, -23.84929 ], [ -46.697051, -23.849923 ], [ -46.697031, -23.850143 ], [ -46.696841, -23.850315 ], [ -46.696186, -23.850372 ], [ -46.695917, -23.85057 ], [ -46.695768, -23.850806 ], [ -46.696329, -23.850938 ], [ -46.698204, -23.851554 ], [ -46.698571, -23.851592 ] ] ] } },
{ "type": "Feature", "properties": { "CD_SETOR": "355030855000837", "faces": 11, "pavimentada": 90.91, "bueiro": 72.73, "iluminacao": 90.91, "onibus": 0.0, "ciclovia": 0.0, "calcada": 90.91, "obstaculo": 100.0, "rampa": 0.0, "rampa_faces": 0.0, "sem_calcada": 9.09, "sem_arvore": 63.64, "muitas_arvores": 18.18, "vao": 90.91, "V05400": 11, "V05421": 10, "V05406": 10, "V05412": 10, "V05422": 1, "V05424": 10, "V05427": 0, "V05409": 8, "V05415": 0, "V05418": 0, "V05430": 7, "V05433": 2, "criancas_0a4": 54, "em_favela": true }, "geometry": { "type": "Polygon", "coordinates": [ [ [ -46.736471, -23.798191 ], [ -46.737062, -23.798542 ], [ -46.737443, -23.798543 ], [ -46.737693, -23.798686 ], [ -46.738183, -23.798568 ], [ -46.737944, -23.79819 ], [ -46.737162, -23.797589 ], [ -46.73545, -23.795594 ], [ -46.734666, -23.797119 ], [ -46.735285, -23.797316 ], [ -46.735643, -23.797509 ], [ -46.735747, -23.797347 ], [ -46.736162, -23.797705 ], [ -46.736638, -23.797945 ], [ -46.736471, -23.798191 ] ] ] } },
{ "type": "Feature", "properties": { "CD_SETOR": "355030855000838", "faces": 9, "pavimentada": 77.78, "bueiro": 44.44, "iluminacao": 100.0, "onibus": 33.33, "ciclovia": 0.0, "calcada": 33.33, "obstaculo": 100.0, "rampa": 0.0, "rampa_faces": 0.0, "sem_calcada": 66.67, "sem_arvore": 0.0, "muitas_arvores": 77.78, "vao": 77.78, "V05400": 9, "V05421": 3, "V05406": 7, "V05412": 9, "V05422": 6, "V05424": 3, "V05427": 0, "V05409": 4, "V05415": 3, "V05418": 0, "V05430": 0, "V05433": 7, "criancas_0a4": 0, "em_favela": false }, "geometry": { "type": "Polygon", "coordinates": [ [ [ -46.715509, -23.778384 ], [ -46.715282, -23.77905 ], [ -46.715196, -23.779184 ], [ -46.714773, -23.779489 ], [ -46.714611, -23.779688 ], [ -46.715207, -23.779796 ], [ -46.715334, -23.780385 ], [ -46.715482, -23.780823 ], [ -46.717236, -23.781587 ], [ -46.717851, -23.782034 ], [ -46.718588, -23.782329 ], [ -46.71865, -23.782405 ], [ -46.719571, -23.78216 ], [ -46.718988, -23.781858 ], [ -46.719598, -23.780884 ], [ -46.720193, -23.780698 ], [ -46.72074, -23.780871 ], [ -46.721293, -23.780483 ], [ -46.721644, -23.780527 ], [ -46.72201, -23.780654 ], [ -46.722411, -23.780602 ], [ -46.72292, -23.780882 ], [ -46.723377, -23.780858 ], [ -46.724426, -23.781029 ], [ -46.724905, -23.781024 ], [ -46.725079, -23.780839 ], [ -46.724865, -23.780613 ], [ -46.724755, -23.780394 ], [ -46.724713, -23.780139 ], [ -46.724779, -23.779466 ], [ -46.72471, -23.779245 ], [ -46.724296, -23.778672 ], [ -46.724066, -23.778437 ], [ -46.723329, -23.77798 ], [ -46.723187, -23.777838 ], [ -46.72305, -23.777649 ], [ -46.722954, -23.777325 ], [ -46.722791, -23.777397 ], [ -46.721733, -23.77741 ], [ -46.72112, -23.777676 ], [ -46.720758, -23.777762 ], [ -46.720517, -23.777735 ], [ -46.720144, -23.777558 ], [ -46.719681, -23.777209 ], [ -46.719066, -23.776851 ], [ -46.718888, -23.776683 ], [ -46.717832, -23.777155 ], [ -46.716649, -23.777363 ], [ -46.716368, -23.777469 ], [ -46.715913, -23.777816 ], [ -46.715662, -23.77811 ], [ -46.715509, -23.778384 ] ] ] } },
{ "type": "Feature", "properties": { "CD_SETOR": "355030855000840", "faces": 5, "pavimentada": 80.0, "bueiro": 60.0, "iluminacao": 80.0, "onibus": 80.0, "ciclovia": 0.0, "calcada": 80.0, "obstaculo": 25.0, "rampa": 50.0, "rampa_faces": 40.0, "sem_calcada": 20.0, "sem_arvore": 60.0, "muitas_arvores": 20.0, "vao": 40.0, "V05400": 5, "V05421": 4, "V05406": 4, "V05412": 4, "V05422": 1, "V05424": 1, "V05427": 2, "V05409": 3, "V05415": 4, "V05418": 0, "V05430": 3, "V05433": 1, "criancas_0a4": 3, "em_favela": false }, "geometry": { "type": "Polygon", "coordinates": [ [ [ -46.722987, -23.776096 ], [ -46.722938, -23.777235 ], [ -46.723019, -23.777509 ], [ -46.72368, -23.777201 ], [ -46.723958, -23.776899 ], [ -46.724103, -23.776902 ], [ -46.724147, -23.775771 ], [ -46.726123, -23.775566 ], [ -46.725651, -23.772988 ], [ -46.725407, -23.773033 ], [ -46.725237, -23.773123 ], [ -46.724743, -23.773503 ], [ -46.724634, -23.773168 ], [ -46.723873, -23.773771 ], [ -46.723172, -23.77392 ], [ -46.72296, -23.773521 ], [ -46.723104, -23.773482 ], [ -46.723026, -23.773194 ], [ -46.722378, -23.773205 ], [ -46.72192, -23.77354 ], [ -46.721521, -23.773721 ], [ -46.720894, -23.773818 ], [ -46.721899, -23.774776 ], [ -46.722679, -23.775354 ], [ -46.722837, -23.775552 ], [ -46.722956, -23.775809 ], [ -46.722987, -23.776096 ] ] ] } },
{ "type": "Feature", "properties": { "CD_SETOR": "355030855000842", "faces": 21, "pavimentada": 42.86, "bueiro": 38.1, "iluminacao": 100.0, "onibus": 0.0, "ciclovia": 0.0, "calcada": 14.29, "obstaculo": 100.0, "rampa": 0.0, "rampa_faces": 0.0, "sem_calcada": 85.71, "sem_arvore": 14.29, "muitas_arvores": 47.62, "vao": 42.86, "V05400": 21, "V05421": 3, "V05406": 9, "V05412": 21, "V05422": 18, "V05424": 3, "V05427": 0, "V05409": 8, "V05415": 0, "V05418": 0, "V05430": 3, "V05433": 10, "criancas_0a4": 10, "em_favela": false }, "geometry": { "type": "Polygon", "coordinates": [ [ [ -46.721644, -23.780527 ], [ -46.721293, -23.780483 ], [ -46.72074, -23.780871 ], [ -46.720193, -23.780698 ], [ -46.719598, -23.780884 ], [ -46.718988, -23.781858 ], [ -46.719571, -23.78216 ], [ -46.720003, -23.78205 ], [ -46.720619, -23.783357 ], [ -46.720936, -23.783927 ], [ -46.720876, -23.784238 ], [ -46.721033, -23.784332 ], [ -46.721896, -23.784514 ], [ -46.722552, -23.784049 ], [ -46.724209, -23.783245 ], [ -46.724446, -23.782986 ], [ -46.724726, -23.782417 ], [ -46.724792, -23.782143 ], [ -46.724988, -23.781997 ], [ -46.725073, -23.781847 ], [ -46.725348, -23.781797 ], [ -46.725471, -23.78172 ], [ -46.725427, -23.781439 ], [ -46.725556, -23.781248 ], [ -46.725079, -23.780839 ], [ -46.724905, -23.781024 ], [ -46.724426, -23.781029 ], [ -46.723377, -23.780858 ], [ -46.72292, -23.780882 ], [ -46.722411, -23.780602 ], [ -46.72201, -23.780654 ], [ -46.721644, -23.780527 ] ] ] } },
{ "type": "Feature", "properties": { "CD_SETOR": "355030855000843", "faces": 2, "pavimentada": 100.0, "bueiro": 50.0, "iluminacao": 100.0, "onibus": 50.0, "ciclovia": 0.0, "calcada": 50.0, "obstaculo": 100.0, "rampa": 0.0, "rampa_faces": 0.0, "sem_calcada": 50.0, "sem_arvore": 0.0, "muitas_arvores": 50.0, "vao": 100.0, "V05400": 2, "V05421": 1, "V05406": 2, "V05412": 2, "V05422": 1, "V05424": 1, "V05427": 0, "V05409": 1, "V05415": 1, "V05418": 0, "V05430": 0, "V05433": 1, "criancas_0a4": 7, "em_favela": false }, "geometry": { "type": "Polygon", "coordinates": [ [ [ -46.733258, -23.773539 ], [ -46.73332, -23.773723 ], [ -46.733561, -23.773834 ], [ -46.733714, -23.774203 ], [ -46.734373, -23.774566 ], [ -46.733816, -23.775329 ], [ -46.734049, -23.775635 ], [ -46.734373, -23.775826 ], [ -46.734481, -23.775947 ], [ -46.734713, -23.776017 ], [ -46.735048, -23.775849 ], [ -46.735678, -23.774808 ], [ -46.735014, -23.774356 ], [ -46.735039, -23.774274 ], [ -46.735925, -23.773101 ], [ -46.736239, -23.77318 ], [ -46.736494, -23.772309 ], [ -46.736631, -23.77201 ], [ -46.736839, -23.771919 ], [ -46.737179, -23.771442 ], [ -46.737101, -23.7712 ], [ -46.736712, -23.770773 ], [ -46.736406, -23.770615 ], [ -46.736028, -23.770241 ], [ -46.735574, -23.771065 ], [ -46.73542, -23.771003 ], [ -46.735373, -23.771087 ], [ -46.735227, -23.77101 ], [ -46.735001, -23.77144 ], [ -46.734775, -23.771379 ], [ -46.733953, -23.771313 ], [ -46.731817, -23.77052 ], [ -46.731607, -23.770546 ], [ -46.731721, -23.770647 ], [ -46.732454, -23.771789 ], [ -46.732561, -23.772048 ], [ -46.732575, -23.772273 ], [ -46.732105, -23.77388 ], [ -46.732154, -23.773853 ], [ -46.732471, -23.773942 ], [ -46.732509, -23.773764 ], [ -46.732748, -23.773363 ], [ -46.733258, -23.773539 ] ] ] } },
{ "type": "Feature", "properties": { "CD_SETOR": "355030855000847", "faces": 10, "pavimentada": 80.0, "bueiro": 20.0, "iluminacao": 60.0, "onibus": 0.0, "ciclovia": 0.0, "calcada": 60.0, "obstaculo": 100.0, "rampa": 0.0, "rampa_faces": 0.0, "sem_calcada": 40.0, "sem_arvore": 20.0, "muitas_arvores": 40.0, "vao": 80.0, "V05400": 10, "V05421": 6, "V05406": 8, "V05412": 6, "V05422": 4, "V05424": 6, "V05427": 0, "V05409": 2, "V05415": 0, "V05418": 0, "V05430": 2, "V05433": 4, "criancas_0a4": 11, "em_favela": true }, "geometry": { "type": "Polygon", "coordinates": [ [ [ -46.747218, -23.792751 ], [ -46.747262, -23.792543 ], [ -46.747086, -23.792368 ], [ -46.746659, -23.792303 ], [ -46.746222, -23.792372 ], [ -46.746235, -23.792514 ], [ -46.745754, -23.792814 ], [ -46.745482, -23.792891 ], [ -46.745842, -23.79341 ], [ -46.745408, -23.793773 ], [ -46.744847, -23.794071 ], [ -46.744819, -23.794131 ], [ -46.744574, -23.794263 ], [ -46.744441, -23.794283 ], [ -46.743558, -23.794016 ], [ -46.742951, -23.794237 ], [ -46.743416, -23.794336 ], [ -46.743579, -23.794416 ], [ -46.743957, -23.79485 ], [ -46.744919, -23.794829 ], [ -46.745244, -23.794628 ], [ -46.745869, -23.793982 ], [ -46.746584, -23.793974 ], [ -46.74715, -23.793633 ], [ -46.747304, -23.793483 ], [ -46.747216, -23.793411 ], [ -46.747439, -23.793195 ], [ -46.747114, -23.792886 ], [ -46.747218, -23.792751 ] ] ] } },
{ "type": "Feature", "properties": { "CD_SETOR": "355030855000848", "faces": 12, "pavimentada": 100.0, "bueiro": 75.0, "iluminacao": 100.0, "onibus": 41.67, "ciclovia": 0.0, "calcada": 100.0, "obstaculo": 41.67, "rampa": 41.67, "rampa_faces": 41.67, "sem_calcada": 0.0, "sem_arvore": 25.0, "muitas_arvores": 66.67, "vao": 58.33, "V05400": 12, "V05421": 12, "V05406": 12, "V05412": 12, "V05422": 0, "V05424": 5, "V05427": 5, "V05409": 9, "V05415": 5, "V05418": 0, "V05430": 3, "V05433": 8, "criancas_0a4": 0, "em_favela": false }, "geometry": { "type": "Polygon", "coordinates": [ [ [ -46.717612, -23.768858 ], [ -46.717956, -23.769833 ], [ -46.718299, -23.770407 ], [ -46.719666, -23.772077 ], [ -46.71983, -23.772441 ], [ -46.720894, -23.773818 ], [ -46.721521, -23.773721 ], [ -46.72192, -23.77354 ], [ -46.722378, -23.773205 ], [ -46.723404, -23.773144 ], [ -46.722653, -23.771903 ], [ -46.721368, -23.770993 ], [ -46.720043, -23.77139 ], [ -46.719912, -23.771056 ], [ -46.719101, -23.770114 ], [ -46.718414, -23.769163 ], [ -46.718225, -23.768785 ], [ -46.718188, -23.7688 ], [ -46.71811, -23.768547 ], [ -46.7193, -23.768271 ], [ -46.719664, -23.767981 ], [ -46.720487, -23.766824 ], [ -46.719695, -23.766605 ], [ -46.718786, -23.766533 ], [ -46.717867, -23.765593 ], [ -46.717868, -23.7655 ], [ -46.717443, -23.765769 ], [ -46.717047, -23.765851 ], [ -46.717612, -23.768858 ] ] ] } },
{ "type": "Feature", "properties": { "CD_SETOR": "355030855000849", "faces": 12, "pavimentada": 91.67, "bueiro": 0.0, "iluminacao": 75.0, "onibus": 0.0, "ciclovia": 0.0, "calcada": 41.67, "obstaculo": 100.0, "rampa": 0.0, "rampa_faces": 0.0, "sem_calcada": 58.33, "sem_arvore": 91.67, "muitas_arvores": 0.0, "vao": 91.67, "V05400": 12, "V05421": 5, "V05406": 11, "V05412": 9, "V05422": 7, "V05424": 5, "V05427": 0, "V05409": 0, "V05415": 0, "V05418": 0, "V05430": 11, "V05433": 0, "criancas_0a4": 36, "em_favela": false }, "geometry": { "type": "Polygon", "coordinates": [ [ [ -46.715099, -23.834443 ], [ -46.716991, -23.834848 ], [ -46.717399, -23.834322 ], [ -46.717161, -23.833747 ], [ -46.716895, -23.83337 ], [ -46.716738, -23.833213 ], [ -46.715788, -23.832555 ], [ -46.71552, -23.832467 ], [ -46.714329, -23.832808 ], [ -46.714175, -23.832814 ], [ -46.714036, -23.832751 ], [ -46.713351, -23.833975 ], [ -46.715099, -23.834443 ] ], [ [ -46.714645, -23.833692 ], [ -46.715471, -23.833456 ], [ -46.715449, -23.833402 ], [ -46.715572, -23.833351 ], [ -46.715603, -23.833414 ], [ -46.715735, -23.833379 ], [ -46.715868, -23.833605 ], [ -46.714793, -23.834259 ], [ -46.714645, -23.833692 ] ] ] } },
{ "type": "Feature", "properties": { "CD_SETOR": "355030855000853", "faces": 7, "pavimentada": 71.43, "bueiro": 0.0, "iluminacao": 85.71, "onibus": 28.57, "ciclovia": 0.0, "calcada": 0.0, "obstaculo": null, "rampa": null, "rampa_faces": 0.0, "sem_calcada": 85.71, "sem_arvore": 57.14, "muitas_arvores": 28.57, "vao": 71.43, "V05400": 7, "V05421": 0, "V05406": 5, "V05412": 6, "V05422": 6, "V05424": 0, "V05427": 0, "V05409": 0, "V05415": 2, "V05418": 0, "V05430": 4, "V05433": 2, "criancas_0a4": 0, "em_favela": false }, "geometry": { "type": "Polygon", "coordinates": [ [ [ -46.762291, -23.750384 ], [ -46.761949, -23.750642 ], [ -46.756079, -23.752151 ], [ -46.756011, -23.752566 ], [ -46.756025, -23.753771 ], [ -46.75589, -23.754077 ], [ -46.754601, -23.754245 ], [ -46.752161, -23.754338 ], [ -46.751833, -23.754387 ], [ -46.751362, -23.754605 ], [ -46.751416, -23.754423 ], [ -46.751399, -23.753687 ], [ -46.751335, -23.753294 ], [ -46.751082, -23.752545 ], [ -46.751056, -23.75229 ], [ -46.750564, -23.751008 ], [ -46.748713, -23.749103 ], [ -46.748348, -23.749327 ], [ -46.748401, -23.749464 ], [ -46.74807, -23.749415 ], [ -46.747676, -23.749257 ], [ -46.74567, -23.747438 ], [ -46.745097, -23.747155 ], [ -46.744859, -23.747138 ], [ -46.744685, -23.747341 ], [ -46.744685, -23.747468 ], [ -46.744755, -23.747624 ], [ -46.744728, -23.747703 ], [ -46.744543, -23.747902 ], [ -46.744106, -23.748191 ], [ -46.743855, -23.74863 ], [ -46.743796, -23.749678 ], [ -46.743725, -23.750041 ], [ -46.743605, -23.75035 ], [ -46.743601, -23.750648 ], [ -46.743309, -23.751821 ], [ -46.743262, -23.752254 ], [ -46.743113, -23.752336 ], [ -46.742967, -23.75231 ], [ -46.742789, -23.752348 ], [ -46.742722, -23.750479 ], [ -46.742563, -23.749945 ], [ -46.742632, -23.749339 ], [ -46.742557, -23.749195 ], [ -46.742007, -23.748644 ], [ -46.741372, -23.748344 ], [ -46.741122, -23.748293 ], [ -46.740912, -23.748306 ], [ -46.740463, -23.748497 ], [ -46.740292, -23.748478 ], [ -46.74018, -23.74766 ], [ -46.740124, -23.748278 ], [ -46.739973, -23.748925 ], [ -46.739043, -23.750775 ], [ -46.736503, -23.750568 ], [ -46.732972, -23.749548 ], [ -46.732537, -23.749963 ], [ -46.733523, -23.751521 ], [ -46.735055, -23.754489 ], [ -46.73373, -23.755283 ], [ -46.732952, -23.753712 ], [ -46.732341, -23.756188 ], [ -46.731861, -23.757559 ], [ -46.73077, -23.756765 ], [ -46.730182, -23.75647 ], [ -46.729847, -23.756418 ], [ -46.729371, -23.756486 ], [ -46.729045, -23.756471 ], [ -46.728709, -23.756402 ], [ -46.728471, -23.756553 ], [ -46.72832, -23.756594 ], [ -46.72814, -23.756734 ], [ -46.727571, -23.757326 ], [ -46.726633, -23.757664 ], [ -46.726891, -23.757936 ], [ -46.72674, -23.758201 ], [ -46.726745, -23.758413 ], [ -46.726585, -23.758389 ], [ -46.72637, -23.758432 ], [ -46.726338, -23.758499 ], [ -46.726071, -23.758554 ], [ -46.725999, -23.758647 ], [ -46.725891, -23.758668 ], [ -46.725965, -23.758729 ], [ -46.72605, -23.758976 ], [ -46.726153, -23.75904 ], [ -46.726146, -23.759232 ], [ -46.725968, -23.759307 ], [ -46.725986, -23.759606 ], [ -46.725923, -23.759838 ], [ -46.726044, -23.759906 ], [ -46.726121, -23.760059 ], [ -46.726181, -23.760078 ], [ -46.726354, -23.76047 ], [ -46.726485, -23.760568 ], [ -46.726441, -23.760605 ], [ -46.726537, -23.760695 ], [ -46.7265, -23.76085 ], [ -46.72656, -23.761016 ], [ -46.726782, -23.76133 ], [ -46.727044, -23.761543 ], [ -46.727365, -23.761623 ], [ -46.727526, -23.761808 ], [ -46.727782, -23.761954 ], [ -46.728688, -23.761921 ], [ -46.729023, -23.761988 ], [ -46.729274, -23.762089 ], [ -46.729544, -23.762292 ], [ -46.731068, -23.762923 ], [ -46.731196, -23.763084 ], [ -46.731626, -23.763244 ], [ -46.732589, -23.763846 ], [ -46.733083, -23.764351 ], [ -46.733253, -23.764466 ], [ -46.73397, -23.764835 ], [ -46.734045, -23.765023 ], [ -46.733798, -23.765621 ], [ -46.733725, -23.766043 ], [ -46.73452, -23.766493 ], [ -46.735042, -23.76653 ], [ -46.735267, -23.766642 ], [ -46.735406, -23.766599 ], [ -46.735426, -23.766448 ], [ -46.735682, -23.765881 ], [ -46.735616, -23.765655 ], [ -46.736018, -23.764686 ], [ -46.738943, -23.764507 ], [ -46.739485, -23.765062 ], [ -46.740279, -23.765657 ], [ -46.740502, -23.765982 ], [ -46.740677, -23.766591 ], [ -46.741081, -23.767518 ], [ -46.741667, -23.767971 ], [ -46.742916, -23.768712 ], [ -46.742937, -23.768594 ], [ -46.743052, -23.76854 ], [ -46.743722, -23.76849 ], [ -46.743998, -23.768554 ], [ -46.744544, -23.769018 ], [ -46.745398, -23.770648 ], [ -46.745561, -23.770806 ], [ -46.745791, -23.770924 ], [ -46.745965, -23.770931 ], [ -46.746307, -23.770804 ], [ -46.746628, -23.770551 ], [ -46.747026, -23.770109 ], [ -46.747671, -23.769014 ], [ -46.747772, -23.768696 ], [ -46.747936, -23.7673 ], [ -46.748178, -23.766618 ], [ -46.748349, -23.766389 ], [ -46.749399, -23.765499 ], [ -46.750031, -23.765166 ], [ -46.750244, -23.764978 ], [ -46.75045, -23.764493 ], [ -46.750499, -23.763723 ], [ -46.750993, -23.763686 ], [ -46.751317, -23.76374 ], [ -46.752168, -23.763995 ], [ -46.752314, -23.76407 ], [ -46.752506, -23.764388 ], [ -46.752845, -23.764503 ], [ -46.754173, -23.764126 ], [ -46.754788, -23.76403 ], [ -46.756207, -23.763309 ], [ -46.75651, -23.763297 ], [ -46.75683, -23.763354 ], [ -46.757174, -23.763309 ], [ -46.757448, -23.76322 ], [ -46.758531, -23.762648 ], [ -46.75875, -23.762591 ], [ -46.759071, -23.762637 ], [ -46.760361, -23.763026 ], [ -46.761091, -23.762915 ], [ -46.762253, -23.762533 ], [ -46.762783, -23.762516 ], [ -46.763237, -23.762563 ], [ -46.76349, -23.762683 ], [ -46.763617, -23.762802 ], [ -46.764249, -23.762568 ], [ -46.765259, -23.761795 ], [ -46.765348, -23.761878 ], [ -46.765503, -23.762237 ], [ -46.765999, -23.763544 ], [ -46.767156, -23.763072 ], [ -46.767117, -23.762915 ], [ -46.767183, -23.762711 ], [ -46.767591, -23.762019 ], [ -46.767467, -23.761947 ], [ -46.767159, -23.76193 ], [ -46.766823, -23.761808 ], [ -46.766675, -23.761573 ], [ -46.766845, -23.761363 ], [ -46.766837, -23.761299 ], [ -46.766489, -23.761391 ], [ -46.766427, -23.761352 ], [ -46.766408, -23.761268 ], [ -46.766454, -23.761133 ], [ -46.766581, -23.76106 ], [ -46.767086, -23.760503 ], [ -46.767155, -23.759948 ], [ -46.767046, -23.759852 ], [ -46.76642, -23.76009 ], [ -46.76624, -23.7601 ], [ -46.766065, -23.760069 ], [ -46.766028, -23.75987 ], [ -46.766725, -23.759437 ], [ -46.766858, -23.759275 ], [ -46.766862, -23.759186 ], [ -46.766738, -23.759087 ], [ -46.766741, -23.758941 ], [ -46.766536, -23.758843 ], [ -46.766469, -23.758727 ], [ -46.766644, -23.758582 ], [ -46.766938, -23.7582 ], [ -46.767029, -23.757913 ], [ -46.767048, -23.757539 ], [ -46.767122, -23.757406 ], [ -46.767023, -23.757163 ], [ -46.767048, -23.756731 ], [ -46.766964, -23.756606 ], [ -46.766694, -23.756408 ], [ -46.765814, -23.756066 ], [ -46.765364, -23.755799 ], [ -46.765207, -23.755781 ], [ -46.764874, -23.755962 ], [ -46.764739, -23.755946 ], [ -46.764501, -23.755737 ], [ -46.764403, -23.755586 ], [ -46.764255, -23.755143 ], [ -46.76423, -23.754969 ], [ -46.764365, -23.754454 ], [ -46.764105, -23.753562 ], [ -46.763903, -23.753316 ], [ -46.763701, -23.752955 ], [ -46.763311, -23.752785 ], [ -46.763173, -23.752659 ], [ -46.763135, -23.752549 ], [ -46.763228, -23.752359 ], [ -46.763203, -23.752244 ], [ -46.762728, -23.752031 ], [ -46.76265, -23.751763 ], [ -46.762728, -23.751464 ], [ -46.76252, -23.751312 ], [ -46.76242, -23.751148 ], [ -46.762441, -23.751037 ], [ -46.762576, -23.750842 ], [ -46.762291, -23.750384 ] ] ] } },
{ "type": "Feature", "properties": { "CD_SETOR": "355030855000854", "faces": 2, "pavimentada": 50.0, "bueiro": 50.0, "iluminacao": 50.0, "onibus": 0.0, "ciclovia": 0.0, "calcada": 50.0, "obstaculo": 100.0, "rampa": 0.0, "rampa_faces": 0.0, "sem_calcada": 0.0, "sem_arvore": 0.0, "muitas_arvores": 0.0, "vao": 50.0, "V05400": 2, "V05421": 1, "V05406": 1, "V05412": 1, "V05422": 0, "V05424": 1, "V05427": 0, "V05409": 1, "V05415": 0, "V05418": 0, "V05430": 0, "V05433": 0, "criancas_0a4": 0, "em_favela": false }, "geometry": { "type": "Polygon", "coordinates": [ [ [ -46.723902, -23.767066 ], [ -46.723568, -23.76749 ], [ -46.724347, -23.768293 ], [ -46.724474, -23.768352 ], [ -46.724598, -23.768042 ], [ -46.725014, -23.768113 ], [ -46.72556, -23.768756 ], [ -46.726444, -23.770112 ], [ -46.726677, -23.770713 ], [ -46.727072, -23.771404 ], [ -46.72714, -23.771923 ], [ -46.727555, -23.771803 ], [ -46.727769, -23.771957 ], [ -46.728229, -23.773118 ], [ -46.728196, -23.77526 ], [ -46.728098, -23.775874 ], [ -46.727091, -23.775644 ], [ -46.726123, -23.775566 ], [ -46.724147, -23.775771 ], [ -46.724103, -23.776902 ], [ -46.723958, -23.776899 ], [ -46.72368, -23.777201 ], [ -46.723019, -23.777509 ], [ -46.72305, -23.777649 ], [ -46.723187, -23.777838 ], [ -46.723329, -23.77798 ], [ -46.724066, -23.778437 ], [ -46.724296, -23.778672 ], [ -46.72471, -23.779245 ], [ -46.724779, -23.779466 ], [ -46.724727, -23.780267 ], [ -46.724865, -23.780613 ], [ -46.725556, -23.781248 ], [ -46.725707, -23.78091 ], [ -46.725841, -23.780762 ], [ -46.726152, -23.7806 ], [ -46.726412, -23.78037 ], [ -46.726916, -23.780165 ], [ -46.727082, -23.779917 ], [ -46.727114, -23.779757 ], [ -46.727176, -23.779718 ], [ -46.727358, -23.7797 ], [ -46.727583, -23.779543 ], [ -46.727892, -23.779439 ], [ -46.728052, -23.779473 ], [ -46.728568, -23.779305 ], [ -46.72885, -23.779316 ], [ -46.728998, -23.779271 ], [ -46.729096, -23.779203 ], [ -46.729183, -23.779035 ], [ -46.729699, -23.779236 ], [ -46.730517, -23.779644 ], [ -46.731073, -23.780082 ], [ -46.732035, -23.781021 ], [ -46.732257, -23.781132 ], [ -46.732546, -23.781154 ], [ -46.732984, -23.780555 ], [ -46.732721, -23.780392 ], [ -46.732328, -23.77999 ], [ -46.730194, -23.778469 ], [ -46.730175, -23.777387 ], [ -46.729938, -23.777335 ], [ -46.729779, -23.777203 ], [ -46.729429, -23.776676 ], [ -46.729318, -23.776165 ], [ -46.729197, -23.776047 ], [ -46.729017, -23.775963 ], [ -46.729338, -23.775607 ], [ -46.729753, -23.77433 ], [ -46.730077, -23.773844 ], [ -46.729918, -23.773007 ], [ -46.73005, -23.772564 ], [ -46.730237, -23.772362 ], [ -46.730362, -23.772328 ], [ -46.73121, -23.772349 ], [ -46.731403, -23.772268 ], [ -46.731487, -23.772125 ], [ -46.731455, -23.771282 ], [ -46.731485, -23.770852 ], [ -46.731527, -23.77066 ], [ -46.731607, -23.770546 ], [ -46.731261, -23.769842 ], [ -46.731216, -23.769511 ], [ -46.731245, -23.768981 ], [ -46.731483, -23.768168 ], [ -46.731514, -23.767796 ], [ -46.731042, -23.767274 ], [ -46.730898, -23.76701 ], [ -46.730979, -23.76665 ], [ -46.731044, -23.765968 ], [ -46.731121, -23.765702 ], [ -46.73111, -23.764775 ], [ -46.731084, -23.764575 ], [ -46.730717, -23.763813 ], [ -46.730744, -23.763632 ], [ -46.730861, -23.763481 ], [ -46.731371, -23.763171 ], [ -46.731196, -23.763084 ], [ -46.731068, -23.762923 ], [ -46.729544, -23.762292 ], [ -46.729274, -23.762089 ], [ -46.729023, -23.761988 ], [ -46.728688, -23.761921 ], [ -46.727782, -23.761954 ], [ -46.727526, -23.761808 ], [ -46.727365, -23.761623 ], [ -46.727044, -23.761543 ], [ -46.726978, -23.7617 ], [ -46.72665, -23.761739 ], [ -46.726434, -23.761905 ], [ -46.726169, -23.761918 ], [ -46.726065, -23.761987 ], [ -46.725983, -23.762082 ], [ -46.725978, -23.762194 ], [ -46.725671, -23.762956 ], [ -46.725586, -23.76301 ], [ -46.725204, -23.762875 ], [ -46.725192, -23.762976 ], [ -46.725085, -23.763079 ], [ -46.72478, -23.763008 ], [ -46.724726, -23.763034 ], [ -46.724741, -23.763181 ], [ -46.724919, -23.763492 ], [ -46.724658, -23.763521 ], [ -46.724492, -23.763608 ], [ -46.724497, -23.763689 ], [ -46.724673, -23.763754 ], [ -46.724695, -23.763801 ], [ -46.724524, -23.764065 ], [ -46.724515, -23.764163 ], [ -46.724621, -23.764213 ], [ -46.725054, -23.764196 ], [ -46.725222, -23.764266 ], [ -46.725355, -23.764409 ], [ -46.725662, -23.764606 ], [ -46.725806, -23.76495 ], [ -46.725938, -23.765074 ], [ -46.725924, -23.765159 ], [ -46.725744, -23.765358 ], [ -46.725624, -23.765407 ], [ -46.72545, -23.765785 ], [ -46.72527, -23.765951 ], [ -46.725288, -23.766066 ], [ -46.725133, -23.766151 ], [ -46.724747, -23.765988 ], [ -46.724448, -23.765939 ], [ -46.724176, -23.765984 ], [ -46.723981, -23.765912 ], [ -46.723644, -23.766018 ], [ -46.723379, -23.766208 ], [ -46.722744, -23.766008 ], [ -46.722233, -23.766029 ], [ -46.72181, -23.765903 ], [ -46.720522, -23.765996 ], [ -46.720136, -23.765817 ], [ -46.719968, -23.765793 ], [ -46.719174, -23.765924 ], [ -46.718675, -23.765838 ], [ -46.718335, -23.765704 ], [ -46.718235, -23.765623 ], [ -46.71825, -23.765548 ], [ -46.718353, -23.765482 ], [ -46.718245, -23.765326 ], [ -46.717868, -23.7655 ], [ -46.717867, -23.765593 ], [ -46.718786, -23.766533 ], [ -46.719695, -23.766605 ], [ -46.720546, -23.766841 ], [ -46.720703, -23.766266 ], [ -46.721423, -23.766452 ], [ -46.722907, -23.766699 ], [ -46.72355, -23.766897 ], [ -46.723902, -23.767066 ] ] ] } },
{ "type": "Feature", "properties": { "CD_SETOR": "355030855000858", "faces": 4, "pavimentada": 75.0, "bueiro": 75.0, "iluminacao": 75.0, "onibus": 50.0, "ciclovia": 0.0, "calcada": 75.0, "obstaculo": 0.0, "rampa": 0.0, "rampa_faces": 0.0, "sem_calcada": 25.0, "sem_arvore": 100.0, "muitas_arvores": 0.0, "vao": 75.0, "V05400": 4, "V05421": 3, "V05406": 3, "V05412": 3, "V05422": 1, "V05424": 0, "V05427": 0, "V05409": 3, "V05415": 2, "V05418": 0, "V05430": 4, "V05433": 0, "criancas_0a4": 4, "em_favela": false }, "geometry": { "type": "Polygon", "coordinates": [ [ [ -46.697459, -23.846873 ], [ -46.697335, -23.847388 ], [ -46.698305, -23.847619 ], [ -46.699518, -23.847758 ], [ -46.699891, -23.847392 ], [ -46.699955, -23.847267 ], [ -46.699573, -23.846809 ], [ -46.69941, -23.846904 ], [ -46.699447, -23.846944 ], [ -46.699211, -23.847283 ], [ -46.699188, -23.847483 ], [ -46.698738, -23.847433 ], [ -46.698386, -23.847263 ], [ -46.697891, -23.847181 ], [ -46.697901, -23.847057 ], [ -46.697555, -23.846919 ], [ -46.69805, -23.846027 ], [ -46.698449, -23.84569 ], [ -46.698004, -23.845565 ], [ -46.69789, -23.845937 ], [ -46.697459, -23.846873 ] ] ] } },
{ "type": "Feature", "properties": { "CD_SETOR": "355030855000860", "faces": 3, "pavimentada": 66.67, "bueiro": 66.67, "iluminacao": 66.67, "onibus": 66.67, "ciclovia": 0.0, "calcada": 66.67, "obstaculo": 50.0, "rampa": 50.0, "rampa_faces": 33.33, "sem_calcada": 33.33, "sem_arvore": 33.33, "muitas_arvores": 66.67, "vao": 33.33, "V05400": 3, "V05421": 2, "V05406": 2, "V05412": 2, "V05422": 1, "V05424": 1, "V05427": 1, "V05409": 2, "V05415": 2, "V05418": 0, "V05430": 1, "V05433": 2, "criancas_0a4": 19, "em_favela": false }, "geometry": { "type": "Polygon", "coordinates": [ [ [ -46.697891, -23.847181 ], [ -46.698386, -23.847263 ], [ -46.698738, -23.847433 ], [ -46.699188, -23.847483 ], [ -46.699211, -23.847283 ], [ -46.699447, -23.846944 ], [ -46.699352, -23.846837 ], [ -46.699412, -23.846829 ], [ -46.699633, -23.846421 ], [ -46.699743, -23.846306 ], [ -46.700282, -23.846158 ], [ -46.700483, -23.846027 ], [ -46.700832, -23.846009 ], [ -46.701132, -23.846112 ], [ -46.701343, -23.846061 ], [ -46.701444, -23.845944 ], [ -46.701515, -23.845957 ], [ -46.70163, -23.846196 ], [ -46.701497, -23.846384 ], [ -46.701598, -23.846447 ], [ -46.701552, -23.846577 ], [ -46.701878, -23.846735 ], [ -46.701855, -23.84691 ], [ -46.702017, -23.846938 ], [ -46.702316, -23.84711 ], [ -46.702356, -23.847168 ], [ -46.702346, -23.847332 ], [ -46.702623, -23.847526 ], [ -46.702631, -23.847687 ], [ -46.702724, -23.847854 ], [ -46.70263, -23.847907 ], [ -46.702688, -23.848043 ], [ -46.702629, -23.848271 ], [ -46.702682, -23.848334 ], [ -46.703247, -23.848397 ], [ -46.703672, -23.848589 ], [ -46.703804, -23.848777 ], [ -46.703925, -23.84931 ], [ -46.70436, -23.849901 ], [ -46.704582, -23.850034 ], [ -46.704832, -23.850095 ], [ -46.706039, -23.849978 ], [ -46.70699, -23.850112 ], [ -46.707351, -23.850034 ], [ -46.708118, -23.849675 ], [ -46.708419, -23.849701 ], [ -46.709025, -23.849889 ], [ -46.709335, -23.849872 ], [ -46.709934, -23.84962 ], [ -46.710567, -23.849114 ], [ -46.710849, -23.848996 ], [ -46.711469, -23.848988 ], [ -46.712507, -23.849125 ], [ -46.713083, -23.849059 ], [ -46.713668, -23.84878 ], [ -46.715216, -23.847727 ], [ -46.715469, -23.847463 ], [ -46.715845, -23.846926 ], [ -46.71638, -23.845502 ], [ -46.716576, -23.844811 ], [ -46.716187, -23.844659 ], [ -46.715806, -23.84438 ], [ -46.715592, -23.844298 ], [ -46.714714, -23.844321 ], [ -46.713715, -23.844047 ], [ -46.713533, -23.843881 ], [ -46.712675, -23.843758 ], [ -46.712368, -23.843281 ], [ -46.710977, -23.843507 ], [ -46.710285, -23.842963 ], [ -46.711385, -23.841919 ], [ -46.71125, -23.841696 ], [ -46.711023, -23.840889 ], [ -46.710918, -23.840723 ], [ -46.710761, -23.840582 ], [ -46.710403, -23.840399 ], [ -46.710233, -23.840375 ], [ -46.709862, -23.840421 ], [ -46.709983, -23.840154 ], [ -46.71027, -23.839892 ], [ -46.710226, -23.839804 ], [ -46.710927, -23.838703 ], [ -46.711239, -23.838437 ], [ -46.711862, -23.838323 ], [ -46.711992, -23.838207 ], [ -46.712059, -23.837921 ], [ -46.711056, -23.837642 ], [ -46.711085, -23.836127 ], [ -46.711213, -23.834833 ], [ -46.711147, -23.834192 ], [ -46.71064, -23.834148 ], [ -46.710475, -23.834248 ], [ -46.709856, -23.834233 ], [ -46.709639, -23.833132 ], [ -46.709518, -23.832928 ], [ -46.709487, -23.832353 ], [ -46.709551, -23.832063 ], [ -46.708792, -23.83181 ], [ -46.706675, -23.831943 ], [ -46.7069, -23.831588 ], [ -46.707315, -23.83137 ], [ -46.707261, -23.831077 ], [ -46.707303, -23.830904 ], [ -46.70765, -23.83053 ], [ -46.707534, -23.830315 ], [ -46.707498, -23.830126 ], [ -46.70756, -23.830024 ], [ -46.707974, -23.829933 ], [ -46.708631, -23.829954 ], [ -46.708899, -23.830146 ], [ -46.709439, -23.830251 ], [ -46.709972, -23.830143 ], [ -46.710253, -23.830024 ], [ -46.710506, -23.830011 ], [ -46.710942, -23.830092 ], [ -46.711319, -23.826871 ], [ -46.709471, -23.824993 ], [ -46.709136, -23.824902 ], [ -46.708909, -23.824903 ], [ -46.708535, -23.825065 ], [ -46.708416, -23.825071 ], [ -46.708289, -23.825014 ], [ -46.707754, -23.824547 ], [ -46.707626, -23.824952 ], [ -46.707466, -23.825176 ], [ -46.70708, -23.825441 ], [ -46.706419, -23.825705 ], [ -46.705997, -23.825807 ], [ -46.705081, -23.825791 ], [ -46.703921, -23.826188 ], [ -46.703754, -23.827017 ], [ -46.703862, -23.827702 ], [ -46.704092, -23.828211 ], [ -46.704114, -23.828355 ], [ -46.703937, -23.828855 ], [ -46.703892, -23.82987 ], [ -46.703657, -23.830452 ], [ -46.703231, -23.830834 ], [ -46.702775, -23.831397 ], [ -46.702704, -23.831566 ], [ -46.702218, -23.831448 ], [ -46.701894, -23.830357 ], [ -46.702125, -23.830278 ], [ -46.702322, -23.830095 ], [ -46.702371, -23.829893 ], [ -46.70025, -23.829326 ], [ -46.699212, -23.829338 ], [ -46.699052, -23.830278 ], [ -46.698472, -23.830191 ], [ -46.698045, -23.830223 ], [ -46.696986, -23.833357 ], [ -46.696688, -23.834443 ], [ -46.696286, -23.840004 ], [ -46.696055, -23.841982 ], [ -46.695885, -23.842511 ], [ -46.694871, -23.844567 ], [ -46.694559, -23.845374 ], [ -46.694427, -23.845916 ], [ -46.6942, -23.847495 ], [ -46.695016, -23.847594 ], [ -46.695093, -23.84733 ], [ -46.695173, -23.847221 ], [ -46.695307, -23.847134 ], [ -46.695644, -23.846748 ], [ -46.696452, -23.846534 ], [ -46.696826, -23.846574 ], [ -46.69752, -23.846743 ], [ -46.69789, -23.845937 ], [ -46.698004, -23.845565 ], [ -46.698449, -23.84569 ], [ -46.69805, -23.846027 ], [ -46.697555, -23.846919 ], [ -46.697901, -23.847057 ], [ -46.697891, -23.847181 ] ] ] } },
{ "type": "Feature", "properties": { "CD_SETOR": "355030855000862", "faces": 10, "pavimentada": 100.0, "bueiro": 100.0, "iluminacao": 100.0, "onibus": 40.0, "ciclovia": 0.0, "calcada": 90.0, "obstaculo": 100.0, "rampa": 0.0, "rampa_faces": 0.0, "sem_calcada": 10.0, "sem_arvore": 40.0, "muitas_arvores": 30.0, "vao": 100.0, "V05400": 10, "V05421": 9, "V05406": 10, "V05412": 10, "V05422": 1, "V05424": 9, "V05427": 0, "V05409": 10, "V05415": 4, "V05418": 0, "V05430": 4, "V05433": 3, "criancas_0a4": 16, "em_favela": false }, "geometry": { "type": "Polygon", "coordinates": [ [ [ -46.715188, -23.78881 ], [ -46.715156, -23.788755 ], [ -46.714991, -23.788768 ], [ -46.714725, -23.788934 ], [ -46.714687, -23.789081 ], [ -46.71427, -23.789833 ], [ -46.714274, -23.79059 ], [ -46.714511, -23.790754 ], [ -46.714385, -23.79099 ], [ -46.714771, -23.791198 ], [ -46.715936, -23.789735 ], [ -46.716664, -23.790288 ], [ -46.717152, -23.789652 ], [ -46.717308, -23.789283 ], [ -46.716129, -23.788247 ], [ -46.715639, -23.788681 ], [ -46.715188, -23.78881 ] ] ] } },
{ "type": "Feature", "properties": { "CD_SETOR": "355030855000863", "faces": 1, "pavimentada": 100.0, "bueiro": 0.0, "iluminacao": 0.0, "onibus": 0.0, "ciclovia": 0.0, "calcada": 0.0, "obstaculo": null, "rampa": null, "rampa_faces": 0.0, "sem_calcada": 100.0, "sem_arvore": 100.0, "muitas_arvores": 0.0, "vao": 100.0, "V05400": 1, "V05421": 0, "V05406": 1, "V05412": 0, "V05422": 1, "V05424": 0, "V05427": 0, "V05409": 0, "V05415": 0, "V05418": 0, "V05430": 1, "V05433": 0, "criancas_0a4": 17, "em_favela": false }, "geometry": { "type": "Polygon", "coordinates": [ [ [ -46.712018, -23.795101 ], [ -46.712821, -23.794671 ], [ -46.713099, -23.794467 ], [ -46.713195, -23.794329 ], [ -46.713423, -23.793736 ], [ -46.713605, -23.793032 ], [ -46.713868, -23.792424 ], [ -46.713964, -23.791659 ], [ -46.714511, -23.790754 ], [ -46.714274, -23.79059 ], [ -46.71427, -23.789833 ], [ -46.714687, -23.789081 ], [ -46.714725, -23.788934 ], [ -46.714991, -23.788768 ], [ -46.715156, -23.788755 ], [ -46.715188, -23.78881 ], [ -46.71528, -23.788811 ], [ -46.714985, -23.788038 ], [ -46.714639, -23.788089 ], [ -46.714601, -23.788035 ], [ -46.714461, -23.788048 ], [ -46.713993, -23.787935 ], [ -46.71361, -23.787657 ], [ -46.713494, -23.787302 ], [ -46.713276, -23.787231 ], [ -46.713277, -23.787164 ], [ -46.712855, -23.787063 ], [ -46.712279, -23.787019 ], [ -46.710978, -23.786973 ], [ -46.71097, -23.787025 ], [ -46.710556, -23.786918 ], [ -46.708933, -23.786214 ], [ -46.708756, -23.786192 ], [ -46.708357, -23.787315 ], [ -46.708469, -23.787416 ], [ -46.707972, -23.787834 ], [ -46.707745, -23.788167 ], [ -46.707606, -23.788238 ], [ -46.707574, -23.788179 ], [ -46.705868, -23.792983 ], [ -46.705072, -23.795075 ], [ -46.706512, -23.795253 ], [ -46.706653, -23.794162 ], [ -46.707019, -23.79394 ], [ -46.708148, -23.794016 ], [ -46.708278, -23.793689 ], [ -46.709043, -23.793742 ], [ -46.710191, -23.794403 ], [ -46.710088, -23.795179 ], [ -46.710481, -23.79522 ], [ -46.711034, -23.795619 ], [ -46.711228, -23.79541 ], [ -46.711528, -23.794856 ], [ -46.712018, -23.795101 ] ] ] } },
{ "type": "Feature", "properties": { "CD_SETOR": "355030855000865", "faces": 16, "pavimentada": 100.0, "bueiro": 75.0, "iluminacao": 75.0, "onibus": 18.75, "ciclovia": 18.75, "calcada": 56.25, "obstaculo": 88.89, "rampa": 0.0, "rampa_faces": 0.0, "sem_calcada": 43.75, "sem_arvore": 50.0, "muitas_arvores": 12.5, "vao": 100.0, "V05400": 16, "V05421": 9, "V05406": 16, "V05412": 12, "V05422": 7, "V05424": 8, "V05427": 0, "V05409": 12, "V05415": 3, "V05418": 3, "V05430": 8, "V05433": 2, "criancas_0a4": 44, "em_favela": false }, "geometry": { "type": "Polygon", "coordinates": [ [ [ -46.739744, -23.841516 ], [ -46.739272, -23.840719 ], [ -46.738831, -23.841091 ], [ -46.738274, -23.841436 ], [ -46.737354, -23.841133 ], [ -46.73728, -23.841051 ], [ -46.736837, -23.841419 ], [ -46.737692, -23.84226 ], [ -46.737512, -23.842445 ], [ -46.737264, -23.842178 ], [ -46.736775, -23.841969 ], [ -46.736696, -23.84204 ], [ -46.736544, -23.842043 ], [ -46.736233, -23.841962 ], [ -46.73581, -23.841322 ], [ -46.735577, -23.841248 ], [ -46.735247, -23.841261 ], [ -46.735438, -23.841581 ], [ -46.735917, -23.841986 ], [ -46.735503, -23.842098 ], [ -46.735404, -23.841888 ], [ -46.734745, -23.842104 ], [ -46.735003, -23.842734 ], [ -46.735462, -23.843034 ], [ -46.735531, -23.843262 ], [ -46.735793, -23.843588 ], [ -46.735968, -23.843727 ], [ -46.736085, -23.843674 ], [ -46.736305, -23.844145 ], [ -46.737302, -23.843673 ], [ -46.737523, -23.84351 ], [ -46.737803, -23.843029 ], [ -46.738232, -23.84258 ], [ -46.738546, -23.842425 ], [ -46.738757, -23.842679 ], [ -46.74003, -23.841766 ], [ -46.739744, -23.841516 ] ] ] } }
]
}
