{
"type": "FeatureCollection",
"name": "sao-lucas",
"crs": { "type": "name", "properties": { "name": "urn:ogc:def:crs:OGC:1.3:CRS84" } },
"xy_coordinate_resolution": 1e-06,
"features": [
{ "type": "Feature", "properties": { "CD_SETOR": "355030872000001", "faces": 12, "pavimentada": 100.0, "bueiro": 75.0, "iluminacao": 100.0, "onibus": 16.67, "ciclovia": 0.0, "calcada": 100.0, "obstaculo": 100.0, "rampa": 33.33, "rampa_faces": 33.33, "sem_calcada": 0.0, "sem_arvore": 66.67, "muitas_arvores": 8.33, "vao": 66.67, "V05400": 12, "V05421": 12, "V05406": 12, "V05412": 12, "V05422": 0, "V05424": 12, "V05427": 4, "V05409": 9, "V05415": 2, "V05418": 0, "V05430": 8, "V05433": 1, "criancas_0a4": 23, "em_favela": false }, "geometry": { "type": "Polygon", "coordinates": [ [ [ -46.543034, -23.591663 ], [ -46.543439, -23.59205 ], [ -46.544286, -23.590968 ], [ -46.545388, -23.592786 ], [ -46.545989, -23.592942 ], [ -46.546347, -23.59296 ], [ -46.545986, -23.592388 ], [ -46.546469, -23.592105 ], [ -46.545099, -23.589955 ], [ -46.544757, -23.590408 ], [ -46.544422, -23.589888 ], [ -46.543034, -23.591663 ] ] ] } },
{ "type": "Feature", "properties": { "CD_SETOR": "355030872000003", "faces": 24, "pavimentada": 100.0, "bueiro": 4.17, "iluminacao": 100.0, "onibus": 0.0, "ciclovia": 0.0, "calcada": 100.0, "obstaculo": 66.67, "rampa": 16.67, "rampa_faces": 16.67, "sem_calcada": 0.0, "sem_arvore": 41.67, "muitas_arvores": 0.0, "vao": 83.33, "V05400": 24, "V05421": 24, "V05406": 24, "V05412": 24, "V05422": 0, "V05424": 16, "V05427": 4, "V05409": 1, "V05415": 0, "V05418": 0, "V05430": 10, "V05433": 0, "criancas_0a4": 29, "em_favela": false }, "geometry": { "type": "Polygon", "coordinates": [ [ [ -46.546384, -23.596633 ], [ -46.547232, -23.5958 ], [ -46.547082, -23.595617 ], [ -46.547031, -23.595359 ], [ -46.547049, -23.595245 ], [ -46.547303, -23.594955 ], [ -46.54702, -23.594402 ], [ -46.546769, -23.594658 ], [ -46.545471, -23.593546 ], [ -46.544226, -23.594783 ], [ -46.546384, -23.596633 ] ] ] } },
{ "type": "Feature", "properties": { "CD_SETOR": "355030872000004", "faces": 24, "pavimentada": 100.0, "bueiro": 25.0, "iluminacao": 100.0, "onibus": 12.5, "ciclovia": 0.0, "calcada": 100.0, "obstaculo": 83.33, "rampa": 66.67, "rampa_faces": 66.67, "sem_calcada": 0.0, "sem_arvore": 45.83, "muitas_arvores": 25.0, "vao": 33.33, "V05400": 24, "V05421": 24, "V05406": 24, "V05412": 24, "V05422": 0, "V05424": 20, "V05427": 16, "V05409": 6, "V05415": 3, "V05418": 0, "V05430": 11, "V05433": 6, "criancas_0a4": 18, "em_favela": false }, "geometry": { "type": "Polygon", "coordinates": [ [ [ -46.54758, -23.591973 ], [ -46.546679, -23.592801 ], [ -46.546424, -23.592935 ], [ -46.546184, -23.592977 ], [ -46.545388, -23.592786 ], [ -46.545103, -23.59284 ], [ -46.544848, -23.593024 ], [ -46.546769, -23.594658 ], [ -46.548195, -23.593217 ], [ -46.548615, -23.594432 ], [ -46.549322, -23.594542 ], [ -46.548387, -23.591732 ], [ -46.547845, -23.591822 ], [ -46.54758, -23.591973 ] ] ] } },
{ "type": "Feature", "properties": { "CD_SETOR": "355030872000005", "faces": 15, "pavimentada": 100.0, "bueiro": 93.33, "iluminacao": 100.0, "onibus": 13.33, "ciclovia": 0.0, "calcada": 86.67, "obstaculo": 84.62, "rampa": 23.08, "rampa_faces": 20.0, "sem_calcada": 13.33, "sem_arvore": 40.0, "muitas_arvores": 20.0, "vao": 80.0, "V05400": 15, "V05421": 13, "V05406": 15, "V05412": 15, "V05422": 2, "V05424": 11, "V05427": 3, "V05409": 14, "V05415": 2, "V05418": 0, "V05430": 6, "V05433": 3, "criancas_0a4": 42, "em_favela": false }, "geometry": { "type": "Polygon", "coordinates": [ [ [ -46.545099, -23.589955 ], [ -46.546469, -23.592105 ], [ -46.545986, -23.592388 ], [ -46.546347, -23.59296 ], [ -46.546581, -23.592869 ], [ -46.547382, -23.592151 ], [ -46.547452, -23.589937 ], [ -46.546822, -23.589915 ], [ -46.54683, -23.589345 ], [ -46.545628, -23.589274 ], [ -46.545099, -23.589955 ] ] ] } },
{ "type": "Feature", "properties": { "CD_SETOR": "355030872000006", "faces": 24, "pavimentada": 100.0, "bueiro": 91.67, "iluminacao": 100.0, "onibus": 8.33, "ciclovia": 20.83, "calcada": 100.0, "obstaculo": 91.67, "rampa": 33.33, "rampa_faces": 33.33, "sem_calcada": 0.0, "sem_arvore": 50.0, "muitas_arvores": 12.5, "vao": 66.67, "V05400": 24, "V05421": 24, "V05406": 24, "V05412": 24, "V05422": 0, "V05424": 22, "V05427": 8, "V05409": 22, "V05415": 2, "V05418": 5, "V05430": 12, "V05433": 3, "criancas_0a4": 15, "em_favela": false }, "geometry": { "type": "Polygon", "coordinates": [ [ [ -46.545176, -23.588121 ], [ -46.543227, -23.590771 ], [ -46.542672, -23.591346 ], [ -46.543034, -23.591663 ], [ -46.544422, -23.589888 ], [ -46.544757, -23.590408 ], [ -46.546096, -23.588671 ], [ -46.546459, -23.588249 ], [ -46.546688, -23.588122 ], [ -46.546709, -23.586716 ], [ -46.545519, -23.587733 ], [ -46.545176, -23.588121 ] ] ] } },
{ "type": "Feature", "properties": { "CD_SETOR": "355030872000008", "faces": 19, "pavimentada": 100.0, "bueiro": 52.63, "iluminacao": 100.0, "onibus": 15.79, "ciclovia": 15.79, "calcada": 100.0, "obstaculo": 84.21, "rampa": 5.26, "rampa_faces": 5.26, "sem_calcada": 0.0, "sem_arvore": 52.63, "muitas_arvores": 5.26, "vao": 94.74, "V05400": 19, "V05421": 19, "V05406": 19, "V05412": 19, "V05422": 0, "V05424": 16, "V05427": 1, "V05409": 10, "V05415": 3, "V05418": 3, "V05430": 10, "V05433": 1, "criancas_0a4": 32, "em_favela": false }, "geometry": { "type": "Polygon", "coordinates": [ [ [ -46.540522, -23.592674 ], [ -46.539612, -23.593399 ], [ -46.538838, -23.5942 ], [ -46.540217, -23.595209 ], [ -46.542072, -23.593387 ], [ -46.540955, -23.592411 ], [ -46.540522, -23.592674 ] ] ] } },
{ "type": "Feature", "properties": { "CD_SETOR": "355030872000009", "faces": 16, "pavimentada": 100.0, "bueiro": 25.0, "iluminacao": 100.0, "onibus": 0.0, "ciclovia": 6.25, "calcada": 100.0, "obstaculo": 87.5, "rampa": 0.0, "rampa_faces": 0.0, "sem_calcada": 0.0, "sem_arvore": 62.5, "muitas_arvores": 0.0, "vao": 100.0, "V05400": 16, "V05421": 16, "V05406": 16, "V05412": 16, "V05422": 0, "V05424": 14, "V05427": 0, "V05409": 4, "V05415": 0, "V05418": 1, "V05430": 10, "V05433": 0, "criancas_0a4": 20, "em_favela": false }, "geometry": { "type": "Polygon", "coordinates": [ [ [ -46.540917, -23.594527 ], [ -46.542712, -23.59606 ], [ -46.543591, -23.594673 ], [ -46.542072, -23.593387 ], [ -46.540917, -23.594527 ] ] ] } },
{ "type": "Feature", "properties": { "CD_SETOR": "355030872000010", "faces": 24, "pavimentada": 100.0, "bueiro": 29.17, "iluminacao": 100.0, "onibus": 4.17, "ciclovia": 0.0, "calcada": 100.0, "obstaculo": 79.17, "rampa": 0.0, "rampa_faces": 0.0, "sem_calcada": 0.0, "sem_arvore": 62.5, "muitas_arvores": 0.0, "vao": 100.0, "V05400": 24, "V05421": 24, "V05406": 24, "V05412": 24, "V05422": 0, "V05424": 19, "V05427": 0, "V05409": 7, "V05415": 1, "V05418": 0, "V05430": 15, "V05433": 0, "criancas_0a4": 32, "em_favela": false }, "geometry": { "type": "Polygon", "coordinates": [ [ [ -46.544848, -23.593024 ], [ -46.543591, -23.594673 ], [ -46.543071, -23.595469 ], [ -46.544652, -23.596779 ], [ -46.545078, -23.596347 ], [ -46.545934, -23.597077 ], [ -46.546384, -23.596633 ], [ -46.544226, -23.594783 ], [ -46.545471, -23.593546 ], [ -46.544848, -23.593024 ] ] ] } },
{ "type": "Feature", "properties": { "CD_SETOR": "355030872000011", "faces": 26, "pavimentada": 100.0, "bueiro": 23.08, "iluminacao": 100.0, "onibus": 15.38, "ciclovia": 0.0, "calcada": 100.0, "obstaculo": 80.77, "rampa": 0.0, "rampa_faces": 0.0, "sem_calcada": 0.0, "sem_arvore": 50.0, "muitas_arvores": 3.85, "vao": 100.0, "V05400": 26, "V05421": 26, "V05406": 26, "V05412": 26, "V05422": 0, "V05424": 21, "V05427": 0, "V05409": 6, "V05415": 4, "V05418": 0, "V05430": 13, "V05433": 1, "criancas_0a4": 29, "em_favela": false }, "geometry": { "type": "Polygon", "coordinates": [ [ [ -46.544195, -23.596404 ], [ -46.543268, -23.597352 ], [ -46.543693, -23.597739 ], [ -46.544249, -23.597909 ], [ -46.54425, -23.598536 ], [ -46.543925, -23.598812 ], [ -46.544457, -23.599313 ], [ -46.545471, -23.598363 ], [ -46.546345, -23.597427 ], [ -46.545078, -23.596347 ], [ -46.544652, -23.596779 ], [ -46.544195, -23.596404 ] ] ] } },
{ "type": "Feature", "properties": { "CD_SETOR": "355030872000012", "faces": 16, "pavimentada": 100.0, "bueiro": 50.0, "iluminacao": 93.75, "onibus": 0.0, "ciclovia": 0.0, "calcada": 100.0, "obstaculo": 100.0, "rampa": 0.0, "rampa_faces": 0.0, "sem_calcada": 0.0, "sem_arvore": 56.25, "muitas_arvores": 0.0, "vao": 100.0, "V05400": 16, "V05421": 16, "V05406": 16, "V05412": 15, "V05422": 0, "V05424": 16, "V05427": 0, "V05409": 8, "V05415": 0, "V05418": 0, "V05430": 9, "V05433": 0, "criancas_0a4": 50, "em_favela": false }, "geometry": { "type": "Polygon", "coordinates": [ [ [ -46.547232, -23.5958 ], [ -46.545934, -23.597077 ], [ -46.546345, -23.597427 ], [ -46.545895, -23.597875 ], [ -46.547181, -23.598977 ], [ -46.547861, -23.598001 ], [ -46.547974, -23.596435 ], [ -46.547349, -23.595849 ], [ -46.547232, -23.5958 ] ] ] } },
{ "type": "Feature", "properties": { "CD_SETOR": "355030872000013", "faces": 21, "pavimentada": 100.0, "bueiro": 33.33, "iluminacao": 100.0, "onibus": 9.52, "ciclovia": 0.0, "calcada": 95.24, "obstaculo": 75.0, "rampa": 25.0, "rampa_faces": 23.81, "sem_calcada": 4.76, "sem_arvore": 28.57, "muitas_arvores": 19.05, "vao": 76.19, "V05400": 21, "V05421": 20, "V05406": 21, "V05412": 21, "V05422": 1, "V05424": 15, "V05427": 5, "V05409": 7, "V05415": 2, "V05418": 0, "V05430": 6, "V05433": 4, "criancas_0a4": 20, "em_favela": false }, "geometry": { "type": "Polygon", "coordinates": [ [ [ -46.547232, -23.5958 ], [ -46.547349, -23.595849 ], [ -46.547974, -23.596435 ], [ -46.547887, -23.597896 ], [ -46.54881, -23.598703 ], [ -46.549218, -23.598116 ], [ -46.549923, -23.597243 ], [ -46.547923, -23.595541 ], [ -46.547303, -23.594955 ], [ -46.547049, -23.595245 ], [ -46.547031, -23.595359 ], [ -46.547082, -23.595617 ], [ -46.547232, -23.5958 ] ] ] } },
{ "type": "Feature", "properties": { "CD_SETOR": "355030872000014", "faces": 25, "pavimentada": 100.0, "bueiro": 32.0, "iluminacao": 100.0, "onibus": 24.0, "ciclovia": 0.0, "calcada": 100.0, "obstaculo": 100.0, "rampa": 32.0, "rampa_faces": 32.0, "sem_calcada": 0.0, "sem_arvore": 32.0, "muitas_arvores": 40.0, "vao": 68.0, "V05400": 25, "V05421": 25, "V05406": 25, "V05412": 25, "V05422": 0, "V05424": 25, "V05427": 8, "V05409": 8, "V05415": 6, "V05418": 0, "V05430": 8, "V05433": 10, "criancas_0a4": 35, "em_favela": false }, "geometry": { "type": "Polygon", "coordinates": [ [ [ -46.54702, -23.594402 ], [ -46.547303, -23.594955 ], [ -46.547923, -23.595541 ], [ -46.549923, -23.597243 ], [ -46.550151, -23.596955 ], [ -46.549322, -23.594542 ], [ -46.548615, -23.594432 ], [ -46.548195, -23.593217 ], [ -46.54702, -23.594402 ] ] ] } },
{ "type": "Feature", "properties": { "CD_SETOR": "355030872000015", "faces": 7, "pavimentada": 100.0, "bueiro": 71.43, "iluminacao": 100.0, "onibus": 14.29, "ciclovia": 0.0, "calcada": 100.0, "obstaculo": 85.71, "rampa": 85.71, "rampa_faces": 85.71, "sem_calcada": 0.0, "sem_arvore": 42.86, "muitas_arvores": 14.29, "vao": 14.29, "V05400": 7, "V05421": 7, "V05406": 7, "V05412": 7, "V05422": 0, "V05424": 6, "V05427": 6, "V05409": 5, "V05415": 1, "V05418": 0, "V05430": 3, "V05433": 1, "criancas_0a4": 21, "em_favela": false }, "geometry": { "type": "Polygon", "coordinates": [ [ [ -46.550069, -23.591361 ], [ -46.549207, -23.59165 ], [ -46.548387, -23.591732 ], [ -46.550151, -23.596955 ], [ -46.550508, -23.596625 ], [ -46.550328, -23.595401 ], [ -46.549856, -23.593857 ], [ -46.549931, -23.593181 ], [ -46.550219, -23.592635 ], [ -46.550069, -23.591361 ] ] ] } },
{ "type": "Feature", "properties": { "CD_SETOR": "355030872000016", "faces": 20, "pavimentada": 100.0, "bueiro": 0.0, "iluminacao": 100.0, "onibus": 10.0, "ciclovia": 0.0, "calcada": 100.0, "obstaculo": 90.0, "rampa": 60.0, "rampa_faces": 60.0, "sem_calcada": 0.0, "sem_arvore": 45.0, "muitas_arvores": 5.0, "vao": 40.0, "V05400": 20, "V05421": 20, "V05406": 20, "V05412": 20, "V05422": 0, "V05424": 18, "V05427": 12, "V05409": 0, "V05415": 2, "V05418": 0, "V05430": 9, "V05433": 1, "criancas_0a4": 19, "em_favela": false }, "geometry": { "type": "Polygon", "coordinates": [ [ [ -46.547424, -23.590737 ], [ -46.547382, -23.592151 ], [ -46.547703, -23.59189 ], [ -46.548009, -23.591773 ], [ -46.549207, -23.59165 ], [ -46.549992, -23.591389 ], [ -46.549421, -23.589733 ], [ -46.548922, -23.589907 ], [ -46.548947, -23.589982 ], [ -46.548685, -23.590075 ], [ -46.548475, -23.590305 ], [ -46.548513, -23.590417 ], [ -46.547424, -23.590737 ] ] ] } },
{ "type": "Feature", "properties": { "CD_SETOR": "355030872000017", "faces": 16, "pavimentada": 100.0, "bueiro": 0.0, "iluminacao": 100.0, "onibus": 0.0, "ciclovia": 0.0, "calcada": 100.0, "obstaculo": 100.0, "rampa": 0.0, "rampa_faces": 0.0, "sem_calcada": 0.0, "sem_arvore": 31.25, "muitas_arvores": 12.5, "vao": 100.0, "V05400": 16, "V05421": 16, "V05406": 16, "V05412": 16, "V05422": 0, "V05424": 16, "V05427": 0, "V05409": 0, "V05415": 0, "V05418": 0, "V05430": 5, "V05433": 2, "criancas_0a4": 24, "em_favela": false }, "geometry": { "type": "Polygon", "coordinates": [ [ [ -46.547452, -23.589937 ], [ -46.547424, -23.590737 ], [ -46.548513, -23.590417 ], [ -46.548475, -23.590305 ], [ -46.548685, -23.590075 ], [ -46.548947, -23.589982 ], [ -46.548922, -23.589907 ], [ -46.549421, -23.589733 ], [ -46.548906, -23.588245 ], [ -46.548681, -23.588319 ], [ -46.548465, -23.587672 ], [ -46.547496, -23.587886 ], [ -46.547488, -23.589154 ], [ -46.547765, -23.589948 ], [ -46.547452, -23.589937 ] ] ] } },
{ "type": "Feature", "properties": { "CD_SETOR": "355030872000018", "faces": 27, "pavimentada": 100.0, "bueiro": 37.04, "iluminacao": 100.0, "onibus": 0.0, "ciclovia": 7.41, "calcada": 100.0, "obstaculo": 100.0, "rampa": 0.0, "rampa_faces": 0.0, "sem_calcada": 0.0, "sem_arvore": 18.52, "muitas_arvores": 11.11, "vao": 100.0, "V05400": 27, "V05421": 27, "V05406": 27, "V05412": 27, "V05422": 0, "V05424": 27, "V05427": 0, "V05409": 10, "V05415": 0, "V05418": 2, "V05430": 5, "V05433": 3, "criancas_0a4": 26, "em_favela": false }, "geometry": { "type": "Polygon", "coordinates": [ [ [ -46.547722, -23.585845 ], [ -46.546709, -23.586716 ], [ -46.546688, -23.588122 ], [ -46.546459, -23.588249 ], [ -46.545628, -23.589274 ], [ -46.54683, -23.589345 ], [ -46.546822, -23.589915 ], [ -46.547765, -23.589948 ], [ -46.547488, -23.589154 ], [ -46.547496, -23.587886 ], [ -46.548465, -23.587672 ], [ -46.547972, -23.586303 ], [ -46.547722, -23.585845 ] ] ] } },
{ "type": "Feature", "properties": { "CD_SETOR": "355030872000019", "faces": 36, "pavimentada": 100.0, "bueiro": 72.22, "iluminacao": 94.44, "onibus": 13.89, "ciclovia": 11.11, "calcada": 86.11, "obstaculo": 83.87, "rampa": 45.16, "rampa_faces": 38.89, "sem_calcada": 13.89, "sem_arvore": 58.33, "muitas_arvores": 5.56, "vao": 61.11, "V05400": 36, "V05421": 31, "V05406": 36, "V05412": 34, "V05422": 5, "V05424": 26, "V05427": 14, "V05409": 26, "V05415": 5, "V05418": 4, "V05430": 21, "V05433": 2, "criancas_0a4": 25, "em_favela": false }, "geometry": { "type": "Polygon", "coordinates": [ [ [ -46.544601, -23.586477 ], [ -46.544782, -23.586611 ], [ -46.544298, -23.587135 ], [ -46.544099, -23.587421 ], [ -46.545176, -23.588121 ], [ -46.545519, -23.587733 ], [ -46.546968, -23.586493 ], [ -46.546224, -23.584963 ], [ -46.545632, -23.585301 ], [ -46.545346, -23.585824 ], [ -46.544759, -23.584726 ], [ -46.544295, -23.584867 ], [ -46.544079, -23.585012 ], [ -46.544601, -23.586477 ] ] ] } },
{ "type": "Feature", "properties": { "CD_SETOR": "355030872000020", "faces": 42, "pavimentada": 100.0, "bueiro": 54.76, "iluminacao": 100.0, "onibus": 21.43, "ciclovia": 4.76, "calcada": 100.0, "obstaculo": 90.48, "rampa": 28.57, "rampa_faces": 28.57, "sem_calcada": 0.0, "sem_arvore": 76.19, "muitas_arvores": 7.14, "vao": 71.43, "V05400": 42, "V05421": 42, "V05406": 42, "V05412": 42, "V05422": 0, "V05424": 38, "V05427": 12, "V05409": 23, "V05415": 9, "V05418": 2, "V05430": 32, "V05433": 3, "criancas_0a4": 28, "em_favela": false }, "geometry": { "type": "Polygon", "coordinates": [ [ [ -46.542224, -23.585281 ], [ -46.543574, -23.588153 ], [ -46.544167, -23.589479 ], [ -46.545176, -23.588121 ], [ -46.544099, -23.587421 ], [ -46.544298, -23.587135 ], [ -46.544782, -23.586611 ], [ -46.543501, -23.585842 ], [ -46.543035, -23.585442 ], [ -46.542466, -23.585294 ], [ -46.542224, -23.585281 ] ] ] } },
{ "type": "Feature", "properties": { "CD_SETOR": "355030872000021", "faces": 27, "pavimentada": 100.0, "bueiro": 11.11, "iluminacao": 100.0, "onibus": 7.41, "ciclovia": 0.0, "calcada": 92.59, "obstaculo": 100.0, "rampa": 0.0, "rampa_faces": 0.0, "sem_calcada": 7.41, "sem_arvore": 70.37, "muitas_arvores": 11.11, "vao": 100.0, "V05400": 27, "V05421": 25, "V05406": 27, "V05412": 27, "V05422": 2, "V05424": 25, "V05427": 0, "V05409": 3, "V05415": 2, "V05418": 0, "V05430": 19, "V05433": 3, "criancas_0a4": 36, "em_favela": false }, "geometry": { "type": "Polygon", "coordinates": [ [ [ -46.542616, -23.586126 ], [ -46.539796, -23.588659 ], [ -46.540273, -23.589549 ], [ -46.54106, -23.588869 ], [ -46.541393, -23.589582 ], [ -46.542314, -23.588383 ], [ -46.542079, -23.587881 ], [ -46.542759, -23.587584 ], [ -46.542816, -23.587698 ], [ -46.543247, -23.587511 ], [ -46.542616, -23.586126 ] ] ] } },
{ "type": "Feature", "properties": { "CD_SETOR": "355030872000022", "faces": 30, "pavimentada": 100.0, "bueiro": 50.0, "iluminacao": 100.0, "onibus": 13.33, "ciclovia": 3.33, "calcada": 83.33, "obstaculo": 100.0, "rampa": 4.0, "rampa_faces": 3.33, "sem_calcada": 16.67, "sem_arvore": 56.67, "muitas_arvores": 10.0, "vao": 96.67, "V05400": 30, "V05421": 25, "V05406": 30, "V05412": 30, "V05422": 5, "V05424": 25, "V05427": 1, "V05409": 15, "V05415": 4, "V05418": 1, "V05430": 17, "V05433": 3, "criancas_0a4": 24, "em_favela": false }, "geometry": { "type": "Polygon", "coordinates": [ [ [ -46.539796, -23.588659 ], [ -46.537991, -23.590266 ], [ -46.540394, -23.591499 ], [ -46.540473, -23.591403 ], [ -46.54013, -23.590724 ], [ -46.540868, -23.590137 ], [ -46.541393, -23.589582 ], [ -46.54106, -23.588869 ], [ -46.540273, -23.589549 ], [ -46.539796, -23.588659 ] ] ] } },
{ "type": "Feature", "properties": { "CD_SETOR": "355030872000023", "faces": 24, "pavimentada": 100.0, "bueiro": 37.5, "iluminacao": 100.0, "onibus": 16.67, "ciclovia": 0.0, "calcada": 100.0, "obstaculo": 50.0, "rampa": 0.0, "rampa_faces": 0.0, "sem_calcada": 0.0, "sem_arvore": 33.33, "muitas_arvores": 37.5, "vao": 100.0, "V05400": 24, "V05421": 24, "V05406": 24, "V05412": 24, "V05422": 0, "V05424": 12, "V05427": 0, "V05409": 9, "V05415": 4, "V05418": 0, "V05430": 8, "V05433": 9, "criancas_0a4": 47, "em_favela": false }, "geometry": { "type": "Polygon", "coordinates": [ [ [ -46.537991, -23.590266 ], [ -46.536583, -23.59152 ], [ -46.537888, -23.594385 ], [ -46.53895, -23.593306 ], [ -46.538039, -23.593142 ], [ -46.537957, -23.592931 ], [ -46.537986, -23.592849 ], [ -46.53923, -23.591773 ], [ -46.539414, -23.59195 ], [ -46.539487, -23.592157 ], [ -46.539464, -23.592782 ], [ -46.540008, -23.592212 ], [ -46.540394, -23.591499 ], [ -46.537991, -23.590266 ] ] ] } },
{ "type": "Feature", "properties": { "CD_SETOR": "355030872000024", "faces": 4, "pavimentada": 100.0, "bueiro": 100.0, "iluminacao": 100.0, "onibus": 50.0, "ciclovia": 25.0, "calcada": 100.0, "obstaculo": 100.0, "rampa": 75.0, "rampa_faces": 75.0, "sem_calcada": 0.0, "sem_arvore": 50.0, "muitas_arvores": 50.0, "vao": 25.0, "V05400": 4, "V05421": 4, "V05406": 4, "V05412": 4, "V05422": 0, "V05424": 4, "V05427": 3, "V05409": 4, "V05415": 2, "V05418": 1, "V05430": 2, "V05433": 2, "criancas_0a4": 11, "em_favela": false }, "geometry": { "type": "Polygon", "coordinates": [ [ [ -46.539922, -23.592314 ], [ -46.53762, -23.594644 ], [ -46.53782, -23.59505 ], [ -46.537755, -23.595121 ], [ -46.537836, -23.59519 ], [ -46.539612, -23.593399 ], [ -46.540522, -23.592674 ], [ -46.540164, -23.591955 ], [ -46.539922, -23.592314 ] ] ] } },
{ "type": "Feature", "properties": { "CD_SETOR": "355030872000025", "faces": 26, "pavimentada": 100.0, "bueiro": 19.23, "iluminacao": 100.0, "onibus": 0.0, "ciclovia": 0.0, "calcada": 100.0, "obstaculo": 96.15, "rampa": 0.0, "rampa_faces": 0.0, "sem_calcada": 0.0, "sem_arvore": 73.08, "muitas_arvores": 3.85, "vao": 100.0, "V05400": 26, "V05421": 26, "V05406": 26, "V05412": 26, "V05422": 0, "V05424": 25, "V05427": 0, "V05409": 5, "V05415": 0, "V05418": 0, "V05430": 19, "V05433": 1, "criancas_0a4": 14, "em_favela": false }, "geometry": { "type": "Polygon", "coordinates": [ [ [ -46.538327, -23.594709 ], [ -46.540783, -23.596459 ], [ -46.541222, -23.595954 ], [ -46.541988, -23.596518 ], [ -46.542712, -23.59606 ], [ -46.540917, -23.594527 ], [ -46.540217, -23.595209 ], [ -46.538838, -23.5942 ], [ -46.538327, -23.594709 ] ] ] } },
{ "type": "Feature", "properties": { "CD_SETOR": "355030872000026", "faces": 33, "pavimentada": 100.0, "bueiro": 15.15, "iluminacao": 100.0, "onibus": 6.06, "ciclovia": 0.0, "calcada": 100.0, "obstaculo": 90.91, "rampa": 9.09, "rampa_faces": 9.09, "sem_calcada": 0.0, "sem_arvore": 57.58, "muitas_arvores": 0.0, "vao": 90.91, "V05400": 33, "V05421": 33, "V05406": 33, "V05412": 33, "V05422": 0, "V05424": 30, "V05427": 3, "V05409": 5, "V05415": 2, "V05418": 0, "V05430": 19, "V05433": 0, "criancas_0a4": 31, "em_favela": false }, "geometry": { "type": "Polygon", "coordinates": [ [ [ -46.542712, -23.59606 ], [ -46.541841, -23.596624 ], [ -46.541461, -23.596991 ], [ -46.541035, -23.597616 ], [ -46.540555, -23.597877 ], [ -46.54148, -23.598722 ], [ -46.542156, -23.598071 ], [ -46.541748, -23.597678 ], [ -46.542293, -23.597238 ], [ -46.542859, -23.597782 ], [ -46.544195, -23.596404 ], [ -46.543071, -23.595469 ], [ -46.542712, -23.59606 ] ] ] } },
{ "type": "Feature", "properties": { "CD_SETOR": "355030872000027", "faces": 25, "pavimentada": 100.0, "bueiro": 56.0, "iluminacao": 100.0, "onibus": 0.0, "ciclovia": 0.0, "calcada": 100.0, "obstaculo": 100.0, "rampa": 0.0, "rampa_faces": 0.0, "sem_calcada": 0.0, "sem_arvore": 84.0, "muitas_arvores": 8.0, "vao": 100.0, "V05400": 25, "V05421": 25, "V05406": 25, "V05412": 25, "V05422": 0, "V05424": 25, "V05427": 0, "V05409": 14, "V05415": 0, "V05418": 0, "V05430": 21, "V05433": 2, "criancas_0a4": 37, "em_favela": false }, "geometry": { "type": "Polygon", "coordinates": [ [ [ -46.54148, -23.598722 ], [ -46.542145, -23.598763 ], [ -46.542255, -23.598806 ], [ -46.542673, -23.599202 ], [ -46.542924, -23.5997 ], [ -46.543394, -23.599261 ], [ -46.543221, -23.599096 ], [ -46.543582, -23.598792 ], [ -46.543638, -23.598669 ], [ -46.543641, -23.598509 ], [ -46.543925, -23.598812 ], [ -46.54425, -23.598536 ], [ -46.544249, -23.597909 ], [ -46.543693, -23.597739 ], [ -46.543268, -23.597352 ], [ -46.542859, -23.597782 ], [ -46.542293, -23.597238 ], [ -46.541748, -23.597678 ], [ -46.542156, -23.598071 ], [ -46.54148, -23.598722 ] ] ] } },
{ "type": "Feature", "properties": { "CD_SETOR": "355030872000028", "faces": 16, "pavimentada": 100.0, "bueiro": 56.25, "iluminacao": 100.0, "onibus": 18.75, "ciclovia": 0.0, "calcada": 100.0, "obstaculo": 87.5, "rampa": 0.0, "rampa_faces": 0.0, "sem_calcada": 0.0, "sem_arvore": 50.0, "muitas_arvores": 6.25, "vao": 100.0, "V05400": 16, "V05421": 16, "V05406": 16, "V05412": 16, "V05422": 0, "V05424": 14, "V05427": 0, "V05409": 9, "V05415": 3, "V05418": 0, "V05430": 8, "V05433": 1, "criancas_0a4": 37, "em_favela": false }, "geometry": { "type": "Polygon", "coordinates": [ [ [ -46.544457, -23.599313 ], [ -46.543641, -23.598509 ], [ -46.543638, -23.598669 ], [ -46.543582, -23.598792 ], [ -46.543221, -23.599096 ], [ -46.543394, -23.599261 ], [ -46.542924, -23.5997 ], [ -46.543211, -23.599965 ], [ -46.543271, -23.599905 ], [ -46.543927, -23.600369 ], [ -46.544406, -23.599942 ], [ -46.544751, -23.600044 ], [ -46.545133, -23.600417 ], [ -46.545434, -23.599945 ], [ -46.545675, -23.599714 ], [ -46.546072, -23.599522 ], [ -46.546603, -23.599376 ], [ -46.54668, -23.599443 ], [ -46.546958, -23.599244 ], [ -46.547181, -23.598977 ], [ -46.545895, -23.597875 ], [ -46.545471, -23.598363 ], [ -46.544457, -23.599313 ] ] ] } },
{ "type": "Feature", "properties": { "CD_SETOR": "355030872000029", "faces": 23, "pavimentada": 100.0, "bueiro": 43.48, "iluminacao": 100.0, "onibus": 30.43, "ciclovia": 0.0, "calcada": 100.0, "obstaculo": 78.26, "rampa": 30.43, "rampa_faces": 30.43, "sem_calcada": 0.0, "sem_arvore": 34.78, "muitas_arvores": 0.0, "vao": 69.57, "V05400": 23, "V05421": 23, "V05406": 23, "V05412": 23, "V05422": 0, "V05424": 18, "V05427": 7, "V05409": 10, "V05415": 7, "V05418": 0, "V05430": 8, "V05433": 0, "criancas_0a4": 38, "em_favela": false }, "geometry": { "type": "Polygon", "coordinates": [ [ [ -46.54755, -23.598451 ], [ -46.546958, -23.599244 ], [ -46.54668, -23.599443 ], [ -46.546603, -23.599376 ], [ -46.546072, -23.599522 ], [ -46.545675, -23.599714 ], [ -46.545434, -23.599945 ], [ -46.545133, -23.600417 ], [ -46.54641, -23.601572 ], [ -46.547433, -23.600114 ], [ -46.547638, -23.600285 ], [ -46.548447, -23.59922 ], [ -46.54755, -23.598451 ] ] ] } },
{ "type": "Feature", "properties": { "CD_SETOR": "355030872000030", "faces": 12, "pavimentada": 100.0, "bueiro": 91.67, "iluminacao": 100.0, "onibus": 16.67, "ciclovia": 0.0, "calcada": 100.0, "obstaculo": 91.67, "rampa": 0.0, "rampa_faces": 0.0, "sem_calcada": 0.0, "sem_arvore": 33.33, "muitas_arvores": 0.0, "vao": 100.0, "V05400": 12, "V05421": 12, "V05406": 12, "V05412": 12, "V05422": 0, "V05424": 11, "V05427": 0, "V05409": 11, "V05415": 2, "V05418": 0, "V05430": 4, "V05433": 0, "criancas_0a4": 31, "em_favela": false }, "geometry": { "type": "Polygon", "coordinates": [ [ [ -46.550151, -23.596955 ], [ -46.549218, -23.598116 ], [ -46.54881, -23.598703 ], [ -46.547887, -23.597896 ], [ -46.547861, -23.598001 ], [ -46.54755, -23.598451 ], [ -46.548447, -23.59922 ], [ -46.548384, -23.599306 ], [ -46.549835, -23.600687 ], [ -46.550352, -23.600429 ], [ -46.550144, -23.59891 ], [ -46.550165, -23.597988 ], [ -46.550344, -23.596783 ], [ -46.550151, -23.596955 ] ] ] } },
{ "type": "Feature", "properties": { "CD_SETOR": "355030872000031", "faces": 4, "pavimentada": 100.0, "bueiro": 100.0, "iluminacao": 100.0, "onibus": 50.0, "ciclovia": 0.0, "calcada": 100.0, "obstaculo": 75.0, "rampa": 25.0, "rampa_faces": 25.0, "sem_calcada": 0.0, "sem_arvore": 50.0, "muitas_arvores": 25.0, "vao": 75.0, "V05400": 4, "V05421": 4, "V05406": 4, "V05412": 4, "V05422": 0, "V05424": 3, "V05427": 1, "V05409": 4, "V05415": 2, "V05418": 0, "V05430": 2, "V05433": 1, "criancas_0a4": 26, "em_favela": false }, "geometry": { "type": "Polygon", "coordinates": [ [ [ -46.550988, -23.596274 ], [ -46.550344, -23.596783 ], [ -46.550165, -23.597988 ], [ -46.550144, -23.59891 ], [ -46.550352, -23.600429 ], [ -46.551149, -23.600032 ], [ -46.551031, -23.599405 ], [ -46.550997, -23.598225 ], [ -46.551162, -23.596987 ], [ -46.55118, -23.596547 ], [ -46.550988, -23.596274 ] ] ] } },
{ "type": "Feature", "properties": { "CD_SETOR": "355030872000032", "faces": 17, "pavimentada": 100.0, "bueiro": 88.24, "iluminacao": 100.0, "onibus": 5.88, "ciclovia": 23.53, "calcada": 100.0, "obstaculo": 64.71, "rampa": 29.41, "rampa_faces": 29.41, "sem_calcada": 0.0, "sem_arvore": 70.59, "muitas_arvores": 11.76, "vao": 70.59, "V05400": 17, "V05421": 17, "V05406": 17, "V05412": 17, "V05422": 0, "V05424": 11, "V05427": 5, "V05409": 15, "V05415": 1, "V05418": 4, "V05430": 12, "V05433": 2, "criancas_0a4": 23, "em_favela": false }, "geometry": { "type": "Polygon", "coordinates": [ [ [ -46.550069, -23.591361 ], [ -46.550219, -23.592635 ], [ -46.549931, -23.593181 ], [ -46.549856, -23.593857 ], [ -46.550328, -23.595401 ], [ -46.550508, -23.596625 ], [ -46.550988, -23.596274 ], [ -46.551077, -23.596349 ], [ -46.551305, -23.596214 ], [ -46.551225, -23.596073 ], [ -46.551151, -23.591843 ], [ -46.55055, -23.591174 ], [ -46.550069, -23.591361 ] ] ] } },
{ "type": "Feature", "properties": { "CD_SETOR": "355030872000033", "faces": 20, "pavimentada": 100.0, "bueiro": 5.0, "iluminacao": 100.0, "onibus": 5.0, "ciclovia": 35.0, "calcada": 100.0, "obstaculo": 75.0, "rampa": 45.0, "rampa_faces": 45.0, "sem_calcada": 0.0, "sem_arvore": 60.0, "muitas_arvores": 0.0, "vao": 55.0, "V05400": 20, "V05421": 20, "V05406": 20, "V05412": 20, "V05422": 0, "V05424": 15, "V05427": 9, "V05409": 1, "V05415": 1, "V05418": 7, "V05430": 12, "V05433": 0, "criancas_0a4": 13, "em_favela": false }, "geometry": { "type": "Polygon", "coordinates": [ [ [ -46.551909, -23.588948 ], [ -46.549421, -23.589733 ], [ -46.549992, -23.591389 ], [ -46.55055, -23.591174 ], [ -46.552181, -23.590092 ], [ -46.551909, -23.588948 ] ] ] } },
{ "type": "Feature", "properties": { "CD_SETOR": "355030872000034", "faces": 16, "pavimentada": 100.0, "bueiro": 62.5, "iluminacao": 100.0, "onibus": 0.0, "ciclovia": 31.25, "calcada": 100.0, "obstaculo": 87.5, "rampa": 0.0, "rampa_faces": 0.0, "sem_calcada": 0.0, "sem_arvore": 62.5, "muitas_arvores": 0.0, "vao": 100.0, "V05400": 16, "V05421": 16, "V05406": 16, "V05412": 16, "V05422": 0, "V05424": 14, "V05427": 0, "V05409": 10, "V05415": 0, "V05418": 5, "V05430": 10, "V05433": 0, "criancas_0a4": 15, "em_favela": false }, "geometry": { "type": "Polygon", "coordinates": [ [ [ -46.55087, -23.587619 ], [ -46.548906, -23.588245 ], [ -46.549421, -23.589733 ], [ -46.551381, -23.589098 ], [ -46.55087, -23.587619 ] ] ] } },
{ "type": "Feature", "properties": { "CD_SETOR": "355030872000035", "faces": 31, "pavimentada": 100.0, "bueiro": 48.39, "iluminacao": 100.0, "onibus": 6.45, "ciclovia": 6.45, "calcada": 100.0, "obstaculo": 48.39, "rampa": 9.68, "rampa_faces": 9.68, "sem_calcada": 0.0, "sem_arvore": 38.71, "muitas_arvores": 16.13, "vao": 90.32, "V05400": 31, "V05421": 31, "V05406": 31, "V05412": 31, "V05422": 0, "V05424": 15, "V05427": 3, "V05409": 15, "V05415": 2, "V05418": 2, "V05430": 12, "V05433": 5, "criancas_0a4": 16, "em_favela": false }, "geometry": { "type": "Polygon", "coordinates": [ [ [ -46.547722, -23.585845 ], [ -46.547972, -23.586303 ], [ -46.548681, -23.588319 ], [ -46.550325, -23.587782 ], [ -46.549215, -23.584583 ], [ -46.547722, -23.585845 ] ] ] } },
{ "type": "Feature", "properties": { "CD_SETOR": "355030872000036", "faces": 9, "pavimentada": 100.0, "bueiro": 100.0, "iluminacao": 88.89, "onibus": 33.33, "ciclovia": 33.33, "calcada": 77.78, "obstaculo": 14.29, "rampa": 42.86, "rampa_faces": 33.33, "sem_calcada": 22.22, "sem_arvore": 11.11, "muitas_arvores": 44.44, "vao": 66.67, "V05400": 9, "V05421": 7, "V05406": 9, "V05412": 8, "V05422": 2, "V05424": 1, "V05427": 3, "V05409": 9, "V05415": 3, "V05418": 3, "V05430": 1, "V05433": 4, "criancas_0a4": 95, "em_favela": false }, "geometry": { "type": "Polygon", "coordinates": [ [ [ -46.547491, -23.583615 ], [ -46.546807, -23.584287 ], [ -46.547722, -23.585845 ], [ -46.549215, -23.584583 ], [ -46.548764, -23.583233 ], [ -46.548122, -23.583467 ], [ -46.547491, -23.583615 ] ] ] } },
{ "type": "Feature", "properties": { "CD_SETOR": "355030872000037", "faces": 25, "pavimentada": 100.0, "bueiro": 80.0, "iluminacao": 100.0, "onibus": 16.0, "ciclovia": 12.0, "calcada": 100.0, "obstaculo": 40.0, "rampa": 16.0, "rampa_faces": 16.0, "sem_calcada": 0.0, "sem_arvore": 64.0, "muitas_arvores": 12.0, "vao": 84.0, "V05400": 25, "V05421": 25, "V05406": 25, "V05412": 25, "V05422": 0, "V05424": 10, "V05427": 4, "V05409": 20, "V05415": 4, "V05418": 3, "V05430": 16, "V05433": 3, "criancas_0a4": 20, "em_favela": false }, "geometry": { "type": "Polygon", "coordinates": [ [ [ -46.54652, -23.581982 ], [ -46.545548, -23.582374 ], [ -46.546466, -23.584249 ], [ -46.54665, -23.584466 ], [ -46.546431, -23.584773 ], [ -46.546224, -23.584963 ], [ -46.546968, -23.586493 ], [ -46.547722, -23.585845 ], [ -46.546807, -23.584287 ], [ -46.54735, -23.583717 ], [ -46.54652, -23.581982 ] ] ] } },
{ "type": "Feature", "properties": { "CD_SETOR": "355030872000038", "faces": 12, "pavimentada": 91.67, "bueiro": 75.0, "iluminacao": 100.0, "onibus": 33.33, "ciclovia": 0.0, "calcada": 100.0, "obstaculo": 75.0, "rampa": 33.33, "rampa_faces": 33.33, "sem_calcada": 0.0, "sem_arvore": 58.33, "muitas_arvores": 8.33, "vao": 58.33, "V05400": 12, "V05421": 12, "V05406": 11, "V05412": 12, "V05422": 0, "V05424": 9, "V05427": 4, "V05409": 9, "V05415": 4, "V05418": 0, "V05430": 7, "V05433": 1, "criancas_0a4": 32, "em_favela": false }, "geometry": { "type": "Polygon", "coordinates": [ [ [ -46.543896, -23.583041 ], [ -46.544759, -23.584726 ], [ -46.545346, -23.585824 ], [ -46.545632, -23.585301 ], [ -46.546327, -23.584883 ], [ -46.54665, -23.584466 ], [ -46.546466, -23.584249 ], [ -46.545548, -23.582374 ], [ -46.543896, -23.583041 ] ] ] } },
{ "type": "Feature", "properties": { "CD_SETOR": "355030872000039", "faces": 38, "pavimentada": 100.0, "bueiro": 21.05, "iluminacao": 100.0, "onibus": 0.0, "ciclovia": 0.0, "calcada": 97.37, "obstaculo": 97.3, "rampa": 0.0, "rampa_faces": 0.0, "sem_calcada": 2.63, "sem_arvore": 73.68, "muitas_arvores": 5.26, "vao": 100.0, "V05400": 38, "V05421": 37, "V05406": 38, "V05412": 38, "V05422": 1, "V05424": 36, "V05427": 0, "V05409": 8, "V05415": 0, "V05418": 0, "V05430": 28, "V05433": 2, "criancas_0a4": 43, "em_favela": false }, "geometry": { "type": "Polygon", "coordinates": [ [ [ -46.541908, -23.584591 ], [ -46.542224, -23.585281 ], [ -46.542466, -23.585294 ], [ -46.543035, -23.585442 ], [ -46.543501, -23.585842 ], [ -46.544145, -23.58626 ], [ -46.544601, -23.586477 ], [ -46.544079, -23.585012 ], [ -46.544295, -23.584867 ], [ -46.544759, -23.584726 ], [ -46.544118, -23.583478 ], [ -46.543581, -23.583702 ], [ -46.543367, -23.583254 ], [ -46.542292, -23.583702 ], [ -46.542588, -23.584314 ], [ -46.541908, -23.584591 ] ] ] } },
{ "type": "Feature", "properties": { "CD_SETOR": "355030872000040", "faces": 4, "pavimentada": 50.0, "bueiro": 0.0, "iluminacao": 50.0, "onibus": 25.0, "ciclovia": 0.0, "calcada": 50.0, "obstaculo": 100.0, "rampa": 0.0, "rampa_faces": 0.0, "sem_calcada": 0.0, "sem_arvore": 50.0, "muitas_arvores": 0.0, "vao": 50.0, "V05400": 4, "V05421": 2, "V05406": 2, "V05412": 2, "V05422": 0, "V05424": 2, "V05427": 0, "V05409": 0, "V05415": 1, "V05418": 0, "V05430": 2, "V05433": 0, "criancas_0a4": 7, "em_favela": false }, "geometry": { "type": "Polygon", "coordinates": [ [ [ -46.543896, -23.583041 ], [ -46.543367, -23.583254 ], [ -46.543581, -23.583702 ], [ -46.544118, -23.583478 ], [ -46.543896, -23.583041 ] ] ] } },
{ "type": "Feature", "properties": { "CD_SETOR": "355030872000041", "faces": 31, "pavimentada": 100.0, "bueiro": 51.61, "iluminacao": 100.0, "onibus": 6.45, "ciclovia": 0.0, "calcada": 83.87, "obstaculo": 73.08, "rampa": 3.85, "rampa_faces": 3.23, "sem_calcada": 16.13, "sem_arvore": 51.61, "muitas_arvores": 0.0, "vao": 96.77, "V05400": 31, "V05421": 26, "V05406": 31, "V05412": 31, "V05422": 5, "V05424": 19, "V05427": 1, "V05409": 16, "V05415": 2, "V05418": 0, "V05430": 16, "V05433": 0, "criancas_0a4": 41, "em_favela": false }, "geometry": { "type": "Polygon", "coordinates": [ [ [ -46.539746, -23.584671 ], [ -46.541005, -23.585308 ], [ -46.540305, -23.585938 ], [ -46.541129, -23.586331 ], [ -46.541023, -23.586426 ], [ -46.54166, -23.587007 ], [ -46.542616, -23.586126 ], [ -46.541625, -23.583969 ], [ -46.539746, -23.584671 ] ] ] } },
{ "type": "Feature", "properties": { "CD_SETOR": "355030872000042", "faces": 15, "pavimentada": 100.0, "bueiro": 60.0, "iluminacao": 100.0, "onibus": 13.33, "ciclovia": 0.0, "calcada": 100.0, "obstaculo": 60.0, "rampa": 0.0, "rampa_faces": 0.0, "sem_calcada": 0.0, "sem_arvore": 40.0, "muitas_arvores": 6.67, "vao": 100.0, "V05400": 15, "V05421": 15, "V05406": 15, "V05412": 15, "V05422": 0, "V05424": 9, "V05427": 0, "V05409": 9, "V05415": 2, "V05418": 0, "V05430": 6, "V05433": 1, "criancas_0a4": 34, "em_favela": false }, "geometry": { "type": "Polygon", "coordinates": [ [ [ -46.537504, -23.585567 ], [ -46.538144, -23.587024 ], [ -46.53827, -23.586759 ], [ -46.538404, -23.586627 ], [ -46.539082, -23.586336 ], [ -46.538958, -23.586027 ], [ -46.539883, -23.585196 ], [ -46.540683, -23.585592 ], [ -46.541005, -23.585308 ], [ -46.539746, -23.584671 ], [ -46.537504, -23.585567 ] ] ] } },
{ "type": "Feature", "properties": { "CD_SETOR": "355030872000044", "faces": 11, "pavimentada": 100.0, "bueiro": 36.36, "iluminacao": 100.0, "onibus": 9.09, "ciclovia": 0.0, "calcada": 81.82, "obstaculo": 100.0, "rampa": 11.11, "rampa_faces": 9.09, "sem_calcada": 18.18, "sem_arvore": 54.55, "muitas_arvores": 0.0, "vao": 90.91, "V05400": 11, "V05421": 9, "V05406": 11, "V05412": 11, "V05422": 2, "V05424": 9, "V05427": 1, "V05409": 4, "V05415": 1, "V05418": 0, "V05430": 6, "V05433": 0, "criancas_0a4": 22, "em_favela": false }, "geometry": { "type": "Polygon", "coordinates": [ [ [ -46.537013, -23.587873 ], [ -46.53812, -23.590151 ], [ -46.53912, -23.589256 ], [ -46.537943, -23.586561 ], [ -46.537713, -23.587618 ], [ -46.537013, -23.587873 ] ] ] } },
{ "type": "Feature", "properties": { "CD_SETOR": "355030872000045", "faces": 31, "pavimentada": 100.0, "bueiro": 83.87, "iluminacao": 100.0, "onibus": 0.0, "ciclovia": 0.0, "calcada": 100.0, "obstaculo": 93.55, "rampa": 0.0, "rampa_faces": 0.0, "sem_calcada": 0.0, "sem_arvore": 70.97, "muitas_arvores": 0.0, "vao": 100.0, "V05400": 31, "V05421": 31, "V05406": 31, "V05412": 31, "V05422": 0, "V05424": 29, "V05427": 0, "V05409": 26, "V05415": 0, "V05418": 0, "V05430": 22, "V05433": 0, "criancas_0a4": 16, "em_favela": false }, "geometry": { "type": "Polygon", "coordinates": [ [ [ -46.535322, -23.588864 ], [ -46.535996, -23.589697 ], [ -46.53669, -23.590436 ], [ -46.537035, -23.591122 ], [ -46.53812, -23.590151 ], [ -46.537134, -23.588125 ], [ -46.535322, -23.588864 ] ] ] } },
{ "type": "Feature", "properties": { "CD_SETOR": "355030872000046", "faces": 16, "pavimentada": 100.0, "bueiro": 31.25, "iluminacao": 100.0, "onibus": 12.5, "ciclovia": 0.0, "calcada": 100.0, "obstaculo": 100.0, "rampa": 0.0, "rampa_faces": 0.0, "sem_calcada": 0.0, "sem_arvore": 25.0, "muitas_arvores": 6.25, "vao": 100.0, "V05400": 16, "V05421": 16, "V05406": 16, "V05412": 16, "V05422": 0, "V05424": 16, "V05427": 0, "V05409": 5, "V05415": 2, "V05418": 0, "V05430": 4, "V05433": 1, "criancas_0a4": 27, "em_favela": false }, "geometry": { "type": "Polygon", "coordinates": [ [ [ -46.53762, -23.594644 ], [ -46.537888, -23.594385 ], [ -46.536583, -23.59152 ], [ -46.535374, -23.592605 ], [ -46.536627, -23.59536 ], [ -46.53762, -23.594644 ] ] ] } },
{ "type": "Feature", "properties": { "CD_SETOR": "355030872000047", "faces": 40, "pavimentada": 100.0, "bueiro": 40.0, "iluminacao": 100.0, "onibus": 2.5, "ciclovia": 5.0, "calcada": 100.0, "obstaculo": 70.0, "rampa": 25.0, "rampa_faces": 25.0, "sem_calcada": 0.0, "sem_arvore": 42.5, "muitas_arvores": 22.5, "vao": 75.0, "V05400": 40, "V05421": 40, "V05406": 40, "V05412": 40, "V05422": 0, "V05424": 28, "V05427": 10, "V05409": 16, "V05415": 1, "V05418": 2, "V05430": 17, "V05433": 9, "criancas_0a4": 27, "em_favela": false }, "geometry": { "type": "Polygon", "coordinates": [ [ [ -46.538327, -23.594709 ], [ -46.535811, -23.597204 ], [ -46.535436, -23.597475 ], [ -46.535875, -23.598181 ], [ -46.538149, -23.596929 ], [ -46.538396, -23.597332 ], [ -46.539188, -23.596849 ], [ -46.539398, -23.596647 ], [ -46.539987, -23.595893 ], [ -46.538327, -23.594709 ] ] ] } },
{ "type": "Feature", "properties": { "CD_SETOR": "355030872000048", "faces": 38, "pavimentada": 100.0, "bueiro": 0.0, "iluminacao": 100.0, "onibus": 10.53, "ciclovia": 0.0, "calcada": 100.0, "obstaculo": 86.84, "rampa": 13.16, "rampa_faces": 13.16, "sem_calcada": 0.0, "sem_arvore": 57.89, "muitas_arvores": 5.26, "vao": 86.84, "V05400": 38, "V05421": 38, "V05406": 38, "V05412": 38, "V05422": 0, "V05424": 33, "V05427": 5, "V05409": 0, "V05415": 4, "V05418": 0, "V05430": 22, "V05433": 2, "criancas_0a4": 26, "em_favela": false }, "geometry": { "type": "Polygon", "coordinates": [ [ [ -46.538396, -23.597332 ], [ -46.539008, -23.598343 ], [ -46.540555, -23.597877 ], [ -46.540952, -23.597677 ], [ -46.541097, -23.597542 ], [ -46.541566, -23.596869 ], [ -46.541988, -23.596518 ], [ -46.541222, -23.595954 ], [ -46.540783, -23.596459 ], [ -46.539987, -23.595893 ], [ -46.539398, -23.596647 ], [ -46.539188, -23.596849 ], [ -46.538396, -23.597332 ] ] ] } },
{ "type": "Feature", "properties": { "CD_SETOR": "355030872000049", "faces": 19, "pavimentada": 100.0, "bueiro": 36.84, "iluminacao": 100.0, "onibus": 5.26, "ciclovia": 0.0, "calcada": 100.0, "obstaculo": 84.21, "rampa": 0.0, "rampa_faces": 0.0, "sem_calcada": 0.0, "sem_arvore": 52.63, "muitas_arvores": 5.26, "vao": 100.0, "V05400": 19, "V05421": 19, "V05406": 19, "V05412": 19, "V05422": 0, "V05424": 16, "V05427": 0, "V05409": 7, "V05415": 1, "V05418": 0, "V05430": 10, "V05433": 1, "criancas_0a4": 34, "em_favela": false }, "geometry": { "type": "Polygon", "coordinates": [ [ [ -46.539079, -23.598322 ], [ -46.539626, -23.598785 ], [ -46.541539, -23.600191 ], [ -46.542673, -23.599202 ], [ -46.542255, -23.598806 ], [ -46.542145, -23.598763 ], [ -46.54148, -23.598722 ], [ -46.540555, -23.597877 ], [ -46.539079, -23.598322 ] ] ] } },
{ "type": "Feature", "properties": { "CD_SETOR": "355030872000051", "faces": 5, "pavimentada": 100.0, "bueiro": 80.0, "iluminacao": 100.0, "onibus": 60.0, "ciclovia": 0.0, "calcada": 100.0, "obstaculo": 80.0, "rampa": 60.0, "rampa_faces": 60.0, "sem_calcada": 0.0, "sem_arvore": 40.0, "muitas_arvores": 0.0, "vao": 40.0, "V05400": 5, "V05421": 5, "V05406": 5, "V05412": 5, "V05422": 0, "V05424": 4, "V05427": 3, "V05409": 4, "V05415": 3, "V05418": 0, "V05430": 2, "V05433": 0, "criancas_0a4": 34, "em_favela": false }, "geometry": { "type": "Polygon", "coordinates": [ [ [ -46.54641, -23.601572 ], [ -46.547396, -23.601646 ], [ -46.548043, -23.601564 ], [ -46.549835, -23.600687 ], [ -46.548384, -23.599306 ], [ -46.547638, -23.600285 ], [ -46.547433, -23.600114 ], [ -46.54641, -23.601572 ] ] ] } },
{ "type": "Feature", "properties": { "CD_SETOR": "355030872000052", "faces": 10, "pavimentada": 100.0, "bueiro": 70.0, "iluminacao": 100.0, "onibus": 20.0, "ciclovia": 0.0, "calcada": 100.0, "obstaculo": 70.0, "rampa": 10.0, "rampa_faces": 10.0, "sem_calcada": 0.0, "sem_arvore": 100.0, "muitas_arvores": 0.0, "vao": 90.0, "V05400": 10, "V05421": 10, "V05406": 10, "V05412": 10, "V05422": 0, "V05424": 7, "V05427": 1, "V05409": 7, "V05415": 2, "V05418": 0, "V05430": 10, "V05433": 0, "criancas_0a4": 24, "em_favela": false }, "geometry": { "type": "Polygon", "coordinates": [ [ [ -46.551162, -23.596987 ], [ -46.551006, -23.598121 ], [ -46.553287, -23.596913 ], [ -46.554463, -23.595881 ], [ -46.554725, -23.595775 ], [ -46.555151, -23.595705 ], [ -46.555084, -23.595413 ], [ -46.554613, -23.594569 ], [ -46.554171, -23.594809 ], [ -46.554491, -23.595338 ], [ -46.551162, -23.596987 ] ] ] } },
{ "type": "Feature", "properties": { "CD_SETOR": "355030872000053", "faces": 20, "pavimentada": 100.0, "bueiro": 60.0, "iluminacao": 100.0, "onibus": 5.0, "ciclovia": 10.0, "calcada": 100.0, "obstaculo": 80.0, "rampa": 0.0, "rampa_faces": 0.0, "sem_calcada": 0.0, "sem_arvore": 70.0, "muitas_arvores": 0.0, "vao": 100.0, "V05400": 20, "V05421": 20, "V05406": 20, "V05412": 20, "V05422": 0, "V05424": 16, "V05427": 0, "V05409": 12, "V05415": 1, "V05418": 2, "V05430": 14, "V05433": 0, "criancas_0a4": 22, "em_favela": false }, "geometry": { "type": "Polygon", "coordinates": [ [ [ -46.553868, -23.594276 ], [ -46.553595, -23.594315 ], [ -46.553218, -23.595261 ], [ -46.551077, -23.596349 ], [ -46.55118, -23.596547 ], [ -46.551162, -23.596987 ], [ -46.554491, -23.595338 ], [ -46.554171, -23.594809 ], [ -46.554613, -23.594569 ], [ -46.554341, -23.594062 ], [ -46.553868, -23.594276 ] ] ] } },
{ "type": "Feature", "properties": { "CD_SETOR": "355030872000054", "faces": 14, "pavimentada": 100.0, "bueiro": 42.86, "iluminacao": 100.0, "onibus": 0.0, "ciclovia": 7.14, "calcada": 100.0, "obstaculo": 85.71, "rampa": 7.14, "rampa_faces": 7.14, "sem_calcada": 0.0, "sem_arvore": 50.0, "muitas_arvores": 14.29, "vao": 92.86, "V05400": 14, "V05421": 14, "V05406": 14, "V05412": 14, "V05422": 0, "V05424": 12, "V05427": 1, "V05409": 6, "V05415": 0, "V05418": 1, "V05430": 7, "V05433": 2, "criancas_0a4": 21, "em_favela": false }, "geometry": { "type": "Polygon", "coordinates": [ [ [ -46.551207, -23.594252 ], [ -46.551225, -23.596073 ], [ -46.551305, -23.596214 ], [ -46.553218, -23.595261 ], [ -46.553595, -23.594315 ], [ -46.553259, -23.59423 ], [ -46.551207, -23.594252 ] ] ] } },
{ "type": "Feature", "properties": { "CD_SETOR": "355030872000055", "faces": 18, "pavimentada": 100.0, "bueiro": 55.56, "iluminacao": 100.0, "onibus": 22.22, "ciclovia": 11.11, "calcada": 94.44, "obstaculo": 100.0, "rampa": 0.0, "rampa_faces": 0.0, "sem_calcada": 5.56, "sem_arvore": 50.0, "muitas_arvores": 0.0, "vao": 100.0, "V05400": 18, "V05421": 17, "V05406": 18, "V05412": 18, "V05422": 1, "V05424": 17, "V05427": 0, "V05409": 10, "V05415": 4, "V05418": 2, "V05430": 9, "V05433": 0, "criancas_0a4": 23, "em_favela": false }, "geometry": { "type": "Polygon", "coordinates": [ [ [ -46.551207, -23.594252 ], [ -46.553259, -23.59423 ], [ -46.553679, -23.594319 ], [ -46.553868, -23.594276 ], [ -46.553425, -23.593579 ], [ -46.552771, -23.592732 ], [ -46.552263, -23.593083 ], [ -46.551151, -23.591843 ], [ -46.551207, -23.594252 ] ] ] } },
{ "type": "Feature", "properties": { "CD_SETOR": "355030872000056", "faces": 16, "pavimentada": 100.0, "bueiro": 31.25, "iluminacao": 100.0, "onibus": 6.25, "ciclovia": 6.25, "calcada": 100.0, "obstaculo": 62.5, "rampa": 6.25, "rampa_faces": 6.25, "sem_calcada": 0.0, "sem_arvore": 50.0, "muitas_arvores": 31.25, "vao": 93.75, "V05400": 16, "V05421": 16, "V05406": 16, "V05412": 16, "V05422": 0, "V05424": 10, "V05427": 1, "V05409": 5, "V05415": 1, "V05418": 1, "V05430": 8, "V05433": 5, "criancas_0a4": 31, "em_favela": false }, "geometry": { "type": "Polygon", "coordinates": [ [ [ -46.551063, -23.591757 ], [ -46.552263, -23.593083 ], [ -46.552771, -23.592732 ], [ -46.553425, -23.593579 ], [ -46.553868, -23.594276 ], [ -46.554341, -23.594062 ], [ -46.553655, -23.592928 ], [ -46.553519, -23.591527 ], [ -46.553135, -23.59157 ], [ -46.553171, -23.591954 ], [ -46.55315, -23.59203 ], [ -46.553031, -23.592042 ], [ -46.552055, -23.591689 ], [ -46.552072, -23.591566 ], [ -46.551816, -23.591471 ], [ -46.55176, -23.591484 ], [ -46.551684, -23.591604 ], [ -46.551063, -23.591757 ] ] ] } },
{ "type": "Feature", "properties": { "CD_SETOR": "355030872000057", "faces": 24, "pavimentada": 100.0, "bueiro": 12.5, "iluminacao": 100.0, "onibus": 8.33, "ciclovia": 4.17, "calcada": 100.0, "obstaculo": 45.83, "rampa": 37.5, "rampa_faces": 37.5, "sem_calcada": 0.0, "sem_arvore": 66.67, "muitas_arvores": 16.67, "vao": 62.5, "V05400": 24, "V05421": 24, "V05406": 24, "V05412": 24, "V05422": 0, "V05424": 11, "V05427": 9, "V05409": 3, "V05415": 2, "V05418": 1, "V05430": 16, "V05433": 4, "criancas_0a4": 12, "em_favela": false }, "geometry": { "type": "Polygon", "coordinates": [ [ [ -46.553361, -23.589312 ], [ -46.55055, -23.591174 ], [ -46.551063, -23.591757 ], [ -46.551684, -23.591604 ], [ -46.55176, -23.591484 ], [ -46.551816, -23.591471 ], [ -46.552072, -23.591566 ], [ -46.552055, -23.591689 ], [ -46.552951, -23.592025 ], [ -46.55315, -23.59203 ], [ -46.553135, -23.59157 ], [ -46.553519, -23.591527 ], [ -46.553361, -23.589312 ] ] ] } },
{ "type": "Feature", "properties": { "CD_SETOR": "355030872000058", "faces": 17, "pavimentada": 100.0, "bueiro": 35.29, "iluminacao": 100.0, "onibus": 5.88, "ciclovia": 5.88, "calcada": 100.0, "obstaculo": 94.12, "rampa": 17.65, "rampa_faces": 17.65, "sem_calcada": 0.0, "sem_arvore": 52.94, "muitas_arvores": 5.88, "vao": 82.35, "V05400": 17, "V05421": 17, "V05406": 17, "V05412": 17, "V05422": 0, "V05424": 16, "V05427": 3, "V05409": 6, "V05415": 1, "V05418": 1, "V05430": 9, "V05433": 1, "criancas_0a4": 15, "em_favela": false }, "geometry": { "type": "Polygon", "coordinates": [ [ [ -46.549817, -23.586294 ], [ -46.550325, -23.587782 ], [ -46.55087, -23.587619 ], [ -46.551381, -23.589098 ], [ -46.551909, -23.588948 ], [ -46.552181, -23.590092 ], [ -46.552761, -23.589718 ], [ -46.552375, -23.588153 ], [ -46.552351, -23.587234 ], [ -46.551783, -23.586826 ], [ -46.55127, -23.586939 ], [ -46.550895, -23.585978 ], [ -46.549817, -23.586294 ] ] ] } },
{ "type": "Feature", "properties": { "CD_SETOR": "355030872000059", "faces": 28, "pavimentada": 100.0, "bueiro": 50.0, "iluminacao": 100.0, "onibus": 14.29, "ciclovia": 7.14, "calcada": 100.0, "obstaculo": 25.0, "rampa": 17.86, "rampa_faces": 17.86, "sem_calcada": 0.0, "sem_arvore": 32.14, "muitas_arvores": 7.14, "vao": 82.14, "V05400": 28, "V05421": 28, "V05406": 28, "V05412": 28, "V05422": 0, "V05424": 7, "V05427": 5, "V05409": 14, "V05415": 4, "V05418": 2, "V05430": 9, "V05433": 2, "criancas_0a4": 19, "em_favela": false }, "geometry": { "type": "Polygon", "coordinates": [ [ [ -46.549215, -23.584583 ], [ -46.549817, -23.586294 ], [ -46.550895, -23.585978 ], [ -46.55127, -23.586939 ], [ -46.551783, -23.586826 ], [ -46.551486, -23.5858 ], [ -46.55208, -23.585619 ], [ -46.552431, -23.585043 ], [ -46.552577, -23.585028 ], [ -46.552561, -23.58484 ], [ -46.552745, -23.584772 ], [ -46.55261, -23.584464 ], [ -46.552376, -23.584323 ], [ -46.552107, -23.584282 ], [ -46.55164, -23.584298 ], [ -46.551293, -23.583585 ], [ -46.549813, -23.584236 ], [ -46.549215, -23.584583 ] ] ] } },
{ "type": "Feature", "properties": { "CD_SETOR": "355030872000060", "faces": 25, "pavimentada": 100.0, "bueiro": 56.0, "iluminacao": 100.0, "onibus": 28.0, "ciclovia": 12.0, "calcada": 100.0, "obstaculo": 92.0, "rampa": 4.0, "rampa_faces": 4.0, "sem_calcada": 0.0, "sem_arvore": 44.0, "muitas_arvores": 8.0, "vao": 96.0, "V05400": 25, "V05421": 25, "V05406": 25, "V05412": 25, "V05422": 0, "V05424": 23, "V05427": 1, "V05409": 14, "V05415": 7, "V05418": 3, "V05430": 11, "V05433": 2, "criancas_0a4": 15, "em_favela": false }, "geometry": { "type": "Polygon", "coordinates": [ [ [ -46.550362, -23.580451 ], [ -46.548686, -23.581125 ], [ -46.549555, -23.58292 ], [ -46.548764, -23.583233 ], [ -46.549215, -23.584583 ], [ -46.550285, -23.584016 ], [ -46.551947, -23.583319 ], [ -46.55142, -23.582198 ], [ -46.551183, -23.582283 ], [ -46.550362, -23.580451 ] ], [ [ -46.549605, -23.5829 ], [ -46.550172, -23.582678 ], [ -46.550576, -23.583666 ], [ -46.550034, -23.583909 ], [ -46.549605, -23.5829 ] ] ] } },
{ "type": "Feature", "properties": { "CD_SETOR": "355030872000061", "faces": 1, "pavimentada": 100.0, "bueiro": 0.0, "iluminacao": 100.0, "onibus": 0.0, "ciclovia": 0.0, "calcada": 100.0, "obstaculo": 100.0, "rampa": 0.0, "rampa_faces": 0.0, "sem_calcada": 0.0, "sem_arvore": 0.0, "muitas_arvores": 0.0, "vao": 100.0, "V05400": 1, "V05421": 1, "V05406": 1, "V05412": 1, "V05422": 0, "V05424": 1, "V05427": 0, "V05409": 0, "V05415": 0, "V05418": 0, "V05430": 0, "V05433": 0, "criancas_0a4": 12, "em_favela": false }, "geometry": { "type": "Polygon", "coordinates": [ [ [ -46.549605, -23.5829 ], [ -46.550034, -23.583909 ], [ -46.550576, -23.583666 ], [ -46.550172, -23.582678 ], [ -46.549605, -23.5829 ] ] ] } },
{ "type": "Feature", "properties": { "CD_SETOR": "355030872000062", "faces": 19, "pavimentada": 100.0, "bueiro": 15.79, "iluminacao": 100.0, "onibus": 42.11, "ciclovia": 0.0, "calcada": 94.74, "obstaculo": 100.0, "rampa": 0.0, "rampa_faces": 0.0, "sem_calcada": 5.26, "sem_arvore": 78.95, "muitas_arvores": 5.26, "vao": 100.0, "V05400": 19, "V05421": 18, "V05406": 19, "V05412": 19, "V05422": 1, "V05424": 18, "V05427": 0, "V05409": 3, "V05415": 8, "V05418": 0, "V05430": 15, "V05433": 1, "criancas_0a4": 23, "em_favela": false }, "geometry": { "type": "Polygon", "coordinates": [ [ [ -46.54652, -23.581982 ], [ -46.54735, -23.583717 ], [ -46.547491, -23.583615 ], [ -46.548122, -23.583467 ], [ -46.549555, -23.58292 ], [ -46.548686, -23.581125 ], [ -46.54652, -23.581982 ] ] ] } },
{ "type": "Feature", "properties": { "CD_SETOR": "355030872000063", "faces": 34, "pavimentada": 94.12, "bueiro": 26.47, "iluminacao": 100.0, "onibus": 11.76, "ciclovia": 0.0, "calcada": 91.18, "obstaculo": 96.77, "rampa": 3.23, "rampa_faces": 2.94, "sem_calcada": 8.82, "sem_arvore": 50.0, "muitas_arvores": 14.71, "vao": 91.18, "V05400": 34, "V05421": 31, "V05406": 32, "V05412": 34, "V05422": 3, "V05424": 30, "V05427": 1, "V05409": 9, "V05415": 4, "V05418": 0, "V05430": 17, "V05433": 5, "criancas_0a4": 19, "em_favela": false }, "geometry": { "type": "Polygon", "coordinates": [ [ [ -46.549265, -23.579307 ], [ -46.544918, -23.580671 ], [ -46.545706, -23.58231 ], [ -46.549903, -23.580635 ], [ -46.549265, -23.579307 ] ] ] } },
{ "type": "Feature", "properties": { "CD_SETOR": "355030872000064", "faces": 16, "pavimentada": 100.0, "bueiro": 43.75, "iluminacao": 100.0, "onibus": 12.5, "ciclovia": 0.0, "calcada": 100.0, "obstaculo": 62.5, "rampa": 0.0, "rampa_faces": 0.0, "sem_calcada": 0.0, "sem_arvore": 75.0, "muitas_arvores": 0.0, "vao": 100.0, "V05400": 16, "V05421": 16, "V05406": 16, "V05412": 16, "V05422": 0, "V05424": 10, "V05427": 0, "V05409": 7, "V05415": 2, "V05418": 0, "V05430": 12, "V05433": 0, "criancas_0a4": 36, "em_favela": false }, "geometry": { "type": "Polygon", "coordinates": [ [ [ -46.544918, -23.580671 ], [ -46.542587, -23.581381 ], [ -46.543466, -23.583213 ], [ -46.545706, -23.58231 ], [ -46.544918, -23.580671 ] ] ] } },
{ "type": "Feature", "properties": { "CD_SETOR": "355030872000065", "faces": 20, "pavimentada": 100.0, "bueiro": 35.0, "iluminacao": 100.0, "onibus": 0.0, "ciclovia": 5.0, "calcada": 100.0, "obstaculo": 55.0, "rampa": 0.0, "rampa_faces": 0.0, "sem_calcada": 0.0, "sem_arvore": 55.0, "muitas_arvores": 10.0, "vao": 100.0, "V05400": 20, "V05421": 20, "V05406": 20, "V05412": 20, "V05422": 0, "V05424": 11, "V05427": 0, "V05409": 7, "V05415": 0, "V05418": 1, "V05430": 11, "V05433": 2, "criancas_0a4": 31, "em_favela": false }, "geometry": { "type": "Polygon", "coordinates": [ [ [ -46.542092, -23.58153 ], [ -46.542411, -23.582311 ], [ -46.541108, -23.582803 ], [ -46.541908, -23.584591 ], [ -46.542588, -23.584314 ], [ -46.542292, -23.583702 ], [ -46.543466, -23.583213 ], [ -46.542587, -23.581381 ], [ -46.542092, -23.58153 ] ] ] } },
{ "type": "Feature", "properties": { "CD_SETOR": "355030872000066", "faces": 13, "pavimentada": 100.0, "bueiro": 69.23, "iluminacao": 100.0, "onibus": 23.08, "ciclovia": 0.0, "calcada": 100.0, "obstaculo": 61.54, "rampa": 23.08, "rampa_faces": 23.08, "sem_calcada": 0.0, "sem_arvore": 38.46, "muitas_arvores": 30.77, "vao": 76.92, "V05400": 13, "V05421": 13, "V05406": 13, "V05412": 13, "V05422": 0, "V05424": 8, "V05427": 3, "V05409": 9, "V05415": 3, "V05418": 0, "V05430": 5, "V05433": 4, "criancas_0a4": 18, "em_favela": false }, "geometry": { "type": "Polygon", "coordinates": [ [ [ -46.538982, -23.583833 ], [ -46.539198, -23.584302 ], [ -46.53692, -23.585222 ], [ -46.537146, -23.585713 ], [ -46.541625, -23.583969 ], [ -46.541173, -23.582948 ], [ -46.538982, -23.583833 ] ] ] } },
{ "type": "Feature", "properties": { "CD_SETOR": "355030872000067", "faces": 12, "pavimentada": 100.0, "bueiro": 83.33, "iluminacao": 100.0, "onibus": 25.0, "ciclovia": 0.0, "calcada": 100.0, "obstaculo": 91.67, "rampa": 8.33, "rampa_faces": 8.33, "sem_calcada": 0.0, "sem_arvore": 41.67, "muitas_arvores": 16.67, "vao": 91.67, "V05400": 12, "V05421": 12, "V05406": 12, "V05412": 12, "V05422": 0, "V05424": 11, "V05427": 1, "V05409": 10, "V05415": 3, "V05418": 0, "V05430": 5, "V05433": 2, "criancas_0a4": 19, "em_favela": false }, "geometry": { "type": "Polygon", "coordinates": [ [ [ -46.537504, -23.585567 ], [ -46.535136, -23.586524 ], [ -46.535494, -23.587288 ], [ -46.536542, -23.586911 ], [ -46.536941, -23.586848 ], [ -46.537308, -23.586717 ], [ -46.537336, -23.58678 ], [ -46.537943, -23.586561 ], [ -46.537504, -23.585567 ] ] ] } },
{ "type": "Feature", "properties": { "CD_SETOR": "355030872000068", "faces": 34, "pavimentada": 100.0, "bueiro": 85.29, "iluminacao": 100.0, "onibus": 14.71, "ciclovia": 8.82, "calcada": 100.0, "obstaculo": 100.0, "rampa": 17.65, "rampa_faces": 17.65, "sem_calcada": 0.0, "sem_arvore": 50.0, "muitas_arvores": 11.76, "vao": 82.35, "V05400": 34, "V05421": 34, "V05406": 34, "V05412": 34, "V05422": 0, "V05424": 34, "V05427": 6, "V05409": 29, "V05415": 5, "V05418": 3, "V05430": 17, "V05433": 4, "criancas_0a4": 31, "em_favela": false }, "geometry": { "type": "Polygon", "coordinates": [ [ [ -46.535136, -23.586524 ], [ -46.533853, -23.587047 ], [ -46.535322, -23.588864 ], [ -46.537134, -23.588125 ], [ -46.537013, -23.587873 ], [ -46.537713, -23.587618 ], [ -46.537943, -23.586561 ], [ -46.537336, -23.58678 ], [ -46.537308, -23.586717 ], [ -46.536941, -23.586848 ], [ -46.536542, -23.586911 ], [ -46.535494, -23.587288 ], [ -46.535136, -23.586524 ] ] ] } },
{ "type": "Feature", "properties": { "CD_SETOR": "355030872000070", "faces": 3, "pavimentada": 100.0, "bueiro": 100.0, "iluminacao": 100.0, "onibus": 0.0, "ciclovia": 0.0, "calcada": 100.0, "obstaculo": 100.0, "rampa": 33.33, "rampa_faces": 33.33, "sem_calcada": 0.0, "sem_arvore": 66.67, "muitas_arvores": 33.33, "vao": 66.67, "V05400": 3, "V05421": 3, "V05406": 3, "V05412": 3, "V05422": 0, "V05424": 3, "V05427": 1, "V05409": 3, "V05415": 0, "V05418": 0, "V05430": 2, "V05433": 1, "criancas_0a4": 30, "em_favela": false }, "geometry": { "type": "Polygon", "coordinates": [ [ [ -46.533832, -23.588416 ], [ -46.5327, -23.588886 ], [ -46.533004, -23.589536 ], [ -46.53412, -23.589096 ], [ -46.533832, -23.588416 ] ] ] } },
{ "type": "Feature", "properties": { "CD_SETOR": "355030872000071", "faces": 43, "pavimentada": 100.0, "bueiro": 83.72, "iluminacao": 100.0, "onibus": 0.0, "ciclovia": 0.0, "calcada": 100.0, "obstaculo": 100.0, "rampa": 6.98, "rampa_faces": 6.98, "sem_calcada": 0.0, "sem_arvore": 58.14, "muitas_arvores": 18.6, "vao": 93.02, "V05400": 43, "V05421": 43, "V05406": 43, "V05412": 43, "V05422": 0, "V05424": 43, "V05427": 3, "V05409": 36, "V05415": 0, "V05418": 0, "V05430": 25, "V05433": 8, "criancas_0a4": 28, "em_favela": false }, "geometry": { "type": "Polygon", "coordinates": [ [ [ -46.533349, -23.589406 ], [ -46.533004, -23.589536 ], [ -46.534157, -23.592034 ], [ -46.536487, -23.591138 ], [ -46.536678, -23.591161 ], [ -46.536816, -23.591313 ], [ -46.537035, -23.591122 ], [ -46.53669, -23.590436 ], [ -46.535996, -23.589697 ], [ -46.535322, -23.588864 ], [ -46.533508, -23.589574 ], [ -46.533413, -23.589551 ], [ -46.533349, -23.589406 ] ] ] } },
{ "type": "Feature", "properties": { "CD_SETOR": "355030872000072", "faces": 26, "pavimentada": 100.0, "bueiro": 65.38, "iluminacao": 100.0, "onibus": 15.38, "ciclovia": 3.85, "calcada": 100.0, "obstaculo": 80.77, "rampa": 23.08, "rampa_faces": 23.08, "sem_calcada": 0.0, "sem_arvore": 42.31, "muitas_arvores": 34.62, "vao": 76.92, "V05400": 26, "V05421": 26, "V05406": 26, "V05412": 26, "V05422": 0, "V05424": 21, "V05427": 6, "V05409": 17, "V05415": 4, "V05418": 1, "V05430": 11, "V05433": 9, "criancas_0a4": 41, "em_favela": false }, "geometry": { "type": "Polygon", "coordinates": [ [ [ -46.534157, -23.592034 ], [ -46.535202, -23.594306 ], [ -46.536328, -23.596701 ], [ -46.537836, -23.59519 ], [ -46.537755, -23.595121 ], [ -46.53782, -23.59505 ], [ -46.53762, -23.594644 ], [ -46.536627, -23.59536 ], [ -46.535374, -23.592605 ], [ -46.536816, -23.591313 ], [ -46.536678, -23.591161 ], [ -46.536487, -23.591138 ], [ -46.534157, -23.592034 ] ] ] } },
{ "type": "Feature", "properties": { "CD_SETOR": "355030872000073", "faces": 27, "pavimentada": 100.0, "bueiro": 0.0, "iluminacao": 100.0, "onibus": 7.41, "ciclovia": 0.0, "calcada": 100.0, "obstaculo": 92.59, "rampa": 0.0, "rampa_faces": 0.0, "sem_calcada": 0.0, "sem_arvore": 59.26, "muitas_arvores": 0.0, "vao": 100.0, "V05400": 27, "V05421": 27, "V05406": 27, "V05412": 27, "V05422": 0, "V05424": 25, "V05427": 0, "V05409": 0, "V05415": 2, "V05418": 0, "V05430": 16, "V05433": 0, "criancas_0a4": 16, "em_favela": false }, "geometry": { "type": "Polygon", "coordinates": [ [ [ -46.535875, -23.598181 ], [ -46.537187, -23.600177 ], [ -46.537217, -23.600337 ], [ -46.537493, -23.599804 ], [ -46.538258, -23.598904 ], [ -46.538702, -23.598488 ], [ -46.539008, -23.598343 ], [ -46.538149, -23.596929 ], [ -46.535875, -23.598181 ] ] ] } },
{ "type": "Feature", "properties": { "CD_SETOR": "355030872000074", "faces": 19, "pavimentada": 94.74, "bueiro": 10.53, "iluminacao": 100.0, "onibus": 21.05, "ciclovia": 0.0, "calcada": 78.95, "obstaculo": 100.0, "rampa": 6.67, "rampa_faces": 5.26, "sem_calcada": 21.05, "sem_arvore": 42.11, "muitas_arvores": 26.32, "vao": 89.47, "V05400": 19, "V05421": 15, "V05406": 18, "V05412": 19, "V05422": 4, "V05424": 15, "V05427": 1, "V05409": 2, "V05415": 4, "V05418": 0, "V05430": 8, "V05433": 5, "criancas_0a4": 23, "em_favela": false }, "geometry": { "type": "Polygon", "coordinates": [ [ [ -46.537217, -23.600337 ], [ -46.537704, -23.602473 ], [ -46.538036, -23.603822 ], [ -46.538435, -23.603646 ], [ -46.538567, -23.603432 ], [ -46.538579, -23.603158 ], [ -46.538332, -23.602694 ], [ -46.538322, -23.602406 ], [ -46.538399, -23.602198 ], [ -46.539055, -23.601079 ], [ -46.539184, -23.600444 ], [ -46.538594, -23.59857 ], [ -46.537647, -23.599601 ], [ -46.537373, -23.600008 ], [ -46.537217, -23.600337 ] ] ] } },
{ "type": "Feature", "properties": { "CD_SETOR": "355030872000075", "faces": 16, "pavimentada": 100.0, "bueiro": 43.75, "iluminacao": 100.0, "onibus": 31.25, "ciclovia": 0.0, "calcada": 81.25, "obstaculo": 100.0, "rampa": 0.0, "rampa_faces": 0.0, "sem_calcada": 18.75, "sem_arvore": 50.0, "muitas_arvores": 37.5, "vao": 100.0, "V05400": 16, "V05421": 13, "V05406": 16, "V05412": 16, "V05422": 3, "V05424": 13, "V05427": 0, "V05409": 7, "V05415": 5, "V05418": 0, "V05430": 8, "V05433": 6, "criancas_0a4": 25, "em_favela": false }, "geometry": { "type": "Polygon", "coordinates": [ [ [ -46.538988, -23.599818 ], [ -46.539377, -23.60103 ], [ -46.539701, -23.601549 ], [ -46.540103, -23.601935 ], [ -46.540577, -23.602237 ], [ -46.54085, -23.602356 ], [ -46.542621, -23.602798 ], [ -46.542766, -23.602317 ], [ -46.542948, -23.601943 ], [ -46.541985, -23.601 ], [ -46.541573, -23.601395 ], [ -46.54078, -23.600827 ], [ -46.540211, -23.601115 ], [ -46.54003, -23.600977 ], [ -46.539882, -23.600738 ], [ -46.539611, -23.599653 ], [ -46.539604, -23.599265 ], [ -46.539507, -23.599177 ], [ -46.539303, -23.599237 ], [ -46.538988, -23.599818 ] ] ] } },
{ "type": "Feature", "properties": { "CD_SETOR": "355030872000076", "faces": 16, "pavimentada": 100.0, "bueiro": 93.75, "iluminacao": 100.0, "onibus": 18.75, "ciclovia": 0.0, "calcada": 100.0, "obstaculo": 93.75, "rampa": 6.25, "rampa_faces": 6.25, "sem_calcada": 0.0, "sem_arvore": 37.5, "muitas_arvores": 37.5, "vao": 93.75, "V05400": 16, "V05421": 16, "V05406": 16, "V05412": 16, "V05422": 0, "V05424": 15, "V05427": 1, "V05409": 15, "V05415": 3, "V05418": 0, "V05430": 6, "V05433": 6, "criancas_0a4": 13, "em_favela": false }, "geometry": { "type": "Polygon", "coordinates": [ [ [ -46.550352, -23.600429 ], [ -46.548998, -23.601105 ], [ -46.54913, -23.601341 ], [ -46.549676, -23.601082 ], [ -46.550096, -23.601501 ], [ -46.550054, -23.603039 ], [ -46.550556, -23.603052 ], [ -46.550553, -23.60313 ], [ -46.550148, -23.603559 ], [ -46.550396, -23.603797 ], [ -46.550468, -23.603764 ], [ -46.550595, -23.60395 ], [ -46.550807, -23.60401 ], [ -46.550955, -23.604263 ], [ -46.550974, -23.605152 ], [ -46.549878, -23.604781 ], [ -46.549652, -23.604659 ], [ -46.54641, -23.601572 ], [ -46.544636, -23.601363 ], [ -46.543872, -23.601361 ], [ -46.543484, -23.60149 ], [ -46.543267, -23.601614 ], [ -46.543008, -23.601854 ], [ -46.542766, -23.602317 ], [ -46.54249, -23.603353 ], [ -46.542446, -23.603807 ], [ -46.542501, -23.604241 ], [ -46.544529, -23.608115 ], [ -46.544767, -23.607989 ], [ -46.544942, -23.607823 ], [ -46.545617, -23.606745 ], [ -46.546413, -23.605801 ], [ -46.546539, -23.605697 ], [ -46.546687, -23.605651 ], [ -46.548043, -23.606092 ], [ -46.548282, -23.605899 ], [ -46.548733, -23.605672 ], [ -46.549277, -23.605563 ], [ -46.549738, -23.605576 ], [ -46.550137, -23.605707 ], [ -46.550476, -23.605926 ], [ -46.551309, -23.606813 ], [ -46.551743, -23.606491 ], [ -46.551902, -23.606068 ], [ -46.551954, -23.605503 ], [ -46.551918, -23.6037 ], [ -46.551865, -23.603084 ], [ -46.55112, -23.602142 ], [ -46.550986, -23.602013 ], [ -46.550803, -23.601928 ], [ -46.550352, -23.600429 ] ] ] } },
{ "type": "Feature", "properties": { "CD_SETOR": "355030872000077", "faces": 1, "pavimentada": 100.0, "bueiro": 0.0, "iluminacao": 100.0, "onibus": 100.0, "ciclovia": 0.0, "calcada": 100.0, "obstaculo": 100.0, "rampa": 0.0, "rampa_faces": 0.0, "sem_calcada": 0.0, "sem_arvore": 100.0, "muitas_arvores": 0.0, "vao": 100.0, "V05400": 1, "V05421": 1, "V05406": 1, "V05412": 1, "V05422": 0, "V05424": 1, "V05427": 0, "V05409": 0, "V05415": 1, "V05418": 0, "V05430": 1, "V05433": 0, "criancas_0a4": 16, "em_favela": false }, "geometry": { "type": "Polygon", "coordinates": [ [ [ -46.548319, -23.603097 ], [ -46.548847, -23.603609 ], [ -46.549154, -23.603283 ], [ -46.548696, -23.602765 ], [ -46.548319, -23.603097 ] ] ] } },
{ "type": "Feature", "properties": { "CD_SETOR": "355030872000078", "faces": 1, "pavimentada": 100.0, "bueiro": 100.0, "iluminacao": 100.0, "onibus": 0.0, "ciclovia": 0.0, "calcada": 100.0, "obstaculo": 100.0, "rampa": 0.0, "rampa_faces": 0.0, "sem_calcada": 0.0, "sem_arvore": 100.0, "muitas_arvores": 0.0, "vao": 100.0, "V05400": 1, "V05421": 1, "V05406": 1, "V05412": 1, "V05422": 0, "V05424": 1, "V05427": 0, "V05409": 1, "V05415": 0, "V05418": 0, "V05430": 1, "V05433": 0, "criancas_0a4": 31, "em_favela": false }, "geometry": { "type": "Polygon", "coordinates": [ [ [ -46.548319, -23.603097 ], [ -46.548696, -23.602765 ], [ -46.54779, -23.601621 ], [ -46.546797, -23.601613 ], [ -46.548319, -23.603097 ] ] ] } },
{ "type": "Feature", "properties": { "CD_SETOR": "355030872000079", "faces": 1, "pavimentada": 100.0, "bueiro": 100.0, "iluminacao": 100.0, "onibus": 100.0, "ciclovia": 0.0, "calcada": 100.0, "obstaculo": 100.0, "rampa": 0.0, "rampa_faces": 0.0, "sem_calcada": 0.0, "sem_arvore": 100.0, "muitas_arvores": 0.0, "vao": 100.0, "V05400": 1, "V05421": 1, "V05406": 1, "V05412": 1, "V05422": 0, "V05424": 1, "V05427": 0, "V05409": 1, "V05415": 1, "V05418": 0, "V05430": 1, "V05433": 0, "criancas_0a4": 21, "em_favela": false }, "geometry": { "type": "Polygon", "coordinates": [ [ [ -46.550962, -23.604715 ], [ -46.549557, -23.603663 ], [ -46.549154, -23.603283 ], [ -46.548847, -23.603609 ], [ -46.546797, -23.601613 ], [ -46.54641, -23.601572 ], [ -46.549652, -23.604659 ], [ -46.549878, -23.604781 ], [ -46.550974, -23.605152 ], [ -46.550962, -23.604715 ] ] ] } },
{ "type": "Feature", "properties": { "CD_SETOR": "355030872000080", "faces": 1, "pavimentada": 100.0, "bueiro": 100.0, "iluminacao": 100.0, "onibus": 100.0, "ciclovia": 0.0, "calcada": 100.0, "obstaculo": 100.0, "rampa": 0.0, "rampa_faces": 0.0, "sem_calcada": 0.0, "sem_arvore": 0.0, "muitas_arvores": 100.0, "vao": 100.0, "V05400": 1, "V05421": 1, "V05406": 1, "V05412": 1, "V05422": 0, "V05424": 1, "V05427": 0, "V05409": 1, "V05415": 1, "V05418": 0, "V05430": 0, "V05433": 1, "criancas_0a4": 17, "em_favela": false }, "geometry": { "type": "Polygon", "coordinates": [ [ [ -46.54779, -23.601621 ], [ -46.548856, -23.602943 ], [ -46.54935, -23.602702 ], [ -46.548571, -23.601319 ], [ -46.548197, -23.601507 ], [ -46.54779, -23.601621 ] ] ] } },
{ "type": "Feature", "properties": { "CD_SETOR": "355030872000081", "faces": 1, "pavimentada": 100.0, "bueiro": 0.0, "iluminacao": 100.0, "onibus": 0.0, "ciclovia": 0.0, "calcada": 100.0, "obstaculo": 100.0, "rampa": 0.0, "rampa_faces": 0.0, "sem_calcada": 0.0, "sem_arvore": 0.0, "muitas_arvores": 100.0, "vao": 100.0, "V05400": 1, "V05421": 1, "V05406": 1, "V05412": 1, "V05422": 0, "V05424": 1, "V05427": 0, "V05409": 0, "V05415": 0, "V05418": 0, "V05430": 0, "V05433": 1, "criancas_0a4": 20, "em_favela": false }, "geometry": { "type": "Polygon", "coordinates": [ [ [ -46.548856, -23.602943 ], [ -46.549154, -23.603283 ], [ -46.549557, -23.603663 ], [ -46.549736, -23.603284 ], [ -46.54935, -23.602702 ], [ -46.548856, -23.602943 ] ] ] } },
{ "type": "Feature", "properties": { "CD_SETOR": "355030872000082", "faces": 1, "pavimentada": 100.0, "bueiro": 0.0, "iluminacao": 100.0, "onibus": 0.0, "ciclovia": 0.0, "calcada": 100.0, "obstaculo": 100.0, "rampa": 0.0, "rampa_faces": 0.0, "sem_calcada": 0.0, "sem_arvore": 0.0, "muitas_arvores": 100.0, "vao": 100.0, "V05400": 1, "V05421": 1, "V05406": 1, "V05412": 1, "V05422": 0, "V05424": 1, "V05427": 0, "V05409": 0, "V05415": 0, "V05418": 0, "V05430": 0, "V05433": 1, "criancas_0a4": 27, "em_favela": false }, "geometry": { "type": "Polygon", "coordinates": [ [ [ -46.549557, -23.603663 ], [ -46.550139, -23.604101 ], [ -46.550962, -23.604715 ], [ -46.550955, -23.604263 ], [ -46.550807, -23.60401 ], [ -46.550595, -23.60395 ], [ -46.550468, -23.603764 ], [ -46.550396, -23.603797 ], [ -46.550148, -23.603559 ], [ -46.549736, -23.603284 ], [ -46.549557, -23.603663 ] ] ] } },
{ "type": "Feature", "properties": { "CD_SETOR": "355030872000083", "faces": 1, "pavimentada": 100.0, "bueiro": 100.0, "iluminacao": 100.0, "onibus": 100.0, "ciclovia": 0.0, "calcada": 100.0, "obstaculo": 100.0, "rampa": 0.0, "rampa_faces": 0.0, "sem_calcada": 0.0, "sem_arvore": 100.0, "muitas_arvores": 0.0, "vao": 100.0, "V05400": 1, "V05421": 1, "V05406": 1, "V05412": 1, "V05422": 0, "V05424": 1, "V05427": 0, "V05409": 1, "V05415": 1, "V05418": 0, "V05430": 1, "V05433": 0, "criancas_0a4": 20, "em_favela": false }, "geometry": { "type": "Polygon", "coordinates": [ [ [ -46.548998, -23.601105 ], [ -46.548942, -23.601133 ], [ -46.55, -23.60317 ], [ -46.550148, -23.603559 ], [ -46.550553, -23.60313 ], [ -46.550556, -23.603052 ], [ -46.550054, -23.603039 ], [ -46.550096, -23.601501 ], [ -46.549676, -23.601082 ], [ -46.54913, -23.601341 ], [ -46.548998, -23.601105 ] ] ] } },
{ "type": "Feature", "properties": { "CD_SETOR": "355030872000084", "faces": 1, "pavimentada": 100.0, "bueiro": 100.0, "iluminacao": 100.0, "onibus": 100.0, "ciclovia": 0.0, "calcada": 100.0, "obstaculo": 100.0, "rampa": 0.0, "rampa_faces": 0.0, "sem_calcada": 0.0, "sem_arvore": 100.0, "muitas_arvores": 0.0, "vao": 100.0, "V05400": 1, "V05421": 1, "V05406": 1, "V05412": 1, "V05422": 0, "V05424": 1, "V05427": 0, "V05409": 1, "V05415": 1, "V05418": 0, "V05430": 1, "V05433": 0, "criancas_0a4": 15, "em_favela": false }, "geometry": { "type": "Polygon", "coordinates": [ [ [ -46.548571, -23.601319 ], [ -46.54935, -23.602702 ], [ -46.549736, -23.603284 ], [ -46.550148, -23.603559 ], [ -46.55, -23.60317 ], [ -46.548942, -23.601133 ], [ -46.548571, -23.601319 ] ] ] } },
{ "type": "Feature", "properties": { "CD_SETOR": "355030872000085", "faces": 12, "pavimentada": 100.0, "bueiro": 25.0, "iluminacao": 100.0, "onibus": 16.67, "ciclovia": 33.33, "calcada": 100.0, "obstaculo": 58.33, "rampa": 0.0, "rampa_faces": 0.0, "sem_calcada": 0.0, "sem_arvore": 83.33, "muitas_arvores": 0.0, "vao": 100.0, "V05400": 12, "V05421": 12, "V05406": 12, "V05412": 12, "V05422": 0, "V05424": 7, "V05427": 0, "V05409": 3, "V05415": 2, "V05418": 4, "V05430": 10, "V05433": 0, "criancas_0a4": 9, "em_favela": false }, "geometry": { "type": "Polygon", "coordinates": [ [ [ -46.553361, -23.589312 ], [ -46.553655, -23.592928 ], [ -46.555051, -23.595338 ], [ -46.555404, -23.595252 ], [ -46.555615, -23.595335 ], [ -46.555534, -23.594974 ], [ -46.554336, -23.592912 ], [ -46.554263, -23.592699 ], [ -46.554036, -23.58886 ], [ -46.553361, -23.589312 ] ] ] } },
{ "type": "Feature", "properties": { "CD_SETOR": "355030872000086", "faces": 16, "pavimentada": 100.0, "bueiro": 31.25, "iluminacao": 100.0, "onibus": 0.0, "ciclovia": 0.0, "calcada": 87.5, "obstaculo": 57.14, "rampa": 0.0, "rampa_faces": 0.0, "sem_calcada": 12.5, "sem_arvore": 56.25, "muitas_arvores": 0.0, "vao": 100.0, "V05400": 16, "V05421": 14, "V05406": 16, "V05412": 16, "V05422": 2, "V05424": 8, "V05427": 0, "V05409": 5, "V05415": 0, "V05418": 0, "V05430": 9, "V05433": 0, "criancas_0a4": 24, "em_favela": false }, "geometry": { "type": "Polygon", "coordinates": [ [ [ -46.552902, -23.584723 ], [ -46.552561, -23.58484 ], [ -46.552577, -23.585028 ], [ -46.552431, -23.585043 ], [ -46.55208, -23.585619 ], [ -46.551486, -23.5858 ], [ -46.551783, -23.586826 ], [ -46.552351, -23.587234 ], [ -46.552375, -23.588153 ], [ -46.553304, -23.587852 ], [ -46.553319, -23.587118 ], [ -46.553203, -23.586128 ], [ -46.552902, -23.584723 ] ] ] } },
{ "type": "Feature", "properties": { "CD_SETOR": "355030872000087", "faces": 21, "pavimentada": 100.0, "bueiro": 85.71, "iluminacao": 100.0, "onibus": 38.1, "ciclovia": 14.29, "calcada": 100.0, "obstaculo": 95.24, "rampa": 23.81, "rampa_faces": 23.81, "sem_calcada": 0.0, "sem_arvore": 42.86, "muitas_arvores": 9.52, "vao": 76.19, "V05400": 21, "V05421": 21, "V05406": 21, "V05412": 21, "V05422": 0, "V05424": 20, "V05427": 5, "V05409": 18, "V05415": 8, "V05418": 3, "V05430": 9, "V05433": 2, "criancas_0a4": 32, "em_favela": false }, "geometry": { "type": "Polygon", "coordinates": [ [ [ -46.553087, -23.57934 ], [ -46.551697, -23.579912 ], [ -46.552581, -23.58187 ], [ -46.55142, -23.582198 ], [ -46.551947, -23.583319 ], [ -46.553289, -23.582834 ], [ -46.554411, -23.582624 ], [ -46.554343, -23.582061 ], [ -46.553087, -23.57934 ] ] ] } },
{ "type": "Feature", "properties": { "CD_SETOR": "355030872000088", "faces": 34, "pavimentada": 94.12, "bueiro": 32.35, "iluminacao": 94.12, "onibus": 17.65, "ciclovia": 2.94, "calcada": 88.24, "obstaculo": 100.0, "rampa": 0.0, "rampa_faces": 0.0, "sem_calcada": 11.76, "sem_arvore": 50.0, "muitas_arvores": 14.71, "vao": 94.12, "V05400": 34, "V05421": 30, "V05406": 32, "V05412": 32, "V05422": 4, "V05424": 30, "V05427": 0, "V05409": 11, "V05415": 6, "V05418": 1, "V05430": 17, "V05433": 5, "criancas_0a4": 25, "em_favela": false }, "geometry": { "type": "Polygon", "coordinates": [ [ [ -46.549265, -23.579307 ], [ -46.549903, -23.580635 ], [ -46.550362, -23.580451 ], [ -46.551183, -23.582283 ], [ -46.552581, -23.58187 ], [ -46.551697, -23.579912 ], [ -46.552405, -23.579619 ], [ -46.551762, -23.578358 ], [ -46.550069, -23.57905 ], [ -46.549265, -23.579307 ] ] ] } },
{ "type": "Feature", "properties": { "CD_SETOR": "355030872000089", "faces": 22, "pavimentada": 100.0, "bueiro": 36.36, "iluminacao": 100.0, "onibus": 9.09, "ciclovia": 0.0, "calcada": 90.91, "obstaculo": 95.0, "rampa": 5.0, "rampa_faces": 4.55, "sem_calcada": 9.09, "sem_arvore": 63.64, "muitas_arvores": 9.09, "vao": 95.45, "V05400": 22, "V05421": 20, "V05406": 22, "V05412": 22, "V05422": 2, "V05424": 19, "V05427": 1, "V05409": 8, "V05415": 2, "V05418": 0, "V05430": 14, "V05433": 2, "criancas_0a4": 18, "em_favela": false }, "geometry": { "type": "Polygon", "coordinates": [ [ [ -46.551035, -23.57686 ], [ -46.548309, -23.577485 ], [ -46.548664, -23.578093 ], [ -46.549265, -23.579307 ], [ -46.550069, -23.57905 ], [ -46.551762, -23.578358 ], [ -46.551035, -23.57686 ] ] ] } },
{ "type": "Feature", "properties": { "CD_SETOR": "355030872000090", "faces": 23, "pavimentada": 95.65, "bueiro": 8.7, "iluminacao": 100.0, "onibus": 8.7, "ciclovia": 0.0, "calcada": 91.3, "obstaculo": 100.0, "rampa": 28.57, "rampa_faces": 26.09, "sem_calcada": 8.7, "sem_arvore": 47.83, "muitas_arvores": 17.39, "vao": 69.57, "V05400": 23, "V05421": 21, "V05406": 22, "V05412": 23, "V05422": 2, "V05424": 21, "V05427": 6, "V05409": 2, "V05415": 2, "V05418": 0, "V05430": 11, "V05433": 4, "criancas_0a4": 15, "em_favela": false }, "geometry": { "type": "Polygon", "coordinates": [ [ [ -46.548296, -23.577488 ], [ -46.546845, -23.577795 ], [ -46.545387, -23.578183 ], [ -46.54557, -23.578756 ], [ -46.546685, -23.578538 ], [ -46.547351, -23.579909 ], [ -46.549265, -23.579307 ], [ -46.548664, -23.578093 ], [ -46.548296, -23.577488 ] ] ] } },
{ "type": "Feature", "properties": { "CD_SETOR": "355030872000091", "faces": 21, "pavimentada": 90.48, "bueiro": 28.57, "iluminacao": 90.48, "onibus": 4.76, "ciclovia": 0.0, "calcada": 90.48, "obstaculo": 94.74, "rampa": 0.0, "rampa_faces": 0.0, "sem_calcada": 9.52, "sem_arvore": 38.1, "muitas_arvores": 14.29, "vao": 90.48, "V05400": 21, "V05421": 19, "V05406": 19, "V05412": 19, "V05422": 2, "V05424": 18, "V05427": 0, "V05409": 6, "V05415": 1, "V05418": 0, "V05430": 8, "V05433": 3, "criancas_0a4": 26, "em_favela": false }, "geometry": { "type": "Polygon", "coordinates": [ [ [ -46.543805, -23.578556 ], [ -46.544019, -23.579102 ], [ -46.544551, -23.578982 ], [ -46.545299, -23.580551 ], [ -46.547351, -23.579909 ], [ -46.546685, -23.578538 ], [ -46.54557, -23.578756 ], [ -46.545387, -23.578183 ], [ -46.543805, -23.578556 ] ] ] } },
{ "type": "Feature", "properties": { "CD_SETOR": "355030872000092", "faces": 42, "pavimentada": 95.24, "bueiro": 38.1, "iluminacao": 100.0, "onibus": 2.38, "ciclovia": 0.0, "calcada": 90.48, "obstaculo": 81.58, "rampa": 2.63, "rampa_faces": 2.38, "sem_calcada": 9.52, "sem_arvore": 64.29, "muitas_arvores": 21.43, "vao": 92.86, "V05400": 42, "V05421": 38, "V05406": 40, "V05412": 42, "V05422": 4, "V05424": 31, "V05427": 1, "V05409": 16, "V05415": 1, "V05418": 0, "V05430": 27, "V05433": 9, "criancas_0a4": 39, "em_favela": false }, "geometry": { "type": "Polygon", "coordinates": [ [ [ -46.543805, -23.578556 ], [ -46.540938, -23.579239 ], [ -46.541091, -23.579755 ], [ -46.541647, -23.579632 ], [ -46.541803, -23.580052 ], [ -46.542068, -23.580147 ], [ -46.542246, -23.580291 ], [ -46.542759, -23.581329 ], [ -46.545299, -23.580551 ], [ -46.544551, -23.578982 ], [ -46.544019, -23.579102 ], [ -46.543805, -23.578556 ] ] ] } },
{ "type": "Feature", "properties": { "CD_SETOR": "355030872000093", "faces": 14, "pavimentada": 100.0, "bueiro": 0.0, "iluminacao": 100.0, "onibus": 14.29, "ciclovia": 0.0, "calcada": 100.0, "obstaculo": 92.86, "rampa": 7.14, "rampa_faces": 7.14, "sem_calcada": 0.0, "sem_arvore": 85.71, "muitas_arvores": 7.14, "vao": 92.86, "V05400": 14, "V05421": 14, "V05406": 14, "V05412": 14, "V05422": 0, "V05424": 13, "V05427": 1, "V05409": 0, "V05415": 2, "V05418": 0, "V05430": 12, "V05433": 1, "criancas_0a4": 12, "em_favela": false }, "geometry": { "type": "Polygon", "coordinates": [ [ [ -46.540353, -23.579378 ], [ -46.540013, -23.57975 ], [ -46.539777, -23.57992 ], [ -46.540319, -23.58108 ], [ -46.541428, -23.580812 ], [ -46.540866, -23.579809 ], [ -46.541091, -23.579755 ], [ -46.540938, -23.579239 ], [ -46.540353, -23.579378 ] ] ] } },
{ "type": "Feature", "properties": { "CD_SETOR": "355030872000094", "faces": 21, "pavimentada": 28.57, "bueiro": 9.52, "iluminacao": 38.1, "onibus": 0.0, "ciclovia": 0.0, "calcada": 14.29, "obstaculo": 100.0, "rampa": 0.0, "rampa_faces": 0.0, "sem_calcada": 85.71, "sem_arvore": 100.0, "muitas_arvores": 0.0, "vao": 28.57, "V05400": 21, "V05421": 3, "V05406": 6, "V05412": 8, "V05422": 18, "V05424": 3, "V05427": 0, "V05409": 2, "V05415": 0, "V05418": 0, "V05430": 21, "V05433": 0, "criancas_0a4": 40, "em_favela": true }, "geometry": { "type": "Polygon", "coordinates": [ [ [ -46.541098, -23.580885 ], [ -46.541494, -23.581777 ], [ -46.541846, -23.581717 ], [ -46.54202, -23.581761 ], [ -46.54217, -23.581722 ], [ -46.541091, -23.579755 ], [ -46.540866, -23.579809 ], [ -46.541428, -23.580812 ], [ -46.541098, -23.580885 ] ] ] } },
{ "type": "Feature", "properties": { "CD_SETOR": "355030872000095", "faces": 14, "pavimentada": 100.0, "bueiro": 57.14, "iluminacao": 100.0, "onibus": 0.0, "ciclovia": 0.0, "calcada": 78.57, "obstaculo": 100.0, "rampa": 0.0, "rampa_faces": 0.0, "sem_calcada": 21.43, "sem_arvore": 71.43, "muitas_arvores": 0.0, "vao": 100.0, "V05400": 14, "V05421": 11, "V05406": 14, "V05412": 14, "V05422": 3, "V05424": 11, "V05427": 0, "V05409": 8, "V05415": 0, "V05418": 0, "V05430": 10, "V05433": 0, "criancas_0a4": 23, "em_favela": false }, "geometry": { "type": "Polygon", "coordinates": [ [ [ -46.540319, -23.58108 ], [ -46.541108, -23.582803 ], [ -46.542411, -23.582311 ], [ -46.54217, -23.581722 ], [ -46.54202, -23.581761 ], [ -46.541846, -23.581717 ], [ -46.541494, -23.581777 ], [ -46.541098, -23.580885 ], [ -46.540319, -23.58108 ] ] ] } },
{ "type": "Feature", "properties": { "CD_SETOR": "355030872000096", "faces": 33, "pavimentada": 100.0, "bueiro": 63.64, "iluminacao": 100.0, "onibus": 6.06, "ciclovia": 0.0, "calcada": 93.94, "obstaculo": 100.0, "rampa": 0.0, "rampa_faces": 0.0, "sem_calcada": 6.06, "sem_arvore": 60.61, "muitas_arvores": 12.12, "vao": 100.0, "V05400": 33, "V05421": 31, "V05406": 33, "V05412": 33, "V05422": 2, "V05424": 31, "V05427": 0, "V05409": 21, "V05415": 2, "V05418": 0, "V05430": 20, "V05433": 4, "criancas_0a4": 24, "em_favela": false }, "geometry": { "type": "Polygon", "coordinates": [ [ [ -46.538556, -23.582102 ], [ -46.539089, -23.583231 ], [ -46.538774, -23.583357 ], [ -46.538982, -23.583833 ], [ -46.541173, -23.582948 ], [ -46.540529, -23.581538 ], [ -46.539538, -23.581673 ], [ -46.539446, -23.581605 ], [ -46.539387, -23.581468 ], [ -46.538556, -23.582102 ] ] ] } },
{ "type": "Feature", "properties": { "CD_SETOR": "355030872000097", "faces": 28, "pavimentada": 100.0, "bueiro": 21.43, "iluminacao": 100.0, "onibus": 28.57, "ciclovia": 0.0, "calcada": 100.0, "obstaculo": 82.14, "rampa": 21.43, "rampa_faces": 21.43, "sem_calcada": 0.0, "sem_arvore": 71.43, "muitas_arvores": 17.86, "vao": 78.57, "V05400": 28, "V05421": 28, "V05406": 28, "V05412": 28, "V05422": 0, "V05424": 23, "V05427": 6, "V05409": 6, "V05415": 8, "V05418": 0, "V05430": 20, "V05433": 5, "criancas_0a4": 21, "em_favela": false }, "geometry": { "type": "Polygon", "coordinates": [ [ [ -46.537126, -23.581805 ], [ -46.537361, -23.582147 ], [ -46.536186, -23.583672 ], [ -46.536474, -23.584271 ], [ -46.537572, -23.582852 ], [ -46.537715, -23.582815 ], [ -46.538127, -23.583089 ], [ -46.538265, -23.583089 ], [ -46.538316, -23.583041 ], [ -46.538631, -23.58225 ], [ -46.538556, -23.582102 ], [ -46.539387, -23.581468 ], [ -46.539446, -23.581605 ], [ -46.539538, -23.581673 ], [ -46.540529, -23.581538 ], [ -46.539777, -23.57992 ], [ -46.537126, -23.581805 ] ] ] } },
{ "type": "Feature", "properties": { "CD_SETOR": "355030872000098", "faces": 17, "pavimentada": 100.0, "bueiro": 47.06, "iluminacao": 100.0, "onibus": 5.88, "ciclovia": 5.88, "calcada": 100.0, "obstaculo": 94.12, "rampa": 11.76, "rampa_faces": 11.76, "sem_calcada": 0.0, "sem_arvore": 35.29, "muitas_arvores": 23.53, "vao": 88.24, "V05400": 17, "V05421": 17, "V05406": 17, "V05412": 17, "V05422": 0, "V05424": 16, "V05427": 2, "V05409": 8, "V05415": 1, "V05418": 1, "V05430": 6, "V05433": 4, "criancas_0a4": 28, "em_favela": false }, "geometry": { "type": "Polygon", "coordinates": [ [ [ -46.536474, -23.584271 ], [ -46.53692, -23.585222 ], [ -46.539198, -23.584302 ], [ -46.538774, -23.583357 ], [ -46.539089, -23.583231 ], [ -46.538631, -23.58225 ], [ -46.538265, -23.583089 ], [ -46.538127, -23.583089 ], [ -46.537715, -23.582815 ], [ -46.537572, -23.582852 ], [ -46.536474, -23.584271 ] ] ] } },
{ "type": "Feature", "properties": { "CD_SETOR": "355030872000100", "faces": 1, "pavimentada": 100.0, "bueiro": 100.0, "iluminacao": 100.0, "onibus": 100.0, "ciclovia": 0.0, "calcada": 100.0, "obstaculo": 0.0, "rampa": 100.0, "rampa_faces": 100.0, "sem_calcada": 0.0, "sem_arvore": 100.0, "muitas_arvores": 0.0, "vao": 0.0, "V05400": 1, "V05421": 1, "V05406": 1, "V05412": 1, "V05422": 0, "V05424": 0, "V05427": 1, "V05409": 1, "V05415": 1, "V05418": 0, "V05430": 1, "V05433": 0, "criancas_0a4": 10, "em_favela": false }, "geometry": { "type": "Polygon", "coordinates": [ [ [ -46.536508, -23.58434 ], [ -46.536474, -23.584271 ], [ -46.536308, -23.584355 ], [ -46.535849, -23.584846 ], [ -46.535871, -23.58496 ], [ -46.535283, -23.585077 ], [ -46.535414, -23.585615 ], [ -46.536094, -23.585437 ], [ -46.535976, -23.585061 ], [ -46.536455, -23.584866 ], [ -46.536287, -23.58451 ], [ -46.53631, -23.584429 ], [ -46.536508, -23.58434 ] ] ] } },
{ "type": "Feature", "properties": { "CD_SETOR": "355030872000102", "faces": 40, "pavimentada": 100.0, "bueiro": 55.0, "iluminacao": 100.0, "onibus": 12.5, "ciclovia": 0.0, "calcada": 95.0, "obstaculo": 89.47, "rampa": 15.79, "rampa_faces": 15.0, "sem_calcada": 5.0, "sem_arvore": 42.5, "muitas_arvores": 37.5, "vao": 85.0, "V05400": 40, "V05421": 38, "V05406": 40, "V05412": 40, "V05422": 2, "V05424": 34, "V05427": 6, "V05409": 22, "V05415": 5, "V05418": 0, "V05430": 17, "V05433": 15, "criancas_0a4": 28, "em_favela": false }, "geometry": { "type": "Polygon", "coordinates": [ [ [ -46.533401, -23.598281 ], [ -46.533676, -23.598834 ], [ -46.534007, -23.598671 ], [ -46.535999, -23.601692 ], [ -46.5368, -23.600936 ], [ -46.53711, -23.600532 ], [ -46.537217, -23.600337 ], [ -46.537187, -23.600177 ], [ -46.535436, -23.597475 ], [ -46.53466, -23.597879 ], [ -46.533401, -23.598281 ] ] ] } },
{ "type": "Feature", "properties": { "CD_SETOR": "355030872000103", "faces": 20, "pavimentada": 100.0, "bueiro": 35.0, "iluminacao": 100.0, "onibus": 15.0, "ciclovia": 0.0, "calcada": 90.0, "obstaculo": 88.89, "rampa": 11.11, "rampa_faces": 10.0, "sem_calcada": 10.0, "sem_arvore": 40.0, "muitas_arvores": 30.0, "vao": 90.0, "V05400": 20, "V05421": 18, "V05406": 20, "V05412": 20, "V05422": 2, "V05424": 16, "V05427": 2, "V05409": 7, "V05415": 3, "V05418": 0, "V05430": 8, "V05433": 6, "criancas_0a4": 24, "em_favela": false }, "geometry": { "type": "Polygon", "coordinates": [ [ [ -46.535999, -23.601692 ], [ -46.535686, -23.601896 ], [ -46.536793, -23.60403 ], [ -46.536864, -23.604065 ], [ -46.537284, -23.604881 ], [ -46.537971, -23.604756 ], [ -46.538211, -23.604546 ], [ -46.537217, -23.600337 ], [ -46.5368, -23.600936 ], [ -46.535999, -23.601692 ] ] ] } },
{ "type": "Feature", "properties": { "CD_SETOR": "355030872000104", "faces": 15, "pavimentada": 100.0, "bueiro": 13.33, "iluminacao": 100.0, "onibus": 26.67, "ciclovia": 0.0, "calcada": 86.67, "obstaculo": 100.0, "rampa": 23.08, "rampa_faces": 20.0, "sem_calcada": 13.33, "sem_arvore": 40.0, "muitas_arvores": 13.33, "vao": 80.0, "V05400": 15, "V05421": 13, "V05406": 15, "V05412": 15, "V05422": 2, "V05424": 13, "V05427": 3, "V05409": 2, "V05415": 4, "V05418": 0, "V05430": 6, "V05433": 2, "criancas_0a4": 32, "em_favela": false }, "geometry": { "type": "Polygon", "coordinates": [ [ [ -46.538036, -23.603822 ], [ -46.538166, -23.604371 ], [ -46.538381, -23.604317 ], [ -46.53859, -23.604243 ], [ -46.53891, -23.603997 ], [ -46.5391, -23.60376 ], [ -46.539216, -23.603459 ], [ -46.539457, -23.603587 ], [ -46.539646, -23.603758 ], [ -46.539797, -23.604247 ], [ -46.539887, -23.604377 ], [ -46.540064, -23.604432 ], [ -46.540448, -23.604395 ], [ -46.540356, -23.603903 ], [ -46.54021, -23.603508 ], [ -46.540098, -23.603352 ], [ -46.539808, -23.603114 ], [ -46.540093, -23.602637 ], [ -46.538614, -23.601819 ], [ -46.538352, -23.602296 ], [ -46.538312, -23.60255 ], [ -46.538382, -23.602798 ], [ -46.538553, -23.603051 ], [ -46.538567, -23.603432 ], [ -46.538435, -23.603646 ], [ -46.538036, -23.603822 ] ] ] } },
{ "type": "Feature", "properties": { "CD_SETOR": "355030872000105", "faces": 18, "pavimentada": 100.0, "bueiro": 50.0, "iluminacao": 100.0, "onibus": 61.11, "ciclovia": 0.0, "calcada": 88.89, "obstaculo": 100.0, "rampa": 0.0, "rampa_faces": 0.0, "sem_calcada": 11.11, "sem_arvore": 27.78, "muitas_arvores": 33.33, "vao": 100.0, "V05400": 18, "V05421": 16, "V05406": 18, "V05412": 18, "V05422": 2, "V05424": 16, "V05427": 0, "V05409": 9, "V05415": 11, "V05418": 0, "V05430": 5, "V05433": 6, "criancas_0a4": 35, "em_favela": false }, "geometry": { "type": "Polygon", "coordinates": [ [ [ -46.538614, -23.601819 ], [ -46.540408, -23.602798 ], [ -46.540555, -23.602957 ], [ -46.540847, -23.603473 ], [ -46.54105, -23.604326 ], [ -46.5415, -23.604229 ], [ -46.541811, -23.604014 ], [ -46.541964, -23.603744 ], [ -46.542111, -23.603268 ], [ -46.54249, -23.603353 ], [ -46.542621, -23.602798 ], [ -46.54085, -23.602356 ], [ -46.540577, -23.602237 ], [ -46.540103, -23.601935 ], [ -46.539701, -23.601549 ], [ -46.539544, -23.601321 ], [ -46.539377, -23.60103 ], [ -46.539184, -23.600444 ], [ -46.539055, -23.601079 ], [ -46.538614, -23.601819 ] ] ] } },
{ "type": "Feature", "properties": { "CD_SETOR": "355030872000106", "faces": 13, "pavimentada": 100.0, "bueiro": 38.46, "iluminacao": 100.0, "onibus": 15.38, "ciclovia": 53.85, "calcada": 100.0, "obstaculo": 61.54, "rampa": 0.0, "rampa_faces": 0.0, "sem_calcada": 0.0, "sem_arvore": 69.23, "muitas_arvores": 7.69, "vao": 100.0, "V05400": 13, "V05421": 13, "V05406": 13, "V05412": 13, "V05422": 0, "V05424": 8, "V05427": 0, "V05409": 5, "V05415": 2, "V05418": 7, "V05430": 9, "V05433": 1, "criancas_0a4": 11, "em_favela": false }, "geometry": { "type": "Polygon", "coordinates": [ [ [ -46.555534, -23.594974 ], [ -46.555615, -23.595335 ], [ -46.55579, -23.5954 ], [ -46.556637, -23.59464 ], [ -46.558464, -23.593914 ], [ -46.558402, -23.593388 ], [ -46.558306, -23.593394 ], [ -46.558249, -23.593342 ], [ -46.558279, -23.59317 ], [ -46.557479, -23.592592 ], [ -46.555534, -23.594974 ] ] ] } },
{ "type": "Feature", "properties": { "CD_SETOR": "355030872000107", "faces": 32, "pavimentada": 100.0, "bueiro": 9.38, "iluminacao": 100.0, "onibus": 34.38, "ciclovia": 21.88, "calcada": 100.0, "obstaculo": 59.38, "rampa": 6.25, "rampa_faces": 6.25, "sem_calcada": 0.0, "sem_arvore": 37.5, "muitas_arvores": 25.0, "vao": 93.75, "V05400": 32, "V05421": 32, "V05406": 32, "V05412": 32, "V05422": 0, "V05424": 19, "V05427": 2, "V05409": 3, "V05415": 11, "V05418": 7, "V05430": 12, "V05433": 8, "criancas_0a4": 16, "em_favela": false }, "geometry": { "type": "Polygon", "coordinates": [ [ [ -46.556139, -23.590793 ], [ -46.554336, -23.592912 ], [ -46.555534, -23.594974 ], [ -46.557923, -23.592064 ], [ -46.556139, -23.590793 ] ] ] } },
{ "type": "Feature", "properties": { "CD_SETOR": "355030872000108", "faces": 23, "pavimentada": 100.0, "bueiro": 30.43, "iluminacao": 100.0, "onibus": 4.35, "ciclovia": 0.0, "calcada": 100.0, "obstaculo": 95.65, "rampa": 4.35, "rampa_faces": 4.35, "sem_calcada": 0.0, "sem_arvore": 26.09, "muitas_arvores": 34.78, "vao": 95.65, "V05400": 23, "V05421": 23, "V05406": 23, "V05412": 23, "V05422": 0, "V05424": 22, "V05427": 1, "V05409": 7, "V05415": 1, "V05418": 0, "V05430": 6, "V05433": 8, "criancas_0a4": 32, "em_favela": false }, "geometry": { "type": "Polygon", "coordinates": [ [ [ -46.558502, -23.587997 ], [ -46.554698, -23.590238 ], [ -46.554782, -23.592408 ], [ -46.556139, -23.590793 ], [ -46.557021, -23.591421 ], [ -46.558837, -23.589242 ], [ -46.557973, -23.588594 ], [ -46.558502, -23.587997 ] ] ] } },
{ "type": "Feature", "properties": { "CD_SETOR": "355030872000112", "faces": 23, "pavimentada": 100.0, "bueiro": 60.87, "iluminacao": 100.0, "onibus": 17.39, "ciclovia": 13.04, "calcada": 91.3, "obstaculo": 95.24, "rampa": 4.76, "rampa_faces": 4.35, "sem_calcada": 8.7, "sem_arvore": 43.48, "muitas_arvores": 8.7, "vao": 95.65, "V05400": 23, "V05421": 21, "V05406": 23, "V05412": 23, "V05422": 2, "V05424": 20, "V05427": 1, "V05409": 14, "V05415": 4, "V05418": 3, "V05430": 10, "V05433": 2, "criancas_0a4": 32, "em_favela": false }, "geometry": { "type": "Polygon", "coordinates": [ [ [ -46.55404, -23.578947 ], [ -46.553087, -23.57934 ], [ -46.554343, -23.582061 ], [ -46.554411, -23.582624 ], [ -46.557605, -23.581966 ], [ -46.55755, -23.580897 ], [ -46.555619, -23.581096 ], [ -46.555146, -23.581213 ], [ -46.55404, -23.578947 ] ] ] } },
{ "type": "Feature", "properties": { "CD_SETOR": "355030872000113", "faces": 26, "pavimentada": 100.0, "bueiro": 3.85, "iluminacao": 100.0, "onibus": 15.38, "ciclovia": 0.0, "calcada": 92.31, "obstaculo": 91.67, "rampa": 12.5, "rampa_faces": 11.54, "sem_calcada": 7.69, "sem_arvore": 42.31, "muitas_arvores": 15.38, "vao": 88.46, "V05400": 26, "V05421": 24, "V05406": 26, "V05412": 26, "V05422": 2, "V05424": 22, "V05427": 3, "V05409": 1, "V05415": 4, "V05418": 0, "V05430": 11, "V05433": 4, "criancas_0a4": 25, "em_favela": false }, "geometry": { "type": "Polygon", "coordinates": [ [ [ -46.553203, -23.576335 ], [ -46.551035, -23.57686 ], [ -46.552405, -23.579619 ], [ -46.5539, -23.579004 ], [ -46.553242, -23.577628 ], [ -46.553724, -23.577432 ], [ -46.553203, -23.576335 ] ] ] } },
{ "type": "Feature", "properties": { "CD_SETOR": "355030872000114", "faces": 32, "pavimentada": 100.0, "bueiro": 25.0, "iluminacao": 100.0, "onibus": 9.38, "ciclovia": 0.0, "calcada": 100.0, "obstaculo": 100.0, "rampa": 21.88, "rampa_faces": 21.88, "sem_calcada": 0.0, "sem_arvore": 59.38, "muitas_arvores": 18.75, "vao": 78.12, "V05400": 32, "V05421": 32, "V05406": 32, "V05412": 32, "V05422": 0, "V05424": 32, "V05427": 7, "V05409": 8, "V05415": 3, "V05418": 0, "V05430": 19, "V05433": 6, "criancas_0a4": 31, "em_favela": false }, "geometry": { "type": "Polygon", "coordinates": [ [ [ -46.533676, -23.598834 ], [ -46.532773, -23.599089 ], [ -46.533408, -23.601511 ], [ -46.533932, -23.601575 ], [ -46.53527, -23.602016 ], [ -46.535549, -23.601953 ], [ -46.535838, -23.601817 ], [ -46.535999, -23.601692 ], [ -46.534007, -23.598671 ], [ -46.533676, -23.598834 ] ] ] } },
{ "type": "Feature", "properties": { "CD_SETOR": "355030872000115", "faces": 29, "pavimentada": 100.0, "bueiro": 31.03, "iluminacao": 100.0, "onibus": 13.79, "ciclovia": 0.0, "calcada": 96.55, "obstaculo": 89.29, "rampa": 7.14, "rampa_faces": 6.9, "sem_calcada": 3.45, "sem_arvore": 51.72, "muitas_arvores": 13.79, "vao": 93.1, "V05400": 29, "V05421": 28, "V05406": 29, "V05412": 29, "V05422": 1, "V05424": 25, "V05427": 2, "V05409": 9, "V05415": 4, "V05418": 0, "V05430": 15, "V05433": 4, "criancas_0a4": 33, "em_favela": false }, "geometry": { "type": "Polygon", "coordinates": [ [ [ -46.533454, -23.602129 ], [ -46.534557, -23.603625 ], [ -46.53479, -23.604078 ], [ -46.534813, -23.604627 ], [ -46.536124, -23.603786 ], [ -46.536298, -23.604149 ], [ -46.536793, -23.60403 ], [ -46.535686, -23.601896 ], [ -46.535389, -23.602001 ], [ -46.535159, -23.602001 ], [ -46.533932, -23.601575 ], [ -46.533623, -23.601547 ], [ -46.533695, -23.601729 ], [ -46.533454, -23.602129 ] ] ] } },
{ "type": "Feature", "properties": { "CD_SETOR": "355030872000116", "faces": 30, "pavimentada": 100.0, "bueiro": 60.0, "iluminacao": 100.0, "onibus": 16.67, "ciclovia": 0.0, "calcada": 90.0, "obstaculo": 100.0, "rampa": 3.7, "rampa_faces": 3.33, "sem_calcada": 10.0, "sem_arvore": 43.33, "muitas_arvores": 23.33, "vao": 96.67, "V05400": 30, "V05421": 27, "V05406": 30, "V05412": 30, "V05422": 3, "V05424": 27, "V05427": 1, "V05409": 18, "V05415": 5, "V05418": 0, "V05430": 13, "V05433": 7, "criancas_0a4": 26, "em_favela": false }, "geometry": { "type": "Polygon", "coordinates": [ [ [ -46.534813, -23.604627 ], [ -46.534796, -23.604775 ], [ -46.535084, -23.604837 ], [ -46.53612, -23.604798 ], [ -46.536206, -23.605135 ], [ -46.536308, -23.607208 ], [ -46.536807, -23.607191 ], [ -46.536785, -23.606199 ], [ -46.537326, -23.60617 ], [ -46.537305, -23.604971 ], [ -46.537246, -23.604772 ], [ -46.536864, -23.604065 ], [ -46.536661, -23.604046 ], [ -46.536298, -23.604149 ], [ -46.536124, -23.603786 ], [ -46.534813, -23.604627 ] ] ] } },
{ "type": "Feature", "properties": { "CD_SETOR": "355030872000117", "faces": 24, "pavimentada": 95.83, "bueiro": 41.67, "iluminacao": 100.0, "onibus": 20.83, "ciclovia": 0.0, "calcada": 91.67, "obstaculo": 100.0, "rampa": 0.0, "rampa_faces": 0.0, "sem_calcada": 8.33, "sem_arvore": 45.83, "muitas_arvores": 8.33, "vao": 95.83, "V05400": 24, "V05421": 22, "V05406": 23, "V05412": 24, "V05422": 2, "V05424": 22, "V05427": 0, "V05409": 10, "V05415": 5, "V05418": 0, "V05430": 11, "V05433": 2, "criancas_0a4": 32, "em_favela": false }, "geometry": { "type": "Polygon", "coordinates": [ [ [ -46.534743, -23.605681 ], [ -46.535188, -23.606913 ], [ -46.536308, -23.607208 ], [ -46.536206, -23.605135 ], [ -46.53612, -23.604798 ], [ -46.535201, -23.60485 ], [ -46.534796, -23.604775 ], [ -46.534708, -23.605267 ], [ -46.534743, -23.605681 ] ] ] } },
{ "type": "Feature", "properties": { "CD_SETOR": "355030872000118", "faces": 25, "pavimentada": 100.0, "bueiro": 48.0, "iluminacao": 100.0, "onibus": 8.0, "ciclovia": 0.0, "calcada": 96.0, "obstaculo": 95.83, "rampa": 0.0, "rampa_faces": 0.0, "sem_calcada": 4.0, "sem_arvore": 52.0, "muitas_arvores": 20.0, "vao": 100.0, "V05400": 25, "V05421": 24, "V05406": 25, "V05412": 25, "V05422": 1, "V05424": 23, "V05427": 0, "V05409": 12, "V05415": 2, "V05418": 0, "V05430": 13, "V05433": 5, "criancas_0a4": 42, "em_favela": false }, "geometry": { "type": "Polygon", "coordinates": [ [ [ -46.536308, -23.607208 ], [ -46.535188, -23.606913 ], [ -46.535689, -23.608388 ], [ -46.535873, -23.608246 ], [ -46.535935, -23.60813 ], [ -46.53687, -23.60809 ], [ -46.536897, -23.609002 ], [ -46.537439, -23.608984 ], [ -46.537326, -23.60617 ], [ -46.536785, -23.606199 ], [ -46.536807, -23.607191 ], [ -46.536308, -23.607208 ] ] ] } },
{ "type": "Feature", "properties": { "CD_SETOR": "355030872000119", "faces": 29, "pavimentada": 100.0, "bueiro": 51.72, "iluminacao": 100.0, "onibus": 24.14, "ciclovia": 0.0, "calcada": 86.21, "obstaculo": 68.0, "rampa": 8.0, "rampa_faces": 6.9, "sem_calcada": 13.79, "sem_arvore": 58.62, "muitas_arvores": 20.69, "vao": 93.1, "V05400": 29, "V05421": 25, "V05406": 29, "V05412": 29, "V05422": 4, "V05424": 17, "V05427": 2, "V05409": 15, "V05415": 7, "V05418": 0, "V05430": 17, "V05433": 6, "criancas_0a4": 28, "em_favela": false }, "geometry": { "type": "Polygon", "coordinates": [ [ [ -46.538166, -23.604371 ], [ -46.538211, -23.604546 ], [ -46.537971, -23.604756 ], [ -46.537284, -23.604881 ], [ -46.537526, -23.611387 ], [ -46.538098, -23.611364 ], [ -46.538099, -23.6114 ], [ -46.538394, -23.611354 ], [ -46.539254, -23.61082 ], [ -46.53924, -23.610727 ], [ -46.539522, -23.610525 ], [ -46.540117, -23.610194 ], [ -46.540208, -23.610292 ], [ -46.541477, -23.609473 ], [ -46.541513, -23.60952 ], [ -46.541846, -23.60933 ], [ -46.541891, -23.609394 ], [ -46.541998, -23.609315 ], [ -46.542027, -23.609337 ], [ -46.544424, -23.60792 ], [ -46.542555, -23.604378 ], [ -46.542446, -23.603807 ], [ -46.54249, -23.603353 ], [ -46.542111, -23.603268 ], [ -46.541964, -23.603744 ], [ -46.541811, -23.604014 ], [ -46.5415, -23.604229 ], [ -46.54105, -23.604326 ], [ -46.540919, -23.603666 ], [ -46.540764, -23.603294 ], [ -46.540408, -23.602798 ], [ -46.540093, -23.602637 ], [ -46.539808, -23.603114 ], [ -46.540098, -23.603352 ], [ -46.54021, -23.603508 ], [ -46.540356, -23.603903 ], [ -46.540448, -23.604395 ], [ -46.540064, -23.604432 ], [ -46.539887, -23.604377 ], [ -46.539797, -23.604247 ], [ -46.539646, -23.603758 ], [ -46.539457, -23.603587 ], [ -46.539216, -23.603459 ], [ -46.53902, -23.60388 ], [ -46.538738, -23.604148 ], [ -46.53859, -23.604243 ], [ -46.538166, -23.604371 ] ], [ [ -46.541095, -23.608362 ], [ -46.541635, -23.609051 ], [ -46.539758, -23.610272 ], [ -46.539505, -23.609901 ], [ -46.539555, -23.609871 ], [ -46.53943, -23.609704 ], [ -46.539635, -23.609578 ], [ -46.539449, -23.609321 ], [ -46.541095, -23.608362 ] ] ] } },
{ "type": "Feature", "properties": { "CD_SETOR": "355030872000121", "faces": 13, "pavimentada": 100.0, "bueiro": 92.31, "iluminacao": 100.0, "onibus": 46.15, "ciclovia": 38.46, "calcada": 100.0, "obstaculo": 69.23, "rampa": 46.15, "rampa_faces": 46.15, "sem_calcada": 0.0, "sem_arvore": 92.31, "muitas_arvores": 0.0, "vao": 53.85, "V05400": 13, "V05421": 13, "V05406": 13, "V05412": 13, "V05422": 0, "V05424": 9, "V05427": 6, "V05409": 12, "V05415": 6, "V05418": 5, "V05430": 12, "V05433": 0, "criancas_0a4": 7, "em_favela": false }, "geometry": { "type": "Polygon", "coordinates": [ [ [ -46.558402, -23.593388 ], [ -46.558464, -23.593914 ], [ -46.55887, -23.593739 ], [ -46.559871, -23.59273 ], [ -46.560356, -23.592136 ], [ -46.559639, -23.591654 ], [ -46.558465, -23.593169 ], [ -46.558498, -23.593306 ], [ -46.558402, -23.593388 ] ] ] } },
{ "type": "Feature", "properties": { "CD_SETOR": "355030872000122", "faces": 18, "pavimentada": 100.0, "bueiro": 50.0, "iluminacao": 88.89, "onibus": 22.22, "ciclovia": 16.67, "calcada": 66.67, "obstaculo": 83.33, "rampa": 16.67, "rampa_faces": 11.11, "sem_calcada": 33.33, "sem_arvore": 77.78, "muitas_arvores": 5.56, "vao": 88.89, "V05400": 18, "V05421": 12, "V05406": 18, "V05412": 16, "V05422": 6, "V05424": 10, "V05427": 2, "V05409": 9, "V05415": 4, "V05418": 3, "V05430": 14, "V05433": 1, "criancas_0a4": 18, "em_favela": false }, "geometry": { "type": "Polygon", "coordinates": [ [ [ -46.562063, -23.587127 ], [ -46.557479, -23.592592 ], [ -46.558279, -23.59317 ], [ -46.558237, -23.593289 ], [ -46.558306, -23.593394 ], [ -46.558462, -23.593353 ], [ -46.558507, -23.593251 ], [ -46.558465, -23.593169 ], [ -46.558959, -23.592506 ], [ -46.563303, -23.587272 ], [ -46.56234, -23.586737 ], [ -46.562063, -23.587127 ] ] ] } },
{ "type": "Feature", "properties": { "CD_SETOR": "355030872000123", "faces": 15, "pavimentada": 100.0, "bueiro": 53.33, "iluminacao": 100.0, "onibus": 26.67, "ciclovia": 46.67, "calcada": 100.0, "obstaculo": 73.33, "rampa": 26.67, "rampa_faces": 26.67, "sem_calcada": 0.0, "sem_arvore": 53.33, "muitas_arvores": 33.33, "vao": 73.33, "V05400": 15, "V05421": 15, "V05406": 15, "V05412": 15, "V05422": 0, "V05424": 11, "V05427": 4, "V05409": 8, "V05415": 4, "V05418": 7, "V05430": 8, "V05433": 5, "criancas_0a4": 17, "em_favela": false }, "geometry": { "type": "Polygon", "coordinates": [ [ [ -46.558502, -23.587997 ], [ -46.557973, -23.588594 ], [ -46.558837, -23.589242 ], [ -46.557021, -23.591421 ], [ -46.557923, -23.592064 ], [ -46.560474, -23.589011 ], [ -46.560402, -23.588769 ], [ -46.56057, -23.588005 ], [ -46.559737, -23.587403 ], [ -46.558502, -23.587997 ] ] ] } },
{ "type": "Feature", "properties": { "CD_SETOR": "355030872000124", "faces": 20, "pavimentada": 100.0, "bueiro": 60.0, "iluminacao": 100.0, "onibus": 10.0, "ciclovia": 0.0, "calcada": 100.0, "obstaculo": 100.0, "rampa": 5.0, "rampa_faces": 5.0, "sem_calcada": 0.0, "sem_arvore": 20.0, "muitas_arvores": 10.0, "vao": 95.0, "V05400": 20, "V05421": 20, "V05406": 20, "V05412": 20, "V05422": 0, "V05424": 20, "V05427": 1, "V05409": 12, "V05415": 2, "V05418": 0, "V05430": 4, "V05433": 2, "criancas_0a4": 22, "em_favela": false }, "geometry": { "type": "Polygon", "coordinates": [ [ [ -46.557571, -23.585856 ], [ -46.557368, -23.587194 ], [ -46.557553, -23.58854 ], [ -46.558502, -23.587997 ], [ -46.560115, -23.587225 ], [ -46.559162, -23.585526 ], [ -46.557571, -23.585856 ] ] ] } },
{ "type": "Feature", "properties": { "CD_SETOR": "355030872000125", "faces": 10, "pavimentada": 100.0, "bueiro": 70.0, "iluminacao": 100.0, "onibus": 0.0, "ciclovia": 0.0, "calcada": 100.0, "obstaculo": 40.0, "rampa": 30.0, "rampa_faces": 30.0, "sem_calcada": 0.0, "sem_arvore": 30.0, "muitas_arvores": 10.0, "vao": 70.0, "V05400": 10, "V05421": 10, "V05406": 10, "V05412": 10, "V05422": 0, "V05424": 4, "V05427": 3, "V05409": 7, "V05415": 0, "V05418": 0, "V05430": 3, "V05433": 1, "criancas_0a4": 24, "em_favela": false }, "geometry": { "type": "Polygon", "coordinates": [ [ [ -46.558693, -23.584693 ], [ -46.559588, -23.586253 ], [ -46.559695, -23.586215 ], [ -46.560313, -23.585739 ], [ -46.560839, -23.584632 ], [ -46.559408, -23.584552 ], [ -46.558693, -23.584693 ] ] ] } },
{ "type": "Feature", "properties": { "CD_SETOR": "355030872000126", "faces": 12, "pavimentada": 100.0, "bueiro": 58.33, "iluminacao": 100.0, "onibus": 16.67, "ciclovia": 25.0, "calcada": 100.0, "obstaculo": 41.67, "rampa": 8.33, "rampa_faces": 8.33, "sem_calcada": 0.0, "sem_arvore": 58.33, "muitas_arvores": 16.67, "vao": 91.67, "V05400": 12, "V05421": 12, "V05406": 12, "V05412": 12, "V05422": 0, "V05424": 5, "V05427": 1, "V05409": 7, "V05415": 2, "V05418": 3, "V05430": 7, "V05433": 2, "criancas_0a4": 12, "em_favela": false }, "geometry": { "type": "Polygon", "coordinates": [ [ [ -46.561274, -23.583741 ], [ -46.560313, -23.585739 ], [ -46.560228, -23.585838 ], [ -46.561137, -23.586547 ], [ -46.561556, -23.585931 ], [ -46.561109, -23.585818 ], [ -46.561572, -23.584931 ], [ -46.56196, -23.58506 ], [ -46.562535, -23.583868 ], [ -46.561274, -23.583741 ] ] ] } },
{ "type": "Feature", "properties": { "CD_SETOR": "355030872000127", "faces": 27, "pavimentada": 100.0, "bueiro": 92.59, "iluminacao": 100.0, "onibus": 25.93, "ciclovia": 3.7, "calcada": 100.0, "obstaculo": 66.67, "rampa": 14.81, "rampa_faces": 14.81, "sem_calcada": 0.0, "sem_arvore": 25.93, "muitas_arvores": 40.74, "vao": 85.19, "V05400": 27, "V05421": 27, "V05406": 27, "V05412": 27, "V05422": 0, "V05424": 18, "V05427": 4, "V05409": 25, "V05415": 7, "V05418": 1, "V05430": 7, "V05433": 11, "criancas_0a4": 29, "em_favela": false }, "geometry": { "type": "Polygon", "coordinates": [ [ [ -46.557571, -23.585856 ], [ -46.559162, -23.585526 ], [ -46.558693, -23.584693 ], [ -46.559408, -23.584552 ], [ -46.560839, -23.584632 ], [ -46.561274, -23.583741 ], [ -46.562535, -23.583868 ], [ -46.562786, -23.583255 ], [ -46.562846, -23.582836 ], [ -46.56007, -23.582575 ], [ -46.558272, -23.583494 ], [ -46.5581, -23.583618 ], [ -46.557946, -23.583813 ], [ -46.557571, -23.585856 ] ] ] } },
{ "type": "Feature", "properties": { "CD_SETOR": "355030872000128", "faces": 25, "pavimentada": 100.0, "bueiro": 76.0, "iluminacao": 100.0, "onibus": 32.0, "ciclovia": 12.0, "calcada": 88.0, "obstaculo": 95.45, "rampa": 0.0, "rampa_faces": 0.0, "sem_calcada": 12.0, "sem_arvore": 44.0, "muitas_arvores": 20.0, "vao": 100.0, "V05400": 25, "V05421": 22, "V05406": 25, "V05412": 25, "V05422": 3, "V05424": 21, "V05427": 0, "V05409": 19, "V05415": 8, "V05418": 3, "V05430": 11, "V05433": 5, "criancas_0a4": 6, "em_favela": false }, "geometry": { "type": "Polygon", "coordinates": [ [ [ -46.55622, -23.58103 ], [ -46.55755, -23.580897 ], [ -46.557605, -23.581966 ], [ -46.558737, -23.581759 ], [ -46.559707, -23.581748 ], [ -46.562906, -23.582377 ], [ -46.562922, -23.582109 ], [ -46.563131, -23.581411 ], [ -46.559853, -23.580686 ], [ -46.557824, -23.580868 ], [ -46.557692, -23.579862 ], [ -46.555933, -23.580051 ], [ -46.55622, -23.58103 ] ] ] } },
{ "type": "Feature", "properties": { "CD_SETOR": "355030872000129", "faces": 18, "pavimentada": 100.0, "bueiro": 55.56, "iluminacao": 100.0, "onibus": 11.11, "ciclovia": 0.0, "calcada": 100.0, "obstaculo": 88.89, "rampa": 0.0, "rampa_faces": 0.0, "sem_calcada": 0.0, "sem_arvore": 50.0, "muitas_arvores": 0.0, "vao": 100.0, "V05400": 18, "V05421": 18, "V05406": 18, "V05412": 18, "V05422": 0, "V05424": 16, "V05427": 0, "V05409": 10, "V05415": 2, "V05418": 0, "V05430": 9, "V05433": 0, "criancas_0a4": 37, "em_favela": false }, "geometry": { "type": "Polygon", "coordinates": [ [ [ -46.55404, -23.578947 ], [ -46.555146, -23.581213 ], [ -46.555619, -23.581096 ], [ -46.55622, -23.58103 ], [ -46.555933, -23.580051 ], [ -46.557692, -23.579862 ], [ -46.557552, -23.578778 ], [ -46.555687, -23.579151 ], [ -46.555478, -23.578354 ], [ -46.55404, -23.578947 ] ] ] } },
{ "type": "Feature", "properties": { "CD_SETOR": "355030872000130", "faces": 13, "pavimentada": 100.0, "bueiro": 69.23, "iluminacao": 100.0, "onibus": 0.0, "ciclovia": 0.0, "calcada": 84.62, "obstaculo": 90.91, "rampa": 0.0, "rampa_faces": 0.0, "sem_calcada": 15.38, "sem_arvore": 53.85, "muitas_arvores": 0.0, "vao": 100.0, "V05400": 13, "V05421": 11, "V05406": 13, "V05412": 13, "V05422": 2, "V05424": 10, "V05427": 0, "V05409": 9, "V05415": 0, "V05418": 0, "V05430": 7, "V05433": 0, "criancas_0a4": 9, "em_favela": false }, "geometry": { "type": "Polygon", "coordinates": [ [ [ -46.555478, -23.578354 ], [ -46.555687, -23.579151 ], [ -46.557552, -23.578778 ], [ -46.55741, -23.577675 ], [ -46.556118, -23.578091 ], [ -46.555478, -23.578354 ] ] ] } },
{ "type": "Feature", "properties": { "CD_SETOR": "355030872000131", "faces": 24, "pavimentada": 100.0, "bueiro": 58.33, "iluminacao": 100.0, "onibus": 0.0, "ciclovia": 0.0, "calcada": 100.0, "obstaculo": 100.0, "rampa": 4.17, "rampa_faces": 4.17, "sem_calcada": 0.0, "sem_arvore": 75.0, "muitas_arvores": 8.33, "vao": 95.83, "V05400": 24, "V05421": 24, "V05406": 24, "V05412": 24, "V05422": 0, "V05424": 24, "V05427": 1, "V05409": 14, "V05415": 0, "V05418": 0, "V05430": 18, "V05433": 2, "criancas_0a4": 18, "em_favela": false }, "geometry": { "type": "Polygon", "coordinates": [ [ [ -46.554375, -23.576051 ], [ -46.555478, -23.578354 ], [ -46.556118, -23.578091 ], [ -46.55741, -23.577675 ], [ -46.557118, -23.575385 ], [ -46.554375, -23.576051 ] ] ] } },
{ "type": "Feature", "properties": { "CD_SETOR": "355030872000132", "faces": 20, "pavimentada": 100.0, "bueiro": 50.0, "iluminacao": 100.0, "onibus": 5.0, "ciclovia": 0.0, "calcada": 100.0, "obstaculo": 85.0, "rampa": 10.0, "rampa_faces": 10.0, "sem_calcada": 0.0, "sem_arvore": 40.0, "muitas_arvores": 10.0, "vao": 90.0, "V05400": 20, "V05421": 20, "V05406": 20, "V05412": 20, "V05422": 0, "V05424": 17, "V05427": 2, "V05409": 10, "V05415": 1, "V05418": 0, "V05430": 8, "V05433": 2, "criancas_0a4": 18, "em_favela": false }, "geometry": { "type": "Polygon", "coordinates": [ [ [ -46.553203, -23.576335 ], [ -46.553724, -23.577432 ], [ -46.553242, -23.577628 ], [ -46.5539, -23.579004 ], [ -46.555478, -23.578354 ], [ -46.554375, -23.576051 ], [ -46.553203, -23.576335 ] ] ] } },
{ "type": "Feature", "properties": { "CD_SETOR": "355030872000133", "faces": 25, "pavimentada": 100.0, "bueiro": 52.0, "iluminacao": 100.0, "onibus": 24.0, "ciclovia": 4.0, "calcada": 100.0, "obstaculo": 88.0, "rampa": 20.0, "rampa_faces": 20.0, "sem_calcada": 0.0, "sem_arvore": 36.0, "muitas_arvores": 28.0, "vao": 80.0, "V05400": 25, "V05421": 25, "V05406": 25, "V05412": 25, "V05422": 0, "V05424": 22, "V05427": 5, "V05409": 13, "V05415": 6, "V05418": 1, "V05430": 9, "V05433": 7, "criancas_0a4": 40, "em_favela": false }, "geometry": { "type": "Polygon", "coordinates": [ [ [ -46.533394, -23.598283 ], [ -46.531834, -23.598775 ], [ -46.531653, -23.600269 ], [ -46.530829, -23.600192 ], [ -46.530285, -23.600282 ], [ -46.530562, -23.60196 ], [ -46.5309, -23.601744 ], [ -46.531181, -23.601639 ], [ -46.532565, -23.601472 ], [ -46.533408, -23.601511 ], [ -46.532773, -23.599089 ], [ -46.533676, -23.598834 ], [ -46.533394, -23.598283 ] ] ] } },
{ "type": "Feature", "properties": { "CD_SETOR": "355030872000134", "faces": 22, "pavimentada": 100.0, "bueiro": 90.91, "iluminacao": 100.0, "onibus": 54.55, "ciclovia": 0.0, "calcada": 100.0, "obstaculo": 90.91, "rampa": 13.64, "rampa_faces": 13.64, "sem_calcada": 0.0, "sem_arvore": 18.18, "muitas_arvores": 59.09, "vao": 86.36, "V05400": 22, "V05421": 22, "V05406": 22, "V05412": 22, "V05422": 0, "V05424": 20, "V05427": 3, "V05409": 20, "V05415": 12, "V05418": 0, "V05430": 4, "V05433": 13, "criancas_0a4": 37, "em_favela": false }, "geometry": { "type": "Polygon", "coordinates": [ [ [ -46.531937, -23.601544 ], [ -46.532024, -23.601746 ], [ -46.53161, -23.602638 ], [ -46.531523, -23.603126 ], [ -46.531571, -23.603385 ], [ -46.531874, -23.603762 ], [ -46.532316, -23.603868 ], [ -46.53319, -23.603803 ], [ -46.533379, -23.603734 ], [ -46.534267, -23.603207 ], [ -46.533454, -23.602129 ], [ -46.533695, -23.601729 ], [ -46.533623, -23.601547 ], [ -46.532871, -23.601471 ], [ -46.531937, -23.601544 ] ] ] } },
{ "type": "Feature", "properties": { "CD_SETOR": "355030872000135", "faces": 15, "pavimentada": 100.0, "bueiro": 66.67, "iluminacao": 100.0, "onibus": 33.33, "ciclovia": 0.0, "calcada": 93.33, "obstaculo": 92.86, "rampa": 7.14, "rampa_faces": 6.67, "sem_calcada": 6.67, "sem_arvore": 26.67, "muitas_arvores": 46.67, "vao": 93.33, "V05400": 15, "V05421": 14, "V05406": 15, "V05412": 15, "V05422": 1, "V05424": 13, "V05427": 1, "V05409": 10, "V05415": 5, "V05418": 0, "V05430": 4, "V05433": 7, "criancas_0a4": 35, "em_favela": false }, "geometry": { "type": "Polygon", "coordinates": [ [ [ -46.530562, -23.60196 ], [ -46.530293, -23.602183 ], [ -46.530358, -23.602251 ], [ -46.530981, -23.603726 ], [ -46.532169, -23.605134 ], [ -46.532962, -23.606599 ], [ -46.533275, -23.606438 ], [ -46.533359, -23.606338 ], [ -46.532574, -23.604892 ], [ -46.533376, -23.604365 ], [ -46.533624, -23.604806 ], [ -46.53479, -23.604078 ], [ -46.534557, -23.603625 ], [ -46.534267, -23.603207 ], [ -46.533276, -23.603781 ], [ -46.532316, -23.603868 ], [ -46.531988, -23.603816 ], [ -46.531874, -23.603762 ], [ -46.531658, -23.603536 ], [ -46.53154, -23.603314 ], [ -46.531523, -23.603126 ], [ -46.53161, -23.602638 ], [ -46.532024, -23.601746 ], [ -46.531937, -23.601544 ], [ -46.531027, -23.601685 ], [ -46.530562, -23.60196 ] ] ] } },
{ "type": "Feature", "properties": { "CD_SETOR": "355030872000136", "faces": 16, "pavimentada": 100.0, "bueiro": 43.75, "iluminacao": 100.0, "onibus": 6.25, "ciclovia": 0.0, "calcada": 100.0, "obstaculo": 100.0, "rampa": 0.0, "rampa_faces": 0.0, "sem_calcada": 0.0, "sem_arvore": 25.0, "muitas_arvores": 18.75, "vao": 100.0, "V05400": 16, "V05421": 16, "V05406": 16, "V05412": 16, "V05422": 0, "V05424": 16, "V05427": 0, "V05409": 7, "V05415": 1, "V05418": 0, "V05430": 4, "V05433": 3, "criancas_0a4": 33, "em_favela": false }, "geometry": { "type": "Polygon", "coordinates": [ [ [ -46.533359, -23.606338 ], [ -46.534743, -23.605681 ], [ -46.534708, -23.605267 ], [ -46.534813, -23.604627 ], [ -46.53479, -23.604078 ], [ -46.533624, -23.604806 ], [ -46.533376, -23.604365 ], [ -46.53259, -23.604865 ], [ -46.532576, -23.604946 ], [ -46.533359, -23.606338 ] ] ] } },
{ "type": "Feature", "properties": { "CD_SETOR": "355030872000137", "faces": 28, "pavimentada": 92.86, "bueiro": 46.43, "iluminacao": 100.0, "onibus": 7.14, "ciclovia": 0.0, "calcada": 85.71, "obstaculo": 91.67, "rampa": 4.17, "rampa_faces": 3.57, "sem_calcada": 14.29, "sem_arvore": 35.71, "muitas_arvores": 10.71, "vao": 89.29, "V05400": 28, "V05421": 24, "V05406": 26, "V05412": 28, "V05422": 4, "V05424": 22, "V05427": 1, "V05409": 13, "V05415": 2, "V05418": 0, "V05430": 10, "V05433": 3, "criancas_0a4": 34, "em_favela": false }, "geometry": { "type": "Polygon", "coordinates": [ [ [ -46.533359, -23.606338 ], [ -46.533275, -23.606438 ], [ -46.532962, -23.606599 ], [ -46.533987, -23.608496 ], [ -46.534488, -23.608285 ], [ -46.535273, -23.607224 ], [ -46.534743, -23.605681 ], [ -46.533359, -23.606338 ] ] ] } },
{ "type": "Feature", "properties": { "CD_SETOR": "355030872000138", "faces": 30, "pavimentada": 100.0, "bueiro": 90.0, "iluminacao": 100.0, "onibus": 23.33, "ciclovia": 0.0, "calcada": 100.0, "obstaculo": 86.67, "rampa": 6.67, "rampa_faces": 6.67, "sem_calcada": 0.0, "sem_arvore": 63.33, "muitas_arvores": 10.0, "vao": 93.33, "V05400": 30, "V05421": 30, "V05406": 30, "V05412": 30, "V05422": 0, "V05424": 26, "V05427": 2, "V05409": 27, "V05415": 7, "V05418": 0, "V05430": 19, "V05433": 3, "criancas_0a4": 46, "em_favela": false }, "geometry": { "type": "Polygon", "coordinates": [ [ [ -46.534106, -23.608456 ], [ -46.534871, -23.60912 ], [ -46.536348, -23.609018 ], [ -46.536378, -23.609883 ], [ -46.536935, -23.609857 ], [ -46.53687, -23.60809 ], [ -46.535935, -23.60813 ], [ -46.535873, -23.608246 ], [ -46.535689, -23.608388 ], [ -46.535273, -23.607224 ], [ -46.534488, -23.608285 ], [ -46.534106, -23.608456 ] ] ] } },
{ "type": "Feature", "properties": { "CD_SETOR": "355030872000140", "faces": 12, "pavimentada": 100.0, "bueiro": 58.33, "iluminacao": 100.0, "onibus": 0.0, "ciclovia": 0.0, "calcada": 100.0, "obstaculo": 100.0, "rampa": 0.0, "rampa_faces": 0.0, "sem_calcada": 0.0, "sem_arvore": 50.0, "muitas_arvores": 8.33, "vao": 100.0, "V05400": 12, "V05421": 12, "V05406": 12, "V05412": 12, "V05422": 0, "V05424": 12, "V05427": 0, "V05409": 7, "V05415": 0, "V05418": 0, "V05430": 6, "V05433": 1, "criancas_0a4": 35, "em_favela": false }, "geometry": { "type": "Polygon", "coordinates": [ [ [ -46.536897, -23.609002 ], [ -46.536935, -23.609857 ], [ -46.536378, -23.609883 ], [ -46.536446, -23.611546 ], [ -46.536973, -23.61162 ], [ -46.537156, -23.611949 ], [ -46.537513, -23.611715 ], [ -46.537439, -23.608984 ], [ -46.536897, -23.609002 ] ] ] } },
{ "type": "Feature", "properties": { "CD_SETOR": "355030872000141", "faces": 41, "pavimentada": 100.0, "bueiro": 95.12, "iluminacao": 100.0, "onibus": 29.27, "ciclovia": 39.02, "calcada": 100.0, "obstaculo": 43.9, "rampa": 31.71, "rampa_faces": 31.71, "sem_calcada": 0.0, "sem_arvore": 53.66, "muitas_arvores": 19.51, "vao": 68.29, "V05400": 41, "V05421": 41, "V05406": 41, "V05412": 41, "V05422": 0, "V05424": 18, "V05427": 13, "V05409": 39, "V05415": 12, "V05418": 16, "V05430": 22, "V05433": 8, "criancas_0a4": 15, "em_favela": false }, "geometry": { "type": "Polygon", "coordinates": [ [ [ -46.564951, -23.58358 ], [ -46.563223, -23.587392 ], [ -46.559639, -23.591654 ], [ -46.560356, -23.592136 ], [ -46.561709, -23.590741 ], [ -46.563174, -23.589056 ], [ -46.563658, -23.588437 ], [ -46.565796, -23.582902 ], [ -46.565925, -23.582682 ], [ -46.565022, -23.582592 ], [ -46.564951, -23.58358 ] ] ] } },
{ "type": "Feature", "properties": { "CD_SETOR": "355030872000143", "faces": 31, "pavimentada": 100.0, "bueiro": 77.42, "iluminacao": 100.0, "onibus": 12.9, "ciclovia": 16.13, "calcada": 100.0, "obstaculo": 100.0, "rampa": 19.35, "rampa_faces": 19.35, "sem_calcada": 0.0, "sem_arvore": 51.61, "muitas_arvores": 22.58, "vao": 80.65, "V05400": 31, "V05421": 31, "V05406": 31, "V05412": 31, "V05422": 0, "V05424": 31, "V05427": 6, "V05409": 24, "V05415": 4, "V05418": 5, "V05430": 16, "V05433": 7, "criancas_0a4": 18, "em_favela": false }, "geometry": { "type": "Polygon", "coordinates": [ [ [ -46.531834, -23.598775 ], [ -46.5291, -23.599655 ], [ -46.528146, -23.600151 ], [ -46.527272, -23.600766 ], [ -46.527466, -23.60125 ], [ -46.530375, -23.600794 ], [ -46.530285, -23.600282 ], [ -46.530829, -23.600192 ], [ -46.531653, -23.600269 ], [ -46.531834, -23.598775 ] ] ] } },
{ "type": "Feature", "properties": { "CD_SETOR": "355030872000144", "faces": 33, "pavimentada": 100.0, "bueiro": 72.73, "iluminacao": 100.0, "onibus": 15.15, "ciclovia": 6.06, "calcada": 96.97, "obstaculo": 90.62, "rampa": 9.38, "rampa_faces": 9.09, "sem_calcada": 3.03, "sem_arvore": 75.76, "muitas_arvores": 6.06, "vao": 90.91, "V05400": 33, "V05421": 32, "V05406": 33, "V05412": 33, "V05422": 1, "V05424": 29, "V05427": 3, "V05409": 24, "V05415": 5, "V05418": 2, "V05430": 25, "V05433": 2, "criancas_0a4": 25, "em_favela": false }, "geometry": { "type": "Polygon", "coordinates": [ [ [ -46.527466, -23.60125 ], [ -46.528118, -23.602945 ], [ -46.528655, -23.603075 ], [ -46.529034, -23.603094 ], [ -46.529266, -23.603033 ], [ -46.529772, -23.602784 ], [ -46.530362, -23.602106 ], [ -46.530562, -23.60196 ], [ -46.530375, -23.600794 ], [ -46.527466, -23.60125 ] ] ] } },
{ "type": "Feature", "properties": { "CD_SETOR": "355030872000145", "faces": 27, "pavimentada": 100.0, "bueiro": 74.07, "iluminacao": 100.0, "onibus": 18.52, "ciclovia": 0.0, "calcada": 100.0, "obstaculo": 85.19, "rampa": 22.22, "rampa_faces": 22.22, "sem_calcada": 0.0, "sem_arvore": 44.44, "muitas_arvores": 3.7, "vao": 77.78, "V05400": 27, "V05421": 27, "V05406": 27, "V05412": 27, "V05422": 0, "V05424": 23, "V05427": 6, "V05409": 20, "V05415": 5, "V05418": 0, "V05430": 12, "V05433": 1, "criancas_0a4": 31, "em_favela": false }, "geometry": { "type": "Polygon", "coordinates": [ [ [ -46.529374, -23.602985 ], [ -46.53057, -23.605811 ], [ -46.532195, -23.605231 ], [ -46.532122, -23.605072 ], [ -46.530981, -23.603726 ], [ -46.530358, -23.602251 ], [ -46.530293, -23.602183 ], [ -46.529772, -23.602784 ], [ -46.529374, -23.602985 ] ] ] } },
{ "type": "Feature", "properties": { "CD_SETOR": "355030872000146", "faces": 12, "pavimentada": 100.0, "bueiro": 58.33, "iluminacao": 100.0, "onibus": 8.33, "ciclovia": 0.0, "calcada": 100.0, "obstaculo": 100.0, "rampa": 0.0, "rampa_faces": 0.0, "sem_calcada": 0.0, "sem_arvore": 50.0, "muitas_arvores": 8.33, "vao": 100.0, "V05400": 12, "V05421": 12, "V05406": 12, "V05412": 12, "V05422": 0, "V05424": 12, "V05427": 0, "V05409": 7, "V05415": 1, "V05418": 0, "V05430": 6, "V05433": 1, "criancas_0a4": 29, "em_favela": false }, "geometry": { "type": "Polygon", "coordinates": [ [ [ -46.53057, -23.605811 ], [ -46.531833, -23.607386 ], [ -46.532962, -23.606599 ], [ -46.532195, -23.605231 ], [ -46.53057, -23.605811 ] ] ] } },
{ "type": "Feature", "properties": { "CD_SETOR": "355030872000147", "faces": 16, "pavimentada": 100.0, "bueiro": 81.25, "iluminacao": 100.0, "onibus": 6.25, "ciclovia": 0.0, "calcada": 100.0, "obstaculo": 93.75, "rampa": 6.25, "rampa_faces": 6.25, "sem_calcada": 0.0, "sem_arvore": 62.5, "muitas_arvores": 12.5, "vao": 93.75, "V05400": 16, "V05421": 16, "V05406": 16, "V05412": 16, "V05422": 0, "V05424": 15, "V05427": 1, "V05409": 13, "V05415": 1, "V05418": 0, "V05430": 10, "V05433": 2, "criancas_0a4": 20, "em_favela": false }, "geometry": { "type": "Polygon", "coordinates": [ [ [ -46.531833, -23.607386 ], [ -46.532137, -23.607731 ], [ -46.532269, -23.608002 ], [ -46.532303, -23.608946 ], [ -46.532394, -23.609228 ], [ -46.533987, -23.608496 ], [ -46.532962, -23.606599 ], [ -46.531833, -23.607386 ] ] ] } },
{ "type": "Feature", "properties": { "CD_SETOR": "355030872000148", "faces": 24, "pavimentada": 100.0, "bueiro": 50.0, "iluminacao": 100.0, "onibus": 16.67, "ciclovia": 0.0, "calcada": 100.0, "obstaculo": 91.67, "rampa": 8.33, "rampa_faces": 8.33, "sem_calcada": 0.0, "sem_arvore": 41.67, "muitas_arvores": 8.33, "vao": 91.67, "V05400": 24, "V05421": 24, "V05406": 24, "V05412": 24, "V05422": 0, "V05424": 22, "V05427": 2, "V05409": 12, "V05415": 4, "V05418": 0, "V05430": 10, "V05433": 2, "criancas_0a4": 37, "em_favela": false }, "geometry": { "type": "Polygon", "coordinates": [ [ [ -46.534106, -23.608456 ], [ -46.532394, -23.609228 ], [ -46.534746, -23.611105 ], [ -46.534916, -23.611179 ], [ -46.5355, -23.611253 ], [ -46.535481, -23.610373 ], [ -46.534958, -23.609111 ], [ -46.534871, -23.60912 ], [ -46.534106, -23.608456 ] ] ] } },
{ "type": "Feature", "properties": { "CD_SETOR": "355030872000149", "faces": 19, "pavimentada": 100.0, "bueiro": 42.11, "iluminacao": 100.0, "onibus": 10.53, "ciclovia": 15.79, "calcada": 100.0, "obstaculo": 84.21, "rampa": 31.58, "rampa_faces": 31.58, "sem_calcada": 0.0, "sem_arvore": 42.11, "muitas_arvores": 26.32, "vao": 68.42, "V05400": 19, "V05421": 19, "V05406": 19, "V05412": 19, "V05422": 0, "V05424": 16, "V05427": 6, "V05409": 8, "V05415": 2, "V05418": 3, "V05430": 8, "V05433": 5, "criancas_0a4": 22, "em_favela": false }, "geometry": { "type": "Polygon", "coordinates": [ [ [ -46.527272, -23.600766 ], [ -46.526379, -23.601386 ], [ -46.525915, -23.601615 ], [ -46.526734, -23.603205 ], [ -46.527811, -23.602951 ], [ -46.528118, -23.602945 ], [ -46.527272, -23.600766 ] ] ] } },
{ "type": "Feature", "properties": { "CD_SETOR": "355030872000150", "faces": 22, "pavimentada": 100.0, "bueiro": 31.82, "iluminacao": 95.45, "onibus": 9.09, "ciclovia": 13.64, "calcada": 86.36, "obstaculo": 94.74, "rampa": 5.26, "rampa_faces": 4.55, "sem_calcada": 13.64, "sem_arvore": 31.82, "muitas_arvores": 31.82, "vao": 95.45, "V05400": 22, "V05421": 19, "V05406": 22, "V05412": 21, "V05422": 3, "V05424": 18, "V05427": 1, "V05409": 7, "V05415": 2, "V05418": 3, "V05430": 7, "V05433": 7, "criancas_0a4": 18, "em_favela": false }, "geometry": { "type": "Polygon", "coordinates": [ [ [ -46.527481, -23.603029 ], [ -46.527933, -23.604191 ], [ -46.527324, -23.604421 ], [ -46.527472, -23.604817 ], [ -46.527497, -23.605017 ], [ -46.527467, -23.606214 ], [ -46.52782, -23.606495 ], [ -46.528118, -23.60656 ], [ -46.528293, -23.606524 ], [ -46.528991, -23.606175 ], [ -46.529417, -23.607214 ], [ -46.529742, -23.606916 ], [ -46.528118, -23.602945 ], [ -46.527941, -23.60293 ], [ -46.527481, -23.603029 ] ] ] } },
{ "type": "Feature", "properties": { "CD_SETOR": "355030872000151", "faces": 24, "pavimentada": 100.0, "bueiro": 37.5, "iluminacao": 100.0, "onibus": 20.83, "ciclovia": 0.0, "calcada": 100.0, "obstaculo": 83.33, "rampa": 25.0, "rampa_faces": 25.0, "sem_calcada": 0.0, "sem_arvore": 54.17, "muitas_arvores": 8.33, "vao": 75.0, "V05400": 24, "V05421": 24, "V05406": 24, "V05412": 24, "V05422": 0, "V05424": 20, "V05427": 6, "V05409": 9, "V05415": 5, "V05418": 0, "V05430": 13, "V05433": 2, "criancas_0a4": 33, "em_favela": false }, "geometry": { "type": "Polygon", "coordinates": [ [ [ -46.529742, -23.606916 ], [ -46.530765, -23.607171 ], [ -46.5316, -23.607115 ], [ -46.53057, -23.605811 ], [ -46.529374, -23.602985 ], [ -46.529034, -23.603094 ], [ -46.528797, -23.603107 ], [ -46.528118, -23.602945 ], [ -46.529742, -23.606916 ] ] ] } },
{ "type": "Feature", "properties": { "CD_SETOR": "355030872000152", "faces": 25, "pavimentada": 100.0, "bueiro": 36.0, "iluminacao": 100.0, "onibus": 36.0, "ciclovia": 0.0, "calcada": 100.0, "obstaculo": 72.0, "rampa": 12.0, "rampa_faces": 12.0, "sem_calcada": 0.0, "sem_arvore": 52.0, "muitas_arvores": 12.0, "vao": 88.0, "V05400": 25, "V05421": 25, "V05406": 25, "V05412": 25, "V05422": 0, "V05424": 18, "V05427": 3, "V05409": 9, "V05415": 9, "V05418": 0, "V05430": 13, "V05433": 3, "criancas_0a4": 28, "em_favela": false }, "geometry": { "type": "Polygon", "coordinates": [ [ [ -46.530765, -23.607171 ], [ -46.531096, -23.607614 ], [ -46.530653, -23.608081 ], [ -46.530781, -23.60832 ], [ -46.530834, -23.608757 ], [ -46.532303, -23.610105 ], [ -46.532256, -23.611661 ], [ -46.533769, -23.610355 ], [ -46.532364, -23.609185 ], [ -46.532303, -23.608946 ], [ -46.532283, -23.60813 ], [ -46.532219, -23.607851 ], [ -46.5316, -23.607115 ], [ -46.530765, -23.607171 ] ] ] } },
{ "type": "Feature", "properties": { "CD_SETOR": "355030872000154", "faces": 12, "pavimentada": 100.0, "bueiro": 58.33, "iluminacao": 100.0, "onibus": 33.33, "ciclovia": 16.67, "calcada": 83.33, "obstaculo": 90.0, "rampa": 50.0, "rampa_faces": 41.67, "sem_calcada": 16.67, "sem_arvore": 58.33, "muitas_arvores": 16.67, "vao": 58.33, "V05400": 12, "V05421": 10, "V05406": 12, "V05412": 12, "V05422": 2, "V05424": 9, "V05427": 5, "V05409": 7, "V05415": 4, "V05418": 2, "V05430": 7, "V05433": 2, "criancas_0a4": 18, "em_favela": false }, "geometry": { "type": "Polygon", "coordinates": [ [ [ -46.527481, -23.603029 ], [ -46.526272, -23.603336 ], [ -46.525391, -23.604135 ], [ -46.52521, -23.604239 ], [ -46.525395, -23.604623 ], [ -46.525884, -23.604497 ], [ -46.52646, -23.604041 ], [ -46.52663, -23.604373 ], [ -46.527202, -23.604157 ], [ -46.527324, -23.604421 ], [ -46.527933, -23.604191 ], [ -46.527481, -23.603029 ] ] ] } },
{ "type": "Feature", "properties": { "CD_SETOR": "355030872000155", "faces": 25, "pavimentada": 100.0, "bueiro": 48.0, "iluminacao": 100.0, "onibus": 8.0, "ciclovia": 0.0, "calcada": 76.0, "obstaculo": 89.47, "rampa": 5.26, "rampa_faces": 4.0, "sem_calcada": 24.0, "sem_arvore": 32.0, "muitas_arvores": 36.0, "vao": 96.0, "V05400": 25, "V05421": 19, "V05406": 25, "V05412": 25, "V05422": 6, "V05424": 17, "V05427": 1, "V05409": 12, "V05415": 2, "V05418": 0, "V05430": 8, "V05433": 9, "criancas_0a4": 40, "em_favela": false }, "geometry": { "type": "Polygon", "coordinates": [ [ [ -46.525884, -23.604497 ], [ -46.526103, -23.605038 ], [ -46.526275, -23.605269 ], [ -46.526324, -23.605454 ], [ -46.526338, -23.606067 ], [ -46.52614, -23.607031 ], [ -46.526245, -23.607571 ], [ -46.527547, -23.606914 ], [ -46.527463, -23.606688 ], [ -46.527456, -23.606477 ], [ -46.527497, -23.605017 ], [ -46.527409, -23.604632 ], [ -46.527202, -23.604157 ], [ -46.52663, -23.604373 ], [ -46.52646, -23.604041 ], [ -46.525884, -23.604497 ] ] ] } },
{ "type": "Feature", "properties": { "CD_SETOR": "355030872000156", "faces": 26, "pavimentada": 100.0, "bueiro": 11.54, "iluminacao": 100.0, "onibus": 3.85, "ciclovia": 0.0, "calcada": 100.0, "obstaculo": 92.31, "rampa": 0.0, "rampa_faces": 0.0, "sem_calcada": 0.0, "sem_arvore": 42.31, "muitas_arvores": 11.54, "vao": 100.0, "V05400": 26, "V05421": 26, "V05406": 26, "V05412": 26, "V05422": 0, "V05424": 24, "V05427": 0, "V05409": 3, "V05415": 1, "V05418": 0, "V05430": 11, "V05433": 3, "criancas_0a4": 34, "em_favela": false }, "geometry": { "type": "Polygon", "coordinates": [ [ [ -46.527467, -23.606214 ], [ -46.527494, -23.606792 ], [ -46.52811, -23.607861 ], [ -46.526636, -23.608626 ], [ -46.526874, -23.609177 ], [ -46.527144, -23.6095 ], [ -46.529162, -23.608482 ], [ -46.528632, -23.607598 ], [ -46.529417, -23.607214 ], [ -46.528991, -23.606175 ], [ -46.528293, -23.606524 ], [ -46.528118, -23.60656 ], [ -46.52782, -23.606495 ], [ -46.527467, -23.606214 ] ] ] } },
{ "type": "Feature", "properties": { "CD_SETOR": "355030872000157", "faces": 28, "pavimentada": 100.0, "bueiro": 46.43, "iluminacao": 100.0, "onibus": 14.29, "ciclovia": 0.0, "calcada": 96.43, "obstaculo": 74.07, "rampa": 33.33, "rampa_faces": 32.14, "sem_calcada": 3.57, "sem_arvore": 46.43, "muitas_arvores": 7.14, "vao": 67.86, "V05400": 28, "V05421": 27, "V05406": 28, "V05412": 28, "V05422": 1, "V05424": 20, "V05427": 9, "V05409": 13, "V05415": 4, "V05418": 0, "V05430": 13, "V05433": 2, "criancas_0a4": 27, "em_favela": false }, "geometry": { "type": "Polygon", "coordinates": [ [ [ -46.529417, -23.607214 ], [ -46.528632, -23.607598 ], [ -46.529162, -23.608482 ], [ -46.527144, -23.6095 ], [ -46.527542, -23.609947 ], [ -46.529791, -23.608852 ], [ -46.530366, -23.608319 ], [ -46.530834, -23.608757 ], [ -46.530781, -23.60832 ], [ -46.530653, -23.608081 ], [ -46.531096, -23.607614 ], [ -46.530765, -23.607171 ], [ -46.529742, -23.606916 ], [ -46.529417, -23.607214 ] ] ] } },
{ "type": "Feature", "properties": { "CD_SETOR": "355030872000158", "faces": 27, "pavimentada": 100.0, "bueiro": 77.78, "iluminacao": 100.0, "onibus": 14.81, "ciclovia": 0.0, "calcada": 85.19, "obstaculo": 69.57, "rampa": 47.83, "rampa_faces": 40.74, "sem_calcada": 14.81, "sem_arvore": 44.44, "muitas_arvores": 29.63, "vao": 59.26, "V05400": 27, "V05421": 23, "V05406": 27, "V05412": 27, "V05422": 4, "V05424": 16, "V05427": 11, "V05409": 21, "V05415": 4, "V05418": 0, "V05430": 12, "V05433": 8, "criancas_0a4": 33, "em_favela": false }, "geometry": { "type": "Polygon", "coordinates": [ [ [ -46.528838, -23.609307 ], [ -46.529751, -23.610483 ], [ -46.530041, -23.611096 ], [ -46.530416, -23.610983 ], [ -46.530864, -23.610973 ], [ -46.531242, -23.610878 ], [ -46.531827, -23.610518 ], [ -46.532303, -23.610105 ], [ -46.530366, -23.608319 ], [ -46.529791, -23.608852 ], [ -46.528838, -23.609307 ] ] ] } },
{ "type": "Feature", "properties": { "CD_SETOR": "355030872000159", "faces": 26, "pavimentada": 100.0, "bueiro": 73.08, "iluminacao": 100.0, "onibus": 7.69, "ciclovia": 0.0, "calcada": 100.0, "obstaculo": 80.77, "rampa": 0.0, "rampa_faces": 0.0, "sem_calcada": 0.0, "sem_arvore": 84.62, "muitas_arvores": 0.0, "vao": 100.0, "V05400": 26, "V05421": 26, "V05406": 26, "V05412": 26, "V05422": 0, "V05424": 21, "V05427": 0, "V05409": 19, "V05415": 2, "V05418": 0, "V05430": 22, "V05433": 0, "criancas_0a4": 27, "em_favela": false }, "geometry": { "type": "Polygon", "coordinates": [ [ [ -46.530416, -23.610983 ], [ -46.529627, -23.611202 ], [ -46.530853, -23.612321 ], [ -46.531009, -23.612383 ], [ -46.531289, -23.612348 ], [ -46.531389, -23.613306 ], [ -46.532253, -23.613317 ], [ -46.532303, -23.610105 ], [ -46.531827, -23.610518 ], [ -46.531242, -23.610878 ], [ -46.530864, -23.610973 ], [ -46.530416, -23.610983 ] ] ] } },
{ "type": "Feature", "properties": { "CD_SETOR": "355030872000162", "faces": 1, "pavimentada": 100.0, "bueiro": 100.0, "iluminacao": 100.0, "onibus": 100.0, "ciclovia": 0.0, "calcada": 100.0, "obstaculo": 100.0, "rampa": 100.0, "rampa_faces": 100.0, "sem_calcada": 0.0, "sem_arvore": 100.0, "muitas_arvores": 0.0, "vao": 0.0, "V05400": 1, "V05421": 1, "V05406": 1, "V05412": 1, "V05422": 0, "V05424": 1, "V05427": 1, "V05409": 1, "V05415": 1, "V05418": 0, "V05430": 1, "V05433": 0, "criancas_0a4": 21, "em_favela": false }, "geometry": { "type": "Polygon", "coordinates": [ [ [ -46.522393, -23.605626 ], [ -46.52256, -23.605744 ], [ -46.522731, -23.605737 ], [ -46.522738, -23.605959 ], [ -46.523278, -23.60597 ], [ -46.523282, -23.606039 ], [ -46.523529, -23.606035 ], [ -46.523535, -23.605945 ], [ -46.524284, -23.605958 ], [ -46.524299, -23.605756 ], [ -46.524431, -23.605516 ], [ -46.52259, -23.605604 ], [ -46.522473, -23.605516 ], [ -46.522393, -23.605626 ] ] ] } },
{ "type": "Feature", "properties": { "CD_SETOR": "355030872000163", "faces": 1, "pavimentada": 100.0, "bueiro": 100.0, "iluminacao": 100.0, "onibus": 100.0, "ciclovia": 0.0, "calcada": 100.0, "obstaculo": 100.0, "rampa": 0.0, "rampa_faces": 0.0, "sem_calcada": 0.0, "sem_arvore": 100.0, "muitas_arvores": 0.0, "vao": 100.0, "V05400": 1, "V05421": 1, "V05406": 1, "V05412": 1, "V05422": 0, "V05424": 1, "V05427": 0, "V05409": 1, "V05415": 1, "V05418": 0, "V05430": 1, "V05433": 0, "criancas_0a4": 20, "em_favela": false }, "geometry": { "type": "Polygon", "coordinates": [ [ [ -46.522327, -23.605716 ], [ -46.522465, -23.605799 ], [ -46.522611, -23.605796 ], [ -46.522619, -23.60641 ], [ -46.524205, -23.606425 ], [ -46.524284, -23.605958 ], [ -46.523535, -23.605945 ], [ -46.523529, -23.606035 ], [ -46.523282, -23.606039 ], [ -46.523278, -23.60597 ], [ -46.522738, -23.605959 ], [ -46.522731, -23.605737 ], [ -46.52256, -23.605744 ], [ -46.522393, -23.605626 ], [ -46.522327, -23.605716 ] ] ] } },
{ "type": "Feature", "properties": { "CD_SETOR": "355030872000164", "faces": 1, "pavimentada": 100.0, "bueiro": 100.0, "iluminacao": 100.0, "onibus": 100.0, "ciclovia": 0.0, "calcada": 100.0, "obstaculo": 100.0, "rampa": 0.0, "rampa_faces": 0.0, "sem_calcada": 0.0, "sem_arvore": 0.0, "muitas_arvores": 100.0, "vao": 100.0, "V05400": 1, "V05421": 1, "V05406": 1, "V05412": 1, "V05422": 0, "V05424": 1, "V05427": 0, "V05409": 1, "V05415": 1, "V05418": 0, "V05430": 0, "V05433": 1, "criancas_0a4": 33, "em_favela": false }, "geometry": { "type": "Polygon", "coordinates": [ [ [ -46.522559, -23.607044 ], [ -46.522974, -23.60762 ], [ -46.523671, -23.607368 ], [ -46.523435, -23.606599 ], [ -46.52272, -23.606856 ], [ -46.522559, -23.607044 ] ] ] } },
{ "type": "Feature", "properties": { "CD_SETOR": "355030872000165", "faces": 1, "pavimentada": 100.0, "bueiro": 0.0, "iluminacao": 100.0, "onibus": 0.0, "ciclovia": 0.0, "calcada": 100.0, "obstaculo": 0.0, "rampa": 0.0, "rampa_faces": 0.0, "sem_calcada": 0.0, "sem_arvore": 0.0, "muitas_arvores": 100.0, "vao": 100.0, "V05400": 1, "V05421": 1, "V05406": 1, "V05412": 1, "V05422": 0, "V05424": 0, "V05427": 0, "V05409": 0, "V05415": 0, "V05418": 0, "V05430": 0, "V05433": 1, "criancas_0a4": 25, "em_favela": false }, "geometry": { "type": "Polygon", "coordinates": [ [ [ -46.523671, -23.607368 ], [ -46.522974, -23.60762 ], [ -46.523545, -23.608697 ], [ -46.524793, -23.608265 ], [ -46.524377, -23.607206 ], [ -46.523671, -23.607368 ] ] ] } },
{ "type": "Feature", "properties": { "CD_SETOR": "355030872000166", "faces": 1, "pavimentada": 100.0, "bueiro": 100.0, "iluminacao": 100.0, "onibus": 100.0, "ciclovia": 0.0, "calcada": 100.0, "obstaculo": 100.0, "rampa": 0.0, "rampa_faces": 0.0, "sem_calcada": 0.0, "sem_arvore": 0.0, "muitas_arvores": 100.0, "vao": 100.0, "V05400": 1, "V05421": 1, "V05406": 1, "V05412": 1, "V05422": 0, "V05424": 1, "V05427": 0, "V05409": 1, "V05415": 1, "V05418": 0, "V05430": 0, "V05433": 1, "criancas_0a4": 18, "em_favela": false }, "geometry": { "type": "Polygon", "coordinates": [ [ [ -46.524284, -23.605958 ], [ -46.524205, -23.606425 ], [ -46.525967, -23.60613 ], [ -46.525877, -23.605718 ], [ -46.524284, -23.605958 ] ] ] } },
{ "type": "Feature", "properties": { "CD_SETOR": "355030872000167", "faces": 1, "pavimentada": 100.0, "bueiro": 100.0, "iluminacao": 100.0, "onibus": 100.0, "ciclovia": 0.0, "calcada": 100.0, "obstaculo": 100.0, "rampa": 0.0, "rampa_faces": 0.0, "sem_calcada": 0.0, "sem_arvore": 0.0, "muitas_arvores": 100.0, "vao": 100.0, "V05400": 1, "V05421": 1, "V05406": 1, "V05412": 1, "V05422": 0, "V05424": 1, "V05427": 0, "V05409": 1, "V05415": 1, "V05418": 0, "V05430": 0, "V05433": 1, "criancas_0a4": 16, "em_favela": false }, "geometry": { "type": "Polygon", "coordinates": [ [ [ -46.525684, -23.605285 ], [ -46.524431, -23.605516 ], [ -46.524299, -23.605756 ], [ -46.524284, -23.605958 ], [ -46.525877, -23.605718 ], [ -46.525684, -23.605285 ] ] ] } },
{ "type": "Feature", "properties": { "CD_SETOR": "355030872000168", "faces": 16, "pavimentada": 100.0, "bueiro": 62.5, "iluminacao": 100.0, "onibus": 25.0, "ciclovia": 0.0, "calcada": 100.0, "obstaculo": 93.75, "rampa": 0.0, "rampa_faces": 0.0, "sem_calcada": 0.0, "sem_arvore": 68.75, "muitas_arvores": 0.0, "vao": 100.0, "V05400": 16, "V05421": 16, "V05406": 16, "V05412": 16, "V05422": 0, "V05424": 15, "V05427": 0, "V05409": 10, "V05415": 4, "V05418": 0, "V05430": 11, "V05433": 0, "criancas_0a4": 26, "em_favela": false }, "geometry": { "type": "Polygon", "coordinates": [ [ [ -46.526245, -23.607571 ], [ -46.525409, -23.608111 ], [ -46.52568, -23.6087 ], [ -46.526216, -23.609534 ], [ -46.526874, -23.609177 ], [ -46.526636, -23.608626 ], [ -46.52811, -23.607861 ], [ -46.527547, -23.606914 ], [ -46.526245, -23.607571 ] ] ] } },
{ "type": "Feature", "properties": { "CD_SETOR": "355030872000169", "faces": 24, "pavimentada": 100.0, "bueiro": 62.5, "iluminacao": 100.0, "onibus": 20.83, "ciclovia": 0.0, "calcada": 83.33, "obstaculo": 85.0, "rampa": 5.0, "rampa_faces": 4.17, "sem_calcada": 16.67, "sem_arvore": 58.33, "muitas_arvores": 4.17, "vao": 95.83, "V05400": 24, "V05421": 20, "V05406": 24, "V05412": 24, "V05422": 4, "V05424": 17, "V05427": 1, "V05409": 15, "V05415": 5, "V05418": 0, "V05430": 14, "V05433": 1, "criancas_0a4": 26, "em_favela": false }, "geometry": { "type": "Polygon", "coordinates": [ [ [ -46.527542, -23.609947 ], [ -46.527789, -23.610192 ], [ -46.528798, -23.611471 ], [ -46.528388, -23.611776 ], [ -46.529365, -23.612132 ], [ -46.528896, -23.612586 ], [ -46.529353, -23.612999 ], [ -46.530424, -23.61193 ], [ -46.529627, -23.611202 ], [ -46.530041, -23.611096 ], [ -46.529817, -23.610587 ], [ -46.528838, -23.609307 ], [ -46.527542, -23.609947 ] ] ] } },
{ "type": "Feature", "properties": { "CD_SETOR": "355030872000170", "faces": 17, "pavimentada": 100.0, "bueiro": 94.12, "iluminacao": 100.0, "onibus": 0.0, "ciclovia": 0.0, "calcada": 100.0, "obstaculo": 82.35, "rampa": 0.0, "rampa_faces": 0.0, "sem_calcada": 0.0, "sem_arvore": 47.06, "muitas_arvores": 17.65, "vao": 100.0, "V05400": 17, "V05421": 17, "V05406": 17, "V05412": 17, "V05422": 0, "V05424": 14, "V05427": 0, "V05409": 16, "V05415": 0, "V05418": 0, "V05430": 8, "V05433": 3, "criancas_0a4": 41, "em_favela": false }, "geometry": { "type": "Polygon", "coordinates": [ [ [ -46.529353, -23.612999 ], [ -46.530229, -23.613787 ], [ -46.531059, -23.612892 ], [ -46.531067, -23.613125 ], [ -46.530851, -23.613579 ], [ -46.531054, -23.613693 ], [ -46.530756, -23.614034 ], [ -46.530985, -23.614202 ], [ -46.530756, -23.614463 ], [ -46.531066, -23.61466 ], [ -46.531401, -23.614567 ], [ -46.531818, -23.614207 ], [ -46.532005, -23.61411 ], [ -46.532229, -23.614095 ], [ -46.532251, -23.614045 ], [ -46.532253, -23.613317 ], [ -46.531389, -23.613306 ], [ -46.531289, -23.612348 ], [ -46.530927, -23.612362 ], [ -46.530424, -23.61193 ], [ -46.529353, -23.612999 ] ] ] } },
{ "type": "Feature", "properties": { "CD_SETOR": "355030872000171", "faces": 21, "pavimentada": 100.0, "bueiro": 52.38, "iluminacao": 100.0, "onibus": 9.52, "ciclovia": 0.0, "calcada": 100.0, "obstaculo": 90.48, "rampa": 9.52, "rampa_faces": 9.52, "sem_calcada": 0.0, "sem_arvore": 76.19, "muitas_arvores": 9.52, "vao": 90.48, "V05400": 21, "V05421": 21, "V05406": 21, "V05412": 21, "V05422": 0, "V05424": 19, "V05427": 2, "V05409": 11, "V05415": 2, "V05418": 0, "V05430": 16, "V05433": 2, "criancas_0a4": 34, "em_favela": false }, "geometry": { "type": "Polygon", "coordinates": [ [ [ -46.525483, -23.608046 ], [ -46.523545, -23.608697 ], [ -46.523793, -23.609001 ], [ -46.524116, -23.609265 ], [ -46.524379, -23.609567 ], [ -46.524613, -23.609981 ], [ -46.52488, -23.610867 ], [ -46.525394, -23.611315 ], [ -46.525974, -23.611477 ], [ -46.525915, -23.610339 ], [ -46.525267, -23.608676 ], [ -46.525612, -23.60856 ], [ -46.525409, -23.608111 ], [ -46.525483, -23.608046 ] ] ] } },
{ "type": "Feature", "properties": { "CD_SETOR": "355030872000172", "faces": 16, "pavimentada": 100.0, "bueiro": 37.5, "iluminacao": 100.0, "onibus": 0.0, "ciclovia": 0.0, "calcada": 100.0, "obstaculo": 93.75, "rampa": 0.0, "rampa_faces": 0.0, "sem_calcada": 0.0, "sem_arvore": 50.0, "muitas_arvores": 6.25, "vao": 100.0, "V05400": 16, "V05421": 16, "V05406": 16, "V05412": 16, "V05422": 0, "V05424": 15, "V05427": 0, "V05409": 6, "V05415": 0, "V05418": 0, "V05430": 8, "V05433": 1, "criancas_0a4": 44, "em_favela": false }, "geometry": { "type": "Polygon", "coordinates": [ [ [ -46.526216, -23.609534 ], [ -46.526235, -23.609563 ], [ -46.525695, -23.609823 ], [ -46.525915, -23.610339 ], [ -46.525974, -23.611477 ], [ -46.52687, -23.611722 ], [ -46.526653, -23.611355 ], [ -46.527214, -23.611043 ], [ -46.527183, -23.610994 ], [ -46.527424, -23.610483 ], [ -46.527789, -23.610192 ], [ -46.526874, -23.609177 ], [ -46.526216, -23.609534 ] ] ] } },
{ "type": "Feature", "properties": { "CD_SETOR": "355030872000173", "faces": 24, "pavimentada": 100.0, "bueiro": 25.0, "iluminacao": 100.0, "onibus": 20.83, "ciclovia": 0.0, "calcada": 100.0, "obstaculo": 83.33, "rampa": 8.33, "rampa_faces": 8.33, "sem_calcada": 0.0, "sem_arvore": 62.5, "muitas_arvores": 0.0, "vao": 91.67, "V05400": 24, "V05421": 24, "V05406": 24, "V05412": 24, "V05422": 0, "V05424": 20, "V05427": 2, "V05409": 6, "V05415": 5, "V05418": 0, "V05430": 15, "V05433": 0, "criancas_0a4": 33, "em_favela": false }, "geometry": { "type": "Polygon", "coordinates": [ [ [ -46.52687, -23.611722 ], [ -46.525394, -23.611315 ], [ -46.52488, -23.610867 ], [ -46.524827, -23.611259 ], [ -46.524658, -23.611503 ], [ -46.52447, -23.611636 ], [ -46.527331, -23.612439 ], [ -46.527553, -23.612357 ], [ -46.528798, -23.611471 ], [ -46.527789, -23.610192 ], [ -46.527424, -23.610483 ], [ -46.527183, -23.610994 ], [ -46.527214, -23.611043 ], [ -46.526653, -23.611355 ], [ -46.52687, -23.611722 ] ] ] } },
{ "type": "Feature", "properties": { "CD_SETOR": "355030872000174", "faces": 15, "pavimentada": 100.0, "bueiro": 73.33, "iluminacao": 100.0, "onibus": 0.0, "ciclovia": 0.0, "calcada": 100.0, "obstaculo": 73.33, "rampa": 0.0, "rampa_faces": 0.0, "sem_calcada": 0.0, "sem_arvore": 60.0, "muitas_arvores": 6.67, "vao": 100.0, "V05400": 15, "V05421": 15, "V05406": 15, "V05412": 15, "V05422": 0, "V05424": 11, "V05427": 0, "V05409": 11, "V05415": 0, "V05418": 0, "V05430": 9, "V05433": 1, "criancas_0a4": 43, "em_favela": false }, "geometry": { "type": "Polygon", "coordinates": [ [ [ -46.527331, -23.612439 ], [ -46.527111, -23.61314 ], [ -46.528363, -23.613515 ], [ -46.529154, -23.613582 ], [ -46.529482, -23.613779 ], [ -46.529588, -23.613683 ], [ -46.530086, -23.613837 ], [ -46.530229, -23.613787 ], [ -46.528896, -23.612586 ], [ -46.529365, -23.612132 ], [ -46.528388, -23.611776 ], [ -46.527553, -23.612357 ], [ -46.527331, -23.612439 ] ] ] } },
{ "type": "Feature", "properties": { "CD_SETOR": "355030872000175", "faces": 4, "pavimentada": 100.0, "bueiro": 50.0, "iluminacao": 100.0, "onibus": 25.0, "ciclovia": 0.0, "calcada": 100.0, "obstaculo": 75.0, "rampa": 25.0, "rampa_faces": 25.0, "sem_calcada": 0.0, "sem_arvore": 50.0, "muitas_arvores": 25.0, "vao": 75.0, "V05400": 4, "V05421": 4, "V05406": 4, "V05412": 4, "V05422": 0, "V05424": 3, "V05427": 1, "V05409": 2, "V05415": 1, "V05418": 0, "V05430": 2, "V05433": 1, "criancas_0a4": 6, "em_favela": false }, "geometry": { "type": "Polygon", "coordinates": [ [ [ -46.523906, -23.612173 ], [ -46.527111, -23.61314 ], [ -46.527331, -23.612439 ], [ -46.52447, -23.611636 ], [ -46.524135, -23.611794 ], [ -46.523906, -23.612173 ] ] ] } },
{ "type": "Feature", "properties": { "CD_SETOR": "355030872000177", "faces": 5, "pavimentada": 100.0, "bueiro": 100.0, "iluminacao": 100.0, "onibus": 0.0, "ciclovia": 0.0, "calcada": 60.0, "obstaculo": 100.0, "rampa": 0.0, "rampa_faces": 0.0, "sem_calcada": 40.0, "sem_arvore": 100.0, "muitas_arvores": 0.0, "vao": 100.0, "V05400": 5, "V05421": 3, "V05406": 5, "V05412": 5, "V05422": 2, "V05424": 3, "V05427": 0, "V05409": 5, "V05415": 0, "V05418": 0, "V05430": 5, "V05433": 0, "criancas_0a4": 3, "em_favela": true }, "geometry": { "type": "Polygon", "coordinates": [ [ [ -46.529427, -23.613744 ], [ -46.529355, -23.613807 ], [ -46.530756, -23.614463 ], [ -46.530559, -23.614214 ], [ -46.530574, -23.614046 ], [ -46.530432, -23.613979 ], [ -46.530229, -23.613787 ], [ -46.530086, -23.613837 ], [ -46.529588, -23.613683 ], [ -46.529482, -23.613779 ], [ -46.529427, -23.613744 ] ] ] } },
{ "type": "Feature", "properties": { "CD_SETOR": "355030872000178", "faces": 1, "pavimentada": 100.0, "bueiro": 0.0, "iluminacao": 100.0, "onibus": 100.0, "ciclovia": 0.0, "calcada": 100.0, "obstaculo": 0.0, "rampa": 0.0, "rampa_faces": 0.0, "sem_calcada": 0.0, "sem_arvore": 0.0, "muitas_arvores": 100.0, "vao": 100.0, "V05400": 1, "V05421": 1, "V05406": 1, "V05412": 1, "V05422": 0, "V05424": 0, "V05427": 0, "V05409": 0, "V05415": 1, "V05418": 0, "V05430": 0, "V05433": 1, "criancas_0a4": 16, "em_favela": false }, "geometry": { "type": "Polygon", "coordinates": [ [ [ -46.535394, -23.585642 ], [ -46.53557, -23.586349 ], [ -46.536303, -23.586054 ], [ -46.536122, -23.585455 ], [ -46.535394, -23.585642 ] ] ] } },
{ "type": "Feature", "properties": { "CD_SETOR": "355030872000179", "faces": 1, "pavimentada": 100.0, "bueiro": 0.0, "iluminacao": 100.0, "onibus": 100.0, "ciclovia": 0.0, "calcada": 100.0, "obstaculo": 100.0, "rampa": 100.0, "rampa_faces": 100.0, "sem_calcada": 0.0, "sem_arvore": 0.0, "muitas_arvores": 100.0, "vao": 0.0, "V05400": 1, "V05421": 1, "V05406": 1, "V05412": 1, "V05422": 0, "V05424": 1, "V05427": 1, "V05409": 0, "V05415": 1, "V05418": 0, "V05430": 0, "V05433": 1, "criancas_0a4": 22, "em_favela": false }, "geometry": { "type": "Polygon", "coordinates": [ [ [ -46.536001, -23.585073 ], [ -46.536303, -23.586054 ], [ -46.536903, -23.585811 ], [ -46.536467, -23.584891 ], [ -46.536001, -23.585073 ] ] ] } },
{ "type": "Feature", "properties": { "CD_SETOR": "355030872000180", "faces": 8, "pavimentada": 100.0, "bueiro": 87.5, "iluminacao": 100.0, "onibus": 25.0, "ciclovia": 25.0, "calcada": 100.0, "obstaculo": 87.5, "rampa": 75.0, "rampa_faces": 75.0, "sem_calcada": 0.0, "sem_arvore": 37.5, "muitas_arvores": 50.0, "vao": 25.0, "V05400": 8, "V05421": 8, "V05406": 8, "V05412": 8, "V05422": 0, "V05424": 7, "V05427": 6, "V05409": 7, "V05415": 2, "V05418": 2, "V05430": 3, "V05433": 4, "criancas_0a4": 0, "em_favela": false }, "geometry": { "type": "Polygon", "coordinates": [ [ [ -46.543574, -23.588153 ], [ -46.542562, -23.589527 ], [ -46.543227, -23.590771 ], [ -46.544167, -23.589479 ], [ -46.543574, -23.588153 ] ] ] } },
{ "type": "Feature", "properties": { "CD_SETOR": "355030872000181", "faces": 4, "pavimentada": 100.0, "bueiro": 50.0, "iluminacao": 100.0, "onibus": 0.0, "ciclovia": 0.0, "calcada": 100.0, "obstaculo": 100.0, "rampa": 50.0, "rampa_faces": 50.0, "sem_calcada": 0.0, "sem_arvore": 50.0, "muitas_arvores": 25.0, "vao": 50.0, "V05400": 4, "V05421": 4, "V05406": 4, "V05412": 4, "V05422": 0, "V05424": 4, "V05427": 2, "V05409": 2, "V05415": 0, "V05418": 0, "V05430": 2, "V05433": 1, "criancas_0a4": 27, "em_favela": false }, "geometry": { "type": "Polygon", "coordinates": [ [ [ -46.542079, -23.587881 ], [ -46.542714, -23.589319 ], [ -46.543574, -23.588153 ], [ -46.543247, -23.587511 ], [ -46.542816, -23.587698 ], [ -46.542759, -23.587584 ], [ -46.542079, -23.587881 ] ] ] } },
{ "type": "Feature", "properties": { "CD_SETOR": "355030872000183", "faces": 7, "pavimentada": 100.0, "bueiro": 14.29, "iluminacao": 85.71, "onibus": 28.57, "ciclovia": 0.0, "calcada": 100.0, "obstaculo": 28.57, "rampa": 14.29, "rampa_faces": 14.29, "sem_calcada": 0.0, "sem_arvore": 57.14, "muitas_arvores": 28.57, "vao": 85.71, "V05400": 7, "V05421": 7, "V05406": 7, "V05412": 6, "V05422": 0, "V05424": 2, "V05427": 1, "V05409": 1, "V05415": 2, "V05418": 0, "V05430": 4, "V05433": 2, "criancas_0a4": 12, "em_favela": false }, "geometry": { "type": "Polygon", "coordinates": [ [ [ -46.53895, -23.593306 ], [ -46.539464, -23.592782 ], [ -46.539487, -23.592157 ], [ -46.539414, -23.59195 ], [ -46.53923, -23.591773 ], [ -46.537963, -23.592889 ], [ -46.538039, -23.593142 ], [ -46.53895, -23.593306 ] ] ] } },
{ "type": "Feature", "properties": { "CD_SETOR": "355030872000184", "faces": 1, "pavimentada": 100.0, "bueiro": 100.0, "iluminacao": 100.0, "onibus": 0.0, "ciclovia": 0.0, "calcada": 100.0, "obstaculo": 0.0, "rampa": 0.0, "rampa_faces": 0.0, "sem_calcada": 0.0, "sem_arvore": 0.0, "muitas_arvores": 0.0, "vao": 100.0, "V05400": 1, "V05421": 1, "V05406": 1, "V05412": 1, "V05422": 0, "V05424": 0, "V05427": 0, "V05409": 1, "V05415": 0, "V05418": 0, "V05430": 0, "V05433": 0, "criancas_0a4": 40, "em_favela": false }, "geometry": { "type": "Polygon", "coordinates": [ [ [ -46.539555, -23.609871 ], [ -46.54136, -23.608696 ], [ -46.541095, -23.608362 ], [ -46.539449, -23.609321 ], [ -46.539635, -23.609578 ], [ -46.53943, -23.609704 ], [ -46.539555, -23.609871 ] ] ] } },
{ "type": "Feature", "properties": { "CD_SETOR": "355030872000185", "faces": 1, "pavimentada": 100.0, "bueiro": 100.0, "iluminacao": 100.0, "onibus": 0.0, "ciclovia": 0.0, "calcada": 100.0, "obstaculo": 0.0, "rampa": 0.0, "rampa_faces": 0.0, "sem_calcada": 0.0, "sem_arvore": 0.0, "muitas_arvores": 100.0, "vao": 100.0, "V05400": 1, "V05421": 1, "V05406": 1, "V05412": 1, "V05422": 0, "V05424": 0, "V05427": 0, "V05409": 1, "V05415": 0, "V05418": 0, "V05430": 0, "V05433": 1, "criancas_0a4": 17, "em_favela": false }, "geometry": { "type": "Polygon", "coordinates": [ [ [ -46.54136, -23.608696 ], [ -46.539505, -23.609901 ], [ -46.539758, -23.610272 ], [ -46.541635, -23.609051 ], [ -46.54136, -23.608696 ] ] ] } },
{ "type": "Feature", "properties": { "CD_SETOR": "355030872000186", "faces": 1, "pavimentada": 100.0, "bueiro": 0.0, "iluminacao": 100.0, "onibus": 100.0, "ciclovia": 100.0, "calcada": 100.0, "obstaculo": 0.0, "rampa": 0.0, "rampa_faces": 0.0, "sem_calcada": 0.0, "sem_arvore": 0.0, "muitas_arvores": 0.0, "vao": 100.0, "V05400": 1, "V05421": 1, "V05406": 1, "V05412": 1, "V05422": 0, "V05424": 0, "V05427": 0, "V05409": 0, "V05415": 1, "V05418": 1, "V05430": 0, "V05433": 0, "criancas_0a4": 15, "em_favela": false }, "geometry": { "type": "Polygon", "coordinates": [ [ [ -46.561556, -23.585931 ], [ -46.56196, -23.58506 ], [ -46.561572, -23.584931 ], [ -46.561109, -23.585818 ], [ -46.561556, -23.585931 ] ] ] } },
{ "type": "Feature", "properties": { "CD_SETOR": "355030872000188", "faces": 4, "pavimentada": 100.0, "bueiro": 75.0, "iluminacao": 100.0, "onibus": 0.0, "ciclovia": 0.0, "calcada": 100.0, "obstaculo": 100.0, "rampa": 0.0, "rampa_faces": 0.0, "sem_calcada": 0.0, "sem_arvore": 25.0, "muitas_arvores": 0.0, "vao": 100.0, "V05400": 4, "V05421": 4, "V05406": 4, "V05412": 4, "V05422": 0, "V05424": 4, "V05427": 0, "V05409": 3, "V05415": 0, "V05418": 0, "V05430": 1, "V05433": 0, "criancas_0a4": 10, "em_favela": true }, "geometry": { "type": "Polygon", "coordinates": [ [ [ -46.530229, -23.613787 ], [ -46.530432, -23.613979 ], [ -46.530574, -23.614046 ], [ -46.530559, -23.614214 ], [ -46.530756, -23.614463 ], [ -46.530985, -23.614202 ], [ -46.530756, -23.614034 ], [ -46.531054, -23.613693 ], [ -46.530851, -23.613579 ], [ -46.531067, -23.613125 ], [ -46.531059, -23.612892 ], [ -46.530229, -23.613787 ] ] ] } },
{ "type": "Feature", "properties": { "CD_SETOR": "355030872000189", "faces": 3, "pavimentada": 100.0, "bueiro": 66.67, "iluminacao": 100.0, "onibus": 0.0, "ciclovia": 0.0, "calcada": 100.0, "obstaculo": 100.0, "rampa": 0.0, "rampa_faces": 0.0, "sem_calcada": 0.0, "sem_arvore": 100.0, "muitas_arvores": 0.0, "vao": 100.0, "V05400": 3, "V05421": 3, "V05406": 3, "V05412": 3, "V05422": 0, "V05424": 3, "V05427": 0, "V05409": 2, "V05415": 0, "V05418": 0, "V05430": 3, "V05433": 0, "criancas_0a4": 19, "em_favela": true }, "geometry": { "type": "Polygon", "coordinates": [ [ [ -46.525695, -23.609823 ], [ -46.526235, -23.609563 ], [ -46.525612, -23.60856 ], [ -46.525267, -23.608676 ], [ -46.525695, -23.609823 ] ] ] } },
{ "type": "Feature", "properties": { "CD_SETOR": "355030872000190", "faces": 6, "pavimentada": 100.0, "bueiro": 50.0, "iluminacao": 50.0, "onibus": 0.0, "ciclovia": 0.0, "calcada": 83.33, "obstaculo": 100.0, "rampa": 0.0, "rampa_faces": 0.0, "sem_calcada": 16.67, "sem_arvore": 66.67, "muitas_arvores": 0.0, "vao": 100.0, "V05400": 6, "V05421": 5, "V05406": 6, "V05412": 3, "V05422": 1, "V05424": 5, "V05427": 0, "V05409": 3, "V05415": 0, "V05418": 0, "V05430": 4, "V05433": 0, "criancas_0a4": 47, "em_favela": true }, "geometry": { "type": "Polygon", "coordinates": [ [ [ -46.526299, -23.613912 ], [ -46.527104, -23.613853 ], [ -46.528184, -23.613864 ], [ -46.529355, -23.613807 ], [ -46.529427, -23.613744 ], [ -46.529154, -23.613582 ], [ -46.528363, -23.613515 ], [ -46.527304, -23.613201 ], [ -46.527219, -23.613465 ], [ -46.527161, -23.613504 ], [ -46.526556, -23.613589 ], [ -46.526332, -23.613532 ], [ -46.526299, -23.613912 ] ] ] } },
{ "type": "Feature", "properties": { "CD_SETOR": "355030872000191", "faces": 14, "pavimentada": 92.86, "bueiro": 14.29, "iluminacao": 100.0, "onibus": 14.29, "ciclovia": 14.29, "calcada": 92.86, "obstaculo": 100.0, "rampa": 0.0, "rampa_faces": 0.0, "sem_calcada": 7.14, "sem_arvore": 85.71, "muitas_arvores": 14.29, "vao": 92.86, "V05400": 14, "V05421": 13, "V05406": 13, "V05412": 14, "V05422": 1, "V05424": 13, "V05427": 0, "V05409": 2, "V05415": 2, "V05418": 2, "V05430": 12, "V05433": 2, "criancas_0a4": 4, "em_favela": false }, "geometry": { "type": "Polygon", "coordinates": [ [ [ -46.541091, -23.579755 ], [ -46.542092, -23.58153 ], [ -46.542759, -23.581329 ], [ -46.542246, -23.580291 ], [ -46.542068, -23.580147 ], [ -46.541803, -23.580052 ], [ -46.541647, -23.579632 ], [ -46.541091, -23.579755 ] ] ] } },
{ "type": "Feature", "properties": { "CD_SETOR": "355030872000192", "faces": 32, "pavimentada": 100.0, "bueiro": 40.62, "iluminacao": 100.0, "onibus": 3.12, "ciclovia": 3.12, "calcada": 100.0, "obstaculo": 93.75, "rampa": 3.12, "rampa_faces": 3.12, "sem_calcada": 0.0, "sem_arvore": 62.5, "muitas_arvores": 12.5, "vao": 96.88, "V05400": 32, "V05421": 32, "V05406": 32, "V05412": 32, "V05422": 0, "V05424": 30, "V05427": 1, "V05409": 13, "V05415": 1, "V05418": 1, "V05430": 20, "V05433": 4, "criancas_0a4": 31, "em_favela": false }, "geometry": { "type": "Polygon", "coordinates": [ [ [ -46.543439, -23.59205 ], [ -46.542672, -23.591346 ], [ -46.540955, -23.592411 ], [ -46.543591, -23.594673 ], [ -46.543813, -23.594371 ], [ -46.54263, -23.593387 ], [ -46.543362, -23.592436 ], [ -46.544597, -23.593343 ], [ -46.544979, -23.592898 ], [ -46.545388, -23.592786 ], [ -46.544286, -23.590968 ], [ -46.543439, -23.59205 ] ] ] } },
{ "type": "Feature", "properties": { "CD_SETOR": "355030872000193", "faces": 1, "pavimentada": 100.0, "bueiro": 100.0, "iluminacao": 100.0, "onibus": 100.0, "ciclovia": 0.0, "calcada": 100.0, "obstaculo": 100.0, "rampa": 0.0, "rampa_faces": 0.0, "sem_calcada": 0.0, "sem_arvore": 0.0, "muitas_arvores": 100.0, "vao": 100.0, "V05400": 1, "V05421": 1, "V05406": 1, "V05412": 1, "V05422": 0, "V05424": 1, "V05427": 0, "V05409": 1, "V05415": 1, "V05418": 0, "V05430": 0, "V05433": 1, "criancas_0a4": 58, "em_favela": false }, "geometry": { "type": "Polygon", "coordinates": [ [ [ -46.543256, -23.593892 ], [ -46.543813, -23.594371 ], [ -46.544597, -23.593343 ], [ -46.543985, -23.592905 ], [ -46.543256, -23.593892 ] ] ] } },
{ "type": "Feature", "properties": { "CD_SETOR": "355030872000194", "faces": 1, "pavimentada": 100.0, "bueiro": 0.0, "iluminacao": 100.0, "onibus": 0.0, "ciclovia": 0.0, "calcada": 0.0, "obstaculo": null, "rampa": null, "rampa_faces": 0.0, "sem_calcada": 100.0, "sem_arvore": 100.0, "muitas_arvores": 0.0, "vao": 100.0, "V05400": 1, "V05421": 0, "V05406": 1, "V05412": 1, "V05422": 1, "V05424": 0, "V05427": 0, "V05409": 0, "V05415": 0, "V05418": 0, "V05430": 1, "V05433": 0, "criancas_0a4": 49, "em_favela": false }, "geometry": { "type": "Polygon", "coordinates": [ [ [ -46.543256, -23.593892 ], [ -46.543985, -23.592905 ], [ -46.543362, -23.592436 ], [ -46.54263, -23.593387 ], [ -46.543256, -23.593892 ] ] ] } },
{ "type": "Feature", "properties": { "CD_SETOR": "355030872000195", "faces": 15, "pavimentada": 100.0, "bueiro": 73.33, "iluminacao": 100.0, "onibus": 13.33, "ciclovia": 0.0, "calcada": 86.67, "obstaculo": 100.0, "rampa": 0.0, "rampa_faces": 0.0, "sem_calcada": 13.33, "sem_arvore": 40.0, "muitas_arvores": 26.67, "vao": 100.0, "V05400": 15, "V05421": 13, "V05406": 15, "V05412": 15, "V05422": 2, "V05424": 13, "V05427": 0, "V05409": 11, "V05415": 2, "V05418": 0, "V05430": 6, "V05433": 4, "criancas_0a4": 27, "em_favela": false }, "geometry": { "type": "Polygon", "coordinates": [ [ [ -46.539079, -23.598322 ], [ -46.538594, -23.59857 ], [ -46.538988, -23.599818 ], [ -46.539303, -23.599237 ], [ -46.539434, -23.59917 ], [ -46.539564, -23.599211 ], [ -46.539618, -23.599336 ], [ -46.539611, -23.599653 ], [ -46.539882, -23.600738 ], [ -46.54003, -23.600977 ], [ -46.540211, -23.601115 ], [ -46.54078, -23.600827 ], [ -46.541573, -23.601395 ], [ -46.543211, -23.599965 ], [ -46.542924, -23.5997 ], [ -46.542673, -23.599202 ], [ -46.541539, -23.600191 ], [ -46.539626, -23.598785 ], [ -46.539079, -23.598322 ] ] ] } },
{ "type": "Feature", "properties": { "CD_SETOR": "355030872000196", "faces": 1, "pavimentada": 100.0, "bueiro": 0.0, "iluminacao": 100.0, "onibus": 100.0, "ciclovia": 0.0, "calcada": 100.0, "obstaculo": 100.0, "rampa": 0.0, "rampa_faces": 0.0, "sem_calcada": 0.0, "sem_arvore": 100.0, "muitas_arvores": 0.0, "vao": 100.0, "V05400": 1, "V05421": 1, "V05406": 1, "V05412": 1, "V05422": 0, "V05424": 1, "V05427": 0, "V05409": 0, "V05415": 1, "V05418": 0, "V05430": 1, "V05433": 0, "criancas_0a4": 37, "em_favela": false }, "geometry": { "type": "Polygon", "coordinates": [ [ [ -46.543872, -23.601361 ], [ -46.544146, -23.60134 ], [ -46.545016, -23.601407 ], [ -46.543839, -23.60031 ], [ -46.543425, -23.600672 ], [ -46.543661, -23.600863 ], [ -46.543764, -23.600859 ], [ -46.543872, -23.601361 ] ] ] } },
{ "type": "Feature", "properties": { "CD_SETOR": "355030872000197", "faces": 1, "pavimentada": 100.0, "bueiro": 0.0, "iluminacao": 100.0, "onibus": 100.0, "ciclovia": 0.0, "calcada": 100.0, "obstaculo": 0.0, "rampa": 0.0, "rampa_faces": 0.0, "sem_calcada": 0.0, "sem_arvore": 0.0, "muitas_arvores": 100.0, "vao": 100.0, "V05400": 1, "V05421": 1, "V05406": 1, "V05412": 1, "V05422": 0, "V05424": 0, "V05427": 0, "V05409": 0, "V05415": 1, "V05418": 0, "V05430": 0, "V05433": 1, "criancas_0a4": 17, "em_favela": false }, "geometry": { "type": "Polygon", "coordinates": [ [ [ -46.545802, -23.601499 ], [ -46.54641, -23.601572 ], [ -46.545021, -23.600306 ], [ -46.544752, -23.600549 ], [ -46.545802, -23.601499 ] ] ] } },
{ "type": "Feature", "properties": { "CD_SETOR": "355030872000198", "faces": 1, "pavimentada": 100.0, "bueiro": 100.0, "iluminacao": 100.0, "onibus": 100.0, "ciclovia": 0.0, "calcada": 100.0, "obstaculo": 0.0, "rampa": 0.0, "rampa_faces": 0.0, "sem_calcada": 0.0, "sem_arvore": 0.0, "muitas_arvores": 100.0, "vao": 100.0, "V05400": 1, "V05421": 1, "V05406": 1, "V05412": 1, "V05422": 0, "V05424": 0, "V05427": 0, "V05409": 1, "V05415": 1, "V05418": 0, "V05430": 0, "V05433": 1, "criancas_0a4": 25, "em_favela": false }, "geometry": { "type": "Polygon", "coordinates": [ [ [ -46.543927, -23.600369 ], [ -46.545016, -23.601407 ], [ -46.545802, -23.601499 ], [ -46.544752, -23.600549 ], [ -46.545021, -23.600306 ], [ -46.544751, -23.600044 ], [ -46.544406, -23.599942 ], [ -46.543927, -23.600369 ] ] ] } },
{ "type": "Feature", "properties": { "CD_SETOR": "355030872000199", "faces": 2, "pavimentada": 100.0, "bueiro": 100.0, "iluminacao": 100.0, "onibus": 0.0, "ciclovia": 0.0, "calcada": 100.0, "obstaculo": 100.0, "rampa": 0.0, "rampa_faces": 0.0, "sem_calcada": 0.0, "sem_arvore": 50.0, "muitas_arvores": 50.0, "vao": 100.0, "V05400": 2, "V05421": 2, "V05406": 2, "V05412": 2, "V05422": 0, "V05424": 2, "V05427": 0, "V05409": 2, "V05415": 0, "V05418": 0, "V05430": 1, "V05433": 1, "criancas_0a4": 29, "em_favela": false }, "geometry": { "type": "Polygon", "coordinates": [ [ [ -46.543271, -23.599905 ], [ -46.542023, -23.601038 ], [ -46.542948, -23.601943 ], [ -46.543267, -23.601614 ], [ -46.543484, -23.60149 ], [ -46.543872, -23.601361 ], [ -46.543764, -23.600859 ], [ -46.543661, -23.600863 ], [ -46.543425, -23.600672 ], [ -46.543839, -23.60031 ], [ -46.543271, -23.599905 ] ] ] } },
{ "type": "Feature", "properties": { "CD_SETOR": "355030872000200", "faces": 19, "pavimentada": 100.0, "bueiro": 26.32, "iluminacao": 100.0, "onibus": 15.79, "ciclovia": 0.0, "calcada": 100.0, "obstaculo": 52.63, "rampa": 57.89, "rampa_faces": 57.89, "sem_calcada": 0.0, "sem_arvore": 52.63, "muitas_arvores": 21.05, "vao": 42.11, "V05400": 19, "V05421": 19, "V05406": 19, "V05412": 19, "V05422": 0, "V05424": 10, "V05427": 11, "V05409": 5, "V05415": 3, "V05418": 0, "V05430": 10, "V05433": 4, "criancas_0a4": 29, "em_favela": false }, "geometry": { "type": "Polygon", "coordinates": [ [ [ -46.537126, -23.581805 ], [ -46.536012, -23.582203 ], [ -46.535603, -23.582569 ], [ -46.533874, -23.584723 ], [ -46.533629, -23.585256 ], [ -46.534179, -23.585542 ], [ -46.533659, -23.58621 ], [ -46.533193, -23.586087 ], [ -46.532359, -23.587561 ], [ -46.53228, -23.588017 ], [ -46.5327, -23.588886 ], [ -46.532736, -23.58887 ], [ -46.532902, -23.587429 ], [ -46.537126, -23.581805 ] ] ] } },
{ "type": "Feature", "properties": { "CD_SETOR": "355030872000201", "faces": 1, "pavimentada": 100.0, "bueiro": 0.0, "iluminacao": 100.0, "onibus": 100.0, "ciclovia": 0.0, "calcada": 100.0, "obstaculo": 0.0, "rampa": 0.0, "rampa_faces": 0.0, "sem_calcada": 0.0, "sem_arvore": 0.0, "muitas_arvores": 0.0, "vao": 100.0, "V05400": 1, "V05421": 1, "V05406": 1, "V05412": 1, "V05422": 0, "V05424": 0, "V05427": 0, "V05409": 0, "V05415": 1, "V05418": 0, "V05430": 0, "V05433": 0, "criancas_0a4": 28, "em_favela": false }, "geometry": { "type": "Polygon", "coordinates": [ [ [ -46.533629, -23.585256 ], [ -46.533193, -23.586087 ], [ -46.533659, -23.58621 ], [ -46.534179, -23.585542 ], [ -46.533629, -23.585256 ] ] ] } },
{ "type": "Feature", "properties": { "CD_SETOR": "355030872000202", "faces": 21, "pavimentada": 100.0, "bueiro": 33.33, "iluminacao": 90.48, "onibus": 23.81, "ciclovia": 0.0, "calcada": 100.0, "obstaculo": 85.71, "rampa": 4.76, "rampa_faces": 4.76, "sem_calcada": 0.0, "sem_arvore": 52.38, "muitas_arvores": 0.0, "vao": 95.24, "V05400": 21, "V05421": 21, "V05406": 21, "V05412": 19, "V05422": 0, "V05424": 18, "V05427": 1, "V05409": 7, "V05415": 5, "V05418": 0, "V05430": 11, "V05433": 0, "criancas_0a4": 29, "em_favela": false }, "geometry": { "type": "Polygon", "coordinates": [ [ [ -46.554633, -23.58846 ], [ -46.554698, -23.590238 ], [ -46.557553, -23.58854 ], [ -46.557368, -23.587194 ], [ -46.556237, -23.587337 ], [ -46.555665, -23.58752 ], [ -46.555403, -23.587681 ], [ -46.555022, -23.588155 ], [ -46.554633, -23.58846 ] ] ] } },
{ "type": "Feature", "properties": { "CD_SETOR": "355030872000203", "faces": 6, "pavimentada": 100.0, "bueiro": 16.67, "iluminacao": 100.0, "onibus": 33.33, "ciclovia": 0.0, "calcada": 100.0, "obstaculo": 100.0, "rampa": 16.67, "rampa_faces": 16.67, "sem_calcada": 0.0, "sem_arvore": 33.33, "muitas_arvores": 50.0, "vao": 83.33, "V05400": 6, "V05421": 6, "V05406": 6, "V05412": 6, "V05422": 0, "V05424": 6, "V05427": 1, "V05409": 1, "V05415": 2, "V05418": 0, "V05430": 2, "V05433": 3, "criancas_0a4": 20, "em_favela": false }, "geometry": { "type": "Polygon", "coordinates": [ [ [ -46.554064, -23.589469 ], [ -46.554232, -23.592514 ], [ -46.554336, -23.592912 ], [ -46.554782, -23.592408 ], [ -46.554674, -23.589423 ], [ -46.554064, -23.589469 ] ] ] } },
{ "type": "Feature", "properties": { "CD_SETOR": "355030872000204", "faces": 55, "pavimentada": 98.18, "bueiro": 72.73, "iluminacao": 98.18, "onibus": 12.73, "ciclovia": 20.0, "calcada": 94.55, "obstaculo": 78.85, "rampa": 19.23, "rampa_faces": 18.18, "sem_calcada": 5.45, "sem_arvore": 41.82, "muitas_arvores": 34.55, "vao": 80.0, "V05400": 55, "V05421": 52, "V05406": 54, "V05412": 54, "V05422": 3, "V05424": 41, "V05427": 10, "V05409": 40, "V05415": 7, "V05418": 11, "V05430": 23, "V05433": 19, "criancas_0a4": 9, "em_favela": false }, "geometry": { "type": "Polygon", "coordinates": [ [ [ -46.558737, -23.581759 ], [ -46.557453, -23.581995 ], [ -46.557565, -23.582987 ], [ -46.55712, -23.583075 ], [ -46.557201, -23.583435 ], [ -46.556947, -23.583494 ], [ -46.557093, -23.584088 ], [ -46.554804, -23.584566 ], [ -46.554742, -23.584513 ], [ -46.554622, -23.583584 ], [ -46.557015, -23.583096 ], [ -46.556951, -23.582096 ], [ -46.553289, -23.582834 ], [ -46.552778, -23.58299 ], [ -46.551293, -23.583585 ], [ -46.55164, -23.584298 ], [ -46.552107, -23.584282 ], [ -46.552376, -23.584323 ], [ -46.55261, -23.584464 ], [ -46.552745, -23.584772 ], [ -46.552902, -23.584723 ], [ -46.553281, -23.586624 ], [ -46.553304, -23.587852 ], [ -46.552375, -23.588153 ], [ -46.552761, -23.589718 ], [ -46.554796, -23.588351 ], [ -46.555527, -23.587586 ], [ -46.556237, -23.587337 ], [ -46.557368, -23.587194 ], [ -46.557922, -23.583913 ], [ -46.557946, -23.583813 ], [ -46.5581, -23.583618 ], [ -46.56007, -23.582575 ], [ -46.562846, -23.582836 ], [ -46.562906, -23.582377 ], [ -46.559707, -23.581748 ], [ -46.558737, -23.581759 ] ] ] } },
{ "type": "Feature", "properties": { "CD_SETOR": "355030872000205", "faces": 4, "pavimentada": 100.0, "bueiro": 75.0, "iluminacao": 75.0, "onibus": 75.0, "ciclovia": 50.0, "calcada": 100.0, "obstaculo": 50.0, "rampa": 25.0, "rampa_faces": 25.0, "sem_calcada": 0.0, "sem_arvore": 25.0, "muitas_arvores": 0.0, "vao": 75.0, "V05400": 4, "V05421": 4, "V05406": 4, "V05412": 3, "V05422": 0, "V05424": 2, "V05427": 1, "V05409": 3, "V05415": 3, "V05418": 2, "V05430": 1, "V05433": 0, "criancas_0a4": 35, "em_favela": false }, "geometry": { "type": "Polygon", "coordinates": [ [ [ -46.556951, -23.582096 ], [ -46.557015, -23.583096 ], [ -46.557565, -23.582987 ], [ -46.557453, -23.581995 ], [ -46.556951, -23.582096 ] ] ] } },
{ "type": "Feature", "properties": { "CD_SETOR": "355030872000206", "faces": 10, "pavimentada": 70.0, "bueiro": 80.0, "iluminacao": 100.0, "onibus": 10.0, "ciclovia": 0.0, "calcada": 70.0, "obstaculo": 71.43, "rampa": 14.29, "rampa_faces": 10.0, "sem_calcada": 30.0, "sem_arvore": 30.0, "muitas_arvores": 40.0, "vao": 60.0, "V05400": 10, "V05421": 7, "V05406": 7, "V05412": 10, "V05422": 3, "V05424": 5, "V05427": 1, "V05409": 8, "V05415": 1, "V05418": 0, "V05430": 3, "V05433": 4, "criancas_0a4": 24, "em_favela": false }, "geometry": { "type": "Polygon", "coordinates": [ [ [ -46.534958, -23.609111 ], [ -46.535481, -23.610373 ], [ -46.5355, -23.611253 ], [ -46.536215, -23.611344 ], [ -46.53641, -23.611571 ], [ -46.536446, -23.611546 ], [ -46.536348, -23.609018 ], [ -46.534958, -23.609111 ] ] ] } },
{ "type": "Feature", "properties": { "CD_SETOR": "355030872000207", "faces": 33, "pavimentada": 100.0, "bueiro": 33.33, "iluminacao": 100.0, "onibus": 18.18, "ciclovia": 18.18, "calcada": 100.0, "obstaculo": 45.45, "rampa": 9.09, "rampa_faces": 9.09, "sem_calcada": 0.0, "sem_arvore": 57.58, "muitas_arvores": 3.03, "vao": 90.91, "V05400": 33, "V05421": 33, "V05406": 33, "V05412": 33, "V05422": 0, "V05424": 15, "V05427": 3, "V05409": 11, "V05415": 6, "V05418": 6, "V05430": 19, "V05433": 1, "criancas_0a4": 9, "em_favela": false }, "geometry": { "type": "Polygon", "coordinates": [ [ [ -46.562098, -23.584752 ], [ -46.561607, -23.585843 ], [ -46.561317, -23.58631 ], [ -46.560892, -23.586824 ], [ -46.560531, -23.587035 ], [ -46.560389, -23.586788 ], [ -46.560296, -23.586828 ], [ -46.559983, -23.586302 ], [ -46.55969, -23.586445 ], [ -46.560115, -23.587225 ], [ -46.559737, -23.587403 ], [ -46.56057, -23.588005 ], [ -46.560402, -23.588769 ], [ -46.560474, -23.589011 ], [ -46.562063, -23.587127 ], [ -46.56234, -23.586737 ], [ -46.563303, -23.587272 ], [ -46.564448, -23.584723 ], [ -46.563973, -23.584206 ], [ -46.563733, -23.58376 ], [ -46.563104, -23.585129 ], [ -46.562098, -23.584752 ] ] ] } },
{ "type": "Feature", "properties": { "CD_SETOR": "355030872000208", "faces": 4, "pavimentada": 100.0, "bueiro": 50.0, "iluminacao": 100.0, "onibus": 0.0, "ciclovia": 25.0, "calcada": 100.0, "obstaculo": 25.0, "rampa": 0.0, "rampa_faces": 0.0, "sem_calcada": 0.0, "sem_arvore": 0.0, "muitas_arvores": 75.0, "vao": 100.0, "V05400": 4, "V05421": 4, "V05406": 4, "V05412": 4, "V05422": 0, "V05424": 1, "V05427": 0, "V05409": 2, "V05415": 0, "V05418": 1, "V05430": 0, "V05433": 3, "criancas_0a4": 50, "em_favela": false }, "geometry": { "type": "Polygon", "coordinates": [ [ [ -46.559588, -23.586253 ], [ -46.55969, -23.586445 ], [ -46.559983, -23.586302 ], [ -46.560296, -23.586828 ], [ -46.560389, -23.586788 ], [ -46.560531, -23.587035 ], [ -46.560892, -23.586824 ], [ -46.561137, -23.586547 ], [ -46.560228, -23.585838 ], [ -46.559588, -23.586253 ] ] ] } },
{ "type": "Feature", "properties": { "CD_SETOR": "355030872000209", "faces": 6, "pavimentada": 100.0, "bueiro": 83.33, "iluminacao": 100.0, "onibus": 33.33, "ciclovia": 0.0, "calcada": 100.0, "obstaculo": 83.33, "rampa": 0.0, "rampa_faces": 0.0, "sem_calcada": 0.0, "sem_arvore": 50.0, "muitas_arvores": 0.0, "vao": 100.0, "V05400": 6, "V05421": 6, "V05406": 6, "V05412": 6, "V05422": 0, "V05424": 5, "V05427": 0, "V05409": 5, "V05415": 2, "V05418": 0, "V05430": 3, "V05433": 0, "criancas_0a4": 35, "em_favela": false }, "geometry": { "type": "Polygon", "coordinates": [ [ [ -46.523906, -23.612173 ], [ -46.523177, -23.613017 ], [ -46.524635, -23.613597 ], [ -46.524495, -23.613903 ], [ -46.523528, -23.613891 ], [ -46.522824, -23.613609 ], [ -46.522795, -23.613835 ], [ -46.523078, -23.613974 ], [ -46.523541, -23.614052 ], [ -46.524508, -23.614019 ], [ -46.525086, -23.613892 ], [ -46.525605, -23.613944 ], [ -46.526299, -23.613912 ], [ -46.526332, -23.613532 ], [ -46.526556, -23.613589 ], [ -46.527161, -23.613504 ], [ -46.527219, -23.613465 ], [ -46.527304, -23.613201 ], [ -46.523906, -23.612173 ] ] ] } },
{ "type": "Feature", "properties": { "CD_SETOR": "355030872000210", "faces": 1, "pavimentada": 100.0, "bueiro": 100.0, "iluminacao": 100.0, "onibus": 100.0, "ciclovia": 0.0, "calcada": 100.0, "obstaculo": 0.0, "rampa": 0.0, "rampa_faces": 0.0, "sem_calcada": 0.0, "sem_arvore": 100.0, "muitas_arvores": 0.0, "vao": 100.0, "V05400": 1, "V05421": 1, "V05406": 1, "V05412": 1, "V05422": 0, "V05424": 0, "V05427": 0, "V05409": 1, "V05415": 1, "V05418": 0, "V05430": 1, "V05433": 0, "criancas_0a4": 42, "em_favela": false }, "geometry": { "type": "Polygon", "coordinates": [ [ [ -46.522824, -23.613609 ], [ -46.523528, -23.613891 ], [ -46.524495, -23.613903 ], [ -46.524635, -23.613597 ], [ -46.523177, -23.613017 ], [ -46.522932, -23.613322 ], [ -46.522824, -23.613609 ] ] ] } },
{ "type": "Feature", "properties": { "CD_SETOR": "355030872000211", "faces": 3, "pavimentada": 100.0, "bueiro": 100.0, "iluminacao": 100.0, "onibus": 66.67, "ciclovia": 0.0, "calcada": 100.0, "obstaculo": 100.0, "rampa": 66.67, "rampa_faces": 66.67, "sem_calcada": 0.0, "sem_arvore": 33.33, "muitas_arvores": 33.33, "vao": 33.33, "V05400": 3, "V05421": 3, "V05406": 3, "V05412": 3, "V05422": 0, "V05424": 3, "V05427": 2, "V05409": 3, "V05415": 2, "V05418": 0, "V05430": 1, "V05433": 1, "criancas_0a4": 58, "em_favela": false }, "geometry": { "type": "Polygon", "coordinates": [ [ [ -46.541626, -23.589324 ], [ -46.540868, -23.590137 ], [ -46.54013, -23.590724 ], [ -46.540473, -23.591403 ], [ -46.541618, -23.590628 ], [ -46.542056, -23.59022 ], [ -46.541626, -23.589324 ] ] ] } },
{ "type": "Feature", "properties": { "CD_SETOR": "355030872000212", "faces": 2, "pavimentada": 100.0, "bueiro": 0.0, "iluminacao": 100.0, "onibus": 50.0, "ciclovia": 0.0, "calcada": 100.0, "obstaculo": 100.0, "rampa": 0.0, "rampa_faces": 0.0, "sem_calcada": 0.0, "sem_arvore": 50.0, "muitas_arvores": 50.0, "vao": 100.0, "V05400": 2, "V05421": 2, "V05406": 2, "V05412": 2, "V05422": 0, "V05424": 2, "V05427": 0, "V05409": 0, "V05415": 1, "V05418": 0, "V05430": 1, "V05433": 1, "criancas_0a4": 27, "em_favela": false }, "geometry": { "type": "Polygon", "coordinates": [ [ [ -46.541626, -23.589324 ], [ -46.541642, -23.589359 ], [ -46.542056, -23.59022 ], [ -46.542459, -23.589677 ], [ -46.542252, -23.589223 ], [ -46.542013, -23.589312 ], [ -46.541867, -23.589007 ], [ -46.541626, -23.589324 ] ] ] } },
{ "type": "Feature", "properties": { "CD_SETOR": "355030872000213", "faces": 4, "pavimentada": 100.0, "bueiro": 50.0, "iluminacao": 100.0, "onibus": 25.0, "ciclovia": 25.0, "calcada": 100.0, "obstaculo": 0.0, "rampa": 50.0, "rampa_faces": 50.0, "sem_calcada": 0.0, "sem_arvore": 25.0, "muitas_arvores": 25.0, "vao": 50.0, "V05400": 4, "V05421": 4, "V05406": 4, "V05412": 4, "V05422": 0, "V05424": 0, "V05427": 2, "V05409": 2, "V05415": 1, "V05418": 1, "V05430": 1, "V05433": 1, "criancas_0a4": 36, "em_favela": false }, "geometry": { "type": "Polygon", "coordinates": [ [ [ -46.562786, -23.583255 ], [ -46.562098, -23.584752 ], [ -46.563104, -23.585129 ], [ -46.563733, -23.58376 ], [ -46.563064, -23.582966 ], [ -46.562846, -23.582836 ], [ -46.562786, -23.583255 ] ] ] } },
{ "type": "Feature", "properties": { "CD_SETOR": "355030872000214", "faces": 4, "pavimentada": 100.0, "bueiro": 75.0, "iluminacao": 100.0, "onibus": 25.0, "ciclovia": 50.0, "calcada": 100.0, "obstaculo": 0.0, "rampa": 50.0, "rampa_faces": 50.0, "sem_calcada": 0.0, "sem_arvore": 25.0, "muitas_arvores": 75.0, "vao": 50.0, "V05400": 4, "V05421": 4, "V05406": 4, "V05412": 4, "V05422": 0, "V05424": 0, "V05427": 2, "V05409": 3, "V05415": 1, "V05418": 2, "V05430": 1, "V05433": 3, "criancas_0a4": 15, "em_favela": false }, "geometry": { "type": "Polygon", "coordinates": [ [ [ -46.563729, -23.583097 ], [ -46.564168, -23.583579 ], [ -46.563973, -23.584206 ], [ -46.564448, -23.584723 ], [ -46.564951, -23.58358 ], [ -46.565022, -23.582592 ], [ -46.563805, -23.582471 ], [ -46.563729, -23.583097 ] ] ] } },
{ "type": "Feature", "properties": { "CD_SETOR": "355030872000215", "faces": 8, "pavimentada": 100.0, "bueiro": 50.0, "iluminacao": 100.0, "onibus": 0.0, "ciclovia": 0.0, "calcada": 100.0, "obstaculo": 75.0, "rampa": 0.0, "rampa_faces": 0.0, "sem_calcada": 0.0, "sem_arvore": 75.0, "muitas_arvores": 12.5, "vao": 100.0, "V05400": 8, "V05421": 8, "V05406": 8, "V05412": 8, "V05422": 0, "V05424": 6, "V05427": 0, "V05409": 4, "V05415": 0, "V05418": 0, "V05430": 6, "V05433": 1, "criancas_0a4": 33, "em_favela": false }, "geometry": { "type": "Polygon", "coordinates": [ [ [ -46.532256, -23.611661 ], [ -46.532258, -23.612785 ], [ -46.532591, -23.612743 ], [ -46.532584, -23.612629 ], [ -46.534307, -23.611164 ], [ -46.534403, -23.611147 ], [ -46.534724, -23.611221 ], [ -46.534916, -23.611179 ], [ -46.534746, -23.611105 ], [ -46.533769, -23.610355 ], [ -46.532256, -23.611661 ] ] ] } },
{ "type": "Feature", "properties": { "CD_SETOR": "355030872000216", "faces": 35, "pavimentada": 91.43, "bueiro": 8.57, "iluminacao": 88.57, "onibus": 0.0, "ciclovia": 0.0, "calcada": 85.71, "obstaculo": 93.33, "rampa": 13.33, "rampa_faces": 11.43, "sem_calcada": 14.29, "sem_arvore": 82.86, "muitas_arvores": 0.0, "vao": 80.0, "V05400": 35, "V05421": 30, "V05406": 32, "V05412": 31, "V05422": 5, "V05424": 28, "V05427": 4, "V05409": 3, "V05415": 0, "V05418": 0, "V05430": 29, "V05433": 0, "criancas_0a4": 110, "em_favela": false }, "geometry": { "type": "Polygon", "coordinates": [ [ [ -46.532591, -23.612743 ], [ -46.535828, -23.612425 ], [ -46.536023, -23.612669 ], [ -46.536759, -23.61219 ], [ -46.536582, -23.611821 ], [ -46.536215, -23.611344 ], [ -46.534916, -23.611179 ], [ -46.534724, -23.611221 ], [ -46.534403, -23.611147 ], [ -46.534307, -23.611164 ], [ -46.532584, -23.612629 ], [ -46.532591, -23.612743 ] ] ] } },
{ "type": "Feature", "properties": { "CD_SETOR": "355030872000217", "faces": 2, "pavimentada": 100.0, "bueiro": 100.0, "iluminacao": 100.0, "onibus": 100.0, "ciclovia": 0.0, "calcada": 100.0, "obstaculo": 50.0, "rampa": 50.0, "rampa_faces": 50.0, "sem_calcada": 0.0, "sem_arvore": 50.0, "muitas_arvores": 50.0, "vao": 50.0, "V05400": 2, "V05421": 2, "V05406": 2, "V05412": 2, "V05422": 0, "V05424": 1, "V05427": 1, "V05409": 2, "V05415": 2, "V05418": 0, "V05430": 1, "V05433": 1, "criancas_0a4": 24, "em_favela": false }, "geometry": { "type": "Polygon", "coordinates": [ [ [ -46.522327, -23.605716 ], [ -46.521899, -23.606318 ], [ -46.522559, -23.607044 ], [ -46.52272, -23.606856 ], [ -46.523435, -23.606599 ], [ -46.523671, -23.607368 ], [ -46.524377, -23.607206 ], [ -46.524236, -23.606777 ], [ -46.524205, -23.606425 ], [ -46.522619, -23.60641 ], [ -46.522611, -23.605796 ], [ -46.522465, -23.605799 ], [ -46.522327, -23.605716 ] ] ] } },
{ "type": "Feature", "properties": { "CD_SETOR": "355030872000218", "faces": 14, "pavimentada": 100.0, "bueiro": 50.0, "iluminacao": 78.57, "onibus": 28.57, "ciclovia": 0.0, "calcada": 85.71, "obstaculo": 8.33, "rampa": 33.33, "rampa_faces": 28.57, "sem_calcada": 14.29, "sem_arvore": 14.29, "muitas_arvores": 64.29, "vao": 71.43, "V05400": 14, "V05421": 12, "V05406": 14, "V05412": 11, "V05422": 2, "V05424": 1, "V05427": 4, "V05409": 7, "V05415": 4, "V05418": 0, "V05430": 2, "V05433": 9, "criancas_0a4": 51, "em_favela": false }, "geometry": { "type": "Polygon", "coordinates": [ [ [ -46.523387, -23.604284 ], [ -46.522473, -23.605516 ], [ -46.52259, -23.605604 ], [ -46.524431, -23.605516 ], [ -46.524926, -23.605424 ], [ -46.52482, -23.605191 ], [ -46.525045, -23.605112 ], [ -46.525086, -23.604534 ], [ -46.525313, -23.604442 ], [ -46.52521, -23.604239 ], [ -46.525024, -23.604254 ], [ -46.523809, -23.603958 ], [ -46.523688, -23.604012 ], [ -46.523387, -23.604284 ] ] ] } },
{ "type": "Feature", "properties": { "CD_SETOR": "355030872000219", "faces": 1, "pavimentada": 100.0, "bueiro": 100.0, "iluminacao": 100.0, "onibus": 100.0, "ciclovia": 0.0, "calcada": 100.0, "obstaculo": 100.0, "rampa": 100.0, "rampa_faces": 100.0, "sem_calcada": 0.0, "sem_arvore": 0.0, "muitas_arvores": 100.0, "vao": 0.0, "V05400": 1, "V05421": 1, "V05406": 1, "V05412": 1, "V05422": 0, "V05424": 1, "V05427": 1, "V05409": 1, "V05415": 1, "V05418": 0, "V05430": 0, "V05433": 1, "criancas_0a4": 39, "em_favela": false }, "geometry": { "type": "Polygon", "coordinates": [ [ [ -46.524926, -23.605424 ], [ -46.525684, -23.605285 ], [ -46.525313, -23.604442 ], [ -46.525086, -23.604534 ], [ -46.525045, -23.605112 ], [ -46.52482, -23.605191 ], [ -46.524926, -23.605424 ] ] ] } },
{ "type": "Feature", "properties": { "CD_SETOR": "355030872000220", "faces": 1, "pavimentada": 100.0, "bueiro": 100.0, "iluminacao": 100.0, "onibus": 100.0, "ciclovia": 0.0, "calcada": 100.0, "obstaculo": 100.0, "rampa": 0.0, "rampa_faces": 0.0, "sem_calcada": 0.0, "sem_arvore": 0.0, "muitas_arvores": 100.0, "vao": 100.0, "V05400": 1, "V05421": 1, "V05406": 1, "V05412": 1, "V05422": 0, "V05424": 1, "V05427": 0, "V05409": 1, "V05415": 1, "V05418": 0, "V05430": 0, "V05433": 1, "criancas_0a4": 42, "em_favela": false }, "geometry": { "type": "Polygon", "coordinates": [ [ [ -46.524205, -23.606425 ], [ -46.524236, -23.606777 ], [ -46.52603, -23.60644 ], [ -46.525967, -23.60613 ], [ -46.524205, -23.606425 ] ] ] } },
{ "type": "Feature", "properties": { "CD_SETOR": "355030872000221", "faces": 1, "pavimentada": 100.0, "bueiro": 100.0, "iluminacao": 100.0, "onibus": 100.0, "ciclovia": 100.0, "calcada": 100.0, "obstaculo": 0.0, "rampa": 0.0, "rampa_faces": 0.0, "sem_calcada": 0.0, "sem_arvore": 0.0, "muitas_arvores": 100.0, "vao": 100.0, "V05400": 1, "V05421": 1, "V05406": 1, "V05412": 1, "V05422": 0, "V05424": 0, "V05427": 0, "V05409": 1, "V05415": 1, "V05418": 1, "V05430": 0, "V05433": 1, "criancas_0a4": 31, "em_favela": false }, "geometry": { "type": "Polygon", "coordinates": [ [ [ -46.524236, -23.606777 ], [ -46.524301, -23.607026 ], [ -46.526075, -23.606674 ], [ -46.52603, -23.60644 ], [ -46.524236, -23.606777 ] ] ] } },
{ "type": "Feature", "properties": { "CD_SETOR": "355030872000222", "faces": 1, "pavimentada": 100.0, "bueiro": 100.0, "iluminacao": 100.0, "onibus": 100.0, "ciclovia": 100.0, "calcada": 100.0, "obstaculo": 0.0, "rampa": 0.0, "rampa_faces": 0.0, "sem_calcada": 0.0, "sem_arvore": 0.0, "muitas_arvores": 100.0, "vao": 100.0, "V05400": 1, "V05421": 1, "V05406": 1, "V05412": 1, "V05422": 0, "V05424": 0, "V05427": 0, "V05409": 1, "V05415": 1, "V05418": 1, "V05430": 0, "V05433": 1, "criancas_0a4": 28, "em_favela": false }, "geometry": { "type": "Polygon", "coordinates": [ [ [ -46.524301, -23.607026 ], [ -46.524442, -23.607358 ], [ -46.52614, -23.607031 ], [ -46.526075, -23.606674 ], [ -46.524301, -23.607026 ] ] ] } },
{ "type": "Feature", "properties": { "CD_SETOR": "355030872000223", "faces": 1, "pavimentada": 100.0, "bueiro": 100.0, "iluminacao": 100.0, "onibus": 100.0, "ciclovia": 0.0, "calcada": 100.0, "obstaculo": 0.0, "rampa": 0.0, "rampa_faces": 0.0, "sem_calcada": 0.0, "sem_arvore": 0.0, "muitas_arvores": 100.0, "vao": 100.0, "V05400": 1, "V05421": 1, "V05406": 1, "V05412": 1, "V05422": 0, "V05424": 0, "V05427": 0, "V05409": 1, "V05415": 1, "V05418": 0, "V05430": 0, "V05433": 1, "criancas_0a4": 41, "em_favela": false }, "geometry": { "type": "Polygon", "coordinates": [ [ [ -46.524442, -23.607358 ], [ -46.524793, -23.608265 ], [ -46.525483, -23.608046 ], [ -46.526245, -23.607571 ], [ -46.52614, -23.607031 ], [ -46.524442, -23.607358 ] ] ] } },
{ "type": "Feature", "properties": { "CD_SETOR": "355030872000224", "faces": 7, "pavimentada": 100.0, "bueiro": 85.71, "iluminacao": 100.0, "onibus": 28.57, "ciclovia": 0.0, "calcada": 85.71, "obstaculo": 100.0, "rampa": 0.0, "rampa_faces": 0.0, "sem_calcada": 14.29, "sem_arvore": 71.43, "muitas_arvores": 28.57, "vao": 100.0, "V05400": 7, "V05421": 6, "V05406": 7, "V05412": 7, "V05422": 1, "V05424": 6, "V05427": 0, "V05409": 6, "V05415": 2, "V05418": 0, "V05430": 5, "V05433": 2, "criancas_0a4": 5, "em_favela": false }, "geometry": { "type": "Polygon", "coordinates": [ [ [ -46.525395, -23.604623 ], [ -46.525877, -23.605718 ], [ -46.52614, -23.607031 ], [ -46.526338, -23.606067 ], [ -46.526324, -23.605454 ], [ -46.526275, -23.605269 ], [ -46.526103, -23.605038 ], [ -46.525884, -23.604497 ], [ -46.525395, -23.604623 ] ] ] } },
{ "type": "Feature", "properties": { "CD_SETOR": "355030872000225", "faces": 2, "pavimentada": 100.0, "bueiro": 100.0, "iluminacao": 100.0, "onibus": 100.0, "ciclovia": 50.0, "calcada": 100.0, "obstaculo": 50.0, "rampa": 0.0, "rampa_faces": 0.0, "sem_calcada": 0.0, "sem_arvore": 0.0, "muitas_arvores": 100.0, "vao": 100.0, "V05400": 2, "V05421": 2, "V05406": 2, "V05412": 2, "V05422": 0, "V05424": 1, "V05427": 0, "V05409": 2, "V05415": 2, "V05418": 1, "V05430": 0, "V05433": 2, "criancas_0a4": 8, "em_favela": false }, "geometry": { "type": "Polygon", "coordinates": [ [ [ -46.541099, -23.590977 ], [ -46.541591, -23.592014 ], [ -46.542112, -23.591702 ], [ -46.541618, -23.590628 ], [ -46.541099, -23.590977 ] ] ] } },
{ "type": "Feature", "properties": { "CD_SETOR": "355030872000226", "faces": 3, "pavimentada": 100.0, "bueiro": 66.67, "iluminacao": 100.0, "onibus": 66.67, "ciclovia": 33.33, "calcada": 100.0, "obstaculo": 100.0, "rampa": 33.33, "rampa_faces": 33.33, "sem_calcada": 0.0, "sem_arvore": 0.0, "muitas_arvores": 66.67, "vao": 66.67, "V05400": 3, "V05421": 3, "V05406": 3, "V05412": 3, "V05422": 0, "V05424": 3, "V05427": 1, "V05409": 2, "V05415": 2, "V05418": 1, "V05430": 0, "V05433": 2, "criancas_0a4": 26, "em_favela": false }, "geometry": { "type": "Polygon", "coordinates": [ [ [ -46.542562, -23.589527 ], [ -46.541939, -23.590356 ], [ -46.541618, -23.590628 ], [ -46.542112, -23.591702 ], [ -46.542672, -23.591346 ], [ -46.543227, -23.590771 ], [ -46.542562, -23.589527 ] ] ] } },
{ "type": "Feature", "properties": { "CD_SETOR": "355030872000227", "faces": 16, "pavimentada": 100.0, "bueiro": 31.25, "iluminacao": 100.0, "onibus": 50.0, "ciclovia": 18.75, "calcada": 81.25, "obstaculo": 76.92, "rampa": 30.77, "rampa_faces": 25.0, "sem_calcada": 18.75, "sem_arvore": 31.25, "muitas_arvores": 50.0, "vao": 75.0, "V05400": 16, "V05421": 13, "V05406": 16, "V05412": 16, "V05422": 3, "V05424": 10, "V05427": 4, "V05409": 5, "V05415": 8, "V05418": 3, "V05430": 5, "V05433": 8, "criancas_0a4": 30, "em_favela": false }, "geometry": { "type": "Polygon", "coordinates": [ [ [ -46.532902, -23.587429 ], [ -46.53491, -23.586617 ], [ -46.534443, -23.585625 ], [ -46.535157, -23.584614 ], [ -46.535884, -23.583705 ], [ -46.53616, -23.584247 ], [ -46.535541, -23.584459 ], [ -46.535569, -23.584603 ], [ -46.535181, -23.584721 ], [ -46.535394, -23.585642 ], [ -46.536122, -23.585455 ], [ -46.536001, -23.585073 ], [ -46.536467, -23.584891 ], [ -46.536903, -23.585811 ], [ -46.537146, -23.585713 ], [ -46.536508, -23.58434 ], [ -46.53631, -23.584429 ], [ -46.536287, -23.58451 ], [ -46.536455, -23.584866 ], [ -46.535976, -23.585061 ], [ -46.536094, -23.585437 ], [ -46.535414, -23.585615 ], [ -46.535283, -23.585077 ], [ -46.535871, -23.58496 ], [ -46.535849, -23.584846 ], [ -46.536308, -23.584355 ], [ -46.536474, -23.584271 ], [ -46.536186, -23.583672 ], [ -46.537361, -23.582147 ], [ -46.537126, -23.581805 ], [ -46.532902, -23.587429 ] ] ] } },
{ "type": "Feature", "properties": { "CD_SETOR": "355030872000228", "faces": 1, "pavimentada": 100.0, "bueiro": 100.0, "iluminacao": 100.0, "onibus": 0.0, "ciclovia": 0.0, "calcada": 100.0, "obstaculo": 0.0, "rampa": 0.0, "rampa_faces": 0.0, "sem_calcada": 0.0, "sem_arvore": 0.0, "muitas_arvores": 100.0, "vao": 100.0, "V05400": 1, "V05421": 1, "V05406": 1, "V05412": 1, "V05422": 0, "V05424": 0, "V05427": 0, "V05409": 1, "V05415": 0, "V05418": 0, "V05430": 0, "V05433": 1, "criancas_0a4": 46, "em_favela": false }, "geometry": { "type": "Polygon", "coordinates": [ [ [ -46.534538, -23.585483 ], [ -46.534832, -23.585631 ], [ -46.535351, -23.585465 ], [ -46.535157, -23.584614 ], [ -46.534538, -23.585483 ] ] ] } },
{ "type": "Feature", "properties": { "CD_SETOR": "355030872000229", "faces": 1, "pavimentada": 100.0, "bueiro": 100.0, "iluminacao": 100.0, "onibus": 0.0, "ciclovia": 0.0, "calcada": 100.0, "obstaculo": 0.0, "rampa": 0.0, "rampa_faces": 0.0, "sem_calcada": 0.0, "sem_arvore": 0.0, "muitas_arvores": 100.0, "vao": 100.0, "V05400": 1, "V05421": 1, "V05406": 1, "V05412": 1, "V05422": 0, "V05424": 0, "V05427": 0, "V05409": 1, "V05415": 0, "V05418": 0, "V05430": 0, "V05433": 1, "criancas_0a4": 34, "em_favela": false }, "geometry": { "type": "Polygon", "coordinates": [ [ [ -46.534538, -23.585483 ], [ -46.534443, -23.585625 ], [ -46.53491, -23.586617 ], [ -46.53557, -23.586349 ], [ -46.535351, -23.585465 ], [ -46.534832, -23.585631 ], [ -46.534538, -23.585483 ] ] ] } },
{ "type": "Feature", "properties": { "CD_SETOR": "355030872000230", "faces": 11, "pavimentada": 63.64, "bueiro": 45.45, "iluminacao": 100.0, "onibus": 18.18, "ciclovia": 18.18, "calcada": 72.73, "obstaculo": 87.5, "rampa": 12.5, "rampa_faces": 9.09, "sem_calcada": 27.27, "sem_arvore": 100.0, "muitas_arvores": 0.0, "vao": 54.55, "V05400": 11, "V05421": 8, "V05406": 7, "V05412": 11, "V05422": 3, "V05424": 7, "V05427": 1, "V05409": 5, "V05415": 2, "V05418": 2, "V05430": 11, "V05433": 0, "criancas_0a4": 59, "em_favela": true }, "geometry": { "type": "Polygon", "coordinates": [ [ [ -46.555332, -23.583441 ], [ -46.555478, -23.583932 ], [ -46.555299, -23.583973 ], [ -46.555396, -23.58444 ], [ -46.55634, -23.584242 ], [ -46.556205, -23.583259 ], [ -46.555332, -23.583441 ] ] ] } },
{ "type": "Feature", "properties": { "CD_SETOR": "355030872000231", "faces": 15, "pavimentada": 100.0, "bueiro": 80.0, "iluminacao": 40.0, "onibus": 0.0, "ciclovia": 6.67, "calcada": 40.0, "obstaculo": 100.0, "rampa": 0.0, "rampa_faces": 0.0, "sem_calcada": 60.0, "sem_arvore": 100.0, "muitas_arvores": 0.0, "vao": 100.0, "V05400": 15, "V05421": 6, "V05406": 15, "V05412": 6, "V05422": 9, "V05424": 6, "V05427": 0, "V05409": 12, "V05415": 0, "V05418": 1, "V05430": 15, "V05433": 0, "criancas_0a4": 42, "em_favela": true }, "geometry": { "type": "Polygon", "coordinates": [ [ [ -46.55712, -23.583075 ], [ -46.556205, -23.583259 ], [ -46.55634, -23.584242 ], [ -46.557093, -23.584088 ], [ -46.556947, -23.583494 ], [ -46.557201, -23.583435 ], [ -46.55712, -23.583075 ] ] ] } },
{ "type": "Feature", "properties": { "CD_SETOR": "355030872000232", "faces": 9, "pavimentada": 100.0, "bueiro": 100.0, "iluminacao": 100.0, "onibus": 22.22, "ciclovia": 0.0, "calcada": 77.78, "obstaculo": 100.0, "rampa": 57.14, "rampa_faces": 44.44, "sem_calcada": 22.22, "sem_arvore": 44.44, "muitas_arvores": 33.33, "vao": 55.56, "V05400": 9, "V05421": 7, "V05406": 9, "V05412": 9, "V05422": 2, "V05424": 7, "V05427": 4, "V05409": 9, "V05415": 2, "V05418": 0, "V05430": 4, "V05433": 3, "criancas_0a4": 25, "em_favela": false }, "geometry": { "type": "Polygon", "coordinates": [ [ [ -46.540473, -23.591403 ], [ -46.540164, -23.591955 ], [ -46.540522, -23.592674 ], [ -46.541591, -23.592014 ], [ -46.541099, -23.590977 ], [ -46.540473, -23.591403 ] ] ] } },
{ "type": "Feature", "properties": { "CD_SETOR": "355030872000233", "faces": 34, "pavimentada": 94.12, "bueiro": 58.82, "iluminacao": 97.06, "onibus": 0.0, "ciclovia": 0.0, "calcada": 94.12, "obstaculo": 87.5, "rampa": 3.12, "rampa_faces": 2.94, "sem_calcada": 5.88, "sem_arvore": 50.0, "muitas_arvores": 11.76, "vao": 91.18, "V05400": 34, "V05421": 32, "V05406": 32, "V05412": 33, "V05422": 2, "V05424": 28, "V05427": 1, "V05409": 20, "V05415": 0, "V05418": 0, "V05430": 17, "V05433": 4, "criancas_0a4": 115, "em_favela": false }, "geometry": { "type": "Polygon", "coordinates": [ [ [ -46.535828, -23.612425 ], [ -46.532258, -23.612785 ], [ -46.532256, -23.613691 ], [ -46.535815, -23.61336 ], [ -46.536054, -23.613464 ], [ -46.536453, -23.613277 ], [ -46.536956, -23.612861 ], [ -46.537399, -23.612624 ], [ -46.537084, -23.612553 ], [ -46.536932, -23.612471 ], [ -46.536759, -23.61219 ], [ -46.536023, -23.612669 ], [ -46.535828, -23.612425 ] ] ] } },
{ "type": "Feature", "properties": { "CD_SETOR": "355030872000234", "faces": 6, "pavimentada": 16.67, "bueiro": 16.67, "iluminacao": 16.67, "onibus": 0.0, "ciclovia": 0.0, "calcada": 16.67, "obstaculo": 100.0, "rampa": 0.0, "rampa_faces": 0.0, "sem_calcada": 83.33, "sem_arvore": 66.67, "muitas_arvores": 0.0, "vao": 16.67, "V05400": 6, "V05421": 1, "V05406": 1, "V05412": 1, "V05422": 5, "V05424": 1, "V05427": 0, "V05409": 1, "V05415": 0, "V05418": 0, "V05430": 4, "V05433": 0, "criancas_0a4": 43, "em_favela": true }, "geometry": { "type": "Polygon", "coordinates": [ [ [ -46.532256, -23.613691 ], [ -46.532229, -23.614095 ], [ -46.532672, -23.614127 ], [ -46.533641, -23.614323 ], [ -46.53441, -23.614376 ], [ -46.535063, -23.614049 ], [ -46.535438, -23.613762 ], [ -46.536054, -23.613464 ], [ -46.535815, -23.61336 ], [ -46.532256, -23.613691 ] ] ] } },
{ "type": "Feature", "properties": { "CD_SETOR": "355030872000235", "faces": 7, "pavimentada": 28.57, "bueiro": 57.14, "iluminacao": 100.0, "onibus": 28.57, "ciclovia": 0.0, "calcada": 0.0, "obstaculo": null, "rampa": null, "rampa_faces": 0.0, "sem_calcada": 100.0, "sem_arvore": 100.0, "muitas_arvores": 0.0, "vao": 28.57, "V05400": 7, "V05421": 0, "V05406": 2, "V05412": 7, "V05422": 7, "V05424": 0, "V05427": 0, "V05409": 4, "V05415": 2, "V05418": 0, "V05430": 7, "V05433": 0, "criancas_0a4": 43, "em_favela": true }, "geometry": { "type": "Polygon", "coordinates": [ [ [ -46.541891, -23.609394 ], [ -46.540978, -23.610015 ], [ -46.541307, -23.610012 ], [ -46.541365, -23.610057 ], [ -46.544529, -23.608115 ], [ -46.544424, -23.60792 ], [ -46.541891, -23.609394 ] ] ] } },
{ "type": "Feature", "properties": { "CD_SETOR": "355030872000236", "faces": 2, "pavimentada": 100.0, "bueiro": 50.0, "iluminacao": 100.0, "onibus": 0.0, "ciclovia": 0.0, "calcada": 50.0, "obstaculo": 100.0, "rampa": 0.0, "rampa_faces": 0.0, "sem_calcada": 50.0, "sem_arvore": 100.0, "muitas_arvores": 0.0, "vao": 100.0, "V05400": 2, "V05421": 1, "V05406": 2, "V05412": 2, "V05422": 1, "V05424": 1, "V05427": 0, "V05409": 1, "V05415": 0, "V05418": 0, "V05430": 2, "V05433": 0, "criancas_0a4": 78, "em_favela": true }, "geometry": { "type": "Polygon", "coordinates": [ [ [ -46.540978, -23.610015 ], [ -46.53813, -23.611787 ], [ -46.538065, -23.61184 ], [ -46.538, -23.612075 ], [ -46.537503, -23.61238 ], [ -46.53767, -23.612481 ], [ -46.538058, -23.612293 ], [ -46.538687, -23.611801 ], [ -46.539679, -23.611161 ], [ -46.539867, -23.610988 ], [ -46.541365, -23.610057 ], [ -46.541307, -23.610012 ], [ -46.540978, -23.610015 ] ] ] } },
{ "type": "Feature", "properties": { "CD_SETOR": "355030872000237", "faces": 4, "pavimentada": 100.0, "bueiro": 50.0, "iluminacao": 100.0, "onibus": 0.0, "ciclovia": 0.0, "calcada": 50.0, "obstaculo": 100.0, "rampa": 0.0, "rampa_faces": 0.0, "sem_calcada": 50.0, "sem_arvore": 75.0, "muitas_arvores": 0.0, "vao": 100.0, "V05400": 4, "V05421": 2, "V05406": 4, "V05412": 4, "V05422": 2, "V05424": 2, "V05427": 0, "V05409": 2, "V05415": 0, "V05418": 0, "V05430": 3, "V05433": 0, "criancas_0a4": 3, "em_favela": true }, "geometry": { "type": "Polygon", "coordinates": [ [ [ -46.537526, -23.611387 ], [ -46.53754, -23.611776 ], [ -46.537841, -23.612152 ], [ -46.53795, -23.612117 ], [ -46.538038, -23.612031 ], [ -46.538036, -23.611915 ], [ -46.53813, -23.611787 ], [ -46.540978, -23.610015 ], [ -46.541891, -23.609394 ], [ -46.541846, -23.60933 ], [ -46.541513, -23.60952 ], [ -46.541477, -23.609473 ], [ -46.540208, -23.610292 ], [ -46.540117, -23.610194 ], [ -46.539522, -23.610525 ], [ -46.53924, -23.610727 ], [ -46.539254, -23.61082 ], [ -46.538394, -23.611354 ], [ -46.538099, -23.6114 ], [ -46.538098, -23.611364 ], [ -46.537526, -23.611387 ] ] ] } },
{ "type": "Feature", "properties": { "CD_SETOR": "355030872000238", "faces": 12, "pavimentada": 50.0, "bueiro": 25.0, "iluminacao": 75.0, "onibus": 0.0, "ciclovia": 0.0, "calcada": 41.67, "obstaculo": 100.0, "rampa": 0.0, "rampa_faces": 0.0, "sem_calcada": 58.33, "sem_arvore": 66.67, "muitas_arvores": 8.33, "vao": 50.0, "V05400": 12, "V05421": 5, "V05406": 6, "V05412": 9, "V05422": 7, "V05424": 5, "V05427": 0, "V05409": 3, "V05415": 0, "V05418": 0, "V05430": 8, "V05433": 1, "criancas_0a4": 24, "em_favela": true }, "geometry": { "type": "Polygon", "coordinates": [ [ [ -46.53641, -23.611571 ], [ -46.536932, -23.612471 ], [ -46.537084, -23.612553 ], [ -46.537399, -23.612624 ], [ -46.53767, -23.612481 ], [ -46.537503, -23.61238 ], [ -46.537601, -23.612352 ], [ -46.537841, -23.612152 ], [ -46.537513, -23.611715 ], [ -46.537156, -23.611949 ], [ -46.536973, -23.61162 ], [ -46.53641, -23.611571 ] ] ] } },
{ "type": "Feature", "properties": { "CD_SETOR": "355030872000239", "faces": 6, "pavimentada": 100.0, "bueiro": 66.67, "iluminacao": 100.0, "onibus": 16.67, "ciclovia": 0.0, "calcada": 83.33, "obstaculo": 80.0, "rampa": 20.0, "rampa_faces": 16.67, "sem_calcada": 16.67, "sem_arvore": 66.67, "muitas_arvores": 16.67, "vao": 83.33, "V05400": 6, "V05421": 5, "V05406": 6, "V05412": 6, "V05422": 1, "V05424": 4, "V05427": 1, "V05409": 4, "V05415": 1, "V05418": 0, "V05430": 4, "V05433": 1, "criancas_0a4": 27, "em_favela": false }, "geometry": { "type": "Polygon", "coordinates": [ [ [ -46.533347, -23.587251 ], [ -46.53412, -23.589096 ], [ -46.533349, -23.589406 ], [ -46.533413, -23.589551 ], [ -46.533508, -23.589574 ], [ -46.535322, -23.588864 ], [ -46.533853, -23.587047 ], [ -46.533347, -23.587251 ] ] ] } },
{ "type": "Feature", "properties": { "CD_SETOR": "355030872000240", "faces": 2, "pavimentada": 100.0, "bueiro": 50.0, "iluminacao": 100.0, "onibus": 50.0, "ciclovia": 0.0, "calcada": 50.0, "obstaculo": 100.0, "rampa": 0.0, "rampa_faces": 0.0, "sem_calcada": 50.0, "sem_arvore": 50.0, "muitas_arvores": 50.0, "vao": 100.0, "V05400": 2, "V05421": 1, "V05406": 2, "V05412": 2, "V05422": 1, "V05424": 1, "V05427": 0, "V05409": 1, "V05415": 1, "V05418": 0, "V05430": 1, "V05433": 1, "criancas_0a4": 24, "em_favela": false }, "geometry": { "type": "Polygon", "coordinates": [ [ [ -46.532902, -23.587429 ], [ -46.532736, -23.58887 ], [ -46.533832, -23.588416 ], [ -46.533347, -23.587251 ], [ -46.532902, -23.587429 ] ] ] } },
{ "type": "Feature", "properties": { "CD_SETOR": "355030872000241", "faces": 2, "pavimentada": 100.0, "bueiro": 100.0, "iluminacao": 100.0, "onibus": 50.0, "ciclovia": 0.0, "calcada": 100.0, "obstaculo": 0.0, "rampa": 50.0, "rampa_faces": 50.0, "sem_calcada": 0.0, "sem_arvore": 50.0, "muitas_arvores": 50.0, "vao": 50.0, "V05400": 2, "V05421": 2, "V05406": 2, "V05412": 2, "V05422": 0, "V05424": 0, "V05427": 1, "V05409": 2, "V05415": 1, "V05418": 0, "V05430": 1, "V05433": 1, "criancas_0a4": 23, "em_favela": false }, "geometry": { "type": "Polygon", "coordinates": [ [ [ -46.554036, -23.58886 ], [ -46.554064, -23.589469 ], [ -46.554674, -23.589423 ], [ -46.554633, -23.58846 ], [ -46.554036, -23.58886 ] ] ] } },
{ "type": "Feature", "properties": { "CD_SETOR": "355030872000242", "faces": 2, "pavimentada": 100.0, "bueiro": 0.0, "iluminacao": 100.0, "onibus": 0.0, "ciclovia": 0.0, "calcada": 100.0, "obstaculo": 50.0, "rampa": 0.0, "rampa_faces": 0.0, "sem_calcada": 0.0, "sem_arvore": 50.0, "muitas_arvores": 0.0, "vao": 100.0, "V05400": 2, "V05421": 2, "V05406": 2, "V05412": 2, "V05422": 0, "V05424": 1, "V05427": 0, "V05409": 0, "V05415": 0, "V05418": 0, "V05430": 1, "V05433": 0, "criancas_0a4": 26, "em_favela": false }, "geometry": { "type": "Polygon", "coordinates": [ [ [ -46.554709, -23.584299 ], [ -46.555332, -23.584152 ], [ -46.555299, -23.583973 ], [ -46.555478, -23.583932 ], [ -46.555332, -23.583441 ], [ -46.554622, -23.583584 ], [ -46.554709, -23.584299 ] ] ] } },
{ "type": "Feature", "properties": { "CD_SETOR": "355030872000243", "faces": 2, "pavimentada": 100.0, "bueiro": 50.0, "iluminacao": 100.0, "onibus": 0.0, "ciclovia": 0.0, "calcada": 100.0, "obstaculo": 0.0, "rampa": 0.0, "rampa_faces": 0.0, "sem_calcada": 0.0, "sem_arvore": 100.0, "muitas_arvores": 0.0, "vao": 100.0, "V05400": 2, "V05421": 2, "V05406": 2, "V05412": 2, "V05422": 0, "V05424": 0, "V05427": 0, "V05409": 1, "V05415": 0, "V05418": 0, "V05430": 2, "V05433": 0, "criancas_0a4": 24, "em_favela": false }, "geometry": { "type": "Polygon", "coordinates": [ [ [ -46.554709, -23.584299 ], [ -46.554742, -23.584513 ], [ -46.554804, -23.584566 ], [ -46.555396, -23.58444 ], [ -46.555332, -23.584152 ], [ -46.554709, -23.584299 ] ] ] } },
{ "type": "Feature", "properties": { "CD_SETOR": "355030872000244", "faces": 3, "pavimentada": 100.0, "bueiro": 33.33, "iluminacao": 100.0, "onibus": 33.33, "ciclovia": 0.0, "calcada": 100.0, "obstaculo": 66.67, "rampa": 33.33, "rampa_faces": 33.33, "sem_calcada": 0.0, "sem_arvore": 0.0, "muitas_arvores": 66.67, "vao": 66.67, "V05400": 3, "V05421": 3, "V05406": 3, "V05412": 3, "V05422": 0, "V05424": 2, "V05427": 1, "V05409": 1, "V05415": 1, "V05418": 0, "V05430": 0, "V05433": 2, "criancas_0a4": 27, "em_favela": false }, "geometry": { "type": "Polygon", "coordinates": [ [ [ -46.541867, -23.589007 ], [ -46.542013, -23.589312 ], [ -46.542252, -23.589223 ], [ -46.542459, -23.589677 ], [ -46.542714, -23.589319 ], [ -46.542314, -23.588383 ], [ -46.541867, -23.589007 ] ] ] } },
{ "type": "Feature", "properties": { "CD_SETOR": "355030872000245", "faces": 1, "pavimentada": 100.0, "bueiro": 0.0, "iluminacao": 100.0, "onibus": 100.0, "ciclovia": 0.0, "calcada": 100.0, "obstaculo": 0.0, "rampa": 100.0, "rampa_faces": 100.0, "sem_calcada": 0.0, "sem_arvore": 100.0, "muitas_arvores": 0.0, "vao": 0.0, "V05400": 1, "V05421": 1, "V05406": 1, "V05412": 1, "V05422": 0, "V05424": 0, "V05427": 1, "V05409": 0, "V05415": 1, "V05418": 0, "V05430": 1, "V05433": 0, "criancas_0a4": 25, "em_favela": false }, "geometry": { "type": "Polygon", "coordinates": [ [ [ -46.535157, -23.584614 ], [ -46.535181, -23.584721 ], [ -46.535569, -23.584603 ], [ -46.535541, -23.584459 ], [ -46.53616, -23.584247 ], [ -46.535884, -23.583705 ], [ -46.535157, -23.584614 ] ] ] } },
{ "type": "Feature", "properties": { "CD_SETOR": "355030872000246", "faces": 9, "pavimentada": 100.0, "bueiro": 11.11, "iluminacao": 100.0, "onibus": 0.0, "ciclovia": 0.0, "calcada": 100.0, "obstaculo": 33.33, "rampa": 0.0, "rampa_faces": 0.0, "sem_calcada": 0.0, "sem_arvore": 66.67, "muitas_arvores": 11.11, "vao": 100.0, "V05400": 9, "V05421": 9, "V05406": 9, "V05412": 9, "V05422": 0, "V05424": 3, "V05427": 0, "V05409": 1, "V05415": 0, "V05418": 0, "V05430": 6, "V05433": 1, "criancas_0a4": 33, "em_favela": false }, "geometry": { "type": "Polygon", "coordinates": [ [ [ -46.538144, -23.587024 ], [ -46.53912, -23.589256 ], [ -46.539577, -23.58885 ], [ -46.538796, -23.587064 ], [ -46.539203, -23.586913 ], [ -46.540683, -23.585592 ], [ -46.539883, -23.585196 ], [ -46.538958, -23.586027 ], [ -46.539082, -23.586336 ], [ -46.538404, -23.586627 ], [ -46.53827, -23.586759 ], [ -46.538144, -23.587024 ] ] ] } },
{ "type": "Feature", "properties": { "CD_SETOR": "355030872000247", "faces": 23, "pavimentada": 100.0, "bueiro": 4.35, "iluminacao": 100.0, "onibus": 0.0, "ciclovia": 0.0, "calcada": 95.65, "obstaculo": 13.64, "rampa": 0.0, "rampa_faces": 0.0, "sem_calcada": 4.35, "sem_arvore": 60.87, "muitas_arvores": 8.7, "vao": 100.0, "V05400": 23, "V05421": 22, "V05406": 23, "V05412": 23, "V05422": 1, "V05424": 3, "V05427": 0, "V05409": 1, "V05415": 0, "V05418": 0, "V05430": 14, "V05433": 2, "criancas_0a4": 26, "em_favela": false }, "geometry": { "type": "Polygon", "coordinates": [ [ [ -46.539577, -23.58885 ], [ -46.54166, -23.587007 ], [ -46.541023, -23.586426 ], [ -46.541129, -23.586331 ], [ -46.540305, -23.585938 ], [ -46.539203, -23.586913 ], [ -46.538796, -23.587064 ], [ -46.539577, -23.58885 ] ] ] } },
{ "type": "Feature", "properties": { "CD_SETOR": "355030872000248", "faces": 1, "pavimentada": 100.0, "bueiro": 100.0, "iluminacao": 100.0, "onibus": 0.0, "ciclovia": 0.0, "calcada": 100.0, "obstaculo": 0.0, "rampa": 0.0, "rampa_faces": 0.0, "sem_calcada": 0.0, "sem_arvore": 100.0, "muitas_arvores": 0.0, "vao": 100.0, "V05400": 1, "V05421": 1, "V05406": 1, "V05412": 1, "V05422": 0, "V05424": 0, "V05427": 0, "V05409": 1, "V05415": 0, "V05418": 0, "V05430": 1, "V05433": 0, "criancas_0a4": 6, "em_favela": false }, "geometry": { "type": "Polygon", "coordinates": [ [ [ -46.563412, -23.583379 ], [ -46.563733, -23.58376 ], [ -46.563973, -23.584206 ], [ -46.564168, -23.583579 ], [ -46.563729, -23.583097 ], [ -46.563412, -23.583379 ] ] ] } },
{ "type": "Feature", "properties": { "CD_SETOR": "355030872000249", "faces": 3, "pavimentada": 100.0, "bueiro": 100.0, "iluminacao": 100.0, "onibus": 66.67, "ciclovia": 33.33, "calcada": 100.0, "obstaculo": 0.0, "rampa": 100.0, "rampa_faces": 100.0, "sem_calcada": 0.0, "sem_arvore": 33.33, "muitas_arvores": 0.0, "vao": 0.0, "V05400": 3, "V05421": 3, "V05406": 3, "V05412": 3, "V05422": 0, "V05424": 0, "V05427": 3, "V05409": 3, "V05415": 2, "V05418": 1, "V05430": 1, "V05433": 0, "criancas_0a4": 14, "em_favela": false }, "geometry": { "type": "Polygon", "coordinates": [ [ [ -46.562846, -23.582836 ], [ -46.563064, -23.582966 ], [ -46.563412, -23.583379 ], [ -46.563729, -23.583097 ], [ -46.563805, -23.582471 ], [ -46.562906, -23.582377 ], [ -46.562846, -23.582836 ] ] ] } }
]
}
